customer_id,customer_no,first_name,last_name,email,phone,date_of_birth,gender,registration_date,status,created_at,updated_at
1,CUS-000001,Charles,Taylor,charles.taylor1@example.com,7546488418,1989-09-13,Male,2026-02-04,Active,2026-02-04 22:26:08,2026-02-04 22:26:08
2,CUS-000002,Valerie,Bryan,valerie.bryan2@example.com,366-699-1968x7394,1957-06-14,Male,2025-03-23,Active,2025-03-23 04:50:53,2025-03-23 04:50:53
3,CUS-000003,John,Gay,john.gay3@example.com,430.796.5122,1998-01-24,,2025-09-21,Active,2025-09-21 15:50:52,2025-09-21 15:50:52
4,CUS-000004,Sarah,Williams,sarah.williams4@example.com,001-929-762-7097,1956-07-11,Female,2024-10-08,Inactive,2024-10-08 04:28:13,2024-10-08 04:28:13
5,CUS-000005,Crystal,Powers,crystal.powers5@example.com,429-873-6169x8760,1992-07-24,Other,2023-11-15,Active,2023-11-15 01:09:29,2023-11-15 01:09:29
6,CUS-000006,Aaron,Crawford,aaron.crawford6@example.com,+1-815-913-8391,1993-10-06,Male,2023-10-09,Active,2023-10-09 19:31:54,2023-10-09 19:31:54
7,CUS-000007,Lisa,Graves,lisa.graves7@example.com,215-249-8992x31116,1965-09-08,Female,2025-03-18,Active,2025-03-18 19:53:25,2025-03-18 19:53:25
8,CUS-000008,Adrian,Morrison,adrian.morrison8@example.com,949.526.4428x993,2000-01-19,Male,2023-11-10,Active,2023-11-10 20:57:27,2023-11-10 20:57:27
9,CUS-000009,Logan,Hernandez,logan.hernandez9@example.com,(345)932-1111x37828,2007-03-28,Male,2025-10-01,Active,2025-10-01 00:13:27,2025-10-01 00:13:27
10,CUS-000010,Michelle,Rocha,michelle.rocha10@example.com,258.323.5846x42185,1978-02-15,Male,2024-10-30,Active,2024-10-30 02:26:25,2024-10-30 02:26:25
11,CUS-000011,Dorothy,Greene,dorothy.greene11@example.com,001-314-838-6064x91803,1960-05-25,Other,2023-08-12,Active,2023-08-12 16:20:32,2023-08-12 16:20:32
12,CUS-000012,Lindsey,Jennings,lindsey.jennings12@example.com,+1-836-938-4497,1963-03-13,Other,2026-03-29,Active,2026-03-29 04:06:33,2026-03-29 04:06:33
13,CUS-000013,Alyssa,Flores,alyssa.flores13@example.com,+1-628-699-0211,1988-03-17,Other,2025-02-07,Active,2025-02-07 05:48:19,2025-02-07 05:48:19
14,CUS-000014,Michael,Keith,michael.keith14@example.com,001-833-422-3901,2006-08-13,Male,2024-04-30,Active,2024-04-30 19:07:38,2024-04-30 19:07:38
15,CUS-000015,Nancy,Wells,nancy.wells15@example.com,(739)766-4501x85451,1995-10-27,Other,2023-11-27,Active,2023-11-27 14:01:03,2023-11-27 14:01:03
16,CUS-000016,John,Cline,john.cline16@example.com,+1-769-640-7353,1989-12-12,Other,2024-11-12,Active,2024-11-12 03:25:59,2024-11-12 03:25:59
17,CUS-000017,Sara,Porter,sara.porter17@example.com,001-430-827-7395x466,1989-03-27,Male,2025-07-09,Active,2025-07-09 23:39:43,2025-07-09 23:39:43
18,CUS-000018,Jeanette,Duncan,jeanette.duncan18@example.com,828.514.7704x545,2003-09-02,Female,2025-05-02,Active,2025-05-02 03:24:37,2025-05-02 03:24:37
19,CUS-000019,Zachary,Nelson,zachary.nelson19@example.com,346-719-0100x77753,1959-12-17,Other,2024-02-16,Active,2024-02-16 19:45:17,2024-02-16 19:45:17
20,CUS-000020,Alex,Mendez,alex.mendez20@example.com,(607)903-9346x5945,1976-12-18,Male,2023-06-17,Active,2023-06-17 18:06:29,2023-06-17 18:06:29
21,CUS-000021,Joshua,Logan,joshua.logan21@example.com,312-849-3334x10455,1972-07-16,Other,2026-05-17,Active,2026-05-17 00:46:34,2026-05-17 00:46:34
22,CUS-000022,Stacey,Johnson,stacey.johnson22@example.com,347.924.8972,1992-07-16,Female,2023-06-12,Active,2023-06-12 22:19:52,2023-06-12 22:19:52
23,CUS-000023,Patrick,Burke,patrick.burke23@example.com,(796)799-7252,1998-07-17,Other,2023-12-23,Active,2023-12-23 08:51:39,2023-12-23 08:51:39
24,CUS-000024,Nathan,Sellers,NATHAN.SELLERS24 @ EXAMPLE.COM,(409)501-0393x2061,1990-11-10,Male,2023-08-10,Active,2023-08-10 14:08:32,2023-08-10 14:08:32
25,CUS-000025,Heidi,Lopez,heidi.lopez25@example.com,352.929.5312,1987-03-07,Other,2025-01-13,Active,2025-01-13 19:31:21,2025-01-13 19:31:21
26,CUS-000026,Shannon,Gonzalez,shannon.gonzalez26@example.com,,1998-06-29,Female,2025-02-03,Active,2025-02-03 19:51:58,2025-02-03 19:51:58
27,CUS-000027,Kimberly,Hughes,kimberly.hughes27@example.com,(977)874-0484x8654,1980-04-16,Male,2024-07-31,Active,2024-07-31 17:18:06,2024-07-31 17:18:06
28,CUS-000028,Daniel,Henry,daniel.henry28@example.com,001-564-660-0406x5750,1967-04-04,Female,2024-03-08,Active,2024-03-08 17:15:13,2024-03-08 17:15:13
29,CUS-000029,Jill,Brown,jill.brown29@example.com,507-882-2992x90641,1980-08-04,Other,2023-10-03,Active,2023-10-03 11:15:14,2023-10-03 11:15:14
30,CUS-000030,Amber,Mcdaniel,amber.mcdaniel30@example.com,752.297.3116x1921,1967-04-29,Male,2023-12-09,Active,2023-12-09 13:20:53,2023-12-09 13:20:53
31,CUS-000031,Derek,Browning,derek.browning31@example.com,,1966-04-30,Male,2024-06-05,Inactive,2024-06-05 05:32:01,2024-06-05 05:32:01
32,CUS-000032,Michael,Black,michael.black32@example.com,001-627-220-7045x6762,1999-04-13,Male,2025-07-01,Active,2025-07-01 13:27:22,2025-07-01 13:27:22
33,CUS-000033,Brittany,Hart,brittany.hart33@example.com,001-930-687-9684x468,1960-07-10,Female,2026-03-02,Inactive,2026-03-02 23:52:01,2026-03-02 23:52:01
34,CUS-000034,Amanda,Rodriguez,amanda.rodriguez34@example.com,215.355.4975x2754,1967-03-12,Male,2024-09-03,Active,2024-09-03 12:44:05,2024-09-03 12:44:05
35,CUS-000035,Lucas,King,lucas.king35@example.com,984.893.6266x4019,2002-02-04,Male,2024-06-05,Active,2024-06-05 16:32:47,2024-06-05 16:32:47
36,CUS-000036,Gregory,Smith,gregory.smith36@example.com,2587895514,1960-09-20,Female,2025-04-29,Active,2025-04-29 08:25:30,2025-04-29 08:25:30
37,CUS-000037,Martin,Torres,martin.torres37@example.com,3827984218,1986-02-04,Male,2024-11-01,Active,2024-11-01 22:03:20,2024-11-01 22:03:20
38,CUS-000038,Nicholas,Holland,nicholas.holland38@example.com,+1-567-492-9637,1989-03-11,Male,2024-10-18,Active,2024-10-18 12:16:55,2024-10-18 12:16:55
39,CUS-000039,Rebecca,Burke,rebecca.burke39@example.com,926.711.1735,1971-07-01,Female,2025-10-01,Active,2025-10-01 16:02:56,2025-10-01 16:02:56
40,CUS-000040,Alexandra,Ward,alexandra.ward40@example.com,341-595-9862,1998-12-16,Female,2024-02-14,Active,2024-02-14 18:06:15,2024-02-14 18:06:15
41,CUS-000041,Rachel,Hunter,rachel.hunter41@example.com,510.681.9329,1984-10-02,Female,2025-02-06,Inactive,2025-02-06 07:00:21,2025-02-06 07:00:21
42,CUS-000042,Ian,Wolfe,ian.wolfe42@example.com,(671)409-1455x879,1992-12-08,Female,2025-03-24,Active,2025-03-24 12:12:14,2025-03-24 12:12:14
43,CUS-000043,Michael,Johnson,michael.johnson43@example.com,4009479094,2009-06-26,Male,2023-12-12,Active,2023-12-12 10:39:53,2023-12-12 10:39:53
44,CUS-000044,Margaret,Rodriguez,margaret.rodriguez44@example.com,921-763-8583,1959-03-18,Male,2024-04-16,Inactive,2024-04-16 13:00:18,2024-04-16 13:00:18
45,CUS-000045,John,Moore,john.moore45@example.com,+1-592-555-0565x5413,1986-03-22,Male,2025-08-02,Active,2025-08-02 20:55:45,2025-08-02 20:55:45
46,CUS-000046,James,Scott,james.scott46@example.com,+1-944-661-4544,1972-09-11,Male,2024-04-05,Active,2024-04-05 18:46:32,2024-04-05 18:46:32
47,CUS-000047,Jennifer,Garcia,jennifer.garcia47@example.com,001-644-360-5999x18828,1957-03-30,Other,2025-03-05,Inactive,2025-03-05 12:28:34,2025-03-05 12:28:34
48,CUS-000048,Lisa,Moreno,lisa.moreno48@example.com,(970)282-3508x8056,1956-03-13,Male,2024-11-06,Inactive,2024-11-06 10:59:51,2024-11-06 10:59:51
49,CUS-000049,David,Hampton,david.hampton49@example.com,+1-769-732-6865x65146,1988-11-13,Female,2024-04-23,Active,2024-04-23 07:56:21,2024-04-23 07:56:21
50,CUS-000050,Derrick,Perez,derrick.perez50@example.com,513.346.0432x7656,2007-01-17,Male,2024-07-20,Active,2024-07-20 00:06:06,2024-07-20 00:06:06
51,CUS-000051,Luis,Sanchez,luis.sanchez51@example.com,001-557-564-9843,2007-09-10,Male,2024-03-04,Active,2024-03-04 22:40:55,2024-03-04 22:40:55
52,CUS-000052,Ian,Neal,ian.neal52@example.com,2477149692,2006-11-20,Male,2025-02-07,Active,2025-02-07 20:46:26,2025-02-07 20:46:26
53,CUS-000053,Holly,King,holly.king53@example.com,001-980-973-2397x0766,1967-03-13,Male,2024-02-07,Active,2024-02-07 12:34:37,2024-02-07 12:34:37
54,CUS-000054,Margaret,Hoover,margaret.hoover54@example.com,(398)355-0823,1969-08-23,Other,2025-07-08,Active,2025-07-08 15:50:20,2025-07-08 15:50:20
55,CUS-000055,Ryan,Campos,ryan.campos55@example.com,722-548-9789,1968-04-24,Other,2025-02-17,Active,2025-02-17 22:07:50,2025-02-17 22:07:50
56,CUS-000056,Krista,Rodriguez,krista.rodriguez56@example.com,423-737-2722,1974-02-27,,2026-05-18,Inactive,2026-05-18 17:02:18,2026-05-18 17:02:18
57,CUS-000057,Linda,Oliver,linda.oliver57@example.com,(230)233-2284,1957-10-01,Other,2024-06-12,Suspended,2024-06-12 20:42:51,2024-06-12 20:42:51
58,CUS-000058,Nicholas,Barrett,nicholas.barrett58@example.com,(273)409-6324,1995-09-26,Female,2025-05-15,Active,2025-05-15 08:20:37,2025-05-15 08:20:37
59,CUS-000059,Amy,Green,amy.green59@example.com,2837669121,1994-12-02,Female,2023-11-30,active,2023-11-30 09:46:28,2023-11-30 09:46:28
60,CUS-000060,Kevin,Phillips,kevin.phillips60@example.com,(642)460-7652x4187,1961-04-17,Other,2023-07-13,Active,2023-07-13 02:36:39,2023-07-13 02:36:39
61,CUS-000061,Felicia,Ayers,felicia.ayers61@example.com,346-988-5740x986,1985-08-01,Other,2024-08-28,Active,2024-08-28 11:02:50,2024-08-28 11:02:50
62,CUS-000062,Jessica,Calhoun,jessica.calhoun62@example.com,(971)274-2029,1966-08-25,Female,2025-05-17,Active,2025-05-17 19:23:51,2025-05-17 19:23:51
63,CUS-000063,Christian,Phelps,christian.phelps63@example.com,,1964-08-10,Female,2024-09-26,Active,2024-09-26 16:01:48,2024-09-26 16:01:48
64,CUS-000064,Timothy,Munoz,timothy.munoz64@example.com,+1-786-719-8689x5526,1959-05-21,Other,2023-07-23,Active,2023-07-23 21:54:36,2023-07-23 21:54:36
65,CUS-000065,Richard,Berry,richard.berry65@example.com,+1-478-460-9354x5044,2004-08-31,Male,2023-12-25,Active,2023-12-25 04:18:28,2023-12-25 04:18:28
66,CUS-000066,Julia,Gregory,julia.gregory66@example.com,(781)436-6707,2004-06-20,Other,2025-06-12,Active,2025-06-12 18:12:21,2025-06-12 18:12:21
67,CUS-000067,Aaron,Wilson,aaron.wilson67@example.com,725.734.5327x4148,1958-02-09,Female,2024-09-24,Active,2024-09-24 11:48:39,2024-09-24 11:48:39
68,CUS-000068,Judith,Baker,judith.baker68@example.com,752-398-2926x278,1998-12-13,Other,2023-08-31,Active,2023-08-31 12:17:37,2023-08-31 12:17:37
69,CUS-000069,Lance,Knight,lance.knight69@example.com,983-245-4055x1646,1976-07-01,Female,2026-03-25,Inactive,2026-03-25 00:07:43,2026-03-25 00:07:43
70,CUS-000070,Sandra,Morgan,sandra.morgan70@example.com,(966)276-1522x363,1970-09-22,Other,2025-11-15,Inactive,2025-11-15 15:38:55,2025-11-15 15:38:55
71,CUS-000071,Douglas,Reid,douglas.reid71@example.com,(694)580-0559,2007-12-11,Other,2025-01-16,Active,2025-01-16 03:17:18,2025-01-16 03:17:18
72,CUS-000072,Louis,Johnson,louis.johnson72@example.com,401.812.8668,1961-07-24,Male,2026-01-31,Inactive,2026-01-31 10:31:13,2026-01-31 10:31:13
73,CUS-000073,Mark,Smith,mark.smith73@example.com,526-514-7315,1972-01-07,Other,2024-04-05,Active,2024-04-05 13:23:40,2024-04-05 13:23:40
74,CUS-000074,Tamara,Clark,tamara.clark74@example.com,(925)806-4200,1957-12-27,Female,2024-03-03,ACTIVE,2024-03-03 13:59:34,2024-03-03 13:59:34
75,CUS-000075,Eddie,Lang,eddie.lang75@example.com,(268)246-8864,1974-10-09,,2024-12-06,Active,2024-12-06 01:02:25,2024-12-06 01:02:25
76,CUS-000076,Cynthia,Rodriguez,cynthia.rodriguez76@example.com,,1978-08-23,Other,2025-02-09,Active,2025-02-09 05:45:32,2025-02-09 05:45:32
77,CUS-000077,Matthew,Bates,matthew.bates77@example.com,(784)905-1568x7256,1970-08-04,Other,2024-02-02,Suspended,2024-02-02 17:37:48,2024-02-02 17:37:48
78,CUS-000078,Jacqueline,Morris,jacqueline.morris78@example.com,001-583-708-7056x430,1977-12-16,Other,2023-08-31,Active,2023-08-31 06:56:08,2023-08-31 06:56:08
79,CUS-000079,Craig,Trujillo,craig.trujillo79@example.com,+1-648-419-4375,1981-07-22,Male,2024-04-24,Active,2024-04-24 07:33:05,2024-04-24 07:33:05
80,CUS-000080,Rachel,Morales,rachel.morales80@example.com,582-829-0740x196,1963-02-07,Other,2023-12-28,Active,2023-12-28 20:35:06,2023-12-28 20:35:06
81,CUS-000081,Dana,Combs,dana.combs81@example.com,001-839-304-9698x71591,1994-02-16,Female,2025-06-10,Active,2025-06-10 12:25:05,2025-06-10 12:25:05
82,CUS-000082,Wanda,Jackson,wanda.jackson82@example.com,+1-219-787-9769x27528,1995-08-14,Female,2026-04-29,Active,2026-04-29 02:06:38,2026-04-29 02:06:38
83,CUS-000083,Garrett,Neal,garrett.neal83@example.com,,1999-01-12,Male,2024-10-01,Suspended,2024-10-01 20:06:29,2024-10-01 20:06:29
84,CUS-000084,Dawn,Jenkins,dawn.jenkins84@example.com,+1-887-339-9817x2068,1993-03-21,Male,2024-10-21,Inactive,2024-10-21 11:34:09,2024-10-21 11:34:09
85,CUS-000085,Ronald,Lee,RONALD.LEE85 @ EXAMPLE.COM,001-897-764-0269x462,1977-12-18,Female,2025-01-30,Active,2025-01-30 05:08:29,2025-01-30 05:08:29
86,CUS-000086,Christine,Mckenzie,christine.mckenzie86@example.com,340.478.9735x1234,1961-08-08,Other,2024-07-06,Suspended,2024-07-06 11:09:46,2024-07-06 11:09:46
87,CUS-000087,Stephanie,Trevino,stephanie.trevino87@example.com,437-490-6370x61108,1993-12-06,Male,2023-08-30,Active,2023-08-30 10:15:16,2023-08-30 10:15:16
88,CUS-000088,David,Morales,david.morales88@example.com,557.522.7530,2007-01-12,Male,2025-12-31,Active,2025-12-31 13:40:01,2025-12-31 13:40:01
89,CUS-000089,Grace,Taylor,grace.taylor89@example.com,346-471-5753,1998-11-28,,2023-11-10,Active,2023-11-10 05:55:48,2023-11-10 05:55:48
90,CUS-000090,George,Burke,george.burke90@example.com,768-368-4355x12022,2000-11-25,Female,2024-12-03,Active,2024-12-03 09:08:07,2024-12-03 09:08:07
91,CUS-000091,Jeffrey,Williams,jeffrey.williams91@example.com,001-614-235-8321x2872,1997-03-22,Male,2024-12-14,Active,2024-12-14 16:31:46,2024-12-14 16:31:46
92,CUS-000092,Theodore,Manning,theodore.manning92@example.com,926.677.2233,2004-05-17,Other,2025-01-19,Active,2025-01-19 15:04:38,2025-01-19 15:04:38
93,CUS-000093,Kristin,Richards,kristin.richards93@example.com,752.747.0494,1997-05-11,Other,2025-04-30,Active,2025-04-30 23:54:45,2025-04-30 23:54:45
94,CUS-000094,Victor,Collins,victor.collins94@example.com,489-390-3890x5554,1997-09-21,,2025-05-04,Inactive,2025-05-04 21:40:39,2025-05-04 21:40:39
95,CUS-000095,Janet,Bennett,janet.bennett95@example.com,,1959-05-05,Female,2024-09-20,Active,2024-09-20 15:53:47,2024-09-20 15:53:47
96,CUS-000096,Kristine,Garcia,kristine.garcia96@example.com,(625)666-9803,2002-11-08,Female,2023-11-05,Active,2023-11-05 04:38:11,2023-11-05 04:38:11
97,CUS-000097,Luis,Bell,luis.bell97@example.com,(262)997-8741x70741,1958-10-01,Other,2025-07-28,Active,2025-07-28 01:04:54,2025-07-28 01:04:54
98,CUS-000098,Jeffrey,Bell,jeffrey.bell98@example.com,,1963-08-15,Other,2025-12-31,Active,2025-12-31 05:56:57,2025-12-31 05:56:57
99,CUS-000099,Tyler,Bailey,tyler.bailey99@example.com,001-793-737-1043x373,1997-10-18,Other,2026-01-06,Active,2026-01-06 11:00:42,2026-01-06 11:00:42
100,CUS-000100,Ronald,Sanchez,ronald.sanchez100@example.com,4526941577,1969-04-19,Other,2025-01-30,inactive,2025-01-30 05:01:26,2025-01-30 05:01:26
101,CUS-000101,Tracy,Leach,tracy.leach101@example.com,(993)277-8215x766,1986-03-01,Female,2024-08-15,Active,2024-08-15 02:56:26,2024-08-15 02:56:26
102,CUS-000102,Kathryn,Smith,kathryn.smith102@example.com,923.763.7129,1959-09-05,,2025-04-09,Active,2025-04-09 15:42:53,2025-04-09 15:42:53
103,CUS-000103,Alicia,Terry,alicia.terry103@example.com,622-489-9691,2009-03-30,Other,2025-10-03,Active,2025-10-03 23:15:46,2025-10-03 23:15:46
104,CUS-000104,Jason,Bradley,jason.bradley104@example.com,708-566-6703x2455,1980-11-15,Female,2024-01-03,Active,2024-01-03 23:38:00,2024-01-03 23:38:00
105,CUS-000105,Samantha,Hurst,samantha.hurst105@example.com,7432095390,2000-11-09,Other,2024-07-01,Active,2024-07-01 15:35:11,2024-07-01 15:35:11
106,CUS-000106,Joseph,Lam,joseph.lam106@example.com,7933077119,1993-08-16,Male,2024-05-29,Active,2024-05-29 10:11:50,2024-05-29 10:11:50
107,CUS-000107,Elizabeth,Reyes,elizabeth.reyes107@example.com,652.908.4404x2670,1974-04-11,Other,2024-09-11,Active,2024-09-11 00:25:34,2024-09-11 00:25:34
108,CUS-000108,James,Smith,james.smith108@example.com,779-771-1355,2000-07-01,Male,2025-07-24,Inactive,2025-07-24 11:44:56,2025-07-24 11:44:56
109,CUS-000109,Rebecca,Campbell,rebecca.campbell109@example.com,283.639.4768x50865,1998-07-17,,2025-03-16,Active,2025-03-16 23:24:19,2025-03-16 23:24:19
110,CUS-000110,Michael,Bowman,michael.bowman110@example.com,892.200.0953x276,2000-05-01,Male,2026-04-09,Active,2026-04-09 06:14:08,2026-04-09 06:14:08
111,CUS-000111,Nicole,Burns,nicole.burns111@example.com,759.906.0790,2001-03-13,Other,2025-06-23,Active,2025-06-23 23:44:34,2025-06-23 23:44:34
112,CUS-000112,Michael,Coleman,michael.coleman112@example.com,771.622.0450x900,1956-05-24,Other,2023-10-03,Active,2023-10-03 04:29:06,2023-10-03 04:29:06
113,CUS-000113,Elizabeth,Powell,elizabeth.powell113@example.com,001-908-446-8527x62588,1960-08-21,Male,2023-09-26,Active,2023-09-26 17:03:58,2023-09-26 17:03:58
114,CUS-000114,Jacob,Taylor,jacob.taylor114@example.com,(548)742-1618x65029,1998-07-19,Male,2025-03-24,Active,2025-03-24 20:13:43,2025-03-24 20:13:43
115,CUS-000115,Kevin,Hernandez,kevin.hernandez115@example.com,386.683.0152x37240,1967-08-30,Other,2026-03-25,Active,2026-03-25 08:55:34,2026-03-25 08:55:34
116,CUS-000116,Ashley,Reeves,ashley.reeves116@example.com,(932)311-8051x26803,1975-05-16,Other,2024-08-08,Active,2024-08-08 08:47:43,2024-08-08 08:47:43
117,CUS-000117,James,Johnson,james.johnson117@example.com,001-989-722-0340,1971-02-15,Female,2026-04-27,Active,2026-04-27 04:53:11,2026-04-27 04:53:11
118,CUS-000118,April,Nichols,april.nichols118@example.com,001-542-882-5886x1775,1960-04-24,Other,2025-05-24,Active,2025-05-24 23:52:26,2025-05-24 23:52:26
119,CUS-000119,Steven,Baker,steven.baker119@example.com,998.842.2051x5412,1962-02-08,Other,2025-09-22,Active,2025-09-22 06:44:36,2025-09-22 06:44:36
120,CUS-000120,Kevin,Conway,kevin.conway120@example.com,453-748-8778,1956-07-11,Female,2024-07-03,Active,2024-07-03 10:47:47,2024-07-03 10:47:47
121,CUS-000121,Ryan,Lyons,ryan.lyons121@example.com,257-551-9645,2008-12-30,Male,2024-07-21,Active,2024-07-21 12:23:08,2024-07-21 12:23:08
122,CUS-000122,Alyssa,Holder,alyssa.holder122@example.com,(785)355-1911x066,1971-12-20,Male,2023-09-24,Active,2023-09-24 14:41:15,2023-09-24 14:41:15
123,CUS-000123,Ernest,Parker,ernest.parker123@example.com,3043737499,1978-10-26,Female,2024-06-01,ACTIVE,2024-06-01 03:08:10,2024-06-01 03:08:10
124,CUS-000124,Charlene,Johnson,charlene.johnson124@example.com,723.662.3546x520,1984-03-31,Other,2024-08-07,Active,2024-08-07 18:43:22,2024-08-07 18:43:22
125,CUS-000125,Julie,Moore,julie.moore125@example.com,001-370-582-6000x659,1998-03-28,Male,2024-09-25,ACTIVE,2024-09-25 20:01:49,2024-09-25 20:01:49
126,CUS-000126,Amy,Norman,amy.norman126@example.com,001-348-764-0357,1964-08-09,Female,2025-03-20,Active,2025-03-20 18:40:14,2025-03-20 18:40:14
127,CUS-000127,Caroline,Parker,caroline.parker127@example.com,318.580.5675x152,2004-09-23,Male,2025-02-28,Inactive,2025-02-28 15:29:54,2025-02-28 15:29:54
128,CUS-000128,Rebecca,Rose,rebecca.rose128@example.com,(667)910-0391x8163,1968-01-15,Female,2024-12-25,Active,2024-12-25 13:13:21,2024-12-25 13:13:21
129,CUS-000129,Joseph,Edwards,joseph.edwards129@example.com,+1-235-948-0920x69249,1986-10-16,Other,2023-08-02,Active,2023-08-02 02:52:22,2023-08-02 02:52:22
130,CUS-000130,Amanda,Tate,amanda.tate130@example.com,(487)553-0896x941,1991-03-21,Other,2023-08-01,Inactive,2023-08-01 14:03:36,2023-08-01 14:03:36
131,CUS-000131,Rachel,Wyatt,rachel.wyatt131@example.com,367.568.3069,1987-02-07,Female,2023-07-18,Active,2023-07-18 11:53:55,2023-07-18 11:53:55
132,CUS-000132,Sarah,Cline,sarah.cline132@example.com,754-806-3352x81859,1955-07-11,Male,2024-06-21,ACTIVE,2024-06-21 07:50:48,2024-06-21 07:50:48
133,CUS-000133,Jessica,Moore,jessica.moore133@example.com,(889)277-1375,1997-09-22,Female,2023-12-02,Active,2023-12-02 11:21:57,2023-12-02 11:21:57
134,CUS-000134,Jacob,Barrera,jacob.barrera134@example.com,001-896-614-1877x9863,1958-10-20,Female,2024-08-24,Active,2024-08-24 06:40:37,2024-08-24 06:40:37
135,CUS-000135,Alexis,Duncan,alexis.duncan135@example.com,865.265.1721x86869,1963-02-12,Female,2025-08-24,Active,2025-08-24 01:42:56,2025-08-24 01:42:56
136,CUS-000136,Angelica,Mcdonald,angelica.mcdonald136@example.com,745-935-7441x9798,1982-07-23,Male,2025-12-30,ACTIVE,2025-12-30 14:08:34,2025-12-30 14:08:34
137,CUS-000137,Jason,Mendez,jason.mendez137@example.com,(283)872-2078,1977-03-08,Other,2025-06-17,Active,2025-06-17 12:31:18,2025-06-17 12:31:18
138,CUS-000138,Elaine,Rose,elaine.rose138@example.com,900-962-3847x63381,2004-07-25,Male,2025-08-01,Active,2025-08-01 22:15:14,2025-08-01 22:15:14
139,CUS-000139,Stephanie,Stewart,stephanie.stewart139@example.com,(551)745-4540,1970-08-24,Other,2025-10-05,Active,2025-10-05 02:11:46,2025-10-05 02:11:46
140,CUS-000140,Angela,Clark,angela.clark140@example.com,+1-282-405-7718x72393,1964-12-30,Other,2024-09-29,Active,2024-09-29 01:03:54,2024-09-29 01:03:54
141,CUS-000141,Kaitlin,Jones,kaitlin.jones141@example.com,(441)370-1499x89473,1998-02-14,Other,2023-10-23,Inactive,2023-10-23 03:51:19,2023-10-23 03:51:19
142,CUS-000142,Suzanne,Smith,suzanne.smith142@example.com,(756)241-1150,1970-01-26,Female,2025-10-10,Inactive,2025-10-10 03:40:59,2025-10-10 03:40:59
143,CUS-000143,Raymond,Davis,raymond.davis143@example.com,4044125761,1993-05-25,Female,2024-05-22,active,2024-05-22 06:08:29,2024-05-22 06:08:29
144,CUS-000144,Bradley,Tate,bradley.tate144@example.com,366.544.2334x42591,1970-11-28,Other,2024-01-28,Active,2024-01-28 17:13:50,2024-01-28 17:13:50
145,CUS-000145,Michael,Maddox,michael.maddox145@example.com,442-257-9457,1956-12-25,Male,2024-09-08,Active,2024-09-08 11:10:42,2024-09-08 11:10:42
146,CUS-000146,Caitlin,Bryant,caitlin.bryant146@example.com,558.563.2613x5618,1983-11-05,Male,2024-07-22,Active,2024-07-22 00:54:34,2024-07-22 00:54:34
147,CUS-000147,Juan,Ramos,juan.ramos147@example.com,+1-588-322-0516x8330,1958-04-06,Other,2023-11-15,Active,2023-11-15 04:32:16,2023-11-15 04:32:16
148,CUS-000148,Jeffrey,Young,jeffrey.young148@example.com,+1-388-650-5459,1982-02-12,Other,2025-05-01,Active,2025-05-01 21:18:07,2025-05-01 21:18:07
149,CUS-000149,Elizabeth,Walters,elizabeth.walters149@example.com,900-701-4740,2007-08-07,Other,2024-12-25,Active,2024-12-25 18:35:36,2024-12-25 18:35:36
150,CUS-000150,Sabrina,Silva,sabrina.silva150@example.com,+1-238-892-1339x018,1963-04-10,Male,2023-09-13,Active,2023-09-13 04:29:04,2023-09-13 04:29:04
151,CUS-000151,Russell,Ewing,russell.ewing151@example.com,+1-898-463-2823x39415,1967-08-09,Female,2024-10-02,Active,2024-10-02 02:27:11,2024-10-02 02:27:11
152,CUS-000152,Lisa,Harris,lisa.harris152@example.com,001-339-871-5842x79832,2007-08-11,Female,2023-11-27,Active,2023-11-27 19:17:20,2023-11-27 19:17:20
153,CUS-000153,Justin,Chambers,justin.chambers153@example.com,2253299383,1960-01-09,Male,2024-07-15,Active,2024-07-15 23:49:38,2024-07-15 23:49:38
154,CUS-000154,Douglas,Thomas,douglas.thomas154@example.com,+1-385-966-6039x1370,1975-07-02,Female,2025-03-03,inactive,2025-03-03 14:38:16,2025-03-03 14:38:16
155,CUS-000155,Holly,Smith,holly.smith155@example.com,517.545.5382x9030,1982-08-09,Male,2026-05-27,Active,2026-05-27 00:07:04,2026-05-27 00:07:04
156,CUS-000156,Michelle,Young,michelle.young156@example.com,995-401-4854x92245,2000-10-11,Female,2025-07-23,Active,2025-07-23 09:08:00,2025-07-23 09:08:00
157,CUS-000157,Deborah,Erickson,deborah.erickson157@example.com,432-626-8845x94937,1967-07-25,Other,2025-10-22,Active,2025-10-22 10:59:31,2025-10-22 10:59:31
158,CUS-000158,Vincent,Norman,vincent.norman158@example.com,+1-626-239-2376x7753,1971-07-15,Male,2025-04-13,Inactive,2025-04-13 06:54:14,2025-04-13 06:54:14
159,CUS-000159,John,Chapman,john.chapman159@example.com,001-802-514-1059x22126,1960-01-16,Female,2025-12-17,ACTIVE,2025-12-17 02:46:42,2025-12-17 02:46:42
160,CUS-000160,Michael,Bird,michael.bird160@example.com,803.382.5752x6466,1998-01-23,Female,2024-11-19,Active,2024-11-19 00:22:43,2024-11-19 00:22:43
161,CUS-000161,Evan,Waller,evan.waller161@example.com,697-503-5282x459,1995-01-29,Male,2025-04-12,Active,2025-04-12 21:39:35,2025-04-12 21:39:35
162,CUS-000162,Darius,Simmons,darius.simmons162@example.com,718.782.7055x49277,1988-06-11,Male,2025-06-11,Active,2025-06-11 01:13:48,2025-06-11 01:13:48
163,CUS-000163,Rita,Hawkins,rita.hawkins163@example.com,001-656-848-9261,1989-03-26,Male,2024-05-06,Active,2024-05-06 12:48:12,2024-05-06 12:48:12
164,CUS-000164,Chelsea,Rodriguez,chelsea.rodriguez164@example.com,204.573.2966,2003-06-22,Male,2025-06-19,active,2025-06-19 08:31:05,2025-06-19 08:31:05
165,CUS-000165,Michael,Thornton,michael.thornton165@example.com,552-669-7748x38024,1955-12-24,Other,2026-05-13,Active,2026-05-13 13:35:43,2026-05-13 13:35:43
166,CUS-000166,Kenneth,Vance,kenneth.vance166@example.com,397.850.8757,1980-12-29,Other,2025-09-08,Active,2025-09-08 15:57:10,2025-09-08 15:57:10
167,CUS-000167,Joshua,Davis,joshua.davis167@example.com,+1-488-668-1681x190,1967-01-02,Male,2023-06-17,Active,2023-06-17 01:56:19,2023-06-17 01:56:19
168,CUS-000168,Kimberly,Brown,kimberly.brown168@example.com,912-783-8630x6470,1960-04-01,Male,2025-04-04,Active,2025-04-04 00:21:36,2025-04-04 00:21:36
169,CUS-000169,Cassie,Sanchez,cassie.sanchez169@example.com,337.699.1354,2007-06-02,Other,2023-06-11,Active,2023-06-11 23:19:45,2023-06-11 23:19:45
170,CUS-000170,Christina,Rasmussen,christina.rasmussen170@example.com,001-544-652-0379,1976-07-12,Other,2026-02-14,Active,2026-02-14 08:37:50,2026-02-14 08:37:50
171,CUS-000171,Patricia,Fleming,patricia.fleming171@example.com,7899064662,1979-01-31,Other,2024-09-16,active,2024-09-16 01:25:06,2024-09-16 01:25:06
172,CUS-000172,Samantha,Kelley,samantha.kelley172@example.com,+1-500-624-0710x14086,1986-03-19,Female,2025-07-16,Inactive,2025-07-16 03:09:02,2025-07-16 03:09:02
173,CUS-000173,Kristi,Ward,kristi.ward173@example.com,577-547-8755x86859,1963-02-09,Female,2023-10-22,Active,2023-10-22 13:21:52,2023-10-22 13:21:52
174,CUS-000174,Gabriella,Rivera,gabriella.rivera174@example.com,272.216.0856x17089,1997-02-11,Male,2024-09-15,Active,2024-09-15 11:33:44,2024-09-15 11:33:44
175,CUS-000175,Joshua,Rodriguez,joshua.rodriguez175@example.com,351-399-6154x655,1967-11-17,Other,2023-12-11,Active,2023-12-11 14:10:44,2023-12-11 14:10:44
176,CUS-000176,Linda,Roth,linda.roth176@example.com,+1-922-267-7200x746,1989-05-04,Female,2024-05-12,Active,2024-05-12 18:31:59,2024-05-12 18:31:59
177,CUS-000177,Evan,Davis,evan.davis177@example.com,+1-761-507-7412x046,1968-08-11,Male,2025-09-04,Inactive,2025-09-04 01:03:08,2025-09-04 01:03:08
178,CUS-000178,Ryan,Collins,ryan.collins178@example.com,+1-860-773-0750x81573,1992-05-19,Other,2024-07-10,Active,2024-07-10 01:22:33,2024-07-10 01:22:33
179,CUS-000179,Kenneth,Serrano,kenneth.serrano179@example.com,453-590-1619x5388,2002-06-22,Male,2026-02-02,Active,2026-02-02 02:16:36,2026-02-02 02:16:36
180,CUS-000180,James,Williams,james.williams180@example.com,828-636-4338x94252,1977-04-18,Male,2024-07-16,Active,2024-07-16 21:05:43,2024-07-16 21:05:43
181,CUS-000181,Zachary,Fischer,zachary.fischer181@example.com,001-239-256-4598,1986-04-02,Female,2025-11-21,Inactive,2025-11-21 22:09:17,2025-11-21 22:09:17
182,CUS-000182,Paul,Hall,paul.hall182@example.com,001-407-618-1521,1986-11-21,Other,2023-07-13,Suspended,2023-07-13 14:02:33,2023-07-13 14:02:33
183,CUS-000183,Stephen,Garcia,stephen.garcia183@example.com,+1-208-716-6752,1980-05-16,Other,2023-09-04,Active,2023-09-04 00:30:56,2023-09-04 00:30:56
184,CUS-000184,Paul,Rogers,paul.rogers184@example.com,(893)476-1274x28000,1957-02-16,Male,2026-05-10,Active,2026-05-10 03:53:24,2026-05-10 03:53:24
185,CUS-000185,Jackie,Sutton,jackie.sutton185@example.com,001-356-220-2948x31271,1980-12-10,Male,2026-05-09,Active,2026-05-09 23:14:52,2026-05-09 23:14:52
186,CUS-000186,Brian,Flowers,brian.flowers186@example.com,+1-202-802-3988,2006-05-03,Other,2025-07-21,Active,2025-07-21 02:06:07,2025-07-21 02:06:07
187,CUS-000187,Sean,Rivers,sean.rivers187@example.com,(803)431-3917,1968-06-13,Male,2024-12-07,Active,2024-12-07 10:27:03,2024-12-07 10:27:03
188,CUS-000188,Sarah,Macias,sarah.macias188@example.com,847.708.8267,1975-03-24,Other,2026-05-17,Inactive,2026-05-17 23:03:44,2026-05-17 23:03:44
189,CUS-000189,Timothy,Taylor,timothy.taylor189@example.com,200-654-9150x262,1956-09-05,Female,2024-08-29,Active,2024-08-29 20:30:30,2024-08-29 20:30:30
190,CUS-000190,Crystal,White,crystal.white190@example.com,637.604.2943x6871,1969-01-21,Male,2024-01-22,Active,2024-01-22 09:23:23,2024-01-22 09:23:23
191,CUS-000191,Sharon,Shaffer,sharon.shaffer191@example.com,+1-432-559-2383x09995,2000-02-28,Female,2025-09-13,Active,2025-09-13 08:54:49,2025-09-13 08:54:49
192,CUS-000192,Scott,Jones,scott.jones192@example.com,295.855.8234x52221,1960-03-23,Other,2025-11-13,Active,2025-11-13 07:05:05,2025-11-13 07:05:05
193,CUS-000193,Clinton,Cordova,clinton.cordova193@example.com,+1-661-818-3386x743,2007-02-05,Female,2026-02-14,Active,2026-02-14 21:00:26,2026-02-14 21:00:26
194,CUS-000194,Robert,Whitney,robert.whitney194@example.com,001-843-579-3950x649,1982-03-27,Male,2024-04-11,Active,2024-04-11 18:28:33,2024-04-11 18:28:33
195,CUS-000195,Shawn,Cooper,shawn.cooper195@example.com,689.298.9348x80527,1960-12-28,Other,2025-01-17,Active,2025-01-17 18:00:07,2025-01-17 18:00:07
196,CUS-000196,Heather,Hanson,heather.hanson196@example.com,503-597-3353x5654,2003-09-01,Female,2023-11-12,Active,2023-11-12 02:30:42,2023-11-12 02:30:42
197,CUS-000197,Amanda,Black,amanda.black197@example.com,460.358.4742,1965-09-12,Other,2024-07-29, Active ,2024-07-29 21:18:28,2024-07-29 21:18:28
198,CUS-000198,Robert,Nelson,robert.nelson198@example.com,3743636251,1958-05-13,Female,2024-03-22,Active,2024-03-22 00:48:33,2024-03-22 00:48:33
199,CUS-000199,Kevin,Ellis,kevin.ellis199@example.com,001-865-337-7826x39083,1992-05-30,Female,2025-11-08,Active,2025-11-08 12:47:46,2025-11-08 12:47:46
200,CUS-000200,Jessica,Williams,jessica.williams200@example.com,726.702.0461x4386,1979-02-11,Female,2026-02-26,Active,2026-02-26 15:58:46,2026-02-26 15:58:46
201,CUS-000201,Maria,Harris,maria.harris201@example.com,,1996-10-29,Other,2024-06-14,Active,2024-06-14 02:16:52,2024-06-14 02:16:52
202,CUS-000202,Carlos,Miranda,carlos.miranda202@example.com,+1-904-677-6268,1986-04-19,Female,2026-04-14,Active,2026-04-14 00:25:40,2026-04-14 00:25:40
203,CUS-000203,Lisa,Berry,lisa.berry203@example.com,498-337-1000,1964-12-01,Male,2024-05-01,Active,2024-05-01 18:36:24,2024-05-01 18:36:24
204,CUS-000204,Margaret,Benitez,margaret.benitez204@example.com,2605523070,1996-10-25,Male,2025-06-05,Active,2025-06-05 18:45:19,2025-06-05 18:45:19
205,CUS-000205,Krystal,Rodriguez,krystal.rodriguez205@example.com,+1-835-410-1687x4449,1963-06-04,Female,2023-11-14,Active,2023-11-14 15:30:48,2023-11-14 15:30:48
206,CUS-000206,Christine,Miranda,christine.miranda206@example.com,(712)409-0465,2006-06-11,Other,2023-06-09,Active,2023-06-09 22:09:42,2023-06-09 22:09:42
207,CUS-000207,Bradley,Anderson,bradley.anderson207@example.com,+1-219-726-4503,1988-12-01,Male,2024-07-18,Active,2024-07-18 10:37:51,2024-07-18 10:37:51
208,CUS-000208,Donna,Williams,donna.williams208@example.com,+1-523-336-9959x569,1985-06-27,Female,2024-01-23,Active,2024-01-23 03:57:23,2024-01-23 03:57:23
209,CUS-000209,Kenneth,Smith,kenneth.smith209@example.com,3818882952,1968-03-19,Male,2023-12-19,Active,2023-12-19 22:33:03,2023-12-19 22:33:03
210,CUS-000210,Lindsey,Carlson,lindsey.carlson210@example.com,(569)761-1485x606,1997-11-04,Female,2024-10-30,Active,2024-10-30 23:00:26,2024-10-30 23:00:26
211,CUS-000211,Barry,Boyd,barry.boyd211@example.com,(724)950-8238x150,1957-06-24,Other,2025-02-19,Active,2025-02-19 05:42:52,2025-02-19 05:42:52
212,CUS-000212,Jorge,Cummings,jorge.cummings212@example.com,702-296-8748,1978-12-12,Other,2023-12-25,Active,2023-12-25 22:36:50,2023-12-25 22:36:50
213,CUS-000213,Leslie,Wilcox,leslie.wilcox213@example.com,966-396-7722x36265,2001-04-13,Male,2024-08-24,Active,2024-08-24 23:38:58,2024-08-24 23:38:58
214,CUS-000214,Latoya,Nguyen,latoya.nguyen214@example.com,448-216-6448x81063,1963-04-30,Male,2023-09-10,Active,2023-09-10 04:48:03,2023-09-10 04:48:03
215,CUS-000215,Danny,Montgomery,danny.montgomery215@example.com,(274)202-3423,1975-07-02,Other,2024-03-02,Active,2024-03-02 14:13:10,2024-03-02 14:13:10
216,CUS-000216,Kathy,Collins,kathy.collins216@example.com,251-454-8346,2005-03-14,Male,2024-07-27,Active,2024-07-27 16:30:47,2024-07-27 16:30:47
217,CUS-000217,James,Lopez,james.lopez217@example.com,267.316.7588,2005-07-30,Other,2024-02-26,Active,2024-02-26 06:49:12,2024-02-26 06:49:12
218,CUS-000218,Carolyn,James,carolyn.james218@example.com,+1-205-859-8282x182,1968-01-22,Male,2025-09-09,Active,2025-09-09 22:23:47,2025-09-09 22:23:47
219,CUS-000219,Kyle,Coleman,kyle.coleman219@example.com,+1-402-455-9902,1999-03-24,Female,2023-12-25,Active,2023-12-25 23:06:17,2023-12-25 23:06:17
220,CUS-000220,Robert,Allen,robert.allen220@example.com,001-379-585-0563x8012,2009-12-20,Other,2024-11-04,Active,2024-11-04 01:27:34,2024-11-04 01:27:34
221,CUS-000221,Christopher,Cross,christopher.cross221@example.com,(706)747-4543x331,1985-06-17,Other,2024-01-22,Active,2024-01-22 18:41:11,2024-01-22 18:41:11
222,CUS-000222,Ann,Anderson,ann.anderson222@example.com,+1-454-604-5944x006,1965-03-10,Female,2023-06-28,Active,2023-06-28 13:35:32,2023-06-28 13:35:32
223,CUS-000223,William,Tyler,william.tyler223@example.com,423.486.5873,1974-03-19,Other,2024-01-30,Inactive,2024-01-30 20:12:14,2024-01-30 20:12:14
224,CUS-000224,Amy,Johnson,amy.johnson224@example.com,4089505213,1979-05-21,Female,2025-02-18,Active,2025-02-18 16:08:59,2025-02-18 16:08:59
225,CUS-000225,Hannah,Chase,hannah.chase225@example.com,979-269-4690,1970-10-21,Male,2025-07-21,Active,2025-07-21 00:19:30,2025-07-21 00:19:30
226,CUS-000226,Kristen,Sanchez,KRISTEN.SANCHEZ226 @ EXAMPLE.COM,(613)362-0424x4437,1963-03-18,Male,2023-09-26,Active,2023-09-26 00:41:37,2023-09-26 00:41:37
227,CUS-000227,David,Lara,david.lara227@example.com,307-395-8573x25299,1961-05-11,Female,2024-09-15,Inactive,2024-09-15 20:38:33,2024-09-15 20:38:33
228,CUS-000228,Travis,Baldwin,travis.baldwin228@example.com,503-266-7754x780,1992-08-21,Male,2025-01-27,Active,2025-01-27 01:44:11,2025-01-27 01:44:11
229,CUS-000229,Brian,Mosley,brian.mosley229@example.com,881-442-5425x0746,1998-11-16,Female,2024-02-02,Inactive,2024-02-02 09:20:01,2024-02-02 09:20:01
230,CUS-000230,Deborah,Parker,deborah.parker230@example.com,+1-260-310-3239,1990-03-28,Male,2026-05-18,Active,2026-05-18 04:09:47,2026-05-18 04:09:47
231,CUS-000231,Danielle,Roberts,danielle.roberts231@example.com,458.609.9899,1991-03-07,Other,2024-06-29,Active,2024-06-29 05:34:23,2024-06-29 05:34:23
232,CUS-000232,Melvin,Saunders,melvin.saunders232@example.com,2669875192,1960-10-15,Female,2025-10-12,Active,2025-10-12 18:36:27,2025-10-12 18:36:27
233,CUS-000233,Courtney,Callahan,courtney.callahan233@example.com,556-451-1971x9107,1964-01-21,Other,2026-05-06,Active,2026-05-06 12:06:23,2026-05-06 12:06:23
234,CUS-000234,John,Steele,john.steele234@example.com,589.586.8847,1990-08-18,Male,2024-03-27,Active,2024-03-27 03:05:46,2024-03-27 03:05:46
235,CUS-000235,Amber,Foster,amber.foster235@example.com,3918771556,1978-02-11,Male,2025-06-11,Active,2025-06-11 00:31:10,2025-06-11 00:31:10
236,CUS-000236,Thomas,Nguyen,thomas.nguyen236@example.com,,1988-03-30,Other,2024-11-11,Active,2024-11-11 12:24:59,2024-11-11 12:24:59
237,CUS-000237,Katrina,Johnson,katrina.johnson237@example.com,548.415.0517x53616,1999-09-10,Male,2024-04-17,Active,2024-04-17 13:42:36,2024-04-17 13:42:36
238,CUS-000238,Jason,Austin,jason.austin238@example.com,454.785.9192x192,1964-03-23,Female,2025-03-24,Inactive,2025-03-24 08:10:21,2025-03-24 08:10:21
239,CUS-000239,Amanda,Warren,amanda.warren239@example.com,,2005-08-14,Male,2026-02-14,Active,2026-02-14 01:09:46,2026-02-14 01:09:46
240,CUS-000240,Elizabeth,Lowery,elizabeth.lowery240@example.com,992.518.2220x11410,1958-07-31,Female,2023-07-02,Active,2023-07-02 02:59:53,2023-07-02 02:59:53
241,CUS-000241,Karen,Sanchez,karen.sanchez241@example.com,(840)303-1688,1968-04-04,Female,2025-01-20,Active,2025-01-20 03:37:22,2025-01-20 03:37:22
242,CUS-000242,Tiffany,Lopez,tiffany.lopez242@example.com,9952355617,1973-03-24,Other,2023-11-12,Active,2023-11-12 22:41:08,2023-11-12 22:41:08
243,CUS-000243,Mark,Mullen,mark.mullen243@example.com,970.904.8236x41756,1985-09-12,Other,2025-04-17,Active,2025-04-17 05:09:18,2025-04-17 05:09:18
244,CUS-000244,James,Salas,james.salas244@example.com,+1-211-868-4235x251,1984-11-16,Female,2024-04-24,Active,2024-04-24 13:38:03,2024-04-24 13:38:03
245,CUS-000245,Brooke,Reed,brooke.reed245@example.com,564-983-3889,1973-12-07,Other,2025-09-25,Active,2025-09-25 04:19:35,2025-09-25 04:19:35
246,CUS-000246,Janet,Griffith,janet.griffith246@example.com,(531)807-8922,1973-11-08,Other,2024-01-26,Active,2024-01-26 20:37:48,2024-01-26 20:37:48
247,CUS-000247,Melissa,Smith,melissa.smith247@example.com,,2005-03-19,Male,2026-02-18,Inactive,2026-02-18 23:06:15,2026-02-18 23:06:15
248,CUS-000248,Steven,Allen,steven.allen248@example.com,287-995-6260x132,1982-03-02,Male,2024-12-27,Active,2024-12-27 12:20:52,2024-12-27 12:20:52
249,CUS-000249,Victor,Gonzales,victor.gonzales249@example.com,406.609.4089x232,1999-09-16,Male,2025-04-17,Active,2025-04-17 04:31:09,2025-04-17 04:31:09
250,CUS-000250,Lindsey,Jordan,lindsey.jordan250@example.com,439-627-0709x1280,1964-10-14,Male,2024-09-15,Active,2024-09-15 03:42:28,2024-09-15 03:42:28
251,CUS-000251,Andrew,Weiss,andrew.weiss251@example.com,(714)886-9737,1976-10-25,Female,2025-08-17,Inactive,2025-08-17 21:04:50,2025-08-17 21:04:50
252,CUS-000252,Haley,Vasquez,haley.vasquez252@example.com,+1-426-913-1275x7506,1995-11-13,Male,2023-12-01,Active,2023-12-01 12:30:54,2023-12-01 12:30:54
253,CUS-000253,Benjamin,Mcdowell,benjamin.mcdowell253@example.com,276-396-6232,1981-05-24,Male,2024-05-27,Active,2024-05-27 09:54:06,2024-05-27 09:54:06
254,CUS-000254,Nichole,Peterson,nichole.peterson254@example.com,(772)442-9257,1996-09-06,Other,2023-09-14,Active,2023-09-14 17:06:47,2023-09-14 17:06:47
255,CUS-000255,Patrick,Perez,patrick.perez255@example.com,3947495525,1985-02-14,Other,2024-05-21,Active,2024-05-21 19:05:03,2024-05-21 19:05:03
256,CUS-000256,Kristopher,Hughes,kristopher.hughes256@example.com,737.822.2826x808,1966-08-07,,2025-09-28,ACTIVE,2025-09-28 16:49:21,2025-09-28 16:49:21
257,CUS-000257,Timothy,Hanna,timothy.hanna257@example.com,+1-665-958-1066,1986-02-14,Other,2023-07-07,Active,2023-07-07 03:04:01,2023-07-07 03:04:01
258,CUS-000258,Kelly,Bird,kelly.bird258@example.com,7426077279,1970-07-31,Female,2026-01-29,Active,2026-01-29 15:11:01,2026-01-29 15:11:01
259,CUS-000259,Michele,Orr,michele.orr259@example.com,397.663.9962x4315,2005-01-27,Other,2025-06-11,Active,2025-06-11 19:36:41,2025-06-11 19:36:41
260,CUS-000260,Jeanette,Davis,jeanette.davis260@example.com,556-215-2661,1980-08-22,Female,2025-09-25,Active,2025-09-25 09:02:50,2025-09-25 09:02:50
261,CUS-000261,Noah,Parker,noah.parker261@example.com,747.844.6369x4480,1984-06-27,Female,2024-02-24, Active ,2024-02-24 14:17:53,2024-02-24 14:17:53
262,CUS-000262,Valerie,Branch,valerie.branch262@example.com,251-447-4064,1970-01-10,Female,2024-10-17,Active,2024-10-17 02:51:39,2024-10-17 02:51:39
263,CUS-000263,Amy,Wilkerson,AMY.WILKERSON263 @ EXAMPLE.COM,786-289-8384x257,1980-04-14,Other,2025-12-06,Active,2025-12-06 06:43:05,2025-12-06 06:43:05
264,CUS-000264,Danielle,Hayes,danielle.hayes264@example.com,+1-544-840-5249,1993-02-09,Male,2024-05-30,Active,2024-05-30 06:44:29,2024-05-30 06:44:29
265,CUS-000265,Nancy,White,nancy.white265@example.com,4443342004,2005-09-08,Male,2026-03-19,Active,2026-03-19 17:18:09,2026-03-19 17:18:09
266,CUS-000266,Stephanie,Hampton,stephanie.hampton266@example.com,511-530-8030,2008-08-08,Other,2024-01-04,Active,2024-01-04 15:15:24,2024-01-04 15:15:24
267,CUS-000267,Lindsey,Boyer,lindsey.boyer267@example.com,551-828-3810,1961-05-02,Other,2024-01-05,Active,2024-01-05 18:29:27,2024-01-05 18:29:27
268,CUS-000268,Mary,Parsons,mary.parsons268@example.com,(708)532-5133x13597,1965-05-06,Other,2026-05-29, Active ,2026-05-29 15:01:56,2026-05-29 15:01:56
269,CUS-000269,Meghan,Cooper,meghan.cooper269@example.com,001-602-570-3456x195,1969-04-10,Male,2024-08-15, Active ,2024-08-15 15:29:04,2024-08-15 15:29:04
270,CUS-000270,Rebecca,Copeland,rebecca.copeland270@example.com,,2001-02-22,Female,2025-09-27,Active,2025-09-27 04:46:15,2025-09-27 04:46:15
271,CUS-000271,Nicole,Jones,nicole.jones271@example.com,356.919.8796,1971-08-18,Male,2024-06-20,Active,2024-06-20 19:27:33,2024-06-20 19:27:33
272,CUS-000272,Desiree,Frank,desiree.frank272@example.com,9958071334,1981-12-23,Other,2025-03-28,Active,2025-03-28 03:19:32,2025-03-28 03:19:32
273,CUS-000273,Anthony,Phillips,anthony.phillips273@example.com,001-637-921-4931x6285,1982-12-13,Male,2026-05-17,Active,2026-05-17 00:46:06,2026-05-17 00:46:06
274,CUS-000274,Justin,Miller,justin.miller274@example.com,(934)231-2103x694,1956-12-22,Male,2024-07-22,Active,2024-07-22 07:07:46,2024-07-22 07:07:46
275,CUS-000275,Rachel,Wright,rachel.wright275@example.com,001-465-224-4923x733,1958-07-12,Male,2023-10-19,Active,2023-10-19 13:10:03,2023-10-19 13:10:03
276,CUS-000276,Kayla,Baker,kayla.baker276@example.com,(314)915-3269,1997-12-06,Female,2023-06-22,Active,2023-06-22 08:55:39,2023-06-22 08:55:39
277,CUS-000277,Michael,Garrett,michael.garrett277@example.com,+1-448-822-5557x69249,1993-09-20,Female,2023-09-13,Active,2023-09-13 21:30:18,2023-09-13 21:30:18
278,CUS-000278,John,Cooper,john.cooper278@example.com,302-653-2209x320,2007-09-11,Female,2024-04-09,Active,2024-04-09 01:24:10,2024-04-09 01:24:10
279,CUS-000279,Dawn,Park,dawn.park279@example.com,834.831.8413,1986-05-25,Other,2024-02-26,Active,2024-02-26 22:32:34,2024-02-26 22:32:34
280,CUS-000280,Carolyn,Weiss,carolyn.weiss280@example.com,240-236-3189,1982-10-16,Female,2024-09-18,Active,2024-09-18 10:22:58,2024-09-18 10:22:58
281,CUS-000281,Randy,Smith,randy.smith281@example.com,268-327-8206x64055,2009-05-31,Female,2025-08-18,active,2025-08-18 14:49:18,2025-08-18 14:49:18
282,CUS-000282,Rachel,Phillips,rachel.phillips282@example.com,001-548-350-8327x529,2005-11-14,Other,2025-11-02,Inactive,2025-11-02 22:40:34,2025-11-02 22:40:34
283,CUS-000283,Stephanie,Estrada,stephanie.estrada283@example.com,769-622-9913,1975-01-19,Male,2025-06-05,Active,2025-06-05 14:18:22,2025-06-05 14:18:22
284,CUS-000284,Deborah,Johnson,deborah.johnson284@example.com,+1-264-357-6644x349,1970-05-05,Male,2024-02-01,Active,2024-02-01 00:52:34,2024-02-01 00:52:34
285,CUS-000285,Ronald,Curtis,ronald.curtis285@example.com,605-966-2249x26155,1974-09-30,Female,2023-12-28,Active,2023-12-28 13:44:17,2023-12-28 13:44:17
286,CUS-000286,Jessica,Howard,jessica.howard286@example.com,504-315-1929,1983-06-08,,2024-03-07,Active,2024-03-07 20:20:53,2024-03-07 20:20:53
287,CUS-000287,Elizabeth,Stevenson,elizabeth.stevenson287@example.com,504.778.7787,1996-11-27,Female,2025-12-07,Inactive,2025-12-07 07:14:18,2025-12-07 07:14:18
288,CUS-000288,Ashley,Wood,ashley.wood288@example.com,494-381-9792x9053,1996-01-30,Female,2025-09-26,Active,2025-09-26 05:22:27,2025-09-26 05:22:27
289,CUS-000289,Brent,Austin,brent.austin289@example.com,(700)788-6739,1969-04-11,Female,2026-04-28,Active,2026-04-28 08:13:42,2026-04-28 08:13:42
290,CUS-000290,Connor,Brown,connor.brown290@example.com,001-403-393-5100,2007-05-31,Male,2025-01-14,Active,2025-01-14 08:12:50,2025-01-14 08:12:50
291,CUS-000291,Wanda,Acosta,wanda.acosta291@example.com,710-782-5921,1984-07-19,Other,2024-02-07,Active,2024-02-07 19:56:40,2024-02-07 19:56:40
292,CUS-000292,Kyle,Clarke,kyle.clarke292@example.com,+1-506-724-5865x7942,1997-06-05,Other,2023-08-28,Active,2023-08-28 22:02:40,2023-08-28 22:02:40
293,CUS-000293,Andrew,Graham,andrew.graham293@example.com,8574363741,2000-10-18,Male,2024-08-21,Active,2024-08-21 00:12:12,2024-08-21 00:12:12
294,CUS-000294,Paul,Franco,paul.franco294@example.com,001-665-634-4123x0113,1989-12-10,Female,2024-11-08,Active,2024-11-08 20:28:28,2024-11-08 20:28:28
295,CUS-000295,Curtis,Jordan,curtis.jordan295@example.com,642.722.8208,1955-08-02,Female,2023-07-17,Active,2023-07-17 18:11:14,2023-07-17 18:11:14
296,CUS-000296,Julie,Chase,julie.chase296@example.com,001-946-606-5714x2859,1989-09-05,Other,2024-01-27,Active,2024-01-27 12:08:59,2024-01-27 12:08:59
297,CUS-000297,Ethan,Smith,ethan.smith297@example.com,001-491-525-9317x836,1977-08-27,Female,2023-09-01,Active,2023-09-01 03:10:38,2023-09-01 03:10:38
298,CUS-000298,Jennifer,Lee,jennifer.lee298@example.com,461.343.1198,1998-05-01,Other,2026-02-17,Active,2026-02-17 14:30:47,2026-02-17 14:30:47
299,CUS-000299,Michaela,Lopez,michaela.lopez299@example.com,344.447.1712,1990-04-30,,2024-06-30,Active,2024-06-30 02:38:13,2024-06-30 02:38:13
300,CUS-000300,John,Anderson,john.anderson300@example.com,207.994.9750x42853,1970-07-21,Other,2024-10-31,Active,2024-10-31 03:16:22,2024-10-31 03:16:22
301,CUS-000301,Danielle,Yoder,danielle.yoder301@example.com,+1-209-641-5756,1980-03-13,Female,2026-03-12,Active,2026-03-12 13:38:49,2026-03-12 13:38:49
302,CUS-000302,Ruth,Lowery,ruth.lowery302@example.com,3008846691,1962-08-19,Female,2026-05-27,Active,2026-05-27 00:36:04,2026-05-27 00:36:04
303,CUS-000303,Elizabeth,Fleming,elizabeth.fleming303@example.com,9484117059,1975-01-04,Other,2025-02-25,Active,2025-02-25 00:33:07,2025-02-25 00:33:07
304,CUS-000304,Diana,Powell,diana.powell304@example.com,987.414.0775x8646,1996-03-19,Male,2023-09-17,Active,2023-09-17 07:15:37,2023-09-17 07:15:37
305,CUS-000305,Matthew,Meyer,matthew.meyer305@example.com,5485221319,2000-09-14,Female,2023-10-28,Active,2023-10-28 10:15:18,2023-10-28 10:15:18
306,CUS-000306,Jade,Olson,jade.olson306@example.com,741-892-7273x8257,1978-11-09,Other,2025-02-06,Active,2025-02-06 18:46:12,2025-02-06 18:46:12
307,CUS-000307,Brandon,Collins,brandon.collins307@example.com,305-420-5852x280,2010-05-05,Male,2024-10-02,Active,2024-10-02 23:41:34,2024-10-02 23:41:34
308,CUS-000308,Megan,Ross,megan.ross308@example.com,912-344-7791,1965-01-12,Other,2024-10-09,Active,2024-10-09 14:53:25,2024-10-09 14:53:25
309,CUS-000309,Kenneth,Alexander,kenneth.alexander309@example.com,686.292.2584x958,1962-08-27,Other,2023-09-15,Active,2023-09-15 17:12:14,2023-09-15 17:12:14
310,CUS-000310,Paul,Young,paul.young310@example.com,7702542076,1996-10-29,Male,2025-09-22,Active,2025-09-22 12:16:12,2025-09-22 12:16:12
311,CUS-000311,Jacob,Brown,jacob.brown311@example.com,001-978-215-5001x649,1988-11-30,Other,2025-10-04,Active,2025-10-04 07:08:10,2025-10-04 07:08:10
312,CUS-000312,Leslie,Smith,leslie.smith312@example.com,+1-394-216-2844x0462,1960-09-07,Male,2025-11-15,Active,2025-11-15 13:34:33,2025-11-15 13:34:33
313,CUS-000313,Kyle,Russell,kyle.russell313@example.com,452.495.1635x8484,2002-09-27,Female,2025-09-22,Inactive,2025-09-22 18:28:03,2025-09-22 18:28:03
314,CUS-000314,Kelly,Ramos,kelly.ramos314@example.com,210.220.1632x07538,1975-06-27,Male,2025-04-22,Inactive,2025-04-22 18:39:59,2025-04-22 18:39:59
315,CUS-000315,Brenda,Townsend,brenda.townsend315@example.com,(464)264-1663x327,1973-12-23,Male,2025-06-27,Active,2025-06-27 17:44:47,2025-06-27 17:44:47
316,CUS-000316,Brent,Hayes,brent.hayes316@example.com,001-355-432-5825x6757,1963-07-30,Male,2025-06-10,Active,2025-06-10 06:39:27,2025-06-10 06:39:27
317,CUS-000317,Jason,Gonzales,jason.gonzales317@example.com,,1992-06-13,Other,2024-06-16,Inactive,2024-06-16 18:06:24,2024-06-16 18:06:24
318,CUS-000318,Patricia,Ayala,patricia.ayala318@example.com,501.352.4053,1976-06-18,Male,2025-10-24,Active,2025-10-24 12:58:51,2025-10-24 12:58:51
319,CUS-000319,Tiffany,Gonzalez,tiffany.gonzalez319@example.com,400-644-8155x04116,1985-08-14,Female,2026-03-22,Active,2026-03-22 13:57:48,2026-03-22 13:57:48
320,CUS-000320,Tracey,Payne,tracey.payne320@example.com,765-471-0194,1972-11-19,Female,2024-10-07,Active,2024-10-07 23:17:07,2024-10-07 23:17:07
321,CUS-000321,Steven,Medina,steven.medina321@example.com,869.656.1993x6272,1980-05-19,Male,2026-03-24,Active,2026-03-24 11:46:42,2026-03-24 11:46:42
322,CUS-000322,Kimberly,Roberts,kimberly.roberts322@example.com,504-791-9183,1958-01-08,Other,2024-07-07,Active,2024-07-07 09:48:49,2024-07-07 09:48:49
323,CUS-000323,Tami,Lang,tami.lang323@example.com,(354)500-6256x1936,1964-09-07,Other,2026-01-16,Active,2026-01-16 14:06:19,2026-01-16 14:06:19
324,CUS-000324,Nicole,Marshall,nicole.marshall324@example.com,8634421780,1986-05-25,Female,2025-05-30,Active,2025-05-30 13:53:09,2025-05-30 13:53:09
325,CUS-000325,Felicia,Mccullough,felicia.mccullough325@example.com,563-300-5453x1931,2003-07-30,Other,2024-06-07,Active,2024-06-07 13:51:20,2024-06-07 13:51:20
326,CUS-000326,Mario,Rollins,mario.rollins326@example.com,8492585788,1972-08-24,Other,2025-11-08,Active,2025-11-08 13:11:41,2025-11-08 13:11:41
327,CUS-000327,Andrea,Williams,andrea.williams327@example.com,(277)402-7778x3093,1998-09-27,Female,2023-10-17,Active,2023-10-17 04:36:30,2023-10-17 04:36:30
328,CUS-000328,Lindsey,Mccormick,lindsey.mccormick328@example.com,001-408-541-8944x899,1967-11-16,Female,2026-03-25,Active,2026-03-25 18:36:45,2026-03-25 18:36:45
329,CUS-000329,Natasha,Guerrero,NATASHA.GUERRERO329 @ EXAMPLE.COM,001-890-807-6281x0018,1978-04-21,Female,2025-05-11,Active,2025-05-11 08:37:04,2025-05-11 08:37:04
330,CUS-000330,Ashley,Evans,ashley.evans330@example.com,(297)532-0374x740,1956-01-10,Male,2025-09-04,Inactive,2025-09-04 04:15:25,2025-09-04 04:15:25
331,CUS-000331,Anita,Hansen,anita.hansen331@example.com,4668187801,1976-02-28,Female,2026-04-27,Active,2026-04-27 13:48:52,2026-04-27 13:48:52
332,CUS-000332,Carl,Parker,carl.parker332@example.com,(379)385-2896x7245,1968-07-04,Female,2023-11-20,Active,2023-11-20 19:13:48,2023-11-20 19:13:48
333,CUS-000333,Kevin,Spears,kevin.spears333@example.com,+1-423-571-8814,1990-10-28,Other,2025-09-10,Active,2025-09-10 04:11:47,2025-09-10 04:11:47
334,CUS-000334,Angela,Lee,angela.lee334@example.com,(618)543-7622,1985-03-23,Male,2023-07-30,Active,2023-07-30 00:12:50,2023-07-30 00:12:50
335,CUS-000335,Cheryl,Burke,cheryl.burke335@example.com,969-508-3911x84963,1974-01-02,Female,2026-02-05,Active,2026-02-05 09:36:26,2026-02-05 09:36:26
336,CUS-000336,Margaret,Montoya,margaret.montoya336@example.com,431-633-5956x78967,1969-02-26,Other,2025-07-10,Active,2025-07-10 05:13:03,2025-07-10 05:13:03
337,CUS-000337,Kayla,Nichols,kayla.nichols337@example.com,(454)925-1681x36078,1984-03-19,Male,2023-11-01,Active,2023-11-01 05:56:26,2023-11-01 05:56:26
338,CUS-000338,Victoria,Lee,victoria.lee338@example.com,001-273-928-8181x731,2000-11-07,Female,2023-08-16,Active,2023-08-16 07:16:59,2023-08-16 07:16:59
339,CUS-000339,Lawrence,Ryan,lawrence.ryan339@example.com,001-929-621-4368,1999-01-02,Other,2024-06-30,Active,2024-06-30 22:07:05,2024-06-30 22:07:05
340,CUS-000340,Aaron,Cook,aaron.cook340@example.com,+1-911-681-4693x15971,1973-02-17,Other,2026-01-26,Active,2026-01-26 03:28:13,2026-01-26 03:28:13
341,CUS-000341,Brandy,Ortiz,brandy.ortiz341@example.com,+1-510-684-2773x45698,2003-10-05,Other,2024-10-17,Active,2024-10-17 14:33:12,2024-10-17 14:33:12
342,CUS-000342,Alfred,Davis,alfred.davis342@example.com,001-380-759-5553x606,1997-02-11,,2025-07-05,Active,2025-07-05 15:21:22,2025-07-05 15:21:22
343,CUS-000343,Jessica,Cruz,jessica.cruz343@example.com,3587166646,2002-11-07,Female,2025-05-07,Active,2025-05-07 14:53:44,2025-05-07 14:53:44
344,CUS-000344,Christopher,Allison,christopher.allison344@example.com,,1976-04-01,Female,2024-12-25,Active,2024-12-25 11:26:56,2024-12-25 11:26:56
345,CUS-000345,Maria,Hernandez,maria.hernandez345@example.com,598.689.1315x55638,2000-02-04,Male,2025-03-27,Active,2025-03-27 21:11:16,2025-03-27 21:11:16
346,CUS-000346,Allison,Johnson,allison.johnson346@example.com,001-535-248-1095x611,2007-09-10,Male,2024-11-04,Active,2024-11-04 10:00:40,2024-11-04 10:00:40
347,CUS-000347,Amber,Reid,amber.reid347@example.com,593-318-4516x9504,1981-01-01,Male,2024-06-29,Active,2024-06-29 08:02:57,2024-06-29 08:02:57
348,CUS-000348,Brian,Hayes,brian.hayes348@example.com,395.221.9290,2003-07-17,Female,2025-02-18,Inactive,2025-02-18 09:32:05,2025-02-18 09:32:05
349,CUS-000349,Raymond,Hood,raymond.hood349@example.com,001-754-767-6995,1995-09-26,Other,2026-05-29,Inactive,2026-05-29 19:49:43,2026-05-29 19:49:43
350,CUS-000350,Adrienne,Roach,adrienne.roach350@example.com,252.565.2782x146,1999-12-23,Female,2024-01-02,Active,2024-01-02 13:12:30,2024-01-02 13:12:30
351,CUS-000351,Patricia,Reynolds,patricia.reynolds351@example.com,(213)502-8949x434,2000-04-08,Female,2023-08-11,Active,2023-08-11 04:22:53,2023-08-11 04:22:53
352,CUS-000352,Melissa,Gibbs,melissa.gibbs352@example.com,372-739-3150x515,1997-01-31,Other,2024-07-06,Suspended,2024-07-06 11:19:55,2024-07-06 11:19:55
353,CUS-000353,Ryan,Elliott,ryan.elliott353@example.com,574.793.6975,2004-01-25,Male,2025-12-14,Inactive,2025-12-14 14:15:17,2025-12-14 14:15:17
354,CUS-000354,Cathy,Coleman,cathy.coleman354@example.com,(937)437-0690,1988-08-22,Female,2025-02-25,Active,2025-02-25 09:58:44,2025-02-25 09:58:44
355,CUS-000355,John,Macdonald,john.macdonald355@example.com,540.515.2466x670,2005-06-16,Female,2024-04-28,Active,2024-04-28 02:48:53,2024-04-28 02:48:53
356,CUS-000356,Stephen,Lee,stephen.lee356@example.com,310-827-7401x7434,2005-02-18,Female,2025-07-27,Active,2025-07-27 16:27:19,2025-07-27 16:27:19
357,CUS-000357,Jennifer,Carr,jennifer.carr357@example.com,590.885.6360x9679,1998-08-17,Other,2026-05-09,Active,2026-05-09 16:04:14,2026-05-09 16:04:14
358,CUS-000358,Kathryn,Barrera,kathryn.barrera358@example.com,+1-516-922-4681x31463,1963-02-26,Other,2025-08-08,Active,2025-08-08 12:41:04,2025-08-08 12:41:04
359,CUS-000359,Devin,Hill,devin.hill359@example.com,(871)437-0530,1974-05-22,Female,2025-12-28,Active,2025-12-28 19:01:34,2025-12-28 19:01:34
360,CUS-000360,Sharon,Anderson,sharon.anderson360@example.com,+1-599-224-9909,1982-12-27,Female,2024-04-14,Active,2024-04-14 01:08:50,2024-04-14 01:08:50
361,CUS-000361,Angela,Mata,ANGELA.MATA361 @ EXAMPLE.COM,+1-878-733-1631,1984-08-27,Female,2024-10-28,Active,2024-10-28 05:40:08,2024-10-28 05:40:08
362,CUS-000362,Angela,Sanders,angela.sanders362@example.com,9976722624,1970-03-02,Male,2023-09-25,Active,2023-09-25 12:04:44,2023-09-25 12:04:44
363,CUS-000363,Tanya,Martin,tanya.martin363@example.com,764.705.3617x9412,1964-12-31,Male,2023-07-27,Active,2023-07-27 13:34:39,2023-07-27 13:34:39
364,CUS-000364,Sean,Sanchez,sean.sanchez364@example.com,763-437-0092x24888,1985-06-24,Male,2024-09-24,Active,2024-09-24 08:31:29,2024-09-24 08:31:29
365,CUS-000365,Mark,Hernandez,mark.hernandez365@example.com,001-872-785-9479x22228,1986-05-23,Other,2025-09-25,Suspended,2025-09-25 11:41:18,2025-09-25 11:41:18
366,CUS-000366,Emily,Dunn,emily.dunn366@example.com,(393)295-3061x6106,2001-11-14,Other,2024-03-25,Active,2024-03-25 12:30:17,2024-03-25 12:30:17
367,CUS-000367,James,Small,james.small367@example.com,(334)644-3999x265,1958-07-15,Other,2024-06-22,Active,2024-06-22 18:10:18,2024-06-22 18:10:18
368,CUS-000368,Matthew,Munoz,matthew.munoz368@example.com,+1-661-916-0816x436,1963-07-19,Male,2024-08-02,Active,2024-08-02 22:06:37,2024-08-02 22:06:37
369,CUS-000369,Kimberly,Todd,kimberly.todd369@example.com,614.748.5621x1920,1984-02-13,Other,2025-06-25,Active,2025-06-25 07:27:39,2025-06-25 07:27:39
370,CUS-000370,Joshua,Mcgee,joshua.mcgee370@example.com,687-788-9050,1987-11-23,Other,2024-09-10,Active,2024-09-10 12:32:29,2024-09-10 12:32:29
371,CUS-000371,James,Peterson,james.peterson371@example.com,(850)492-2209,1977-02-05,Male,2023-12-31,Active,2023-12-31 18:43:26,2023-12-31 18:43:26
372,CUS-000372,Jennifer,Lewis,jennifer.lewis372@example.com,813.536.8534x683,2007-07-31,Other,2024-07-11,Active,2024-07-11 16:18:25,2024-07-11 16:18:25
373,CUS-000373,Robert,Elliott,robert.elliott373@example.com,997-777-9408,1978-05-31,,2026-02-16,Active,2026-02-16 13:27:14,2026-02-16 13:27:14
374,CUS-000374,Samantha,Parker,samantha.parker374@example.com,6377412911,1977-01-16,Female,2025-04-25,Inactive,2025-04-25 22:36:30,2025-04-25 22:36:30
375,CUS-000375,Laurie,Bartlett,laurie.bartlett375@example.com,875-674-8580x61666,1997-05-14,Male,2025-05-30,Active,2025-05-30 05:29:34,2025-05-30 05:29:34
376,CUS-000376,Robert,Guzman,robert.guzman376@example.com,2453881943,2006-11-06,Male,2023-10-10,Active,2023-10-10 09:33:21,2023-10-10 09:33:21
377,CUS-000377,Sheila,Wilson,sheila.wilson377@example.com,760-758-4410x0624,2001-06-07,Male,2024-11-25,Active,2024-11-25 13:58:52,2024-11-25 13:58:52
378,CUS-000378,Christopher,Hebert,christopher.hebert378@example.com,571.232.1676,1963-02-17,Female,2025-08-06,Inactive,2025-08-06 07:29:21,2025-08-06 07:29:21
379,CUS-000379,Mary,Peterson,mary.peterson379@example.com,(204)655-5696,2002-05-24,Female,2025-12-23,Active,2025-12-23 06:39:57,2025-12-23 06:39:57
380,CUS-000380,David,Ballard,david.ballard380@example.com,001-969-548-3038x8365,1981-08-13,Other,2025-01-09,Active,2025-01-09 05:15:06,2025-01-09 05:15:06
381,CUS-000381,Donald,Gilbert,donald.gilbert381@example.com,719-956-7917,1989-12-16,Other,2025-02-02,Active,2025-02-02 20:20:23,2025-02-02 20:20:23
382,CUS-000382,Melinda,Crane,melinda.crane382@example.com,001-483-568-4966x9066,1993-04-22,Female,2025-07-13,Inactive,2025-07-13 08:57:15,2025-07-13 08:57:15
383,CUS-000383,Paul,Porter,PAUL.PORTER383 @ EXAMPLE.COM,+1-418-743-2618x32744,1984-01-17,Female,2025-11-08,Active,2025-11-08 16:38:49,2025-11-08 16:38:49
384,CUS-000384,Abigail,Wade,abigail.wade384@example.com,817-637-3864x01564,1977-06-04,Other,2026-04-02,Active,2026-04-02 10:55:11,2026-04-02 10:55:11
385,CUS-000385,George,Rose,george.rose385@example.com,+1-326-633-8549x351,1993-05-02,Female,2025-11-08,Active,2025-11-08 00:37:51,2025-11-08 00:37:51
386,CUS-000386,Lauren,Sutton,lauren.sutton386@example.com,001-854-471-3176x069,1996-10-20,Male,2023-08-01,Active,2023-08-01 14:01:28,2023-08-01 14:01:28
387,CUS-000387,Brianna,Clark,brianna.clark387@example.com,829.526.7656x6778,1958-01-16,Female,2025-09-22,Active,2025-09-22 04:15:45,2025-09-22 04:15:45
388,CUS-000388,Mary,Parks,mary.parks388@example.com,(533)305-5982,1964-08-24,Other,2025-05-18,Active,2025-05-18 14:21:41,2025-05-18 14:21:41
389,CUS-000389,Rebecca,Lee,rebecca.lee389@example.com,(970)497-8905x01219,1990-12-29,Other,2024-08-27,Inactive,2024-08-27 22:25:02,2024-08-27 22:25:02
390,CUS-000390,Benjamin,Lopez,benjamin.lopez390@example.com,(208)696-4362x971,2003-02-06,Other,2023-09-30,Active,2023-09-30 07:23:22,2023-09-30 07:23:22
391,CUS-000391,Steven,Washington,steven.washington391@example.com,001-726-575-9627x3888,1996-03-20,Female,2025-05-08,Suspended,2025-05-08 14:02:06,2025-05-08 14:02:06
392,CUS-000392,Julie,Turner,julie.turner392@example.com,+1-927-588-5818,1965-08-07,Other,2026-04-04,Active,2026-04-04 02:08:36,2026-04-04 02:08:36
393,CUS-000393,Megan,Andrade,megan.andrade393@example.com,,1968-08-04,Other,2024-04-23,Active,2024-04-23 09:06:39,2024-04-23 09:06:39
394,CUS-000394,Kim,Walker,kim.walker394@example.com,(233)687-4115,1985-10-01,Female,2024-06-11,Active,2024-06-11 07:02:40,2024-06-11 07:02:40
395,CUS-000395,Michele,Bush,michele.bush395@example.com,815-400-5855x834,2001-12-06,Male,2024-12-22,Active,2024-12-22 01:14:48,2024-12-22 01:14:48
396,CUS-000396,Crystal,Johnson,crystal.johnson396@example.com,+1-937-585-1999x72969,2002-05-15,Other,2025-08-12,Active,2025-08-12 14:34:14,2025-08-12 14:34:14
397,CUS-000397,Antonio,Crawford,antonio.crawford397@example.com,764-539-5005x059,1996-02-23,Female,2025-04-11,Active,2025-04-11 16:35:57,2025-04-11 16:35:57
398,CUS-000398,Tiffany,Hansen,tiffany.hansen398@example.com,984.581.8320x85461,2000-12-01,Female,2025-05-10,Active,2025-05-10 11:10:23,2025-05-10 11:10:23
399,CUS-000399,Timothy,Terry,timothy.terry399@example.com,,1957-10-18,Male,2024-08-29,Active,2024-08-29 01:44:32,2024-08-29 01:44:32
400,CUS-000400,Miguel,Zamora,miguel.zamora400@example.com,919.437.9603x45178,1994-02-20,Other,2025-10-05,Active,2025-10-05 09:23:30,2025-10-05 09:23:30
401,CUS-000401,Ashley,Morris,ashley.morris401@example.com,+1-927-737-7997x01447,1977-04-04,Male,2024-05-29,Active,2024-05-29 06:45:43,2024-05-29 06:45:43
402,CUS-000402,Tina,Fowler,tina.fowler402@example.com,+1-879-393-3979x902,2008-07-03,Other,2024-03-10,Active,2024-03-10 05:39:41,2024-03-10 05:39:41
403,CUS-000403,Donna,Jackson,donna.jackson403@example.com,001-619-660-8503,1980-12-26,Male,2024-07-14,Active,2024-07-14 08:46:45,2024-07-14 08:46:45
404,CUS-000404,Gary,Lloyd,gary.lloyd404@example.com,613.739.8810x2858,1964-02-18,Male,2024-12-11,Active,2024-12-11 04:59:18,2024-12-11 04:59:18
405,CUS-000405,Wesley,Peck,wesley.peck405@example.com,5224253052,1978-02-08,Male,2025-02-04,INACTIVE,2025-02-04 22:31:16,2025-02-04 22:31:16
406,CUS-000406,Tina,Lee,tina.lee406@example.com,+1-807-937-4455,1971-08-15,Other,2026-03-25,Active,2026-03-25 05:20:43,2026-03-25 05:20:43
407,CUS-000407,Jonathan,Graves,jonathan.graves407@example.com,505.455.8618,1959-03-20,Female,2026-05-08,Active,2026-05-08 20:19:23,2026-05-08 20:19:23
408,CUS-000408,Gabriela,Clark,gabriela.clark408@example.com,,2008-11-02,Other,2025-11-08,Active,2025-11-08 16:03:04,2025-11-08 16:03:04
409,CUS-000409,Abigail,Young,abigail.young409@example.com,619.463.1956x607,1987-05-27,Male,2024-05-25,Active,2024-05-25 12:55:09,2024-05-25 12:55:09
410,CUS-000410,Maria,Scott,maria.scott410@example.com,001-574-694-9985x944,1978-11-03,Female,2026-01-03,Active,2026-01-03 19:00:52,2026-01-03 19:00:52
411,CUS-000411,Aaron,Lopez,aaron.lopez411@example.com,(982)753-1329,1967-06-05,Female,2023-07-31,Active,2023-07-31 09:23:01,2023-07-31 09:23:01
412,CUS-000412,Joanna,Greene,joanna.greene412@example.com,001-827-749-6737,1963-09-23,Male,2025-12-14,Active,2025-12-14 17:15:44,2025-12-14 17:15:44
413,CUS-000413,Chad,Evans,chad.evans413@example.com,325.359.0890x746,1983-12-31,Other,2024-12-06,Active,2024-12-06 04:03:00,2024-12-06 04:03:00
414,CUS-000414,Trevor,Aguilar,trevor.aguilar414@example.com,001-665-594-2351x15614,1967-09-25,Male,2025-03-15,Active,2025-03-15 16:18:18,2025-03-15 16:18:18
415,CUS-000415,Raymond,Mcpherson,raymond.mcpherson415@example.com,689-330-5919,1979-01-07,Other,2024-07-07,Active,2024-07-07 22:07:43,2024-07-07 22:07:43
416,CUS-000416,Lauren,Mcdaniel,lauren.mcdaniel416@example.com,(800)739-6279x8161,1990-11-11,Female,2026-01-18,Active,2026-01-18 07:13:41,2026-01-18 07:13:41
417,CUS-000417,Kirsten,Flores,kirsten.flores417@example.com,+1-206-242-9687x454,1990-04-22,Female,2025-01-25,Active,2025-01-25 10:29:53,2025-01-25 10:29:53
418,CUS-000418,Jacob,Burgess,jacob.burgess418@example.com,401.286.9647x507,1982-09-01,Other,2025-12-24,Active,2025-12-24 23:11:42,2025-12-24 23:11:42
419,CUS-000419,Sarah,Brooks,sarah.brooks419@example.com,,1961-12-09,Other,2024-01-18,Active,2024-01-18 12:07:30,2024-01-18 12:07:30
420,CUS-000420,Andrea,Patterson,andrea.patterson420@example.com,001-995-547-5654,1956-05-26,Female,2026-03-04,Active,2026-03-04 20:31:41,2026-03-04 20:31:41
421,CUS-000421,Melissa,Bautista,melissa.bautista421@example.com,732.750.1186x25614,1996-11-04,Female,2025-06-19,Active,2025-06-19 00:54:28,2025-06-19 00:54:28
422,CUS-000422,Jennifer,Schultz,jennifer.schultz422@example.com,568.917.0816x303,1989-07-28,Female,2025-05-30,Active,2025-05-30 06:21:48,2025-05-30 06:21:48
423,CUS-000423,Kathleen,Alexander,kathleen.alexander423@example.com,001-396-773-9997x50811,2001-04-05,Other,2025-02-11,ACTIVE,2025-02-11 03:34:37,2025-02-11 03:34:37
424,CUS-000424,Jesse,Campbell,jesse.campbell424@example.com,570-918-5569x186,1984-05-05,Female,2023-11-18,Active,2023-11-18 08:53:10,2023-11-18 08:53:10
425,CUS-000425,Joshua,Diaz,joshua.diaz425@example.com,7543892572,1988-07-17,Female,2025-07-12,Active,2025-07-12 01:24:08,2025-07-12 01:24:08
426,CUS-000426,Brady,Gray,brady.gray426@example.com,451-238-5075x62762,2002-12-15,Male,2024-08-25,Active,2024-08-25 07:42:41,2024-08-25 07:42:41
427,CUS-000427,Elizabeth,Watts,elizabeth.watts427@example.com,295.249.3317x087,1982-07-07,Female,2025-09-14,active,2025-09-14 09:31:36,2025-09-14 09:31:36
428,CUS-000428,Brian,Herrera,brian.herrera428@example.com,808-294-2784x8188,1969-03-31,Other,2023-08-21,Active,2023-08-21 23:50:43,2023-08-21 23:50:43
429,CUS-000429,Amy,Hicks,amy.hicks429@example.com,934-606-7623x124,1962-03-18,Male,2026-03-06,Active,2026-03-06 09:54:38,2026-03-06 09:54:38
430,CUS-000430,Eric,Rocha,eric.rocha430@example.com,477-658-6407x87379,1984-02-11,Male,2023-06-29,Active,2023-06-29 20:53:58,2023-06-29 20:53:58
431,CUS-000431,Timothy,Stephens,timothy.stephens431@example.com,001-616-747-6628x76349,1997-12-09,Other,2023-07-04,Active,2023-07-04 21:34:29,2023-07-04 21:34:29
432,CUS-000432,Carrie,Freeman,carrie.freeman432@example.com,+1-394-400-7164x150,1974-03-22,Male,2025-05-22,Active,2025-05-22 07:05:54,2025-05-22 07:05:54
433,CUS-000433,Maria,White,maria.white433@example.com,(442)794-5770x11482,1986-03-30,Female,2024-12-25,Active,2024-12-25 00:25:11,2024-12-25 00:25:11
434,CUS-000434,Annette,Taylor,annette.taylor434@example.com,685-362-9597x651,1988-05-06,Other,2025-05-12,Active,2025-05-12 03:58:24,2025-05-12 03:58:24
435,CUS-000435,Nicholas,Tucker,nicholas.tucker435@example.com,+1-754-990-6862x82352,1981-12-11,Male,2025-12-07,Active,2025-12-07 13:29:13,2025-12-07 13:29:13
436,CUS-000436,Jose,Bowen,jose.bowen436@example.com,001-646-524-7524,1988-02-16,Other,2026-05-07,Active,2026-05-07 06:15:35,2026-05-07 06:15:35
437,CUS-000437,Kenneth,Marquez,kenneth.marquez437@example.com,+1-992-740-2410x905,2009-03-20,Other,2024-04-25,Active,2024-04-25 20:33:13,2024-04-25 20:33:13
438,CUS-000438,Nathan,Wagner,nathan.wagner438@example.com,315.852.3231x7912,1990-03-28,Female,2024-01-26,active,2024-01-26 21:43:39,2024-01-26 21:43:39
439,CUS-000439,Alexandra,Moreno,alexandra.moreno439@example.com,240.965.7998,1984-02-22,Other,2026-04-13,Active,2026-04-13 03:41:59,2026-04-13 03:41:59
440,CUS-000440,Nicole,Scott,nicole.scott440@example.com,+1-367-328-7751x7994,2009-11-03,Female,2025-10-30,Active,2025-10-30 15:26:12,2025-10-30 15:26:12
441,CUS-000441,Joseph,Hill,joseph.hill441@example.com,001-641-319-7837x69797,1956-06-09,Other,2026-01-26,Active,2026-01-26 16:42:30,2026-01-26 16:42:30
442,CUS-000442,Ashley,Potter,ashley.potter442@example.com,659.873.6329x1943,2001-12-25,Male,2025-10-22,Active,2025-10-22 20:15:34,2025-10-22 20:15:34
443,CUS-000443,Troy,Boyd,troy.boyd443@example.com,829-864-9030x335,1974-06-09,Other,2024-06-11,Inactive,2024-06-11 07:25:58,2024-06-11 07:25:58
444,CUS-000444,Olivia,Johns,olivia.johns444@example.com,(838)864-2072x41444,1981-09-30,Male,2025-01-22,Active,2025-01-22 12:14:54,2025-01-22 12:14:54
445,CUS-000445,Hailey,Coleman,hailey.coleman445@example.com,+1-674-455-7195x7383,1975-02-17,Other,2025-08-26,Active,2025-08-26 04:18:58,2025-08-26 04:18:58
446,CUS-000446,Jennifer,Carrillo,jennifer.carrillo446@example.com,(761)993-1125,1988-07-05,Female,2024-02-16,Inactive,2024-02-16 11:07:16,2024-02-16 11:07:16
447,CUS-000447,Gregory,Fuller,gregory.fuller447@example.com,+1-798-576-0408,2007-02-07,Female,2024-06-28,Active,2024-06-28 21:48:29,2024-06-28 21:48:29
448,CUS-000448,Ernest,Adams,ernest.adams448@example.com,001-438-388-6088x241,1994-07-30,Other,2026-05-14,Active,2026-05-14 18:00:56,2026-05-14 18:00:56
449,CUS-000449,Alexandria,Miller,alexandria.miller449@example.com,608.929.4035x47144,1975-09-19,,2023-11-07,Inactive,2023-11-07 13:41:55,2023-11-07 13:41:55
450,CUS-000450,Brian,Weeks,brian.weeks450@example.com,283.754.8331,1972-06-11,Other,2023-11-02,Inactive,2023-11-02 20:32:30,2023-11-02 20:32:30
451,CUS-000451,George,Smith,george.smith451@example.com,001-918-245-0563x825,1984-03-02,Female,2025-05-03,Active,2025-05-03 06:33:55,2025-05-03 06:33:55
452,CUS-000452,Emma,Reed,emma.reed452@example.com,267-379-9332x8033,1990-09-13,Other,2024-02-24,Inactive,2024-02-24 10:02:10,2024-02-24 10:02:10
453,CUS-000453,Stephanie,Coffey,stephanie.coffey453@example.com,628-426-1381,1986-08-04,Male,2026-03-30,Active,2026-03-30 03:01:49,2026-03-30 03:01:49
454,CUS-000454,Cory,Flores,cory.flores454@example.com,601-557-3151,1963-01-20,Other,2025-05-30,Active,2025-05-30 09:50:47,2025-05-30 09:50:47
455,CUS-000455,Ellen,Mcneil,ellen.mcneil455@example.com,+1-748-895-2194x668,2000-01-04,Other,2024-07-16,Active,2024-07-16 23:12:39,2024-07-16 23:12:39
456,CUS-000456,Zoe,Khan,zoe.khan456@example.com,(623)541-3500,1979-08-31,Male,2026-04-05,Active,2026-04-05 06:51:42,2026-04-05 06:51:42
457,CUS-000457,Mary,Perez,mary.perez457@example.com,4888875833,1976-01-06,Male,2024-04-02, Active ,2024-04-02 11:02:31,2024-04-02 11:02:31
458,CUS-000458,Jeffrey,Neal,jeffrey.neal458@example.com,+1-764-566-1533x53183,1966-12-25,Other,2024-12-03,Active,2024-12-03 21:17:28,2024-12-03 21:17:28
459,CUS-000459,Betty,Farmer,betty.farmer459@example.com,568.299.0657,2007-03-14,Female,2023-09-02,Active,2023-09-02 11:25:23,2023-09-02 11:25:23
460,CUS-000460,Candice,Haley,candice.haley460@example.com,2088757885,1960-06-23,Male,2025-11-29,Active,2025-11-29 09:18:30,2025-11-29 09:18:30
461,CUS-000461,Deanna,Copeland,deanna.copeland461@example.com,+1-998-728-5220x690,1978-02-06,Female,2023-11-27,Active,2023-11-27 13:16:27,2023-11-27 13:16:27
462,CUS-000462,Angela,Moore,angela.moore462@example.com,(852)426-9875x395,1985-08-12,Female,2025-04-15,Active,2025-04-15 07:20:21,2025-04-15 07:20:21
463,CUS-000463,John,Davis,john.davis463@example.com,631-246-9269x90451,1987-08-02,,2025-01-24,Active,2025-01-24 00:28:49,2025-01-24 00:28:49
464,CUS-000464,Peter,Hood,peter.hood464@example.com,362-568-2032,1974-12-05,Female,2025-06-25,Active,2025-06-25 23:32:58,2025-06-25 23:32:58
465,CUS-000465,Francisco,Riddle,francisco.riddle465@example.com,(713)479-3094x16318,1995-12-25,Female,2023-07-06,Active,2023-07-06 13:19:11,2023-07-06 13:19:11
466,CUS-000466,Paul,Green,paul.green466@example.com,2325916435,1990-04-28,Other,2025-12-01,Active,2025-12-01 19:32:31,2025-12-01 19:32:31
467,CUS-000467,Robert,Williams,robert.williams467@example.com,+1-934-205-9691x495,2003-09-16,Female,2023-09-06,Active,2023-09-06 20:49:25,2023-09-06 20:49:25
468,CUS-000468,Louis,Smith,louis.smith468@example.com,626.209.9598x6625,1999-11-16,Other,2024-02-29,Active,2024-02-29 07:10:50,2024-02-29 07:10:50
469,CUS-000469,Diamond,Nelson,diamond.nelson469@example.com,681-498-9521,1955-11-11,Female,2024-01-20,Active,2024-01-20 02:06:02,2024-01-20 02:06:02
470,CUS-000470,Michael,Mclean,michael.mclean470@example.com,2338302839,2003-10-31,Female,2024-02-14,Active,2024-02-14 21:00:25,2024-02-14 21:00:25
471,CUS-000471,Olivia,Castillo,OLIVIA.CASTILLO471 @ EXAMPLE.COM,(539)611-6756,1974-04-27,,2024-10-04,Active,2024-10-04 00:50:24,2024-10-04 00:50:24
472,CUS-000472,Melanie,Perez,melanie.perez472@example.com,781.970.6845,1965-05-31,Female,2024-09-06,Active,2024-09-06 11:44:46,2024-09-06 11:44:46
473,CUS-000473,Courtney,Booth,courtney.booth473@example.com,584.214.4800x78135,1979-10-14,Male,2025-03-28,Active,2025-03-28 00:12:02,2025-03-28 00:12:02
474,CUS-000474,Alexandra,Lewis,alexandra.lewis474@example.com,966.796.5553,1964-12-12,Other,2024-04-10,Active,2024-04-10 23:29:51,2024-04-10 23:29:51
475,CUS-000475,Edward,Thompson,edward.thompson475@example.com,(496)915-8920,1964-01-12,Female,2025-05-19,Active,2025-05-19 15:25:47,2025-05-19 15:25:47
476,CUS-000476,Jessica,Kelly,jessica.kelly476@example.com,001-537-879-3471x798,1964-03-18,Female,2025-08-31,Active,2025-08-31 12:06:33,2025-08-31 12:06:33
477,CUS-000477,Lisa,Baxter,lisa.baxter477@example.com,744.712.8005,1980-12-30,Other,2024-01-02,Active,2024-01-02 17:08:03,2024-01-02 17:08:03
478,CUS-000478,Kelsey,Logan,kelsey.logan478@example.com,694-900-2066,1987-07-03,Male,2024-09-03,Active,2024-09-03 13:18:19,2024-09-03 13:18:19
479,CUS-000479,Amy,Lee,amy.lee479@example.com,4399896316,2006-08-06,Male,2024-07-20,Active,2024-07-20 01:09:18,2024-07-20 01:09:18
480,CUS-000480,Richard,Garcia,richard.garcia480@example.com,001-855-866-9514x06515,1975-05-30,Female,2025-03-08,Active,2025-03-08 19:44:39,2025-03-08 19:44:39
481,CUS-000481,Kelly,Bennett,kelly.bennett481@example.com,831-221-0882x34346,1994-01-17,Female,2025-03-02,Active,2025-03-02 07:20:00,2025-03-02 07:20:00
482,CUS-000482,Samuel,Walker,samuel.walker482@example.com,001-578-352-3864x018,2008-07-30,Female,2025-03-30,Active,2025-03-30 04:39:50,2025-03-30 04:39:50
483,CUS-000483,Vincent,Stephenson,vincent.stephenson483@example.com,001-846-376-3426,1991-11-01,Male,2024-12-14,Active,2024-12-14 12:33:54,2024-12-14 12:33:54
484,CUS-000484,Amanda,Norman,amanda.norman484@example.com,+1-885-375-0426x7670,1961-10-01,Female,2025-12-27,Active,2025-12-27 22:35:45,2025-12-27 22:35:45
485,CUS-000485,Joseph,Martin,joseph.martin485@example.com,001-916-947-3167x30859,1969-11-23,Male,2025-01-10,Active,2025-01-10 01:13:14,2025-01-10 01:13:14
486,CUS-000486,Richard,Rodriguez,richard.rodriguez486@example.com,(280)202-3208,1958-06-13,Other,2025-06-28,Active,2025-06-28 06:51:01,2025-06-28 06:51:01
487,CUS-000487,Amanda,Roberts,amanda.roberts487@example.com,(356)208-9240x895,1982-06-09,Other,2023-12-05,Active,2023-12-05 15:42:47,2023-12-05 15:42:47
488,CUS-000488,Jonathan,Mccormick,jonathan.mccormick488@example.com,285-257-0322,1971-09-09,Female,2024-04-21,Active,2024-04-21 16:20:17,2024-04-21 16:20:17
489,CUS-000489,Jonathan,Macdonald,jonathan.macdonald489@example.com,329.425.2993x9108,2004-07-30,,2024-02-10,Active,2024-02-10 14:17:03,2024-02-10 14:17:03
490,CUS-000490,Kevin,Becker,KEVIN.BECKER490 @ EXAMPLE.COM,919-350-5404,2001-04-23,Female,2023-06-11,Active,2023-06-11 10:09:58,2023-06-11 10:09:58
491,CUS-000491,Ashley,Allen,ashley.allen491@example.com,+1-769-567-9719x255,1997-06-07,Other,2026-03-06,Active,2026-03-06 13:28:37,2026-03-06 13:28:37
492,CUS-000492,Gregory,Weber,gregory.weber492@example.com,(986)971-3548x3774,1965-01-14,Female,2024-04-28,Active,2024-04-28 11:21:44,2024-04-28 11:21:44
493,CUS-000493,Gregory,Leach,gregory.leach493@example.com,784.419.4039x6534,1972-08-03,Male,2023-08-19,Active,2023-08-19 01:14:34,2023-08-19 01:14:34
494,CUS-000494,Luis,Grant,luis.grant494@example.com,672.765.6966,1999-12-05,Female,2025-07-08,active,2025-07-08 07:49:55,2025-07-08 07:49:55
495,CUS-000495,Tammy,Watson,tammy.watson495@example.com,(609)508-7577x616,1991-03-22,Female,2026-03-18,active,2026-03-18 08:30:49,2026-03-18 08:30:49
496,CUS-000496,Michael,Burton,michael.burton496@example.com,001-994-222-2873,1962-04-04,Female,2026-04-01,Inactive,2026-04-01 04:57:16,2026-04-01 04:57:16
497,CUS-000497,Kevin,Lewis,kevin.lewis497@example.com,001-756-373-7025x419,2002-08-22,Female,2024-09-01,Active,2024-09-01 23:42:19,2024-09-01 23:42:19
498,CUS-000498,David,Ryan,david.ryan498@example.com,+1-620-699-9564x259,1961-09-17,Female,2025-11-15,Active,2025-11-15 12:16:58,2025-11-15 12:16:58
499,CUS-000499,Tyler,Smith,tyler.smith499@example.com,850.294.5362x5902,1968-08-07,Female,2023-11-02,Inactive,2023-11-02 13:03:04,2023-11-02 13:03:04
500,CUS-000500,Lindsey,Stephenson,lindsey.stephenson500@example.com,586.357.5279,1989-03-10,Female,2025-08-09,Active,2025-08-09 13:25:14,2025-08-09 13:25:14
501,CUS-000501,Gina,Johnson,gina.johnson501@example.com,311-355-8203,1991-06-26,Male,2025-07-08,Active,2025-07-08 17:40:14,2025-07-08 17:40:14
502,CUS-000502,Emily,Gardner,emily.gardner502@example.com,(533)925-6440x779,1961-07-08,Female,2026-02-08,Active,2026-02-08 02:31:50,2026-02-08 02:31:50
503,CUS-000503,Robert,Taylor,robert.taylor503@example.com,208.271.2938x099,2000-11-07,Male,2025-09-03,Inactive,2025-09-03 06:15:06,2025-09-03 06:15:06
504,CUS-000504,Brenda,Taylor,brenda.taylor504@example.com,+1-434-701-5123x5034,2003-02-06,Female,2024-11-07,Active,2024-11-07 13:04:09,2024-11-07 13:04:09
505,CUS-000505,Benjamin,Mcdonald,benjamin.mcdonald505@example.com,+1-867-455-1665x21167,1967-10-08,Other,2025-10-12,Active,2025-10-12 16:44:09,2025-10-12 16:44:09
506,CUS-000506,Jamie,Kelley,jamie.kelley506@example.com,960-884-4594,1995-02-03,Male,2025-10-05,Active,2025-10-05 16:19:07,2025-10-05 16:19:07
507,CUS-000507,Bryan,Ruiz,bryan.ruiz507@example.com,4444649637,2003-06-08,Male,2025-03-22,Active,2025-03-22 23:40:25,2025-03-22 23:40:25
508,CUS-000508,Marcia,Johnson,marcia.johnson508@example.com,731.845.3956x30689,2007-07-23,Other,2025-04-10,Active,2025-04-10 07:00:02,2025-04-10 07:00:02
509,CUS-000509,Christian,Whitaker,christian.whitaker509@example.com,(397)718-4752,1969-09-20,Female,2025-10-06,Active,2025-10-06 05:06:16,2025-10-06 05:06:16
510,CUS-000510,Matthew,White,matthew.white510@example.com,001-966-623-7214,1986-03-26,Other,2025-03-01,Active,2025-03-01 17:56:55,2025-03-01 17:56:55
511,CUS-000511,Paul,Alexander,paul.alexander511@example.com,294.613.9048,1965-12-10,Male,2024-09-19,Active,2024-09-19 01:18:37,2024-09-19 01:18:37
512,CUS-000512,Joseph,Ramos,joseph.ramos512@example.com,532.599.8482,1970-12-29,Male,2026-05-23,Inactive,2026-05-23 03:56:53,2026-05-23 03:56:53
513,CUS-000513,William,Coffey,william.coffey513@example.com,(406)806-6182,1964-05-24,Other,2024-11-27,Active,2024-11-27 02:59:40,2024-11-27 02:59:40
514,CUS-000514,Crystal,Wilson,crystal.wilson514@example.com,+1-436-907-2538x7230,1964-11-13,Female,2025-02-22,Active,2025-02-22 23:49:05,2025-02-22 23:49:05
515,CUS-000515,Tami,Arroyo,tami.arroyo515@example.com,525.804.7935x3213,1993-09-19,Other,2024-04-05,ACTIVE,2024-04-05 20:10:27,2024-04-05 20:10:27
516,CUS-000516,Brian,Pearson,brian.pearson516@example.com,747.585.4430,1965-10-31,Female,2025-03-12,Active,2025-03-12 15:00:08,2025-03-12 15:00:08
517,CUS-000517,James,Morales,james.morales517@example.com,+1-223-505-4043x6282,1992-05-13,Other,2024-06-23,Active,2024-06-23 18:29:52,2024-06-23 18:29:52
518,CUS-000518,Robert,Leblanc,robert.leblanc518@example.com,(886)836-1447,1962-06-19,Male,2026-04-08,Active,2026-04-08 10:16:10,2026-04-08 10:16:10
519,CUS-000519,Miranda,Bell,miranda.bell519@example.com,(905)435-5982x7129,1959-01-28,Other,2024-03-14,Active,2024-03-14 00:16:14,2024-03-14 00:16:14
520,CUS-000520,Ashley,Reynolds,ashley.reynolds520@example.com,2515687585,1979-06-17,Female,2026-01-14,Active,2026-01-14 11:33:24,2026-01-14 11:33:24
521,CUS-000521,Shari,Jones,shari.jones521@example.com,,1977-02-05,Female,2025-10-14,Suspended,2025-10-14 01:52:13,2025-10-14 01:52:13
522,CUS-000522,Amanda,Donovan,amanda.donovan522@example.com,952-670-5035x7840,1988-09-16,,2024-11-14,Inactive,2024-11-14 04:25:03,2024-11-14 04:25:03
523,CUS-000523,Brian,Fox,brian.fox523@example.com,5786462161,1992-03-18,Male,2026-04-10,Active,2026-04-10 13:40:41,2026-04-10 13:40:41
524,CUS-000524,Holly,Miller,holly.miller524@example.com,932.508.8719,1984-07-08,,2026-04-30,Active,2026-04-30 19:58:40,2026-04-30 19:58:40
525,CUS-000525,Miguel,Goodman,miguel.goodman525@example.com,+1-321-651-2178,2000-11-07,Female,2023-12-03,Active,2023-12-03 04:31:20,2023-12-03 04:31:20
526,CUS-000526,Gregory,Jones,gregory.jones526@example.com,001-220-641-3994x4428,1978-02-20,Male,2024-09-26,Active,2024-09-26 23:13:08,2024-09-26 23:13:08
527,CUS-000527,Brian,Turner,brian.turner527@example.com,605-759-2740,1987-12-22,Other,2024-04-07,Active,2024-04-07 08:06:14,2024-04-07 08:06:14
528,CUS-000528,Jerry,Sanders,jerry.sanders528@example.com,632.988.0110,2002-12-21,Female,2026-02-01,Active,2026-02-01 17:57:41,2026-02-01 17:57:41
529,CUS-000529,Clayton,May,clayton.may529@example.com,(318)671-9912x180,1988-03-15,Male,2024-07-23,Active,2024-07-23 16:44:25,2024-07-23 16:44:25
530,CUS-000530,Robert,Hernandez,robert.hernandez530@example.com,001-637-657-6234,2006-08-02,Male,2024-04-21,Active,2024-04-21 08:01:57,2024-04-21 08:01:57
531,CUS-000531,Lisa,Gardner,lisa.gardner531@example.com,(265)577-9305,2003-03-06,Other,2024-06-10,Active,2024-06-10 01:33:45,2024-06-10 01:33:45
532,CUS-000532,Michelle,Williams,michelle.williams532@example.com,(570)289-2418,1995-05-23,Male,2026-01-22,Active,2026-01-22 19:30:26,2026-01-22 19:30:26
533,CUS-000533,Andrea,Hood,andrea.hood533@example.com,(996)981-4170x44743,1992-12-30,Male,2024-06-15,Active,2024-06-15 21:13:13,2024-06-15 21:13:13
534,CUS-000534,Jennifer,Floyd,jennifer.floyd534@example.com,476.491.3396x70916,2010-03-31,Other,2025-03-10,Active,2025-03-10 14:19:47,2025-03-10 14:19:47
535,CUS-000535,Jeanette,Howard,jeanette.howard535@example.com,548.942.6121,2008-01-04,Male,2024-03-18,Active,2024-03-18 16:45:46,2024-03-18 16:45:46
536,CUS-000536,Theodore,Diaz,theodore.diaz536@example.com,4354983106,1961-03-24,Male,2024-10-16,Active,2024-10-16 07:03:34,2024-10-16 07:03:34
537,CUS-000537,Bruce,Oneill,bruce.oneill537@example.com,472-675-4520x065,2005-08-13,Female,2024-05-20,Active,2024-05-20 02:56:34,2024-05-20 02:56:34
538,CUS-000538,Joshua,Cobb,joshua.cobb538@example.com,278.538.6182x64860,1956-08-25,Female,2023-08-13,Active,2023-08-13 03:34:35,2023-08-13 03:34:35
539,CUS-000539,Daniel,Gonzales,daniel.gonzales539@example.com,001-723-575-2131x33871,2003-05-10,Male,2024-02-21,Active,2024-02-21 05:09:30,2024-02-21 05:09:30
540,CUS-000540,Mary,Burnett,mary.burnett540@example.com,001-258-512-9607x69738,1975-02-08,Male,2023-07-07,Active,2023-07-07 10:33:23,2023-07-07 10:33:23
541,CUS-000541,Mary,Fitzgerald,mary.fitzgerald541@example.com,611.738.0202x8220,2008-05-17,Other,2024-05-09, Active ,2024-05-09 03:47:31,2024-05-09 03:47:31
542,CUS-000542,Tara,Robinson,tara.robinson542@example.com,801-619-3843x269,1970-11-10,Other,2023-08-06,Active,2023-08-06 03:08:54,2023-08-06 03:08:54
543,CUS-000543,Shawn,Miller,shawn.miller543@example.com,706.641.2950x415,1980-03-24,Female,2024-11-22,Inactive,2024-11-22 10:08:00,2024-11-22 10:08:00
544,CUS-000544,Richard,Galloway,richard.galloway544@example.com,646-824-4608x99236,1968-06-01,Female,2023-08-30,Active,2023-08-30 03:03:44,2023-08-30 03:03:44
545,CUS-000545,Jennifer,Merritt,jennifer.merritt545@example.com,(815)882-8771x460,1995-09-03,,2025-08-12,Active,2025-08-12 19:11:03,2025-08-12 19:11:03
546,CUS-000546,Monica,Payne,monica.payne546@example.com,(822)740-4057x105,1994-11-19,Other,2023-12-07,Inactive,2023-12-07 10:46:20,2023-12-07 10:46:20
547,CUS-000547,Vincent,Smith,vincent.smith547@example.com,999.283.2069,1974-01-02,Other,2023-09-18,Active,2023-09-18 22:23:33,2023-09-18 22:23:33
548,CUS-000548,Kimberly,Singleton,kimberly.singleton548@example.com,+1-681-990-7152,1973-04-09,Female,2025-06-22,Active,2025-06-22 23:34:48,2025-06-22 23:34:48
549,CUS-000549,Elizabeth,Hernandez,elizabeth.hernandez549@example.com,338-241-9220x8054,1960-10-14,Female,2024-01-08,Active,2024-01-08 18:58:40,2024-01-08 18:58:40
550,CUS-000550,Mark,Flores,mark.flores550@example.com,001-560-398-7011x511,1961-08-08,Female,2024-02-18,Active,2024-02-18 11:41:23,2024-02-18 11:41:23
551,CUS-000551,Debra,Robertson,debra.robertson551@example.com,873.718.6725x7687,1986-04-03,Female,2025-08-01,Active,2025-08-01 17:51:19,2025-08-01 17:51:19
552,CUS-000552,Erin,Rodriguez,erin.rodriguez552@example.com,001-684-704-0998x6485,2005-07-04,Other,2024-02-13,Active,2024-02-13 04:47:34,2024-02-13 04:47:34
553,CUS-000553,Lindsay,Walker,lindsay.walker553@example.com,001-816-883-1273x1982,1958-01-22,Male,2025-02-12,Inactive,2025-02-12 23:04:43,2025-02-12 23:04:43
554,CUS-000554,Amber,Johnson,amber.johnson554@example.com,7259140459,1998-11-29,Female,2023-11-05,Active,2023-11-05 01:02:08,2023-11-05 01:02:08
555,CUS-000555,Chris,Ramirez,chris.ramirez555@example.com,001-841-732-8136,1955-11-19,Other,2025-11-05,Inactive,2025-11-05 16:34:59,2025-11-05 16:34:59
556,CUS-000556,Kevin,Frey,kevin.frey556@example.com,+1-774-781-6919,2010-01-17,Female,2025-06-28,Active,2025-06-28 21:27:26,2025-06-28 21:27:26
557,CUS-000557,Allison,Ward,allison.ward557@example.com,(965)811-9917,2000-10-11,Other,2023-07-17,Inactive,2023-07-17 00:26:26,2023-07-17 00:26:26
558,CUS-000558,Dylan,Porter,dylan.porter558@example.com,792-348-1975,1988-06-11,Other,2025-11-08,Active,2025-11-08 22:21:31,2025-11-08 22:21:31
559,CUS-000559,Theresa,Scott,theresa.scott559@example.com,,1976-09-08,Male,2023-11-02,Active,2023-11-02 23:23:11,2023-11-02 23:23:11
560,CUS-000560,Tiffany,Wilcox,tiffany.wilcox560@example.com,(375)580-1727x16956,2000-05-12,Male,2025-04-17,Active,2025-04-17 18:33:56,2025-04-17 18:33:56
561,CUS-000561,Matthew,Thompson,matthew.thompson561@example.com,585-405-5858x830,1961-09-26,,2025-12-14,Active,2025-12-14 04:20:35,2025-12-14 04:20:35
562,CUS-000562,Brittney,Warner,brittney.warner562@example.com,4943896976,1956-05-08,Male,2025-02-10,Active,2025-02-10 15:15:05,2025-02-10 15:15:05
563,CUS-000563,Michael,Diaz,michael.diaz563@example.com,7452831160,1961-03-20,Male,2026-01-13,Active,2026-01-13 09:50:43,2026-01-13 09:50:43
564,CUS-000564,Micheal,Taylor,micheal.taylor564@example.com,979-463-5573x90040,1974-08-05,Male,2025-07-30,Inactive,2025-07-30 12:26:06,2025-07-30 12:26:06
565,CUS-000565,Charlene,Martin,charlene.martin565@example.com,913-971-5227x0714,1982-03-26,,2024-04-06,Active,2024-04-06 08:54:14,2024-04-06 08:54:14
566,CUS-000566,Ruben,Smith,ruben.smith566@example.com,001-466-272-9157x8753,2000-08-21,Male,2023-08-30,Active,2023-08-30 19:18:17,2023-08-30 19:18:17
567,CUS-000567,Kenneth,Rollins,kenneth.rollins567@example.com,+1-379-461-3158x8096,1966-06-17,Female,2025-11-05,Inactive,2025-11-05 21:40:20,2025-11-05 21:40:20
568,CUS-000568,David,Snyder,david.snyder568@example.com,(474)216-1761,1956-12-12,Male,2026-05-17,active,2026-05-17 17:07:22,2026-05-17 17:07:22
569,CUS-000569,Jasmine,Ramirez,jasmine.ramirez569@example.com,551-319-6544,1999-01-19,Female,2026-02-22,Active,2026-02-22 14:13:35,2026-02-22 14:13:35
570,CUS-000570,Carrie,Greene,carrie.greene570@example.com,(331)839-8360x095,1963-03-05,Other,2023-10-29,Active,2023-10-29 14:05:27,2023-10-29 14:05:27
571,CUS-000571,Elizabeth,Klein,elizabeth.klein571@example.com,(218)718-5026x6546,1986-01-07,Other,2025-10-18,Active,2025-10-18 05:59:56,2025-10-18 05:59:56
572,CUS-000572,Luis,Fleming,luis.fleming572@example.com,+1-898-627-2204x39392,2002-07-07,Other,2026-04-20,Active,2026-04-20 20:46:30,2026-04-20 20:46:30
573,CUS-000573,Kelly,Beck,kelly.beck573@example.com,,1958-02-26,Male,2025-03-25,Active,2025-03-25 13:16:52,2025-03-25 13:16:52
574,CUS-000574,Hailey,Olson,hailey.olson574@example.com,538.561.6192x29880,2009-02-02,Female,2025-10-22,Active,2025-10-22 16:01:44,2025-10-22 16:01:44
575,CUS-000575,Tina,Delgado,tina.delgado575@example.com,474.753.7011,1957-03-28,Female,2025-09-04,Active,2025-09-04 08:26:49,2025-09-04 08:26:49
576,CUS-000576,Michael,Torres,michael.torres576@example.com,001-939-630-6885,2005-07-13,Male,2026-03-17,Active,2026-03-17 04:25:33,2026-03-17 04:25:33
577,CUS-000577,Julie,Montoya,julie.montoya577@example.com,001-926-902-4123x6104,1968-08-19,Other,2024-09-15,Active,2024-09-15 08:15:55,2024-09-15 08:15:55
578,CUS-000578,Heather,Garcia,heather.garcia578@example.com,900-760-2314x1583,1989-03-12,Male,2025-07-07,Inactive,2025-07-07 11:40:57,2025-07-07 11:40:57
579,CUS-000579,Jacob,Hudson,jacob.hudson579@example.com,638.997.2099,1994-05-30,Male,2025-01-11,Active,2025-01-11 08:18:35,2025-01-11 08:18:35
580,CUS-000580,Jeffrey,Watts,jeffrey.watts580@example.com,001-739-534-9042x1278,1964-12-23,Other,2024-05-12,Active,2024-05-12 04:08:45,2024-05-12 04:08:45
581,CUS-000581,John,Watson,john.watson581@example.com,+1-275-291-3109x961,1968-11-19,Male,2025-03-31,Inactive,2025-03-31 06:21:51,2025-03-31 06:21:51
582,CUS-000582,Kelly,Willis,kelly.willis582@example.com,(690)417-6612,1959-07-29,Female,2026-05-03,Active,2026-05-03 13:46:00,2026-05-03 13:46:00
583,CUS-000583,James,Le,james.le583@example.com,3635875676,1977-12-22,Female,2025-09-16,Inactive,2025-09-16 12:31:45,2025-09-16 12:31:45
584,CUS-000584,Christopher,Golden,christopher.golden584@example.com,+1-679-417-7617,1991-06-15,Other,2023-10-06,Active,2023-10-06 23:16:14,2023-10-06 23:16:14
585,CUS-000585,Jacqueline,Roberts,jacqueline.roberts585@example.com,+1-643-262-4402x186,1972-04-28,Male,2025-06-25,Active,2025-06-25 08:13:06,2025-06-25 08:13:06
586,CUS-000586,Belinda,Martin,belinda.martin586@example.com,9555813979,2008-02-13,Female,2024-01-24,active,2024-01-24 21:49:09,2024-01-24 21:49:09
587,CUS-000587,Michelle,Cochran,michelle.cochran587@example.com,967.220.2545x562,2010-03-07,Male,2024-03-19,Active,2024-03-19 12:39:20,2024-03-19 12:39:20
588,CUS-000588,Jacob,Butler,jacob.butler588@example.com,001-218-696-8716x0655,1957-11-18,Male,2024-11-20,Active,2024-11-20 11:42:32,2024-11-20 11:42:32
589,CUS-000589,Peggy,Hunt,peggy.hunt589@example.com,(529)609-5006x92764,1957-07-06,Male,2025-12-22,Active,2025-12-22 22:35:13,2025-12-22 22:35:13
590,CUS-000590,John,Andrews,john.andrews590@example.com,+1-488-830-9720x690,2002-12-10,Other,2024-12-15,Active,2024-12-15 13:10:11,2024-12-15 13:10:11
591,CUS-000591,Jennifer,Harris,jennifer.harris591@example.com,001-875-393-1185,1959-12-27,Female,2025-05-05,Active,2025-05-05 13:40:40,2025-05-05 13:40:40
592,CUS-000592,Robert,Elliott,robert.elliott592@example.com,001-824-995-1735x7129,1978-09-01,Female,2026-04-29,Active,2026-04-29 05:40:06,2026-04-29 05:40:06
593,CUS-000593,Amy,Mitchell,amy.mitchell593@example.com,335-369-9737,1983-08-04,Other,2025-04-02,Active,2025-04-02 06:32:19,2025-04-02 06:32:19
594,CUS-000594,Sherry,Baker,sherry.baker594@example.com,760.365.7129x20037,1956-07-11,Female,2024-04-15,Active,2024-04-15 02:05:46,2024-04-15 02:05:46
595,CUS-000595,Luis,Stephens,luis.stephens595@example.com,+1-480-391-3753x3444,2005-05-11,Female,2024-05-14,Active,2024-05-14 20:41:57,2024-05-14 20:41:57
596,CUS-000596,Rhonda,Carter,rhonda.carter596@example.com,614.317.9626,1988-11-28,Other,2023-10-15,Active,2023-10-15 12:01:44,2023-10-15 12:01:44
597,CUS-000597,Gerald,Martin,gerald.martin597@example.com,001-451-794-2264,2003-03-19,Female,2024-05-26,Active,2024-05-26 00:09:53,2024-05-26 00:09:53
598,CUS-000598,Stephanie,Alvarez,stephanie.alvarez598@example.com,+1-878-395-9576,1973-03-19,Female,2026-04-24,Active,2026-04-24 05:43:43,2026-04-24 05:43:43
599,CUS-000599,Karen,Hart,karen.hart599@example.com,001-610-849-4510x8571,1985-09-26,Other,2025-05-19,Active,2025-05-19 06:28:35,2025-05-19 06:28:35
600,CUS-000600,Zoe,Moreno,zoe.moreno600@example.com,(658)461-8118x53109,1997-07-30,Female,2023-10-04,Active,2023-10-04 05:10:17,2023-10-04 05:10:17
601,CUS-000601,Thomas,Morris,thomas.morris601@example.com,725-280-8175,1972-04-02,Female,2023-11-06,Inactive,2023-11-06 21:17:26,2023-11-06 21:17:26
602,CUS-000602,Melanie,Nelson,melanie.nelson602@example.com,401.524.0768x30276,1978-08-23,Female,2024-12-21,Inactive,2024-12-21 17:19:20,2024-12-21 17:19:20
603,CUS-000603,Richard,Petersen,richard.petersen603@example.com,+1-780-807-8389x1503,1971-03-25,Male,2026-03-08,INACTIVE,2026-03-08 16:22:27,2026-03-08 16:22:27
604,CUS-000604,Anthony,Garcia,anthony.garcia604@example.com,296-390-3032x288,1962-09-29,Female,2024-10-09,Active,2024-10-09 21:26:05,2024-10-09 21:26:05
605,CUS-000605,Mary,Pena,mary.pena605@example.com,5958065196,1969-01-27,Female,2025-05-15,Active,2025-05-15 09:12:13,2025-05-15 09:12:13
606,CUS-000606,Michael,Clark,michael.clark606@example.com,761.616.6632x5723,1960-12-29,Male,2025-08-24,Active,2025-08-24 09:44:41,2025-08-24 09:44:41
607,CUS-000607,Carol,Brown,carol.brown607@example.com,944-506-3049x32365,1993-08-22,Female,2024-06-10,Active,2024-06-10 15:59:12,2024-06-10 15:59:12
608,CUS-000608,Lisa,Jimenez,lisa.jimenez608@example.com,400-357-4994x997,1997-11-06,Male,2024-07-15,Active,2024-07-15 07:31:00,2024-07-15 07:31:00
609,CUS-000609,Stephanie,Woods,stephanie.woods609@example.com,(955)612-1406,1960-08-18,Male,2024-01-11,Inactive,2024-01-11 19:40:43,2024-01-11 19:40:43
610,CUS-000610,Angelica,Carter,angelica.carter610@example.com,263.277.3323x48938,1989-03-17,Male,2025-01-30,Active,2025-01-30 07:30:18,2025-01-30 07:30:18
611,CUS-000611,Joseph,Vaughan,joseph.vaughan611@example.com,705-289-0491x2002,1994-02-07,Other,2023-09-05,Active,2023-09-05 15:36:08,2023-09-05 15:36:08
612,CUS-000612,Henry,Lyons,henry.lyons612@example.com,001-466-751-1729x2238,1971-07-10,Male,2025-03-19,Active,2025-03-19 16:20:37,2025-03-19 16:20:37
613,CUS-000613,Scott,Schmidt,scott.schmidt613@example.com,,1960-07-06,Other,2025-03-19,Active,2025-03-19 00:31:41,2025-03-19 00:31:41
614,CUS-000614,Vanessa,Gordon,vanessa.gordon614@example.com,(246)462-0551x6100,2007-10-24,Male,2024-01-18,Active,2024-01-18 02:48:01,2024-01-18 02:48:01
615,CUS-000615,Terry,Clark,terry.clark615@example.com,5239508459,1984-05-31,Male,2023-11-14,Active,2023-11-14 00:51:55,2023-11-14 00:51:55
616,CUS-000616,Oscar,Lane,oscar.lane616@example.com,8526345448,1958-04-16,Other,2026-04-02,Active,2026-04-02 19:51:03,2026-04-02 19:51:03
617,CUS-000617,Amber,Munoz,amber.munoz617@example.com,001-761-677-8252x6572,1974-12-26,Male,2024-02-27,Active,2024-02-27 16:59:35,2024-02-27 16:59:35
618,CUS-000618,Kyle,Perez,kyle.perez618@example.com,,1989-01-12,Male,2023-07-12,Inactive,2023-07-12 00:25:44,2023-07-12 00:25:44
619,CUS-000619,Sara,Smith,sara.smith619@example.com,346.279.4595x89130,2000-07-24,Male,2024-05-28,Inactive,2024-05-28 08:53:41,2024-05-28 08:53:41
620,CUS-000620,Autumn,Roberts,autumn.roberts620@example.com,838.235.5042,1990-07-07,Male,2025-02-26,Active,2025-02-26 13:05:59,2025-02-26 13:05:59
621,CUS-000621,Alicia,Crawford,alicia.crawford621@example.com,+1-204-840-7173,1970-07-02,Other,2023-11-16,Active,2023-11-16 16:22:55,2023-11-16 16:22:55
622,CUS-000622,Latoya,Taylor,latoya.taylor622@example.com,602-854-6911x698,1998-01-16,Male,2024-09-04,Inactive,2024-09-04 20:19:45,2024-09-04 20:19:45
623,CUS-000623,Valerie,Wells,valerie.wells623@example.com,843-985-9461x482,1998-03-22,Male,2024-02-23,Active,2024-02-23 06:11:05,2024-02-23 06:11:05
624,CUS-000624,Matthew,Maxwell,matthew.maxwell624@example.com,827-696-6823x3604,1981-11-26,Male,2024-04-20,Active,2024-04-20 22:22:55,2024-04-20 22:22:55
625,CUS-000625,Shawn,Reese,shawn.reese625@example.com,+1-792-828-9346x086,2008-05-09,Male,2025-09-30,Active,2025-09-30 02:34:12,2025-09-30 02:34:12
626,CUS-000626,Kimberly,Wagner,kimberly.wagner626@example.com,8986492536,1977-06-10,Male,2023-06-19,Active,2023-06-19 06:54:25,2023-06-19 06:54:25
627,CUS-000627,Barbara,Hamilton,barbara.hamilton627@example.com,001-528-393-9486,1957-07-05,Female,2024-02-18,Active,2024-02-18 18:43:51,2024-02-18 18:43:51
628,CUS-000628,Kaylee,Mccall,kaylee.mccall628@example.com,+1-248-318-6542x97692,1976-11-23,Female,2023-12-18,Inactive,2023-12-18 02:44:03,2023-12-18 02:44:03
629,CUS-000629,Michael,Byrd,michael.byrd629@example.com,391-606-1633x725,2006-02-26,Female,2025-02-19,Suspended,2025-02-19 06:19:07,2025-02-19 06:19:07
630,CUS-000630,Rachael,Coffey,rachael.coffey630@example.com,001-857-466-8007x5170,1991-05-08,Male,2025-10-17,Active,2025-10-17 21:32:13,2025-10-17 21:32:13
631,CUS-000631,Justin,Howard,JUSTIN.HOWARD631 @ EXAMPLE.COM,694.624.1931x24037,1957-10-06,Male,2023-09-27,Active,2023-09-27 14:41:11,2023-09-27 14:41:11
632,CUS-000632,Grace,Nelson,grace.nelson632@example.com,001-853-883-4928x64616,1965-09-23,Female,2025-10-30,Active,2025-10-30 20:11:36,2025-10-30 20:11:36
633,CUS-000633,Kenneth,Moore,kenneth.moore633@example.com,661-556-6835,1995-01-15,Female,2025-10-24,Active,2025-10-24 14:58:54,2025-10-24 14:58:54
634,CUS-000634,Charles,Johnson,charles.johnson634@example.com,(468)825-8036x5294,1976-12-10,Male,2023-12-06,Active,2023-12-06 08:51:27,2023-12-06 08:51:27
635,CUS-000635,Aaron,Martinez,aaron.martinez635@example.com,395-421-6480x930,1958-11-29,Other,2025-10-29,Active,2025-10-29 12:14:00,2025-10-29 12:14:00
636,CUS-000636,Jordan,Harrington,jordan.harrington636@example.com,001-580-875-3625x4607,1960-06-12,Other,2024-12-22,Active,2024-12-22 23:18:40,2024-12-22 23:18:40
637,CUS-000637,Megan,Jefferson,megan.jefferson637@example.com,+1-654-457-3826,1967-07-12,Other,2024-12-20,Active,2024-12-20 16:29:24,2024-12-20 16:29:24
638,CUS-000638,Timothy,Nelson,timothy.nelson638@example.com,+1-601-624-6520x587,2004-09-23,Male,2024-12-13,Active,2024-12-13 09:16:41,2024-12-13 09:16:41
639,CUS-000639,Natasha,Bates,natasha.bates639@example.com,,1979-03-09,Female,2025-06-26,Active,2025-06-26 14:24:12,2025-06-26 14:24:12
640,CUS-000640,Joyce,Davis,joyce.davis640@example.com,6295509157,1985-08-01,Female,2024-06-04,Suspended,2024-06-04 07:15:53,2024-06-04 07:15:53
641,CUS-000641,Manuel,Roberts,manuel.roberts641@example.com,(312)639-6657x017,1967-09-23,Other,2025-10-26,Active,2025-10-26 10:34:40,2025-10-26 10:34:40
642,CUS-000642,Eric,Carter,eric.carter642@example.com,+1-801-413-6161x72703,1961-02-17,Other,2025-03-27,Active,2025-03-27 20:39:23,2025-03-27 20:39:23
643,CUS-000643,Richard,Jordan,richard.jordan643@example.com,779.717.9046,1976-07-10,Other,2026-04-20,Active,2026-04-20 11:53:14,2026-04-20 11:53:14
644,CUS-000644,Michael,Thompson,michael.thompson644@example.com,+1-491-775-7435x00936,1959-12-18,Female,2026-01-21,Active,2026-01-21 14:10:40,2026-01-21 14:10:40
645,CUS-000645,Andrew,Smith,andrew.smith645@example.com,+1-816-396-9488x362,1979-12-10,Male,2025-02-14,Active,2025-02-14 12:26:15,2025-02-14 12:26:15
646,CUS-000646,Dawn,Barajas,dawn.barajas646@example.com,001-261-360-0151,1958-11-20,Male,2024-06-25,Active,2024-06-25 17:41:07,2024-06-25 17:41:07
647,CUS-000647,Robert,Barrett,robert.barrett647@example.com,,1962-04-09,Other,2026-02-01,Active,2026-02-01 20:58:27,2026-02-01 20:58:27
648,CUS-000648,Samantha,Patrick,samantha.patrick648@example.com,368-267-2624,1996-05-05,Other,2024-12-11,Active,2024-12-11 08:47:49,2024-12-11 08:47:49
649,CUS-000649,Tyler,Harris,tyler.harris649@example.com,001-297-367-8344x26757,1992-05-08,Male,2023-11-09,Active,2023-11-09 15:47:08,2023-11-09 15:47:08
650,CUS-000650,Sean,Kelly,sean.kelly650@example.com,+1-215-958-1667x3367,1959-06-24,Other,2026-02-07,Active,2026-02-07 18:00:28,2026-02-07 18:00:28
651,CUS-000651,Shawn,Thompson,shawn.thompson651@example.com,8993348957,1961-09-21,Male,2025-02-04,Active,2025-02-04 15:23:54,2025-02-04 15:23:54
652,CUS-000652,Kaitlyn,Wilson,kaitlyn.wilson652@example.com,897-579-8464,1990-07-03,Female,2025-09-04,Active,2025-09-04 03:58:10,2025-09-04 03:58:10
653,CUS-000653,Kristina,Chambers,kristina.chambers653@example.com,223.908.0157x4248,1957-10-31,Male,2024-05-24,Active,2024-05-24 14:04:19,2024-05-24 14:04:19
654,CUS-000654,Crystal,Douglas,crystal.douglas654@example.com,(468)523-4120,1956-06-15,Female,2023-07-26,Active,2023-07-26 22:29:01,2023-07-26 22:29:01
655,CUS-000655,Courtney,Elliott,courtney.elliott655@example.com,(994)225-7771x248,1993-05-28,Other,2023-08-19,Active,2023-08-19 11:33:49,2023-08-19 11:33:49
656,CUS-000656,Melissa,Jones,melissa.jones656@example.com,+1-441-566-6855,2005-04-15,Male,2025-09-23,Active,2025-09-23 09:17:10,2025-09-23 09:17:10
657,CUS-000657,Jessica,Powers,jessica.powers657@example.com,407.989.7144,1976-03-04,Other,2025-09-16,Active,2025-09-16 19:39:26,2025-09-16 19:39:26
658,CUS-000658,Harold,Perry,harold.perry658@example.com,955-800-9688x4096,1997-10-07,Other,2024-02-15, Active ,2024-02-15 21:34:19,2024-02-15 21:34:19
659,CUS-000659,Belinda,Reed,belinda.reed659@example.com,699-262-0661,1974-08-08,Other,2023-09-27,Active,2023-09-27 08:55:40,2023-09-27 08:55:40
660,CUS-000660,Mark,Matthews,mark.matthews660@example.com,001-580-694-7697x5712,1995-02-19,Other,2025-10-31,active,2025-10-31 20:58:40,2025-10-31 20:58:40
661,CUS-000661,Antonio,Perez,antonio.perez661@example.com,788-584-1440x61996,1984-04-09,Other,2026-01-31,Active,2026-01-31 05:39:51,2026-01-31 05:39:51
662,CUS-000662,Kelly,Miller,kelly.miller662@example.com,+1-524-966-5334x053,1993-05-23,Female,2024-01-10,Active,2024-01-10 14:50:01,2024-01-10 14:50:01
663,CUS-000663,Victoria,Little,victoria.little663@example.com,(996)589-8014x1914,2008-01-29,Male,2023-10-16,Suspended,2023-10-16 09:47:04,2023-10-16 09:47:04
664,CUS-000664,Ashlee,Potter,ashlee.potter664@example.com,001-782-671-1390x817,1966-06-01,Other,2024-07-23,Active,2024-07-23 12:45:58,2024-07-23 12:45:58
665,CUS-000665,Taylor,Mcdonald,taylor.mcdonald665@example.com,6262591290,1993-06-02,Other,2023-11-27,Active,2023-11-27 19:21:45,2023-11-27 19:21:45
666,CUS-000666,Kathleen,Kelly,kathleen.kelly666@example.com,+1-292-304-7790,1970-06-02,Female,2026-03-02,Active,2026-03-02 18:55:23,2026-03-02 18:55:23
667,CUS-000667,Bruce,Carroll,bruce.carroll667@example.com,606.523.5989,1989-11-02,Female,2025-10-10,Active,2025-10-10 07:47:37,2025-10-10 07:47:37
668,CUS-000668,Rachel,Stone,rachel.stone668@example.com,9692734016,1992-11-23,Other,2025-03-15,Active,2025-03-15 08:33:44,2025-03-15 08:33:44
669,CUS-000669,Rodney,Rivera,rodney.rivera669@example.com,322-857-6180x120,1983-06-02,Male,2023-06-30,Active,2023-06-30 12:48:37,2023-06-30 12:48:37
670,CUS-000670,Nicholas,Elliott,nicholas.elliott670@example.com,822.863.8134x730,1981-08-10,Male,2025-07-14,Active,2025-07-14 01:52:16,2025-07-14 01:52:16
671,CUS-000671,Christopher,Bryan,christopher.bryan671@example.com,344-882-0880x04771,1995-08-12,Other,2023-10-22,Inactive,2023-10-22 02:35:27,2023-10-22 02:35:27
672,CUS-000672,Nancy,Cooley,nancy.cooley672@example.com,7772989718,1979-05-13,Female,2024-11-22,Active,2024-11-22 06:32:23,2024-11-22 06:32:23
673,CUS-000673,Michael,White,MICHAEL.WHITE673 @ EXAMPLE.COM,(788)933-5829x6110,1967-06-22,Other,2024-09-10,Active,2024-09-10 18:52:53,2024-09-10 18:52:53
674,CUS-000674,Christina,Salazar,christina.salazar674@example.com,815.363.5350,2004-04-09,Female,2025-06-10,Active,2025-06-10 18:48:53,2025-06-10 18:48:53
675,CUS-000675,Lisa,Marquez,lisa.marquez675@example.com,8192799545,2008-01-04,Male,2026-04-20,Active,2026-04-20 10:38:58,2026-04-20 10:38:58
676,CUS-000676,Andrea,Garrison,andrea.garrison676@example.com,001-389-208-8776x394,1970-11-11,Male,2023-12-12,Active,2023-12-12 21:57:55,2023-12-12 21:57:55
677,CUS-000677,Rachel,Bruce,rachel.bruce677@example.com,755.799.7959x081,1997-04-06,Other,2023-10-07,Active,2023-10-07 15:52:43,2023-10-07 15:52:43
678,CUS-000678,Robert,Henderson,robert.henderson678@example.com,(478)986-8939x072,1960-08-30,Male,2025-08-13,Active,2025-08-13 00:11:15,2025-08-13 00:11:15
679,CUS-000679,Emily,Jones,emily.jones679@example.com,(233)446-4013x004,1975-07-01,Male,2025-10-29,Inactive,2025-10-29 17:37:09,2025-10-29 17:37:09
680,CUS-000680,Karina,Shannon,karina.shannon680@example.com,001-463-920-5870x161,2007-12-28,Other,2025-09-20,Active,2025-09-20 05:42:59,2025-09-20 05:42:59
681,CUS-000681,Joseph,Carr,JOSEPH.CARR681 @ EXAMPLE.COM,217.988.8133x126,2007-01-11,Male,2025-12-11,Active,2025-12-11 10:36:08,2025-12-11 10:36:08
682,CUS-000682,Craig,Smith,craig.smith682@example.com,670.949.3131x776,1973-12-28,Other,2024-05-09,Active,2024-05-09 03:56:43,2024-05-09 03:56:43
683,CUS-000683,Justin,Smith,justin.smith683@example.com,404.429.5257,1985-07-09,Other,2024-11-04,Active,2024-11-04 20:43:29,2024-11-04 20:43:29
684,CUS-000684,James,Spencer,james.spencer684@example.com,(249)747-5259x7704,2009-04-08,Other,2025-10-06,Active,2025-10-06 09:08:59,2025-10-06 09:08:59
685,CUS-000685,Kayla,Crawford,kayla.crawford685@example.com,001-370-298-2189x18091,1959-02-14,Female,2026-05-14,Active,2026-05-14 19:39:26,2026-05-14 19:39:26
686,CUS-000686,Ryan,Cameron,ryan.cameron686@example.com,001-357-566-7465x889,1977-08-08,Female,2024-12-05,Suspended,2024-12-05 15:23:20,2024-12-05 15:23:20
687,CUS-000687,Christopher,Hamilton,christopher.hamilton687@example.com,2515971139,2008-10-18,Other,2025-12-21,Inactive,2025-12-21 06:43:08,2025-12-21 06:43:08
688,CUS-000688,Alice,Cox,alice.cox688@example.com,495.418.3409x131,1967-09-06,Male,2025-06-24,Active,2025-06-24 19:00:15,2025-06-24 19:00:15
689,CUS-000689,Jerry,Burton,jerry.burton689@example.com,001-957-787-4729x5800,1962-02-03,Male,2025-01-11,Active,2025-01-11 01:12:12,2025-01-11 01:12:12
690,CUS-000690,Candice,Lozano,candice.lozano690@example.com,,1979-12-16,Other,2024-10-10,Inactive,2024-10-10 11:34:21,2024-10-10 11:34:21
691,CUS-000691,Carolyn,Baker,carolyn.baker691@example.com,(923)782-0286,1979-04-20,Male,2024-08-18,Active,2024-08-18 22:34:22,2024-08-18 22:34:22
692,CUS-000692,Julie,Osborne,julie.osborne692@example.com,,1995-08-08,Male,2026-03-03,Suspended,2026-03-03 12:30:57,2026-03-03 12:30:57
693,CUS-000693,Patrick,Torres,patrick.torres693@example.com,(687)536-8304x9314,1986-04-04,Female,2025-11-13,Active,2025-11-13 02:49:03,2025-11-13 02:49:03
694,CUS-000694,Jeffrey,Hancock,jeffrey.hancock694@example.com,795.558.9405x84839,1961-06-26,Other,2023-07-04,Active,2023-07-04 03:06:55,2023-07-04 03:06:55
695,CUS-000695,Donald,Kerr,donald.kerr695@example.com,904-563-4069x66504,1959-01-01,Male,2023-12-09,Active,2023-12-09 20:52:46,2023-12-09 20:52:46
696,CUS-000696,James,Fowler,james.fowler696@example.com,+1-222-239-0493x23069,2000-07-25,Female,2024-05-18,Active,2024-05-18 21:04:23,2024-05-18 21:04:23
697,CUS-000697,Justin,Mccoy,justin.mccoy697@example.com,+1-777-690-1356x9713,1981-04-22,Male,2024-06-24,Inactive,2024-06-24 17:16:11,2024-06-24 17:16:11
698,CUS-000698,Sarah,Thomas,sarah.thomas698@example.com,001-878-393-2801x006,1995-06-16,Male,2025-05-26,Active,2025-05-26 01:11:15,2025-05-26 01:11:15
699,CUS-000699,Alexandra,Reilly,alexandra.reilly699@example.com,,1977-02-15,Male,2025-12-08,Active,2025-12-08 02:07:18,2025-12-08 02:07:18
700,CUS-000700,Julie,Villa,julie.villa700@example.com,553-256-6362x2609,1955-10-15,Male,2023-06-10,Active,2023-06-10 14:58:44,2023-06-10 14:58:44
701,CUS-000701,Dean,Miller,dean.miller701@example.com,(976)909-1669x4799,1981-01-24,Male,2024-03-09,Active,2024-03-09 20:17:12,2024-03-09 20:17:12
702,CUS-000702,Amy,Baker,amy.baker702@example.com,9967367778,2000-07-03,Other,2023-10-18,Active,2023-10-18 23:02:19,2023-10-18 23:02:19
703,CUS-000703,Joseph,Anderson,joseph.anderson703@example.com,,1997-12-11,Female,2025-09-23,Active,2025-09-23 12:13:08,2025-09-23 12:13:08
704,CUS-000704,Dana,Lane,dana.lane704@example.com,001-894-783-3975,1983-03-12,Male,2026-01-20,Active,2026-01-20 08:54:37,2026-01-20 08:54:37
705,CUS-000705,James,Hood,james.hood705@example.com,+1-781-374-9610x61775,1956-04-17,Male,2024-01-28,Active,2024-01-28 22:13:00,2024-01-28 22:13:00
706,CUS-000706,Nathan,Warner,nathan.warner706@example.com,(349)495-6389x547,1995-01-20,Other,2024-12-10,Active,2024-12-10 09:42:23,2024-12-10 09:42:23
707,CUS-000707,Angela,Castro,angela.castro707@example.com,6138723787,1994-12-20,Other,2025-07-28,Active,2025-07-28 22:28:53,2025-07-28 22:28:53
708,CUS-000708,Rebekah,Jones,rebekah.jones708@example.com,862-363-8757x2763,2006-04-08,Female,2025-01-26,Active,2025-01-26 11:30:32,2025-01-26 11:30:32
709,CUS-000709,Frank,Collins,frank.collins709@example.com,234-330-8234x056,1958-01-19,Male,2023-12-19,active,2023-12-19 15:40:14,2023-12-19 15:40:14
710,CUS-000710,Brooke,Fitzgerald,BROOKE.FITZGERALD710 @ EXAMPLE.COM,472-926-2389x01462,1967-03-03,Male,2024-05-10,Active,2024-05-10 10:28:42,2024-05-10 10:28:42
711,CUS-000711,Jamie,Johnson,jamie.johnson711@example.com,001-835-423-6360x325,1986-06-02,Other,2024-08-30,Active,2024-08-30 17:17:17,2024-08-30 17:17:17
712,CUS-000712,Cynthia,Soto,cynthia.soto712@example.com,+1-306-505-2608,1984-08-12,Male,2023-10-14,Active,2023-10-14 10:59:47,2023-10-14 10:59:47
713,CUS-000713,Patricia,Whitaker,patricia.whitaker713@example.com,300-750-4342,1966-02-09,Male,2025-06-19,Active,2025-06-19 02:03:00,2025-06-19 02:03:00
714,CUS-000714,Yvette,Mcdonald,yvette.mcdonald714@example.com,(604)203-5252,1992-03-22,Other,2024-02-11,Active,2024-02-11 09:40:06,2024-02-11 09:40:06
715,CUS-000715,Christopher,Haynes,christopher.haynes715@example.com,6616812316,1965-05-13,Female,2025-12-04,Active,2025-12-04 05:20:59,2025-12-04 05:20:59
716,CUS-000716,Melissa,Franklin,melissa.franklin716@example.com,001-287-449-4874x294,1996-07-19,Other,2023-10-07,Active,2023-10-07 17:32:10,2023-10-07 17:32:10
717,CUS-000717,Sandra,Reeves,sandra.reeves717@example.com,(805)344-1300x593,1958-03-06,Male,2025-07-26,Inactive,2025-07-26 20:16:54,2025-07-26 20:16:54
718,CUS-000718,Olivia,Ramirez,olivia.ramirez718@example.com,+1-337-434-1572x80989,1991-09-08,Female,2024-02-25,Active,2024-02-25 16:12:11,2024-02-25 16:12:11
719,CUS-000719,Leah,Webb,leah.webb719@example.com,448-955-4112x168,1991-10-28,Male,2026-02-17,Active,2026-02-17 13:38:44,2026-02-17 13:38:44
720,CUS-000720,Shannon,Holder,shannon.holder720@example.com,+1-230-210-2836x612,2004-06-11,Female,2024-06-28,Active,2024-06-28 04:11:08,2024-06-28 04:11:08
721,CUS-000721,Barbara,Ramos,barbara.ramos721@example.com,001-266-592-0059x316,1996-12-17,Male,2024-09-15,Active,2024-09-15 17:00:29,2024-09-15 17:00:29
722,CUS-000722,Dawn,Bennett,dawn.bennett722@example.com,385-810-7015,1955-11-14,Male,2024-11-19,Active,2024-11-19 09:27:53,2024-11-19 09:27:53
723,CUS-000723,Juan,Erickson,juan.erickson723@example.com,001-393-804-7066x89870,1983-06-21,Female,2024-11-05,Active,2024-11-05 12:39:44,2024-11-05 12:39:44
724,CUS-000724,Emily,Zuniga,emily.zuniga724@example.com,383.602.8290x30601,1980-11-14,Male,2025-04-12,Active,2025-04-12 16:22:51,2025-04-12 16:22:51
725,CUS-000725,Christy,Rodriguez,christy.rodriguez725@example.com,474.626.4662,1999-06-21,Male,2025-03-03,Active,2025-03-03 22:19:25,2025-03-03 22:19:25
726,CUS-000726,Gregory,Garcia,gregory.garcia726@example.com,5535612598,1981-05-09,Other,2025-02-14,Active,2025-02-14 17:35:50,2025-02-14 17:35:50
727,CUS-000727,Jennifer,Hill,jennifer.hill727@example.com,+1-914-787-1570x83916,1966-11-21,Other,2023-08-08,Active,2023-08-08 06:45:52,2023-08-08 06:45:52
728,CUS-000728,Luis,Smith,luis.smith728@example.com,(769)552-6024x35991,1995-01-24,Female,2023-09-02,Active,2023-09-02 21:00:22,2023-09-02 21:00:22
729,CUS-000729,Crystal,Andrews,crystal.andrews729@example.com,(977)450-1025x482,1960-08-02,Female,2025-04-12,Active,2025-04-12 09:49:08,2025-04-12 09:49:08
730,CUS-000730,Jill,Brown,jill.brown730@example.com,428-868-2700x9286,2002-12-01,Female,2024-06-21,Active,2024-06-21 17:30:43,2024-06-21 17:30:43
731,CUS-000731,Alex,George,alex.george731@example.com,899.828.5768,1979-05-09,Male,2025-07-15,Inactive,2025-07-15 16:04:17,2025-07-15 16:04:17
732,CUS-000732,James,Simmons,james.simmons732@example.com,+1-795-835-1613x235,1960-02-11,Female,2026-03-06,Active,2026-03-06 02:24:01,2026-03-06 02:24:01
733,CUS-000733,Deborah,Campbell,deborah.campbell733@example.com,594.419.6519,1973-02-28,Male,2024-05-12,Active,2024-05-12 09:36:16,2024-05-12 09:36:16
734,CUS-000734,Nicole,Maxwell,nicole.maxwell734@example.com,590-583-0315x943,1965-01-08,Other,2025-09-14,Active,2025-09-14 02:50:49,2025-09-14 02:50:49
735,CUS-000735,Sharon,Hartman,sharon.hartman735@example.com,001-711-819-9300x483,1988-01-18,Female,2025-05-08,Active,2025-05-08 22:41:41,2025-05-08 22:41:41
736,CUS-000736,David,Richards,david.richards736@example.com,001-411-522-9840x92675,1960-05-11,,2023-10-29,Active,2023-10-29 10:43:17,2023-10-29 10:43:17
737,CUS-000737,Tara,Robinson,tara.robinson737@example.com,001-458-338-8551x428,1976-03-05,Male,2024-01-03,Active,2024-01-03 07:57:01,2024-01-03 07:57:01
738,CUS-000738,Daniel,Hill,daniel.hill738@example.com,990-762-6960,1955-11-21,Female,2024-02-27,Active,2024-02-27 15:21:33,2024-02-27 15:21:33
739,CUS-000739,Derek,Allen,derek.allen739@example.com,(683)784-3639x4965,2007-11-04,Other,2025-07-29,Inactive,2025-07-29 13:05:11,2025-07-29 13:05:11
740,CUS-000740,Todd,Cohen,TODD.COHEN740 @ EXAMPLE.COM,+1-628-419-5148x968,1966-05-15,Male,2026-04-13,Active,2026-04-13 17:57:41,2026-04-13 17:57:41
741,CUS-000741,Daniel,Fields,daniel.fields741@example.com,423.330.3287x24499,2005-09-23,Other,2024-07-16,Active,2024-07-16 07:12:41,2024-07-16 07:12:41
742,CUS-000742,Joshua,Henry,joshua.henry742@example.com,5258388804,1996-06-25,Female,2024-12-09,Active,2024-12-09 18:49:16,2024-12-09 18:49:16
743,CUS-000743,Crystal,Abbott,crystal.abbott743@example.com,(803)641-1440x2408,1982-08-19,Female,2023-10-19,Active,2023-10-19 13:19:57,2023-10-19 13:19:57
744,CUS-000744,Christopher,Cunningham,christopher.cunningham744@example.com,+1-531-757-0030x472,1960-08-27,Female,2025-08-25,Active,2025-08-25 11:56:35,2025-08-25 11:56:35
745,CUS-000745,Amber,Campbell,amber.campbell745@example.com,5932899251,1967-06-19,Male,2026-01-09,Inactive,2026-01-09 13:31:11,2026-01-09 13:31:11
746,CUS-000746,Heather,Roberts,heather.roberts746@example.com,623.616.4999,1966-11-09,Female,2026-03-15,Active,2026-03-15 11:37:30,2026-03-15 11:37:30
747,CUS-000747,Jennifer,Townsend,jennifer.townsend747@example.com,352.546.9023x706,2005-07-15,Male,2024-12-11,Active,2024-12-11 15:47:36,2024-12-11 15:47:36
748,CUS-000748,Brandon,Williams,brandon.williams748@example.com,760.311.5334x544,1968-01-05,Female,2026-02-11,Active,2026-02-11 10:07:53,2026-02-11 10:07:53
749,CUS-000749,Colleen,Long,colleen.long749@example.com,422-475-4006,1968-09-19,Other,2023-12-03,Active,2023-12-03 19:57:30,2023-12-03 19:57:30
750,CUS-000750,Mindy,Castro,mindy.castro750@example.com,508.271.9154x3967,1975-09-21,Other,2026-02-03,Active,2026-02-03 06:12:08,2026-02-03 06:12:08
751,CUS-000751,Shelley,Dean,shelley.dean751@example.com,(713)403-3398x351,1969-12-10,Female,2024-07-02,Active,2024-07-02 11:37:03,2024-07-02 11:37:03
752,CUS-000752,Corey,Scott,corey.scott752@example.com,001-265-578-5166x93403,2007-10-04,Other,2024-04-25,Inactive,2024-04-25 10:36:06,2024-04-25 10:36:06
753,CUS-000753,Michael,Adams,michael.adams753@example.com,+1-778-757-7221x131,1992-10-31,Male,2025-01-22,Inactive,2025-01-22 11:42:33,2025-01-22 11:42:33
754,CUS-000754,Jody,Rivera,jody.rivera754@example.com,9623410395,1958-10-19,Female,2024-03-09,Active,2024-03-09 00:26:43,2024-03-09 00:26:43
755,CUS-000755,Melanie,Sweeney,melanie.sweeney755@example.com,997.946.3789x69604,1982-11-17,Female,2025-10-10,Active,2025-10-10 16:21:35,2025-10-10 16:21:35
756,CUS-000756,Timothy,Martin,timothy.martin756@example.com,+1-344-610-9912x257,1981-02-20,Male,2024-07-01,Active,2024-07-01 00:12:12,2024-07-01 00:12:12
757,CUS-000757,Gary,Jones,gary.jones757@example.com,001-746-716-5393x138,1994-04-28,Other,2023-10-02,Active,2023-10-02 14:10:45,2023-10-02 14:10:45
758,CUS-000758,Brandy,Newton,brandy.newton758@example.com,3189819460,1995-12-13,Female,2024-08-04,Active,2024-08-04 04:19:45,2024-08-04 04:19:45
759,CUS-000759,Nicholas,Ramos,nicholas.ramos759@example.com,+1-849-512-4089x0363,1973-02-14,Female,2024-10-20,Active,2024-10-20 15:40:13,2024-10-20 15:40:13
760,CUS-000760,William,Johnson,william.johnson760@example.com,(504)221-4828,1959-02-21,Female,2023-09-19,Active,2023-09-19 16:46:03,2023-09-19 16:46:03
761,CUS-000761,Andrea,Ferguson,andrea.ferguson761@example.com,,1956-04-06,Other,2024-02-22,ACTIVE,2024-02-22 06:29:21,2024-02-22 06:29:21
762,CUS-000762,Lauren,Werner,lauren.werner762@example.com,(677)809-8812,1964-09-03,Male,2024-06-12,Active,2024-06-12 14:24:08,2024-06-12 14:24:08
763,CUS-000763,Mark,Gould,mark.gould763@example.com,7897210349,2000-04-21,Male,2025-04-06,Active,2025-04-06 17:25:47,2025-04-06 17:25:47
764,CUS-000764,Charles,Brooks,charles.brooks764@example.com,,1983-05-04,Male,2025-01-03,Active,2025-01-03 02:17:07,2025-01-03 02:17:07
765,CUS-000765,Jason,Moore,jason.moore765@example.com,(464)509-6700x10794,1991-12-24,Male,2025-07-06,Active,2025-07-06 06:01:52,2025-07-06 06:01:52
766,CUS-000766,Michael,Vaughn,michael.vaughn766@example.com,424.577.4912x6834,1958-12-16,Male,2026-02-21,Active,2026-02-21 10:32:04,2026-02-21 10:32:04
767,CUS-000767,Megan,Collins,megan.collins767@example.com,001-594-672-4193x58648,1985-04-17,Female,2024-01-23,Active,2024-01-23 08:19:19,2024-01-23 08:19:19
768,CUS-000768,Shelly,Holmes,shelly.holmes768@example.com,(403)828-3007x9717,1958-12-28,Female,2025-12-19,Active,2025-12-19 21:19:55,2025-12-19 21:19:55
769,CUS-000769,Christopher,May,christopher.may769@example.com,762-747-5977x7925,1977-08-28,,2026-03-20,Active,2026-03-20 15:24:52,2026-03-20 15:24:52
770,CUS-000770,James,Burnett,james.burnett770@example.com,523-732-4244x37803,1964-03-15,Other,2023-06-09,Inactive,2023-06-09 18:10:24,2023-06-09 18:10:24
771,CUS-000771,Diane,Cox,diane.cox771@example.com,001-622-923-9681,1967-06-15,Other,2024-07-07,Active,2024-07-07 23:13:37,2024-07-07 23:13:37
772,CUS-000772,Jennifer,Booker,jennifer.booker772@example.com,(589)408-2998,1956-10-10,Male,2025-11-18,Active,2025-11-18 21:49:14,2025-11-18 21:49:14
773,CUS-000773,Brian,Lucero,brian.lucero773@example.com,684.898.7543x128,2009-03-02,Other,2024-03-24,Active,2024-03-24 00:11:16,2024-03-24 00:11:16
774,CUS-000774,Alan,Vega,alan.vega774@example.com,260.432.5019,1961-01-15,Male,2026-03-23,Active,2026-03-23 19:45:28,2026-03-23 19:45:28
775,CUS-000775,Matthew,Ibarra,matthew.ibarra775@example.com,(844)231-3271x87421,1964-01-10,Other,2024-04-06,Active,2024-04-06 14:43:24,2024-04-06 14:43:24
776,CUS-000776,Brandy,Perez,brandy.perez776@example.com,(929)825-7112,1974-09-29,Other,2024-06-15,Inactive,2024-06-15 13:56:41,2024-06-15 13:56:41
777,CUS-000777,Jesus,Clark,jesus.clark777@example.com,870-548-4556x4161,1961-01-16,Male,2025-11-11,Active,2025-11-11 10:04:04,2025-11-11 10:04:04
778,CUS-000778,Jeffery,Walker,jeffery.walker778@example.com,482.495.8360x5235,1993-04-17,Female,2024-12-19,active,2024-12-19 03:46:49,2024-12-19 03:46:49
779,CUS-000779,Kathleen,Williams,kathleen.williams779@example.com,(296)609-0989,1991-11-16,Male,2026-01-07,ACTIVE,2026-01-07 01:33:17,2026-01-07 01:33:17
780,CUS-000780,Tyler,Norton,tyler.norton780@example.com,(465)249-1658x675,1975-04-17,Female,2026-03-31,INACTIVE,2026-03-31 18:02:03,2026-03-31 18:02:03
781,CUS-000781,Robin,Perkins,robin.perkins781@example.com,(621)625-2048x02664,1975-04-02,Male,2025-08-13,Active,2025-08-13 01:52:41,2025-08-13 01:52:41
782,CUS-000782,Victor,Hill,victor.hill782@example.com,609-916-6126,2002-03-04,,2024-08-27,Active,2024-08-27 07:19:27,2024-08-27 07:19:27
783,CUS-000783,Charles,Velez,charles.velez783@example.com,868.442.6673x92075,2006-03-31,Female,2024-11-19,Active,2024-11-19 08:30:04,2024-11-19 08:30:04
784,CUS-000784,April,Johnson,april.johnson784@example.com,411.322.2329x41780,1994-12-31,Other,2024-10-15,Inactive,2024-10-15 03:45:35,2024-10-15 03:45:35
785,CUS-000785,Fred,Perez,fred.perez785@example.com,604.552.8210,1963-07-10,,2025-10-12,Active,2025-10-12 09:35:13,2025-10-12 09:35:13
786,CUS-000786,Victor,Mitchell,victor.mitchell786@example.com,001-571-684-0349x4902,1962-12-18,Other,2023-07-31,Active,2023-07-31 14:04:02,2023-07-31 14:04:02
787,CUS-000787,Mark,Green,mark.green787@example.com,627-322-8715,1962-09-10,,2025-04-01,Active,2025-04-01 09:02:54,2025-04-01 09:02:54
788,CUS-000788,Angela,Coleman,angela.coleman788@example.com,5589064635,2004-09-19,Male,2023-08-08,Active,2023-08-08 10:21:41,2023-08-08 10:21:41
789,CUS-000789,Colleen,Winters,colleen.winters789@example.com,703.462.5141,1998-05-04,Female,2024-12-06,active,2024-12-06 19:14:41,2024-12-06 19:14:41
790,CUS-000790,Bryan,Crawford,BRYAN.CRAWFORD790 @ EXAMPLE.COM,+1-607-949-1680x54393,1964-03-16,Other,2025-09-15,Active,2025-09-15 13:40:30,2025-09-15 13:40:30
791,CUS-000791,Michael,Hayden,michael.hayden791@example.com,308-498-0661,1997-08-16,Female,2024-10-27,Active,2024-10-27 07:44:49,2024-10-27 07:44:49
792,CUS-000792,Sara,Flores,sara.flores792@example.com,(546)857-5263x6194,1997-11-22,Other,2023-11-07,Active,2023-11-07 19:04:05,2023-11-07 19:04:05
793,CUS-000793,Bonnie,Howell,bonnie.howell793@example.com,+1-521-365-0387x28797,1979-12-04,Female,2025-05-06,Active,2025-05-06 07:27:38,2025-05-06 07:27:38
794,CUS-000794,Kelly,Hall,kelly.hall794@example.com,+1-474-776-2525x090,1990-01-17,,2025-05-06,Active,2025-05-06 01:58:00,2025-05-06 01:58:00
795,CUS-000795,Jeffery,Brennan,jeffery.brennan795@example.com,801.582.5213x1495,1980-03-21,,2024-05-08,Active,2024-05-08 07:33:27,2024-05-08 07:33:27
796,CUS-000796,Victoria,Gordon,victoria.gordon796@example.com,(277)751-5381x85364,1981-02-02,Male,2025-03-03,Active,2025-03-03 01:30:59,2025-03-03 01:30:59
797,CUS-000797,Mary,Brown,mary.brown797@example.com,(418)646-3276x156,1960-05-14,Other,2025-07-26,Active,2025-07-26 11:16:50,2025-07-26 11:16:50
798,CUS-000798,William,Alexander,william.alexander798@example.com,883.464.7443x61546,1990-04-30,Female,2023-06-12,ACTIVE,2023-06-12 15:04:15,2023-06-12 15:04:15
799,CUS-000799,Alexandria,Dickerson,alexandria.dickerson799@example.com,001-599-836-6406x5067,1962-07-12,Male,2026-03-12,Active,2026-03-12 00:36:33,2026-03-12 00:36:33
800,CUS-000800,Gregory,Hall,gregory.hall800@example.com,,1966-10-10,Male,2023-11-25,Active,2023-11-25 11:12:00,2023-11-25 11:12:00
801,CUS-000801,Kayla,Chen,kayla.chen801@example.com,+1-405-700-6914x89430,1966-12-02,Male,2026-01-23,Active,2026-01-23 00:29:30,2026-01-23 00:29:30
802,CUS-000802,Oscar,Campbell,oscar.campbell802@example.com,001-872-916-7585x181,1966-05-04,Female,2023-10-29,Active,2023-10-29 14:37:10,2023-10-29 14:37:10
803,CUS-000803,David,Nelson,david.nelson803@example.com,(239)700-5814x84560,2001-06-17,Female,2025-04-26,Active,2025-04-26 11:26:16,2025-04-26 11:26:16
804,CUS-000804,Kaitlyn,Watts,kaitlyn.watts804@example.com,557-805-5708x730,2009-04-29,Male,2025-01-07,Active,2025-01-07 00:24:00,2025-01-07 00:24:00
805,CUS-000805,Antonio,Wells,antonio.wells805@example.com,859-876-8287x1734,1969-12-29,Male,2026-04-22,Active,2026-04-22 04:20:13,2026-04-22 04:20:13
806,CUS-000806,Michael,Webb,michael.webb806@example.com,(629)305-8969,2002-05-12,Other,2025-03-01,Active,2025-03-01 18:51:33,2025-03-01 18:51:33
807,CUS-000807,Gabrielle,Watts,gabrielle.watts807@example.com,6507843872,2000-01-12,Male,2026-05-07,Active,2026-05-07 00:17:23,2026-05-07 00:17:23
808,CUS-000808,Karen,Moyer,karen.moyer808@example.com,5379047990,1979-08-05,Male,2025-10-07,Active,2025-10-07 12:33:22,2025-10-07 12:33:22
809,CUS-000809,Laura,Williams,laura.williams809@example.com,+1-753-238-4658x847,2006-10-24,Female,2026-04-25,Active,2026-04-25 04:18:07,2026-04-25 04:18:07
810,CUS-000810,Ashley,Gonzalez,ashley.gonzalez810@example.com,(630)798-2892,1977-10-22,Female,2023-09-27,Active,2023-09-27 13:04:51,2023-09-27 13:04:51
811,CUS-000811,Brenda,Craig,brenda.craig811@example.com,+1-788-536-2785x85755,2002-06-17,Male,2024-04-25,Active,2024-04-25 14:08:36,2024-04-25 14:08:36
812,CUS-000812,John,Glenn,john.glenn812@example.com,001-290-201-6358,1977-07-21,Female,2023-06-28,Active,2023-06-28 16:23:34,2023-06-28 16:23:34
813,CUS-000813,Alison,Lee,alison.lee813@example.com,472.821.3992,1992-11-25,Female,2024-08-14,Active,2024-08-14 09:25:16,2024-08-14 09:25:16
814,CUS-000814,Connie,Stewart,connie.stewart814@example.com,234-620-4167,1956-02-15,Other,2025-09-14, Inactive ,2025-09-14 19:32:40,2025-09-14 19:32:40
815,CUS-000815,Mario,Pitts,mario.pitts815@example.com,,2003-10-14,Female,2023-09-12,Inactive,2023-09-12 07:04:49,2023-09-12 07:04:49
816,CUS-000816,Pamela,Williams,pamela.williams816@example.com,372.453.2160,1992-06-26,Other,2024-10-16,Inactive,2024-10-16 05:27:03,2024-10-16 05:27:03
817,CUS-000817,Kayla,Thornton,kayla.thornton817@example.com,001-742-928-2982x255,1986-04-03,Male,2023-06-10,Active,2023-06-10 03:18:46,2023-06-10 03:18:46
818,CUS-000818,Scott,Lee,scott.lee818@example.com,867-488-6849,1984-06-17,,2025-12-20,Active,2025-12-20 05:26:22,2025-12-20 05:26:22
819,CUS-000819,Debra,Johnson,debra.johnson819@example.com,346-912-6347x143,1958-04-22,Female,2025-04-14,Inactive,2025-04-14 02:58:11,2025-04-14 02:58:11
820,CUS-000820,Jenna,Mason,jenna.mason820@example.com,001-793-606-5139x6528,1969-11-06,Male,2025-04-25,Active,2025-04-25 11:18:54,2025-04-25 11:18:54
821,CUS-000821,William,Holmes,william.holmes821@example.com,+1-702-785-6192x3473,1973-04-29,Other,2026-01-06,Suspended,2026-01-06 11:37:58,2026-01-06 11:37:58
822,CUS-000822,Lynn,Porter,lynn.porter822@example.com,+1-586-415-7260,1991-04-10,Other,2023-10-28,Active,2023-10-28 13:49:30,2023-10-28 13:49:30
823,CUS-000823,Jennifer,Wiggins,jennifer.wiggins823@example.com,(466)223-8135,1966-06-20,Other,2023-06-20,Active,2023-06-20 16:32:51,2023-06-20 16:32:51
824,CUS-000824,Caitlin,Sanchez,caitlin.sanchez824@example.com,(522)512-1787x6374,1958-09-06,Male,2025-07-13,Active,2025-07-13 08:40:59,2025-07-13 08:40:59
825,CUS-000825,Alicia,Delacruz,alicia.delacruz825@example.com,001-373-826-7436x8009,1975-12-09,Other,2023-08-09,Suspended,2023-08-09 15:42:31,2023-08-09 15:42:31
826,CUS-000826,Jacob,Rodriguez,JACOB.RODRIGUEZ826 @ EXAMPLE.COM,(275)646-3172x837,1967-05-05,Other,2025-07-09,Active,2025-07-09 20:36:01,2025-07-09 20:36:01
827,CUS-000827,Kristen,Parsons,kristen.parsons827@example.com,001-369-269-6826x09961,2010-04-04,Male,2025-06-14,Active,2025-06-14 05:38:28,2025-06-14 05:38:28
828,CUS-000828,Robert,Warren,robert.warren828@example.com,9516734409,1979-09-17,Female,2023-09-19,Active,2023-09-19 00:52:55,2023-09-19 00:52:55
829,CUS-000829,Latasha,Schneider,latasha.schneider829@example.com,225-872-2846x583,2007-03-01,Female,2025-10-04,Inactive,2025-10-04 13:55:32,2025-10-04 13:55:32
830,CUS-000830,Dale,Berry,dale.berry830@example.com,635-779-2420x11223,2006-01-05,Female,2024-04-09,Active,2024-04-09 05:33:11,2024-04-09 05:33:11
831,CUS-000831,Michael,Nunez,michael.nunez831@example.com,456-606-0493x5421,1987-11-15,Other,2024-03-06,Active,2024-03-06 05:04:47,2024-03-06 05:04:47
832,CUS-000832,Jared,Rhodes,jared.rhodes832@example.com,693.443.2683,1987-10-27,Male,2025-11-28,Active,2025-11-28 06:04:38,2025-11-28 06:04:38
833,CUS-000833,Kathy,Patterson,kathy.patterson833@example.com,9907257956,1963-01-22,Female,2024-06-23,Active,2024-06-23 22:15:12,2024-06-23 22:15:12
834,CUS-000834,Leslie,Manning,leslie.manning834@example.com,834-592-7937x18193,1963-07-15,Other,2025-11-07,Active,2025-11-07 04:55:40,2025-11-07 04:55:40
835,CUS-000835,Mark,Lewis,mark.lewis835@example.com,(526)815-0909x86971,1977-09-18,Male,2024-11-27,Active,2024-11-27 16:36:05,2024-11-27 16:36:05
836,CUS-000836,Kathleen,Sanchez,kathleen.sanchez836@example.com,(581)651-6278,1981-08-24,Female,2025-10-20,Active,2025-10-20 07:22:39,2025-10-20 07:22:39
837,CUS-000837,Rebecca,Simpson,rebecca.simpson837@example.com,001-312-753-4806x979,1972-05-28,Other,2025-05-16,Active,2025-05-16 11:15:17,2025-05-16 11:15:17
838,CUS-000838,Kathryn,Blake,kathryn.blake838@example.com,651.579.3578x32399,1969-10-20,Other,2024-03-14,Inactive,2024-03-14 22:23:29,2024-03-14 22:23:29
839,CUS-000839,April,Holland,april.holland839@example.com,565-404-1450x065,1998-02-04,Female,2024-08-13,Active,2024-08-13 21:07:09,2024-08-13 21:07:09
840,CUS-000840,Victor,Ware,victor.ware840@example.com,3232558136,1975-04-03,Male,2023-10-10,Active,2023-10-10 05:26:41,2023-10-10 05:26:41
841,CUS-000841,Cynthia,Brewer,cynthia.brewer841@example.com,820.709.9016x150,2010-02-21,Other,2026-04-22,Active,2026-04-22 05:15:58,2026-04-22 05:15:58
842,CUS-000842,Bruce,Lewis,bruce.lewis842@example.com,001-902-735-0906,1956-04-07,Male,2024-07-09,Inactive,2024-07-09 08:27:09,2024-07-09 08:27:09
843,CUS-000843,Tiffany,Nelson,tiffany.nelson843@example.com,(648)680-1704x103,2005-02-11,Other,2023-10-17,SUSPENDED,2023-10-17 23:52:35,2023-10-17 23:52:35
844,CUS-000844,Rebecca,Brown,rebecca.brown844@example.com,+1-353-547-9464x7270,1969-01-10,Male,2024-05-17,Active,2024-05-17 11:03:33,2024-05-17 11:03:33
845,CUS-000845,Sarah,Sims,sarah.sims845@example.com,001-318-242-4635x91281,1973-07-01,Male,2024-12-12,Active,2024-12-12 10:52:51,2024-12-12 10:52:51
846,CUS-000846,Paula,Cline,paula.cline846@example.com,310-739-1741,1968-04-14,Other,2023-11-22,Active,2023-11-22 06:41:04,2023-11-22 06:41:04
847,CUS-000847,Tina,Gray,tina.gray847@example.com,469-671-4136,1987-07-22,Other,2025-01-01,Active,2025-01-01 04:13:24,2025-01-01 04:13:24
848,CUS-000848,Anne,Norris,anne.norris848@example.com,+1-205-661-7845x9043,1968-12-17,Male,2025-06-16,Active,2025-06-16 06:39:30,2025-06-16 06:39:30
849,CUS-000849,Shawn,Green,shawn.green849@example.com,+1-516-881-2941x227,1982-12-23,,2024-06-11,Active,2024-06-11 00:53:30,2024-06-11 00:53:30
850,CUS-000850,Joseph,Cox,joseph.cox850@example.com,(778)710-1889x2719,1970-11-20,Male,2023-08-02,Active,2023-08-02 14:59:40,2023-08-02 14:59:40
851,CUS-000851,Paul,Williams,paul.williams851@example.com,+1-691-361-4916,1981-08-05,Male,2025-08-28,Active,2025-08-28 08:06:40,2025-08-28 08:06:40
852,CUS-000852,Jesse,Peters,jesse.peters852@example.com,001-897-612-0234x7584,1974-02-27,Other,2024-10-19,Active,2024-10-19 20:06:06,2024-10-19 20:06:06
853,CUS-000853,Ryan,Stanton,ryan.stanton853@example.com,3563182071,1996-05-23,Other,2026-03-12,Active,2026-03-12 23:17:04,2026-03-12 23:17:04
854,CUS-000854,Colleen,Wilson,colleen.wilson854@example.com,(856)222-0155x95419,1980-01-26,Female,2023-07-27,Inactive,2023-07-27 11:50:44,2023-07-27 11:50:44
855,CUS-000855,Michele,Crosby,michele.crosby855@example.com,(974)266-6179,1964-10-18,Other,2024-02-27,Active,2024-02-27 07:35:53,2024-02-27 07:35:53
856,CUS-000856,Shannon,Barry,shannon.barry856@example.com,(775)304-6022,1960-02-23,Male,2024-09-14,Active,2024-09-14 15:33:17,2024-09-14 15:33:17
857,CUS-000857,Kelly,Wong,kelly.wong857@example.com,001-361-888-7303x9449,1974-11-03,Other,2025-12-25,Active,2025-12-25 02:19:53,2025-12-25 02:19:53
858,CUS-000858,Andrew,Sanders,andrew.sanders858@example.com,+1-860-627-3900x72236,1979-01-11,Other,2025-06-14,Active,2025-06-14 02:15:13,2025-06-14 02:15:13
859,CUS-000859,Sheila,Lewis,sheila.lewis859@example.com,294-233-3307,2010-06-20,Other,2025-01-28,Active,2025-01-28 09:50:14,2025-01-28 09:50:14
860,CUS-000860,Corey,Clayton,corey.clayton860@example.com,001-251-617-4381,1984-06-26,Female,2024-06-22, Active ,2024-06-22 21:43:29,2024-06-22 21:43:29
861,CUS-000861,Belinda,Jackson,belinda.jackson861@example.com,671.929.2936x373,1984-10-14,Male,2025-07-24, Active ,2025-07-24 04:10:39,2025-07-24 04:10:39
862,CUS-000862,George,Robertson,george.robertson862@example.com,5692484105,1989-08-28,Other,2026-02-02,Active,2026-02-02 01:38:06,2026-02-02 01:38:06
863,CUS-000863,Peter,Palmer,peter.palmer863@example.com,758.686.7411,1983-12-18,Female,2025-06-21,Active,2025-06-21 06:36:36,2025-06-21 06:36:36
864,CUS-000864,Thomas,Jensen,thomas.jensen864@example.com,(637)853-8510x3629,1981-11-25,Male,2026-01-07,Active,2026-01-07 20:18:17,2026-01-07 20:18:17
865,CUS-000865,Chase,Johnson,chase.johnson865@example.com,485-394-9871x99965,2001-09-22,Other,2023-07-09,Active,2023-07-09 01:34:26,2023-07-09 01:34:26
866,CUS-000866,Catherine,Brewer,catherine.brewer866@example.com,4925389857,1988-08-05,Other,2025-02-23,Inactive,2025-02-23 21:25:55,2025-02-23 21:25:55
867,CUS-000867,Melanie,Harrison,melanie.harrison867@example.com,001-420-305-9273x23914,1968-08-21,Other,2024-05-23,Suspended,2024-05-23 11:04:07,2024-05-23 11:04:07
868,CUS-000868,Lisa,Rios,lisa.rios868@example.com,+1-267-467-5676,1955-12-17,Male,2023-07-30,active,2023-07-30 04:50:20,2023-07-30 04:50:20
869,CUS-000869,Dana,Taylor,dana.taylor869@example.com,950.744.1949,1963-01-11,Other,2025-04-13,Active,2025-04-13 18:15:06,2025-04-13 18:15:06
870,CUS-000870,Joseph,Reyes,joseph.reyes870@example.com,(299)809-3973,1990-03-02,Other,2024-01-11,Active,2024-01-11 10:16:04,2024-01-11 10:16:04
871,CUS-000871,Alex,Brooks,alex.brooks871@example.com,666-615-2151x8732,2007-06-02,Male,2025-11-17,Active,2025-11-17 21:05:46,2025-11-17 21:05:46
872,CUS-000872,Jeremiah,Bridges,jeremiah.bridges872@example.com,001-404-517-9064,1996-09-06,Male,2023-07-15,Active,2023-07-15 18:04:43,2023-07-15 18:04:43
873,CUS-000873,William,Griffin,william.griffin873@example.com,+1-529-350-9000x019,2006-09-30,Other,2025-06-25,Active,2025-06-25 15:22:12,2025-06-25 15:22:12
874,CUS-000874,Amanda,Sanchez,amanda.sanchez874@example.com,2294748110,1971-06-18,Female,2026-04-10,Inactive,2026-04-10 08:46:56,2026-04-10 08:46:56
875,CUS-000875,Christina,Williams,christina.williams875@example.com,590.423.7985x758,1955-09-22,Female,2026-04-09,Active,2026-04-09 02:35:04,2026-04-09 02:35:04
876,CUS-000876,George,Chapman,george.chapman876@example.com,964-786-4921,1993-10-01,Male,2026-01-11,Active,2026-01-11 12:17:09,2026-01-11 12:17:09
877,CUS-000877,Abigail,Barnett,abigail.barnett877@example.com,513.844.6811x585,1964-08-05,Female,2023-12-23,Suspended,2023-12-23 15:06:38,2023-12-23 15:06:38
878,CUS-000878,Eric,Jones,eric.jones878@example.com,(538)551-7944,2003-04-15,Other,2026-01-10,Active,2026-01-10 08:08:15,2026-01-10 08:08:15
879,CUS-000879,Isabella,Lindsey,isabella.lindsey879@example.com,360-773-5664x416,1972-10-12,Female,2024-01-01,Active,2024-01-01 08:39:19,2024-01-01 08:39:19
880,CUS-000880,Edwin,Smith,edwin.smith880@example.com,(753)543-4844,1979-08-01,Female,2025-02-26,Active,2025-02-26 17:23:22,2025-02-26 17:23:22
881,CUS-000881,William,Kane,william.kane881@example.com,9943607289,2008-12-15,Other,2023-06-08,Inactive,2023-06-08 10:30:39,2023-06-08 10:30:39
882,CUS-000882,Eric,Diaz,eric.diaz882@example.com,805-558-4472x93660,1980-02-18,Other,2024-09-30,Active,2024-09-30 02:38:33,2024-09-30 02:38:33
883,CUS-000883,Nathan,Watson,nathan.watson883@example.com,,2003-08-28,Other,2025-02-09,Active,2025-02-09 22:33:22,2025-02-09 22:33:22
884,CUS-000884,Thomas,Figueroa,thomas.figueroa884@example.com,001-214-865-1027,1959-07-03,Male,2025-06-14,Active,2025-06-14 13:48:15,2025-06-14 13:48:15
885,CUS-000885,Peter,Wheeler,peter.wheeler885@example.com,571.914.9446,1982-02-09,Male,2023-12-15,Active,2023-12-15 17:34:38,2023-12-15 17:34:38
886,CUS-000886,Denise,Sanders,denise.sanders886@example.com,001-669-567-1736x71534,1957-11-22,Female,2023-09-11,Active,2023-09-11 16:12:13,2023-09-11 16:12:13
887,CUS-000887,Rachel,Flores,rachel.flores887@example.com,001-501-239-8606x077,2000-06-16,Male,2025-11-08,Active,2025-11-08 23:59:09,2025-11-08 23:59:09
888,CUS-000888,Kenneth,Kelly,kenneth.kelly888@example.com,4578285243,1981-07-04,Other,2024-04-29,Inactive,2024-04-29 11:39:54,2024-04-29 11:39:54
889,CUS-000889,Dustin,Figueroa,dustin.figueroa889@example.com,547.373.0005,1968-12-01,Male,2025-10-22,Inactive,2025-10-22 23:16:05,2025-10-22 23:16:05
890,CUS-000890,Selena,Carlson,selena.carlson890@example.com,+1-930-727-5943x93531,1964-04-06,Female,2025-02-14,Active,2025-02-14 20:19:03,2025-02-14 20:19:03
891,CUS-000891,Shannon,Robbins,shannon.robbins891@example.com,(916)969-3936x55569,1995-06-17,Male,2024-11-08,Active,2024-11-08 13:31:37,2024-11-08 13:31:37
892,CUS-000892,David,Smith,DAVID.SMITH892 @ EXAMPLE.COM,804.527.7426,1988-06-19,Male,2023-11-04,Active,2023-11-04 22:43:30,2023-11-04 22:43:30
893,CUS-000893,Albert,Medina,albert.medina893@example.com,(532)440-2457,1967-08-30,Female,2023-08-16,Active,2023-08-16 06:38:31,2023-08-16 06:38:31
894,CUS-000894,Julie,Thomas,julie.thomas894@example.com,579.445.8289,1984-05-07,Male,2024-03-21,Active,2024-03-21 08:25:39,2024-03-21 08:25:39
895,CUS-000895,Daniel,Vang,daniel.vang895@example.com,,1978-03-05,Female,2024-09-28,Active,2024-09-28 14:45:13,2024-09-28 14:45:13
896,CUS-000896,Stephanie,Washington,stephanie.washington896@example.com,(850)407-1416x7577,2005-11-11,Male,2025-06-21,Active,2025-06-21 00:19:07,2025-06-21 00:19:07
897,CUS-000897,Lisa,Garcia,LISA.GARCIA897 @ EXAMPLE.COM,661.642.6624,1972-10-19,Female,2025-07-10,Active,2025-07-10 19:10:59,2025-07-10 19:10:59
898,CUS-000898,Kenneth,Koch,kenneth.koch898@example.com,2692737797,2006-05-16,Other,2024-01-29,Active,2024-01-29 06:01:16,2024-01-29 06:01:16
899,CUS-000899,Debra,Jackson,debra.jackson899@example.com,(299)514-5645x7892,1988-12-14,Male,2026-03-15,Active,2026-03-15 13:40:45,2026-03-15 13:40:45
900,CUS-000900,Holly,Jensen,holly.jensen900@example.com,,1976-01-14,Male,2025-11-18,Inactive,2025-11-18 02:06:10,2025-11-18 02:06:10
901,CUS-000901,Adam,Oliver,adam.oliver901@example.com,437-807-7725x930,1972-03-31,Other,2023-07-27,Active,2023-07-27 11:42:50,2023-07-27 11:42:50
902,CUS-000902,Lisa,Tate,lisa.tate902@example.com,,2005-07-14,Other,2023-11-15,Inactive,2023-11-15 01:03:02,2023-11-15 01:03:02
903,CUS-000903,Taylor,Lyons,taylor.lyons903@example.com,(521)214-5326x14909,1959-08-31,Other,2024-05-11,Active,2024-05-11 23:37:52,2024-05-11 23:37:52
904,CUS-000904,Valerie,Hicks,valerie.hicks904@example.com,922.367.2687,1974-01-14,Other,2025-02-22,Active,2025-02-22 02:17:54,2025-02-22 02:17:54
905,CUS-000905,Mitchell,Ramos,mitchell.ramos905@example.com,+1-912-710-7355x7890,1984-01-31,Female,2025-02-15, Active ,2025-02-15 10:34:24,2025-02-15 10:34:24
906,CUS-000906,Joshua,Taylor,joshua.taylor906@example.com,+1-363-503-0282x7130,2002-04-23,Female,2026-02-20,Active,2026-02-20 06:58:14,2026-02-20 06:58:14
907,CUS-000907,Clifford,Cardenas,CLIFFORD.CARDENAS907 @ EXAMPLE.COM,791-986-7267x89155,1972-07-12,Female,2023-12-14,Active,2023-12-14 22:16:18,2023-12-14 22:16:18
908,CUS-000908,Kelly,Moore,kelly.moore908@example.com,596.881.6212,1960-06-13,Other,2025-12-06,Active,2025-12-06 18:02:32,2025-12-06 18:02:32
909,CUS-000909,Aaron,Fisher,aaron.fisher909@example.com,001-366-886-0892x27537,1964-10-05,Female,2023-08-16,Active,2023-08-16 03:36:03,2023-08-16 03:36:03
910,CUS-000910,Taylor,Rivers,taylor.rivers910@example.com,+1-749-370-8863x9606,2002-07-04,Other,2026-03-14,Active,2026-03-14 14:36:56,2026-03-14 14:36:56
911,CUS-000911,Shawn,Tucker,shawn.tucker911@example.com,(299)287-5234,1996-03-08,Other,2024-01-18,Active,2024-01-18 09:11:16,2024-01-18 09:11:16
912,CUS-000912,Kelly,Williams,kelly.williams912@example.com,+1-674-467-2457,2000-11-15,Other,2024-04-22,ACTIVE,2024-04-22 05:06:44,2024-04-22 05:06:44
913,CUS-000913,Kristina,Murillo,kristina.murillo913@example.com,(988)697-0864,2008-05-07,Female,2026-05-20,Active,2026-05-20 02:31:00,2026-05-20 02:31:00
914,CUS-000914,Anthony,Aguilar,anthony.aguilar914@example.com,465-701-4693x28121,1973-04-20,Male,2025-11-01,Active,2025-11-01 08:18:21,2025-11-01 08:18:21
915,CUS-000915,Daniel,Gray,daniel.gray915@example.com,(595)944-4272x854,1957-02-02,Other,2023-08-29,Active,2023-08-29 20:13:36,2023-08-29 20:13:36
916,CUS-000916,Kelsey,Kelley,kelsey.kelley916@example.com,001-237-592-7495x91251,2009-04-07,Male,2024-02-13,Active,2024-02-13 12:42:31,2024-02-13 12:42:31
917,CUS-000917,John,Hill,john.hill917@example.com,(650)245-3165,1982-01-12,Female,2025-10-29,Active,2025-10-29 09:51:07,2025-10-29 09:51:07
918,CUS-000918,Robyn,Baker,robyn.baker918@example.com,750-737-5498x054,1987-11-04,Male,2024-12-05,Active,2024-12-05 19:06:58,2024-12-05 19:06:58
919,CUS-000919,Chelsey,Garcia,chelsey.garcia919@example.com,+1-244-879-3308x38190,1979-03-13,Female,2024-01-26,Active,2024-01-26 02:05:37,2024-01-26 02:05:37
920,CUS-000920,Brent,Salazar,brent.salazar920@example.com,940-320-1801x90440,2008-05-02,Other,2024-11-29,Active,2024-11-29 20:17:53,2024-11-29 20:17:53
921,CUS-000921,Diana,Rubio,diana.rubio921@example.com,+1-670-691-6434x612,2003-09-17,Other,2024-02-25,active,2024-02-25 06:13:11,2024-02-25 06:13:11
922,CUS-000922,Elizabeth,Jones,elizabeth.jones922@example.com,918-857-2326x6038,1955-12-03,Other,2024-06-15,Suspended,2024-06-15 03:39:55,2024-06-15 03:39:55
923,CUS-000923,Jasmine,Roth,jasmine.roth923@example.com,(593)426-9285x965,1970-06-16,Other,2023-06-19,Active,2023-06-19 03:24:30,2023-06-19 03:24:30
924,CUS-000924,April,Burton,april.burton924@example.com,6427466451,1970-08-08,Other,2024-02-25, Active ,2024-02-25 08:13:39,2024-02-25 08:13:39
925,CUS-000925,Stephen,Graves,stephen.graves925@example.com,593-584-7463x7926,1977-09-15,Male,2026-01-23,Active,2026-01-23 11:25:39,2026-01-23 11:25:39
926,CUS-000926,Jeffrey,Newton,jeffrey.newton926@example.com,4368991201,2002-08-15,Female,2023-07-25,Active,2023-07-25 14:37:08,2023-07-25 14:37:08
927,CUS-000927,Janice,Black,janice.black927@example.com,589.272.2994,1999-09-07,Other,2025-02-06,Active,2025-02-06 09:49:32,2025-02-06 09:49:32
928,CUS-000928,Stephen,Jones,stephen.jones928@example.com,251.875.4563x0328,1980-10-15,Other,2024-05-17,Active,2024-05-17 17:38:07,2024-05-17 17:38:07
929,CUS-000929,Amanda,Pierce,amanda.pierce929@example.com,(616)829-9933,1974-01-02,Other,2024-09-29,Active,2024-09-29 15:24:13,2024-09-29 15:24:13
930,CUS-000930,Karen,Brock,karen.brock930@example.com,(706)662-7529,1965-02-17,Male,2025-09-13,Active,2025-09-13 13:42:22,2025-09-13 13:42:22
931,CUS-000931,John,Frost,john.frost931@example.com,001-861-293-2471x19979,2007-09-14,Male,2025-09-24,Active,2025-09-24 19:04:24,2025-09-24 19:04:24
932,CUS-000932,Matthew,Henry,matthew.henry932@example.com,800-861-9157x5708,1969-06-06,Male,2023-06-10,Inactive,2023-06-10 09:57:54,2023-06-10 09:57:54
933,CUS-000933,Timothy,Wade,timothy.wade933@example.com,820-457-4545x7136,1993-08-20,Female,2023-08-04,Active,2023-08-04 04:10:43,2023-08-04 04:10:43
934,CUS-000934,Michelle,Griffin,michelle.griffin934@example.com,(827)366-0991x8318,1965-10-06,Male,2024-11-02,Active,2024-11-02 23:02:16,2024-11-02 23:02:16
935,CUS-000935,Jose,Gordon,jose.gordon935@example.com,+1-394-312-0782x050,1970-10-15,Male,2024-07-09,Active,2024-07-09 00:13:02,2024-07-09 00:13:02
936,CUS-000936,Guy,Smith,guy.smith936@example.com,+1-328-933-5012,1968-12-26,Other,2026-05-29,Active,2026-05-29 17:23:47,2026-05-29 17:23:47
937,CUS-000937,Laurie,Moreno,LAURIE.MORENO937 @ EXAMPLE.COM,+1-461-200-9071x915,1973-10-10,Other,2025-04-25,Active,2025-04-25 12:40:33,2025-04-25 12:40:33
938,CUS-000938,Jennifer,White,jennifer.white938@example.com,637-394-5113x9425,1975-09-13,Other,2025-06-20,Active,2025-06-20 02:57:50,2025-06-20 02:57:50
939,CUS-000939,Cynthia,Dunn,cynthia.dunn939@example.com,+1-829-454-8833,2002-08-29,Female,2024-04-21,Inactive,2024-04-21 21:34:20,2024-04-21 21:34:20
940,CUS-000940,Paige,Villarreal,paige.villarreal940@example.com,,1962-12-18,Other,2024-02-22,Active,2024-02-22 17:25:17,2024-02-22 17:25:17
941,CUS-000941,Russell,Swanson,russell.swanson941@example.com,001-643-337-7677x867,2010-04-30,Other,2026-01-13,Active,2026-01-13 20:45:02,2026-01-13 20:45:02
942,CUS-000942,Michael,Walker,michael.walker942@example.com,291.724.5115,1973-01-19,Other,2024-09-06,Active,2024-09-06 22:36:15,2024-09-06 22:36:15
943,CUS-000943,Jose,Mitchell,jose.mitchell943@example.com,001-755-828-2121x25417,1983-07-19,Female,2025-11-12,Active,2025-11-12 06:59:56,2025-11-12 06:59:56
944,CUS-000944,James,Morales,james.morales944@example.com,+1-991-406-0169x129,1990-11-07,Other,2023-10-08,Inactive,2023-10-08 19:26:51,2023-10-08 19:26:51
945,CUS-000945,Kelsey,Lynn,kelsey.lynn945@example.com,+1-680-528-0500x6983,1986-07-14,Male,2025-07-26,Active,2025-07-26 10:37:33,2025-07-26 10:37:33
946,CUS-000946,Monica,Hall,monica.hall946@example.com,+1-605-402-5560,2008-01-12,Other,2026-01-14,Active,2026-01-14 10:06:30,2026-01-14 10:06:30
947,CUS-000947,Larry,Williams,larry.williams947@example.com,(748)309-9349,1965-11-08,Female,2025-12-23,Active,2025-12-23 23:25:34,2025-12-23 23:25:34
948,CUS-000948,David,Lopez,david.lopez948@example.com,001-706-779-4719,1981-12-06,Female,2024-10-15,Active,2024-10-15 11:52:44,2024-10-15 11:52:44
949,CUS-000949,Jonathan,Flores,jonathan.flores949@example.com,248-668-6093,1965-12-03,Male,2023-07-07,Active,2023-07-07 20:46:52,2023-07-07 20:46:52
950,CUS-000950,Mary,Stewart,mary.stewart950@example.com,806.600.6199x70036,2005-05-28,Female,2024-03-16,Active,2024-03-16 12:04:59,2024-03-16 12:04:59
951,CUS-000951,Justin,Thomas,justin.thomas951@example.com,427-567-4162x37803,1960-07-23,Female,2025-06-17,Active,2025-06-17 19:32:48,2025-06-17 19:32:48
952,CUS-000952,Chad,Bates,chad.bates952@example.com,637-794-8146,1973-07-22,Other,2024-01-25,Active,2024-01-25 01:25:49,2024-01-25 01:25:49
953,CUS-000953,Kenneth,Brown,kenneth.brown953@example.com,(286)362-2907x75792,1995-09-17,Other,2023-11-08,Active,2023-11-08 19:06:34,2023-11-08 19:06:34
954,CUS-000954,April,Bishop,april.bishop954@example.com,(521)799-7150x83483,1993-03-05,Other,2025-10-13,active,2025-10-13 00:26:39,2025-10-13 00:26:39
955,CUS-000955,Andrew,Anthony,andrew.anthony955@example.com,+1-615-829-1698,1998-07-23,Male,2025-09-19,Inactive,2025-09-19 19:48:16,2025-09-19 19:48:16
956,CUS-000956,Brenda,Martinez,brenda.martinez956@example.com,(980)864-3250,1976-04-16,Female,2026-05-23,Active,2026-05-23 00:54:05,2026-05-23 00:54:05
957,CUS-000957,Michael,Phillips,michael.phillips957@example.com,222-812-8487x1747,1973-09-01,Male,2025-02-14,Active,2025-02-14 22:05:49,2025-02-14 22:05:49
958,CUS-000958,Michelle,Robinson,michelle.robinson958@example.com,771.852.9926x2001,1964-06-18,Other,2025-06-12,Active,2025-06-12 09:11:13,2025-06-12 09:11:13
959,CUS-000959,Erin,Bright,erin.bright959@example.com,001-499-795-2214x206,1985-09-05,Female,2025-12-31,Active,2025-12-31 15:40:53,2025-12-31 15:40:53
960,CUS-000960,Amanda,Williams,amanda.williams960@example.com,+1-862-688-8633,1962-01-17,Female,2023-12-15,Active,2023-12-15 23:22:25,2023-12-15 23:22:25
961,CUS-000961,Amy,Taylor,amy.taylor961@example.com,754.971.5550x851,1977-05-13,Male,2025-06-01,Active,2025-06-01 16:39:41,2025-06-01 16:39:41
962,CUS-000962,Keith,Stone,keith.stone962@example.com,589-564-7615x523,1979-09-09,Other,2025-08-22, Inactive ,2025-08-22 10:38:08,2025-08-22 10:38:08
963,CUS-000963,Hayley,Nelson,hayley.nelson963@example.com,+1-888-741-2181x9236,2004-06-14,Other,2024-07-14,Active,2024-07-14 10:28:45,2024-07-14 10:28:45
964,CUS-000964,Wendy,Mercado,wendy.mercado964@example.com,680-353-8187,1983-06-09,Other,2024-06-06,Active,2024-06-06 06:55:16,2024-06-06 06:55:16
965,CUS-000965,Edgar,Manning,edgar.manning965@example.com,,1967-01-03,Other,2023-09-06,Active,2023-09-06 22:31:11,2023-09-06 22:31:11
966,CUS-000966,Matthew,Gamble,matthew.gamble966@example.com,677-559-8415,1965-04-27,Other,2025-09-06,Active,2025-09-06 22:15:50,2025-09-06 22:15:50
967,CUS-000967,Austin,Baldwin,austin.baldwin967@example.com,(787)655-3868,2000-04-16,Other,2025-04-02,Active,2025-04-02 20:48:29,2025-04-02 20:48:29
968,CUS-000968,Tammy,Weiss,tammy.weiss968@example.com,001-370-652-1965,1991-01-22,Female,2023-08-16,Inactive,2023-08-16 18:06:54,2023-08-16 18:06:54
969,CUS-000969,Nicole,Johnson,nicole.johnson969@example.com,940.702.2248,2009-07-06,Other,2024-05-23,Active,2024-05-23 13:05:32,2024-05-23 13:05:32
970,CUS-000970,Jose,Reilly,jose.reilly970@example.com,001-528-697-8174x10395,1984-10-16,Female,2024-12-09,Active,2024-12-09 12:25:32,2024-12-09 12:25:32
971,CUS-000971,Janice,Guzman,janice.guzman971@example.com,621.264.9521x057,1958-12-09,Male,2024-07-14,Active,2024-07-14 19:35:09,2024-07-14 19:35:09
972,CUS-000972,Lisa,Hensley,lisa.hensley972@example.com,001-995-424-6634x827,1961-03-01,Other,2026-04-08,Active,2026-04-08 05:46:53,2026-04-08 05:46:53
973,CUS-000973,Steven,Hunt,steven.hunt973@example.com,236-574-4241x3831,1969-06-27,Female,2025-12-02,Active,2025-12-02 21:50:32,2025-12-02 21:50:32
974,CUS-000974,Joshua,Martin,joshua.martin974@example.com,5388247408,1966-03-13,Male,2025-03-17,Active,2025-03-17 20:22:18,2025-03-17 20:22:18
975,CUS-000975,Brooke,Farley,brooke.farley975@example.com,778.994.3480,1970-08-07,Other,2024-04-18,Active,2024-04-18 08:43:49,2024-04-18 08:43:49
976,CUS-000976,Jose,White,jose.white976@example.com,824.526.3530x37011,1983-04-01,Female,2025-01-22,Active,2025-01-22 13:05:12,2025-01-22 13:05:12
977,CUS-000977,Michael,Williams,michael.williams977@example.com,514-489-8312,2004-03-28,Male,2025-02-10,Active,2025-02-10 17:51:10,2025-02-10 17:51:10
978,CUS-000978,Karen,Patterson,karen.patterson978@example.com,(748)390-8278,1981-02-03,Other,2026-04-20,Inactive,2026-04-20 19:10:43,2026-04-20 19:10:43
979,CUS-000979,Timothy,Lloyd,timothy.lloyd979@example.com,414-821-8621x2658,1978-12-10,Male,2025-05-04,Active,2025-05-04 08:02:08,2025-05-04 08:02:08
980,CUS-000980,Elizabeth,Perry,elizabeth.perry980@example.com,9289313864,1980-01-02,Other,2025-01-03,Active,2025-01-03 03:23:33,2025-01-03 03:23:33
981,CUS-000981,Emily,King,emily.king981@example.com,(730)987-1690,1966-07-22,Female,2026-05-27,Active,2026-05-27 09:44:14,2026-05-27 09:44:14
982,CUS-000982,Sherry,Schmidt,sherry.schmidt982@example.com,001-709-584-4878x4901,1960-04-09,Male,2025-11-30,Active,2025-11-30 19:48:12,2025-11-30 19:48:12
983,CUS-000983,John,Herring,john.herring983@example.com,746.658.8672x4792,1964-06-19,Male,2026-03-06,Inactive,2026-03-06 20:42:25,2026-03-06 20:42:25
984,CUS-000984,Jacob,Gomez,jacob.gomez984@example.com,+1-682-612-6652,1991-06-16,Male,2024-09-04,Active,2024-09-04 15:11:03,2024-09-04 15:11:03
985,CUS-000985,Daniel,Brown,daniel.brown985@example.com,+1-554-764-9013x8080,1959-09-12,Male,2024-06-11,Active,2024-06-11 14:26:34,2024-06-11 14:26:34
986,CUS-000986,Jeff,Anthony,jeff.anthony986@example.com,001-760-477-0979x17014,1970-08-12,Female,2026-05-11,Active,2026-05-11 09:10:29,2026-05-11 09:10:29
987,CUS-000987,Justin,Colon,justin.colon987@example.com,(992)913-1050,1981-04-28,Male,2025-02-24,Active,2025-02-24 07:03:18,2025-02-24 07:03:18
988,CUS-000988,Sergio,Dunlap,sergio.dunlap988@example.com,,1966-03-25,Other,2023-12-20,Active,2023-12-20 11:35:52,2023-12-20 11:35:52
989,CUS-000989,Colleen,Coleman,colleen.coleman989@example.com,+1-846-708-8447x80252,1973-06-28,Other,2026-05-22,Active,2026-05-22 11:31:13,2026-05-22 11:31:13
990,CUS-000990,Michael,Walker,michael.walker990@example.com,850-615-7957x49041,1994-07-24,Male,2025-12-09,Active,2025-12-09 13:41:33,2025-12-09 13:41:33
991,CUS-000991,Jordan,Reed,jordan.reed991@example.com,518-758-1573x826,1979-01-13,Female,2023-06-26,Active,2023-06-26 06:08:05,2023-06-26 06:08:05
992,CUS-000992,Michele,Carter,michele.carter992@example.com,750-200-6708x72252,1964-04-29,Female,2024-03-02,Active,2024-03-02 16:20:39,2024-03-02 16:20:39
993,CUS-000993,Heather,Silva,heather.silva993@example.com,637.550.1800,2005-02-22,Male,2025-02-17,Active,2025-02-17 05:48:24,2025-02-17 05:48:24
994,CUS-000994,Timothy,Wright,timothy.wright994@example.com,356.953.9719x35347,1958-05-17,Male,2025-06-04,Active,2025-06-04 20:30:52,2025-06-04 20:30:52
995,CUS-000995,Leah,Robinson,leah.robinson995@example.com,731.435.0524,1970-09-24,Other,2025-08-30,Active,2025-08-30 08:21:06,2025-08-30 08:21:06
996,CUS-000996,Richard,Oconnell,richard.oconnell996@example.com,(923)500-8839,2005-08-24,Female,2023-09-05,Active,2023-09-05 16:43:15,2023-09-05 16:43:15
997,CUS-000997,Troy,Conway,troy.conway997@example.com,522-750-6528x3069,1971-03-17,Other,2023-11-03,Active,2023-11-03 01:21:56,2023-11-03 01:21:56
998,CUS-000998,Lori,Simpson,lori.simpson998@example.com,001-821-489-9030x68544,1969-05-11,Other,2025-04-10,Active,2025-04-10 20:10:46,2025-04-10 20:10:46
999,CUS-000999,Brian,Richards,brian.richards999@example.com,001-520-506-4565x050,1978-08-24,Other,2025-07-23,Inactive,2025-07-23 12:00:20,2025-07-23 12:00:20
1000,CUS-001000,John,Moore,john.moore1000@example.com,(794)987-5621x25276,1967-05-18,Other,2024-01-13,Active,2024-01-13 16:30:08,2024-01-13 16:30:08
1001,CUS-001001,Leslie,Manning,leslie.manning834@example.com,834-592-7937x18193,1963-07-15,Other,2025-11-11,Active,2025-11-11 15:36:13,2025-11-11 15:36:13
1002,CUS-001002,Courtney,Callahan,courtney.callahan233@example.com,556-451-1971x9107,1964-01-21,Other,2026-05-11,Active,2026-05-11 17:59:32,2026-05-11 17:59:32
1003,CUS-001003,Antonio,Crawford,antonio.crawford397@example.com,764-539-5005x059,1996-02-23,Female,2025-04-15,Active,2025-04-15 13:12:35,2025-04-15 13:12:35
1004,CUS-001004,Bradley,Anderson,bradley.anderson207@example.com,+1-219-726-4503,1988-12-01,Male,2024-07-23,Active,2024-07-23 06:38:54,2024-07-23 06:38:54
1005,CUS-001005,Jennifer,Carr,jennifer.carr357@example.com,590.885.6360x9679,1998-08-17,Other,2026-05-13,Active,2026-05-13 17:11:17,2026-05-13 17:11:17
1006,CUS-001006,Cassie,Sanchez,cassie.sanchez169@example.com,337.699.1354,2007-06-02,Other,2023-06-16,Active,2023-06-16 15:49:50,2023-06-16 15:49:50
1007,CUS-001007,Michael,Walker,michael.walker990@example.com,850-615-7957x49041,1994-07-24,Male,2025-12-11,Active,2025-12-11 15:50:58,2025-12-11 15:50:58
1008,CUS-001008,Robert,Nelson,robert.nelson198@example.com,3743636251,1958-05-13,Female,2024-03-25,Active,2024-03-25 17:50:53,2024-03-25 17:50:53
