delivery_id,rental_id,courier_id,dispatch_date,delivered_date,returned_date,delivery_status,created_at,updated_at
1,1,3,2025-08-21 13:53:00,2025-08-22 13:53:00,2025-08-24 18:55:00,Completed,2025-08-21 13:53:00,2025-08-24 18:55:00
2,2,4,2025-11-10 17:16:00,2025-11-12 21:16:00,2025-11-20 16:23:00,Completed,2025-11-10 17:16:00,2025-11-20 16:23:00
3,3,4,2025-11-10 10:29:00,2025-11-11 18:29:00,2025-11-17 12:07:00,Completed,2025-11-10 10:29:00,2025-11-17 12:07:00
4,4,5,2026-05-13 12:33:00,2026-05-15 15:33:00,2026-05-21 13:16:00,Completed,2026-05-13 12:33:00,2026-05-21 13:16:00
5,5,4,2025-10-10 14:00:00,2025-10-13 15:00:00,,Delivered,2025-10-10 14:00:00,2025-10-13 15:00:00
6,6,1,2026-04-17 10:06:00,2026-04-18 17:06:00,2026-04-23 17:21:00,Completed,2026-04-17 10:06:00,2026-04-23 17:21:00
7,7,1,2025-07-23 13:24:00,2025-07-25 16:24:00,2025-08-04 14:56:00,Completed,2025-07-23 13:24:00,2025-08-04 14:56:00
8,8,5,2026-03-04 12:07:00,2026-03-06 15:07:00,2026-03-15 15:36:00,Completed,2026-03-04 12:07:00,2026-03-15 15:36:00
9,9,3,2026-02-25 11:52:00,2026-02-27 13:52:00,2026-03-01 10:47:00,Completed,2026-02-25 11:52:00,2026-03-01 10:47:00
10,10,5,2025-07-09 10:05:00,2025-07-10 18:05:00,2025-07-12 16:14:00,Completed,2025-07-09 10:05:00,2025-07-12 16:14:00
11,11,3,2026-01-21 10:33:00,2026-01-22 10:33:00,,Delivered,2026-01-21 10:33:00,2026-01-22 10:33:00
12,12,3,2025-09-12 13:15:00,2025-09-13 13:15:00,2025-09-24 15:43:00,Completed,2025-09-12 13:15:00,2025-09-24 15:43:00
13,13,4,2025-06-23 18:58:00,2025-06-25 19:58:00,2025-07-08 16:12:00,Completed,2025-06-23 18:58:00,2025-07-08 16:12:00
14,14,5,2025-12-24 09:43:00,2025-12-27 17:43:00,2025-12-29 16:28:00,Completed,2025-12-24 09:43:00,2025-12-29 16:28:00
15,15,1,2026-03-20 15:28:00,2026-03-21 21:28:00,2026-03-28 10:31:00,Completed,2026-03-20 15:28:00,2026-03-28 10:31:00
16,16,4,2026-04-06 09:58:00,2026-04-09 15:58:00,2026-04-15 08:04:00,Completed,2026-04-06 09:58:00,2026-04-15 08:04:00
17,17,3,2025-10-05 08:04:00,2025-10-06 13:04:00,2025-10-14 18:11:00,Completed,2025-10-05 08:04:00,2025-10-14 18:11:00
18,18,1,2025-11-25 17:14:00,2025-11-28 17:14:00,2025-11-26 12:37:00,Completed,2025-11-25 17:14:00,2025-11-28 17:14:00
19,19,5,2026-01-17 08:29:00,2026-01-20 16:29:00,2026-01-19 08:33:00,Completed,2026-01-17 08:29:00,2026-01-20 16:29:00
20,20,4,2025-12-22 11:26:00,2025-12-24 15:26:00,2025-12-24 16:22:00,Completed,2025-12-22 11:26:00,2025-12-24 16:22:00
21,21,2,2025-10-03 09:48:00,2025-10-06 15:48:00,2025-10-17 15:22:00,Completed,2025-10-03 09:48:00,2025-10-17 15:22:00
22,22,2,2025-12-12 14:52:00,2025-12-14 15:52:00,2025-12-20 15:42:00,Completed,2025-12-12 14:52:00,2025-12-20 15:42:00
23,23,5,2025-08-10 13:11:00,2025-08-13 15:11:00,2025-08-13 15:33:00,Completed,2025-08-10 13:11:00,2025-08-13 15:33:00
24,24,4,2026-02-24 08:12:00,2026-02-25 16:12:00,2026-02-24 12:32:00,Completed,2026-02-24 08:12:00,2026-02-25 16:12:00
25,25,2,2025-08-04 11:31:00,2025-08-05 18:31:00,2025-08-11 10:13:00,Completed,2025-08-04 11:31:00,2025-08-11 10:13:00
26,26,2,2025-10-05 18:42:00,2025-10-08 21:42:00,,Delivered,2025-10-05 18:42:00,2025-10-08 21:42:00
27,27,5,2025-09-01 10:03:00,2025-09-03 13:03:00,,Delivered,2025-09-01 10:03:00,2025-09-03 13:03:00
28,28,5,2025-07-04 18:17:00,2025-07-05 20:17:00,,Delivered,2025-07-04 18:17:00,2025-07-05 20:17:00
29,29,4,2026-03-28 08:53:00,2026-03-31 15:53:00,2026-04-04 08:48:00,Completed,2026-03-28 08:53:00,2026-04-04 08:48:00
30,30,4,2026-03-12 11:18:00,2026-03-15 14:18:00,2026-03-16 18:05:00,Completed,2026-03-12 11:18:00,2026-03-16 18:05:00
31,31,5,2026-02-13 12:37:00,2026-02-14 17:37:00,2026-02-26 16:44:00,Completed,2026-02-13 12:37:00,2026-02-26 16:44:00
32,32,2,2025-09-29 13:18:00,2025-10-02 19:18:00,2025-10-09 11:00:00,Completed,2025-09-29 13:18:00,2025-10-09 11:00:00
33,33,2,2026-02-12 09:28:00,2026-02-14 10:28:00,,Delivered,2026-02-12 09:28:00,2026-02-14 10:28:00
34,34,1,2025-11-07 10:52:00,2025-11-09 13:52:00,2025-11-07 16:39:00,Completed,2025-11-07 10:52:00,2025-11-09 13:52:00
35,35,5,2026-01-25 10:30:00,2026-01-26 14:30:00,2026-01-30 08:21:00,Completed,2026-01-25 10:30:00,2026-01-30 08:21:00
36,36,5,2025-12-02 16:05:00,2025-12-05 17:05:00,2025-12-03 09:29:00,Completed,2025-12-02 16:05:00,2025-12-05 17:05:00
37,37,4,2026-01-01 11:55:00,2026-01-03 12:55:00,2026-01-08 09:11:00,Completed,2026-01-01 11:55:00,2026-01-08 09:11:00
38,38,1,2025-11-06 14:49:00,2025-11-07 21:49:00,2025-11-14 09:07:00,Completed,2025-11-06 14:49:00,2025-11-14 09:07:00
39,39,4,2026-03-17 11:23:00,2026-03-18 12:23:00,2026-03-22 16:21:00,Completed,2026-03-17 11:23:00,2026-03-22 16:21:00
40,40,2,2025-11-27 18:58:00,2025-11-28 18:58:00,2025-12-12 11:27:00,Completed,2025-11-27 18:58:00,2025-12-12 11:27:00
41,41,2,2025-07-16 16:05:00,2025-07-17 18:05:00,2025-07-19 16:40:00,Completed,2025-07-16 16:05:00,2025-07-19 16:40:00
42,42,5,2025-06-10 17:32:00,2025-06-13 20:32:00,2025-06-15 16:55:00,Completed,2025-06-10 17:32:00,2025-06-15 16:55:00
43,43,4,2025-10-16 08:10:00,2025-10-18 08:10:00,2025-10-27 17:32:00,Completed,2025-10-16 08:10:00,2025-10-27 17:32:00
44,44,3,2026-02-25 15:52:00,2026-02-27 22:52:00,2026-03-03 17:49:00,Completed,2026-02-25 15:52:00,2026-03-03 17:49:00
45,45,4,2025-09-20 17:26:00,2025-09-21 17:26:00,2025-09-28 13:54:00,Completed,2025-09-20 17:26:00,2025-09-28 13:54:00
46,46,5,2025-06-11 12:21:00,2025-06-14 14:21:00,2025-06-14 11:10:00,Completed,2025-06-11 12:21:00,2025-06-14 14:21:00
47,47,5,2025-11-06 14:14:00,2025-11-09 17:14:00,2025-11-07 17:36:00,Completed,2025-11-06 14:14:00,2025-11-09 17:14:00
48,48,3,2026-03-01 12:46:00,2026-03-03 16:46:00,2026-03-17 17:30:00,Completed,2026-03-01 12:46:00,2026-03-17 17:30:00
49,49,5,2026-02-07 10:11:00,2026-02-10 14:11:00,2026-02-20 11:15:00,Completed,2026-02-07 10:11:00,2026-02-20 11:15:00
50,50,4,2026-02-15 10:46:00,2026-02-17 10:46:00,2026-02-18 11:52:00,Completed,2026-02-15 10:46:00,2026-02-18 11:52:00
51,51,3,2025-09-11 15:07:00,2025-09-13 17:07:00,2025-09-14 17:20:00,Completed,2025-09-11 15:07:00,2025-09-14 17:20:00
52,52,1,2025-08-03 10:43:00,2025-08-06 14:43:00,2025-08-04 13:35:00,Completed,2025-08-03 10:43:00,2025-08-06 14:43:00
53,53,1,2025-12-27 12:20:00,2025-12-28 16:20:00,2025-12-30 08:53:00,Completed,2025-12-27 12:20:00,2025-12-30 08:53:00
54,54,4,2025-08-20 15:46:00,2025-08-22 19:46:00,2025-09-02 08:16:00,Completed,2025-08-20 15:46:00,2025-09-02 08:16:00
55,55,5,2025-09-29 16:59:00,2025-10-02 19:59:00,2025-10-08 11:07:00,Completed,2025-09-29 16:59:00,2025-10-08 11:07:00
56,56,4,2025-12-13 13:26:00,2025-12-14 18:26:00,2025-12-13 11:37:00,Completed,2025-12-13 13:26:00,2025-12-14 18:26:00
57,57,2,2026-01-18 09:25:00,2026-01-19 15:25:00,2026-01-24 18:48:00,Completed,2026-01-18 09:25:00,2026-01-24 18:48:00
58,58,5,2025-06-13 17:34:00,2025-06-16 23:34:00,2025-06-29 11:00:00,Completed,2025-06-13 17:34:00,2025-06-29 11:00:00
59,59,3,2025-11-18 11:27:00,2025-11-21 15:27:00,2025-11-27 12:45:00,Completed,2025-11-18 11:27:00,2025-11-27 12:45:00
60,60,4,2025-08-26 09:36:00,2025-08-27 09:36:00,2025-09-01 15:22:00,Completed,2025-08-26 09:36:00,2025-09-01 15:22:00
61,61,2,2025-06-23 17:19:00,2025-06-24 23:19:00,2025-07-08 18:28:00,Completed,2025-06-23 17:19:00,2025-07-08 18:28:00
62,62,4,2026-03-16 16:09:00,2026-03-17 23:09:00,2026-03-16 10:12:00,Completed,2026-03-16 16:09:00,2026-03-17 23:09:00
63,63,2,2026-05-28 09:13:00,2026-05-31 10:13:00,2026-06-07 14:08:00,Completed,2026-05-28 09:13:00,2026-06-07 14:08:00
64,64,3,2025-08-13 08:46:00,2025-08-14 08:46:00,2025-09-02 09:11:00,Completed,2025-08-13 08:46:00,2025-09-02 09:11:00
65,65,2,2025-06-13 17:29:00,2025-06-16 19:29:00,2025-06-16 18:41:00,Completed,2025-06-13 17:29:00,2025-06-16 19:29:00
66,66,2,2026-05-07 11:43:00,2026-05-08 17:43:00,2026-05-24 10:43:00,Completed,2026-05-07 11:43:00,2026-05-24 10:43:00
67,67,3,2026-02-17 14:00:00,2026-02-20 18:00:00,2026-02-22 14:05:00,Completed,2026-02-17 14:00:00,2026-02-22 14:05:00
68,68,1,2025-07-17 14:47:00,2025-07-20 20:47:00,,Delivered,2025-07-17 14:47:00,2025-07-20 20:47:00
69,69,5,2026-04-30 16:39:00,2026-05-01 17:39:00,2026-05-03 10:02:00,Completed,2026-04-30 16:39:00,2026-05-03 10:02:00
70,70,2,2026-04-29 14:53:00,2026-05-02 20:53:00,2026-05-12 08:46:00,Completed,2026-04-29 14:53:00,2026-05-12 08:46:00
71,71,1,2026-03-20 09:06:00,2026-03-21 15:06:00,2026-03-29 15:33:00,Completed,2026-03-20 09:06:00,2026-03-29 15:33:00
72,72,5,2026-05-25 18:31:00,2026-05-28 00:31:00,2026-05-31 15:47:00,Completed,2026-05-25 18:31:00,2026-05-31 15:47:00
73,73,3,2026-05-20 10:11:00,2026-05-22 18:11:00,2026-05-21 15:35:00,Completed,2026-05-20 10:11:00,2026-05-22 18:11:00
74,74,2,2025-09-16 17:52:00,2025-09-19 20:52:00,2025-09-22 18:54:00,Completed,2025-09-16 17:52:00,2025-09-22 18:54:00
75,75,2,2025-06-29 09:30:00,2025-07-01 16:30:00,2025-07-03 12:35:00,Completed,2025-06-29 09:30:00,2025-07-03 12:35:00
76,76,3,2025-11-22 12:08:00,2025-11-25 13:08:00,2025-11-23 14:56:00,Completed,2025-11-22 12:08:00,2025-11-25 13:08:00
77,77,3,2025-06-23 15:10:00,2025-06-26 16:10:00,2025-06-30 15:19:00,Completed,2025-06-23 15:10:00,2025-06-30 15:19:00
78,78,1,2026-02-15 16:29:00,2026-02-16 16:29:00,2026-02-28 11:55:00,Completed,2026-02-15 16:29:00,2026-02-28 11:55:00
79,79,5,2025-10-05 10:23:00,2025-10-06 15:23:00,2025-10-12 10:27:00,Completed,2025-10-05 10:23:00,2025-10-12 10:27:00
80,80,4,2025-09-21 11:49:00,2025-09-23 17:49:00,2025-09-22 12:54:00,Completed,2025-09-21 11:49:00,2025-09-23 17:49:00
81,81,1,2025-07-24 15:51:00,2025-07-25 21:51:00,2025-07-28 18:49:00,Completed,2025-07-24 15:51:00,2025-07-28 18:49:00
82,82,4,2026-03-13 09:31:00,2026-03-15 11:31:00,2026-03-14 08:30:00,Completed,2026-03-13 09:31:00,2026-03-15 11:31:00
83,83,3,2025-12-28 14:44:00,2025-12-29 14:44:00,2026-01-01 08:31:00,Completed,2025-12-28 14:44:00,2026-01-01 08:31:00
84,84,3,2025-08-02 11:47:00,2025-08-04 11:47:00,2025-08-02 14:01:00,Completed,2025-08-02 11:47:00,2025-08-04 11:47:00
85,85,1,2026-05-29 08:11:00,2026-06-01 08:11:00,2026-05-29 18:25:00,Completed,2026-05-29 08:11:00,2026-06-01 08:11:00
86,86,3,2026-04-10 12:38:00,2026-04-12 14:38:00,2026-04-10 13:31:00,Completed,2026-04-10 12:38:00,2026-04-12 14:38:00
87,87,5,2025-11-22 09:55:00,2025-11-25 14:55:00,2025-11-28 09:12:00,Completed,2025-11-22 09:55:00,2025-11-28 09:12:00
88,88,2,2025-06-25 12:29:00,2025-06-28 14:29:00,2025-06-30 16:34:00,Completed,2025-06-25 12:29:00,2025-06-30 16:34:00
89,89,4,2025-07-20 18:30:00,2025-07-23 01:30:00,2025-07-28 09:56:00,Completed,2025-07-20 18:30:00,2025-07-28 09:56:00
90,90,2,2025-09-10 08:32:00,2025-09-11 14:32:00,2025-09-27 17:23:00,Completed,2025-09-10 08:32:00,2025-09-27 17:23:00
91,91,1,2025-09-24 17:55:00,2025-09-27 00:55:00,2025-09-25 15:53:00,Completed,2025-09-24 17:55:00,2025-09-27 00:55:00
92,92,5,2025-06-24 13:42:00,2025-06-26 19:42:00,2025-06-25 12:44:00,Completed,2025-06-24 13:42:00,2025-06-26 19:42:00
93,93,4,2025-11-23 15:39:00,2025-11-25 18:39:00,2025-11-24 12:58:00,Completed,2025-11-23 15:39:00,2025-11-25 18:39:00
94,94,4,2026-04-28 18:07:00,2026-04-29 23:07:00,2026-05-04 09:14:00,Completed,2026-04-28 18:07:00,2026-05-04 09:14:00
95,95,5,2025-09-05 13:17:00,2025-09-08 14:17:00,2025-09-05 14:43:00,Completed,2025-09-05 13:17:00,2025-09-08 14:17:00
96,96,1,2025-06-06 17:53:00,2025-06-09 18:53:00,2025-06-06 14:11:00,Completed,2025-06-06 17:53:00,2025-06-09 18:53:00
97,97,1,2025-09-21 08:37:00,2025-09-24 15:37:00,2025-09-29 10:23:00,Completed,2025-09-21 08:37:00,2025-09-29 10:23:00
98,98,2,2025-08-28 09:31:00,2025-08-30 16:31:00,2025-09-01 12:38:00,Completed,2025-08-28 09:31:00,2025-09-01 12:38:00
99,99,3,2026-04-03 16:00:00,2026-04-05 23:00:00,2026-04-15 08:34:00,Completed,2026-04-03 16:00:00,2026-04-15 08:34:00
100,100,2,2026-04-10 13:48:00,2026-04-11 15:48:00,2026-04-14 14:08:00,Completed,2026-04-10 13:48:00,2026-04-14 14:08:00
101,101,4,2026-04-30 18:33:00,2026-05-02 02:33:00,2026-05-04 12:49:00,Completed,2026-04-30 18:33:00,2026-05-04 12:49:00
102,102,5,2026-05-29 17:44:00,2026-05-30 22:44:00,2026-06-02 11:58:00,Completed,2026-05-29 17:44:00,2026-06-02 11:58:00
103,103,2,2026-05-17 13:48:00,2026-05-18 21:48:00,2026-05-27 17:33:00,Completed,2026-05-17 13:48:00,2026-05-27 17:33:00
104,104,3,2025-11-19 13:42:00,2025-11-22 14:42:00,2025-11-27 08:05:00,Completed,2025-11-19 13:42:00,2025-11-27 08:05:00
105,105,5,2025-12-23 16:58:00,2025-12-26 22:58:00,2025-12-24 12:50:00,Completed,2025-12-23 16:58:00,2025-12-26 22:58:00
106,106,4,2026-03-25 17:21:00,2026-03-26 23:21:00,2026-03-26 11:45:00,Completed,2026-03-25 17:21:00,2026-03-26 23:21:00
107,107,5,2025-12-07 09:21:00,2025-12-08 14:21:00,2025-12-10 09:42:00,Completed,2025-12-07 09:21:00,2025-12-10 09:42:00
108,108,4,2025-06-22 08:40:00,2025-06-25 11:40:00,2025-06-26 12:28:00,Completed,2025-06-22 08:40:00,2025-06-26 12:28:00
109,109,4,2025-07-28 13:12:00,2025-07-29 20:12:00,2025-08-05 12:51:00,Completed,2025-07-28 13:12:00,2025-08-05 12:51:00
110,110,4,2025-08-03 10:33:00,2025-08-06 12:33:00,2025-08-25 17:34:00,Completed,2025-08-03 10:33:00,2025-08-25 17:34:00
111,111,2,2025-10-03 09:42:00,2025-10-04 14:42:00,2025-10-11 17:27:00,Completed,2025-10-03 09:42:00,2025-10-11 17:27:00
112,112,4,2026-01-14 17:13:00,2026-01-17 17:13:00,2026-01-21 17:42:00,Completed,2026-01-14 17:13:00,2026-01-21 17:42:00
113,113,4,2025-11-09 12:09:00,2025-11-11 15:09:00,2025-11-09 10:23:00,Completed,2025-11-09 12:09:00,2025-11-11 15:09:00
114,114,1,2025-10-02 18:52:00,2025-10-05 18:52:00,2025-10-11 11:48:00,Completed,2025-10-02 18:52:00,2025-10-11 11:48:00
115,115,3,2025-06-08 08:59:00,2025-06-09 10:59:00,2025-06-08 08:40:00,Completed,2025-06-08 08:59:00,2025-06-09 10:59:00
116,116,3,2026-03-27 15:50:00,2026-03-28 19:50:00,2026-04-03 11:27:00,Completed,2026-03-27 15:50:00,2026-04-03 11:27:00
117,117,5,2025-09-14 16:12:00,2025-09-16 19:12:00,2025-09-15 14:55:00,Completed,2025-09-14 16:12:00,2025-09-16 19:12:00
118,118,4,2026-01-18 14:40:00,2026-01-19 21:40:00,2026-01-27 11:54:00,Completed,2026-01-18 14:40:00,2026-01-27 11:54:00
119,119,2,2026-04-12 13:25:00,2026-04-14 21:25:00,2026-04-22 10:20:00,Completed,2026-04-12 13:25:00,2026-04-22 10:20:00
120,120,1,2026-02-09 13:27:00,2026-02-10 18:27:00,2026-02-13 16:22:00,Completed,2026-02-09 13:27:00,2026-02-13 16:22:00
121,121,3,2025-09-22 14:12:00,2025-09-23 17:12:00,2025-09-28 18:54:00,Completed,2025-09-22 14:12:00,2025-09-28 18:54:00
122,122,5,2025-10-11 14:39:00,2025-10-13 18:39:00,2025-10-16 18:14:00,Completed,2025-10-11 14:39:00,2025-10-16 18:14:00
123,123,5,2025-12-12 08:43:00,2025-12-15 10:43:00,2025-12-17 14:39:00,Completed,2025-12-12 08:43:00,2025-12-17 14:39:00
124,124,5,2026-05-06 11:53:00,2026-05-09 13:53:00,2026-05-11 16:47:00,Completed,2026-05-06 11:53:00,2026-05-11 16:47:00
125,125,5,2025-10-05 14:02:00,2025-10-08 16:02:00,2025-10-13 17:52:00,Completed,2025-10-05 14:02:00,2025-10-13 17:52:00
126,126,4,2025-12-04 10:32:00,2025-12-05 10:32:00,2025-12-06 08:28:00,Completed,2025-12-04 10:32:00,2025-12-06 08:28:00
127,127,2,2025-08-05 09:48:00,2025-08-06 14:48:00,2025-08-13 14:29:00,Completed,2025-08-05 09:48:00,2025-08-13 14:29:00
128,128,1,2026-05-18 08:07:00,2026-05-20 09:07:00,,Delivered,2026-05-18 08:07:00,2026-05-20 09:07:00
129,129,1,2025-09-21 14:35:00,2025-09-24 15:35:00,2025-09-28 18:09:00,Completed,2025-09-21 14:35:00,2025-09-28 18:09:00
130,130,1,2025-09-04 14:57:00,2025-09-05 22:57:00,2025-09-06 14:53:00,Completed,2025-09-04 14:57:00,2025-09-06 14:53:00
131,131,4,2025-08-31 13:16:00,2025-09-03 17:16:00,2025-09-05 08:31:00,Completed,2025-08-31 13:16:00,2025-09-05 08:31:00
132,132,2,2025-07-15 18:08:00,2025-07-16 20:08:00,2025-07-19 16:10:00,Completed,2025-07-15 18:08:00,2025-07-19 16:10:00
133,133,2,2026-01-16 09:08:00,2026-01-19 15:08:00,2026-01-16 08:02:00,Completed,2026-01-16 09:08:00,2026-01-19 15:08:00
134,134,5,2025-09-11 08:44:00,2025-09-13 12:44:00,2025-09-15 10:03:00,Completed,2025-09-11 08:44:00,2025-09-15 10:03:00
135,135,3,2025-06-30 13:35:00,2025-07-02 21:35:00,2025-06-30 10:57:00,Completed,2025-06-30 13:35:00,2025-07-02 21:35:00
136,136,1,2026-05-03 16:11:00,2026-05-04 17:11:00,2026-05-18 15:05:00,Completed,2026-05-03 16:11:00,2026-05-18 15:05:00
137,137,3,2026-05-08 15:33:00,2026-05-11 19:33:00,,Delivered,2026-05-08 15:33:00,2026-05-11 19:33:00
138,138,4,2026-01-25 11:07:00,2026-01-26 18:07:00,2026-02-04 16:56:00,Completed,2026-01-25 11:07:00,2026-02-04 16:56:00
139,139,3,2025-11-02 10:03:00,2025-11-04 15:03:00,2025-11-03 18:31:00,Completed,2025-11-02 10:03:00,2025-11-04 15:03:00
140,140,4,2025-10-12 13:05:00,2025-10-14 15:05:00,2025-10-19 08:52:00,Completed,2025-10-12 13:05:00,2025-10-19 08:52:00
141,141,2,2025-08-10 08:15:00,2025-08-12 10:15:00,2025-08-14 14:56:00,Completed,2025-08-10 08:15:00,2025-08-14 14:56:00
142,142,1,2025-07-23 09:59:00,2025-07-25 10:59:00,2025-07-26 14:37:00,Completed,2025-07-23 09:59:00,2025-07-26 14:37:00
143,143,1,2025-11-17 08:54:00,2025-11-18 15:54:00,2025-11-22 16:42:00,Completed,2025-11-17 08:54:00,2025-11-22 16:42:00
144,144,2,2025-09-28 08:06:00,2025-09-30 11:06:00,2025-10-08 15:26:00,Completed,2025-09-28 08:06:00,2025-10-08 15:26:00
145,145,5,2025-10-24 18:49:00,2025-10-27 01:49:00,2025-11-07 09:04:00,Completed,2025-10-24 18:49:00,2025-11-07 09:04:00
146,146,2,2026-03-07 08:51:00,2026-03-10 16:51:00,2026-03-08 12:26:00,Completed,2026-03-07 08:51:00,2026-03-10 16:51:00
147,147,2,2025-07-12 15:28:00,2025-07-13 22:28:00,2025-07-17 13:31:00,Completed,2025-07-12 15:28:00,2025-07-17 13:31:00
148,148,5,2025-12-28 12:49:00,2025-12-31 18:49:00,2026-01-05 14:03:00,Completed,2025-12-28 12:49:00,2026-01-05 14:03:00
149,149,5,2026-03-11 13:41:00,2026-03-14 16:41:00,2026-03-21 10:46:00,Completed,2026-03-11 13:41:00,2026-03-21 10:46:00
150,150,3,2025-06-11 18:52:00,2025-06-14 19:52:00,2025-06-19 11:09:00,Completed,2025-06-11 18:52:00,2025-06-19 11:09:00
151,151,3,2025-11-08 16:39:00,2025-11-09 18:39:00,2025-11-27 11:50:00,Completed,2025-11-08 16:39:00,2025-11-27 11:50:00
152,152,4,2025-09-03 09:38:00,2025-09-04 09:38:00,2025-09-05 13:09:00,Completed,2025-09-03 09:38:00,2025-09-05 13:09:00
153,153,4,2026-05-22 13:00:00,2026-05-25 18:00:00,,Delivered,2026-05-22 13:00:00,2026-05-25 18:00:00
154,154,5,2025-06-14 10:41:00,2025-06-15 16:41:00,2025-06-19 15:19:00,Completed,2025-06-14 10:41:00,2025-06-19 15:19:00
155,155,2,2026-02-24 09:55:00,2026-02-25 09:55:00,2026-03-08 17:43:00,Completed,2026-02-24 09:55:00,2026-03-08 17:43:00
156,156,2,2025-07-21 09:09:00,2025-07-22 10:09:00,2025-07-22 08:32:00,Completed,2025-07-21 09:09:00,2025-07-22 10:09:00
157,157,2,2025-07-16 13:55:00,2025-07-19 19:55:00,2025-07-22 10:35:00,Completed,2025-07-16 13:55:00,2025-07-22 10:35:00
158,158,1,2025-12-21 12:21:00,2025-12-24 15:21:00,2025-12-27 18:13:00,Completed,2025-12-21 12:21:00,2025-12-27 18:13:00
159,159,5,2026-03-19 10:59:00,2026-03-21 17:59:00,2026-03-20 09:21:00,Completed,2026-03-19 10:59:00,2026-03-21 17:59:00
160,160,3,2026-02-14 12:06:00,2026-02-17 15:06:00,2026-02-17 14:47:00,Completed,2026-02-14 12:06:00,2026-02-17 15:06:00
161,161,1,2026-03-20 08:59:00,2026-03-21 15:59:00,2026-03-29 12:10:00,Completed,2026-03-20 08:59:00,2026-03-29 12:10:00
162,162,1,2026-05-28 15:02:00,2026-05-31 21:02:00,2026-05-28 14:38:00,Completed,2026-05-28 15:02:00,2026-05-31 21:02:00
163,163,3,2025-09-02 08:11:00,2025-09-05 15:11:00,2025-09-02 15:18:00,Completed,2025-09-02 08:11:00,2025-09-05 15:11:00
164,164,4,2025-10-30 08:08:00,2025-10-31 15:08:00,2025-11-05 14:47:00,Completed,2025-10-30 08:08:00,2025-11-05 14:47:00
165,165,5,2025-08-29 18:10:00,2025-09-01 18:10:00,2025-09-12 16:45:00,Completed,2025-08-29 18:10:00,2025-09-12 16:45:00
166,166,4,2025-11-13 08:40:00,2025-11-15 16:40:00,,Delivered,2025-11-13 08:40:00,2025-11-15 16:40:00
167,167,4,2026-05-28 12:23:00,2026-05-31 20:23:00,2026-06-09 13:42:00,Completed,2026-05-28 12:23:00,2026-06-09 13:42:00
168,168,5,2026-05-17 17:58:00,2026-05-19 17:58:00,2026-05-18 10:42:00,Completed,2026-05-17 17:58:00,2026-05-19 17:58:00
169,169,2,2025-06-26 17:15:00,2025-06-27 17:15:00,2025-07-08 18:15:00,Completed,2025-06-26 17:15:00,2025-07-08 18:15:00
170,170,5,2026-03-23 08:37:00,2026-03-25 11:37:00,,Delivered,2026-03-23 08:37:00,2026-03-25 11:37:00
171,171,4,2026-04-21 13:34:00,2026-04-22 19:34:00,2026-04-23 18:02:00,Completed,2026-04-21 13:34:00,2026-04-23 18:02:00
172,172,3,2026-01-04 18:31:00,2026-01-05 23:31:00,2026-01-06 16:06:00,Completed,2026-01-04 18:31:00,2026-01-06 16:06:00
173,173,1,2025-11-11 09:03:00,2025-11-12 16:03:00,2025-11-11 16:49:00,Completed,2025-11-11 09:03:00,2025-11-12 16:03:00
174,174,4,2026-01-22 16:21:00,2026-01-24 16:21:00,2026-01-27 10:18:00,Completed,2026-01-22 16:21:00,2026-01-27 10:18:00
175,175,4,2025-11-23 11:27:00,2025-11-24 15:27:00,,Delivered,2025-11-23 11:27:00,2025-11-24 15:27:00
176,176,3,2025-09-20 14:33:00,2025-09-22 21:33:00,2025-10-01 08:22:00,Completed,2025-09-20 14:33:00,2025-10-01 08:22:00
177,177,2,2026-01-12 14:45:00,2026-01-13 19:45:00,2026-01-22 17:41:00,Completed,2026-01-12 14:45:00,2026-01-22 17:41:00
178,178,2,2026-01-19 18:52:00,2026-01-22 22:52:00,2026-01-24 14:11:00,Completed,2026-01-19 18:52:00,2026-01-24 14:11:00
179,179,3,2026-03-25 12:10:00,2026-03-27 20:10:00,2026-03-25 15:47:00,Completed,2026-03-25 12:10:00,2026-03-27 20:10:00
180,180,3,2025-07-18 18:19:00,2025-07-20 19:19:00,2025-07-21 18:20:00,Completed,2025-07-18 18:19:00,2025-07-21 18:20:00
181,181,2,2025-10-12 16:30:00,2025-10-15 16:30:00,2025-10-12 16:28:00,Completed,2025-10-12 16:30:00,2025-10-15 16:30:00
182,182,4,2026-01-16 13:42:00,2026-01-18 14:42:00,2026-01-23 10:43:00,Completed,2026-01-16 13:42:00,2026-01-23 10:43:00
183,183,2,2025-09-25 12:03:00,2025-09-28 13:03:00,2025-10-10 12:41:00,Completed,2025-09-25 12:03:00,2025-10-10 12:41:00
184,184,5,2025-06-14 14:45:00,2025-06-17 17:45:00,2025-06-22 09:46:00,Completed,2025-06-14 14:45:00,2025-06-22 09:46:00
185,185,3,2025-07-23 11:21:00,2025-07-24 16:21:00,2025-08-06 09:50:00,Completed,2025-07-23 11:21:00,2025-08-06 09:50:00
186,186,1,2026-04-21 08:33:00,2026-04-22 09:33:00,2026-04-27 09:32:00,Completed,2026-04-21 08:33:00,2026-04-27 09:32:00
187,187,4,2026-02-27 11:25:00,2026-03-01 17:25:00,2026-03-13 10:45:00,Completed,2026-02-27 11:25:00,2026-03-13 10:45:00
188,188,1,2026-02-22 14:37:00,2026-02-25 16:37:00,,Delivered,2026-02-22 14:37:00,2026-02-25 16:37:00
189,189,2,2025-07-29 12:33:00,2025-07-31 17:33:00,2025-08-06 13:15:00,Completed,2025-07-29 12:33:00,2025-08-06 13:15:00
190,190,4,2025-06-24 08:17:00,2025-06-25 10:17:00,2025-07-04 16:11:00,Completed,2025-06-24 08:17:00,2025-07-04 16:11:00
191,191,5,2026-02-03 09:58:00,2026-02-06 16:58:00,2026-02-20 13:27:00,Completed,2026-02-03 09:58:00,2026-02-20 13:27:00
192,192,4,2026-03-14 12:36:00,2026-03-16 17:36:00,2026-03-15 18:11:00,Completed,2026-03-14 12:36:00,2026-03-16 17:36:00
193,193,3,2025-08-25 14:04:00,2025-08-27 14:04:00,2025-09-08 11:16:00,Completed,2025-08-25 14:04:00,2025-09-08 11:16:00
194,194,5,2025-06-27 18:40:00,2025-06-29 00:40:00,,Delivered,2025-06-27 18:40:00,2025-06-29 00:40:00
195,195,5,2025-10-24 12:58:00,2025-10-26 18:58:00,,Delivered,2025-10-24 12:58:00,2025-10-26 18:58:00
196,196,1,2025-07-22 18:23:00,2025-07-24 23:23:00,2025-07-27 09:07:00,Completed,2025-07-22 18:23:00,2025-07-27 09:07:00
197,197,2,2026-05-20 15:11:00,2026-05-21 18:11:00,2026-06-01 08:53:00,Completed,2026-05-20 15:11:00,2026-06-01 08:53:00
198,198,4,2026-02-17 08:21:00,2026-02-19 09:21:00,2026-02-24 11:22:00,Completed,2026-02-17 08:21:00,2026-02-24 11:22:00
199,199,3,2026-05-12 14:34:00,2026-05-13 19:34:00,2026-05-28 15:28:00,Completed,2026-05-12 14:34:00,2026-05-28 15:28:00
200,200,3,2025-09-28 13:52:00,2025-09-30 15:52:00,2025-10-03 11:34:00,Completed,2025-09-28 13:52:00,2025-10-03 11:34:00
201,201,2,2025-09-12 17:18:00,2025-09-15 23:18:00,2025-09-20 13:08:00,Completed,2025-09-12 17:18:00,2025-09-20 13:08:00
202,202,3,2025-09-26 16:15:00,2025-09-28 00:15:00,2025-10-04 14:24:00,Completed,2025-09-26 16:15:00,2025-10-04 14:24:00
203,203,1,2026-02-26 08:36:00,2026-03-01 13:36:00,2026-03-07 16:01:00,Completed,2026-02-26 08:36:00,2026-03-07 16:01:00
204,204,3,2025-11-07 12:16:00,2025-11-09 16:16:00,2025-11-23 17:35:00,Completed,2025-11-07 12:16:00,2025-11-23 17:35:00
205,205,5,2025-08-09 15:31:00,2025-08-12 22:31:00,2025-08-13 10:29:00,Completed,2025-08-09 15:31:00,2025-08-13 10:29:00
206,206,2,2025-08-20 12:56:00,2025-08-21 13:56:00,2025-09-03 11:44:00,Completed,2025-08-20 12:56:00,2025-09-03 11:44:00
207,207,2,2026-03-27 09:06:00,2026-03-28 12:06:00,2026-04-06 12:00:00,Completed,2026-03-27 09:06:00,2026-04-06 12:00:00
208,208,2,2025-10-23 09:24:00,2025-10-26 11:24:00,2025-10-27 16:50:00,Completed,2025-10-23 09:24:00,2025-10-27 16:50:00
209,209,5,2025-10-28 08:36:00,2025-10-30 10:36:00,2025-10-30 13:33:00,Completed,2025-10-28 08:36:00,2025-10-30 13:33:00
210,210,3,2025-12-13 12:52:00,2025-12-14 19:52:00,2025-12-14 17:41:00,Completed,2025-12-13 12:52:00,2025-12-14 19:52:00
211,211,1,2026-05-01 08:39:00,2026-05-03 10:39:00,2026-05-12 17:19:00,Completed,2026-05-01 08:39:00,2026-05-12 17:19:00
212,212,4,2026-03-15 12:32:00,2026-03-16 14:32:00,2026-03-17 08:03:00,Completed,2026-03-15 12:32:00,2026-03-17 08:03:00
213,213,1,2026-03-26 08:47:00,2026-03-29 15:47:00,2026-03-28 12:32:00,Completed,2026-03-26 08:47:00,2026-03-29 15:47:00
214,214,1,2025-08-10 16:10:00,2025-08-12 20:10:00,2025-08-10 16:22:00,Completed,2025-08-10 16:10:00,2025-08-12 20:10:00
215,215,4,2025-07-28 11:15:00,2025-07-31 17:15:00,2025-08-07 08:44:00,Completed,2025-07-28 11:15:00,2025-08-07 08:44:00
216,216,4,2025-09-04 12:42:00,2025-09-06 16:42:00,2025-09-13 15:09:00,Completed,2025-09-04 12:42:00,2025-09-13 15:09:00
217,217,5,2025-10-07 10:46:00,2025-10-08 17:46:00,2025-10-17 08:59:00,Completed,2025-10-07 10:46:00,2025-10-17 08:59:00
218,218,2,2026-04-01 09:29:00,2026-04-04 16:29:00,2026-04-08 16:07:00,Completed,2026-04-01 09:29:00,2026-04-08 16:07:00
219,219,4,2025-08-16 13:36:00,2025-08-18 17:36:00,2025-08-25 16:55:00,Completed,2025-08-16 13:36:00,2025-08-25 16:55:00
220,220,5,2026-03-03 17:39:00,2026-03-06 01:39:00,2026-03-17 08:14:00,Completed,2026-03-03 17:39:00,2026-03-17 08:14:00
221,221,4,2026-05-26 15:52:00,2026-05-29 19:52:00,2026-05-26 08:15:00,Completed,2026-05-26 15:52:00,2026-05-29 19:52:00
222,222,1,2026-03-31 15:07:00,2026-04-01 15:07:00,2026-04-01 18:48:00,Completed,2026-03-31 15:07:00,2026-04-01 18:48:00
223,223,3,2025-08-23 16:21:00,2025-08-25 18:21:00,2025-08-30 11:29:00,Completed,2025-08-23 16:21:00,2025-08-30 11:29:00
224,224,4,2026-05-26 12:35:00,2026-05-27 17:35:00,2026-06-02 11:28:00,Completed,2026-05-26 12:35:00,2026-06-02 11:28:00
225,225,1,2025-12-28 15:06:00,2025-12-29 20:06:00,2025-12-29 08:48:00,Completed,2025-12-28 15:06:00,2025-12-29 20:06:00
226,226,4,2026-01-13 12:08:00,2026-01-16 16:08:00,2026-01-13 13:22:00,Completed,2026-01-13 12:08:00,2026-01-16 16:08:00
227,227,5,2025-11-23 12:13:00,2025-11-26 20:13:00,2025-12-06 12:57:00,Completed,2025-11-23 12:13:00,2025-12-06 12:57:00
228,228,4,2026-04-04 13:39:00,2026-04-07 13:39:00,2026-04-05 10:28:00,Completed,2026-04-04 13:39:00,2026-04-07 13:39:00
229,229,2,2026-02-12 09:16:00,2026-02-14 14:16:00,2026-02-12 17:22:00,Completed,2026-02-12 09:16:00,2026-02-14 14:16:00
230,230,2,2025-09-23 18:38:00,2025-09-25 01:38:00,2025-10-15 12:23:00,Completed,2025-09-23 18:38:00,2025-10-15 12:23:00
231,231,2,2025-07-06 12:59:00,2025-07-09 13:59:00,2025-07-15 14:48:00,Completed,2025-07-06 12:59:00,2025-07-15 14:48:00
232,232,5,2025-07-30 11:30:00,2025-07-31 19:30:00,,Delivered,2025-07-30 11:30:00,2025-07-31 19:30:00
233,233,3,2026-04-04 13:07:00,2026-04-07 19:07:00,2026-04-09 18:53:00,Completed,2026-04-04 13:07:00,2026-04-09 18:53:00
234,234,1,2026-02-25 16:31:00,2026-02-26 21:31:00,2026-02-26 08:00:00,Completed,2026-02-25 16:31:00,2026-02-26 21:31:00
235,235,4,2025-07-07 17:15:00,2025-07-10 23:15:00,2025-07-12 16:13:00,Completed,2025-07-07 17:15:00,2025-07-12 16:13:00
236,236,2,2026-01-23 12:35:00,2026-01-26 17:35:00,2026-01-24 16:25:00,Completed,2026-01-23 12:35:00,2026-01-26 17:35:00
237,237,4,2025-09-14 11:34:00,2025-09-15 11:34:00,2025-09-14 13:16:00,Completed,2025-09-14 11:34:00,2025-09-15 11:34:00
238,238,5,2025-07-28 11:15:00,2025-07-30 16:15:00,2025-07-31 18:32:00,Completed,2025-07-28 11:15:00,2025-07-31 18:32:00
239,239,4,2026-05-24 12:49:00,2026-05-25 20:49:00,2026-05-30 09:53:00,Completed,2026-05-24 12:49:00,2026-05-30 09:53:00
240,240,4,2025-11-11 16:42:00,2025-11-14 20:42:00,2025-11-20 11:42:00,Completed,2025-11-11 16:42:00,2025-11-20 11:42:00
241,241,5,2025-08-12 16:51:00,2025-08-14 18:51:00,2025-08-15 18:46:00,Completed,2025-08-12 16:51:00,2025-08-15 18:46:00
242,242,3,2026-03-12 12:44:00,2026-03-15 12:44:00,2026-03-12 12:31:00,Completed,2026-03-12 12:44:00,2026-03-15 12:44:00
243,243,4,2025-09-22 17:22:00,2025-09-25 22:22:00,2025-09-28 09:23:00,Completed,2025-09-22 17:22:00,2025-09-28 09:23:00
244,244,1,2026-02-07 13:43:00,2026-02-08 17:43:00,2026-02-21 14:34:00,Completed,2026-02-07 13:43:00,2026-02-21 14:34:00
245,245,2,2025-07-11 10:55:00,2025-07-14 11:55:00,,Delivered,2025-07-11 10:55:00,2025-07-14 11:55:00
246,246,4,2026-02-20 13:04:00,2026-02-22 16:04:00,2026-02-25 18:06:00,Completed,2026-02-20 13:04:00,2026-02-25 18:06:00
247,247,1,2026-03-10 13:48:00,2026-03-11 18:48:00,2026-03-27 17:02:00,Completed,2026-03-10 13:48:00,2026-03-27 17:02:00
248,248,2,2025-12-01 14:06:00,2025-12-02 21:06:00,,Delivered,2025-12-01 14:06:00,2025-12-02 21:06:00
249,249,2,2025-09-16 08:41:00,2025-09-19 10:41:00,2025-09-25 08:21:00,Completed,2025-09-16 08:41:00,2025-09-25 08:21:00
250,250,3,2026-02-18 09:31:00,2026-02-19 14:31:00,2026-02-19 14:24:00,Completed,2026-02-18 09:31:00,2026-02-19 14:31:00
251,251,3,2025-09-27 08:39:00,2025-09-30 13:39:00,2025-10-04 08:51:00,Completed,2025-09-27 08:39:00,2025-10-04 08:51:00
252,252,3,2026-04-20 18:29:00,2026-04-24 02:29:00,2026-04-21 09:55:00,Completed,2026-04-20 18:29:00,2026-04-24 02:29:00
253,253,3,2026-02-11 09:36:00,2026-02-13 14:36:00,2026-02-15 10:55:00,Completed,2026-02-11 09:36:00,2026-02-15 10:55:00
254,254,1,2025-09-11 10:42:00,2025-09-14 16:42:00,2025-09-16 14:39:00,Completed,2025-09-11 10:42:00,2025-09-16 14:39:00
255,255,1,2026-03-13 18:54:00,2026-03-16 18:54:00,2026-03-13 17:59:00,Completed,2026-03-13 18:54:00,2026-03-16 18:54:00
256,256,5,2025-06-09 18:28:00,2025-06-12 19:28:00,,Delivered,2025-06-09 18:28:00,2025-06-12 19:28:00
257,257,4,2025-12-12 12:16:00,2025-12-14 18:16:00,2025-12-18 10:38:00,Completed,2025-12-12 12:16:00,2025-12-18 10:38:00
258,258,4,2025-07-30 17:23:00,2025-08-01 20:23:00,2025-08-02 15:19:00,Completed,2025-07-30 17:23:00,2025-08-02 15:19:00
259,259,3,2026-01-10 16:17:00,2026-01-11 18:17:00,2026-01-19 15:58:00,Completed,2026-01-10 16:17:00,2026-01-19 15:58:00
260,260,4,2025-09-10 15:52:00,2025-09-11 18:52:00,2025-09-22 14:33:00,Completed,2025-09-10 15:52:00,2025-09-22 14:33:00
261,261,1,2026-03-21 17:53:00,2026-03-23 22:53:00,2026-04-03 11:23:00,Completed,2026-03-21 17:53:00,2026-04-03 11:23:00
262,262,5,2025-10-16 12:16:00,2025-10-17 16:16:00,2025-10-21 17:08:00,Completed,2025-10-16 12:16:00,2025-10-21 17:08:00
263,263,5,2025-11-24 16:35:00,2025-11-26 18:35:00,2025-11-28 17:32:00,Completed,2025-11-24 16:35:00,2025-11-28 17:32:00
264,264,3,2025-07-24 11:10:00,2025-07-27 12:10:00,2025-08-07 12:01:00,Completed,2025-07-24 11:10:00,2025-08-07 12:01:00
265,265,2,2025-06-19 14:11:00,2025-06-22 14:11:00,,Delivered,2025-06-19 14:11:00,2025-06-22 14:11:00
266,266,2,2025-07-10 13:41:00,2025-07-13 13:41:00,2025-07-16 10:44:00,Completed,2025-07-10 13:41:00,2025-07-16 10:44:00
267,267,4,2025-08-06 16:58:00,2025-08-07 16:58:00,2025-08-07 15:15:00,Completed,2025-08-06 16:58:00,2025-08-07 16:58:00
268,268,4,2026-04-16 16:54:00,2026-04-18 22:54:00,2026-04-16 15:08:00,Completed,2026-04-16 16:54:00,2026-04-18 22:54:00
269,269,5,2025-08-09 08:55:00,2025-08-10 13:55:00,2025-08-19 15:11:00,Completed,2025-08-09 08:55:00,2025-08-19 15:11:00
270,270,5,2026-01-07 13:35:00,2026-01-09 16:35:00,2026-01-07 09:08:00,Completed,2026-01-07 13:35:00,2026-01-09 16:35:00
271,271,2,2026-04-08 17:46:00,2026-04-09 18:46:00,2026-04-14 17:46:00,Completed,2026-04-08 17:46:00,2026-04-14 17:46:00
272,272,3,2025-07-20 13:31:00,2025-07-21 16:31:00,2025-07-24 15:16:00,Completed,2025-07-20 13:31:00,2025-07-24 15:16:00
273,273,4,2025-11-19 10:08:00,2025-11-20 11:08:00,2025-12-03 17:22:00,Completed,2025-11-19 10:08:00,2025-12-03 17:22:00
274,274,2,2025-11-19 08:25:00,2025-11-22 14:25:00,2025-12-01 12:40:00,Completed,2025-11-19 08:25:00,2025-12-01 12:40:00
275,275,4,2025-06-11 08:20:00,2025-06-12 14:20:00,2025-06-15 12:07:00,Completed,2025-06-11 08:20:00,2025-06-15 12:07:00
276,276,1,2025-06-20 16:40:00,2025-06-24 00:40:00,2025-06-26 14:34:00,Completed,2025-06-20 16:40:00,2025-06-26 14:34:00
277,277,2,2025-06-10 17:01:00,2025-06-13 20:01:00,2025-06-20 09:14:00,Completed,2025-06-10 17:01:00,2025-06-20 09:14:00
278,278,5,2026-03-12 12:36:00,2026-03-15 18:36:00,2026-03-20 13:38:00,Completed,2026-03-12 12:36:00,2026-03-20 13:38:00
279,279,5,2025-08-02 15:16:00,2025-08-05 19:16:00,2025-08-08 08:29:00,Completed,2025-08-02 15:16:00,2025-08-08 08:29:00
280,280,3,2025-09-30 12:34:00,2025-10-03 18:34:00,2025-10-08 12:41:00,Completed,2025-09-30 12:34:00,2025-10-08 12:41:00
281,281,4,2025-12-03 10:25:00,2025-12-04 13:25:00,2025-12-10 13:52:00,Completed,2025-12-03 10:25:00,2025-12-10 13:52:00
282,282,2,2025-08-17 08:56:00,2025-08-19 14:56:00,2025-08-17 11:55:00,Completed,2025-08-17 08:56:00,2025-08-19 14:56:00
283,283,1,2025-09-24 14:53:00,2025-09-26 17:53:00,2025-10-06 12:09:00,Completed,2025-09-24 14:53:00,2025-10-06 12:09:00
284,284,2,2026-02-03 11:57:00,2026-02-06 17:57:00,,Delivered,2026-02-03 11:57:00,2026-02-06 17:57:00
285,285,5,2026-03-20 12:59:00,2026-03-21 18:59:00,,Delivered,2026-03-20 12:59:00,2026-03-21 18:59:00
286,286,2,2026-01-19 14:33:00,2026-01-22 16:33:00,2026-01-22 11:54:00,Completed,2026-01-19 14:33:00,2026-01-22 16:33:00
287,287,3,2025-08-04 10:02:00,2025-08-07 15:02:00,2025-08-08 10:09:00,Completed,2025-08-04 10:02:00,2025-08-08 10:09:00
288,288,2,2025-07-18 11:56:00,2025-07-20 12:56:00,2025-07-27 15:13:00,Completed,2025-07-18 11:56:00,2025-07-27 15:13:00
289,289,5,2026-02-15 11:47:00,2026-02-16 19:47:00,2026-02-18 12:50:00,Completed,2026-02-15 11:47:00,2026-02-18 12:50:00
290,290,5,2025-12-27 17:24:00,2025-12-28 22:24:00,2025-12-31 13:15:00,Completed,2025-12-27 17:24:00,2025-12-31 13:15:00
291,291,4,2025-12-10 16:12:00,2025-12-12 23:12:00,2025-12-14 15:54:00,Completed,2025-12-10 16:12:00,2025-12-14 15:54:00
292,292,5,2025-06-28 14:45:00,2025-07-01 16:45:00,2025-07-09 09:52:00,Completed,2025-06-28 14:45:00,2025-07-09 09:52:00
293,293,3,2026-03-24 10:57:00,2026-03-26 15:57:00,2026-03-29 08:31:00,Completed,2026-03-24 10:57:00,2026-03-29 08:31:00
294,294,2,2025-10-30 13:31:00,2025-11-01 17:31:00,,Delivered,2025-10-30 13:31:00,2025-11-01 17:31:00
295,295,1,2025-10-03 12:32:00,2025-10-05 16:32:00,2025-10-21 12:35:00,Completed,2025-10-03 12:32:00,2025-10-21 12:35:00
296,296,4,2026-01-30 15:52:00,2026-02-02 15:52:00,2026-02-02 14:37:00,Completed,2026-01-30 15:52:00,2026-02-02 15:52:00
297,297,3,2025-09-22 16:30:00,2025-09-25 19:30:00,2025-10-07 13:54:00,Completed,2025-09-22 16:30:00,2025-10-07 13:54:00
298,298,3,2026-05-26 11:46:00,2026-05-28 13:46:00,,Delivered,2026-05-26 11:46:00,2026-05-28 13:46:00
299,299,5,2025-09-05 08:36:00,2025-09-06 14:36:00,2025-09-15 10:07:00,Completed,2025-09-05 08:36:00,2025-09-15 10:07:00
300,300,1,2025-10-19 12:20:00,2025-10-21 17:20:00,2025-10-25 18:51:00,Completed,2025-10-19 12:20:00,2025-10-25 18:51:00
301,301,1,2025-11-15 10:08:00,2025-11-18 10:08:00,2025-12-04 14:01:00,Completed,2025-11-15 10:08:00,2025-12-04 14:01:00
302,302,3,2025-06-12 17:33:00,2025-06-15 19:33:00,2025-06-16 12:12:00,Completed,2025-06-12 17:33:00,2025-06-16 12:12:00
303,303,1,2025-08-11 16:58:00,2025-08-15 00:58:00,2025-08-15 09:08:00,Completed,2025-08-11 16:58:00,2025-08-15 09:08:00
304,304,3,2025-08-29 16:56:00,2025-08-30 18:56:00,2025-09-01 09:21:00,Completed,2025-08-29 16:56:00,2025-09-01 09:21:00
305,305,5,2025-09-26 11:06:00,2025-09-27 17:06:00,2025-10-06 14:43:00,Completed,2025-09-26 11:06:00,2025-10-06 14:43:00
306,306,5,2025-12-04 10:13:00,2025-12-06 11:13:00,2025-12-07 08:00:00,Completed,2025-12-04 10:13:00,2025-12-07 08:00:00
307,307,3,2025-07-21 15:26:00,2025-07-22 16:26:00,2025-07-29 14:18:00,Completed,2025-07-21 15:26:00,2025-07-29 14:18:00
308,308,1,2025-07-02 14:47:00,2025-07-03 20:47:00,2025-07-03 09:05:00,Completed,2025-07-02 14:47:00,2025-07-03 20:47:00
309,309,1,2025-10-15 13:59:00,2025-10-18 19:59:00,2025-10-29 09:09:00,Completed,2025-10-15 13:59:00,2025-10-29 09:09:00
310,310,2,2026-03-14 10:56:00,2026-03-15 18:56:00,2026-03-19 14:55:00,Completed,2026-03-14 10:56:00,2026-03-19 14:55:00
311,311,5,2026-04-13 09:59:00,2026-04-14 15:59:00,2026-04-21 16:09:00,Completed,2026-04-13 09:59:00,2026-04-21 16:09:00
312,312,3,2026-05-16 16:49:00,2026-05-19 16:49:00,2026-05-20 16:37:00,Completed,2026-05-16 16:49:00,2026-05-20 16:37:00
313,313,3,2025-10-28 11:27:00,2025-10-30 15:27:00,2025-11-04 09:49:00,Completed,2025-10-28 11:27:00,2025-11-04 09:49:00
314,314,5,2025-08-21 15:23:00,2025-08-22 20:23:00,2025-08-26 15:14:00,Completed,2025-08-21 15:23:00,2025-08-26 15:14:00
315,315,1,2026-02-17 18:19:00,2026-02-21 00:19:00,2026-02-25 10:31:00,Completed,2026-02-17 18:19:00,2026-02-25 10:31:00
316,316,4,2026-02-05 09:16:00,2026-02-08 10:16:00,2026-02-13 12:55:00,Completed,2026-02-05 09:16:00,2026-02-13 12:55:00
317,317,2,2026-03-13 08:07:00,2026-03-15 13:07:00,2026-03-15 17:11:00,Completed,2026-03-13 08:07:00,2026-03-15 17:11:00
318,318,2,2026-03-10 09:01:00,2026-03-13 15:01:00,2026-03-23 18:11:00,Completed,2026-03-10 09:01:00,2026-03-23 18:11:00
319,319,3,2026-03-03 14:18:00,2026-03-05 17:18:00,2026-03-12 09:00:00,Completed,2026-03-03 14:18:00,2026-03-12 09:00:00
320,320,2,2026-03-19 11:48:00,2026-03-21 13:48:00,,Delivered,2026-03-19 11:48:00,2026-03-21 13:48:00
321,321,2,2025-08-11 13:28:00,2025-08-12 21:28:00,2025-08-23 11:04:00,Completed,2025-08-11 13:28:00,2025-08-23 11:04:00
322,322,2,2025-12-29 14:20:00,2026-01-01 20:20:00,2026-01-12 12:24:00,Completed,2025-12-29 14:20:00,2026-01-12 12:24:00
323,323,2,2025-12-28 16:52:00,2025-12-30 19:52:00,2026-01-07 10:19:00,Completed,2025-12-28 16:52:00,2026-01-07 10:19:00
324,324,1,2025-11-13 16:48:00,2025-11-16 22:48:00,2025-11-21 14:49:00,Completed,2025-11-13 16:48:00,2025-11-21 14:49:00
325,325,4,2026-02-19 08:40:00,2026-02-22 14:40:00,2026-02-22 17:45:00,Completed,2026-02-19 08:40:00,2026-02-22 17:45:00
326,326,3,2025-10-31 16:30:00,2025-11-03 21:30:00,,Delivered,2025-10-31 16:30:00,2025-11-03 21:30:00
327,327,1,2025-10-29 16:49:00,2025-10-30 20:49:00,2025-11-01 12:08:00,Completed,2025-10-29 16:49:00,2025-11-01 12:08:00
328,328,2,2026-04-03 11:33:00,2026-04-06 16:33:00,2026-04-03 10:35:00,Completed,2026-04-03 11:33:00,2026-04-06 16:33:00
329,329,5,2026-05-19 09:44:00,2026-05-20 12:44:00,2026-05-25 16:00:00,Completed,2026-05-19 09:44:00,2026-05-25 16:00:00
330,330,3,2026-02-11 17:21:00,2026-02-14 23:21:00,2026-02-19 18:04:00,Completed,2026-02-11 17:21:00,2026-02-19 18:04:00
331,331,3,2025-11-20 12:17:00,2025-11-22 17:17:00,2025-11-20 12:33:00,Completed,2025-11-20 12:17:00,2025-11-22 17:17:00
332,332,3,2026-02-11 08:24:00,2026-02-14 11:24:00,2026-02-15 15:46:00,Completed,2026-02-11 08:24:00,2026-02-15 15:46:00
333,333,5,2026-01-26 17:08:00,2026-01-29 23:08:00,2026-01-26 14:08:00,Completed,2026-01-26 17:08:00,2026-01-29 23:08:00
334,334,3,2025-07-22 14:39:00,2025-07-24 18:39:00,2025-07-26 13:37:00,Completed,2025-07-22 14:39:00,2025-07-26 13:37:00
335,335,5,2025-07-27 15:54:00,2025-07-29 20:54:00,2025-08-02 15:10:00,Completed,2025-07-27 15:54:00,2025-08-02 15:10:00
336,336,3,2025-08-13 11:22:00,2025-08-16 15:22:00,2025-08-22 14:29:00,Completed,2025-08-13 11:22:00,2025-08-22 14:29:00
337,337,1,2025-12-09 13:25:00,2025-12-10 20:25:00,2025-12-12 12:03:00,Completed,2025-12-09 13:25:00,2025-12-12 12:03:00
338,338,4,2025-08-31 14:08:00,2025-09-01 15:08:00,2025-09-23 10:39:00,Completed,2025-08-31 14:08:00,2025-09-23 10:39:00
339,339,4,2026-01-08 10:08:00,2026-01-10 17:08:00,2026-01-12 15:23:00,Completed,2026-01-08 10:08:00,2026-01-12 15:23:00
340,340,5,2026-02-24 10:56:00,2026-02-26 10:56:00,2026-02-24 17:44:00,Completed,2026-02-24 10:56:00,2026-02-26 10:56:00
341,341,4,2025-08-22 16:46:00,2025-08-23 18:46:00,2025-09-02 17:22:00,Completed,2025-08-22 16:46:00,2025-09-02 17:22:00
342,342,4,2026-01-09 15:24:00,2026-01-10 15:24:00,2026-01-15 10:36:00,Completed,2026-01-09 15:24:00,2026-01-15 10:36:00
343,343,1,2025-11-03 15:17:00,2025-11-05 20:17:00,2025-11-09 09:14:00,Completed,2025-11-03 15:17:00,2025-11-09 09:14:00
344,344,1,2026-05-24 08:31:00,2026-05-25 09:31:00,2026-06-05 18:48:00,Completed,2026-05-24 08:31:00,2026-06-05 18:48:00
345,345,1,2025-09-01 18:29:00,2025-09-03 02:29:00,2025-09-02 17:00:00,Completed,2025-09-01 18:29:00,2025-09-03 02:29:00
346,346,5,2025-07-13 16:37:00,2025-07-16 17:37:00,2025-07-19 12:30:00,Completed,2025-07-13 16:37:00,2025-07-19 12:30:00
347,347,5,2026-04-15 13:27:00,2026-04-17 19:27:00,2026-04-17 10:10:00,Completed,2026-04-15 13:27:00,2026-04-17 19:27:00
348,348,3,2025-08-17 12:10:00,2025-08-18 14:10:00,2025-09-05 15:51:00,Completed,2025-08-17 12:10:00,2025-09-05 15:51:00
349,349,5,2025-07-15 13:24:00,2025-07-17 14:24:00,2025-07-21 09:47:00,Completed,2025-07-15 13:24:00,2025-07-21 09:47:00
350,350,5,2025-08-12 15:56:00,2025-08-14 20:56:00,2025-08-12 11:27:00,Completed,2025-08-12 15:56:00,2025-08-14 20:56:00
351,351,5,2026-01-03 17:45:00,2026-01-06 18:45:00,,Delivered,2026-01-03 17:45:00,2026-01-06 18:45:00
352,352,2,2026-01-28 18:14:00,2026-01-31 00:14:00,2026-02-09 10:46:00,Completed,2026-01-28 18:14:00,2026-02-09 10:46:00
353,353,3,2026-05-25 10:12:00,2026-05-26 16:12:00,2026-05-31 08:34:00,Completed,2026-05-25 10:12:00,2026-05-31 08:34:00
354,354,4,2025-06-22 12:09:00,2025-06-23 13:09:00,2025-06-25 12:18:00,Completed,2025-06-22 12:09:00,2025-06-25 12:18:00
355,355,4,2025-11-17 12:02:00,2025-11-19 14:02:00,,Delivered,2025-11-17 12:02:00,2025-11-19 14:02:00
356,356,5,2025-06-30 08:28:00,2025-07-03 09:28:00,2025-07-12 11:29:00,Completed,2025-06-30 08:28:00,2025-07-12 11:29:00
357,357,4,2025-12-09 12:42:00,2025-12-10 18:42:00,2025-12-11 09:39:00,Completed,2025-12-09 12:42:00,2025-12-11 09:39:00
358,358,2,2026-05-17 09:08:00,2026-05-20 15:08:00,2026-06-01 12:33:00,Completed,2026-05-17 09:08:00,2026-06-01 12:33:00
359,359,1,2025-06-30 16:52:00,2025-07-01 20:52:00,2025-07-02 12:40:00,Completed,2025-06-30 16:52:00,2025-07-02 12:40:00
360,360,4,2026-04-15 14:24:00,2026-04-18 20:24:00,2026-04-25 14:37:00,Completed,2026-04-15 14:24:00,2026-04-25 14:37:00
361,361,3,2026-01-01 17:20:00,2026-01-04 01:20:00,2026-01-05 10:57:00,Completed,2026-01-01 17:20:00,2026-01-05 10:57:00
362,362,5,2025-10-08 09:16:00,2025-10-11 14:16:00,2025-10-17 12:56:00,Completed,2025-10-08 09:16:00,2025-10-17 12:56:00
363,363,3,2025-09-10 08:54:00,2025-09-13 12:54:00,2025-09-15 12:22:00,Completed,2025-09-10 08:54:00,2025-09-15 12:22:00
364,364,1,2026-03-15 13:07:00,2026-03-16 16:07:00,2026-03-24 18:09:00,Completed,2026-03-15 13:07:00,2026-03-24 18:09:00
365,365,5,2025-11-30 13:12:00,2025-12-02 17:12:00,2025-12-09 17:43:00,Completed,2025-11-30 13:12:00,2025-12-09 17:43:00
366,366,2,2026-01-10 14:28:00,2026-01-11 14:28:00,2026-01-21 09:32:00,Completed,2026-01-10 14:28:00,2026-01-21 09:32:00
367,367,2,2026-03-08 16:45:00,2026-03-11 00:45:00,2026-03-14 11:03:00,Completed,2026-03-08 16:45:00,2026-03-14 11:03:00
368,368,3,2026-03-07 12:43:00,2026-03-09 18:43:00,2026-03-24 14:53:00,Completed,2026-03-07 12:43:00,2026-03-24 14:53:00
369,369,3,2025-10-13 17:33:00,2025-10-15 17:33:00,2025-10-18 17:38:00,Completed,2025-10-13 17:33:00,2025-10-18 17:38:00
370,370,4,2025-08-14 15:32:00,2025-08-17 22:32:00,2025-08-28 16:45:00,Completed,2025-08-14 15:32:00,2025-08-28 16:45:00
371,371,4,2026-04-22 09:27:00,2026-04-24 14:27:00,2026-05-02 16:17:00,Completed,2026-04-22 09:27:00,2026-05-02 16:17:00
372,372,1,2025-07-03 10:43:00,2025-07-04 16:43:00,2025-07-27 15:30:00,Completed,2025-07-03 10:43:00,2025-07-27 15:30:00
373,373,4,2025-12-18 10:11:00,2025-12-19 10:11:00,2025-12-20 08:38:00,Completed,2025-12-18 10:11:00,2025-12-20 08:38:00
374,374,3,2026-01-08 10:06:00,2026-01-11 12:06:00,2026-01-08 12:04:00,Completed,2026-01-08 10:06:00,2026-01-11 12:06:00
375,375,2,2026-05-27 08:08:00,2026-05-28 10:08:00,2026-06-01 13:55:00,Completed,2026-05-27 08:08:00,2026-06-01 13:55:00
376,376,1,2025-11-26 10:12:00,2025-11-27 11:12:00,2025-12-02 09:14:00,Completed,2025-11-26 10:12:00,2025-12-02 09:14:00
377,377,5,2026-04-23 15:58:00,2026-04-25 16:58:00,2026-05-01 18:21:00,Completed,2026-04-23 15:58:00,2026-05-01 18:21:00
378,378,4,2026-02-16 17:26:00,2026-02-17 23:26:00,2026-02-18 15:02:00,Completed,2026-02-16 17:26:00,2026-02-18 15:02:00
379,379,3,2025-11-24 11:51:00,2025-11-26 14:51:00,2025-11-28 11:18:00,Completed,2025-11-24 11:51:00,2025-11-28 11:18:00
380,380,5,2026-05-19 15:10:00,2026-05-20 23:10:00,2026-05-22 10:05:00,Completed,2026-05-19 15:10:00,2026-05-22 10:05:00
381,381,3,2025-10-10 17:28:00,2025-10-13 19:28:00,2025-10-17 09:34:00,Completed,2025-10-10 17:28:00,2025-10-17 09:34:00
382,382,2,2026-04-20 12:27:00,2026-04-23 12:27:00,2026-04-25 11:17:00,Completed,2026-04-20 12:27:00,2026-04-25 11:17:00
383,383,3,2025-12-01 10:03:00,2025-12-02 17:03:00,2025-12-08 15:24:00,Completed,2025-12-01 10:03:00,2025-12-08 15:24:00
384,384,2,2025-09-08 14:27:00,2025-09-10 19:27:00,2025-09-14 10:48:00,Completed,2025-09-08 14:27:00,2025-09-14 10:48:00
385,385,5,2026-04-01 18:19:00,2026-04-02 20:19:00,2026-04-21 11:42:00,Completed,2026-04-01 18:19:00,2026-04-21 11:42:00
386,386,4,2025-06-21 14:14:00,2025-06-24 17:14:00,2025-06-23 15:42:00,Completed,2025-06-21 14:14:00,2025-06-24 17:14:00
387,387,4,2025-08-08 14:50:00,2025-08-11 17:50:00,2025-08-11 18:46:00,Completed,2025-08-08 14:50:00,2025-08-11 18:46:00
388,388,5,2025-12-07 13:18:00,2025-12-10 20:18:00,2025-12-27 16:55:00,Completed,2025-12-07 13:18:00,2025-12-27 16:55:00
389,389,3,2026-05-17 13:52:00,2026-05-18 19:52:00,2026-05-17 17:12:00,Completed,2026-05-17 13:52:00,2026-05-18 19:52:00
390,390,1,2025-12-24 12:25:00,2025-12-26 20:25:00,2026-01-09 13:23:00,Completed,2025-12-24 12:25:00,2026-01-09 13:23:00
391,391,1,2025-10-03 15:00:00,2025-10-05 17:00:00,2025-10-08 14:54:00,Completed,2025-10-03 15:00:00,2025-10-08 14:54:00
392,392,3,2026-05-01 16:11:00,2026-05-04 16:11:00,2026-05-04 14:39:00,Completed,2026-05-01 16:11:00,2026-05-04 16:11:00
393,393,5,2026-01-24 12:21:00,2026-01-26 14:21:00,2026-01-26 08:42:00,Completed,2026-01-24 12:21:00,2026-01-26 14:21:00
394,394,5,2026-03-25 15:24:00,2026-03-26 19:24:00,2026-03-25 08:41:00,Completed,2026-03-25 15:24:00,2026-03-26 19:24:00
395,395,2,2026-04-25 16:59:00,2026-04-26 16:59:00,2026-04-27 09:05:00,Completed,2026-04-25 16:59:00,2026-04-27 09:05:00
396,396,3,2026-04-14 18:59:00,2026-04-16 00:59:00,2026-04-18 18:10:00,Completed,2026-04-14 18:59:00,2026-04-18 18:10:00
397,397,2,2025-10-05 17:41:00,2025-10-08 00:41:00,2025-10-20 15:36:00,Completed,2025-10-05 17:41:00,2025-10-20 15:36:00
398,398,2,2026-04-19 16:45:00,2026-04-22 21:45:00,,Delivered,2026-04-19 16:45:00,2026-04-22 21:45:00
399,399,5,2025-06-28 10:00:00,2025-06-29 10:00:00,2025-07-08 11:55:00,Completed,2025-06-28 10:00:00,2025-07-08 11:55:00
400,400,2,2026-04-28 18:00:00,2026-04-30 20:00:00,2026-05-06 17:05:00,Completed,2026-04-28 18:00:00,2026-05-06 17:05:00
401,401,1,2026-05-21 14:18:00,2026-05-24 15:18:00,2026-06-01 09:43:00,Completed,2026-05-21 14:18:00,2026-06-01 09:43:00
402,402,1,2026-05-13 13:49:00,2026-05-14 19:49:00,2026-05-19 11:48:00,Completed,2026-05-13 13:49:00,2026-05-19 11:48:00
403,403,3,2026-02-27 09:06:00,2026-03-02 14:06:00,2026-03-02 15:26:00,Completed,2026-02-27 09:06:00,2026-03-02 15:26:00
404,404,1,2025-07-15 12:26:00,2025-07-16 20:26:00,2025-07-15 08:28:00,Completed,2025-07-15 12:26:00,2025-07-16 20:26:00
405,405,3,2025-07-27 18:21:00,2025-07-30 22:21:00,2025-07-31 08:45:00,Completed,2025-07-27 18:21:00,2025-07-31 08:45:00
406,406,3,2025-12-17 13:32:00,2025-12-18 16:32:00,2025-12-18 12:57:00,Completed,2025-12-17 13:32:00,2025-12-18 16:32:00
407,407,3,2026-04-28 10:34:00,2026-04-29 12:34:00,2026-05-04 16:16:00,Completed,2026-04-28 10:34:00,2026-05-04 16:16:00
408,408,4,2026-04-15 10:36:00,2026-04-18 11:36:00,2026-04-15 10:52:00,Completed,2026-04-15 10:36:00,2026-04-18 11:36:00
409,409,1,2025-10-17 17:03:00,2025-10-18 18:03:00,2025-10-30 14:01:00,Completed,2025-10-17 17:03:00,2025-10-30 14:01:00
410,410,3,2025-10-08 13:15:00,2025-10-10 17:15:00,2025-10-11 14:37:00,Completed,2025-10-08 13:15:00,2025-10-11 14:37:00
411,411,3,2025-06-19 15:41:00,2025-06-21 23:41:00,2025-07-08 11:55:00,Completed,2025-06-19 15:41:00,2025-07-08 11:55:00
412,412,4,2025-06-18 10:08:00,2025-06-19 11:08:00,2025-06-25 14:10:00,Completed,2025-06-18 10:08:00,2025-06-25 14:10:00
413,413,2,2025-07-29 11:23:00,2025-08-01 13:23:00,2025-07-30 09:59:00,Completed,2025-07-29 11:23:00,2025-08-01 13:23:00
414,414,3,2026-01-16 12:23:00,2026-01-17 16:23:00,2026-01-16 18:16:00,Completed,2026-01-16 12:23:00,2026-01-17 16:23:00
415,415,2,2025-08-16 12:39:00,2025-08-18 14:39:00,2025-08-16 16:09:00,Completed,2025-08-16 12:39:00,2025-08-18 14:39:00
416,416,4,2025-09-30 17:00:00,2025-10-02 22:00:00,2025-10-05 13:12:00,Completed,2025-09-30 17:00:00,2025-10-05 13:12:00
417,417,5,2025-10-07 08:35:00,2025-10-09 15:35:00,2025-10-13 08:06:00,Completed,2025-10-07 08:35:00,2025-10-13 08:06:00
418,418,2,2025-08-31 13:57:00,2025-09-01 21:57:00,2025-09-07 16:23:00,Completed,2025-08-31 13:57:00,2025-09-07 16:23:00
419,419,4,2025-08-15 11:27:00,2025-08-18 19:27:00,2025-08-15 12:01:00,Completed,2025-08-15 11:27:00,2025-08-18 19:27:00
420,420,3,2025-07-10 16:59:00,2025-07-12 17:59:00,2025-07-17 08:54:00,Completed,2025-07-10 16:59:00,2025-07-17 08:54:00
421,421,2,2025-08-30 08:24:00,2025-09-02 10:24:00,2025-09-06 09:52:00,Completed,2025-08-30 08:24:00,2025-09-06 09:52:00
422,422,2,2025-11-16 18:26:00,2025-11-17 18:26:00,2025-11-16 11:10:00,Completed,2025-11-16 18:26:00,2025-11-17 18:26:00
423,423,2,2025-09-08 08:46:00,2025-09-11 09:46:00,2025-09-08 15:52:00,Completed,2025-09-08 08:46:00,2025-09-11 09:46:00
424,424,3,2025-09-10 17:49:00,2025-09-12 17:49:00,2025-09-17 09:05:00,Completed,2025-09-10 17:49:00,2025-09-17 09:05:00
425,425,2,2025-09-10 12:33:00,2025-09-11 19:33:00,2025-09-20 17:06:00,Completed,2025-09-10 12:33:00,2025-09-20 17:06:00
426,426,2,2025-11-28 08:10:00,2025-11-30 09:10:00,,Delivered,2025-11-28 08:10:00,2025-11-30 09:10:00
427,427,4,2025-12-08 15:01:00,2025-12-10 18:01:00,2025-12-14 14:31:00,Completed,2025-12-08 15:01:00,2025-12-14 14:31:00
428,428,3,2025-12-12 09:25:00,2025-12-14 11:25:00,2025-12-14 13:37:00,Completed,2025-12-12 09:25:00,2025-12-14 13:37:00
429,429,3,2026-01-26 12:04:00,2026-01-27 16:04:00,2026-02-01 18:16:00,Completed,2026-01-26 12:04:00,2026-02-01 18:16:00
430,430,4,2026-01-22 16:06:00,2026-01-24 21:06:00,,Delivered,2026-01-22 16:06:00,2026-01-24 21:06:00
431,431,4,2026-02-28 13:33:00,2026-03-01 14:33:00,2026-03-20 08:04:00,Completed,2026-02-28 13:33:00,2026-03-20 08:04:00
432,432,3,2026-04-26 09:05:00,2026-04-27 17:05:00,2026-04-28 18:43:00,Completed,2026-04-26 09:05:00,2026-04-28 18:43:00
433,433,5,2025-11-04 14:24:00,2025-11-05 16:24:00,,Delivered,2025-11-04 14:24:00,2025-11-05 16:24:00
434,434,3,2025-10-17 14:51:00,2025-10-19 18:51:00,2025-10-25 08:37:00,Completed,2025-10-17 14:51:00,2025-10-25 08:37:00
435,435,1,2025-11-05 09:48:00,2025-11-08 09:48:00,2025-11-29 10:10:00,Completed,2025-11-05 09:48:00,2025-11-29 10:10:00
436,436,5,2025-11-17 13:23:00,2025-11-20 17:23:00,2025-11-18 11:35:00,Completed,2025-11-17 13:23:00,2025-11-20 17:23:00
437,437,4,2025-06-06 12:17:00,2025-06-08 20:17:00,2025-06-17 14:58:00,Completed,2025-06-06 12:17:00,2025-06-17 14:58:00
438,438,5,2025-07-24 12:25:00,2025-07-27 13:25:00,2025-07-28 17:12:00,Completed,2025-07-24 12:25:00,2025-07-28 17:12:00
439,439,2,2026-04-24 12:49:00,2026-04-25 12:49:00,2026-04-26 08:29:00,Completed,2026-04-24 12:49:00,2026-04-26 08:29:00
440,440,3,2025-07-06 11:41:00,2025-07-07 15:41:00,2025-07-14 13:34:00,Completed,2025-07-06 11:41:00,2025-07-14 13:34:00
441,441,3,2025-07-31 10:20:00,2025-08-01 11:20:00,2025-08-02 12:33:00,Completed,2025-07-31 10:20:00,2025-08-02 12:33:00
442,442,5,2025-07-03 12:15:00,2025-07-04 12:15:00,2025-07-16 11:32:00,Completed,2025-07-03 12:15:00,2025-07-16 11:32:00
443,443,2,2026-02-13 16:20:00,2026-02-14 18:20:00,2026-03-04 13:11:00,Completed,2026-02-13 16:20:00,2026-03-04 13:11:00
444,444,4,2025-06-09 12:24:00,2025-06-10 19:24:00,2025-06-18 10:07:00,Completed,2025-06-09 12:24:00,2025-06-18 10:07:00
445,445,3,2025-06-23 16:04:00,2025-06-25 23:04:00,2025-07-10 10:23:00,Completed,2025-06-23 16:04:00,2025-07-10 10:23:00
446,446,2,2026-03-17 09:19:00,2026-03-20 13:19:00,2026-03-18 12:04:00,Completed,2026-03-17 09:19:00,2026-03-20 13:19:00
447,447,3,2025-09-09 10:41:00,2025-09-10 13:41:00,2025-09-11 09:53:00,Completed,2025-09-09 10:41:00,2025-09-11 09:53:00
448,448,1,2026-05-22 08:29:00,2026-05-23 11:29:00,2026-05-30 10:40:00,Completed,2026-05-22 08:29:00,2026-05-30 10:40:00
449,449,5,2026-01-19 13:06:00,2026-01-20 14:06:00,2026-01-28 18:41:00,Completed,2026-01-19 13:06:00,2026-01-28 18:41:00
450,450,2,2026-02-14 12:31:00,2026-02-15 20:31:00,2026-02-15 14:49:00,Completed,2026-02-14 12:31:00,2026-02-15 20:31:00
451,451,3,2026-02-07 09:45:00,2026-02-10 15:45:00,2026-02-23 08:45:00,Completed,2026-02-07 09:45:00,2026-02-23 08:45:00
452,452,5,2025-12-31 11:03:00,2026-01-02 17:03:00,2026-01-02 12:39:00,Completed,2025-12-31 11:03:00,2026-01-02 17:03:00
453,453,5,2026-05-11 15:21:00,2026-05-13 16:21:00,2026-05-12 13:44:00,Completed,2026-05-11 15:21:00,2026-05-13 16:21:00
454,454,3,2025-08-04 17:32:00,2025-08-06 01:32:00,2025-08-07 17:58:00,Completed,2025-08-04 17:32:00,2025-08-07 17:58:00
455,455,3,2026-02-01 13:16:00,2026-02-03 20:16:00,2026-02-01 17:37:00,Completed,2026-02-01 13:16:00,2026-02-03 20:16:00
456,456,5,2026-01-10 15:37:00,2026-01-13 18:37:00,2026-01-15 17:45:00,Completed,2026-01-10 15:37:00,2026-01-15 17:45:00
457,457,4,2026-01-08 18:24:00,2026-01-09 22:24:00,2026-01-22 08:13:00,Completed,2026-01-08 18:24:00,2026-01-22 08:13:00
458,458,2,2026-05-18 15:36:00,2026-05-19 22:36:00,2026-05-24 15:36:00,Completed,2026-05-18 15:36:00,2026-05-24 15:36:00
459,459,5,2025-09-22 14:13:00,2025-09-23 22:13:00,2025-09-22 10:03:00,Completed,2025-09-22 14:13:00,2025-09-23 22:13:00
460,460,5,2025-11-30 17:20:00,2025-12-03 01:20:00,2025-12-22 18:04:00,Completed,2025-11-30 17:20:00,2025-12-22 18:04:00
461,461,2,2026-02-07 10:34:00,2026-02-08 17:34:00,2026-02-21 09:39:00,Completed,2026-02-07 10:34:00,2026-02-21 09:39:00
462,462,5,2025-09-08 10:07:00,2025-09-09 12:07:00,2025-09-13 08:26:00,Completed,2025-09-08 10:07:00,2025-09-13 08:26:00
463,463,4,2026-01-05 17:42:00,2026-01-08 18:42:00,,Delivered,2026-01-05 17:42:00,2026-01-08 18:42:00
464,464,1,2026-05-11 13:10:00,2026-05-12 15:10:00,2026-05-11 17:08:00,Completed,2026-05-11 13:10:00,2026-05-12 15:10:00
465,465,3,2025-11-20 08:21:00,2025-11-22 14:21:00,2025-11-28 11:46:00,Completed,2025-11-20 08:21:00,2025-11-28 11:46:00
466,466,1,2026-04-23 14:59:00,2026-04-26 14:59:00,2026-04-28 11:03:00,Completed,2026-04-23 14:59:00,2026-04-28 11:03:00
467,467,4,2026-05-17 11:34:00,2026-05-19 13:34:00,,Delivered,2026-05-17 11:34:00,2026-05-19 13:34:00
468,468,5,2025-09-08 09:31:00,2025-09-10 13:31:00,2025-09-11 09:57:00,Completed,2025-09-08 09:31:00,2025-09-11 09:57:00
469,469,3,2026-01-22 13:32:00,2026-01-24 13:32:00,2026-01-28 08:28:00,Completed,2026-01-22 13:32:00,2026-01-28 08:28:00
470,470,5,2026-04-30 13:01:00,2026-05-03 15:01:00,2026-05-04 15:54:00,Completed,2026-04-30 13:01:00,2026-05-04 15:54:00
471,471,4,2026-02-03 09:01:00,2026-02-04 09:01:00,2026-02-09 08:27:00,Completed,2026-02-03 09:01:00,2026-02-09 08:27:00
472,472,5,2026-03-22 10:42:00,2026-03-23 12:42:00,2026-03-31 10:32:00,Completed,2026-03-22 10:42:00,2026-03-31 10:32:00
473,473,3,2025-10-09 14:27:00,2025-10-11 18:27:00,2025-10-20 18:31:00,Completed,2025-10-09 14:27:00,2025-10-20 18:31:00
474,474,4,2025-11-04 14:56:00,2025-11-05 17:56:00,2025-11-11 12:38:00,Completed,2025-11-04 14:56:00,2025-11-11 12:38:00
475,475,4,2025-08-20 13:28:00,2025-08-21 14:28:00,2025-08-22 16:24:00,Completed,2025-08-20 13:28:00,2025-08-22 16:24:00
476,476,1,2025-10-30 18:42:00,2025-11-01 01:42:00,2025-11-04 18:25:00,Completed,2025-10-30 18:42:00,2025-11-04 18:25:00
477,477,3,2026-04-10 14:46:00,2026-04-13 17:46:00,,Delivered,2026-04-10 14:46:00,2026-04-13 17:46:00
478,478,1,2025-09-16 08:06:00,2025-09-19 08:06:00,2025-09-18 10:02:00,Completed,2025-09-16 08:06:00,2025-09-19 08:06:00
479,479,2,2025-07-03 08:45:00,2025-07-05 15:45:00,2025-07-05 17:14:00,Completed,2025-07-03 08:45:00,2025-07-05 17:14:00
480,480,3,2025-08-02 13:36:00,2025-08-03 21:36:00,2025-08-18 16:52:00,Completed,2025-08-02 13:36:00,2025-08-18 16:52:00
481,481,5,2026-02-21 14:39:00,2026-02-23 15:39:00,2026-03-12 12:52:00,Completed,2026-02-21 14:39:00,2026-03-12 12:52:00
482,482,4,2025-12-29 16:17:00,2025-12-31 00:17:00,2025-12-31 10:27:00,Completed,2025-12-29 16:17:00,2025-12-31 10:27:00
483,483,2,2025-09-01 12:46:00,2025-09-03 14:46:00,2025-09-14 14:19:00,Completed,2025-09-01 12:46:00,2025-09-14 14:19:00
484,484,2,2026-03-17 10:04:00,2026-03-20 13:04:00,2026-03-30 08:13:00,Completed,2026-03-17 10:04:00,2026-03-30 08:13:00
485,485,1,2025-07-24 13:57:00,2025-07-25 21:57:00,2025-07-29 18:23:00,Completed,2025-07-24 13:57:00,2025-07-29 18:23:00
486,486,1,2026-04-17 08:53:00,2026-04-18 14:53:00,2026-04-22 15:33:00,Completed,2026-04-17 08:53:00,2026-04-22 15:33:00
487,487,5,2025-11-01 15:39:00,2025-11-03 18:39:00,2025-11-17 16:34:00,Completed,2025-11-01 15:39:00,2025-11-17 16:34:00
488,488,1,2025-10-16 15:49:00,2025-10-18 15:49:00,2025-10-18 17:02:00,Completed,2025-10-16 15:49:00,2025-10-18 17:02:00
489,489,4,2025-09-13 16:44:00,2025-09-14 20:44:00,2025-09-14 12:55:00,Completed,2025-09-13 16:44:00,2025-09-14 20:44:00
490,490,2,2025-06-12 11:08:00,2025-06-14 13:08:00,2025-06-20 09:07:00,Completed,2025-06-12 11:08:00,2025-06-20 09:07:00
491,491,4,2025-08-30 17:31:00,2025-09-03 01:31:00,2025-09-02 13:09:00,Completed,2025-08-30 17:31:00,2025-09-03 01:31:00
492,492,2,2025-09-05 10:26:00,2025-09-07 16:26:00,2025-09-05 18:47:00,Completed,2025-09-05 10:26:00,2025-09-07 16:26:00
493,493,2,2026-03-10 09:51:00,2026-03-11 09:51:00,2026-03-19 17:11:00,Completed,2026-03-10 09:51:00,2026-03-19 17:11:00
494,494,1,2026-05-22 18:48:00,2026-05-25 00:48:00,2026-06-03 08:47:00,Completed,2026-05-22 18:48:00,2026-06-03 08:47:00
495,495,2,2025-12-27 16:18:00,2025-12-30 00:18:00,2026-01-05 16:23:00,Completed,2025-12-27 16:18:00,2026-01-05 16:23:00
496,496,3,2025-06-18 10:26:00,2025-06-19 16:26:00,2025-06-22 14:04:00,Completed,2025-06-18 10:26:00,2025-06-22 14:04:00
497,497,2,2025-12-07 13:39:00,2025-12-10 18:39:00,2025-12-15 09:45:00,Completed,2025-12-07 13:39:00,2025-12-15 09:45:00
498,498,5,2025-10-16 11:15:00,2025-10-18 19:15:00,2025-10-18 18:21:00,Completed,2025-10-16 11:15:00,2025-10-18 19:15:00
499,499,4,2026-05-13 17:20:00,2026-05-14 21:20:00,2026-06-01 11:48:00,Completed,2026-05-13 17:20:00,2026-06-01 11:48:00
500,500,5,2025-10-10 15:26:00,2025-10-13 17:26:00,2025-10-20 14:16:00,Completed,2025-10-10 15:26:00,2025-10-20 14:16:00
501,501,3,2025-11-09 15:29:00,2025-11-11 22:29:00,2025-11-26 11:57:00,Completed,2025-11-09 15:29:00,2025-11-26 11:57:00
502,502,4,2025-06-14 15:25:00,2025-06-16 19:25:00,2025-06-14 11:05:00,Completed,2025-06-14 15:25:00,2025-06-16 19:25:00
503,503,3,2025-08-04 08:21:00,2025-08-06 16:21:00,2025-08-04 13:44:00,Completed,2025-08-04 08:21:00,2025-08-06 16:21:00
504,504,3,2026-03-29 09:25:00,2026-03-31 16:25:00,2026-04-14 17:20:00,Completed,2026-03-29 09:25:00,2026-04-14 17:20:00
505,505,2,2026-05-22 15:47:00,2026-05-23 17:47:00,2026-05-30 12:35:00,Completed,2026-05-22 15:47:00,2026-05-30 12:35:00
506,506,4,2025-06-09 13:28:00,2025-06-11 13:28:00,2025-06-11 14:40:00,Completed,2025-06-09 13:28:00,2025-06-11 14:40:00
507,507,5,2025-09-15 13:58:00,2025-09-18 18:58:00,2025-09-19 13:23:00,Completed,2025-09-15 13:58:00,2025-09-19 13:23:00
508,508,4,2026-04-04 16:44:00,2026-04-05 16:44:00,2026-04-06 10:09:00,Completed,2026-04-04 16:44:00,2026-04-06 10:09:00
509,509,5,2025-11-28 11:35:00,2025-11-30 16:35:00,2025-11-28 12:29:00,Completed,2025-11-28 11:35:00,2025-11-30 16:35:00
510,510,5,2026-02-05 12:12:00,2026-02-06 18:12:00,2026-02-23 15:16:00,Completed,2026-02-05 12:12:00,2026-02-23 15:16:00
511,511,1,2026-02-15 15:37:00,2026-02-18 16:37:00,2026-02-17 14:28:00,Completed,2026-02-15 15:37:00,2026-02-18 16:37:00
512,512,3,2025-07-25 11:55:00,2025-07-27 14:55:00,2025-08-09 18:33:00,Completed,2025-07-25 11:55:00,2025-08-09 18:33:00
513,513,1,2025-09-02 17:30:00,2025-09-06 00:30:00,2025-09-05 08:11:00,Completed,2025-09-02 17:30:00,2025-09-06 00:30:00
514,514,3,2025-09-01 14:12:00,2025-09-02 20:12:00,2025-09-18 09:04:00,Completed,2025-09-01 14:12:00,2025-09-18 09:04:00
515,515,4,2026-03-15 13:04:00,2026-03-18 18:04:00,2026-03-16 16:28:00,Completed,2026-03-15 13:04:00,2026-03-18 18:04:00
516,516,4,2025-11-13 17:03:00,2025-11-14 20:03:00,2025-11-23 16:31:00,Completed,2025-11-13 17:03:00,2025-11-23 16:31:00
517,517,2,2025-08-28 11:07:00,2025-08-29 11:07:00,2025-08-28 14:23:00,Completed,2025-08-28 11:07:00,2025-08-29 11:07:00
518,518,2,2026-04-24 17:38:00,2026-04-27 01:38:00,2026-05-02 15:10:00,Completed,2026-04-24 17:38:00,2026-05-02 15:10:00
519,519,3,2025-11-28 15:39:00,2025-11-29 15:39:00,,Delivered,2025-11-28 15:39:00,2025-11-29 15:39:00
520,520,5,2025-10-22 08:27:00,2025-10-25 15:27:00,2025-11-03 08:24:00,Completed,2025-10-22 08:27:00,2025-11-03 08:24:00
521,521,5,2026-04-26 08:33:00,2026-04-29 16:33:00,2026-04-27 08:47:00,Completed,2026-04-26 08:33:00,2026-04-29 16:33:00
522,522,1,2025-07-15 18:38:00,2025-07-18 00:38:00,2025-07-17 12:46:00,Completed,2025-07-15 18:38:00,2025-07-18 00:38:00
523,523,2,2025-10-19 14:59:00,2025-10-22 16:59:00,2025-10-28 17:09:00,Completed,2025-10-19 14:59:00,2025-10-28 17:09:00
524,524,4,2026-05-06 14:26:00,2026-05-09 19:26:00,2026-05-13 08:56:00,Completed,2026-05-06 14:26:00,2026-05-13 08:56:00
525,525,4,2025-06-10 08:34:00,2025-06-13 12:34:00,2025-06-16 11:41:00,Completed,2025-06-10 08:34:00,2025-06-16 11:41:00
526,526,1,2026-04-15 17:24:00,2026-04-17 21:24:00,2026-04-23 14:51:00,Completed,2026-04-15 17:24:00,2026-04-23 14:51:00
527,527,3,2026-02-14 11:42:00,2026-02-16 13:42:00,2026-03-04 15:44:00,Completed,2026-02-14 11:42:00,2026-03-04 15:44:00
528,528,5,2026-04-03 11:59:00,2026-04-06 18:59:00,2026-04-07 16:50:00,Completed,2026-04-03 11:59:00,2026-04-07 16:50:00
529,529,1,2025-10-11 16:43:00,2025-10-14 21:43:00,2025-10-12 12:30:00,Completed,2025-10-11 16:43:00,2025-10-14 21:43:00
530,530,4,2025-10-31 18:32:00,2025-11-02 23:32:00,2025-11-10 17:47:00,Completed,2025-10-31 18:32:00,2025-11-10 17:47:00
531,531,2,2025-06-10 11:14:00,2025-06-13 11:14:00,2025-06-13 12:55:00,Completed,2025-06-10 11:14:00,2025-06-13 12:55:00
532,532,4,2026-01-11 11:58:00,2026-01-13 14:58:00,2026-01-13 13:58:00,Completed,2026-01-11 11:58:00,2026-01-13 14:58:00
533,533,4,2026-04-12 12:43:00,2026-04-14 18:43:00,2026-04-16 11:32:00,Completed,2026-04-12 12:43:00,2026-04-16 11:32:00
534,534,3,2026-04-17 08:20:00,2026-04-18 09:20:00,2026-04-24 08:51:00,Completed,2026-04-17 08:20:00,2026-04-24 08:51:00
535,535,3,2025-08-04 17:31:00,2025-08-06 22:31:00,2025-08-17 14:18:00,Completed,2025-08-04 17:31:00,2025-08-17 14:18:00
536,536,1,2026-03-05 14:09:00,2026-03-08 22:09:00,2026-03-11 16:47:00,Completed,2026-03-05 14:09:00,2026-03-11 16:47:00
537,537,2,2026-03-13 08:34:00,2026-03-14 11:34:00,2026-03-14 10:41:00,Completed,2026-03-13 08:34:00,2026-03-14 11:34:00
538,538,4,2026-03-27 08:22:00,2026-03-30 16:22:00,,Delivered,2026-03-27 08:22:00,2026-03-30 16:22:00
539,539,1,2026-01-04 14:46:00,2026-01-07 21:46:00,2026-01-04 13:38:00,Completed,2026-01-04 14:46:00,2026-01-07 21:46:00
540,540,3,2025-06-11 16:40:00,2025-06-13 22:40:00,2025-06-23 18:18:00,Completed,2025-06-11 16:40:00,2025-06-23 18:18:00
541,541,3,2025-10-24 16:08:00,2025-10-25 16:08:00,2025-11-10 13:51:00,Completed,2025-10-24 16:08:00,2025-11-10 13:51:00
542,542,1,2025-11-19 15:36:00,2025-11-20 22:36:00,2025-11-20 09:13:00,Completed,2025-11-19 15:36:00,2025-11-20 22:36:00
543,543,2,2026-03-05 12:44:00,2026-03-07 18:44:00,2026-03-17 14:03:00,Completed,2026-03-05 12:44:00,2026-03-17 14:03:00
544,544,2,2025-09-22 15:24:00,2025-09-25 23:24:00,2025-10-04 15:45:00,Completed,2025-09-22 15:24:00,2025-10-04 15:45:00
545,545,4,2026-05-15 15:55:00,2026-05-18 21:55:00,2026-05-22 17:29:00,Completed,2026-05-15 15:55:00,2026-05-22 17:29:00
546,546,4,2025-07-15 14:26:00,2025-07-16 20:26:00,2025-07-15 18:40:00,Completed,2025-07-15 14:26:00,2025-07-16 20:26:00
547,547,2,2025-12-05 13:19:00,2025-12-07 16:19:00,,Delivered,2025-12-05 13:19:00,2025-12-07 16:19:00
548,548,2,2025-08-06 17:47:00,2025-08-09 19:47:00,2025-08-15 12:49:00,Completed,2025-08-06 17:47:00,2025-08-15 12:49:00
549,549,5,2025-09-13 10:36:00,2025-09-16 16:36:00,2025-09-17 08:12:00,Completed,2025-09-13 10:36:00,2025-09-17 08:12:00
550,550,2,2025-06-22 14:12:00,2025-06-24 20:12:00,2025-06-27 13:19:00,Completed,2025-06-22 14:12:00,2025-06-27 13:19:00
551,551,2,2025-12-07 08:42:00,2025-12-09 11:42:00,2025-12-10 12:53:00,Completed,2025-12-07 08:42:00,2025-12-10 12:53:00
552,552,3,2025-07-06 18:30:00,2025-07-10 00:30:00,2025-07-12 18:02:00,Completed,2025-07-06 18:30:00,2025-07-12 18:02:00
553,553,5,2025-11-29 09:20:00,2025-12-02 12:20:00,2025-11-30 10:37:00,Completed,2025-11-29 09:20:00,2025-12-02 12:20:00
554,554,2,2025-11-05 10:51:00,2025-11-08 18:51:00,2025-11-12 18:57:00,Completed,2025-11-05 10:51:00,2025-11-12 18:57:00
555,555,4,2026-01-19 17:30:00,2026-01-22 21:30:00,2026-02-11 08:47:00,Completed,2026-01-19 17:30:00,2026-02-11 08:47:00
556,556,2,2026-02-25 12:10:00,2026-02-26 12:10:00,2026-03-03 18:25:00,Completed,2026-02-25 12:10:00,2026-03-03 18:25:00
557,557,2,2026-05-07 13:03:00,2026-05-08 21:03:00,2026-05-10 12:17:00,Completed,2026-05-07 13:03:00,2026-05-10 12:17:00
558,558,5,2026-04-10 10:20:00,2026-04-13 10:20:00,2026-04-10 10:35:00,Completed,2026-04-10 10:20:00,2026-04-13 10:20:00
559,559,5,2025-08-03 14:13:00,2025-08-06 16:13:00,2025-08-13 13:33:00,Completed,2025-08-03 14:13:00,2025-08-13 13:33:00
560,560,3,2026-01-17 17:53:00,2026-01-18 22:53:00,2026-01-25 17:10:00,Completed,2026-01-17 17:53:00,2026-01-25 17:10:00
561,561,1,2026-04-12 12:01:00,2026-04-13 13:01:00,2026-04-16 16:19:00,Completed,2026-04-12 12:01:00,2026-04-16 16:19:00
562,562,1,2025-11-14 15:59:00,2025-11-15 15:59:00,2025-12-01 17:35:00,Completed,2025-11-14 15:59:00,2025-12-01 17:35:00
563,563,2,2025-10-02 14:21:00,2025-10-04 14:21:00,2025-10-04 09:07:00,Completed,2025-10-02 14:21:00,2025-10-04 14:21:00
564,564,5,2025-12-16 15:56:00,2025-12-18 23:56:00,2025-12-18 18:33:00,Completed,2025-12-16 15:56:00,2025-12-18 23:56:00
565,565,4,2026-04-27 15:54:00,2026-04-29 19:54:00,2026-05-06 15:14:00,Completed,2026-04-27 15:54:00,2026-05-06 15:14:00
566,566,5,2026-02-27 18:52:00,2026-03-01 22:52:00,2026-02-27 09:56:00,Completed,2026-02-27 18:52:00,2026-03-01 22:52:00
567,567,1,2025-10-14 16:28:00,2025-10-15 18:28:00,2025-10-19 09:15:00,Completed,2025-10-14 16:28:00,2025-10-19 09:15:00
568,568,3,2025-12-10 15:57:00,2025-12-12 16:57:00,2025-12-20 10:46:00,Completed,2025-12-10 15:57:00,2025-12-20 10:46:00
569,569,3,2025-09-23 17:49:00,2025-09-26 19:49:00,2025-09-28 18:51:00,Completed,2025-09-23 17:49:00,2025-09-28 18:51:00
570,570,3,2025-11-28 14:18:00,2025-11-29 20:18:00,2025-11-28 11:26:00,Completed,2025-11-28 14:18:00,2025-11-29 20:18:00
571,571,4,2026-02-08 14:42:00,2026-02-09 22:42:00,2026-02-14 16:08:00,Completed,2026-02-08 14:42:00,2026-02-14 16:08:00
572,572,2,2025-07-13 16:26:00,2025-07-14 20:26:00,2025-07-24 17:00:00,Completed,2025-07-13 16:26:00,2025-07-24 17:00:00
573,573,3,2026-01-05 09:37:00,2026-01-07 12:37:00,2026-01-15 12:32:00,Completed,2026-01-05 09:37:00,2026-01-15 12:32:00
574,574,5,2025-07-20 18:38:00,2025-07-21 22:38:00,2025-07-20 09:30:00,Completed,2025-07-20 18:38:00,2025-07-21 22:38:00
575,575,2,2025-10-08 12:38:00,2025-10-10 15:38:00,2025-10-18 16:07:00,Completed,2025-10-08 12:38:00,2025-10-18 16:07:00
576,576,4,2026-03-27 09:58:00,2026-03-28 13:58:00,2026-04-09 18:36:00,Completed,2026-03-27 09:58:00,2026-04-09 18:36:00
577,577,4,2025-06-15 09:16:00,2025-06-18 13:16:00,,Delivered,2025-06-15 09:16:00,2025-06-18 13:16:00
578,578,3,2026-01-11 09:26:00,2026-01-13 14:26:00,2026-01-22 12:51:00,Completed,2026-01-11 09:26:00,2026-01-22 12:51:00
579,579,3,2025-12-07 10:00:00,2025-12-09 12:00:00,2025-12-17 14:41:00,Completed,2025-12-07 10:00:00,2025-12-17 14:41:00
580,580,1,2026-02-03 17:25:00,2026-02-06 01:25:00,2026-02-08 08:26:00,Completed,2026-02-03 17:25:00,2026-02-08 08:26:00
581,581,4,2026-03-26 12:22:00,2026-03-27 18:22:00,2026-03-29 14:27:00,Completed,2026-03-26 12:22:00,2026-03-29 14:27:00
582,582,4,2025-08-05 17:07:00,2025-08-07 20:07:00,2025-08-06 14:21:00,Completed,2025-08-05 17:07:00,2025-08-07 20:07:00
583,583,2,2025-12-20 10:53:00,2025-12-22 16:53:00,2026-01-08 14:04:00,Completed,2025-12-20 10:53:00,2026-01-08 14:04:00
584,584,4,2025-10-06 15:59:00,2025-10-09 16:59:00,2025-10-16 16:51:00,Completed,2025-10-06 15:59:00,2025-10-16 16:51:00
585,585,2,2026-01-08 11:26:00,2026-01-10 11:26:00,2026-01-08 08:26:00,Completed,2026-01-08 11:26:00,2026-01-10 11:26:00
586,586,2,2025-08-14 09:58:00,2025-08-16 17:58:00,2025-08-18 08:03:00,Completed,2025-08-14 09:58:00,2025-08-18 08:03:00
587,587,1,2026-04-07 17:50:00,2026-04-09 00:50:00,2026-04-12 10:51:00,Completed,2026-04-07 17:50:00,2026-04-12 10:51:00
588,588,3,2026-05-22 09:27:00,2026-05-25 10:27:00,2026-05-24 15:40:00,Completed,2026-05-22 09:27:00,2026-05-25 10:27:00
589,589,4,2025-09-05 09:06:00,2025-09-08 09:06:00,2025-09-20 10:23:00,Completed,2025-09-05 09:06:00,2025-09-20 10:23:00
590,590,3,2025-12-27 10:28:00,2025-12-28 11:28:00,2026-01-15 09:31:00,Completed,2025-12-27 10:28:00,2026-01-15 09:31:00
591,591,4,2025-10-09 11:46:00,2025-10-10 12:46:00,2025-10-10 08:01:00,Completed,2025-10-09 11:46:00,2025-10-10 12:46:00
592,592,4,2026-05-13 18:16:00,2026-05-16 01:16:00,2026-05-14 17:04:00,Completed,2026-05-13 18:16:00,2026-05-16 01:16:00
593,593,1,2026-03-09 15:03:00,2026-03-12 17:03:00,2026-03-13 13:14:00,Completed,2026-03-09 15:03:00,2026-03-13 13:14:00
594,594,3,2026-02-25 13:44:00,2026-02-28 20:44:00,2026-03-06 10:07:00,Completed,2026-02-25 13:44:00,2026-03-06 10:07:00
595,595,5,2026-02-13 14:57:00,2026-02-15 17:57:00,2026-02-21 16:19:00,Completed,2026-02-13 14:57:00,2026-02-21 16:19:00
596,596,3,2025-07-31 11:24:00,2025-08-01 14:24:00,2025-08-22 14:54:00,Completed,2025-07-31 11:24:00,2025-08-22 14:54:00
597,597,3,2026-04-12 15:49:00,2026-04-13 23:49:00,2026-04-22 17:04:00,Completed,2026-04-12 15:49:00,2026-04-22 17:04:00
598,598,1,2025-10-27 09:08:00,2025-10-30 12:08:00,2025-11-06 10:06:00,Completed,2025-10-27 09:08:00,2025-11-06 10:06:00
599,599,5,2026-02-04 14:26:00,2026-02-06 20:26:00,2026-02-07 11:10:00,Completed,2026-02-04 14:26:00,2026-02-07 11:10:00
600,600,1,2026-01-01 12:53:00,2026-01-03 16:53:00,2026-01-10 10:57:00,Completed,2026-01-01 12:53:00,2026-01-10 10:57:00
601,601,3,2026-02-19 10:01:00,2026-02-20 17:01:00,2026-02-25 10:58:00,Completed,2026-02-19 10:01:00,2026-02-25 10:58:00
602,602,5,2026-04-07 15:30:00,2026-04-10 21:30:00,2026-04-15 14:30:00,Completed,2026-04-07 15:30:00,2026-04-15 14:30:00
603,603,5,2026-04-13 10:24:00,2026-04-16 12:24:00,2026-04-17 09:25:00,Completed,2026-04-13 10:24:00,2026-04-17 09:25:00
604,604,1,2026-04-21 16:50:00,2026-04-24 22:50:00,2026-05-04 10:55:00,Completed,2026-04-21 16:50:00,2026-05-04 10:55:00
605,605,1,2026-02-11 17:19:00,2026-02-12 21:19:00,,Delivered,2026-02-11 17:19:00,2026-02-12 21:19:00
606,606,3,2025-08-29 15:44:00,2025-08-31 21:44:00,2025-09-09 11:01:00,Completed,2025-08-29 15:44:00,2025-09-09 11:01:00
607,607,5,2025-12-30 15:18:00,2026-01-01 21:18:00,2026-01-01 17:51:00,Completed,2025-12-30 15:18:00,2026-01-01 21:18:00
608,608,2,2026-02-14 18:29:00,2026-02-15 20:29:00,2026-03-05 08:41:00,Completed,2026-02-14 18:29:00,2026-03-05 08:41:00
609,609,5,2026-03-11 12:22:00,2026-03-12 18:22:00,2026-03-11 14:38:00,Completed,2026-03-11 12:22:00,2026-03-12 18:22:00
610,610,5,2025-11-17 08:38:00,2025-11-19 10:38:00,2025-12-01 13:10:00,Completed,2025-11-17 08:38:00,2025-12-01 13:10:00
611,611,3,2025-10-28 08:46:00,2025-10-31 11:46:00,2025-11-07 16:50:00,Completed,2025-10-28 08:46:00,2025-11-07 16:50:00
612,612,5,2026-04-10 16:02:00,2026-04-12 22:02:00,2026-04-16 14:11:00,Completed,2026-04-10 16:02:00,2026-04-16 14:11:00
613,613,2,2025-09-01 14:53:00,2025-09-02 22:53:00,2025-09-15 10:27:00,Completed,2025-09-01 14:53:00,2025-09-15 10:27:00
614,614,5,2025-10-02 12:20:00,2025-10-04 17:20:00,2025-10-06 13:12:00,Completed,2025-10-02 12:20:00,2025-10-06 13:12:00
615,615,1,2026-01-22 18:11:00,2026-01-24 23:11:00,2026-01-31 17:37:00,Completed,2026-01-22 18:11:00,2026-01-31 17:37:00
616,616,5,2025-12-08 12:35:00,2025-12-09 20:35:00,2025-12-08 15:50:00,Completed,2025-12-08 12:35:00,2025-12-09 20:35:00
617,617,2,2025-08-27 08:11:00,2025-08-29 09:11:00,2025-08-31 11:29:00,Completed,2025-08-27 08:11:00,2025-08-31 11:29:00
618,618,1,2025-09-24 17:57:00,2025-09-26 20:57:00,2025-10-03 09:12:00,Completed,2025-09-24 17:57:00,2025-10-03 09:12:00
619,619,5,2025-10-09 14:51:00,2025-10-11 14:51:00,,Delivered,2025-10-09 14:51:00,2025-10-11 14:51:00
620,620,3,2025-10-30 12:26:00,2025-11-01 13:26:00,2025-11-08 18:44:00,Completed,2025-10-30 12:26:00,2025-11-08 18:44:00
621,621,4,2026-02-26 15:19:00,2026-02-27 18:19:00,2026-03-10 18:10:00,Completed,2026-02-26 15:19:00,2026-03-10 18:10:00
622,622,3,2026-04-16 17:18:00,2026-04-19 23:18:00,2026-04-25 11:27:00,Completed,2026-04-16 17:18:00,2026-04-25 11:27:00
623,623,2,2026-04-17 13:00:00,2026-04-20 17:00:00,2026-04-26 10:09:00,Completed,2026-04-17 13:00:00,2026-04-26 10:09:00
624,624,2,2026-04-12 11:13:00,2026-04-13 11:13:00,2026-04-20 14:59:00,Completed,2026-04-12 11:13:00,2026-04-20 14:59:00
625,625,3,2025-10-17 15:11:00,2025-10-18 15:11:00,2025-10-20 11:58:00,Completed,2025-10-17 15:11:00,2025-10-20 11:58:00
626,626,1,2026-05-26 11:58:00,2026-05-29 15:58:00,2026-05-26 08:41:00,Completed,2026-05-26 11:58:00,2026-05-29 15:58:00
627,627,2,2026-02-14 08:36:00,2026-02-17 12:36:00,2026-02-21 11:18:00,Completed,2026-02-14 08:36:00,2026-02-21 11:18:00
628,628,1,2025-08-01 11:57:00,2025-08-04 14:57:00,2025-08-01 17:28:00,Completed,2025-08-01 11:57:00,2025-08-04 14:57:00
629,629,2,2025-10-10 13:30:00,2025-10-13 13:30:00,2025-11-03 13:26:00,Completed,2025-10-10 13:30:00,2025-11-03 13:26:00
630,630,1,2026-05-22 10:03:00,2026-05-25 14:03:00,2026-05-22 13:21:00,Completed,2026-05-22 10:03:00,2026-05-25 14:03:00
631,631,3,2026-04-04 16:42:00,2026-04-06 17:42:00,2026-04-10 16:15:00,Completed,2026-04-04 16:42:00,2026-04-10 16:15:00
632,632,2,2026-02-21 08:34:00,2026-02-23 15:34:00,2026-02-28 12:52:00,Completed,2026-02-21 08:34:00,2026-02-28 12:52:00
633,633,5,2026-03-18 10:04:00,2026-03-19 12:04:00,2026-03-29 17:43:00,Completed,2026-03-18 10:04:00,2026-03-29 17:43:00
634,634,3,2025-06-27 11:22:00,2025-06-30 13:22:00,2025-07-07 15:11:00,Completed,2025-06-27 11:22:00,2025-07-07 15:11:00
635,635,4,2026-03-10 16:10:00,2026-03-11 18:10:00,2026-03-10 17:28:00,Completed,2026-03-10 16:10:00,2026-03-11 18:10:00
636,636,4,2025-06-15 08:59:00,2025-06-16 14:59:00,2025-06-17 18:58:00,Completed,2025-06-15 08:59:00,2025-06-17 18:58:00
637,637,5,2025-06-11 13:38:00,2025-06-14 15:38:00,2025-06-18 08:08:00,Completed,2025-06-11 13:38:00,2025-06-18 08:08:00
638,638,4,2025-08-04 16:23:00,2025-08-05 21:23:00,2025-08-16 16:28:00,Completed,2025-08-04 16:23:00,2025-08-16 16:28:00
639,639,3,2026-02-25 12:53:00,2026-02-27 12:53:00,2026-03-04 09:21:00,Completed,2026-02-25 12:53:00,2026-03-04 09:21:00
640,640,4,2025-07-15 13:32:00,2025-07-18 21:32:00,2025-07-17 17:23:00,Completed,2025-07-15 13:32:00,2025-07-18 21:32:00
641,641,5,2025-08-16 14:10:00,2025-08-19 19:10:00,2025-08-27 10:53:00,Completed,2025-08-16 14:10:00,2025-08-27 10:53:00
642,642,5,2025-12-08 08:55:00,2025-12-09 13:55:00,2025-12-16 16:08:00,Completed,2025-12-08 08:55:00,2025-12-16 16:08:00
643,643,5,2026-04-23 15:56:00,2026-04-24 21:56:00,2026-05-04 13:43:00,Completed,2026-04-23 15:56:00,2026-05-04 13:43:00
644,644,3,2025-08-22 09:46:00,2025-08-23 09:46:00,2025-08-26 10:08:00,Completed,2025-08-22 09:46:00,2025-08-26 10:08:00
645,645,1,2025-11-21 18:04:00,2025-11-22 20:04:00,2025-12-03 14:30:00,Completed,2025-11-21 18:04:00,2025-12-03 14:30:00
646,646,4,2025-07-01 09:13:00,2025-07-03 11:13:00,2025-07-05 13:58:00,Completed,2025-07-01 09:13:00,2025-07-05 13:58:00
647,647,3,2026-01-24 18:26:00,2026-01-25 22:26:00,2026-01-24 08:37:00,Completed,2026-01-24 18:26:00,2026-01-25 22:26:00
648,648,5,2026-02-12 16:35:00,2026-02-15 20:35:00,2026-02-18 09:32:00,Completed,2026-02-12 16:35:00,2026-02-18 09:32:00
649,649,2,2025-06-24 16:20:00,2025-06-26 22:20:00,2025-07-05 08:55:00,Completed,2025-06-24 16:20:00,2025-07-05 08:55:00
650,650,4,2025-09-14 11:50:00,2025-09-17 16:50:00,2025-09-28 10:21:00,Completed,2025-09-14 11:50:00,2025-09-28 10:21:00
651,651,3,2025-09-16 14:50:00,2025-09-18 21:50:00,2025-09-18 13:49:00,Completed,2025-09-16 14:50:00,2025-09-18 21:50:00
652,652,5,2025-07-19 10:41:00,2025-07-22 18:41:00,2025-07-21 17:20:00,Completed,2025-07-19 10:41:00,2025-07-22 18:41:00
653,653,2,2026-03-19 10:55:00,2026-03-20 11:55:00,2026-03-30 15:58:00,Completed,2026-03-19 10:55:00,2026-03-30 15:58:00
654,654,2,2025-11-15 15:43:00,2025-11-18 21:43:00,2025-11-19 08:04:00,Completed,2025-11-15 15:43:00,2025-11-19 08:04:00
655,655,3,2025-09-05 11:33:00,2025-09-06 13:33:00,2025-09-15 12:24:00,Completed,2025-09-05 11:33:00,2025-09-15 12:24:00
656,656,3,2026-02-27 13:31:00,2026-03-01 20:31:00,2026-03-07 09:07:00,Completed,2026-02-27 13:31:00,2026-03-07 09:07:00
657,657,5,2025-09-12 14:40:00,2025-09-15 19:40:00,,Delivered,2025-09-12 14:40:00,2025-09-15 19:40:00
658,658,2,2026-05-15 13:07:00,2026-05-16 19:07:00,2026-05-21 09:00:00,Completed,2026-05-15 13:07:00,2026-05-21 09:00:00
659,659,4,2026-03-01 16:49:00,2026-03-02 17:49:00,2026-03-05 15:08:00,Completed,2026-03-01 16:49:00,2026-03-05 15:08:00
660,660,3,2025-11-04 11:48:00,2025-11-06 14:48:00,2025-11-14 16:57:00,Completed,2025-11-04 11:48:00,2025-11-14 16:57:00
661,661,1,2025-06-23 14:09:00,2025-06-26 14:09:00,2025-06-29 11:10:00,Completed,2025-06-23 14:09:00,2025-06-29 11:10:00
662,662,2,2025-10-08 09:36:00,2025-10-11 13:36:00,2025-10-13 08:43:00,Completed,2025-10-08 09:36:00,2025-10-13 08:43:00
663,663,3,2026-03-20 13:21:00,2026-03-23 18:21:00,2026-03-29 09:33:00,Completed,2026-03-20 13:21:00,2026-03-29 09:33:00
664,664,4,2025-08-02 16:04:00,2025-08-03 18:04:00,2025-08-07 17:14:00,Completed,2025-08-02 16:04:00,2025-08-07 17:14:00
665,665,3,2026-03-29 17:40:00,2026-04-01 22:40:00,2026-04-08 16:29:00,Completed,2026-03-29 17:40:00,2026-04-08 16:29:00
666,666,5,2025-06-27 18:27:00,2025-06-29 01:27:00,2025-07-07 12:55:00,Completed,2025-06-27 18:27:00,2025-07-07 12:55:00
667,667,5,2025-07-26 11:57:00,2025-07-29 18:57:00,2025-08-04 17:28:00,Completed,2025-07-26 11:57:00,2025-08-04 17:28:00
668,668,5,2025-11-01 14:49:00,2025-11-03 16:49:00,2025-11-08 15:14:00,Completed,2025-11-01 14:49:00,2025-11-08 15:14:00
669,669,2,2026-01-05 12:18:00,2026-01-07 13:18:00,2026-01-10 10:07:00,Completed,2026-01-05 12:18:00,2026-01-10 10:07:00
670,670,1,2025-09-12 09:10:00,2025-09-14 15:10:00,2025-09-13 15:39:00,Completed,2025-09-12 09:10:00,2025-09-14 15:10:00
671,671,3,2026-03-03 08:50:00,2026-03-04 10:50:00,2026-03-09 16:41:00,Completed,2026-03-03 08:50:00,2026-03-09 16:41:00
672,672,4,2025-06-15 17:46:00,2025-06-18 22:46:00,2025-06-15 17:55:00,Completed,2025-06-15 17:46:00,2025-06-18 22:46:00
673,673,1,2026-01-02 13:11:00,2026-01-03 17:11:00,2026-01-08 15:12:00,Completed,2026-01-02 13:11:00,2026-01-08 15:12:00
674,674,2,2025-07-14 16:37:00,2025-07-17 20:37:00,2025-07-15 08:01:00,Completed,2025-07-14 16:37:00,2025-07-17 20:37:00
675,675,1,2025-11-18 16:42:00,2025-11-19 20:42:00,2025-11-24 08:45:00,Completed,2025-11-18 16:42:00,2025-11-24 08:45:00
676,676,5,2025-12-02 09:55:00,2025-12-03 12:55:00,2025-12-10 18:27:00,Completed,2025-12-02 09:55:00,2025-12-10 18:27:00
677,677,5,2025-12-31 15:10:00,2026-01-01 19:10:00,2026-01-23 14:22:00,Completed,2025-12-31 15:10:00,2026-01-23 14:22:00
678,678,2,2026-05-09 15:13:00,2026-05-10 22:13:00,2026-05-17 11:29:00,Completed,2026-05-09 15:13:00,2026-05-17 11:29:00
679,679,5,2026-02-04 14:04:00,2026-02-06 20:04:00,2026-02-05 18:48:00,Completed,2026-02-04 14:04:00,2026-02-06 20:04:00
680,680,5,2025-06-30 10:13:00,2025-07-01 10:13:00,2025-07-05 09:15:00,Completed,2025-06-30 10:13:00,2025-07-05 09:15:00
681,681,3,2026-03-09 14:31:00,2026-03-10 16:31:00,2026-03-18 18:36:00,Completed,2026-03-09 14:31:00,2026-03-18 18:36:00
682,682,1,2025-08-11 18:40:00,2025-08-14 23:40:00,2025-08-20 10:29:00,Completed,2025-08-11 18:40:00,2025-08-20 10:29:00
683,683,2,2025-08-29 15:42:00,2025-08-31 18:42:00,2025-09-03 10:11:00,Completed,2025-08-29 15:42:00,2025-09-03 10:11:00
684,684,4,2025-09-03 13:35:00,2025-09-06 20:35:00,2025-09-10 08:23:00,Completed,2025-09-03 13:35:00,2025-09-10 08:23:00
685,685,5,2026-03-26 13:47:00,2026-03-29 18:47:00,2026-04-09 15:24:00,Completed,2026-03-26 13:47:00,2026-04-09 15:24:00
686,686,4,2026-05-20 11:15:00,2026-05-23 11:15:00,2026-06-01 13:48:00,Completed,2026-05-20 11:15:00,2026-06-01 13:48:00
687,687,3,2025-11-10 09:27:00,2025-11-12 11:27:00,2025-11-16 13:22:00,Completed,2025-11-10 09:27:00,2025-11-16 13:22:00
688,688,2,2026-03-15 13:40:00,2026-03-18 20:40:00,,Delivered,2026-03-15 13:40:00,2026-03-18 20:40:00
689,689,3,2025-09-22 10:04:00,2025-09-25 10:04:00,2025-09-27 11:57:00,Completed,2025-09-22 10:04:00,2025-09-27 11:57:00
690,690,5,2025-12-05 12:25:00,2025-12-07 15:25:00,2025-12-12 09:03:00,Completed,2025-12-05 12:25:00,2025-12-12 09:03:00
691,691,5,2025-11-06 14:00:00,2025-11-08 15:00:00,,Delivered,2025-11-06 14:00:00,2025-11-08 15:00:00
692,692,4,2025-11-05 14:40:00,2025-11-07 19:40:00,2025-11-08 10:40:00,Completed,2025-11-05 14:40:00,2025-11-08 10:40:00
693,693,2,2025-09-18 15:18:00,2025-09-19 18:18:00,2025-10-01 12:28:00,Completed,2025-09-18 15:18:00,2025-10-01 12:28:00
694,694,5,2025-06-14 13:01:00,2025-06-15 13:01:00,2025-06-14 18:19:00,Completed,2025-06-14 13:01:00,2025-06-15 13:01:00
695,695,4,2026-04-29 15:42:00,2026-04-30 21:42:00,,Delivered,2026-04-29 15:42:00,2026-04-30 21:42:00
696,696,1,2025-11-21 10:46:00,2025-11-24 16:46:00,2025-11-29 14:11:00,Completed,2025-11-21 10:46:00,2025-11-29 14:11:00
697,697,1,2026-05-24 10:35:00,2026-05-26 14:35:00,2026-05-30 08:52:00,Completed,2026-05-24 10:35:00,2026-05-30 08:52:00
698,698,5,2025-09-06 14:49:00,2025-09-07 19:49:00,2025-09-16 11:36:00,Completed,2025-09-06 14:49:00,2025-09-16 11:36:00
699,699,1,2025-06-23 13:31:00,2025-06-26 18:31:00,2025-07-02 14:05:00,Completed,2025-06-23 13:31:00,2025-07-02 14:05:00
700,700,5,2026-04-20 08:17:00,2026-04-23 14:17:00,2026-04-26 11:31:00,Completed,2026-04-20 08:17:00,2026-04-26 11:31:00
701,701,3,2025-07-30 10:17:00,2025-07-31 10:17:00,2025-08-09 17:19:00,Completed,2025-07-30 10:17:00,2025-08-09 17:19:00
702,702,4,2025-11-23 11:41:00,2025-11-24 18:41:00,2025-12-04 08:51:00,Completed,2025-11-23 11:41:00,2025-12-04 08:51:00
703,703,4,2025-11-09 13:23:00,2025-11-11 21:23:00,2025-11-14 14:58:00,Completed,2025-11-09 13:23:00,2025-11-14 14:58:00
704,704,4,2026-05-04 12:38:00,2026-05-05 19:38:00,2026-05-22 17:07:00,Completed,2026-05-04 12:38:00,2026-05-22 17:07:00
705,705,2,2026-03-08 09:20:00,2026-03-11 09:20:00,2026-03-14 16:03:00,Completed,2026-03-08 09:20:00,2026-03-14 16:03:00
706,706,5,2025-12-03 12:55:00,2025-12-06 12:55:00,2025-12-06 09:08:00,Completed,2025-12-03 12:55:00,2025-12-06 12:55:00
707,707,4,2025-11-04 18:07:00,2025-11-05 23:07:00,2025-11-04 16:18:00,Completed,2025-11-04 18:07:00,2025-11-05 23:07:00
708,708,3,2026-02-25 09:07:00,2026-02-27 16:07:00,2026-02-27 15:32:00,Completed,2026-02-25 09:07:00,2026-02-27 16:07:00
709,709,5,2025-07-05 10:38:00,2025-07-07 14:38:00,2025-07-07 08:51:00,Completed,2025-07-05 10:38:00,2025-07-07 14:38:00
710,710,3,2026-01-21 14:15:00,2026-01-24 22:15:00,2026-01-31 13:43:00,Completed,2026-01-21 14:15:00,2026-01-31 13:43:00
711,711,1,2025-11-10 17:54:00,2025-11-12 00:54:00,2025-11-29 13:23:00,Completed,2025-11-10 17:54:00,2025-11-29 13:23:00
712,712,3,2026-04-13 11:36:00,2026-04-14 19:36:00,2026-04-20 10:12:00,Completed,2026-04-13 11:36:00,2026-04-20 10:12:00
713,713,5,2026-02-23 13:11:00,2026-02-26 20:11:00,2026-02-26 08:45:00,Completed,2026-02-23 13:11:00,2026-02-26 20:11:00
714,714,4,2025-12-03 14:04:00,2025-12-04 21:04:00,2025-12-26 18:03:00,Completed,2025-12-03 14:04:00,2025-12-26 18:03:00
715,715,4,2025-08-22 12:29:00,2025-08-24 12:29:00,2025-08-31 08:22:00,Completed,2025-08-22 12:29:00,2025-08-31 08:22:00
716,716,2,2025-12-09 08:35:00,2025-12-12 16:35:00,2025-12-18 09:55:00,Completed,2025-12-09 08:35:00,2025-12-18 09:55:00
717,717,1,2025-12-12 10:37:00,2025-12-15 12:37:00,2025-12-27 14:12:00,Completed,2025-12-12 10:37:00,2025-12-27 14:12:00
718,718,4,2026-01-16 12:35:00,2026-01-17 15:35:00,2026-01-22 14:56:00,Completed,2026-01-16 12:35:00,2026-01-22 14:56:00
719,719,3,2026-03-02 14:51:00,2026-03-03 21:51:00,2026-03-05 14:59:00,Completed,2026-03-02 14:51:00,2026-03-05 14:59:00
720,720,4,2025-08-01 13:29:00,2025-08-02 16:29:00,,Delivered,2025-08-01 13:29:00,2025-08-02 16:29:00
721,721,2,2025-06-28 14:40:00,2025-06-29 19:40:00,2025-07-12 14:32:00,Completed,2025-06-28 14:40:00,2025-07-12 14:32:00
722,722,4,2026-04-19 08:52:00,2026-04-20 13:52:00,2026-04-20 17:22:00,Completed,2026-04-19 08:52:00,2026-04-20 17:22:00
723,723,2,2025-07-14 18:32:00,2025-07-16 19:32:00,2025-07-22 17:31:00,Completed,2025-07-14 18:32:00,2025-07-22 17:31:00
724,724,5,2025-08-16 09:43:00,2025-08-19 10:43:00,2025-08-20 13:33:00,Completed,2025-08-16 09:43:00,2025-08-20 13:33:00
725,725,4,2026-04-23 08:36:00,2026-04-25 14:36:00,2026-04-25 08:00:00,Completed,2026-04-23 08:36:00,2026-04-25 14:36:00
726,726,4,2025-11-25 08:14:00,2025-11-26 09:14:00,2025-12-09 13:29:00,Completed,2025-11-25 08:14:00,2025-12-09 13:29:00
727,727,3,2026-05-11 11:16:00,2026-05-13 12:16:00,2026-05-22 18:14:00,Completed,2026-05-11 11:16:00,2026-05-22 18:14:00
728,728,1,2025-12-20 08:14:00,2025-12-23 12:14:00,2026-01-05 10:38:00,Completed,2025-12-20 08:14:00,2026-01-05 10:38:00
729,729,4,2025-09-12 14:22:00,2025-09-14 18:22:00,2025-09-25 11:11:00,Completed,2025-09-12 14:22:00,2025-09-25 11:11:00
730,730,3,2025-06-11 18:47:00,2025-06-13 21:47:00,,Delivered,2025-06-11 18:47:00,2025-06-13 21:47:00
731,731,1,2025-08-06 15:45:00,2025-08-07 17:45:00,2025-08-16 13:36:00,Completed,2025-08-06 15:45:00,2025-08-16 13:36:00
732,732,4,2025-08-02 12:08:00,2025-08-05 17:08:00,2025-08-12 15:06:00,Completed,2025-08-02 12:08:00,2025-08-12 15:06:00
733,733,3,2026-04-23 09:28:00,2026-04-25 15:28:00,2026-05-12 18:03:00,Completed,2026-04-23 09:28:00,2026-05-12 18:03:00
734,734,1,2026-02-12 09:12:00,2026-02-13 12:12:00,2026-02-18 18:25:00,Completed,2026-02-12 09:12:00,2026-02-18 18:25:00
735,735,3,2025-06-23 18:24:00,2025-06-25 23:24:00,2025-06-30 16:52:00,Completed,2025-06-23 18:24:00,2025-06-30 16:52:00
736,736,2,2026-05-05 16:10:00,2026-05-06 17:10:00,2026-05-10 10:50:00,Completed,2026-05-05 16:10:00,2026-05-10 10:50:00
737,737,3,2025-11-25 17:49:00,2025-11-28 19:49:00,2025-12-02 09:39:00,Completed,2025-11-25 17:49:00,2025-12-02 09:39:00
738,738,2,2025-08-10 16:32:00,2025-08-12 00:32:00,2025-08-11 12:24:00,Completed,2025-08-10 16:32:00,2025-08-12 00:32:00
739,739,5,2025-10-10 15:54:00,2025-10-12 17:54:00,2025-10-15 18:16:00,Completed,2025-10-10 15:54:00,2025-10-15 18:16:00
740,740,4,2025-08-05 17:59:00,2025-08-06 19:59:00,2025-08-14 10:05:00,Completed,2025-08-05 17:59:00,2025-08-14 10:05:00
741,741,2,2026-02-26 13:45:00,2026-02-27 18:45:00,,Delivered,2026-02-26 13:45:00,2026-02-27 18:45:00
742,742,1,2025-12-08 09:02:00,2025-12-10 11:02:00,,Delivered,2025-12-08 09:02:00,2025-12-10 11:02:00
743,743,5,2026-05-15 09:17:00,2026-05-17 09:17:00,2026-05-21 16:03:00,Completed,2026-05-15 09:17:00,2026-05-21 16:03:00
744,744,3,2025-07-31 17:29:00,2025-08-01 19:29:00,2025-08-01 11:54:00,Completed,2025-07-31 17:29:00,2025-08-01 19:29:00
745,745,2,2025-11-29 18:09:00,2025-12-01 00:09:00,2025-12-07 09:20:00,Completed,2025-11-29 18:09:00,2025-12-07 09:20:00
746,746,2,2026-01-12 10:21:00,2026-01-14 12:21:00,2026-01-20 16:54:00,Completed,2026-01-12 10:21:00,2026-01-20 16:54:00
747,747,3,2026-01-01 13:04:00,2026-01-02 18:04:00,2026-01-05 15:19:00,Completed,2026-01-01 13:04:00,2026-01-05 15:19:00
748,748,2,2026-01-28 18:27:00,2026-01-30 20:27:00,2026-01-31 16:26:00,Completed,2026-01-28 18:27:00,2026-01-31 16:26:00
749,749,4,2026-01-24 09:14:00,2026-01-27 14:14:00,2026-02-15 14:36:00,Completed,2026-01-24 09:14:00,2026-02-15 14:36:00
750,750,4,2025-08-17 16:38:00,2025-08-18 16:38:00,2025-08-26 12:27:00,Completed,2025-08-17 16:38:00,2025-08-26 12:27:00
751,751,1,2025-10-26 18:01:00,2025-10-28 02:01:00,2025-11-02 18:23:00,Completed,2025-10-26 18:01:00,2025-11-02 18:23:00
752,752,2,2025-08-30 13:51:00,2025-09-01 15:51:00,2025-08-30 08:27:00,Completed,2025-08-30 13:51:00,2025-09-01 15:51:00
753,753,5,2026-05-22 17:06:00,2026-05-24 01:06:00,,Delivered,2026-05-22 17:06:00,2026-05-24 01:06:00
754,754,2,2025-12-27 12:59:00,2025-12-28 15:59:00,2026-01-03 14:23:00,Completed,2025-12-27 12:59:00,2026-01-03 14:23:00
755,755,5,2025-07-10 13:37:00,2025-07-11 14:37:00,2025-07-17 17:47:00,Completed,2025-07-10 13:37:00,2025-07-17 17:47:00
756,756,1,2026-02-17 17:50:00,2026-02-21 00:50:00,2026-02-27 15:21:00,Completed,2026-02-17 17:50:00,2026-02-27 15:21:00
757,757,4,2026-02-08 13:09:00,2026-02-11 13:09:00,2026-02-18 10:18:00,Completed,2026-02-08 13:09:00,2026-02-18 10:18:00
758,758,3,2025-06-10 09:16:00,2025-06-12 09:16:00,2025-06-25 14:26:00,Completed,2025-06-10 09:16:00,2025-06-25 14:26:00
759,759,2,2026-05-22 13:26:00,2026-05-25 16:26:00,2026-05-26 17:27:00,Completed,2026-05-22 13:26:00,2026-05-26 17:27:00
760,760,3,2026-03-24 12:34:00,2026-03-26 16:34:00,2026-03-24 08:12:00,Completed,2026-03-24 12:34:00,2026-03-26 16:34:00
761,761,2,2025-10-17 11:40:00,2025-10-20 11:40:00,2025-10-21 16:44:00,Completed,2025-10-17 11:40:00,2025-10-21 16:44:00
762,762,1,2025-10-13 13:50:00,2025-10-15 13:50:00,2025-10-14 18:00:00,Completed,2025-10-13 13:50:00,2025-10-15 13:50:00
763,763,4,2026-04-03 12:15:00,2026-04-06 19:15:00,2026-04-03 14:43:00,Completed,2026-04-03 12:15:00,2026-04-06 19:15:00
764,764,3,2025-11-27 10:48:00,2025-11-30 12:48:00,2025-12-18 13:19:00,Completed,2025-11-27 10:48:00,2025-12-18 13:19:00
765,765,4,2025-10-03 13:03:00,2025-10-05 14:03:00,2025-10-08 11:27:00,Completed,2025-10-03 13:03:00,2025-10-08 11:27:00
766,766,1,2026-02-16 08:03:00,2026-02-19 15:03:00,2026-02-23 10:06:00,Completed,2026-02-16 08:03:00,2026-02-23 10:06:00
767,767,5,2025-10-10 18:17:00,2025-10-14 02:17:00,2025-10-14 17:53:00,Completed,2025-10-10 18:17:00,2025-10-14 17:53:00
768,768,5,2025-09-28 08:23:00,2025-09-30 10:23:00,2025-10-09 09:28:00,Completed,2025-09-28 08:23:00,2025-10-09 09:28:00
769,769,2,2026-01-14 11:12:00,2026-01-15 11:12:00,2026-01-22 15:01:00,Completed,2026-01-14 11:12:00,2026-01-22 15:01:00
770,770,5,2026-03-24 08:29:00,2026-03-27 08:29:00,2026-03-25 15:49:00,Completed,2026-03-24 08:29:00,2026-03-27 08:29:00
771,771,2,2025-10-11 11:37:00,2025-10-13 16:37:00,2025-10-31 09:25:00,Completed,2025-10-11 11:37:00,2025-10-31 09:25:00
772,772,1,2026-02-25 12:55:00,2026-02-27 15:55:00,2026-03-02 11:41:00,Completed,2026-02-25 12:55:00,2026-03-02 11:41:00
773,773,3,2025-06-27 18:56:00,2025-06-29 18:56:00,2025-07-01 08:42:00,Completed,2025-06-27 18:56:00,2025-07-01 08:42:00
774,774,2,2025-10-20 18:17:00,2025-10-22 22:17:00,2025-10-25 13:33:00,Completed,2025-10-20 18:17:00,2025-10-25 13:33:00
775,775,2,2025-09-09 12:12:00,2025-09-11 16:12:00,2025-09-24 08:36:00,Completed,2025-09-09 12:12:00,2025-09-24 08:36:00
776,776,4,2025-09-16 12:17:00,2025-09-17 15:17:00,2025-10-03 08:14:00,Completed,2025-09-16 12:17:00,2025-10-03 08:14:00
777,777,5,2025-07-09 08:58:00,2025-07-12 14:58:00,2025-07-14 15:31:00,Completed,2025-07-09 08:58:00,2025-07-14 15:31:00
778,778,4,2026-05-05 14:22:00,2026-05-06 14:22:00,2026-05-08 18:00:00,Completed,2026-05-05 14:22:00,2026-05-08 18:00:00
779,779,5,2026-03-19 18:16:00,2026-03-20 22:16:00,2026-03-21 16:18:00,Completed,2026-03-19 18:16:00,2026-03-21 16:18:00
780,780,2,2025-06-15 08:21:00,2025-06-18 08:21:00,2025-06-18 13:06:00,Completed,2025-06-15 08:21:00,2025-06-18 13:06:00
781,781,2,2025-09-26 08:21:00,2025-09-27 16:21:00,2025-09-30 18:04:00,Completed,2025-09-26 08:21:00,2025-09-30 18:04:00
782,782,5,2026-03-20 15:14:00,2026-03-23 18:14:00,2026-03-29 13:21:00,Completed,2026-03-20 15:14:00,2026-03-29 13:21:00
783,783,2,2026-03-15 09:15:00,2026-03-17 10:15:00,2026-03-21 14:21:00,Completed,2026-03-15 09:15:00,2026-03-21 14:21:00
784,784,1,2025-10-16 11:27:00,2025-10-19 16:27:00,2025-10-21 17:52:00,Completed,2025-10-16 11:27:00,2025-10-21 17:52:00
785,785,3,2026-01-27 10:34:00,2026-01-30 11:34:00,2026-01-30 15:52:00,Completed,2026-01-27 10:34:00,2026-01-30 15:52:00
786,786,3,2025-07-01 15:06:00,2025-07-04 16:06:00,2025-07-07 18:38:00,Completed,2025-07-01 15:06:00,2025-07-07 18:38:00
787,787,5,2025-06-27 17:42:00,2025-06-28 21:42:00,2025-07-18 16:42:00,Completed,2025-06-27 17:42:00,2025-07-18 16:42:00
788,788,2,2025-10-04 16:04:00,2025-10-05 23:04:00,2025-10-23 15:15:00,Completed,2025-10-04 16:04:00,2025-10-23 15:15:00
789,789,3,2025-08-15 12:14:00,2025-08-17 19:14:00,2025-08-21 18:57:00,Completed,2025-08-15 12:14:00,2025-08-21 18:57:00
790,790,3,2025-06-29 18:06:00,2025-07-01 21:06:00,,Delivered,2025-06-29 18:06:00,2025-07-01 21:06:00
791,791,5,2026-05-05 14:45:00,2026-05-08 14:45:00,2026-05-11 09:41:00,Completed,2026-05-05 14:45:00,2026-05-11 09:41:00
792,792,3,2026-03-12 09:31:00,2026-03-15 09:31:00,2026-03-16 09:03:00,Completed,2026-03-12 09:31:00,2026-03-16 09:03:00
793,793,3,2025-09-06 09:28:00,2025-09-07 10:28:00,2025-09-15 12:17:00,Completed,2025-09-06 09:28:00,2025-09-15 12:17:00
794,794,1,2026-01-28 16:14:00,2026-01-31 22:14:00,2026-02-02 16:57:00,Completed,2026-01-28 16:14:00,2026-02-02 16:57:00
795,795,3,2025-06-16 11:12:00,2025-06-19 16:12:00,2025-06-25 18:15:00,Completed,2025-06-16 11:12:00,2025-06-25 18:15:00
796,796,1,2025-08-08 14:29:00,2025-08-10 22:29:00,2025-08-10 15:06:00,Completed,2025-08-08 14:29:00,2025-08-10 22:29:00
797,797,1,2025-10-07 12:10:00,2025-10-08 14:10:00,2025-10-24 12:45:00,Completed,2025-10-07 12:10:00,2025-10-24 12:45:00
798,798,3,2025-06-09 09:14:00,2025-06-10 12:14:00,2025-06-13 17:32:00,Completed,2025-06-09 09:14:00,2025-06-13 17:32:00
799,799,1,2025-11-17 10:48:00,2025-11-20 13:48:00,2025-12-01 18:50:00,Completed,2025-11-17 10:48:00,2025-12-01 18:50:00
800,800,2,2026-04-13 08:27:00,2026-04-15 12:27:00,,Delivered,2026-04-13 08:27:00,2026-04-15 12:27:00
801,801,2,2026-05-07 18:13:00,2026-05-08 20:13:00,2026-05-14 15:41:00,Completed,2026-05-07 18:13:00,2026-05-14 15:41:00
802,802,2,2026-03-12 09:49:00,2026-03-14 11:49:00,2026-03-12 14:17:00,Completed,2026-03-12 09:49:00,2026-03-14 11:49:00
803,803,5,2026-01-07 12:16:00,2026-01-09 20:16:00,2026-01-11 13:04:00,Completed,2026-01-07 12:16:00,2026-01-11 13:04:00
804,804,5,2025-10-02 13:01:00,2025-10-03 20:01:00,2025-10-05 18:51:00,Completed,2025-10-02 13:01:00,2025-10-05 18:51:00
805,805,5,2026-02-11 15:01:00,2026-02-13 18:01:00,2026-02-20 18:50:00,Completed,2026-02-11 15:01:00,2026-02-20 18:50:00
806,806,3,2026-05-27 13:31:00,2026-05-28 21:31:00,2026-05-29 13:06:00,Completed,2026-05-27 13:31:00,2026-05-29 13:06:00
807,807,2,2026-02-08 18:12:00,2026-02-11 18:12:00,2026-02-10 16:57:00,Completed,2026-02-08 18:12:00,2026-02-11 18:12:00
808,808,4,2026-04-03 15:51:00,2026-04-06 20:51:00,2026-04-21 14:46:00,Completed,2026-04-03 15:51:00,2026-04-21 14:46:00
809,809,1,2026-04-14 18:58:00,2026-04-15 22:58:00,2026-04-16 18:49:00,Completed,2026-04-14 18:58:00,2026-04-16 18:49:00
810,810,5,2025-12-24 18:36:00,2025-12-27 02:36:00,,Delivered,2025-12-24 18:36:00,2025-12-27 02:36:00
811,811,3,2025-09-01 15:54:00,2025-09-02 18:54:00,2025-09-02 12:54:00,Completed,2025-09-01 15:54:00,2025-09-02 18:54:00
812,812,2,2025-12-15 14:53:00,2025-12-16 16:53:00,2025-12-27 10:38:00,Completed,2025-12-15 14:53:00,2025-12-27 10:38:00
813,813,1,2026-05-11 13:14:00,2026-05-13 13:14:00,2026-05-18 08:47:00,Completed,2026-05-11 13:14:00,2026-05-18 08:47:00
814,814,3,2025-11-12 13:00:00,2025-11-15 16:00:00,2025-11-21 18:14:00,Completed,2025-11-12 13:00:00,2025-11-21 18:14:00
815,815,2,2026-04-25 16:28:00,2026-04-28 17:28:00,2026-05-04 14:28:00,Completed,2026-04-25 16:28:00,2026-05-04 14:28:00
816,816,5,2026-04-08 18:46:00,2026-04-10 02:46:00,2026-04-08 11:33:00,Completed,2026-04-08 18:46:00,2026-04-10 02:46:00
817,817,3,2026-04-13 18:26:00,2026-04-15 02:26:00,2026-04-18 15:15:00,Completed,2026-04-13 18:26:00,2026-04-18 15:15:00
818,818,2,2026-04-22 10:37:00,2026-04-23 15:37:00,2026-05-11 18:59:00,Completed,2026-04-22 10:37:00,2026-05-11 18:59:00
819,819,3,2026-05-04 11:43:00,2026-05-07 11:43:00,2026-05-06 14:34:00,Completed,2026-05-04 11:43:00,2026-05-07 11:43:00
820,820,1,2025-07-23 09:00:00,2025-07-24 17:00:00,2025-08-03 11:48:00,Completed,2025-07-23 09:00:00,2025-08-03 11:48:00
821,821,3,2026-05-03 15:49:00,2026-05-05 20:49:00,2026-05-20 13:30:00,Completed,2026-05-03 15:49:00,2026-05-20 13:30:00
822,822,2,2025-10-16 09:47:00,2025-10-17 09:47:00,2025-10-21 15:31:00,Completed,2025-10-16 09:47:00,2025-10-21 15:31:00
823,823,2,2025-07-13 18:54:00,2025-07-15 19:54:00,2025-07-23 16:06:00,Completed,2025-07-13 18:54:00,2025-07-23 16:06:00
824,824,1,2026-01-12 08:50:00,2026-01-14 16:50:00,2026-01-16 18:05:00,Completed,2026-01-12 08:50:00,2026-01-16 18:05:00
825,825,1,2025-06-25 09:14:00,2025-06-28 09:14:00,,Delivered,2025-06-25 09:14:00,2025-06-28 09:14:00
826,826,5,2025-12-16 12:50:00,2025-12-18 16:50:00,2025-12-23 18:46:00,Completed,2025-12-16 12:50:00,2025-12-23 18:46:00
827,827,3,2025-09-19 18:51:00,2025-09-22 23:51:00,2025-09-28 14:42:00,Completed,2025-09-19 18:51:00,2025-09-28 14:42:00
828,828,5,2025-07-03 13:54:00,2025-07-06 19:54:00,2025-07-22 13:07:00,Completed,2025-07-03 13:54:00,2025-07-22 13:07:00
829,829,3,2025-07-24 18:07:00,2025-07-25 21:07:00,2025-07-30 11:45:00,Completed,2025-07-24 18:07:00,2025-07-30 11:45:00
830,830,3,2025-09-28 12:43:00,2025-10-01 16:43:00,2025-10-04 16:41:00,Completed,2025-09-28 12:43:00,2025-10-04 16:41:00
831,831,5,2026-01-22 08:10:00,2026-01-24 16:10:00,2026-01-24 12:24:00,Completed,2026-01-22 08:10:00,2026-01-24 16:10:00
832,832,5,2026-02-11 13:18:00,2026-02-12 21:18:00,2026-02-21 16:06:00,Completed,2026-02-11 13:18:00,2026-02-21 16:06:00
833,833,1,2025-08-22 15:08:00,2025-08-25 17:08:00,2025-09-07 15:53:00,Completed,2025-08-22 15:08:00,2025-09-07 15:53:00
834,834,1,2025-07-13 15:14:00,2025-07-15 15:14:00,2025-08-03 18:19:00,Completed,2025-07-13 15:14:00,2025-08-03 18:19:00
835,835,1,2025-10-10 18:30:00,2025-10-13 02:30:00,2025-10-18 18:40:00,Completed,2025-10-10 18:30:00,2025-10-18 18:40:00
836,836,2,2025-09-22 16:42:00,2025-09-24 16:42:00,2025-10-03 15:42:00,Completed,2025-09-22 16:42:00,2025-10-03 15:42:00
837,837,2,2025-07-06 17:40:00,2025-07-09 01:40:00,2025-07-11 13:54:00,Completed,2025-07-06 17:40:00,2025-07-11 13:54:00
838,838,4,2026-05-01 14:31:00,2026-05-04 21:31:00,2026-05-07 09:06:00,Completed,2026-05-01 14:31:00,2026-05-07 09:06:00
839,839,1,2025-06-30 13:30:00,2025-07-01 17:30:00,2025-07-07 13:44:00,Completed,2025-06-30 13:30:00,2025-07-07 13:44:00
840,840,4,2025-09-08 10:03:00,2025-09-10 17:03:00,2025-09-14 08:20:00,Completed,2025-09-08 10:03:00,2025-09-14 08:20:00
841,841,5,2026-01-31 11:10:00,2026-02-02 16:10:00,2026-02-04 08:51:00,Completed,2026-01-31 11:10:00,2026-02-04 08:51:00
842,842,1,2025-12-24 08:14:00,2025-12-25 12:14:00,2025-12-30 15:42:00,Completed,2025-12-24 08:14:00,2025-12-30 15:42:00
843,843,3,2025-10-24 17:39:00,2025-10-25 19:39:00,2025-11-03 17:54:00,Completed,2025-10-24 17:39:00,2025-11-03 17:54:00
844,844,1,2026-01-23 14:17:00,2026-01-25 20:17:00,2026-02-09 13:14:00,Completed,2026-01-23 14:17:00,2026-02-09 13:14:00
845,845,2,2025-10-10 15:28:00,2025-10-11 15:28:00,2025-10-17 16:30:00,Completed,2025-10-10 15:28:00,2025-10-17 16:30:00
846,846,5,2026-05-06 12:16:00,2026-05-08 19:16:00,2026-05-23 08:01:00,Completed,2026-05-06 12:16:00,2026-05-23 08:01:00
847,847,1,2025-08-22 11:02:00,2025-08-25 15:02:00,2025-08-23 12:33:00,Completed,2025-08-22 11:02:00,2025-08-25 15:02:00
848,848,5,2025-10-22 09:57:00,2025-10-25 13:57:00,2025-10-24 09:02:00,Completed,2025-10-22 09:57:00,2025-10-25 13:57:00
849,849,4,2025-09-12 12:10:00,2025-09-15 18:10:00,2025-09-15 14:59:00,Completed,2025-09-12 12:10:00,2025-09-15 18:10:00
850,850,1,2025-06-19 15:24:00,2025-06-20 22:24:00,2025-06-22 08:22:00,Completed,2025-06-19 15:24:00,2025-06-22 08:22:00
851,851,1,2026-01-15 12:39:00,2026-01-18 17:39:00,,Delivered,2026-01-15 12:39:00,2026-01-18 17:39:00
852,852,1,2026-04-16 10:17:00,2026-04-19 13:17:00,2026-04-20 12:10:00,Completed,2026-04-16 10:17:00,2026-04-20 12:10:00
853,853,5,2026-02-23 14:44:00,2026-02-24 17:44:00,2026-03-07 09:24:00,Completed,2026-02-23 14:44:00,2026-03-07 09:24:00
854,854,2,2025-08-26 11:32:00,2025-08-29 12:32:00,2025-08-30 12:29:00,Completed,2025-08-26 11:32:00,2025-08-30 12:29:00
855,855,5,2025-09-08 15:13:00,2025-09-09 20:13:00,2025-09-25 12:37:00,Completed,2025-09-08 15:13:00,2025-09-25 12:37:00
856,856,1,2025-11-27 17:53:00,2025-11-29 22:53:00,2025-12-15 12:43:00,Completed,2025-11-27 17:53:00,2025-12-15 12:43:00
857,857,1,2026-04-23 12:24:00,2026-04-26 16:24:00,2026-05-12 15:23:00,Completed,2026-04-23 12:24:00,2026-05-12 15:23:00
858,858,5,2025-07-07 12:08:00,2025-07-08 14:08:00,2025-07-18 17:19:00,Completed,2025-07-07 12:08:00,2025-07-18 17:19:00
859,859,2,2025-10-05 14:44:00,2025-10-07 22:44:00,2025-10-14 11:18:00,Completed,2025-10-05 14:44:00,2025-10-14 11:18:00
860,860,1,2025-08-04 10:38:00,2025-08-06 18:38:00,2025-08-12 15:26:00,Completed,2025-08-04 10:38:00,2025-08-12 15:26:00
861,861,1,2025-09-08 15:54:00,2025-09-11 21:54:00,2025-09-11 08:59:00,Completed,2025-09-08 15:54:00,2025-09-11 21:54:00
862,862,2,2026-03-12 12:39:00,2026-03-13 20:39:00,2026-03-15 11:54:00,Completed,2026-03-12 12:39:00,2026-03-15 11:54:00
863,863,3,2025-10-11 12:28:00,2025-10-13 14:28:00,,Delivered,2025-10-11 12:28:00,2025-10-13 14:28:00
864,864,3,2025-12-15 13:36:00,2025-12-18 20:36:00,2025-12-19 13:57:00,Completed,2025-12-15 13:36:00,2025-12-19 13:57:00
865,865,5,2025-07-24 16:17:00,2025-07-25 17:17:00,,Delivered,2025-07-24 16:17:00,2025-07-25 17:17:00
866,866,2,2026-02-06 11:29:00,2026-02-07 12:29:00,2026-02-07 10:18:00,Completed,2026-02-06 11:29:00,2026-02-07 12:29:00
867,867,5,2025-06-18 16:03:00,2025-06-21 21:03:00,2025-06-19 16:08:00,Completed,2025-06-18 16:03:00,2025-06-21 21:03:00
868,868,2,2026-05-21 10:28:00,2026-05-23 15:28:00,2026-05-21 16:50:00,Completed,2026-05-21 10:28:00,2026-05-23 15:28:00
869,869,3,2026-05-19 14:10:00,2026-05-21 14:10:00,2026-06-01 09:36:00,Completed,2026-05-19 14:10:00,2026-06-01 09:36:00
870,870,2,2026-02-25 08:49:00,2026-02-28 15:49:00,2026-02-28 11:40:00,Completed,2026-02-25 08:49:00,2026-02-28 15:49:00
871,871,2,2025-10-08 14:58:00,2025-10-09 14:58:00,2025-10-10 10:53:00,Completed,2025-10-08 14:58:00,2025-10-10 10:53:00
872,872,1,2025-08-05 08:58:00,2025-08-06 09:58:00,2025-08-17 16:43:00,Completed,2025-08-05 08:58:00,2025-08-17 16:43:00
873,873,4,2026-05-19 11:26:00,2026-05-22 13:26:00,2026-06-02 14:59:00,Completed,2026-05-19 11:26:00,2026-06-02 14:59:00
874,874,3,2025-06-28 12:09:00,2025-06-29 16:09:00,2025-07-12 11:54:00,Completed,2025-06-28 12:09:00,2025-07-12 11:54:00
875,875,3,2026-02-02 17:17:00,2026-02-05 01:17:00,2026-02-08 15:21:00,Completed,2026-02-02 17:17:00,2026-02-08 15:21:00
876,876,5,2026-02-03 16:48:00,2026-02-05 17:48:00,2026-02-05 14:38:00,Completed,2026-02-03 16:48:00,2026-02-05 17:48:00
877,877,3,2026-03-11 15:48:00,2026-03-13 22:48:00,,Delivered,2026-03-11 15:48:00,2026-03-13 22:48:00
878,878,3,2026-03-31 09:54:00,2026-04-02 09:54:00,2026-04-02 08:58:00,Completed,2026-03-31 09:54:00,2026-04-02 09:54:00
879,879,5,2026-05-09 12:11:00,2026-05-12 16:11:00,2026-05-23 10:44:00,Completed,2026-05-09 12:11:00,2026-05-23 10:44:00
880,880,2,2025-08-25 08:32:00,2025-08-28 08:32:00,2025-08-26 18:42:00,Completed,2025-08-25 08:32:00,2025-08-28 08:32:00
881,881,1,2026-02-05 17:46:00,2026-02-07 17:46:00,2026-02-24 16:19:00,Completed,2026-02-05 17:46:00,2026-02-24 16:19:00
882,882,1,2026-04-05 08:42:00,2026-04-08 15:42:00,2026-04-07 08:55:00,Completed,2026-04-05 08:42:00,2026-04-08 15:42:00
883,883,3,2025-09-24 17:08:00,2025-09-26 01:08:00,2025-09-26 11:28:00,Completed,2025-09-24 17:08:00,2025-09-26 11:28:00
884,884,2,2025-12-11 18:40:00,2025-12-13 02:40:00,2025-12-12 12:25:00,Completed,2025-12-11 18:40:00,2025-12-13 02:40:00
885,885,5,2026-02-21 08:46:00,2026-02-22 12:46:00,2026-02-22 15:29:00,Completed,2026-02-21 08:46:00,2026-02-22 15:29:00
886,886,1,2025-09-14 14:47:00,2025-09-15 14:47:00,2025-09-21 08:47:00,Completed,2025-09-14 14:47:00,2025-09-21 08:47:00
887,887,4,2026-02-25 08:31:00,2026-02-27 15:31:00,2026-03-06 17:42:00,Completed,2026-02-25 08:31:00,2026-03-06 17:42:00
888,888,3,2025-12-31 09:32:00,2026-01-03 09:32:00,2026-01-06 17:24:00,Completed,2025-12-31 09:32:00,2026-01-06 17:24:00
889,889,1,2025-11-14 18:41:00,2025-11-17 19:41:00,,Delivered,2025-11-14 18:41:00,2025-11-17 19:41:00
890,890,4,2025-08-24 16:26:00,2025-08-26 23:26:00,,Delivered,2025-08-24 16:26:00,2025-08-26 23:26:00
891,891,4,2026-03-30 13:10:00,2026-03-31 18:10:00,2026-04-14 13:51:00,Completed,2026-03-30 13:10:00,2026-04-14 13:51:00
892,892,2,2025-08-16 17:35:00,2025-08-17 19:35:00,2025-08-16 08:38:00,Completed,2025-08-16 17:35:00,2025-08-17 19:35:00
893,893,1,2025-09-28 15:59:00,2025-10-01 17:59:00,2025-10-02 08:53:00,Completed,2025-09-28 15:59:00,2025-10-02 08:53:00
894,894,4,2025-10-13 10:22:00,2025-10-15 14:22:00,2025-10-17 09:03:00,Completed,2025-10-13 10:22:00,2025-10-17 09:03:00
895,895,1,2026-01-03 18:30:00,2026-01-05 00:30:00,2026-01-21 13:07:00,Completed,2026-01-03 18:30:00,2026-01-21 13:07:00
896,896,5,2025-10-17 10:13:00,2025-10-20 13:13:00,2025-10-29 12:44:00,Completed,2025-10-17 10:13:00,2025-10-29 12:44:00
897,897,4,2025-11-17 08:59:00,2025-11-20 12:59:00,2025-11-17 12:44:00,Completed,2025-11-17 08:59:00,2025-11-20 12:59:00
898,898,1,2025-09-17 11:39:00,2025-09-18 15:39:00,,Delivered,2025-09-17 11:39:00,2025-09-18 15:39:00
899,899,1,2026-02-24 14:04:00,2026-02-27 21:04:00,2026-02-25 11:58:00,Completed,2026-02-24 14:04:00,2026-02-27 21:04:00
900,900,4,2025-12-28 09:47:00,2025-12-31 17:47:00,2025-12-28 14:37:00,Completed,2025-12-28 09:47:00,2025-12-31 17:47:00
901,901,5,2026-05-08 14:03:00,2026-05-11 22:03:00,2026-05-12 12:04:00,Completed,2026-05-08 14:03:00,2026-05-12 12:04:00
902,902,4,2025-06-30 13:58:00,2025-07-01 15:58:00,2025-07-05 16:19:00,Completed,2025-06-30 13:58:00,2025-07-05 16:19:00
903,903,1,2026-03-02 11:54:00,2026-03-03 15:54:00,2026-03-03 14:36:00,Completed,2026-03-02 11:54:00,2026-03-03 15:54:00
904,904,3,2025-06-25 10:38:00,2025-06-26 14:38:00,2025-07-06 16:01:00,Completed,2025-06-25 10:38:00,2025-07-06 16:01:00
905,905,2,2026-03-14 11:34:00,2026-03-16 14:34:00,2026-03-24 14:05:00,Completed,2026-03-14 11:34:00,2026-03-24 14:05:00
906,906,4,2025-08-04 10:40:00,2025-08-06 10:40:00,2025-08-14 16:46:00,Completed,2025-08-04 10:40:00,2025-08-14 16:46:00
907,907,5,2025-12-26 14:40:00,2025-12-29 22:40:00,2026-01-10 16:12:00,Completed,2025-12-26 14:40:00,2026-01-10 16:12:00
908,908,2,2026-01-10 15:30:00,2026-01-11 16:30:00,2026-01-14 15:53:00,Completed,2026-01-10 15:30:00,2026-01-14 15:53:00
909,909,3,2025-12-17 14:26:00,2025-12-20 20:26:00,2025-12-29 12:47:00,Completed,2025-12-17 14:26:00,2025-12-29 12:47:00
910,910,3,2026-05-04 18:51:00,2026-05-07 18:51:00,2026-05-04 15:49:00,Completed,2026-05-04 18:51:00,2026-05-07 18:51:00
911,911,3,2025-07-25 09:39:00,2025-07-27 17:39:00,2025-07-27 10:23:00,Completed,2025-07-25 09:39:00,2025-07-27 17:39:00
912,912,1,2025-12-01 12:46:00,2025-12-03 15:46:00,2025-12-09 17:44:00,Completed,2025-12-01 12:46:00,2025-12-09 17:44:00
913,913,2,2025-10-30 16:56:00,2025-11-03 00:56:00,2025-11-05 18:50:00,Completed,2025-10-30 16:56:00,2025-11-05 18:50:00
914,914,1,2025-11-05 14:23:00,2025-11-07 15:23:00,2025-11-12 13:02:00,Completed,2025-11-05 14:23:00,2025-11-12 13:02:00
915,915,4,2026-05-24 18:52:00,2026-05-25 22:52:00,2026-06-01 17:07:00,Completed,2026-05-24 18:52:00,2026-06-01 17:07:00
916,916,3,2025-11-02 10:10:00,2025-11-03 16:10:00,2025-11-02 16:15:00,Completed,2025-11-02 10:10:00,2025-11-03 16:10:00
917,917,3,2026-03-21 08:34:00,2026-03-24 12:34:00,2026-03-27 08:07:00,Completed,2026-03-21 08:34:00,2026-03-27 08:07:00
918,918,3,2026-05-08 17:36:00,2026-05-09 18:36:00,2026-05-09 17:10:00,Completed,2026-05-08 17:36:00,2026-05-09 18:36:00
919,919,2,2026-03-12 15:41:00,2026-03-14 22:41:00,2026-03-16 09:24:00,Completed,2026-03-12 15:41:00,2026-03-16 09:24:00
920,920,1,2025-11-26 16:35:00,2025-11-27 23:35:00,2025-12-08 11:22:00,Completed,2025-11-26 16:35:00,2025-12-08 11:22:00
921,921,2,2026-01-09 16:10:00,2026-01-11 22:10:00,2026-01-09 17:00:00,Completed,2026-01-09 16:10:00,2026-01-11 22:10:00
922,922,3,2026-04-26 14:49:00,2026-04-29 15:49:00,2026-05-08 12:13:00,Completed,2026-04-26 14:49:00,2026-05-08 12:13:00
923,923,2,2026-05-18 14:16:00,2026-05-20 22:16:00,2026-05-19 10:26:00,Completed,2026-05-18 14:16:00,2026-05-20 22:16:00
924,924,4,2026-01-29 12:08:00,2026-02-01 12:08:00,2026-02-04 18:29:00,Completed,2026-01-29 12:08:00,2026-02-04 18:29:00
925,925,2,2026-01-28 12:26:00,2026-01-31 19:26:00,2026-02-04 10:06:00,Completed,2026-01-28 12:26:00,2026-02-04 10:06:00
926,926,3,2025-08-02 12:59:00,2025-08-03 13:59:00,2025-08-04 12:26:00,Completed,2025-08-02 12:59:00,2025-08-04 12:26:00
927,927,4,2025-08-01 16:10:00,2025-08-02 19:10:00,2025-08-09 16:16:00,Completed,2025-08-01 16:10:00,2025-08-09 16:16:00
928,928,3,2026-01-06 11:56:00,2026-01-08 15:56:00,2026-01-13 13:37:00,Completed,2026-01-06 11:56:00,2026-01-13 13:37:00
929,929,4,2026-05-01 12:51:00,2026-05-04 19:51:00,2026-05-14 14:16:00,Completed,2026-05-01 12:51:00,2026-05-14 14:16:00
930,930,4,2025-12-30 15:53:00,2026-01-01 22:53:00,2026-01-11 10:56:00,Completed,2025-12-30 15:53:00,2026-01-11 10:56:00
931,931,2,2025-06-19 17:20:00,2025-06-22 19:20:00,2025-06-28 14:12:00,Completed,2025-06-19 17:20:00,2025-06-28 14:12:00
932,932,1,2025-09-13 17:44:00,2025-09-14 21:44:00,2025-09-14 11:30:00,Completed,2025-09-13 17:44:00,2025-09-14 21:44:00
933,933,3,2026-04-23 13:19:00,2026-04-24 17:19:00,2026-05-04 18:12:00,Completed,2026-04-23 13:19:00,2026-05-04 18:12:00
934,934,4,2025-12-20 17:40:00,2025-12-23 22:40:00,2025-12-22 17:32:00,Completed,2025-12-20 17:40:00,2025-12-23 22:40:00
935,935,3,2025-12-12 15:52:00,2025-12-13 16:52:00,2025-12-31 15:25:00,Completed,2025-12-12 15:52:00,2025-12-31 15:25:00
936,936,1,2025-12-24 13:13:00,2025-12-26 13:13:00,2025-12-24 17:48:00,Completed,2025-12-24 13:13:00,2025-12-26 13:13:00
937,937,3,2025-12-19 12:26:00,2025-12-20 19:26:00,2025-12-23 08:18:00,Completed,2025-12-19 12:26:00,2025-12-23 08:18:00
938,938,2,2026-01-30 17:12:00,2026-02-01 21:12:00,2026-02-09 17:27:00,Completed,2026-01-30 17:12:00,2026-02-09 17:27:00
939,939,2,2025-11-09 16:14:00,2025-11-11 00:14:00,2025-11-09 15:09:00,Completed,2025-11-09 16:14:00,2025-11-11 00:14:00
940,940,3,2025-08-28 18:49:00,2025-09-01 00:49:00,2025-09-04 17:44:00,Completed,2025-08-28 18:49:00,2025-09-04 17:44:00
941,941,4,2026-04-10 08:22:00,2026-04-13 13:22:00,2026-04-13 12:03:00,Completed,2026-04-10 08:22:00,2026-04-13 13:22:00
942,942,3,2025-07-11 15:07:00,2025-07-12 18:07:00,,Delivered,2025-07-11 15:07:00,2025-07-12 18:07:00
943,943,3,2025-11-22 14:54:00,2025-11-24 16:54:00,2025-12-03 10:03:00,Completed,2025-11-22 14:54:00,2025-12-03 10:03:00
944,944,3,2025-12-12 11:38:00,2025-12-14 18:38:00,2025-12-15 14:50:00,Completed,2025-12-12 11:38:00,2025-12-15 14:50:00
945,945,5,2026-03-01 18:01:00,2026-03-03 23:01:00,2026-03-12 09:58:00,Completed,2026-03-01 18:01:00,2026-03-12 09:58:00
946,946,2,2026-04-02 12:45:00,2026-04-05 17:45:00,,Delivered,2026-04-02 12:45:00,2026-04-05 17:45:00
947,947,1,2026-02-02 13:21:00,2026-02-05 13:21:00,2026-02-03 12:03:00,Completed,2026-02-02 13:21:00,2026-02-05 13:21:00
948,948,1,2026-02-02 08:23:00,2026-02-05 14:23:00,,Delivered,2026-02-02 08:23:00,2026-02-05 14:23:00
949,949,1,2025-06-21 08:37:00,2025-06-23 14:37:00,2025-07-04 18:35:00,Completed,2025-06-21 08:37:00,2025-07-04 18:35:00
950,950,1,2025-12-02 14:54:00,2025-12-03 15:54:00,2025-12-10 13:17:00,Completed,2025-12-02 14:54:00,2025-12-10 13:17:00
951,951,3,2025-11-14 16:58:00,2025-11-16 18:58:00,2025-11-16 15:29:00,Completed,2025-11-14 16:58:00,2025-11-16 18:58:00
952,952,3,2026-03-07 08:18:00,2026-03-10 12:18:00,2026-03-14 10:27:00,Completed,2026-03-07 08:18:00,2026-03-14 10:27:00
953,953,2,2025-09-11 17:37:00,2025-09-12 19:37:00,2025-09-25 12:38:00,Completed,2025-09-11 17:37:00,2025-09-25 12:38:00
954,954,1,2025-12-03 18:44:00,2025-12-05 18:44:00,2025-12-20 11:50:00,Completed,2025-12-03 18:44:00,2025-12-20 11:50:00
955,955,3,2025-08-27 18:08:00,2025-08-30 23:08:00,2025-09-03 10:46:00,Completed,2025-08-27 18:08:00,2025-09-03 10:46:00
956,956,5,2025-06-12 14:28:00,2025-06-13 20:28:00,2025-06-29 09:56:00,Completed,2025-06-12 14:28:00,2025-06-29 09:56:00
957,957,5,2025-10-02 14:22:00,2025-10-04 21:22:00,2025-10-09 13:00:00,Completed,2025-10-02 14:22:00,2025-10-09 13:00:00
958,958,5,2025-12-04 16:42:00,2025-12-05 17:42:00,2025-12-14 10:58:00,Completed,2025-12-04 16:42:00,2025-12-14 10:58:00
959,959,5,2025-06-11 08:17:00,2025-06-14 15:17:00,2025-06-15 09:30:00,Completed,2025-06-11 08:17:00,2025-06-15 09:30:00
960,960,2,2025-12-30 18:51:00,2026-01-02 22:51:00,2026-01-02 09:57:00,Completed,2025-12-30 18:51:00,2026-01-02 22:51:00
961,961,4,2025-12-11 11:09:00,2025-12-13 13:09:00,2025-12-12 08:47:00,Completed,2025-12-11 11:09:00,2025-12-13 13:09:00
962,962,4,2025-11-03 08:02:00,2025-11-05 15:02:00,2025-11-10 13:50:00,Completed,2025-11-03 08:02:00,2025-11-10 13:50:00
963,963,1,2026-03-22 16:56:00,2026-03-23 23:56:00,,Delivered,2026-03-22 16:56:00,2026-03-23 23:56:00
964,964,3,2025-09-28 14:16:00,2025-09-30 17:16:00,2025-10-04 08:41:00,Completed,2025-09-28 14:16:00,2025-10-04 08:41:00
965,965,1,2025-09-29 18:54:00,2025-10-01 23:54:00,2025-10-05 11:47:00,Completed,2025-09-29 18:54:00,2025-10-05 11:47:00
966,966,5,2026-05-05 14:00:00,2026-05-08 22:00:00,2026-05-08 10:39:00,Completed,2026-05-05 14:00:00,2026-05-08 22:00:00
967,967,3,2026-01-04 13:21:00,2026-01-06 19:21:00,2026-01-05 08:07:00,Completed,2026-01-04 13:21:00,2026-01-06 19:21:00
968,968,2,2025-12-16 09:20:00,2025-12-17 15:20:00,2025-12-18 16:08:00,Completed,2025-12-16 09:20:00,2025-12-18 16:08:00
969,969,3,2026-03-14 18:31:00,2026-03-17 02:31:00,2026-04-02 14:02:00,Completed,2026-03-14 18:31:00,2026-04-02 14:02:00
970,970,5,2025-12-04 10:23:00,2025-12-06 13:23:00,,Delivered,2025-12-04 10:23:00,2025-12-06 13:23:00
971,971,5,2026-03-02 14:24:00,2026-03-05 15:24:00,2026-03-21 16:50:00,Completed,2026-03-02 14:24:00,2026-03-21 16:50:00
972,972,5,2025-12-19 12:51:00,2025-12-20 16:51:00,2025-12-26 14:32:00,Completed,2025-12-19 12:51:00,2025-12-26 14:32:00
973,973,4,2026-04-18 17:23:00,2026-04-21 23:23:00,2026-04-18 11:36:00,Completed,2026-04-18 17:23:00,2026-04-21 23:23:00
974,974,3,2026-03-23 18:18:00,2026-03-25 01:18:00,2026-04-07 18:55:00,Completed,2026-03-23 18:18:00,2026-04-07 18:55:00
975,975,3,2025-10-30 12:19:00,2025-11-01 19:19:00,2025-11-04 16:42:00,Completed,2025-10-30 12:19:00,2025-11-04 16:42:00
976,976,3,2026-05-18 09:18:00,2026-05-21 11:18:00,2026-05-29 15:53:00,Completed,2026-05-18 09:18:00,2026-05-29 15:53:00
977,977,4,2025-08-18 13:36:00,2025-08-20 18:36:00,2025-08-22 18:59:00,Completed,2025-08-18 13:36:00,2025-08-22 18:59:00
978,978,2,2026-04-21 14:00:00,2026-04-24 15:00:00,2026-04-28 10:59:00,Completed,2026-04-21 14:00:00,2026-04-28 10:59:00
979,979,2,2025-10-17 14:48:00,2025-10-20 16:48:00,2025-10-19 15:03:00,Completed,2025-10-17 14:48:00,2025-10-20 16:48:00
980,980,4,2026-01-11 13:05:00,2026-01-14 16:05:00,2026-01-20 11:26:00,Completed,2026-01-11 13:05:00,2026-01-20 11:26:00
981,981,4,2025-09-05 16:21:00,2025-09-07 22:21:00,2025-09-05 12:39:00,Completed,2025-09-05 16:21:00,2025-09-07 22:21:00
982,982,2,2026-03-02 13:58:00,2026-03-04 20:58:00,2026-03-06 10:19:00,Completed,2026-03-02 13:58:00,2026-03-06 10:19:00
983,983,3,2025-08-05 08:30:00,2025-08-06 14:30:00,,Delivered,2025-08-05 08:30:00,2025-08-06 14:30:00
984,984,5,2026-02-12 18:33:00,2026-02-15 21:33:00,2026-02-19 14:05:00,Completed,2026-02-12 18:33:00,2026-02-19 14:05:00
985,985,3,2026-02-23 17:53:00,2026-02-24 19:53:00,2026-03-08 13:31:00,Completed,2026-02-23 17:53:00,2026-03-08 13:31:00
986,986,1,2025-09-13 15:37:00,2025-09-14 23:37:00,2025-09-18 12:31:00,Completed,2025-09-13 15:37:00,2025-09-18 12:31:00
987,987,2,2026-05-06 15:48:00,2026-05-09 16:48:00,2026-05-07 13:22:00,Completed,2026-05-06 15:48:00,2026-05-09 16:48:00
988,988,1,2025-06-08 13:00:00,2025-06-09 17:00:00,2025-06-16 13:40:00,Completed,2025-06-08 13:00:00,2025-06-16 13:40:00
989,989,4,2025-06-11 18:45:00,2025-06-14 22:45:00,2025-06-13 17:14:00,Completed,2025-06-11 18:45:00,2025-06-14 22:45:00
990,990,4,2026-04-24 08:23:00,2026-04-27 09:23:00,2026-05-04 18:39:00,Completed,2026-04-24 08:23:00,2026-05-04 18:39:00
991,991,4,2025-09-23 15:17:00,2025-09-24 16:17:00,2025-10-05 09:00:00,Completed,2025-09-23 15:17:00,2025-10-05 09:00:00
992,992,5,2025-09-04 13:10:00,2025-09-06 16:10:00,2025-09-14 10:13:00,Completed,2025-09-04 13:10:00,2025-09-14 10:13:00
993,993,1,2025-10-21 12:06:00,2025-10-23 12:06:00,2025-10-26 17:59:00,Completed,2025-10-21 12:06:00,2025-10-26 17:59:00
994,994,1,2025-07-18 17:41:00,2025-07-21 17:41:00,2025-07-19 11:13:00,Completed,2025-07-18 17:41:00,2025-07-21 17:41:00
995,995,2,2026-03-27 12:22:00,2026-03-29 18:22:00,2026-04-03 16:13:00,Completed,2026-03-27 12:22:00,2026-04-03 16:13:00
996,996,1,2026-05-02 10:16:00,2026-05-05 11:16:00,2026-05-07 18:42:00,Completed,2026-05-02 10:16:00,2026-05-07 18:42:00
997,997,2,2026-05-20 14:52:00,2026-05-21 17:52:00,2026-05-23 09:09:00,Completed,2026-05-20 14:52:00,2026-05-23 09:09:00
998,998,4,2025-09-18 08:53:00,2025-09-20 10:53:00,2025-09-25 18:13:00,Completed,2025-09-18 08:53:00,2025-09-25 18:13:00
999,999,5,2026-05-18 17:14:00,2026-05-21 01:14:00,2026-05-18 11:40:00,Completed,2026-05-18 17:14:00,2026-05-21 01:14:00
1000,1000,4,2026-02-15 13:12:00,2026-02-17 18:12:00,2026-03-04 12:50:00,Completed,2026-02-15 13:12:00,2026-03-04 12:50:00
1001,1001,4,2025-07-23 09:30:00,2025-07-24 15:30:00,,Delivered,2025-07-23 09:30:00,2025-07-24 15:30:00
1002,1002,1,2025-10-28 15:02:00,2025-10-30 21:02:00,2025-10-29 18:40:00,Completed,2025-10-28 15:02:00,2025-10-30 21:02:00
1003,1003,4,2025-08-11 18:23:00,2025-08-14 21:23:00,2025-08-20 13:14:00,Completed,2025-08-11 18:23:00,2025-08-20 13:14:00
1004,1004,2,2025-11-15 16:30:00,2025-11-17 17:30:00,2025-11-19 14:20:00,Completed,2025-11-15 16:30:00,2025-11-19 14:20:00
1005,1005,1,2025-06-26 17:14:00,2025-06-27 22:14:00,2025-07-05 18:37:00,Completed,2025-06-26 17:14:00,2025-07-05 18:37:00
1006,1006,5,2026-01-03 16:29:00,2026-01-05 21:29:00,2026-01-10 18:12:00,Completed,2026-01-03 16:29:00,2026-01-10 18:12:00
1007,1007,3,2025-09-17 13:37:00,2025-09-18 15:37:00,2025-09-19 18:00:00,Completed,2025-09-17 13:37:00,2025-09-19 18:00:00
1008,1008,4,2026-04-11 11:53:00,2026-04-12 17:53:00,2026-04-15 08:18:00,Completed,2026-04-11 11:53:00,2026-04-15 08:18:00
1009,1009,3,2026-02-14 13:46:00,2026-02-17 13:46:00,2026-02-18 17:20:00,Completed,2026-02-14 13:46:00,2026-02-18 17:20:00
1010,1010,4,2026-03-19 18:25:00,2026-03-21 19:25:00,2026-03-19 11:25:00,Completed,2026-03-19 18:25:00,2026-03-21 19:25:00
1011,1011,3,2026-02-18 12:31:00,2026-02-21 15:31:00,2026-03-02 16:04:00,Completed,2026-02-18 12:31:00,2026-03-02 16:04:00
1012,1012,3,2026-04-17 12:28:00,2026-04-20 20:28:00,2026-04-18 11:58:00,Completed,2026-04-17 12:28:00,2026-04-20 20:28:00
1013,1013,4,2025-08-04 10:09:00,2025-08-07 13:09:00,2025-08-09 11:42:00,Completed,2025-08-04 10:09:00,2025-08-09 11:42:00
1014,1014,3,2025-08-23 15:50:00,2025-08-26 17:50:00,2025-08-30 11:30:00,Completed,2025-08-23 15:50:00,2025-08-30 11:30:00
1015,1015,1,2026-01-28 10:07:00,2026-01-31 12:07:00,2026-02-04 16:23:00,Completed,2026-01-28 10:07:00,2026-02-04 16:23:00
1016,1016,4,2026-04-16 16:10:00,2026-04-17 21:10:00,2026-04-23 14:32:00,Completed,2026-04-16 16:10:00,2026-04-23 14:32:00
1017,1017,5,2025-10-03 10:56:00,2025-10-06 17:56:00,2025-10-11 17:09:00,Completed,2025-10-03 10:56:00,2025-10-11 17:09:00
1018,1018,3,2025-12-29 17:04:00,2025-12-30 20:04:00,2026-01-03 09:34:00,Completed,2025-12-29 17:04:00,2026-01-03 09:34:00
1019,1019,3,2025-09-12 14:34:00,2025-09-15 18:34:00,2025-09-26 13:03:00,Completed,2025-09-12 14:34:00,2025-09-26 13:03:00
1020,1020,3,2025-09-28 15:21:00,2025-10-01 17:21:00,2025-10-05 16:36:00,Completed,2025-09-28 15:21:00,2025-10-05 16:36:00
1021,1021,3,2025-08-11 10:38:00,2025-08-13 15:38:00,2025-08-17 16:42:00,Completed,2025-08-11 10:38:00,2025-08-17 16:42:00
1022,1022,4,2025-09-12 14:12:00,2025-09-13 21:12:00,2025-09-25 08:41:00,Completed,2025-09-12 14:12:00,2025-09-25 08:41:00
1023,1023,5,2025-08-13 12:50:00,2025-08-16 18:50:00,2025-08-19 12:46:00,Completed,2025-08-13 12:50:00,2025-08-19 12:46:00
1024,1024,4,2026-02-06 13:49:00,2026-02-08 18:49:00,2026-02-08 14:52:00,Completed,2026-02-06 13:49:00,2026-02-08 18:49:00
1025,1025,5,2026-04-18 17:28:00,2026-04-20 00:28:00,2026-04-29 17:39:00,Completed,2026-04-18 17:28:00,2026-04-29 17:39:00
1026,1026,5,2026-04-23 17:17:00,2026-04-26 18:17:00,2026-05-06 13:08:00,Completed,2026-04-23 17:17:00,2026-05-06 13:08:00
1027,1027,5,2026-01-29 17:05:00,2026-02-01 19:05:00,,Delivered,2026-01-29 17:05:00,2026-02-01 19:05:00
1028,1028,1,2025-10-20 14:54:00,2025-10-22 16:54:00,2025-10-30 09:03:00,Completed,2025-10-20 14:54:00,2025-10-30 09:03:00
1029,1029,1,2026-03-14 18:59:00,2026-03-15 23:59:00,2026-04-03 10:50:00,Completed,2026-03-14 18:59:00,2026-04-03 10:50:00
1030,1030,2,2026-03-03 14:28:00,2026-03-06 18:28:00,2026-03-13 11:55:00,Completed,2026-03-03 14:28:00,2026-03-13 11:55:00
1031,1031,1,2025-12-17 16:29:00,2025-12-20 20:29:00,2025-12-30 11:46:00,Completed,2025-12-17 16:29:00,2025-12-30 11:46:00
1032,1032,5,2025-07-27 09:00:00,2025-07-28 15:00:00,2025-07-28 10:46:00,Completed,2025-07-27 09:00:00,2025-07-28 15:00:00
1033,1033,1,2025-08-11 12:22:00,2025-08-12 16:22:00,2025-08-19 08:10:00,Completed,2025-08-11 12:22:00,2025-08-19 08:10:00
1034,1034,4,2025-07-12 12:24:00,2025-07-13 14:24:00,,Delivered,2025-07-12 12:24:00,2025-07-13 14:24:00
1035,1035,3,2025-10-07 13:22:00,2025-10-10 17:22:00,,Delivered,2025-10-07 13:22:00,2025-10-10 17:22:00
1036,1036,2,2025-09-01 08:47:00,2025-09-02 11:47:00,2025-09-02 14:44:00,Completed,2025-09-01 08:47:00,2025-09-02 14:44:00
1037,1037,3,2025-06-19 13:04:00,2025-06-20 13:04:00,2025-06-29 12:58:00,Completed,2025-06-19 13:04:00,2025-06-29 12:58:00
1038,1038,4,2025-12-09 15:06:00,2025-12-11 15:06:00,2025-12-11 14:39:00,Completed,2025-12-09 15:06:00,2025-12-11 15:06:00
1039,1039,4,2025-12-25 17:17:00,2025-12-28 21:17:00,2026-01-01 16:21:00,Completed,2025-12-25 17:17:00,2026-01-01 16:21:00
1040,1040,2,2025-10-23 09:22:00,2025-10-25 11:22:00,2025-10-23 10:36:00,Completed,2025-10-23 09:22:00,2025-10-25 11:22:00
1041,1041,1,2025-07-13 18:57:00,2025-07-16 19:57:00,2025-07-27 13:59:00,Completed,2025-07-13 18:57:00,2025-07-27 13:59:00
1042,1042,3,2026-02-24 11:09:00,2026-02-27 14:09:00,2026-03-03 13:32:00,Completed,2026-02-24 11:09:00,2026-03-03 13:32:00
1043,1043,5,2025-10-06 13:16:00,2025-10-09 20:16:00,2025-10-09 12:32:00,Completed,2025-10-06 13:16:00,2025-10-09 20:16:00
1044,1044,3,2025-08-30 13:21:00,2025-09-01 13:21:00,,Delivered,2025-08-30 13:21:00,2025-09-01 13:21:00
1045,1045,5,2025-11-01 08:03:00,2025-11-02 11:03:00,2025-11-06 14:55:00,Completed,2025-11-01 08:03:00,2025-11-06 14:55:00
1046,1046,4,2026-05-16 10:58:00,2026-05-18 12:58:00,2026-05-21 17:19:00,Completed,2026-05-16 10:58:00,2026-05-21 17:19:00
1047,1047,4,2025-07-23 16:03:00,2025-07-24 22:03:00,2025-08-06 09:26:00,Completed,2025-07-23 16:03:00,2025-08-06 09:26:00
1048,1048,3,2026-05-05 14:32:00,2026-05-06 18:32:00,2026-05-26 15:47:00,Completed,2026-05-05 14:32:00,2026-05-26 15:47:00
1049,1049,1,2026-04-08 14:42:00,2026-04-09 16:42:00,,Delivered,2026-04-08 14:42:00,2026-04-09 16:42:00
1050,1050,2,2025-07-29 14:29:00,2025-07-31 19:29:00,2025-08-17 17:08:00,Completed,2025-07-29 14:29:00,2025-08-17 17:08:00
1051,1051,3,2026-04-27 18:33:00,2026-04-28 23:33:00,2026-05-04 11:02:00,Completed,2026-04-27 18:33:00,2026-05-04 11:02:00
1052,1052,4,2025-11-16 15:16:00,2025-11-19 21:16:00,2025-11-18 16:29:00,Completed,2025-11-16 15:16:00,2025-11-19 21:16:00
1053,1053,2,2026-01-24 16:36:00,2026-01-27 21:36:00,2026-02-01 13:24:00,Completed,2026-01-24 16:36:00,2026-02-01 13:24:00
1054,1054,3,2025-09-08 18:12:00,2025-09-10 22:12:00,2025-09-15 12:07:00,Completed,2025-09-08 18:12:00,2025-09-15 12:07:00
1055,1055,3,2025-12-20 18:12:00,2025-12-23 22:12:00,2025-12-22 11:33:00,Completed,2025-12-20 18:12:00,2025-12-23 22:12:00
1056,1056,5,2026-05-02 11:56:00,2026-05-04 19:56:00,2026-05-03 12:55:00,Completed,2026-05-02 11:56:00,2026-05-04 19:56:00
1057,1057,2,2026-02-22 11:34:00,2026-02-24 14:34:00,2026-02-24 11:50:00,Completed,2026-02-22 11:34:00,2026-02-24 14:34:00
1058,1058,2,2025-10-21 13:17:00,2025-10-22 16:17:00,2025-11-03 14:06:00,Completed,2025-10-21 13:17:00,2025-11-03 14:06:00
1059,1059,5,2025-07-26 16:30:00,2025-07-29 00:30:00,2025-07-28 17:20:00,Completed,2025-07-26 16:30:00,2025-07-29 00:30:00
1060,1060,4,2025-08-22 09:56:00,2025-08-23 17:56:00,2025-09-11 11:55:00,Completed,2025-08-22 09:56:00,2025-09-11 11:55:00
1061,1061,4,2025-12-09 09:09:00,2025-12-11 15:09:00,2025-12-13 09:15:00,Completed,2025-12-09 09:09:00,2025-12-13 09:15:00
1062,1062,3,2025-08-01 16:43:00,2025-08-03 20:43:00,2025-08-01 13:46:00,Completed,2025-08-01 16:43:00,2025-08-03 20:43:00
1063,1063,2,2026-02-06 14:29:00,2026-02-09 22:29:00,2026-02-11 09:51:00,Completed,2026-02-06 14:29:00,2026-02-11 09:51:00
1064,1064,2,2025-07-06 16:41:00,2025-07-07 16:41:00,,Delivered,2025-07-06 16:41:00,2025-07-07 16:41:00
1065,1065,3,2025-07-21 16:50:00,2025-07-24 20:50:00,2025-07-29 15:18:00,Completed,2025-07-21 16:50:00,2025-07-29 15:18:00
1066,1066,2,2026-04-21 18:02:00,2026-04-24 20:02:00,2026-04-25 17:13:00,Completed,2026-04-21 18:02:00,2026-04-25 17:13:00
1067,1067,2,2026-02-15 10:31:00,2026-02-16 10:31:00,2026-02-19 10:56:00,Completed,2026-02-15 10:31:00,2026-02-19 10:56:00
1068,1068,2,2026-03-25 11:15:00,2026-03-27 19:15:00,2026-04-02 10:46:00,Completed,2026-03-25 11:15:00,2026-04-02 10:46:00
1069,1069,2,2025-06-20 11:37:00,2025-06-21 15:37:00,2025-07-06 09:02:00,Completed,2025-06-20 11:37:00,2025-07-06 09:02:00
1070,1070,5,2025-11-27 09:19:00,2025-11-29 16:19:00,2025-11-29 18:39:00,Completed,2025-11-27 09:19:00,2025-11-29 18:39:00
1071,1071,5,2025-08-26 16:03:00,2025-08-29 22:03:00,2025-08-26 16:18:00,Completed,2025-08-26 16:03:00,2025-08-29 22:03:00
1072,1072,1,2026-01-12 13:29:00,2026-01-14 14:29:00,2026-01-13 14:32:00,Completed,2026-01-12 13:29:00,2026-01-14 14:29:00
1073,1073,5,2025-07-19 17:48:00,2025-07-21 20:48:00,,Delivered,2025-07-19 17:48:00,2025-07-21 20:48:00
1074,1074,1,2025-11-13 17:06:00,2025-11-15 19:06:00,2025-11-17 12:40:00,Completed,2025-11-13 17:06:00,2025-11-17 12:40:00
1075,1075,5,2026-04-28 09:03:00,2026-05-01 16:03:00,2026-04-29 08:01:00,Completed,2026-04-28 09:03:00,2026-05-01 16:03:00
1076,1076,2,2025-07-08 12:41:00,2025-07-11 16:41:00,2025-07-14 13:35:00,Completed,2025-07-08 12:41:00,2025-07-14 13:35:00
1077,1077,2,2025-07-31 10:52:00,2025-08-03 10:52:00,2025-08-08 18:01:00,Completed,2025-07-31 10:52:00,2025-08-08 18:01:00
1078,1078,4,2026-05-17 16:06:00,2026-05-19 20:06:00,2026-05-29 10:00:00,Completed,2026-05-17 16:06:00,2026-05-29 10:00:00
1079,1079,2,2026-01-19 12:01:00,2026-01-21 15:01:00,2026-01-23 12:25:00,Completed,2026-01-19 12:01:00,2026-01-23 12:25:00
1080,1080,5,2025-07-28 13:19:00,2025-07-29 21:19:00,2025-08-04 17:38:00,Completed,2025-07-28 13:19:00,2025-08-04 17:38:00
1081,1081,5,2026-04-06 17:32:00,2026-04-08 23:32:00,2026-04-13 12:35:00,Completed,2026-04-06 17:32:00,2026-04-13 12:35:00
1082,1082,3,2026-05-14 17:56:00,2026-05-16 19:56:00,2026-05-26 09:11:00,Completed,2026-05-14 17:56:00,2026-05-26 09:11:00
1083,1083,3,2025-09-14 12:57:00,2025-09-15 13:57:00,2025-09-14 16:33:00,Completed,2025-09-14 12:57:00,2025-09-15 13:57:00
1084,1084,1,2026-03-06 16:12:00,2026-03-07 21:12:00,2026-03-10 16:03:00,Completed,2026-03-06 16:12:00,2026-03-10 16:03:00
1085,1085,5,2026-04-05 12:48:00,2026-04-07 12:48:00,2026-04-07 11:27:00,Completed,2026-04-05 12:48:00,2026-04-07 12:48:00
1086,1086,2,2025-11-11 14:28:00,2025-11-13 17:28:00,2025-11-17 08:38:00,Completed,2025-11-11 14:28:00,2025-11-17 08:38:00
1087,1087,3,2025-12-06 16:03:00,2025-12-09 18:03:00,2025-12-25 08:32:00,Completed,2025-12-06 16:03:00,2025-12-25 08:32:00
1088,1088,5,2025-11-09 10:04:00,2025-11-10 11:04:00,2025-11-19 08:11:00,Completed,2025-11-09 10:04:00,2025-11-19 08:11:00
1089,1089,5,2026-02-23 08:54:00,2026-02-26 08:54:00,2026-03-06 18:56:00,Completed,2026-02-23 08:54:00,2026-03-06 18:56:00
1090,1090,2,2025-07-20 15:48:00,2025-07-21 18:48:00,2025-07-27 12:50:00,Completed,2025-07-20 15:48:00,2025-07-27 12:50:00
1091,1091,1,2025-07-07 16:03:00,2025-07-10 21:03:00,2025-07-17 16:28:00,Completed,2025-07-07 16:03:00,2025-07-17 16:28:00
1092,1092,2,2025-10-20 12:21:00,2025-10-21 20:21:00,,Delivered,2025-10-20 12:21:00,2025-10-21 20:21:00
1093,1093,4,2025-08-18 16:49:00,2025-08-20 19:49:00,2025-08-28 14:30:00,Completed,2025-08-18 16:49:00,2025-08-28 14:30:00
1094,1094,2,2026-05-27 18:17:00,2026-05-29 22:17:00,2026-06-10 14:44:00,Completed,2026-05-27 18:17:00,2026-06-10 14:44:00
1095,1095,3,2026-01-26 10:14:00,2026-01-29 14:14:00,2026-02-07 10:43:00,Completed,2026-01-26 10:14:00,2026-02-07 10:43:00
1096,1096,1,2025-09-08 16:03:00,2025-09-10 00:03:00,2025-09-21 11:56:00,Completed,2025-09-08 16:03:00,2025-09-21 11:56:00
1097,1097,4,2025-06-20 11:22:00,2025-06-21 11:22:00,2025-06-29 10:37:00,Completed,2025-06-20 11:22:00,2025-06-29 10:37:00
1098,1098,1,2025-12-19 14:35:00,2025-12-20 15:35:00,2025-12-23 08:27:00,Completed,2025-12-19 14:35:00,2025-12-23 08:27:00
1099,1099,3,2025-10-28 15:55:00,2025-10-30 22:55:00,2025-10-28 15:46:00,Completed,2025-10-28 15:55:00,2025-10-30 22:55:00
1100,1100,2,2025-07-07 10:05:00,2025-07-10 18:05:00,2025-07-11 11:49:00,Completed,2025-07-07 10:05:00,2025-07-11 11:49:00
1101,1101,3,2026-02-02 17:57:00,2026-02-04 18:57:00,2026-02-07 16:25:00,Completed,2026-02-02 17:57:00,2026-02-07 16:25:00
1102,1102,3,2026-03-15 14:23:00,2026-03-16 20:23:00,2026-03-28 11:31:00,Completed,2026-03-15 14:23:00,2026-03-28 11:31:00
1103,1103,1,2025-06-20 16:16:00,2025-06-23 16:16:00,2025-06-21 09:18:00,Completed,2025-06-20 16:16:00,2025-06-23 16:16:00
1104,1104,2,2026-03-07 10:44:00,2026-03-09 14:44:00,2026-03-18 12:57:00,Completed,2026-03-07 10:44:00,2026-03-18 12:57:00
1105,1105,3,2025-08-09 15:27:00,2025-08-11 17:27:00,2025-08-12 14:16:00,Completed,2025-08-09 15:27:00,2025-08-12 14:16:00
1106,1106,4,2025-10-31 08:09:00,2025-11-03 16:09:00,2025-11-14 16:27:00,Completed,2025-10-31 08:09:00,2025-11-14 16:27:00
1107,1107,4,2025-07-20 10:40:00,2025-07-22 13:40:00,2025-08-01 14:03:00,Completed,2025-07-20 10:40:00,2025-08-01 14:03:00
1108,1108,2,2026-05-26 13:59:00,2026-05-28 18:59:00,2026-05-30 08:47:00,Completed,2026-05-26 13:59:00,2026-05-30 08:47:00
1109,1109,2,2025-08-07 10:20:00,2025-08-10 11:20:00,2025-08-14 08:39:00,Completed,2025-08-07 10:20:00,2025-08-14 08:39:00
1110,1110,3,2026-02-26 11:10:00,2026-03-01 13:10:00,2026-03-07 08:03:00,Completed,2026-02-26 11:10:00,2026-03-07 08:03:00
1111,1111,2,2026-04-26 12:18:00,2026-04-27 19:18:00,2026-04-27 17:29:00,Completed,2026-04-26 12:18:00,2026-04-27 19:18:00
1112,1112,3,2025-11-11 15:24:00,2025-11-14 21:24:00,2025-11-12 13:49:00,Completed,2025-11-11 15:24:00,2025-11-14 21:24:00
1113,1113,2,2025-09-21 18:23:00,2025-09-23 00:23:00,2025-09-23 14:08:00,Completed,2025-09-21 18:23:00,2025-09-23 14:08:00
1114,1114,4,2025-09-19 13:58:00,2025-09-20 19:58:00,2025-09-24 10:03:00,Completed,2025-09-19 13:58:00,2025-09-24 10:03:00
1115,1115,1,2025-12-06 14:28:00,2025-12-08 17:28:00,2025-12-07 16:48:00,Completed,2025-12-06 14:28:00,2025-12-08 17:28:00
1116,1116,3,2026-04-12 14:44:00,2026-04-15 16:44:00,2026-04-13 14:15:00,Completed,2026-04-12 14:44:00,2026-04-15 16:44:00
1117,1117,4,2025-12-22 11:48:00,2025-12-24 15:48:00,2026-01-15 15:23:00,Completed,2025-12-22 11:48:00,2026-01-15 15:23:00
1118,1118,2,2026-01-08 09:16:00,2026-01-09 16:16:00,2026-01-12 16:49:00,Completed,2026-01-08 09:16:00,2026-01-12 16:49:00
1119,1119,2,2026-05-10 11:12:00,2026-05-11 12:12:00,2026-05-10 08:25:00,Completed,2026-05-10 11:12:00,2026-05-11 12:12:00
1120,1120,3,2025-11-03 10:18:00,2025-11-05 10:18:00,2025-11-04 12:23:00,Completed,2025-11-03 10:18:00,2025-11-05 10:18:00
1121,1121,2,2025-07-20 12:22:00,2025-07-22 15:22:00,2025-07-27 14:35:00,Completed,2025-07-20 12:22:00,2025-07-27 14:35:00
1122,1122,5,2025-09-08 09:05:00,2025-09-10 14:05:00,2025-09-12 17:51:00,Completed,2025-09-08 09:05:00,2025-09-12 17:51:00
1123,1123,3,2025-07-03 18:29:00,2025-07-06 19:29:00,2025-07-09 15:52:00,Completed,2025-07-03 18:29:00,2025-07-09 15:52:00
1124,1124,5,2026-04-04 15:10:00,2026-04-05 20:10:00,2026-04-04 08:35:00,Completed,2026-04-04 15:10:00,2026-04-05 20:10:00
1125,1125,5,2026-03-20 14:22:00,2026-03-21 17:22:00,2026-03-24 08:19:00,Completed,2026-03-20 14:22:00,2026-03-24 08:19:00
1126,1126,1,2026-03-28 16:03:00,2026-03-29 19:03:00,2026-04-10 11:13:00,Completed,2026-03-28 16:03:00,2026-04-10 11:13:00
1127,1127,4,2025-10-12 17:17:00,2025-10-15 19:17:00,2025-10-17 16:24:00,Completed,2025-10-12 17:17:00,2025-10-17 16:24:00
1128,1128,1,2026-01-13 17:07:00,2026-01-15 17:07:00,2026-01-16 10:07:00,Completed,2026-01-13 17:07:00,2026-01-16 10:07:00
1129,1129,4,2026-03-04 13:24:00,2026-03-05 21:24:00,2026-03-05 09:27:00,Completed,2026-03-04 13:24:00,2026-03-05 21:24:00
1130,1130,2,2026-04-14 12:18:00,2026-04-17 14:18:00,,Delivered,2026-04-14 12:18:00,2026-04-17 14:18:00
1131,1131,1,2025-12-31 13:20:00,2026-01-01 19:20:00,2026-01-01 11:11:00,Completed,2025-12-31 13:20:00,2026-01-01 19:20:00
1132,1132,4,2026-02-17 16:33:00,2026-02-18 18:33:00,2026-02-18 11:38:00,Completed,2026-02-17 16:33:00,2026-02-18 18:33:00
1133,1133,5,2025-08-18 08:23:00,2025-08-20 10:23:00,2025-08-19 09:27:00,Completed,2025-08-18 08:23:00,2025-08-20 10:23:00
1134,1134,4,2025-06-27 13:19:00,2025-06-29 20:19:00,2025-06-28 14:43:00,Completed,2025-06-27 13:19:00,2025-06-29 20:19:00
1135,1135,3,2026-05-03 15:49:00,2026-05-05 20:49:00,2026-05-03 16:46:00,Completed,2026-05-03 15:49:00,2026-05-05 20:49:00
1136,1136,3,2025-12-05 14:17:00,2025-12-08 22:17:00,2025-12-06 16:04:00,Completed,2025-12-05 14:17:00,2025-12-08 22:17:00
1137,1137,4,2025-12-15 13:58:00,2025-12-17 20:58:00,,Delivered,2025-12-15 13:58:00,2025-12-17 20:58:00
1138,1138,5,2026-02-06 08:09:00,2026-02-09 08:09:00,2026-02-13 08:26:00,Completed,2026-02-06 08:09:00,2026-02-13 08:26:00
1139,1139,3,2025-07-27 13:50:00,2025-07-28 13:50:00,2025-08-15 09:08:00,Completed,2025-07-27 13:50:00,2025-08-15 09:08:00
1140,1140,5,2025-11-25 09:29:00,2025-11-27 13:29:00,2025-11-30 12:05:00,Completed,2025-11-25 09:29:00,2025-11-30 12:05:00
1141,1141,3,2026-04-24 12:11:00,2026-04-27 19:11:00,2026-05-01 16:50:00,Completed,2026-04-24 12:11:00,2026-05-01 16:50:00
1142,1142,1,2025-07-30 14:45:00,2025-08-02 18:45:00,2025-08-16 17:36:00,Completed,2025-07-30 14:45:00,2025-08-16 17:36:00
1143,1143,1,2025-10-05 14:21:00,2025-10-08 22:21:00,2025-10-08 12:45:00,Completed,2025-10-05 14:21:00,2025-10-08 22:21:00
1144,1144,5,2025-09-19 16:48:00,2025-09-22 20:48:00,2025-09-20 11:00:00,Completed,2025-09-19 16:48:00,2025-09-22 20:48:00
1145,1145,3,2025-12-11 08:30:00,2025-12-12 10:30:00,2025-12-11 13:11:00,Completed,2025-12-11 08:30:00,2025-12-12 10:30:00
1146,1146,1,2025-12-22 18:13:00,2025-12-23 23:13:00,2026-01-08 08:13:00,Completed,2025-12-22 18:13:00,2026-01-08 08:13:00
1147,1147,2,2026-05-13 09:03:00,2026-05-16 16:03:00,,Delivered,2026-05-13 09:03:00,2026-05-16 16:03:00
1148,1148,1,2026-01-31 18:43:00,2026-02-02 20:43:00,2026-02-09 13:13:00,Completed,2026-01-31 18:43:00,2026-02-09 13:13:00
1149,1149,2,2025-06-09 12:07:00,2025-06-11 13:07:00,2025-06-09 09:06:00,Completed,2025-06-09 12:07:00,2025-06-11 13:07:00
1150,1150,1,2026-02-11 12:28:00,2026-02-13 16:28:00,,Delivered,2026-02-11 12:28:00,2026-02-13 16:28:00
1151,1151,3,2025-07-24 17:50:00,2025-07-25 18:50:00,2025-07-29 12:34:00,Completed,2025-07-24 17:50:00,2025-07-29 12:34:00
1152,1152,5,2025-09-27 08:55:00,2025-09-29 11:55:00,2025-09-29 17:00:00,Completed,2025-09-27 08:55:00,2025-09-29 17:00:00
1153,1153,1,2026-05-11 08:17:00,2026-05-13 16:17:00,2026-05-12 12:53:00,Completed,2026-05-11 08:17:00,2026-05-13 16:17:00
1154,1154,3,2026-01-27 14:12:00,2026-01-30 14:12:00,2026-02-10 17:55:00,Completed,2026-01-27 14:12:00,2026-02-10 17:55:00
1155,1155,4,2026-05-12 14:50:00,2026-05-13 19:50:00,2026-05-16 09:02:00,Completed,2026-05-12 14:50:00,2026-05-16 09:02:00
1156,1156,2,2025-07-18 14:42:00,2025-07-20 15:42:00,2025-08-01 16:37:00,Completed,2025-07-18 14:42:00,2025-08-01 16:37:00
1157,1157,1,2026-02-24 15:00:00,2026-02-27 23:00:00,2026-03-02 10:16:00,Completed,2026-02-24 15:00:00,2026-03-02 10:16:00
1158,1158,5,2025-12-04 18:09:00,2025-12-06 21:09:00,2025-12-08 08:21:00,Completed,2025-12-04 18:09:00,2025-12-08 08:21:00
1159,1159,4,2026-03-05 09:05:00,2026-03-07 14:05:00,2026-03-10 12:46:00,Completed,2026-03-05 09:05:00,2026-03-10 12:46:00
1160,1160,2,2026-03-18 09:01:00,2026-03-21 09:01:00,2026-03-22 17:03:00,Completed,2026-03-18 09:01:00,2026-03-22 17:03:00
1161,1161,3,2026-03-25 09:03:00,2026-03-26 15:03:00,2026-04-07 08:11:00,Completed,2026-03-25 09:03:00,2026-04-07 08:11:00
1162,1162,2,2025-10-18 13:04:00,2025-10-20 14:04:00,2025-11-06 15:41:00,Completed,2025-10-18 13:04:00,2025-11-06 15:41:00
1163,1163,2,2025-06-21 10:17:00,2025-06-22 14:17:00,2025-06-30 08:50:00,Completed,2025-06-21 10:17:00,2025-06-30 08:50:00
1164,1164,1,2025-09-18 12:36:00,2025-09-19 14:36:00,2025-09-20 11:15:00,Completed,2025-09-18 12:36:00,2025-09-20 11:15:00
1165,1165,3,2025-07-08 14:23:00,2025-07-10 20:23:00,2025-07-09 13:06:00,Completed,2025-07-08 14:23:00,2025-07-10 20:23:00
1166,1166,2,2025-10-08 13:54:00,2025-10-09 15:54:00,2025-10-08 17:50:00,Completed,2025-10-08 13:54:00,2025-10-09 15:54:00
1167,1167,2,2026-04-02 17:45:00,2026-04-05 18:45:00,2026-04-04 12:07:00,Completed,2026-04-02 17:45:00,2026-04-05 18:45:00
1168,1168,4,2026-05-17 17:43:00,2026-05-19 18:43:00,2026-05-28 15:58:00,Completed,2026-05-17 17:43:00,2026-05-28 15:58:00
1169,1169,2,2026-01-23 15:26:00,2026-01-24 15:26:00,2026-02-04 17:55:00,Completed,2026-01-23 15:26:00,2026-02-04 17:55:00
1170,1170,1,2025-08-03 17:18:00,2025-08-07 01:18:00,,Delivered,2025-08-03 17:18:00,2025-08-07 01:18:00
1171,1171,5,2026-01-16 13:34:00,2026-01-18 20:34:00,2026-02-07 08:16:00,Completed,2026-01-16 13:34:00,2026-02-07 08:16:00
1172,1172,2,2025-11-16 16:58:00,2025-11-19 19:58:00,2025-12-01 13:20:00,Completed,2025-11-16 16:58:00,2025-12-01 13:20:00
1173,1173,4,2026-04-16 11:16:00,2026-04-18 19:16:00,2026-04-25 15:31:00,Completed,2026-04-16 11:16:00,2026-04-25 15:31:00
1174,1174,2,2025-06-10 18:55:00,2025-06-11 23:55:00,2025-06-12 14:38:00,Completed,2025-06-10 18:55:00,2025-06-12 14:38:00
1175,1175,2,2025-11-28 09:55:00,2025-11-30 11:55:00,2025-12-02 15:51:00,Completed,2025-11-28 09:55:00,2025-12-02 15:51:00
1176,1176,5,2025-12-10 11:33:00,2025-12-11 16:33:00,2025-12-22 09:10:00,Completed,2025-12-10 11:33:00,2025-12-22 09:10:00
1177,1177,5,2025-07-19 10:49:00,2025-07-21 18:49:00,2025-07-19 08:06:00,Completed,2025-07-19 10:49:00,2025-07-21 18:49:00
1178,1178,1,2026-01-07 15:06:00,2026-01-08 18:06:00,2026-01-24 17:14:00,Completed,2026-01-07 15:06:00,2026-01-24 17:14:00
1179,1179,3,2025-12-16 13:07:00,2025-12-19 20:07:00,,Delivered,2025-12-16 13:07:00,2025-12-19 20:07:00
1180,1180,1,2025-07-12 16:14:00,2025-07-14 18:14:00,2025-07-15 08:11:00,Completed,2025-07-12 16:14:00,2025-07-15 08:11:00
1181,1181,2,2026-03-04 18:14:00,2026-03-07 18:14:00,2026-03-19 11:36:00,Completed,2026-03-04 18:14:00,2026-03-19 11:36:00
1182,1182,2,2025-08-28 18:09:00,2025-08-31 20:09:00,2025-08-30 18:21:00,Completed,2025-08-28 18:09:00,2025-08-31 20:09:00
1183,1183,2,2025-12-08 15:10:00,2025-12-10 21:10:00,2025-12-14 17:14:00,Completed,2025-12-08 15:10:00,2025-12-14 17:14:00
1184,1184,4,2026-03-07 12:05:00,2026-03-10 13:05:00,2026-03-10 16:48:00,Completed,2026-03-07 12:05:00,2026-03-10 16:48:00
1185,1185,3,2025-07-16 17:38:00,2025-07-20 00:38:00,2025-07-16 12:24:00,Completed,2025-07-16 17:38:00,2025-07-20 00:38:00
1186,1186,1,2025-11-06 14:26:00,2025-11-08 20:26:00,2025-11-06 18:51:00,Completed,2025-11-06 14:26:00,2025-11-08 20:26:00
1187,1187,3,2026-04-25 12:56:00,2026-04-28 19:56:00,,Delivered,2026-04-25 12:56:00,2026-04-28 19:56:00
1188,1188,3,2025-11-19 14:18:00,2025-11-22 14:18:00,2025-11-22 17:23:00,Completed,2025-11-19 14:18:00,2025-11-22 17:23:00
1189,1189,3,2025-08-20 13:09:00,2025-08-21 16:09:00,2025-08-22 13:36:00,Completed,2025-08-20 13:09:00,2025-08-22 13:36:00
1190,1190,4,2026-04-09 13:07:00,2026-04-12 18:07:00,2026-04-26 14:42:00,Completed,2026-04-09 13:07:00,2026-04-26 14:42:00
1191,1191,4,2026-02-17 18:28:00,2026-02-20 00:28:00,2026-03-04 14:21:00,Completed,2026-02-17 18:28:00,2026-03-04 14:21:00
1192,1192,3,2025-06-09 18:19:00,2025-06-12 23:19:00,2025-06-11 17:33:00,Completed,2025-06-09 18:19:00,2025-06-12 23:19:00
1193,1193,4,2026-03-15 10:20:00,2026-03-18 16:20:00,2026-04-06 17:44:00,Completed,2026-03-15 10:20:00,2026-04-06 17:44:00
1194,1194,4,2025-08-28 15:15:00,2025-08-30 22:15:00,2025-09-05 17:06:00,Completed,2025-08-28 15:15:00,2025-09-05 17:06:00
1195,1195,1,2025-06-23 14:23:00,2025-06-24 21:23:00,2025-06-28 09:11:00,Completed,2025-06-23 14:23:00,2025-06-28 09:11:00
1196,1196,2,2025-11-02 14:44:00,2025-11-04 14:44:00,2025-11-08 18:00:00,Completed,2025-11-02 14:44:00,2025-11-08 18:00:00
1197,1197,1,2025-11-19 17:32:00,2025-11-21 00:32:00,2025-11-28 09:35:00,Completed,2025-11-19 17:32:00,2025-11-28 09:35:00
1198,1198,3,2025-09-12 09:14:00,2025-09-15 09:14:00,,Delivered,2025-09-12 09:14:00,2025-09-15 09:14:00
1199,1199,3,2026-05-29 09:26:00,2026-06-01 15:26:00,2026-06-02 17:14:00,Completed,2026-05-29 09:26:00,2026-06-02 17:14:00
1200,1200,4,2026-04-09 13:03:00,2026-04-10 16:03:00,2026-04-09 17:30:00,Completed,2026-04-09 13:03:00,2026-04-10 16:03:00
1201,1201,4,2025-12-24 15:19:00,2025-12-25 17:19:00,2025-12-29 10:10:00,Completed,2025-12-24 15:19:00,2025-12-29 10:10:00
1202,1202,1,2025-12-08 10:46:00,2025-12-09 14:46:00,2025-12-15 13:11:00,Completed,2025-12-08 10:46:00,2025-12-15 13:11:00
1203,1203,4,2025-10-28 16:30:00,2025-11-01 00:30:00,2025-11-03 09:32:00,Completed,2025-10-28 16:30:00,2025-11-03 09:32:00
1204,1204,3,2025-07-30 15:02:00,2025-07-31 18:02:00,2025-07-30 13:23:00,Completed,2025-07-30 15:02:00,2025-07-31 18:02:00
1205,1205,4,2025-08-30 16:43:00,2025-09-02 00:43:00,2025-09-17 13:09:00,Completed,2025-08-30 16:43:00,2025-09-17 13:09:00
1206,1206,5,2025-12-23 15:21:00,2025-12-26 15:21:00,2025-12-23 17:20:00,Completed,2025-12-23 15:21:00,2025-12-26 15:21:00
1207,1207,5,2025-08-11 12:42:00,2025-08-12 15:42:00,2025-08-12 12:51:00,Completed,2025-08-11 12:42:00,2025-08-12 15:42:00
1208,1208,4,2026-01-08 08:27:00,2026-01-11 13:27:00,2026-01-20 17:13:00,Completed,2026-01-08 08:27:00,2026-01-20 17:13:00
1209,1209,1,2025-09-24 09:23:00,2025-09-25 11:23:00,2025-10-07 11:16:00,Completed,2025-09-24 09:23:00,2025-10-07 11:16:00
1210,1210,3,2026-05-10 15:48:00,2026-05-12 16:48:00,2026-05-14 15:51:00,Completed,2026-05-10 15:48:00,2026-05-14 15:51:00
1211,1211,5,2025-10-09 18:15:00,2025-10-13 02:15:00,2025-10-14 09:12:00,Completed,2025-10-09 18:15:00,2025-10-14 09:12:00
1212,1212,2,2026-02-12 12:58:00,2026-02-15 12:58:00,2026-02-12 13:44:00,Completed,2026-02-12 12:58:00,2026-02-15 12:58:00
1213,1213,1,2026-02-18 16:52:00,2026-02-20 17:52:00,2026-02-22 13:13:00,Completed,2026-02-18 16:52:00,2026-02-22 13:13:00
1214,1214,5,2026-01-08 14:17:00,2026-01-10 14:17:00,2026-01-19 12:42:00,Completed,2026-01-08 14:17:00,2026-01-19 12:42:00
1215,1215,3,2026-01-30 11:22:00,2026-01-31 13:22:00,2026-02-09 14:55:00,Completed,2026-01-30 11:22:00,2026-02-09 14:55:00
1216,1216,4,2025-11-07 17:47:00,2025-11-10 17:47:00,,Delivered,2025-11-07 17:47:00,2025-11-10 17:47:00
1217,1217,5,2026-03-07 18:36:00,2026-03-09 18:36:00,2026-03-19 17:51:00,Completed,2026-03-07 18:36:00,2026-03-19 17:51:00
1218,1218,4,2026-05-14 17:48:00,2026-05-15 18:48:00,2026-05-14 09:54:00,Completed,2026-05-14 17:48:00,2026-05-15 18:48:00
1219,1219,5,2025-09-14 14:44:00,2025-09-17 15:44:00,2025-09-26 09:19:00,Completed,2025-09-14 14:44:00,2025-09-26 09:19:00
1220,1220,5,2025-11-11 16:42:00,2025-11-13 17:42:00,2025-11-21 12:52:00,Completed,2025-11-11 16:42:00,2025-11-21 12:52:00
1221,1221,3,2026-03-15 15:54:00,2026-03-16 18:54:00,2026-03-21 14:46:00,Completed,2026-03-15 15:54:00,2026-03-21 14:46:00
1222,1222,4,2025-12-23 09:49:00,2025-12-26 11:49:00,2025-12-31 08:18:00,Completed,2025-12-23 09:49:00,2025-12-31 08:18:00
1223,1223,2,2025-11-02 08:58:00,2025-11-03 13:58:00,2025-11-18 08:34:00,Completed,2025-11-02 08:58:00,2025-11-18 08:34:00
1224,1224,4,2026-02-26 17:52:00,2026-02-28 22:52:00,2026-03-02 14:27:00,Completed,2026-02-26 17:52:00,2026-03-02 14:27:00
1225,1225,1,2025-08-10 14:30:00,2025-08-12 16:30:00,2025-09-01 08:57:00,Completed,2025-08-10 14:30:00,2025-09-01 08:57:00
1226,1226,1,2026-04-20 15:15:00,2026-04-21 19:15:00,2026-04-26 17:58:00,Completed,2026-04-20 15:15:00,2026-04-26 17:58:00
1227,1227,3,2025-09-12 09:42:00,2025-09-15 14:42:00,2025-09-16 13:50:00,Completed,2025-09-12 09:42:00,2025-09-16 13:50:00
1228,1228,1,2025-06-26 08:19:00,2025-06-27 13:19:00,,Delivered,2025-06-26 08:19:00,2025-06-27 13:19:00
1229,1229,2,2026-04-05 18:55:00,2026-04-07 22:55:00,2026-04-17 09:54:00,Completed,2026-04-05 18:55:00,2026-04-17 09:54:00
1230,1230,2,2025-09-20 11:52:00,2025-09-22 12:52:00,2025-09-24 09:00:00,Completed,2025-09-20 11:52:00,2025-09-24 09:00:00
1231,1231,3,2025-12-29 18:00:00,2026-01-01 20:00:00,2025-12-30 12:00:00,Completed,2025-12-29 18:00:00,2026-01-01 20:00:00
1232,1232,2,2026-05-11 14:45:00,2026-05-12 15:45:00,2026-05-14 17:00:00,Completed,2026-05-11 14:45:00,2026-05-14 17:00:00
1233,1233,5,2025-07-12 16:54:00,2025-07-15 22:54:00,2025-07-14 08:17:00,Completed,2025-07-12 16:54:00,2025-07-15 22:54:00
1234,1234,5,2025-06-24 14:13:00,2025-06-26 17:13:00,,Delivered,2025-06-24 14:13:00,2025-06-26 17:13:00
1235,1235,1,2025-06-18 10:37:00,2025-06-21 11:37:00,2025-06-27 13:27:00,Completed,2025-06-18 10:37:00,2025-06-27 13:27:00
1236,1236,5,2025-12-09 16:03:00,2025-12-11 19:03:00,2025-12-15 13:46:00,Completed,2025-12-09 16:03:00,2025-12-15 13:46:00
1237,1237,3,2026-05-05 15:23:00,2026-05-08 20:23:00,2026-05-19 08:09:00,Completed,2026-05-05 15:23:00,2026-05-19 08:09:00
1238,1238,4,2025-09-12 09:43:00,2025-09-15 15:43:00,,Delivered,2025-09-12 09:43:00,2025-09-15 15:43:00
1239,1239,1,2026-03-03 16:05:00,2026-03-05 16:05:00,2026-03-24 09:22:00,Completed,2026-03-03 16:05:00,2026-03-24 09:22:00
1240,1240,4,2026-05-10 17:20:00,2026-05-11 23:20:00,2026-05-15 08:09:00,Completed,2026-05-10 17:20:00,2026-05-15 08:09:00
1241,1241,5,2025-11-17 17:14:00,2025-11-21 01:14:00,2025-11-25 18:04:00,Completed,2025-11-17 17:14:00,2025-11-25 18:04:00
1242,1242,2,2025-12-18 15:13:00,2025-12-19 18:13:00,2025-12-30 17:23:00,Completed,2025-12-18 15:13:00,2025-12-30 17:23:00
1243,1243,1,2026-04-29 16:04:00,2026-05-01 17:04:00,2026-05-02 09:06:00,Completed,2026-04-29 16:04:00,2026-05-02 09:06:00
1244,1244,1,2026-04-06 17:50:00,2026-04-07 19:50:00,2026-04-26 11:23:00,Completed,2026-04-06 17:50:00,2026-04-26 11:23:00
1245,1245,5,2026-04-02 10:24:00,2026-04-04 11:24:00,2026-04-08 09:32:00,Completed,2026-04-02 10:24:00,2026-04-08 09:32:00
1246,1246,2,2025-09-14 14:11:00,2025-09-15 18:11:00,2025-09-14 10:25:00,Completed,2025-09-14 14:11:00,2025-09-15 18:11:00
1247,1247,1,2026-02-25 09:48:00,2026-02-28 09:48:00,2026-03-14 13:58:00,Completed,2026-02-25 09:48:00,2026-03-14 13:58:00
1248,1248,4,2025-07-16 16:11:00,2025-07-19 20:11:00,2025-08-05 11:24:00,Completed,2025-07-16 16:11:00,2025-08-05 11:24:00
1249,1249,4,2025-12-27 09:29:00,2025-12-28 15:29:00,2026-01-06 08:35:00,Completed,2025-12-27 09:29:00,2026-01-06 08:35:00
1250,1250,5,2026-04-14 11:04:00,2026-04-15 16:04:00,2026-04-16 11:00:00,Completed,2026-04-14 11:04:00,2026-04-16 11:00:00
1251,1251,2,2025-06-21 12:06:00,2025-06-23 14:06:00,2025-06-25 18:06:00,Completed,2025-06-21 12:06:00,2025-06-25 18:06:00
1252,1252,1,2025-11-02 10:54:00,2025-11-05 14:54:00,2025-11-06 15:44:00,Completed,2025-11-02 10:54:00,2025-11-06 15:44:00
1253,1253,5,2026-03-06 09:41:00,2026-03-09 13:41:00,2026-03-24 17:37:00,Completed,2026-03-06 09:41:00,2026-03-24 17:37:00
1254,1254,5,2025-10-20 13:09:00,2025-10-23 18:09:00,2025-10-27 18:54:00,Completed,2025-10-20 13:09:00,2025-10-27 18:54:00
1255,1255,5,2025-11-08 17:31:00,2025-11-09 20:31:00,2025-11-10 18:59:00,Completed,2025-11-08 17:31:00,2025-11-10 18:59:00
1256,1256,3,2025-11-29 09:21:00,2025-12-01 17:21:00,2025-11-30 15:23:00,Completed,2025-11-29 09:21:00,2025-12-01 17:21:00
1257,1257,3,2026-02-08 10:29:00,2026-02-09 17:29:00,2026-03-01 16:35:00,Completed,2026-02-08 10:29:00,2026-03-01 16:35:00
1258,1258,3,2026-02-18 10:45:00,2026-02-20 16:45:00,2026-02-23 09:37:00,Completed,2026-02-18 10:45:00,2026-02-23 09:37:00
1259,1259,3,2025-07-26 09:22:00,2025-07-27 09:22:00,2025-07-27 16:46:00,Completed,2025-07-26 09:22:00,2025-07-27 16:46:00
1260,1260,2,2025-11-08 08:30:00,2025-11-09 10:30:00,2025-11-14 11:51:00,Completed,2025-11-08 08:30:00,2025-11-14 11:51:00
1261,1261,2,2026-05-06 17:46:00,2026-05-09 17:46:00,2026-05-12 11:25:00,Completed,2026-05-06 17:46:00,2026-05-12 11:25:00
1262,1262,3,2025-06-15 11:13:00,2025-06-18 16:13:00,,Delivered,2025-06-15 11:13:00,2025-06-18 16:13:00
1263,1263,5,2025-12-17 14:03:00,2025-12-19 17:03:00,2026-01-07 11:47:00,Completed,2025-12-17 14:03:00,2026-01-07 11:47:00
1264,1264,4,2025-06-20 12:20:00,2025-06-23 13:20:00,2025-06-21 18:00:00,Completed,2025-06-20 12:20:00,2025-06-23 13:20:00
1265,1265,5,2025-12-06 13:11:00,2025-12-08 18:11:00,2025-12-26 17:09:00,Completed,2025-12-06 13:11:00,2025-12-26 17:09:00
1266,1266,3,2025-11-10 11:02:00,2025-11-13 12:02:00,2025-11-14 10:42:00,Completed,2025-11-10 11:02:00,2025-11-14 10:42:00
1267,1267,5,2025-10-10 16:46:00,2025-10-13 00:46:00,2025-10-15 11:58:00,Completed,2025-10-10 16:46:00,2025-10-15 11:58:00
1268,1268,1,2025-10-07 09:00:00,2025-10-09 13:00:00,2025-10-14 13:41:00,Completed,2025-10-07 09:00:00,2025-10-14 13:41:00
1269,1269,1,2026-02-18 13:21:00,2026-02-19 14:21:00,2026-02-23 12:07:00,Completed,2026-02-18 13:21:00,2026-02-23 12:07:00
1270,1270,5,2026-05-25 12:16:00,2026-05-28 13:16:00,2026-06-04 14:44:00,Completed,2026-05-25 12:16:00,2026-06-04 14:44:00
1271,1271,4,2025-07-19 14:57:00,2025-07-20 15:57:00,2025-07-28 13:12:00,Completed,2025-07-19 14:57:00,2025-07-28 13:12:00
1272,1272,3,2026-01-19 11:48:00,2026-01-21 13:48:00,2026-01-31 15:36:00,Completed,2026-01-19 11:48:00,2026-01-31 15:36:00
1273,1273,3,2026-02-07 08:59:00,2026-02-08 14:59:00,2026-02-16 18:22:00,Completed,2026-02-07 08:59:00,2026-02-16 18:22:00
1274,1274,5,2025-09-25 15:34:00,2025-09-26 19:34:00,2025-09-26 10:53:00,Completed,2025-09-25 15:34:00,2025-09-26 19:34:00
1275,1275,1,2026-01-15 11:04:00,2026-01-17 12:04:00,2026-01-18 18:51:00,Completed,2026-01-15 11:04:00,2026-01-18 18:51:00
1276,1276,3,2025-11-24 11:12:00,2025-11-25 19:12:00,2025-11-30 14:53:00,Completed,2025-11-24 11:12:00,2025-11-30 14:53:00
1277,1277,2,2026-01-16 08:14:00,2026-01-17 10:14:00,2026-01-16 12:14:00,Completed,2026-01-16 08:14:00,2026-01-17 10:14:00
1278,1278,1,2025-08-01 17:32:00,2025-08-02 21:32:00,2025-08-01 14:58:00,Completed,2025-08-01 17:32:00,2025-08-02 21:32:00
1279,1279,4,2025-10-08 11:33:00,2025-10-09 15:33:00,2025-10-13 08:28:00,Completed,2025-10-08 11:33:00,2025-10-13 08:28:00
1280,1280,2,2025-08-14 14:04:00,2025-08-17 21:04:00,2025-08-17 14:54:00,Completed,2025-08-14 14:04:00,2025-08-17 21:04:00
1281,1281,2,2025-12-20 17:44:00,2025-12-23 23:44:00,,Delivered,2025-12-20 17:44:00,2025-12-23 23:44:00
1282,1282,2,2025-09-05 17:16:00,2025-09-08 18:16:00,,Delivered,2025-09-05 17:16:00,2025-09-08 18:16:00
1283,1283,5,2025-07-01 16:35:00,2025-07-02 17:35:00,2025-07-11 15:06:00,Completed,2025-07-01 16:35:00,2025-07-11 15:06:00
1284,1284,2,2026-05-16 11:41:00,2026-05-17 12:41:00,2026-05-22 17:50:00,Completed,2026-05-16 11:41:00,2026-05-22 17:50:00
1285,1285,4,2025-12-09 10:33:00,2025-12-11 12:33:00,2025-12-30 18:49:00,Completed,2025-12-09 10:33:00,2025-12-30 18:49:00
1286,1286,2,2026-01-14 13:05:00,2026-01-15 20:05:00,2026-01-21 15:01:00,Completed,2026-01-14 13:05:00,2026-01-21 15:01:00
1287,1287,5,2025-12-02 11:08:00,2025-12-05 13:08:00,2025-12-11 17:41:00,Completed,2025-12-02 11:08:00,2025-12-11 17:41:00
1288,1288,4,2025-08-10 16:49:00,2025-08-12 23:49:00,,Delivered,2025-08-10 16:49:00,2025-08-12 23:49:00
1289,1289,3,2025-09-12 13:34:00,2025-09-14 15:34:00,2025-09-18 10:02:00,Completed,2025-09-12 13:34:00,2025-09-18 10:02:00
1290,1290,4,2025-09-10 17:41:00,2025-09-13 19:41:00,2025-09-11 14:07:00,Completed,2025-09-10 17:41:00,2025-09-13 19:41:00
1291,1291,2,2026-04-20 16:54:00,2026-04-21 19:54:00,2026-04-24 14:44:00,Completed,2026-04-20 16:54:00,2026-04-24 14:44:00
1292,1292,5,2026-01-22 15:43:00,2026-01-24 16:43:00,2026-01-22 13:33:00,Completed,2026-01-22 15:43:00,2026-01-24 16:43:00
1293,1293,3,2025-08-20 16:26:00,2025-08-23 18:26:00,2025-08-28 14:19:00,Completed,2025-08-20 16:26:00,2025-08-28 14:19:00
1294,1294,5,2025-12-27 08:49:00,2025-12-28 10:49:00,2025-12-28 13:30:00,Completed,2025-12-27 08:49:00,2025-12-28 13:30:00
1295,1295,1,2025-12-22 14:24:00,2025-12-24 19:24:00,2026-01-09 13:33:00,Completed,2025-12-22 14:24:00,2026-01-09 13:33:00
1296,1296,2,2026-01-07 09:16:00,2026-01-10 09:16:00,2026-01-09 18:30:00,Completed,2026-01-07 09:16:00,2026-01-10 09:16:00
1297,1297,2,2026-03-20 11:50:00,2026-03-22 19:50:00,2026-03-29 14:22:00,Completed,2026-03-20 11:50:00,2026-03-29 14:22:00
1298,1298,4,2026-02-08 11:10:00,2026-02-10 16:10:00,,Delivered,2026-02-08 11:10:00,2026-02-10 16:10:00
1299,1299,3,2025-12-27 09:14:00,2025-12-28 12:14:00,2026-01-06 09:48:00,Completed,2025-12-27 09:14:00,2026-01-06 09:48:00
1300,1300,1,2025-10-03 15:36:00,2025-10-05 23:36:00,2025-10-05 10:34:00,Completed,2025-10-03 15:36:00,2025-10-05 23:36:00
1301,1301,2,2025-08-18 09:10:00,2025-08-20 14:10:00,,Delivered,2025-08-18 09:10:00,2025-08-20 14:10:00
1302,1302,3,2025-07-13 17:52:00,2025-07-17 01:52:00,2025-07-14 13:35:00,Completed,2025-07-13 17:52:00,2025-07-17 01:52:00
1303,1303,3,2025-08-31 17:29:00,2025-09-01 21:29:00,2025-09-17 12:48:00,Completed,2025-08-31 17:29:00,2025-09-17 12:48:00
1304,1304,2,2025-07-25 16:14:00,2025-07-27 17:14:00,2025-08-04 09:51:00,Completed,2025-07-25 16:14:00,2025-08-04 09:51:00
1305,1305,5,2025-07-07 18:10:00,2025-07-09 22:10:00,,Delivered,2025-07-07 18:10:00,2025-07-09 22:10:00
1306,1306,4,2025-12-18 10:20:00,2025-12-20 18:20:00,2025-12-25 17:22:00,Completed,2025-12-18 10:20:00,2025-12-25 17:22:00
1307,1307,5,2025-12-16 12:38:00,2025-12-19 19:38:00,2025-12-17 10:27:00,Completed,2025-12-16 12:38:00,2025-12-19 19:38:00
1308,1308,1,2025-11-30 09:14:00,2025-12-02 14:14:00,,Delivered,2025-11-30 09:14:00,2025-12-02 14:14:00
1309,1309,1,2025-08-28 16:30:00,2025-08-30 17:30:00,2025-09-04 08:23:00,Completed,2025-08-28 16:30:00,2025-09-04 08:23:00
1310,1310,2,2026-02-12 12:05:00,2026-02-14 20:05:00,2026-02-19 13:59:00,Completed,2026-02-12 12:05:00,2026-02-19 13:59:00
1311,1311,5,2026-05-17 18:24:00,2026-05-18 20:24:00,2026-05-22 11:55:00,Completed,2026-05-17 18:24:00,2026-05-22 11:55:00
1312,1312,5,2025-09-26 09:04:00,2025-09-28 09:04:00,2025-09-29 13:47:00,Completed,2025-09-26 09:04:00,2025-09-29 13:47:00
1313,1313,2,2025-08-13 17:21:00,2025-08-15 21:21:00,2025-08-13 15:16:00,Completed,2025-08-13 17:21:00,2025-08-15 21:21:00
1314,1314,1,2025-09-28 12:13:00,2025-09-30 19:13:00,2025-10-09 12:12:00,Completed,2025-09-28 12:13:00,2025-10-09 12:12:00
1315,1315,3,2026-02-01 14:27:00,2026-02-02 19:27:00,2026-02-02 16:17:00,Completed,2026-02-01 14:27:00,2026-02-02 19:27:00
1316,1316,1,2026-04-30 15:18:00,2026-05-01 17:18:00,2026-05-09 11:40:00,Completed,2026-04-30 15:18:00,2026-05-09 11:40:00
1317,1317,4,2025-11-14 15:54:00,2025-11-15 19:54:00,2025-11-14 18:12:00,Completed,2025-11-14 15:54:00,2025-11-15 19:54:00
1318,1318,4,2026-01-02 18:54:00,2026-01-04 18:54:00,2026-01-15 11:56:00,Completed,2026-01-02 18:54:00,2026-01-15 11:56:00
1319,1319,4,2025-10-01 14:24:00,2025-10-03 20:24:00,2025-10-03 13:07:00,Completed,2025-10-01 14:24:00,2025-10-03 20:24:00
1320,1320,3,2025-06-28 16:47:00,2025-06-30 21:47:00,2025-07-04 09:36:00,Completed,2025-06-28 16:47:00,2025-07-04 09:36:00
1321,1321,1,2026-01-24 14:38:00,2026-01-27 19:38:00,2026-02-02 12:12:00,Completed,2026-01-24 14:38:00,2026-02-02 12:12:00
1322,1322,1,2025-10-19 14:26:00,2025-10-22 15:26:00,2025-10-25 08:07:00,Completed,2025-10-19 14:26:00,2025-10-25 08:07:00
1323,1323,4,2025-11-03 12:57:00,2025-11-04 14:57:00,2025-11-07 09:25:00,Completed,2025-11-03 12:57:00,2025-11-07 09:25:00
1324,1324,2,2025-07-21 11:43:00,2025-07-24 19:43:00,,Delivered,2025-07-21 11:43:00,2025-07-24 19:43:00
1325,1325,2,2025-06-21 12:27:00,2025-06-23 12:27:00,2025-07-07 18:09:00,Completed,2025-06-21 12:27:00,2025-07-07 18:09:00
1326,1326,4,2026-01-12 14:32:00,2026-01-14 17:32:00,2026-01-13 16:22:00,Completed,2026-01-12 14:32:00,2026-01-14 17:32:00
1327,1327,5,2026-04-13 08:17:00,2026-04-14 09:17:00,2026-04-15 10:13:00,Completed,2026-04-13 08:17:00,2026-04-15 10:13:00
1328,1328,2,2025-11-05 18:49:00,2025-11-09 00:49:00,2025-11-11 15:32:00,Completed,2025-11-05 18:49:00,2025-11-11 15:32:00
1329,1329,4,2026-05-06 09:20:00,2026-05-09 14:20:00,2026-05-15 12:30:00,Completed,2026-05-06 09:20:00,2026-05-15 12:30:00
1330,1330,3,2026-03-06 14:31:00,2026-03-09 19:31:00,2026-03-06 18:55:00,Completed,2026-03-06 14:31:00,2026-03-09 19:31:00
1331,1331,1,2026-04-08 15:15:00,2026-04-10 20:15:00,2026-04-10 08:09:00,Completed,2026-04-08 15:15:00,2026-04-10 20:15:00
1332,1332,1,2025-06-20 14:45:00,2025-06-23 19:45:00,2025-06-29 11:19:00,Completed,2025-06-20 14:45:00,2025-06-29 11:19:00
1333,1333,3,2026-02-07 14:40:00,2026-02-10 14:40:00,2026-02-11 09:19:00,Completed,2026-02-07 14:40:00,2026-02-11 09:19:00
1334,1334,5,2026-03-14 13:03:00,2026-03-16 13:03:00,2026-03-24 17:52:00,Completed,2026-03-14 13:03:00,2026-03-24 17:52:00
1335,1335,2,2026-03-31 17:44:00,2026-04-04 01:44:00,2026-04-07 18:14:00,Completed,2026-03-31 17:44:00,2026-04-07 18:14:00
1336,1336,1,2025-08-30 18:26:00,2025-08-31 22:26:00,2025-09-06 10:26:00,Completed,2025-08-30 18:26:00,2025-09-06 10:26:00
1337,1337,3,2026-03-02 17:27:00,2026-03-04 20:27:00,2026-03-06 08:44:00,Completed,2026-03-02 17:27:00,2026-03-06 08:44:00
1338,1338,2,2025-07-21 12:10:00,2025-07-23 14:10:00,2025-07-22 11:41:00,Completed,2025-07-21 12:10:00,2025-07-23 14:10:00
1339,1339,3,2025-09-30 09:11:00,2025-10-01 16:11:00,2025-10-07 15:29:00,Completed,2025-09-30 09:11:00,2025-10-07 15:29:00
1340,1340,3,2025-08-18 14:40:00,2025-08-20 18:40:00,2025-08-21 14:39:00,Completed,2025-08-18 14:40:00,2025-08-21 14:39:00
1341,1341,1,2026-01-10 13:00:00,2026-01-13 18:00:00,2026-01-13 11:39:00,Completed,2026-01-10 13:00:00,2026-01-13 18:00:00
1342,1342,3,2026-02-17 17:10:00,2026-02-20 18:10:00,2026-02-26 11:45:00,Completed,2026-02-17 17:10:00,2026-02-26 11:45:00
1343,1343,2,2025-12-13 11:54:00,2025-12-16 15:54:00,,Delivered,2025-12-13 11:54:00,2025-12-16 15:54:00
1344,1344,3,2025-11-30 15:45:00,2025-12-03 17:45:00,2025-11-30 14:48:00,Completed,2025-11-30 15:45:00,2025-12-03 17:45:00
1345,1345,4,2026-05-09 09:29:00,2026-05-11 13:29:00,2026-05-09 16:32:00,Completed,2026-05-09 09:29:00,2026-05-11 13:29:00
1346,1346,1,2025-06-29 13:00:00,2025-06-30 14:00:00,2025-07-03 11:51:00,Completed,2025-06-29 13:00:00,2025-07-03 11:51:00
1347,1347,5,2025-11-16 10:46:00,2025-11-17 17:46:00,2025-11-22 11:06:00,Completed,2025-11-16 10:46:00,2025-11-22 11:06:00
1348,1348,2,2025-07-29 09:43:00,2025-07-30 16:43:00,2025-07-31 10:27:00,Completed,2025-07-29 09:43:00,2025-07-31 10:27:00
1349,1349,1,2025-06-14 09:15:00,2025-06-15 16:15:00,2025-06-18 10:06:00,Completed,2025-06-14 09:15:00,2025-06-18 10:06:00
1350,1350,2,2026-01-08 17:01:00,2026-01-11 00:01:00,2026-01-16 09:57:00,Completed,2026-01-08 17:01:00,2026-01-16 09:57:00
1351,1351,5,2025-12-11 08:49:00,2025-12-13 15:49:00,2025-12-26 11:43:00,Completed,2025-12-11 08:49:00,2025-12-26 11:43:00
1352,1352,4,2025-10-01 09:50:00,2025-10-02 11:50:00,2025-10-07 17:36:00,Completed,2025-10-01 09:50:00,2025-10-07 17:36:00
1353,1353,3,2025-09-20 16:36:00,2025-09-23 19:36:00,2025-09-29 14:22:00,Completed,2025-09-20 16:36:00,2025-09-29 14:22:00
1354,1354,3,2026-04-12 09:37:00,2026-04-13 16:37:00,2026-04-21 09:11:00,Completed,2026-04-12 09:37:00,2026-04-21 09:11:00
1355,1355,1,2025-08-15 13:29:00,2025-08-18 19:29:00,2025-08-25 12:22:00,Completed,2025-08-15 13:29:00,2025-08-25 12:22:00
1356,1356,4,2025-08-16 13:52:00,2025-08-19 19:52:00,2025-08-21 10:03:00,Completed,2025-08-16 13:52:00,2025-08-21 10:03:00
1357,1357,4,2025-11-18 14:10:00,2025-11-20 20:10:00,2025-11-26 18:28:00,Completed,2025-11-18 14:10:00,2025-11-26 18:28:00
1358,1358,1,2025-07-29 17:41:00,2025-07-31 19:41:00,2025-08-03 12:31:00,Completed,2025-07-29 17:41:00,2025-08-03 12:31:00
1359,1359,3,2026-01-05 17:18:00,2026-01-07 21:18:00,2026-01-11 10:40:00,Completed,2026-01-05 17:18:00,2026-01-11 10:40:00
1360,1360,3,2026-03-08 10:44:00,2026-03-10 10:44:00,,Delivered,2026-03-08 10:44:00,2026-03-10 10:44:00
1361,1361,1,2026-03-27 13:38:00,2026-03-28 19:38:00,,Delivered,2026-03-27 13:38:00,2026-03-28 19:38:00
1362,1362,4,2025-12-26 14:11:00,2025-12-29 18:11:00,2026-01-14 08:10:00,Completed,2025-12-26 14:11:00,2026-01-14 08:10:00
1363,1363,3,2026-02-10 10:02:00,2026-02-13 16:02:00,2026-02-18 09:09:00,Completed,2026-02-10 10:02:00,2026-02-18 09:09:00
1364,1364,4,2025-12-26 15:10:00,2025-12-27 17:10:00,2025-12-30 16:32:00,Completed,2025-12-26 15:10:00,2025-12-30 16:32:00
1365,1365,4,2026-04-19 13:42:00,2026-04-21 15:42:00,2026-05-03 11:16:00,Completed,2026-04-19 13:42:00,2026-05-03 11:16:00
1366,1366,5,2026-04-11 11:05:00,2026-04-12 13:05:00,2026-04-27 18:25:00,Completed,2026-04-11 11:05:00,2026-04-27 18:25:00
1367,1367,2,2026-04-26 16:28:00,2026-04-29 16:28:00,2026-04-29 10:26:00,Completed,2026-04-26 16:28:00,2026-04-29 16:28:00
1368,1368,4,2025-06-11 09:51:00,2025-06-14 14:51:00,2025-06-12 17:19:00,Completed,2025-06-11 09:51:00,2025-06-14 14:51:00
1369,1369,5,2025-09-28 08:15:00,2025-10-01 14:15:00,2025-09-28 12:21:00,Completed,2025-09-28 08:15:00,2025-10-01 14:15:00
1370,1370,4,2026-03-01 15:04:00,2026-03-02 20:04:00,2026-03-05 12:42:00,Completed,2026-03-01 15:04:00,2026-03-05 12:42:00
1371,1371,4,2025-08-04 15:37:00,2025-08-05 20:37:00,2025-08-17 11:47:00,Completed,2025-08-04 15:37:00,2025-08-17 11:47:00
1372,1372,3,2026-04-27 14:29:00,2026-04-29 22:29:00,2026-04-29 08:33:00,Completed,2026-04-27 14:29:00,2026-04-29 22:29:00
1373,1373,2,2026-04-13 09:49:00,2026-04-16 15:49:00,2026-04-15 09:14:00,Completed,2026-04-13 09:49:00,2026-04-16 15:49:00
1374,1374,5,2025-07-05 12:58:00,2025-07-06 13:58:00,,Delivered,2025-07-05 12:58:00,2025-07-06 13:58:00
1375,1375,5,2026-02-03 09:31:00,2026-02-06 11:31:00,2026-02-04 11:34:00,Completed,2026-02-03 09:31:00,2026-02-06 11:31:00
1376,1376,3,2025-11-30 10:45:00,2025-12-03 10:45:00,2025-12-04 11:16:00,Completed,2025-11-30 10:45:00,2025-12-04 11:16:00
1377,1377,3,2025-11-09 12:36:00,2025-11-12 20:36:00,2025-11-15 12:45:00,Completed,2025-11-09 12:36:00,2025-11-15 12:45:00
1378,1378,3,2026-01-17 16:31:00,2026-01-18 17:31:00,2026-01-24 13:44:00,Completed,2026-01-17 16:31:00,2026-01-24 13:44:00
1379,1379,4,2025-11-24 17:27:00,2025-11-26 00:27:00,2025-11-26 14:15:00,Completed,2025-11-24 17:27:00,2025-11-26 14:15:00
1380,1380,2,2026-05-07 14:31:00,2026-05-10 16:31:00,2026-05-09 08:09:00,Completed,2026-05-07 14:31:00,2026-05-10 16:31:00
1381,1381,3,2026-03-17 11:12:00,2026-03-20 11:12:00,2026-04-01 17:09:00,Completed,2026-03-17 11:12:00,2026-04-01 17:09:00
1382,1382,2,2026-02-02 13:28:00,2026-02-04 13:28:00,2026-02-19 15:33:00,Completed,2026-02-02 13:28:00,2026-02-19 15:33:00
1383,1383,3,2025-10-31 10:21:00,2025-11-03 18:21:00,2025-11-10 15:13:00,Completed,2025-10-31 10:21:00,2025-11-10 15:13:00
1384,1384,4,2026-02-26 10:49:00,2026-02-27 18:49:00,2026-03-08 16:56:00,Completed,2026-02-26 10:49:00,2026-03-08 16:56:00
1385,1385,3,2025-07-25 14:46:00,2025-07-28 19:46:00,2025-07-31 11:30:00,Completed,2025-07-25 14:46:00,2025-07-31 11:30:00
1386,1386,5,2026-05-27 13:33:00,2026-05-28 14:33:00,2026-06-03 11:11:00,Completed,2026-05-27 13:33:00,2026-06-03 11:11:00
1387,1387,3,2025-08-14 08:56:00,2025-08-16 15:56:00,2025-08-19 18:08:00,Completed,2025-08-14 08:56:00,2025-08-19 18:08:00
1388,1388,4,2025-09-05 10:44:00,2025-09-06 11:44:00,2025-09-19 11:30:00,Completed,2025-09-05 10:44:00,2025-09-19 11:30:00
1389,1389,4,2026-02-19 09:25:00,2026-02-22 09:25:00,2026-02-27 09:07:00,Completed,2026-02-19 09:25:00,2026-02-27 09:07:00
1390,1390,2,2025-12-10 08:34:00,2025-12-12 10:34:00,2025-12-14 09:29:00,Completed,2025-12-10 08:34:00,2025-12-14 09:29:00
1391,1391,4,2025-11-08 08:07:00,2025-11-10 11:07:00,2025-11-09 13:04:00,Completed,2025-11-08 08:07:00,2025-11-10 11:07:00
1392,1392,4,2025-10-02 11:04:00,2025-10-04 17:04:00,2025-10-07 13:26:00,Completed,2025-10-02 11:04:00,2025-10-07 13:26:00
1393,1393,5,2025-11-08 14:49:00,2025-11-11 20:49:00,2025-11-17 18:43:00,Completed,2025-11-08 14:49:00,2025-11-17 18:43:00
1394,1394,5,2026-03-10 18:30:00,2026-03-12 20:30:00,2026-03-24 10:29:00,Completed,2026-03-10 18:30:00,2026-03-24 10:29:00
1395,1395,1,2025-10-28 13:10:00,2025-10-31 14:10:00,2025-10-31 12:47:00,Completed,2025-10-28 13:10:00,2025-10-31 14:10:00
1396,1396,2,2026-01-15 15:51:00,2026-01-17 18:51:00,2026-01-20 16:31:00,Completed,2026-01-15 15:51:00,2026-01-20 16:31:00
1397,1397,2,2026-03-05 11:29:00,2026-03-08 18:29:00,2026-03-06 15:47:00,Completed,2026-03-05 11:29:00,2026-03-08 18:29:00
1398,1398,2,2026-02-26 18:39:00,2026-03-01 02:39:00,2026-03-04 08:46:00,Completed,2026-02-26 18:39:00,2026-03-04 08:46:00
1399,1399,3,2025-10-14 15:51:00,2025-10-16 19:51:00,2025-10-27 17:00:00,Completed,2025-10-14 15:51:00,2025-10-27 17:00:00
1400,1400,2,2026-01-15 14:04:00,2026-01-16 21:04:00,2026-02-08 17:09:00,Completed,2026-01-15 14:04:00,2026-02-08 17:09:00
1401,1401,1,2025-07-25 13:11:00,2025-07-27 13:11:00,2025-08-13 14:44:00,Completed,2025-07-25 13:11:00,2025-08-13 14:44:00
1402,1402,4,2025-06-26 09:35:00,2025-06-27 15:35:00,2025-07-05 12:55:00,Completed,2025-06-26 09:35:00,2025-07-05 12:55:00
1403,1403,5,2025-11-13 11:43:00,2025-11-15 14:43:00,,Delivered,2025-11-13 11:43:00,2025-11-15 14:43:00
1404,1404,4,2026-02-09 15:26:00,2026-02-11 15:26:00,2026-02-10 15:58:00,Completed,2026-02-09 15:26:00,2026-02-11 15:26:00
1405,1405,4,2026-04-26 09:05:00,2026-04-29 17:05:00,2026-04-29 13:46:00,Completed,2026-04-26 09:05:00,2026-04-29 17:05:00
1406,1406,2,2025-08-30 08:30:00,2025-09-01 14:30:00,2025-09-03 15:31:00,Completed,2025-08-30 08:30:00,2025-09-03 15:31:00
1407,1407,2,2026-01-30 10:37:00,2026-02-02 10:37:00,2026-02-05 17:32:00,Completed,2026-01-30 10:37:00,2026-02-05 17:32:00
1408,1408,3,2026-01-11 16:01:00,2026-01-14 19:01:00,2026-01-27 15:48:00,Completed,2026-01-11 16:01:00,2026-01-27 15:48:00
1409,1409,3,2025-10-06 17:43:00,2025-10-07 18:43:00,2025-10-13 18:35:00,Completed,2025-10-06 17:43:00,2025-10-13 18:35:00
1410,1410,5,2025-11-19 15:55:00,2025-11-21 16:55:00,2025-11-24 14:48:00,Completed,2025-11-19 15:55:00,2025-11-24 14:48:00
1411,1411,1,2025-08-09 15:15:00,2025-08-12 19:15:00,2025-08-19 12:01:00,Completed,2025-08-09 15:15:00,2025-08-19 12:01:00
1412,1412,3,2025-08-12 11:42:00,2025-08-13 13:42:00,2025-08-15 08:47:00,Completed,2025-08-12 11:42:00,2025-08-15 08:47:00
1413,1413,3,2026-03-25 08:38:00,2026-03-26 14:38:00,2026-04-01 16:16:00,Completed,2026-03-25 08:38:00,2026-04-01 16:16:00
1414,1414,2,2026-02-22 17:41:00,2026-02-25 21:41:00,2026-03-07 09:51:00,Completed,2026-02-22 17:41:00,2026-03-07 09:51:00
1415,1415,5,2025-10-20 17:20:00,2025-10-23 23:20:00,2025-10-27 12:08:00,Completed,2025-10-20 17:20:00,2025-10-27 12:08:00
1416,1416,5,2025-11-30 14:17:00,2025-12-01 16:17:00,2025-12-18 18:53:00,Completed,2025-11-30 14:17:00,2025-12-18 18:53:00
1417,1417,3,2025-12-09 15:36:00,2025-12-11 17:36:00,2025-12-18 09:29:00,Completed,2025-12-09 15:36:00,2025-12-18 09:29:00
1418,1418,3,2026-05-16 15:14:00,2026-05-18 22:14:00,2026-05-27 09:33:00,Completed,2026-05-16 15:14:00,2026-05-27 09:33:00
1419,1419,5,2025-12-11 16:54:00,2025-12-14 18:54:00,,Delivered,2025-12-11 16:54:00,2025-12-14 18:54:00
1420,1420,1,2026-01-26 14:17:00,2026-01-28 22:17:00,2026-02-02 18:56:00,Completed,2026-01-26 14:17:00,2026-02-02 18:56:00
1421,1421,4,2025-06-22 15:53:00,2025-06-25 23:53:00,2025-06-24 16:25:00,Completed,2025-06-22 15:53:00,2025-06-25 23:53:00
1422,1422,5,2025-10-24 16:34:00,2025-10-25 18:34:00,2025-10-29 12:37:00,Completed,2025-10-24 16:34:00,2025-10-29 12:37:00
1423,1423,4,2025-09-06 09:41:00,2025-09-07 14:41:00,2025-09-19 16:27:00,Completed,2025-09-06 09:41:00,2025-09-19 16:27:00
1424,1424,3,2026-05-22 09:12:00,2026-05-23 16:12:00,2026-05-24 14:59:00,Completed,2026-05-22 09:12:00,2026-05-24 14:59:00
1425,1425,5,2025-11-29 14:09:00,2025-12-01 16:09:00,2025-12-11 15:57:00,Completed,2025-11-29 14:09:00,2025-12-11 15:57:00
1426,1426,1,2026-04-30 16:46:00,2026-05-02 21:46:00,2026-05-05 11:01:00,Completed,2026-04-30 16:46:00,2026-05-05 11:01:00
1427,1427,5,2026-04-26 15:23:00,2026-04-29 16:23:00,2026-04-26 10:09:00,Completed,2026-04-26 15:23:00,2026-04-29 16:23:00
1428,1428,3,2025-10-18 18:46:00,2025-10-22 00:46:00,2025-10-22 08:10:00,Completed,2025-10-18 18:46:00,2025-10-22 08:10:00
1429,1429,2,2025-08-17 11:13:00,2025-08-18 15:13:00,2025-08-27 16:01:00,Completed,2025-08-17 11:13:00,2025-08-27 16:01:00
1430,1430,2,2025-12-26 10:14:00,2025-12-29 13:14:00,2026-01-04 15:37:00,Completed,2025-12-26 10:14:00,2026-01-04 15:37:00
1431,1431,2,2026-05-16 17:00:00,2026-05-19 22:00:00,2026-05-24 14:37:00,Completed,2026-05-16 17:00:00,2026-05-24 14:37:00
1432,1432,5,2026-05-07 14:30:00,2026-05-08 21:30:00,2026-05-11 09:32:00,Completed,2026-05-07 14:30:00,2026-05-11 09:32:00
1433,1433,4,2026-01-16 18:29:00,2026-01-17 19:29:00,2026-01-21 17:43:00,Completed,2026-01-16 18:29:00,2026-01-21 17:43:00
1434,1434,2,2025-06-15 18:48:00,2025-06-17 00:48:00,,Delivered,2025-06-15 18:48:00,2025-06-17 00:48:00
1435,1435,5,2025-09-23 14:10:00,2025-09-26 20:10:00,2025-09-29 12:43:00,Completed,2025-09-23 14:10:00,2025-09-29 12:43:00
1436,1436,3,2026-03-06 15:16:00,2026-03-07 23:16:00,2026-03-09 16:29:00,Completed,2026-03-06 15:16:00,2026-03-09 16:29:00
1437,1437,3,2026-03-25 14:41:00,2026-03-26 22:41:00,2026-03-27 13:43:00,Completed,2026-03-25 14:41:00,2026-03-27 13:43:00
1438,1438,4,2026-02-14 08:49:00,2026-02-15 15:49:00,2026-03-01 15:27:00,Completed,2026-02-14 08:49:00,2026-03-01 15:27:00
1439,1439,5,2025-08-12 17:07:00,2025-08-14 17:07:00,2025-08-13 16:04:00,Completed,2025-08-12 17:07:00,2025-08-14 17:07:00
1440,1440,5,2026-02-22 15:26:00,2026-02-24 21:26:00,2026-03-07 10:52:00,Completed,2026-02-22 15:26:00,2026-03-07 10:52:00
1441,1441,1,2025-07-03 15:25:00,2025-07-05 16:25:00,2025-07-10 17:12:00,Completed,2025-07-03 15:25:00,2025-07-10 17:12:00
1442,1442,3,2025-06-23 17:26:00,2025-06-25 20:26:00,2025-07-10 11:54:00,Completed,2025-06-23 17:26:00,2025-07-10 11:54:00
1443,1443,3,2025-06-11 15:11:00,2025-06-14 20:11:00,2025-06-15 16:00:00,Completed,2025-06-11 15:11:00,2025-06-15 16:00:00
1444,1444,3,2026-04-24 15:40:00,2026-04-27 18:40:00,2026-04-29 13:12:00,Completed,2026-04-24 15:40:00,2026-04-29 13:12:00
1445,1445,4,2025-09-09 13:47:00,2025-09-10 19:47:00,2025-09-09 11:11:00,Completed,2025-09-09 13:47:00,2025-09-10 19:47:00
1446,1446,4,2026-04-11 10:09:00,2026-04-12 16:09:00,2026-04-18 08:16:00,Completed,2026-04-11 10:09:00,2026-04-18 08:16:00
1447,1447,1,2025-06-09 08:01:00,2025-06-11 11:01:00,2025-06-18 15:36:00,Completed,2025-06-09 08:01:00,2025-06-18 15:36:00
1448,1448,4,2025-07-30 13:23:00,2025-08-01 18:23:00,2025-08-02 18:29:00,Completed,2025-07-30 13:23:00,2025-08-02 18:29:00
1449,1449,4,2026-03-15 14:54:00,2026-03-17 20:54:00,2026-03-19 09:02:00,Completed,2026-03-15 14:54:00,2026-03-19 09:02:00
1450,1450,5,2026-04-17 16:50:00,2026-04-20 20:50:00,2026-04-26 10:11:00,Completed,2026-04-17 16:50:00,2026-04-26 10:11:00
1451,1451,2,2025-10-12 10:21:00,2025-10-14 14:21:00,2025-10-12 12:03:00,Completed,2025-10-12 10:21:00,2025-10-14 14:21:00
1452,1452,4,2026-04-30 12:32:00,2026-05-02 15:32:00,2026-05-03 09:37:00,Completed,2026-04-30 12:32:00,2026-05-03 09:37:00
1453,1453,5,2026-03-30 11:08:00,2026-04-01 15:08:00,2026-04-04 11:37:00,Completed,2026-03-30 11:08:00,2026-04-04 11:37:00
1454,1454,2,2025-06-28 14:56:00,2025-06-29 19:56:00,2025-07-06 17:09:00,Completed,2025-06-28 14:56:00,2025-07-06 17:09:00
1455,1455,4,2025-12-29 12:40:00,2025-12-31 13:40:00,2026-01-04 12:34:00,Completed,2025-12-29 12:40:00,2026-01-04 12:34:00
1456,1456,1,2026-02-28 09:49:00,2026-03-03 14:49:00,2026-03-05 16:02:00,Completed,2026-02-28 09:49:00,2026-03-05 16:02:00
1457,1457,2,2025-10-30 14:36:00,2025-11-01 21:36:00,2025-11-01 08:36:00,Completed,2025-10-30 14:36:00,2025-11-01 21:36:00
1458,1458,1,2025-10-19 14:52:00,2025-10-22 20:52:00,2025-10-20 18:15:00,Completed,2025-10-19 14:52:00,2025-10-22 20:52:00
1459,1459,4,2025-12-06 12:07:00,2025-12-08 14:07:00,2025-12-09 13:31:00,Completed,2025-12-06 12:07:00,2025-12-09 13:31:00
1460,1460,1,2025-12-10 15:40:00,2025-12-11 23:40:00,2025-12-15 09:49:00,Completed,2025-12-10 15:40:00,2025-12-15 09:49:00
1461,1461,2,2025-09-01 09:32:00,2025-09-02 15:32:00,2025-09-01 14:48:00,Completed,2025-09-01 09:32:00,2025-09-02 15:32:00
1462,1462,2,2025-10-14 11:42:00,2025-10-15 17:42:00,2025-10-14 14:11:00,Completed,2025-10-14 11:42:00,2025-10-15 17:42:00
1463,1463,5,2025-12-11 09:32:00,2025-12-14 09:32:00,2025-12-18 09:47:00,Completed,2025-12-11 09:32:00,2025-12-18 09:47:00
1464,1464,5,2026-04-01 11:39:00,2026-04-02 18:39:00,,Delivered,2026-04-01 11:39:00,2026-04-02 18:39:00
1465,1465,5,2025-06-19 15:17:00,2025-06-20 21:17:00,2025-06-20 17:25:00,Completed,2025-06-19 15:17:00,2025-06-20 21:17:00
1466,1466,3,2026-01-25 10:31:00,2026-01-26 16:31:00,2026-01-29 15:51:00,Completed,2026-01-25 10:31:00,2026-01-29 15:51:00
1467,1467,2,2026-05-22 10:28:00,2026-05-23 16:28:00,2026-06-01 12:10:00,Completed,2026-05-22 10:28:00,2026-06-01 12:10:00
1468,1468,1,2025-11-12 10:05:00,2025-11-14 11:05:00,2025-11-12 17:51:00,Completed,2025-11-12 10:05:00,2025-11-14 11:05:00
1469,1469,2,2025-12-28 12:23:00,2025-12-30 18:23:00,2026-01-05 18:33:00,Completed,2025-12-28 12:23:00,2026-01-05 18:33:00
1470,1470,3,2026-01-18 16:05:00,2026-01-21 17:05:00,,Delivered,2026-01-18 16:05:00,2026-01-21 17:05:00
1471,1471,2,2025-10-04 14:37:00,2025-10-07 16:37:00,2025-10-24 15:33:00,Completed,2025-10-04 14:37:00,2025-10-24 15:33:00
1472,1472,5,2025-07-20 14:09:00,2025-07-23 17:09:00,2025-07-22 16:20:00,Completed,2025-07-20 14:09:00,2025-07-23 17:09:00
1473,1473,3,2025-11-29 11:55:00,2025-12-01 12:55:00,2025-12-01 16:12:00,Completed,2025-11-29 11:55:00,2025-12-01 16:12:00
1474,1474,2,2026-04-13 09:28:00,2026-04-15 12:28:00,2026-04-19 11:37:00,Completed,2026-04-13 09:28:00,2026-04-19 11:37:00
1475,1475,2,2025-08-14 08:53:00,2025-08-16 15:53:00,2025-08-18 11:36:00,Completed,2025-08-14 08:53:00,2025-08-18 11:36:00
1476,1476,3,2026-03-11 17:29:00,2026-03-13 21:29:00,2026-03-21 17:18:00,Completed,2026-03-11 17:29:00,2026-03-21 17:18:00
1477,1477,4,2025-07-10 14:38:00,2025-07-12 18:38:00,2025-07-17 12:24:00,Completed,2025-07-10 14:38:00,2025-07-17 12:24:00
1478,1478,3,2026-04-10 11:37:00,2026-04-13 14:37:00,2026-04-16 14:58:00,Completed,2026-04-10 11:37:00,2026-04-16 14:58:00
1479,1479,2,2025-12-10 09:45:00,2025-12-13 14:45:00,2025-12-13 12:42:00,Completed,2025-12-10 09:45:00,2025-12-13 14:45:00
1480,1480,5,2025-08-22 17:44:00,2025-08-24 18:44:00,2025-08-25 10:23:00,Completed,2025-08-22 17:44:00,2025-08-25 10:23:00
1481,1481,2,2026-02-08 09:44:00,2026-02-09 14:44:00,2026-02-26 09:20:00,Completed,2026-02-08 09:44:00,2026-02-26 09:20:00
1482,1482,1,2025-10-15 15:50:00,2025-10-18 16:50:00,2025-10-31 16:07:00,Completed,2025-10-15 15:50:00,2025-10-31 16:07:00
1483,1483,2,2026-04-17 17:59:00,2026-04-20 19:59:00,2026-04-21 11:01:00,Completed,2026-04-17 17:59:00,2026-04-21 11:01:00
1484,1484,2,2025-08-13 16:21:00,2025-08-15 00:21:00,2025-08-15 17:58:00,Completed,2025-08-13 16:21:00,2025-08-15 17:58:00
1485,1485,5,2026-01-30 11:14:00,2026-01-31 17:14:00,2026-02-05 12:00:00,Completed,2026-01-30 11:14:00,2026-02-05 12:00:00
1486,1486,3,2025-10-01 11:24:00,2025-10-02 18:24:00,2025-10-03 11:38:00,Completed,2025-10-01 11:24:00,2025-10-03 11:38:00
1487,1487,5,2025-08-21 18:39:00,2025-08-24 02:39:00,2025-09-04 11:34:00,Completed,2025-08-21 18:39:00,2025-09-04 11:34:00
1488,1488,2,2026-05-08 18:13:00,2026-05-10 18:13:00,2026-05-30 09:40:00,Completed,2026-05-08 18:13:00,2026-05-30 09:40:00
1489,1489,2,2025-10-11 15:36:00,2025-10-14 18:36:00,2025-10-16 13:30:00,Completed,2025-10-11 15:36:00,2025-10-16 13:30:00
1490,1490,3,2026-04-29 15:17:00,2026-05-02 17:17:00,2026-05-15 12:14:00,Completed,2026-04-29 15:17:00,2026-05-15 12:14:00
1491,1491,2,2025-08-12 12:57:00,2025-08-13 19:57:00,2025-08-17 16:29:00,Completed,2025-08-12 12:57:00,2025-08-17 16:29:00
1492,1492,5,2026-03-26 16:06:00,2026-03-27 18:06:00,2026-04-06 14:17:00,Completed,2026-03-26 16:06:00,2026-04-06 14:17:00
1493,1493,2,2025-06-15 08:19:00,2025-06-18 13:19:00,2025-06-16 11:18:00,Completed,2025-06-15 08:19:00,2025-06-18 13:19:00
1494,1494,3,2025-10-20 10:45:00,2025-10-21 15:45:00,2025-11-13 09:32:00,Completed,2025-10-20 10:45:00,2025-11-13 09:32:00
1495,1495,4,2025-11-18 08:09:00,2025-11-20 14:09:00,,Delivered,2025-11-18 08:09:00,2025-11-20 14:09:00
1496,1496,5,2025-07-20 09:11:00,2025-07-22 17:11:00,2025-07-27 16:55:00,Completed,2025-07-20 09:11:00,2025-07-27 16:55:00
1497,1497,1,2025-06-10 09:42:00,2025-06-11 16:42:00,2025-06-10 17:00:00,Completed,2025-06-10 09:42:00,2025-06-11 16:42:00
1498,1498,4,2025-12-21 12:06:00,2025-12-23 12:06:00,2026-01-05 16:59:00,Completed,2025-12-21 12:06:00,2026-01-05 16:59:00
1499,1499,4,2026-05-19 17:05:00,2026-05-22 17:05:00,2026-05-31 17:31:00,Completed,2026-05-19 17:05:00,2026-05-31 17:31:00
1500,1500,2,2026-04-23 18:45:00,2026-04-25 22:45:00,2026-05-01 18:32:00,Completed,2026-04-23 18:45:00,2026-05-01 18:32:00
1501,1501,2,2026-04-01 09:38:00,2026-04-04 11:38:00,2026-04-02 09:00:00,Completed,2026-04-01 09:38:00,2026-04-04 11:38:00
1502,1502,5,2026-04-20 14:32:00,2026-04-21 19:32:00,2026-04-28 13:24:00,Completed,2026-04-20 14:32:00,2026-04-28 13:24:00
1503,1503,2,2025-11-26 12:13:00,2025-11-27 13:13:00,2025-12-01 16:35:00,Completed,2025-11-26 12:13:00,2025-12-01 16:35:00
1504,1504,3,2025-08-23 12:34:00,2025-08-26 18:34:00,2025-08-31 14:18:00,Completed,2025-08-23 12:34:00,2025-08-31 14:18:00
1505,1505,5,2025-07-23 10:11:00,2025-07-25 14:11:00,2025-07-23 13:15:00,Completed,2025-07-23 10:11:00,2025-07-25 14:11:00
1506,1506,5,2025-07-04 09:41:00,2025-07-05 12:41:00,2025-07-08 17:02:00,Completed,2025-07-04 09:41:00,2025-07-08 17:02:00
1507,1507,5,2025-12-04 14:28:00,2025-12-07 22:28:00,2025-12-04 13:41:00,Completed,2025-12-04 14:28:00,2025-12-07 22:28:00
1508,1508,3,2025-10-08 15:46:00,2025-10-10 19:46:00,2025-10-12 08:11:00,Completed,2025-10-08 15:46:00,2025-10-12 08:11:00
1509,1509,3,2026-03-25 08:27:00,2026-03-28 12:27:00,2026-04-01 11:59:00,Completed,2026-03-25 08:27:00,2026-04-01 11:59:00
1510,1510,1,2026-02-21 11:54:00,2026-02-22 11:54:00,2026-02-22 09:42:00,Completed,2026-02-21 11:54:00,2026-02-22 11:54:00
1511,1511,1,2025-08-16 08:30:00,2025-08-17 15:30:00,,Delivered,2025-08-16 08:30:00,2025-08-17 15:30:00
1512,1512,2,2025-11-30 13:19:00,2025-12-02 14:19:00,2025-12-08 15:27:00,Completed,2025-11-30 13:19:00,2025-12-08 15:27:00
1513,1513,1,2025-08-26 08:43:00,2025-08-28 13:43:00,2025-09-15 16:13:00,Completed,2025-08-26 08:43:00,2025-09-15 16:13:00
1514,1514,1,2025-12-09 16:22:00,2025-12-11 20:22:00,2025-12-15 09:05:00,Completed,2025-12-09 16:22:00,2025-12-15 09:05:00
1515,1515,1,2025-07-17 08:28:00,2025-07-19 10:28:00,2025-07-23 12:48:00,Completed,2025-07-17 08:28:00,2025-07-23 12:48:00
1516,1516,5,2026-02-08 09:12:00,2026-02-09 16:12:00,2026-02-11 12:49:00,Completed,2026-02-08 09:12:00,2026-02-11 12:49:00
1517,1517,1,2025-09-09 08:21:00,2025-09-12 11:21:00,2025-09-26 18:25:00,Completed,2025-09-09 08:21:00,2025-09-26 18:25:00
1518,1518,3,2025-08-03 16:04:00,2025-08-06 18:04:00,2025-08-12 18:35:00,Completed,2025-08-03 16:04:00,2025-08-12 18:35:00
1519,1519,2,2025-09-12 16:38:00,2025-09-16 00:38:00,2025-09-17 15:09:00,Completed,2025-09-12 16:38:00,2025-09-17 15:09:00
1520,1520,1,2026-05-02 16:33:00,2026-05-03 21:33:00,2026-05-04 09:59:00,Completed,2026-05-02 16:33:00,2026-05-04 09:59:00
1521,1521,2,2025-09-29 16:22:00,2025-10-02 20:22:00,2025-10-09 08:21:00,Completed,2025-09-29 16:22:00,2025-10-09 08:21:00
1522,1522,1,2026-02-08 09:10:00,2026-02-09 12:10:00,2026-02-10 12:35:00,Completed,2026-02-08 09:10:00,2026-02-10 12:35:00
1523,1523,1,2026-03-16 18:18:00,2026-03-19 20:18:00,2026-03-31 16:27:00,Completed,2026-03-16 18:18:00,2026-03-31 16:27:00
1524,1524,5,2025-09-28 15:01:00,2025-09-29 18:01:00,2025-09-30 18:44:00,Completed,2025-09-28 15:01:00,2025-09-30 18:44:00
1525,1525,5,2025-12-18 16:44:00,2025-12-20 17:44:00,2025-12-27 10:42:00,Completed,2025-12-18 16:44:00,2025-12-27 10:42:00
1526,1526,1,2025-07-23 12:48:00,2025-07-24 19:48:00,2025-07-23 11:03:00,Completed,2025-07-23 12:48:00,2025-07-24 19:48:00
1527,1527,3,2026-04-20 12:10:00,2026-04-21 17:10:00,,Delivered,2026-04-20 12:10:00,2026-04-21 17:10:00
1528,1528,4,2025-12-01 09:13:00,2025-12-02 12:13:00,2025-12-11 11:20:00,Completed,2025-12-01 09:13:00,2025-12-11 11:20:00
1529,1529,2,2025-11-26 14:19:00,2025-11-28 16:19:00,,Delivered,2025-11-26 14:19:00,2025-11-28 16:19:00
1530,1530,1,2026-04-16 11:33:00,2026-04-17 11:33:00,2026-04-17 11:21:00,Completed,2026-04-16 11:33:00,2026-04-17 11:33:00
1531,1531,2,2025-07-05 11:42:00,2025-07-06 15:42:00,2025-07-09 11:46:00,Completed,2025-07-05 11:42:00,2025-07-09 11:46:00
1532,1532,4,2025-09-24 09:26:00,2025-09-27 17:26:00,2025-10-01 16:14:00,Completed,2025-09-24 09:26:00,2025-10-01 16:14:00
1533,1533,1,2025-09-21 16:55:00,2025-09-24 00:55:00,2025-09-22 14:40:00,Completed,2025-09-21 16:55:00,2025-09-24 00:55:00
1534,1534,1,2025-06-30 12:18:00,2025-07-01 14:18:00,,Delivered,2025-06-30 12:18:00,2025-07-01 14:18:00
1535,1535,4,2026-04-06 16:42:00,2026-04-09 20:42:00,2026-04-19 12:31:00,Completed,2026-04-06 16:42:00,2026-04-19 12:31:00
1536,1536,1,2026-01-01 12:25:00,2026-01-02 16:25:00,2026-01-06 14:41:00,Completed,2026-01-01 12:25:00,2026-01-06 14:41:00
1537,1537,4,2026-04-15 13:48:00,2026-04-18 16:48:00,2026-04-22 13:37:00,Completed,2026-04-15 13:48:00,2026-04-22 13:37:00
1538,1538,4,2025-09-04 18:54:00,2025-09-05 23:54:00,2025-09-11 15:39:00,Completed,2025-09-04 18:54:00,2025-09-11 15:39:00
1539,1539,1,2025-07-05 14:40:00,2025-07-06 21:40:00,2025-07-09 16:26:00,Completed,2025-07-05 14:40:00,2025-07-09 16:26:00
1540,1540,1,2026-02-10 18:58:00,2026-02-13 18:58:00,2026-02-16 15:27:00,Completed,2026-02-10 18:58:00,2026-02-16 15:27:00
1541,1541,4,2026-04-30 18:14:00,2026-05-02 22:14:00,,Delivered,2026-04-30 18:14:00,2026-05-02 22:14:00
1542,1542,3,2025-07-13 15:08:00,2025-07-14 18:08:00,2025-07-27 10:04:00,Completed,2025-07-13 15:08:00,2025-07-27 10:04:00
1543,1543,2,2025-12-11 16:04:00,2025-12-13 22:04:00,,Delivered,2025-12-11 16:04:00,2025-12-13 22:04:00
1544,1544,5,2026-04-23 09:43:00,2026-04-24 17:43:00,2026-04-23 18:19:00,Completed,2026-04-23 09:43:00,2026-04-24 17:43:00
1545,1545,3,2026-02-21 13:12:00,2026-02-23 16:12:00,,Delivered,2026-02-21 13:12:00,2026-02-23 16:12:00
1546,1546,1,2025-11-28 18:12:00,2025-12-01 21:12:00,2025-12-01 11:22:00,Completed,2025-11-28 18:12:00,2025-12-01 21:12:00
1547,1547,2,2025-12-11 17:01:00,2025-12-13 18:01:00,2025-12-25 18:28:00,Completed,2025-12-11 17:01:00,2025-12-25 18:28:00
1548,1548,2,2025-12-27 13:52:00,2025-12-30 13:52:00,2026-01-08 08:25:00,Completed,2025-12-27 13:52:00,2026-01-08 08:25:00
1549,1549,4,2025-06-29 16:51:00,2025-07-02 18:51:00,,Delivered,2025-06-29 16:51:00,2025-07-02 18:51:00
1550,1550,2,2025-06-22 10:14:00,2025-06-23 18:14:00,2025-06-29 16:47:00,Completed,2025-06-22 10:14:00,2025-06-29 16:47:00
1551,1551,5,2025-06-19 15:36:00,2025-06-21 19:36:00,2025-06-19 11:32:00,Completed,2025-06-19 15:36:00,2025-06-21 19:36:00
1552,1552,1,2025-09-06 13:39:00,2025-09-09 16:39:00,2025-09-06 18:42:00,Completed,2025-09-06 13:39:00,2025-09-09 16:39:00
1553,1553,5,2025-08-07 09:18:00,2025-08-09 10:18:00,2025-08-13 18:58:00,Completed,2025-08-07 09:18:00,2025-08-13 18:58:00
1554,1554,2,2026-05-27 18:19:00,2026-05-29 00:19:00,2026-06-03 16:23:00,Completed,2026-05-27 18:19:00,2026-06-03 16:23:00
1555,1555,3,2026-05-23 09:38:00,2026-05-25 15:38:00,2026-06-01 12:30:00,Completed,2026-05-23 09:38:00,2026-06-01 12:30:00
1556,1556,2,2026-05-23 15:48:00,2026-05-24 17:48:00,2026-06-01 08:50:00,Completed,2026-05-23 15:48:00,2026-06-01 08:50:00
1557,1557,2,2026-03-04 13:58:00,2026-03-07 13:58:00,2026-03-17 12:29:00,Completed,2026-03-04 13:58:00,2026-03-17 12:29:00
1558,1558,3,2026-02-11 09:19:00,2026-02-12 12:19:00,2026-02-20 18:15:00,Completed,2026-02-11 09:19:00,2026-02-20 18:15:00
1559,1559,1,2025-06-06 15:20:00,2025-06-08 19:20:00,2025-06-16 15:40:00,Completed,2025-06-06 15:20:00,2025-06-16 15:40:00
1560,1560,3,2025-07-02 12:09:00,2025-07-04 20:09:00,2025-07-03 11:15:00,Completed,2025-07-02 12:09:00,2025-07-04 20:09:00
1561,1561,1,2025-12-01 16:04:00,2025-12-02 18:04:00,2025-12-09 16:26:00,Completed,2025-12-01 16:04:00,2025-12-09 16:26:00
1562,1562,2,2026-04-11 08:23:00,2026-04-12 13:23:00,2026-04-15 12:25:00,Completed,2026-04-11 08:23:00,2026-04-15 12:25:00
1563,1563,4,2025-11-06 11:43:00,2025-11-08 15:43:00,2025-11-15 15:39:00,Completed,2025-11-06 11:43:00,2025-11-15 15:39:00
1564,1564,5,2025-12-11 15:32:00,2025-12-14 22:32:00,2025-12-25 13:55:00,Completed,2025-12-11 15:32:00,2025-12-25 13:55:00
1565,1565,3,2025-10-20 16:55:00,2025-10-21 19:55:00,2025-10-30 13:00:00,Completed,2025-10-20 16:55:00,2025-10-30 13:00:00
1566,1566,4,2025-11-26 15:52:00,2025-11-29 21:52:00,2025-12-08 08:10:00,Completed,2025-11-26 15:52:00,2025-12-08 08:10:00
1567,1567,5,2025-07-26 16:17:00,2025-07-28 00:17:00,2025-07-27 13:46:00,Completed,2025-07-26 16:17:00,2025-07-28 00:17:00
1568,1568,2,2026-05-26 16:44:00,2026-05-27 21:44:00,2026-06-01 18:09:00,Completed,2026-05-26 16:44:00,2026-06-01 18:09:00
1569,1569,3,2025-07-07 18:22:00,2025-07-09 02:22:00,2025-07-09 14:50:00,Completed,2025-07-07 18:22:00,2025-07-09 14:50:00
1570,1570,3,2025-11-09 11:06:00,2025-11-11 11:06:00,2025-11-19 13:30:00,Completed,2025-11-09 11:06:00,2025-11-19 13:30:00
1571,1571,2,2026-04-02 10:47:00,2026-04-03 12:47:00,2026-04-12 08:03:00,Completed,2026-04-02 10:47:00,2026-04-12 08:03:00
1572,1572,5,2026-05-26 15:23:00,2026-05-28 15:23:00,2026-06-05 09:46:00,Completed,2026-05-26 15:23:00,2026-06-05 09:46:00
1573,1573,5,2025-09-23 10:22:00,2025-09-25 18:22:00,2025-09-30 18:40:00,Completed,2025-09-23 10:22:00,2025-09-30 18:40:00
1574,1574,4,2026-02-14 17:46:00,2026-02-16 01:46:00,2026-02-20 16:35:00,Completed,2026-02-14 17:46:00,2026-02-20 16:35:00
1575,1575,1,2026-05-02 16:44:00,2026-05-04 23:44:00,,Delivered,2026-05-02 16:44:00,2026-05-04 23:44:00
1576,1576,5,2025-10-17 12:36:00,2025-10-19 12:36:00,,Delivered,2025-10-17 12:36:00,2025-10-19 12:36:00
1577,1577,4,2025-09-04 16:56:00,2025-09-05 16:56:00,2025-09-16 10:33:00,Completed,2025-09-04 16:56:00,2025-09-16 10:33:00
1578,1578,2,2025-06-22 18:38:00,2025-06-24 20:38:00,2025-06-25 18:43:00,Completed,2025-06-22 18:38:00,2025-06-25 18:43:00
1579,1579,5,2025-06-26 18:29:00,2025-06-28 23:29:00,2025-06-27 13:43:00,Completed,2025-06-26 18:29:00,2025-06-28 23:29:00
1580,1580,4,2026-02-06 10:55:00,2026-02-07 18:55:00,2026-02-07 13:46:00,Completed,2026-02-06 10:55:00,2026-02-07 18:55:00
1581,1581,2,2026-01-15 16:58:00,2026-01-19 00:58:00,2026-01-18 16:37:00,Completed,2026-01-15 16:58:00,2026-01-19 00:58:00
1582,1582,2,2025-08-12 09:54:00,2025-08-13 17:54:00,2025-08-30 17:27:00,Completed,2025-08-12 09:54:00,2025-08-30 17:27:00
1583,1583,2,2026-04-21 12:44:00,2026-04-22 16:44:00,2026-05-05 14:19:00,Completed,2026-04-21 12:44:00,2026-05-05 14:19:00
1584,1584,2,2026-04-03 10:16:00,2026-04-04 18:16:00,2026-04-10 11:13:00,Completed,2026-04-03 10:16:00,2026-04-10 11:13:00
1585,1585,3,2026-01-30 13:48:00,2026-02-02 15:48:00,2026-02-04 18:05:00,Completed,2026-01-30 13:48:00,2026-02-04 18:05:00
1586,1586,1,2025-11-29 18:27:00,2025-12-02 02:27:00,2025-12-07 10:28:00,Completed,2025-11-29 18:27:00,2025-12-07 10:28:00
1587,1587,2,2026-03-01 09:00:00,2026-03-04 10:00:00,2026-03-04 11:41:00,Completed,2026-03-01 09:00:00,2026-03-04 11:41:00
1588,1588,5,2025-10-28 09:23:00,2025-10-29 16:23:00,2025-11-02 10:21:00,Completed,2025-10-28 09:23:00,2025-11-02 10:21:00
1589,1589,5,2025-11-07 17:03:00,2025-11-10 18:03:00,2025-11-17 16:30:00,Completed,2025-11-07 17:03:00,2025-11-17 16:30:00
1590,1590,1,2025-10-02 15:10:00,2025-10-05 21:10:00,2025-10-02 11:49:00,Completed,2025-10-02 15:10:00,2025-10-05 21:10:00
1591,1591,1,2026-01-21 08:09:00,2026-01-23 08:09:00,2026-02-02 10:04:00,Completed,2026-01-21 08:09:00,2026-02-02 10:04:00
1592,1592,2,2026-02-11 09:37:00,2026-02-12 15:37:00,2026-02-17 09:18:00,Completed,2026-02-11 09:37:00,2026-02-17 09:18:00
1593,1593,3,2026-02-15 12:47:00,2026-02-17 12:47:00,2026-02-18 14:40:00,Completed,2026-02-15 12:47:00,2026-02-18 14:40:00
1594,1594,4,2026-01-21 11:22:00,2026-01-23 18:22:00,2026-02-07 13:52:00,Completed,2026-01-21 11:22:00,2026-02-07 13:52:00
1595,1595,3,2026-01-21 11:07:00,2026-01-22 14:07:00,2026-02-01 09:51:00,Completed,2026-01-21 11:07:00,2026-02-01 09:51:00
1596,1596,5,2025-08-16 14:03:00,2025-08-17 16:03:00,2025-08-20 16:03:00,Completed,2025-08-16 14:03:00,2025-08-20 16:03:00
1597,1597,4,2025-11-07 11:33:00,2025-11-10 19:33:00,2025-11-11 18:33:00,Completed,2025-11-07 11:33:00,2025-11-11 18:33:00
1598,1598,4,2026-05-08 16:15:00,2026-05-09 19:15:00,2026-05-14 14:58:00,Completed,2026-05-08 16:15:00,2026-05-14 14:58:00
1599,1599,1,2025-10-31 08:08:00,2025-11-03 11:08:00,2025-11-01 11:03:00,Completed,2025-10-31 08:08:00,2025-11-03 11:08:00
1600,1600,1,2025-11-20 10:48:00,2025-11-22 16:48:00,2025-11-21 17:05:00,Completed,2025-11-20 10:48:00,2025-11-22 16:48:00
1601,1601,4,2025-09-25 18:45:00,2025-09-26 19:45:00,2025-10-03 14:53:00,Completed,2025-09-25 18:45:00,2025-10-03 14:53:00
1602,1602,4,2025-08-15 16:12:00,2025-08-17 00:12:00,,Delivered,2025-08-15 16:12:00,2025-08-17 00:12:00
1603,1603,2,2025-07-06 11:16:00,2025-07-08 13:16:00,2025-07-13 10:23:00,Completed,2025-07-06 11:16:00,2025-07-13 10:23:00
1604,1604,1,2025-12-21 10:30:00,2025-12-24 17:30:00,2025-12-23 18:47:00,Completed,2025-12-21 10:30:00,2025-12-24 17:30:00
1605,1605,3,2025-08-17 10:45:00,2025-08-19 18:45:00,2025-08-23 18:42:00,Completed,2025-08-17 10:45:00,2025-08-23 18:42:00
1606,1606,5,2025-06-15 15:30:00,2025-06-18 22:30:00,2025-06-20 13:07:00,Completed,2025-06-15 15:30:00,2025-06-20 13:07:00
1607,1607,4,2025-08-31 13:54:00,2025-09-01 14:54:00,2025-09-14 14:53:00,Completed,2025-08-31 13:54:00,2025-09-14 14:53:00
1608,1608,1,2025-07-18 10:17:00,2025-07-20 10:17:00,2025-08-08 13:39:00,Completed,2025-07-18 10:17:00,2025-08-08 13:39:00
1609,1609,2,2026-04-12 13:06:00,2026-04-14 15:06:00,2026-04-17 18:29:00,Completed,2026-04-12 13:06:00,2026-04-17 18:29:00
1610,1610,5,2026-02-10 18:27:00,2026-02-13 23:27:00,2026-02-13 17:36:00,Completed,2026-02-10 18:27:00,2026-02-13 23:27:00
1611,1611,4,2025-11-18 16:57:00,2025-11-21 00:57:00,2025-11-22 12:31:00,Completed,2025-11-18 16:57:00,2025-11-22 12:31:00
1612,1612,4,2025-09-10 15:11:00,2025-09-11 21:11:00,2025-09-14 10:39:00,Completed,2025-09-10 15:11:00,2025-09-14 10:39:00
1613,1613,5,2025-09-19 10:04:00,2025-09-21 11:04:00,2025-09-26 08:52:00,Completed,2025-09-19 10:04:00,2025-09-26 08:52:00
1614,1614,3,2026-04-26 17:14:00,2026-04-29 18:14:00,2026-04-27 09:16:00,Completed,2026-04-26 17:14:00,2026-04-29 18:14:00
1615,1615,1,2025-06-26 11:21:00,2025-06-28 17:21:00,2025-07-04 14:11:00,Completed,2025-06-26 11:21:00,2025-07-04 14:11:00
1616,1616,5,2025-06-27 18:50:00,2025-06-30 02:50:00,2025-07-14 17:44:00,Completed,2025-06-27 18:50:00,2025-07-14 17:44:00
1617,1617,4,2026-02-16 13:06:00,2026-02-17 17:06:00,2026-02-16 13:51:00,Completed,2026-02-16 13:06:00,2026-02-17 17:06:00
1618,1618,5,2026-02-22 16:48:00,2026-02-25 18:48:00,2026-02-23 16:22:00,Completed,2026-02-22 16:48:00,2026-02-25 18:48:00
1619,1619,3,2025-09-10 15:25:00,2025-09-13 19:25:00,2025-09-19 16:29:00,Completed,2025-09-10 15:25:00,2025-09-19 16:29:00
1620,1620,4,2025-10-19 13:43:00,2025-10-21 17:43:00,2025-10-20 13:09:00,Completed,2025-10-19 13:43:00,2025-10-21 17:43:00
1621,1621,4,2025-07-14 15:58:00,2025-07-17 21:58:00,2025-07-23 11:13:00,Completed,2025-07-14 15:58:00,2025-07-23 11:13:00
1622,1622,1,2025-12-05 13:14:00,2025-12-08 18:14:00,2025-12-09 10:33:00,Completed,2025-12-05 13:14:00,2025-12-09 10:33:00
1623,1623,5,2025-11-29 11:57:00,2025-12-02 18:57:00,2025-12-02 08:54:00,Completed,2025-11-29 11:57:00,2025-12-02 18:57:00
1624,1624,4,2025-11-06 16:57:00,2025-11-09 16:57:00,2025-11-08 12:40:00,Completed,2025-11-06 16:57:00,2025-11-09 16:57:00
1625,1625,2,2026-04-15 17:38:00,2026-04-18 01:38:00,2026-04-19 11:09:00,Completed,2026-04-15 17:38:00,2026-04-19 11:09:00
1626,1626,2,2025-09-14 14:01:00,2025-09-15 19:01:00,2025-09-16 17:08:00,Completed,2025-09-14 14:01:00,2025-09-16 17:08:00
1627,1627,4,2025-08-23 18:20:00,2025-08-25 02:20:00,2025-09-03 16:24:00,Completed,2025-08-23 18:20:00,2025-09-03 16:24:00
1628,1628,4,2026-05-20 16:44:00,2026-05-22 23:44:00,2026-06-01 12:11:00,Completed,2026-05-20 16:44:00,2026-06-01 12:11:00
1629,1629,4,2026-03-14 08:04:00,2026-03-15 16:04:00,,Delivered,2026-03-14 08:04:00,2026-03-15 16:04:00
1630,1630,3,2025-10-16 18:40:00,2025-10-19 20:40:00,2025-10-24 10:46:00,Completed,2025-10-16 18:40:00,2025-10-24 10:46:00
1631,1631,2,2026-02-16 16:26:00,2026-02-18 16:26:00,2026-02-20 15:18:00,Completed,2026-02-16 16:26:00,2026-02-20 15:18:00
1632,1632,2,2026-05-06 13:49:00,2026-05-09 17:49:00,2026-05-25 16:07:00,Completed,2026-05-06 13:49:00,2026-05-25 16:07:00
1633,1633,1,2025-10-21 16:11:00,2025-10-23 18:11:00,2025-10-25 18:20:00,Completed,2025-10-21 16:11:00,2025-10-25 18:20:00
1634,1634,3,2026-04-21 09:28:00,2026-04-23 10:28:00,2026-04-28 09:15:00,Completed,2026-04-21 09:28:00,2026-04-28 09:15:00
1635,1635,2,2025-09-01 17:38:00,2025-09-04 19:38:00,,Delivered,2025-09-01 17:38:00,2025-09-04 19:38:00
1636,1636,1,2025-12-18 15:47:00,2025-12-20 23:47:00,2025-12-28 15:40:00,Completed,2025-12-18 15:47:00,2025-12-28 15:40:00
1637,1637,1,2025-08-12 17:36:00,2025-08-15 20:36:00,2025-08-20 08:28:00,Completed,2025-08-12 17:36:00,2025-08-20 08:28:00
1638,1638,4,2026-02-14 17:42:00,2026-02-17 20:42:00,,Delivered,2026-02-14 17:42:00,2026-02-17 20:42:00
1639,1639,1,2026-01-14 13:51:00,2026-01-17 20:51:00,2026-01-21 12:30:00,Completed,2026-01-14 13:51:00,2026-01-21 12:30:00
1640,1640,5,2025-06-15 13:31:00,2025-06-16 18:31:00,2025-06-15 09:04:00,Completed,2025-06-15 13:31:00,2025-06-16 18:31:00
1641,1641,3,2025-08-16 16:12:00,2025-08-17 17:12:00,2025-08-25 12:04:00,Completed,2025-08-16 16:12:00,2025-08-25 12:04:00
1642,1642,4,2025-09-07 15:53:00,2025-09-10 21:53:00,2025-09-08 12:53:00,Completed,2025-09-07 15:53:00,2025-09-10 21:53:00
1643,1643,4,2026-03-01 14:19:00,2026-03-02 16:19:00,2026-03-25 10:25:00,Completed,2026-03-01 14:19:00,2026-03-25 10:25:00
1644,1644,5,2026-02-15 16:51:00,2026-02-16 18:51:00,2026-02-15 16:00:00,Completed,2026-02-15 16:51:00,2026-02-16 18:51:00
1645,1645,2,2026-03-22 18:07:00,2026-03-25 18:07:00,2026-03-25 11:16:00,Completed,2026-03-22 18:07:00,2026-03-25 18:07:00
1646,1646,1,2026-04-26 14:41:00,2026-04-28 15:41:00,2026-05-01 11:08:00,Completed,2026-04-26 14:41:00,2026-05-01 11:08:00
1647,1647,1,2026-05-15 09:58:00,2026-05-17 16:58:00,2026-05-22 10:08:00,Completed,2026-05-15 09:58:00,2026-05-22 10:08:00
1648,1648,5,2025-06-13 14:09:00,2025-06-16 19:09:00,2025-06-22 09:15:00,Completed,2025-06-13 14:09:00,2025-06-22 09:15:00
1649,1649,2,2026-01-01 13:41:00,2026-01-04 20:41:00,2026-01-11 11:53:00,Completed,2026-01-01 13:41:00,2026-01-11 11:53:00
1650,1650,4,2026-05-22 08:23:00,2026-05-25 10:23:00,2026-05-31 13:12:00,Completed,2026-05-22 08:23:00,2026-05-31 13:12:00
1651,1651,3,2025-12-06 18:22:00,2025-12-09 02:22:00,2025-12-08 08:07:00,Completed,2025-12-06 18:22:00,2025-12-09 02:22:00
1652,1652,3,2026-02-19 08:17:00,2026-02-20 15:17:00,2026-02-24 17:16:00,Completed,2026-02-19 08:17:00,2026-02-24 17:16:00
1653,1653,2,2025-09-30 16:06:00,2025-10-03 22:06:00,2025-10-03 10:52:00,Completed,2025-09-30 16:06:00,2025-10-03 22:06:00
1654,1654,5,2025-11-15 12:51:00,2025-11-18 14:51:00,2025-11-18 13:48:00,Completed,2025-11-15 12:51:00,2025-11-18 14:51:00
1655,1655,2,2025-11-29 15:39:00,2025-11-30 21:39:00,2025-11-30 18:07:00,Completed,2025-11-29 15:39:00,2025-11-30 21:39:00
1656,1656,4,2026-05-09 10:54:00,2026-05-12 10:54:00,2026-05-18 13:13:00,Completed,2026-05-09 10:54:00,2026-05-18 13:13:00
1657,1657,1,2026-05-08 13:39:00,2026-05-11 20:39:00,,Delivered,2026-05-08 13:39:00,2026-05-11 20:39:00
1658,1658,4,2025-12-05 17:23:00,2025-12-07 23:23:00,2025-12-19 15:22:00,Completed,2025-12-05 17:23:00,2025-12-19 15:22:00
1659,1659,5,2026-01-07 12:11:00,2026-01-08 18:11:00,2026-01-27 13:30:00,Completed,2026-01-07 12:11:00,2026-01-27 13:30:00
1660,1660,4,2025-07-14 16:01:00,2025-07-15 20:01:00,2025-07-17 13:49:00,Completed,2025-07-14 16:01:00,2025-07-17 13:49:00
1661,1661,3,2025-10-30 08:10:00,2025-10-31 08:10:00,2025-10-30 09:12:00,Completed,2025-10-30 08:10:00,2025-10-31 08:10:00
1662,1662,5,2025-09-28 09:21:00,2025-09-30 16:21:00,2025-10-07 17:45:00,Completed,2025-09-28 09:21:00,2025-10-07 17:45:00
1663,1663,3,2025-06-14 10:52:00,2025-06-15 15:52:00,2025-06-18 18:20:00,Completed,2025-06-14 10:52:00,2025-06-18 18:20:00
1664,1664,1,2026-04-27 14:57:00,2026-04-28 20:57:00,2026-05-04 12:42:00,Completed,2026-04-27 14:57:00,2026-05-04 12:42:00
1665,1665,5,2025-09-02 08:12:00,2025-09-04 14:12:00,2025-09-05 16:01:00,Completed,2025-09-02 08:12:00,2025-09-05 16:01:00
1666,1666,1,2025-09-17 15:56:00,2025-09-20 15:56:00,2025-09-19 12:06:00,Completed,2025-09-17 15:56:00,2025-09-20 15:56:00
1667,1667,3,2026-01-21 16:24:00,2026-01-24 21:24:00,2026-01-30 12:54:00,Completed,2026-01-21 16:24:00,2026-01-30 12:54:00
1668,1668,3,2025-11-16 14:39:00,2025-11-19 17:39:00,2025-11-17 15:51:00,Completed,2025-11-16 14:39:00,2025-11-19 17:39:00
1669,1669,4,2026-01-21 09:25:00,2026-01-24 15:25:00,2026-01-27 15:54:00,Completed,2026-01-21 09:25:00,2026-01-27 15:54:00
1670,1670,2,2026-01-05 15:01:00,2026-01-07 17:01:00,2026-01-08 15:03:00,Completed,2026-01-05 15:01:00,2026-01-08 15:03:00
1671,1671,4,2025-09-06 16:36:00,2025-09-08 16:36:00,2025-09-08 16:25:00,Completed,2025-09-06 16:36:00,2025-09-08 16:36:00
1672,1672,3,2025-07-11 09:47:00,2025-07-14 13:47:00,2025-07-27 18:56:00,Completed,2025-07-11 09:47:00,2025-07-27 18:56:00
1673,1673,5,2026-05-21 12:59:00,2026-05-23 18:59:00,,Delivered,2026-05-21 12:59:00,2026-05-23 18:59:00
1674,1674,2,2026-05-17 12:32:00,2026-05-19 14:32:00,2026-05-29 08:19:00,Completed,2026-05-17 12:32:00,2026-05-29 08:19:00
1675,1675,5,2025-09-27 17:34:00,2025-09-30 19:34:00,2025-10-08 14:13:00,Completed,2025-09-27 17:34:00,2025-10-08 14:13:00
1676,1676,5,2025-07-26 10:55:00,2025-07-27 11:55:00,2025-08-09 17:48:00,Completed,2025-07-26 10:55:00,2025-08-09 17:48:00
1677,1677,4,2025-10-27 08:35:00,2025-10-30 14:35:00,2025-11-09 17:11:00,Completed,2025-10-27 08:35:00,2025-11-09 17:11:00
1678,1678,4,2026-02-13 17:22:00,2026-02-16 23:22:00,2026-02-22 18:32:00,Completed,2026-02-13 17:22:00,2026-02-22 18:32:00
1679,1679,4,2026-02-14 16:30:00,2026-02-15 21:30:00,2026-02-16 18:53:00,Completed,2026-02-14 16:30:00,2026-02-16 18:53:00
1680,1680,5,2025-10-23 13:30:00,2025-10-26 21:30:00,2025-11-03 15:00:00,Completed,2025-10-23 13:30:00,2025-11-03 15:00:00
1681,1681,5,2025-12-30 18:34:00,2026-01-02 22:34:00,2025-12-30 13:20:00,Completed,2025-12-30 18:34:00,2026-01-02 22:34:00
1682,1682,2,2025-06-11 09:20:00,2025-06-12 11:20:00,2025-06-14 16:58:00,Completed,2025-06-11 09:20:00,2025-06-14 16:58:00
1683,1683,3,2026-02-28 16:06:00,2026-03-02 19:06:00,2026-03-13 10:36:00,Completed,2026-02-28 16:06:00,2026-03-13 10:36:00
1684,1684,3,2026-05-07 08:11:00,2026-05-09 13:11:00,2026-05-11 15:05:00,Completed,2026-05-07 08:11:00,2026-05-11 15:05:00
1685,1685,3,2026-04-11 17:14:00,2026-04-13 18:14:00,,Delivered,2026-04-11 17:14:00,2026-04-13 18:14:00
1686,1686,2,2026-02-08 16:03:00,2026-02-10 19:03:00,2026-02-09 14:24:00,Completed,2026-02-08 16:03:00,2026-02-10 19:03:00
1687,1687,4,2026-02-06 15:34:00,2026-02-08 15:34:00,2026-02-06 08:40:00,Completed,2026-02-06 15:34:00,2026-02-08 15:34:00
1688,1688,5,2025-10-27 12:42:00,2025-10-29 12:42:00,2025-10-28 17:02:00,Completed,2025-10-27 12:42:00,2025-10-29 12:42:00
1689,1689,4,2025-09-05 11:24:00,2025-09-08 13:24:00,2025-09-12 15:32:00,Completed,2025-09-05 11:24:00,2025-09-12 15:32:00
1690,1690,5,2025-12-31 13:34:00,2026-01-03 15:34:00,2026-01-02 17:58:00,Completed,2025-12-31 13:34:00,2026-01-03 15:34:00
1691,1691,3,2025-07-22 17:13:00,2025-07-25 19:13:00,2025-08-02 12:24:00,Completed,2025-07-22 17:13:00,2025-08-02 12:24:00
1692,1692,5,2026-03-22 09:03:00,2026-03-25 16:03:00,2026-03-28 12:10:00,Completed,2026-03-22 09:03:00,2026-03-28 12:10:00
1693,1693,3,2025-08-24 15:21:00,2025-08-25 20:21:00,2025-08-25 15:08:00,Completed,2025-08-24 15:21:00,2025-08-25 20:21:00
1694,1694,5,2026-05-18 17:16:00,2026-05-21 01:16:00,2026-05-25 13:55:00,Completed,2026-05-18 17:16:00,2026-05-25 13:55:00
1695,1695,3,2025-12-18 17:10:00,2025-12-21 18:10:00,2026-01-06 09:05:00,Completed,2025-12-18 17:10:00,2026-01-06 09:05:00
1696,1696,3,2026-01-27 13:17:00,2026-01-29 14:17:00,2026-01-31 16:08:00,Completed,2026-01-27 13:17:00,2026-01-31 16:08:00
1697,1697,5,2025-08-28 17:25:00,2025-08-29 18:25:00,2025-09-03 14:32:00,Completed,2025-08-28 17:25:00,2025-09-03 14:32:00
1698,1698,2,2025-08-04 14:17:00,2025-08-05 17:17:00,2025-08-06 10:07:00,Completed,2025-08-04 14:17:00,2025-08-06 10:07:00
1699,1699,4,2025-08-11 15:37:00,2025-08-13 17:37:00,2025-08-18 11:04:00,Completed,2025-08-11 15:37:00,2025-08-18 11:04:00
1700,1700,4,2026-01-17 12:31:00,2026-01-20 19:31:00,2026-01-18 18:18:00,Completed,2026-01-17 12:31:00,2026-01-20 19:31:00
1701,1701,5,2025-10-21 09:31:00,2025-10-23 17:31:00,2025-11-07 16:37:00,Completed,2025-10-21 09:31:00,2025-11-07 16:37:00
1702,1702,2,2025-10-04 14:13:00,2025-10-06 18:13:00,2025-10-10 08:45:00,Completed,2025-10-04 14:13:00,2025-10-10 08:45:00
1703,1703,1,2025-07-29 17:27:00,2025-07-31 00:27:00,,Delivered,2025-07-29 17:27:00,2025-07-31 00:27:00
1704,1704,1,2026-01-15 12:04:00,2026-01-17 18:04:00,2026-01-16 10:40:00,Completed,2026-01-15 12:04:00,2026-01-17 18:04:00
1705,1705,1,2026-05-04 08:43:00,2026-05-06 13:43:00,2026-05-04 11:26:00,Completed,2026-05-04 08:43:00,2026-05-06 13:43:00
1706,1706,4,2026-05-06 12:03:00,2026-05-09 16:03:00,2026-05-09 17:35:00,Completed,2026-05-06 12:03:00,2026-05-09 17:35:00
1707,1707,1,2025-07-13 12:28:00,2025-07-16 15:28:00,2025-07-21 14:20:00,Completed,2025-07-13 12:28:00,2025-07-21 14:20:00
1708,1708,1,2025-09-04 13:29:00,2025-09-07 18:29:00,2025-09-15 13:09:00,Completed,2025-09-04 13:29:00,2025-09-15 13:09:00
1709,1709,1,2026-03-16 15:52:00,2026-03-19 17:52:00,2026-03-20 14:47:00,Completed,2026-03-16 15:52:00,2026-03-20 14:47:00
1710,1710,4,2025-10-21 14:54:00,2025-10-22 19:54:00,2025-11-06 08:10:00,Completed,2025-10-21 14:54:00,2025-11-06 08:10:00
1711,1711,4,2025-07-10 12:39:00,2025-07-11 16:39:00,2025-07-11 13:10:00,Completed,2025-07-10 12:39:00,2025-07-11 16:39:00
1712,1712,2,2025-07-10 09:09:00,2025-07-11 09:09:00,2025-07-17 14:56:00,Completed,2025-07-10 09:09:00,2025-07-17 14:56:00
1713,1713,1,2026-03-31 12:29:00,2026-04-01 18:29:00,2026-04-16 18:55:00,Completed,2026-03-31 12:29:00,2026-04-16 18:55:00
1714,1714,2,2025-08-03 15:16:00,2025-08-06 23:16:00,2025-08-10 16:21:00,Completed,2025-08-03 15:16:00,2025-08-10 16:21:00
1715,1715,3,2025-07-01 18:35:00,2025-07-03 00:35:00,2025-07-04 14:31:00,Completed,2025-07-01 18:35:00,2025-07-04 14:31:00
1716,1716,3,2025-12-19 09:42:00,2025-12-21 13:42:00,2025-12-23 10:59:00,Completed,2025-12-19 09:42:00,2025-12-23 10:59:00
1717,1717,3,2026-02-13 14:09:00,2026-02-16 15:09:00,2026-02-18 09:49:00,Completed,2026-02-13 14:09:00,2026-02-18 09:49:00
1718,1718,4,2026-04-28 10:04:00,2026-04-29 10:04:00,2026-05-03 16:11:00,Completed,2026-04-28 10:04:00,2026-05-03 16:11:00
1719,1719,4,2025-09-28 14:06:00,2025-10-01 15:06:00,2025-10-12 13:12:00,Completed,2025-09-28 14:06:00,2025-10-12 13:12:00
1720,1720,4,2025-12-05 15:17:00,2025-12-07 23:17:00,2025-12-07 11:40:00,Completed,2025-12-05 15:17:00,2025-12-07 23:17:00
1721,1721,2,2025-06-08 12:47:00,2025-06-09 14:47:00,2025-06-10 16:17:00,Completed,2025-06-08 12:47:00,2025-06-10 16:17:00
1722,1722,4,2025-09-28 08:43:00,2025-10-01 15:43:00,2025-10-07 13:46:00,Completed,2025-09-28 08:43:00,2025-10-07 13:46:00
1723,1723,4,2026-02-11 13:40:00,2026-02-12 15:40:00,2026-02-12 10:16:00,Completed,2026-02-11 13:40:00,2026-02-12 15:40:00
1724,1724,1,2025-10-15 10:21:00,2025-10-18 13:21:00,2025-10-22 11:11:00,Completed,2025-10-15 10:21:00,2025-10-22 11:11:00
1725,1725,1,2026-03-24 18:51:00,2026-03-26 20:51:00,2026-03-30 14:05:00,Completed,2026-03-24 18:51:00,2026-03-30 14:05:00
1726,1726,2,2026-04-29 11:04:00,2026-04-30 18:04:00,2026-05-11 08:49:00,Completed,2026-04-29 11:04:00,2026-05-11 08:49:00
1727,1727,2,2026-03-21 16:16:00,2026-03-22 22:16:00,2026-04-11 10:12:00,Completed,2026-03-21 16:16:00,2026-04-11 10:12:00
1728,1728,5,2025-07-22 18:17:00,2025-07-23 19:17:00,,Delivered,2025-07-22 18:17:00,2025-07-23 19:17:00
1729,1729,2,2026-01-24 14:05:00,2026-01-25 19:05:00,2026-01-26 15:56:00,Completed,2026-01-24 14:05:00,2026-01-26 15:56:00
1730,1730,4,2025-06-19 12:32:00,2025-06-20 18:32:00,2025-06-29 18:55:00,Completed,2025-06-19 12:32:00,2025-06-29 18:55:00
1731,1731,3,2025-10-09 11:37:00,2025-10-11 12:37:00,2025-10-15 10:42:00,Completed,2025-10-09 11:37:00,2025-10-15 10:42:00
1732,1732,3,2025-10-24 17:06:00,2025-10-27 21:06:00,2025-10-28 16:33:00,Completed,2025-10-24 17:06:00,2025-10-28 16:33:00
1733,1733,3,2025-08-24 14:07:00,2025-08-25 17:07:00,2025-08-25 12:14:00,Completed,2025-08-24 14:07:00,2025-08-25 17:07:00
1734,1734,5,2025-06-14 09:34:00,2025-06-17 15:34:00,2025-06-26 17:37:00,Completed,2025-06-14 09:34:00,2025-06-26 17:37:00
1735,1735,1,2025-07-10 12:56:00,2025-07-13 19:56:00,2025-07-10 17:08:00,Completed,2025-07-10 12:56:00,2025-07-13 19:56:00
1736,1736,5,2025-08-28 14:35:00,2025-08-31 21:35:00,2025-09-04 14:30:00,Completed,2025-08-28 14:35:00,2025-09-04 14:30:00
1737,1737,2,2026-05-09 18:21:00,2026-05-11 20:21:00,2026-05-14 08:33:00,Completed,2026-05-09 18:21:00,2026-05-14 08:33:00
1738,1738,1,2025-12-30 09:22:00,2026-01-01 17:22:00,2026-01-01 17:37:00,Completed,2025-12-30 09:22:00,2026-01-01 17:37:00
1739,1739,5,2025-08-31 10:25:00,2025-09-03 15:25:00,2025-09-13 17:11:00,Completed,2025-08-31 10:25:00,2025-09-13 17:11:00
1740,1740,1,2026-03-11 17:56:00,2026-03-14 21:56:00,2026-03-27 18:37:00,Completed,2026-03-11 17:56:00,2026-03-27 18:37:00
1741,1741,5,2026-04-13 17:33:00,2026-04-16 22:33:00,,Delivered,2026-04-13 17:33:00,2026-04-16 22:33:00
1742,1742,3,2025-08-08 15:07:00,2025-08-09 15:07:00,2025-08-10 14:59:00,Completed,2025-08-08 15:07:00,2025-08-10 14:59:00
1743,1743,2,2025-10-26 14:39:00,2025-10-29 22:39:00,2025-11-02 10:32:00,Completed,2025-10-26 14:39:00,2025-11-02 10:32:00
1744,1744,3,2026-05-03 14:10:00,2026-05-04 18:10:00,2026-05-06 11:01:00,Completed,2026-05-03 14:10:00,2026-05-06 11:01:00
1745,1745,1,2025-12-28 18:27:00,2025-12-30 20:27:00,2026-01-05 16:23:00,Completed,2025-12-28 18:27:00,2026-01-05 16:23:00
1746,1746,3,2025-10-26 18:24:00,2025-10-29 02:24:00,2025-11-09 18:23:00,Completed,2025-10-26 18:24:00,2025-11-09 18:23:00
1747,1747,2,2026-02-04 15:48:00,2026-02-07 19:48:00,2026-02-07 14:35:00,Completed,2026-02-04 15:48:00,2026-02-07 19:48:00
1748,1748,5,2026-03-24 16:27:00,2026-03-26 16:27:00,2026-04-12 09:03:00,Completed,2026-03-24 16:27:00,2026-04-12 09:03:00
1749,1749,5,2025-07-06 08:37:00,2025-07-08 16:37:00,2025-07-11 09:02:00,Completed,2025-07-06 08:37:00,2025-07-11 09:02:00
1750,1750,1,2025-10-13 17:32:00,2025-10-17 00:32:00,2025-10-15 14:18:00,Completed,2025-10-13 17:32:00,2025-10-17 00:32:00
1751,1751,3,2026-04-21 08:38:00,2026-04-23 12:38:00,2026-05-03 17:29:00,Completed,2026-04-21 08:38:00,2026-05-03 17:29:00
1752,1752,5,2025-09-04 15:03:00,2025-09-06 17:03:00,2025-09-24 14:37:00,Completed,2025-09-04 15:03:00,2025-09-24 14:37:00
1753,1753,2,2025-07-29 18:26:00,2025-07-30 19:26:00,2025-07-29 14:30:00,Completed,2025-07-29 18:26:00,2025-07-30 19:26:00
1754,1754,2,2025-08-22 08:22:00,2025-08-24 14:22:00,2025-08-28 12:39:00,Completed,2025-08-22 08:22:00,2025-08-28 12:39:00
1755,1755,3,2025-06-23 11:19:00,2025-06-25 12:19:00,2025-07-13 09:44:00,Completed,2025-06-23 11:19:00,2025-07-13 09:44:00
1756,1756,1,2025-10-11 16:23:00,2025-10-13 00:23:00,2025-10-11 18:29:00,Completed,2025-10-11 16:23:00,2025-10-13 00:23:00
1757,1757,2,2025-08-16 18:35:00,2025-08-18 02:35:00,2025-08-17 17:56:00,Completed,2025-08-16 18:35:00,2025-08-18 02:35:00
1758,1758,4,2025-10-15 11:51:00,2025-10-18 15:51:00,2025-10-27 13:57:00,Completed,2025-10-15 11:51:00,2025-10-27 13:57:00
1759,1759,2,2025-10-12 08:08:00,2025-10-13 09:08:00,2025-10-22 16:40:00,Completed,2025-10-12 08:08:00,2025-10-22 16:40:00
1760,1760,3,2025-07-14 15:11:00,2025-07-16 21:11:00,2025-07-19 18:26:00,Completed,2025-07-14 15:11:00,2025-07-19 18:26:00
1761,1761,3,2025-09-07 14:25:00,2025-09-08 21:25:00,2025-09-07 15:37:00,Completed,2025-09-07 14:25:00,2025-09-08 21:25:00
1762,1762,5,2025-07-31 11:36:00,2025-08-02 15:36:00,2025-08-10 08:12:00,Completed,2025-07-31 11:36:00,2025-08-10 08:12:00
1763,1763,4,2026-01-21 14:38:00,2026-01-22 20:38:00,2026-01-23 11:55:00,Completed,2026-01-21 14:38:00,2026-01-23 11:55:00
1764,1764,5,2025-07-07 14:34:00,2025-07-09 20:34:00,2025-07-13 08:14:00,Completed,2025-07-07 14:34:00,2025-07-13 08:14:00
1765,1765,3,2025-07-23 18:26:00,2025-07-24 21:26:00,2025-08-11 14:43:00,Completed,2025-07-23 18:26:00,2025-08-11 14:43:00
1766,1766,3,2025-09-08 17:04:00,2025-09-11 23:04:00,2025-09-12 17:50:00,Completed,2025-09-08 17:04:00,2025-09-12 17:50:00
1767,1767,5,2026-01-09 11:53:00,2026-01-10 14:53:00,2026-01-20 09:27:00,Completed,2026-01-09 11:53:00,2026-01-20 09:27:00
1768,1768,4,2025-11-20 18:54:00,2025-11-22 22:54:00,2025-11-26 09:45:00,Completed,2025-11-20 18:54:00,2025-11-26 09:45:00
1769,1769,1,2026-01-10 09:52:00,2026-01-12 11:52:00,2026-01-17 16:10:00,Completed,2026-01-10 09:52:00,2026-01-17 16:10:00
1770,1770,2,2026-04-19 14:19:00,2026-04-22 18:19:00,2026-05-07 10:53:00,Completed,2026-04-19 14:19:00,2026-05-07 10:53:00
1771,1771,3,2026-04-23 16:13:00,2026-04-24 23:13:00,2026-04-23 10:28:00,Completed,2026-04-23 16:13:00,2026-04-24 23:13:00
1772,1772,2,2025-10-19 14:18:00,2025-10-20 15:18:00,2025-10-27 16:09:00,Completed,2025-10-19 14:18:00,2025-10-27 16:09:00
1773,1773,2,2025-08-08 16:19:00,2025-08-09 22:19:00,2025-08-08 15:03:00,Completed,2025-08-08 16:19:00,2025-08-09 22:19:00
1774,1774,5,2025-11-07 16:33:00,2025-11-08 16:33:00,2025-11-21 13:37:00,Completed,2025-11-07 16:33:00,2025-11-21 13:37:00
1775,1775,3,2026-04-12 17:15:00,2026-04-14 22:15:00,2026-04-13 12:43:00,Completed,2026-04-12 17:15:00,2026-04-14 22:15:00
1776,1776,5,2026-01-28 18:31:00,2026-01-29 18:31:00,2026-02-13 16:33:00,Completed,2026-01-28 18:31:00,2026-02-13 16:33:00
1777,1777,4,2025-07-16 09:43:00,2025-07-19 14:43:00,2025-07-18 11:15:00,Completed,2025-07-16 09:43:00,2025-07-19 14:43:00
1778,1778,3,2026-01-19 15:36:00,2026-01-21 20:36:00,2026-02-06 10:03:00,Completed,2026-01-19 15:36:00,2026-02-06 10:03:00
1779,1779,5,2026-03-24 16:47:00,2026-03-27 00:47:00,2026-04-05 13:11:00,Completed,2026-03-24 16:47:00,2026-04-05 13:11:00
1780,1780,3,2025-09-03 15:26:00,2025-09-05 22:26:00,2025-09-09 15:06:00,Completed,2025-09-03 15:26:00,2025-09-09 15:06:00
1781,1781,1,2025-11-04 11:36:00,2025-11-05 19:36:00,2025-11-12 14:24:00,Completed,2025-11-04 11:36:00,2025-11-12 14:24:00
1782,1782,1,2025-12-11 13:30:00,2025-12-13 13:30:00,2025-12-24 12:51:00,Completed,2025-12-11 13:30:00,2025-12-24 12:51:00
1783,1783,2,2025-12-10 14:28:00,2025-12-11 22:28:00,2025-12-14 10:53:00,Completed,2025-12-10 14:28:00,2025-12-14 10:53:00
1784,1784,5,2026-04-11 08:38:00,2026-04-12 15:38:00,2026-04-19 11:25:00,Completed,2026-04-11 08:38:00,2026-04-19 11:25:00
1785,1785,3,2025-12-01 18:41:00,2025-12-03 18:41:00,2025-12-07 17:39:00,Completed,2025-12-01 18:41:00,2025-12-07 17:39:00
1786,1786,1,2026-05-15 09:43:00,2026-05-17 12:43:00,2026-05-27 11:28:00,Completed,2026-05-15 09:43:00,2026-05-27 11:28:00
1787,1787,5,2025-08-12 10:36:00,2025-08-14 17:36:00,2025-08-18 17:09:00,Completed,2025-08-12 10:36:00,2025-08-18 17:09:00
1788,1788,3,2025-07-10 09:56:00,2025-07-11 10:56:00,2025-07-11 16:23:00,Completed,2025-07-10 09:56:00,2025-07-11 16:23:00
1789,1789,5,2026-03-14 09:39:00,2026-03-16 09:39:00,2026-03-20 15:10:00,Completed,2026-03-14 09:39:00,2026-03-20 15:10:00
1790,1790,2,2025-08-31 17:25:00,2025-09-02 21:25:00,,Delivered,2025-08-31 17:25:00,2025-09-02 21:25:00
1791,1791,4,2025-07-19 08:13:00,2025-07-20 12:13:00,2025-07-25 12:38:00,Completed,2025-07-19 08:13:00,2025-07-25 12:38:00
1792,1792,2,2026-04-18 12:12:00,2026-04-21 12:12:00,2026-04-26 15:42:00,Completed,2026-04-18 12:12:00,2026-04-26 15:42:00
1793,1793,4,2025-10-13 18:26:00,2025-10-15 23:26:00,2025-10-20 18:25:00,Completed,2025-10-13 18:26:00,2025-10-20 18:25:00
1794,1794,5,2025-09-09 16:46:00,2025-09-11 23:46:00,,Delivered,2025-09-09 16:46:00,2025-09-11 23:46:00
1795,1795,2,2026-04-24 18:58:00,2026-04-26 18:58:00,2026-04-26 09:42:00,Completed,2026-04-24 18:58:00,2026-04-26 18:58:00
1796,1796,3,2026-04-09 08:39:00,2026-04-11 14:39:00,,Delivered,2026-04-09 08:39:00,2026-04-11 14:39:00
1797,1797,5,2025-10-17 18:50:00,2025-10-21 02:50:00,2025-10-24 08:29:00,Completed,2025-10-17 18:50:00,2025-10-24 08:29:00
1798,1798,4,2025-07-03 16:34:00,2025-07-06 18:34:00,2025-07-06 08:14:00,Completed,2025-07-03 16:34:00,2025-07-06 18:34:00
1799,1799,5,2026-02-15 17:43:00,2026-02-18 22:43:00,,Delivered,2026-02-15 17:43:00,2026-02-18 22:43:00
1800,1800,5,2026-01-08 18:33:00,2026-01-10 20:33:00,2026-01-08 09:37:00,Completed,2026-01-08 18:33:00,2026-01-10 20:33:00
1801,1801,4,2026-05-14 15:55:00,2026-05-17 23:55:00,2026-05-24 13:27:00,Completed,2026-05-14 15:55:00,2026-05-24 13:27:00
1802,1802,1,2025-08-21 16:51:00,2025-08-24 17:51:00,2025-08-28 15:22:00,Completed,2025-08-21 16:51:00,2025-08-28 15:22:00
1803,1803,5,2026-03-30 12:47:00,2026-03-31 20:47:00,2026-04-11 14:34:00,Completed,2026-03-30 12:47:00,2026-04-11 14:34:00
1804,1804,3,2026-02-01 17:01:00,2026-02-02 22:01:00,2026-02-05 13:40:00,Completed,2026-02-01 17:01:00,2026-02-05 13:40:00
1805,1805,4,2025-11-17 14:47:00,2025-11-18 19:47:00,2025-11-21 12:22:00,Completed,2025-11-17 14:47:00,2025-11-21 12:22:00
1806,1806,5,2025-12-15 18:16:00,2025-12-18 21:16:00,2025-12-25 14:53:00,Completed,2025-12-15 18:16:00,2025-12-25 14:53:00
1807,1807,5,2025-11-03 11:45:00,2025-11-06 14:45:00,2025-11-04 18:34:00,Completed,2025-11-03 11:45:00,2025-11-06 14:45:00
1808,1808,1,2026-04-03 14:52:00,2026-04-06 18:52:00,2026-04-24 10:12:00,Completed,2026-04-03 14:52:00,2026-04-24 10:12:00
1809,1809,5,2025-08-30 16:52:00,2025-09-01 20:52:00,2025-08-31 14:01:00,Completed,2025-08-30 16:52:00,2025-09-01 20:52:00
1810,1810,5,2026-04-12 16:48:00,2026-04-15 19:48:00,2026-05-05 11:15:00,Completed,2026-04-12 16:48:00,2026-05-05 11:15:00
1811,1811,4,2026-03-22 16:45:00,2026-03-23 18:45:00,2026-03-29 18:47:00,Completed,2026-03-22 16:45:00,2026-03-29 18:47:00
1812,1812,3,2026-03-24 18:53:00,2026-03-26 18:53:00,2026-04-04 18:30:00,Completed,2026-03-24 18:53:00,2026-04-04 18:30:00
1813,1813,2,2025-12-04 17:35:00,2025-12-05 20:35:00,2025-12-05 09:58:00,Completed,2025-12-04 17:35:00,2025-12-05 20:35:00
1814,1814,2,2025-09-25 12:48:00,2025-09-28 16:48:00,2025-09-25 09:01:00,Completed,2025-09-25 12:48:00,2025-09-28 16:48:00
1815,1815,1,2026-04-07 12:25:00,2026-04-09 18:25:00,2026-04-09 13:57:00,Completed,2026-04-07 12:25:00,2026-04-09 18:25:00
1816,1816,4,2026-02-17 13:15:00,2026-02-20 14:15:00,2026-02-20 11:37:00,Completed,2026-02-17 13:15:00,2026-02-20 14:15:00
1817,1817,2,2025-11-29 12:07:00,2025-11-30 15:07:00,2025-11-29 13:27:00,Completed,2025-11-29 12:07:00,2025-11-30 15:07:00
1818,1818,4,2026-02-02 13:46:00,2026-02-04 20:46:00,2026-02-05 15:11:00,Completed,2026-02-02 13:46:00,2026-02-05 15:11:00
1819,1819,3,2025-07-02 11:31:00,2025-07-03 19:31:00,2025-07-10 09:45:00,Completed,2025-07-02 11:31:00,2025-07-10 09:45:00
1820,1820,3,2025-11-24 09:42:00,2025-11-25 16:42:00,2025-12-10 14:53:00,Completed,2025-11-24 09:42:00,2025-12-10 14:53:00
1821,1821,4,2025-10-17 10:25:00,2025-10-18 13:25:00,2025-10-24 18:54:00,Completed,2025-10-17 10:25:00,2025-10-24 18:54:00
1822,1822,5,2026-02-07 10:52:00,2026-02-09 10:52:00,2026-02-11 11:15:00,Completed,2026-02-07 10:52:00,2026-02-11 11:15:00
1823,1823,4,2025-07-05 10:18:00,2025-07-06 15:18:00,2025-07-05 09:31:00,Completed,2025-07-05 10:18:00,2025-07-06 15:18:00
1824,1824,4,2025-12-31 13:17:00,2026-01-03 20:17:00,2026-01-19 08:53:00,Completed,2025-12-31 13:17:00,2026-01-19 08:53:00
1825,1825,3,2025-09-08 11:43:00,2025-09-10 11:43:00,2025-09-12 16:09:00,Completed,2025-09-08 11:43:00,2025-09-12 16:09:00
1826,1826,4,2026-05-20 13:51:00,2026-05-22 18:51:00,,Delivered,2026-05-20 13:51:00,2026-05-22 18:51:00
1827,1827,1,2026-05-26 13:57:00,2026-05-28 15:57:00,2026-06-02 14:36:00,Completed,2026-05-26 13:57:00,2026-06-02 14:36:00
1828,1828,3,2025-07-07 17:57:00,2025-07-08 21:57:00,2025-07-08 15:24:00,Completed,2025-07-07 17:57:00,2025-07-08 21:57:00
1829,1829,2,2026-05-01 10:48:00,2026-05-04 10:48:00,2026-05-06 09:44:00,Completed,2026-05-01 10:48:00,2026-05-06 09:44:00
1830,1830,4,2026-02-18 18:22:00,2026-02-22 02:22:00,2026-02-23 17:55:00,Completed,2026-02-18 18:22:00,2026-02-23 17:55:00
1831,1831,5,2026-02-18 13:35:00,2026-02-19 17:35:00,2026-03-02 10:57:00,Completed,2026-02-18 13:35:00,2026-03-02 10:57:00
1832,1832,4,2026-02-08 10:10:00,2026-02-10 12:10:00,2026-02-11 08:03:00,Completed,2026-02-08 10:10:00,2026-02-11 08:03:00
1833,1833,3,2025-12-28 10:10:00,2025-12-29 16:10:00,2025-12-29 08:55:00,Completed,2025-12-28 10:10:00,2025-12-29 16:10:00
1834,1834,4,2025-08-25 13:34:00,2025-08-26 14:34:00,2025-08-25 17:26:00,Completed,2025-08-25 13:34:00,2025-08-26 14:34:00
1835,1835,2,2026-04-09 16:54:00,2026-04-10 20:54:00,2026-04-26 18:47:00,Completed,2026-04-09 16:54:00,2026-04-26 18:47:00
1836,1836,2,2025-12-16 12:38:00,2025-12-18 15:38:00,2025-12-23 08:25:00,Completed,2025-12-16 12:38:00,2025-12-23 08:25:00
1837,1837,4,2025-07-08 14:23:00,2025-07-11 15:23:00,2025-07-08 09:54:00,Completed,2025-07-08 14:23:00,2025-07-11 15:23:00
1838,1838,1,2025-12-17 12:37:00,2025-12-18 19:37:00,2025-12-19 10:13:00,Completed,2025-12-17 12:37:00,2025-12-19 10:13:00
1839,1839,1,2025-09-16 14:24:00,2025-09-18 22:24:00,2025-09-22 11:24:00,Completed,2025-09-16 14:24:00,2025-09-22 11:24:00
1840,1840,1,2026-02-22 13:52:00,2026-02-24 14:52:00,2026-02-23 12:58:00,Completed,2026-02-22 13:52:00,2026-02-24 14:52:00
1841,1841,4,2025-09-23 08:23:00,2025-09-26 14:23:00,2025-09-27 11:18:00,Completed,2025-09-23 08:23:00,2025-09-27 11:18:00
1842,1842,3,2026-04-11 13:03:00,2026-04-12 17:03:00,2026-04-15 14:21:00,Completed,2026-04-11 13:03:00,2026-04-15 14:21:00
1843,1843,4,2025-06-30 09:05:00,2025-07-03 10:05:00,2025-06-30 13:04:00,Completed,2025-06-30 09:05:00,2025-07-03 10:05:00
1844,1844,5,2025-06-12 08:25:00,2025-06-15 08:25:00,2025-06-28 13:22:00,Completed,2025-06-12 08:25:00,2025-06-28 13:22:00
1845,1845,5,2026-03-24 09:28:00,2026-03-26 15:28:00,2026-03-27 08:01:00,Completed,2026-03-24 09:28:00,2026-03-27 08:01:00
1846,1846,4,2026-04-01 12:12:00,2026-04-04 14:12:00,2026-04-12 16:48:00,Completed,2026-04-01 12:12:00,2026-04-12 16:48:00
1847,1847,4,2025-10-04 14:45:00,2025-10-06 20:45:00,2025-10-09 17:05:00,Completed,2025-10-04 14:45:00,2025-10-09 17:05:00
1848,1848,2,2026-04-08 13:12:00,2026-04-10 15:12:00,2026-04-09 10:38:00,Completed,2026-04-08 13:12:00,2026-04-10 15:12:00
1849,1849,3,2025-06-10 12:15:00,2025-06-12 20:15:00,2025-06-14 14:19:00,Completed,2025-06-10 12:15:00,2025-06-14 14:19:00
1850,1850,2,2026-05-28 11:04:00,2026-05-29 18:04:00,2026-05-31 16:29:00,Completed,2026-05-28 11:04:00,2026-05-31 16:29:00
1851,1851,4,2025-10-08 15:59:00,2025-10-10 21:59:00,2025-10-08 09:59:00,Completed,2025-10-08 15:59:00,2025-10-10 21:59:00
1852,1852,3,2025-09-25 14:23:00,2025-09-28 14:23:00,2025-10-02 16:09:00,Completed,2025-09-25 14:23:00,2025-10-02 16:09:00
1853,1853,4,2025-06-30 13:22:00,2025-07-01 17:22:00,2025-07-01 14:30:00,Completed,2025-06-30 13:22:00,2025-07-01 17:22:00
1854,1854,1,2025-10-25 12:46:00,2025-10-28 14:46:00,2025-11-04 08:37:00,Completed,2025-10-25 12:46:00,2025-11-04 08:37:00
1855,1855,1,2026-04-06 18:24:00,2026-04-10 02:24:00,2026-04-10 14:38:00,Completed,2026-04-06 18:24:00,2026-04-10 14:38:00
1856,1856,1,2025-07-27 09:52:00,2025-07-30 12:52:00,2025-07-28 08:05:00,Completed,2025-07-27 09:52:00,2025-07-30 12:52:00
1857,1857,5,2025-11-11 12:20:00,2025-11-13 20:20:00,2025-11-11 14:59:00,Completed,2025-11-11 12:20:00,2025-11-13 20:20:00
1858,1858,3,2026-04-26 16:42:00,2026-04-27 19:42:00,2026-05-13 16:39:00,Completed,2026-04-26 16:42:00,2026-05-13 16:39:00
1859,1859,2,2026-04-12 17:14:00,2026-04-14 01:14:00,2026-04-13 15:14:00,Completed,2026-04-12 17:14:00,2026-04-14 01:14:00
1860,1860,1,2026-03-19 16:07:00,2026-03-22 16:07:00,,Delivered,2026-03-19 16:07:00,2026-03-22 16:07:00
1861,1861,5,2025-12-19 15:41:00,2025-12-21 15:41:00,2025-12-27 11:04:00,Completed,2025-12-19 15:41:00,2025-12-27 11:04:00
1862,1862,3,2025-11-16 10:52:00,2025-11-19 16:52:00,2025-12-04 14:44:00,Completed,2025-11-16 10:52:00,2025-12-04 14:44:00
1863,1863,1,2025-10-16 11:36:00,2025-10-18 11:36:00,2025-10-26 12:07:00,Completed,2025-10-16 11:36:00,2025-10-26 12:07:00
1864,1864,4,2025-11-01 10:31:00,2025-11-04 15:31:00,2025-11-18 08:38:00,Completed,2025-11-01 10:31:00,2025-11-18 08:38:00
1865,1865,2,2026-02-12 12:59:00,2026-02-15 20:59:00,2026-02-19 17:52:00,Completed,2026-02-12 12:59:00,2026-02-19 17:52:00
1866,1866,5,2025-11-29 12:11:00,2025-12-01 20:11:00,2025-12-15 13:52:00,Completed,2025-11-29 12:11:00,2025-12-15 13:52:00
1867,1867,4,2026-05-27 10:51:00,2026-05-29 18:51:00,2026-06-06 10:41:00,Completed,2026-05-27 10:51:00,2026-06-06 10:41:00
1868,1868,5,2026-01-17 15:18:00,2026-01-20 18:18:00,2026-01-21 14:21:00,Completed,2026-01-17 15:18:00,2026-01-21 14:21:00
1869,1869,1,2026-04-24 09:21:00,2026-04-25 09:21:00,2026-05-03 08:19:00,Completed,2026-04-24 09:21:00,2026-05-03 08:19:00
1870,1870,5,2025-08-12 10:55:00,2025-08-14 11:55:00,2025-08-18 12:41:00,Completed,2025-08-12 10:55:00,2025-08-18 12:41:00
1871,1871,2,2026-04-12 17:16:00,2026-04-13 20:16:00,2026-04-27 11:18:00,Completed,2026-04-12 17:16:00,2026-04-27 11:18:00
1872,1872,4,2025-06-30 10:26:00,2025-07-03 15:26:00,2025-07-04 10:12:00,Completed,2025-06-30 10:26:00,2025-07-04 10:12:00
1873,1873,4,2026-02-17 08:36:00,2026-02-20 16:36:00,2026-03-01 16:26:00,Completed,2026-02-17 08:36:00,2026-03-01 16:26:00
1874,1874,1,2026-01-27 16:20:00,2026-01-29 19:20:00,2026-02-11 12:04:00,Completed,2026-01-27 16:20:00,2026-02-11 12:04:00
1875,1875,1,2026-03-03 14:19:00,2026-03-04 18:19:00,2026-03-12 16:19:00,Completed,2026-03-03 14:19:00,2026-03-12 16:19:00
1876,1876,4,2025-10-23 09:06:00,2025-10-26 16:06:00,2025-10-30 18:16:00,Completed,2025-10-23 09:06:00,2025-10-30 18:16:00
1877,1877,4,2025-09-10 12:19:00,2025-09-12 18:19:00,2025-10-02 11:34:00,Completed,2025-09-10 12:19:00,2025-10-02 11:34:00
1878,1878,4,2025-11-17 16:59:00,2025-11-19 21:59:00,2025-11-23 16:51:00,Completed,2025-11-17 16:59:00,2025-11-23 16:51:00
1879,1879,3,2025-09-21 14:18:00,2025-09-23 19:18:00,2025-09-27 17:35:00,Completed,2025-09-21 14:18:00,2025-09-27 17:35:00
1880,1880,1,2026-02-09 11:29:00,2026-02-10 13:29:00,2026-02-11 11:17:00,Completed,2026-02-09 11:29:00,2026-02-11 11:17:00
1881,1881,1,2026-03-05 12:36:00,2026-03-07 18:36:00,2026-03-16 14:37:00,Completed,2026-03-05 12:36:00,2026-03-16 14:37:00
1882,1882,3,2026-01-17 15:38:00,2026-01-18 21:38:00,2026-01-20 17:48:00,Completed,2026-01-17 15:38:00,2026-01-20 17:48:00
1883,1883,5,2025-08-12 09:43:00,2025-08-15 15:43:00,2025-08-13 09:57:00,Completed,2025-08-12 09:43:00,2025-08-15 15:43:00
1884,1884,4,2025-10-11 13:28:00,2025-10-12 15:28:00,2025-10-21 08:40:00,Completed,2025-10-11 13:28:00,2025-10-21 08:40:00
1885,1885,2,2026-03-28 15:22:00,2026-03-31 16:22:00,2026-04-05 10:01:00,Completed,2026-03-28 15:22:00,2026-04-05 10:01:00
1886,1886,1,2025-09-24 13:39:00,2025-09-25 21:39:00,2025-09-26 16:55:00,Completed,2025-09-24 13:39:00,2025-09-26 16:55:00
1887,1887,4,2026-03-29 13:18:00,2026-03-31 13:18:00,2026-03-31 18:01:00,Completed,2026-03-29 13:18:00,2026-03-31 18:01:00
1888,1888,3,2025-12-22 10:12:00,2025-12-23 16:12:00,2025-12-30 11:05:00,Completed,2025-12-22 10:12:00,2025-12-30 11:05:00
1889,1889,5,2025-11-26 15:03:00,2025-11-27 21:03:00,2025-12-09 15:12:00,Completed,2025-11-26 15:03:00,2025-12-09 15:12:00
1890,1890,1,2026-04-29 08:47:00,2026-04-30 14:47:00,2026-05-08 17:19:00,Completed,2026-04-29 08:47:00,2026-05-08 17:19:00
1891,1891,1,2026-03-14 14:34:00,2026-03-15 19:34:00,2026-03-21 12:26:00,Completed,2026-03-14 14:34:00,2026-03-21 12:26:00
1892,1892,2,2025-08-05 16:16:00,2025-08-08 23:16:00,2025-08-12 17:07:00,Completed,2025-08-05 16:16:00,2025-08-12 17:07:00
1893,1893,2,2025-06-09 13:02:00,2025-06-12 13:02:00,2025-06-18 09:34:00,Completed,2025-06-09 13:02:00,2025-06-18 09:34:00
1894,1894,4,2025-09-08 12:06:00,2025-09-09 12:06:00,2025-09-08 14:50:00,Completed,2025-09-08 12:06:00,2025-09-09 12:06:00
1895,1895,3,2025-10-23 09:41:00,2025-10-24 17:41:00,2025-11-01 16:55:00,Completed,2025-10-23 09:41:00,2025-11-01 16:55:00
1896,1896,2,2026-04-22 09:21:00,2026-04-24 14:21:00,2026-05-01 08:33:00,Completed,2026-04-22 09:21:00,2026-05-01 08:33:00
1897,1897,4,2025-11-22 10:18:00,2025-11-25 16:18:00,2025-12-01 15:26:00,Completed,2025-11-22 10:18:00,2025-12-01 15:26:00
1898,1898,1,2026-05-27 12:36:00,2026-05-29 17:36:00,2026-06-01 18:20:00,Completed,2026-05-27 12:36:00,2026-06-01 18:20:00
1899,1899,3,2025-12-02 15:28:00,2025-12-05 23:28:00,2025-12-08 13:01:00,Completed,2025-12-02 15:28:00,2025-12-08 13:01:00
1900,1900,1,2025-07-23 10:49:00,2025-07-25 16:49:00,2025-08-08 13:45:00,Completed,2025-07-23 10:49:00,2025-08-08 13:45:00
1901,1901,2,2025-07-17 13:02:00,2025-07-19 21:02:00,2025-07-26 10:42:00,Completed,2025-07-17 13:02:00,2025-07-26 10:42:00
1902,1902,1,2025-09-24 10:37:00,2025-09-26 18:37:00,2025-09-24 13:25:00,Completed,2025-09-24 10:37:00,2025-09-26 18:37:00
1903,1903,3,2026-01-03 11:30:00,2026-01-04 14:30:00,2026-01-09 10:39:00,Completed,2026-01-03 11:30:00,2026-01-09 10:39:00
1904,1904,3,2025-08-10 10:26:00,2025-08-13 10:26:00,2025-08-18 17:17:00,Completed,2025-08-10 10:26:00,2025-08-18 17:17:00
1905,1905,2,2025-06-09 08:07:00,2025-06-11 08:07:00,2025-06-20 16:56:00,Completed,2025-06-09 08:07:00,2025-06-20 16:56:00
1906,1906,3,2025-11-08 17:14:00,2025-11-11 17:14:00,2025-11-12 11:30:00,Completed,2025-11-08 17:14:00,2025-11-12 11:30:00
1907,1907,4,2026-03-01 18:41:00,2026-03-03 21:41:00,2026-03-06 13:14:00,Completed,2026-03-01 18:41:00,2026-03-06 13:14:00
1908,1908,5,2026-04-02 08:38:00,2026-04-05 15:38:00,2026-04-12 13:15:00,Completed,2026-04-02 08:38:00,2026-04-12 13:15:00
1909,1909,2,2026-02-27 12:17:00,2026-03-02 17:17:00,2026-03-12 16:00:00,Completed,2026-02-27 12:17:00,2026-03-12 16:00:00
1910,1910,2,2025-08-15 12:30:00,2025-08-16 14:30:00,2025-08-18 11:49:00,Completed,2025-08-15 12:30:00,2025-08-18 11:49:00
1911,1911,3,2026-02-15 16:27:00,2026-02-16 17:27:00,,Delivered,2026-02-15 16:27:00,2026-02-16 17:27:00
1912,1912,5,2025-12-21 10:18:00,2025-12-24 14:18:00,2026-01-02 09:03:00,Completed,2025-12-21 10:18:00,2026-01-02 09:03:00
1913,1913,3,2025-08-10 08:15:00,2025-08-12 16:15:00,2025-08-11 14:51:00,Completed,2025-08-10 08:15:00,2025-08-12 16:15:00
1914,1914,3,2025-12-14 10:25:00,2025-12-16 10:25:00,,Delivered,2025-12-14 10:25:00,2025-12-16 10:25:00
1915,1915,4,2025-07-02 12:27:00,2025-07-05 20:27:00,2025-07-04 14:56:00,Completed,2025-07-02 12:27:00,2025-07-05 20:27:00
1916,1916,2,2025-10-19 11:57:00,2025-10-21 13:57:00,2025-10-25 12:21:00,Completed,2025-10-19 11:57:00,2025-10-25 12:21:00
1917,1917,5,2026-05-16 11:47:00,2026-05-19 13:47:00,,Delivered,2026-05-16 11:47:00,2026-05-19 13:47:00
1918,1918,1,2025-08-01 12:36:00,2025-08-02 12:36:00,2025-08-04 18:34:00,Completed,2025-08-01 12:36:00,2025-08-04 18:34:00
1919,1919,2,2026-05-11 09:05:00,2026-05-14 10:05:00,2026-05-28 18:53:00,Completed,2026-05-11 09:05:00,2026-05-28 18:53:00
1920,1920,1,2026-04-15 14:40:00,2026-04-17 21:40:00,2026-05-02 17:15:00,Completed,2026-04-15 14:40:00,2026-05-02 17:15:00
1921,1921,1,2026-05-25 10:04:00,2026-05-27 17:04:00,2026-05-31 15:42:00,Completed,2026-05-25 10:04:00,2026-05-31 15:42:00
1922,1922,3,2025-10-28 14:46:00,2025-10-29 17:46:00,2025-10-31 18:19:00,Completed,2025-10-28 14:46:00,2025-10-31 18:19:00
1923,1923,2,2026-01-26 12:47:00,2026-01-28 13:47:00,2026-02-08 14:16:00,Completed,2026-01-26 12:47:00,2026-02-08 14:16:00
1924,1924,2,2025-09-05 14:59:00,2025-09-07 22:59:00,2025-09-17 08:23:00,Completed,2025-09-05 14:59:00,2025-09-17 08:23:00
1925,1925,2,2026-02-04 11:41:00,2026-02-06 14:41:00,2026-02-15 18:21:00,Completed,2026-02-04 11:41:00,2026-02-15 18:21:00
1926,1926,3,2026-05-07 13:36:00,2026-05-09 19:36:00,2026-05-10 15:47:00,Completed,2026-05-07 13:36:00,2026-05-10 15:47:00
1927,1927,4,2025-08-10 09:17:00,2025-08-12 12:17:00,2025-08-14 14:34:00,Completed,2025-08-10 09:17:00,2025-08-14 14:34:00
1928,1928,1,2026-01-15 09:05:00,2026-01-17 14:05:00,2026-01-24 16:12:00,Completed,2026-01-15 09:05:00,2026-01-24 16:12:00
1929,1929,5,2026-05-19 11:37:00,2026-05-22 14:37:00,2026-05-28 13:52:00,Completed,2026-05-19 11:37:00,2026-05-28 13:52:00
1930,1930,4,2025-08-19 10:00:00,2025-08-20 14:00:00,2025-08-29 18:05:00,Completed,2025-08-19 10:00:00,2025-08-29 18:05:00
1931,1931,2,2026-03-09 13:08:00,2026-03-10 18:08:00,2026-03-18 17:07:00,Completed,2026-03-09 13:08:00,2026-03-18 17:07:00
1932,1932,5,2025-11-03 11:32:00,2025-11-05 13:32:00,,Delivered,2025-11-03 11:32:00,2025-11-05 13:32:00
1933,1933,5,2025-10-24 11:22:00,2025-10-25 17:22:00,2025-10-28 11:19:00,Completed,2025-10-24 11:22:00,2025-10-28 11:19:00
1934,1934,1,2025-12-08 18:35:00,2025-12-09 18:35:00,2025-12-14 09:37:00,Completed,2025-12-08 18:35:00,2025-12-14 09:37:00
1935,1935,3,2025-09-07 18:57:00,2025-09-08 23:57:00,2025-09-14 09:19:00,Completed,2025-09-07 18:57:00,2025-09-14 09:19:00
1936,1936,5,2025-07-20 14:08:00,2025-07-23 17:08:00,2025-07-28 16:55:00,Completed,2025-07-20 14:08:00,2025-07-28 16:55:00
1937,1937,1,2025-06-18 12:03:00,2025-06-19 14:03:00,2025-06-23 16:05:00,Completed,2025-06-18 12:03:00,2025-06-23 16:05:00
1938,1938,3,2026-02-12 13:55:00,2026-02-14 18:55:00,2026-02-19 09:43:00,Completed,2026-02-12 13:55:00,2026-02-19 09:43:00
1939,1939,3,2026-04-27 15:30:00,2026-04-28 17:30:00,2026-04-28 16:10:00,Completed,2026-04-27 15:30:00,2026-04-28 17:30:00
1940,1940,2,2025-12-01 13:25:00,2025-12-04 21:25:00,2025-12-01 09:48:00,Completed,2025-12-01 13:25:00,2025-12-04 21:25:00
1941,1941,1,2025-07-08 14:02:00,2025-07-09 22:02:00,2025-07-08 16:10:00,Completed,2025-07-08 14:02:00,2025-07-09 22:02:00
1942,1942,3,2026-02-16 12:05:00,2026-02-18 15:05:00,2026-02-21 08:47:00,Completed,2026-02-16 12:05:00,2026-02-21 08:47:00
1943,1943,5,2025-07-23 10:14:00,2025-07-26 18:14:00,2025-07-30 10:06:00,Completed,2025-07-23 10:14:00,2025-07-30 10:06:00
1944,1944,5,2025-07-20 12:26:00,2025-07-22 14:26:00,2025-07-20 18:07:00,Completed,2025-07-20 12:26:00,2025-07-22 14:26:00
1945,1945,2,2026-02-12 11:42:00,2026-02-14 12:42:00,2026-02-12 14:53:00,Completed,2026-02-12 11:42:00,2026-02-14 12:42:00
1946,1946,2,2026-03-11 11:24:00,2026-03-12 12:24:00,2026-03-29 18:59:00,Completed,2026-03-11 11:24:00,2026-03-29 18:59:00
1947,1947,2,2025-10-31 11:05:00,2025-11-03 13:05:00,2025-10-31 16:07:00,Completed,2025-10-31 11:05:00,2025-11-03 13:05:00
1948,1948,5,2025-08-30 13:36:00,2025-08-31 18:36:00,2025-09-01 14:05:00,Completed,2025-08-30 13:36:00,2025-09-01 14:05:00
1949,1949,3,2025-09-22 16:27:00,2025-09-24 16:27:00,2025-10-01 08:15:00,Completed,2025-09-22 16:27:00,2025-10-01 08:15:00
1950,1950,5,2025-10-28 18:25:00,2025-10-29 23:25:00,2025-11-06 08:28:00,Completed,2025-10-28 18:25:00,2025-11-06 08:28:00
1951,1951,2,2025-06-19 10:13:00,2025-06-21 14:13:00,2025-06-19 15:32:00,Completed,2025-06-19 10:13:00,2025-06-21 14:13:00
1952,1952,1,2026-03-10 09:20:00,2026-03-12 10:20:00,2026-03-12 14:04:00,Completed,2026-03-10 09:20:00,2026-03-12 14:04:00
1953,1953,2,2025-08-13 09:15:00,2025-08-14 13:15:00,2025-08-18 08:19:00,Completed,2025-08-13 09:15:00,2025-08-18 08:19:00
1954,1954,5,2025-08-05 08:16:00,2025-08-08 13:16:00,,Delivered,2025-08-05 08:16:00,2025-08-08 13:16:00
1955,1955,4,2025-10-08 10:11:00,2025-10-10 17:11:00,2025-10-22 14:09:00,Completed,2025-10-08 10:11:00,2025-10-22 14:09:00
1956,1956,2,2026-04-03 17:52:00,2026-04-04 18:52:00,2026-04-12 16:45:00,Completed,2026-04-03 17:52:00,2026-04-12 16:45:00
1957,1957,2,2026-02-27 08:41:00,2026-02-28 15:41:00,2026-03-13 11:08:00,Completed,2026-02-27 08:41:00,2026-03-13 11:08:00
1958,1958,1,2026-05-02 12:40:00,2026-05-05 18:40:00,2026-05-02 18:54:00,Completed,2026-05-02 12:40:00,2026-05-05 18:40:00
1959,1959,1,2025-12-09 11:34:00,2025-12-10 17:34:00,2025-12-19 10:03:00,Completed,2025-12-09 11:34:00,2025-12-19 10:03:00
1960,1960,1,2026-01-16 14:48:00,2026-01-18 14:48:00,2026-01-18 14:09:00,Completed,2026-01-16 14:48:00,2026-01-18 14:48:00
1961,1961,4,2026-05-09 16:12:00,2026-05-10 17:12:00,2026-05-10 08:40:00,Completed,2026-05-09 16:12:00,2026-05-10 17:12:00
1962,1962,4,2025-08-15 17:22:00,2025-08-18 00:22:00,2025-08-21 12:02:00,Completed,2025-08-15 17:22:00,2025-08-21 12:02:00
1963,1963,5,2026-01-09 17:04:00,2026-01-10 17:04:00,2026-01-18 15:02:00,Completed,2026-01-09 17:04:00,2026-01-18 15:02:00
1964,1964,5,2026-01-30 12:50:00,2026-02-02 17:50:00,,Delivered,2026-01-30 12:50:00,2026-02-02 17:50:00
1965,1965,3,2025-12-16 11:27:00,2025-12-19 12:27:00,2025-12-26 15:09:00,Completed,2025-12-16 11:27:00,2025-12-26 15:09:00
1966,1966,2,2025-11-10 08:18:00,2025-11-11 10:18:00,2025-11-17 18:14:00,Completed,2025-11-10 08:18:00,2025-11-17 18:14:00
1967,1967,5,2026-03-20 12:56:00,2026-03-21 20:56:00,2026-04-03 10:14:00,Completed,2026-03-20 12:56:00,2026-04-03 10:14:00
1968,1968,3,2025-09-17 09:43:00,2025-09-19 10:43:00,2025-09-18 13:32:00,Completed,2025-09-17 09:43:00,2025-09-19 10:43:00
1969,1969,2,2026-03-13 16:06:00,2026-03-16 17:06:00,2026-03-15 12:00:00,Completed,2026-03-13 16:06:00,2026-03-16 17:06:00
1970,1970,3,2025-12-24 08:48:00,2025-12-25 12:48:00,2025-12-28 16:42:00,Completed,2025-12-24 08:48:00,2025-12-28 16:42:00
1971,1971,3,2026-04-29 08:46:00,2026-05-01 09:46:00,2026-05-02 17:45:00,Completed,2026-04-29 08:46:00,2026-05-02 17:45:00
1972,1972,3,2025-07-26 16:16:00,2025-07-28 20:16:00,2025-07-27 14:37:00,Completed,2025-07-26 16:16:00,2025-07-28 20:16:00
1973,1973,5,2025-11-10 11:38:00,2025-11-12 16:38:00,2025-11-18 17:07:00,Completed,2025-11-10 11:38:00,2025-11-18 17:07:00
1974,1974,4,2026-01-07 10:16:00,2026-01-08 15:16:00,2026-01-18 14:38:00,Completed,2026-01-07 10:16:00,2026-01-18 14:38:00
1975,1975,3,2026-05-05 11:37:00,2026-05-06 18:37:00,2026-05-10 10:38:00,Completed,2026-05-05 11:37:00,2026-05-10 10:38:00
1976,1976,5,2025-10-18 14:36:00,2025-10-19 22:36:00,2025-10-23 15:27:00,Completed,2025-10-18 14:36:00,2025-10-23 15:27:00
1977,1977,4,2025-10-08 18:45:00,2025-10-11 02:45:00,2025-10-14 09:10:00,Completed,2025-10-08 18:45:00,2025-10-14 09:10:00
1978,1978,1,2025-07-15 08:33:00,2025-07-16 16:33:00,2025-07-19 18:42:00,Completed,2025-07-15 08:33:00,2025-07-19 18:42:00
1979,1979,5,2025-06-30 15:52:00,2025-07-03 17:52:00,2025-07-04 17:38:00,Completed,2025-06-30 15:52:00,2025-07-04 17:38:00
1980,1980,2,2025-07-05 14:25:00,2025-07-08 14:25:00,2025-07-14 15:02:00,Completed,2025-07-05 14:25:00,2025-07-14 15:02:00
1981,1981,1,2025-08-15 16:07:00,2025-08-16 22:07:00,2025-08-24 16:23:00,Completed,2025-08-15 16:07:00,2025-08-24 16:23:00
1982,1982,3,2025-08-25 10:03:00,2025-08-28 12:03:00,2025-09-16 13:26:00,Completed,2025-08-25 10:03:00,2025-09-16 13:26:00
1983,1983,2,2025-08-12 08:13:00,2025-08-15 11:13:00,2025-08-23 15:42:00,Completed,2025-08-12 08:13:00,2025-08-23 15:42:00
1984,1984,1,2025-06-06 13:09:00,2025-06-07 17:09:00,2025-06-22 14:44:00,Completed,2025-06-06 13:09:00,2025-06-22 14:44:00
1985,1985,5,2025-09-05 15:56:00,2025-09-07 20:56:00,2025-09-17 17:06:00,Completed,2025-09-05 15:56:00,2025-09-17 17:06:00
1986,1986,3,2026-01-20 16:35:00,2026-01-22 16:35:00,2026-01-20 14:09:00,Completed,2026-01-20 16:35:00,2026-01-22 16:35:00
1987,1987,3,2025-07-17 18:22:00,2025-07-19 02:22:00,,Delivered,2025-07-17 18:22:00,2025-07-19 02:22:00
1988,1988,5,2025-09-10 10:59:00,2025-09-11 11:59:00,2025-09-17 18:35:00,Completed,2025-09-10 10:59:00,2025-09-17 18:35:00
1989,1989,3,2026-04-21 09:48:00,2026-04-22 16:48:00,2026-04-22 13:10:00,Completed,2026-04-21 09:48:00,2026-04-22 16:48:00
1990,1990,2,2025-08-02 12:40:00,2025-08-04 12:40:00,2025-08-08 18:53:00,Completed,2025-08-02 12:40:00,2025-08-08 18:53:00
1991,1991,5,2025-10-23 10:14:00,2025-10-25 17:14:00,2025-11-02 08:49:00,Completed,2025-10-23 10:14:00,2025-11-02 08:49:00
1992,1992,4,2025-12-17 18:34:00,2025-12-21 02:34:00,2025-12-23 12:59:00,Completed,2025-12-17 18:34:00,2025-12-23 12:59:00
1993,1993,2,2026-04-22 15:06:00,2026-04-24 15:06:00,2026-05-04 08:02:00,Completed,2026-04-22 15:06:00,2026-05-04 08:02:00
1994,1994,3,2025-12-10 18:34:00,2025-12-14 00:34:00,2025-12-13 17:13:00,Completed,2025-12-10 18:34:00,2025-12-14 00:34:00
1995,1995,4,2025-07-09 11:03:00,2025-07-11 12:03:00,2025-07-20 08:02:00,Completed,2025-07-09 11:03:00,2025-07-20 08:02:00
1996,1996,4,2026-03-12 16:27:00,2026-03-16 00:27:00,2026-03-13 12:24:00,Completed,2026-03-12 16:27:00,2026-03-16 00:27:00
1997,1997,1,2025-11-30 14:06:00,2025-12-03 20:06:00,2025-12-07 16:42:00,Completed,2025-11-30 14:06:00,2025-12-07 16:42:00
1998,1998,4,2025-06-16 16:56:00,2025-06-19 18:56:00,2025-06-30 09:27:00,Completed,2025-06-16 16:56:00,2025-06-30 09:27:00
1999,1999,1,2025-06-25 09:10:00,2025-06-28 16:10:00,2025-06-30 15:07:00,Completed,2025-06-25 09:10:00,2025-06-30 15:07:00
2000,2000,1,2025-11-08 09:34:00,2025-11-11 14:34:00,2025-11-16 15:53:00,Completed,2025-11-08 09:34:00,2025-11-16 15:53:00
2001,2001,3,2025-09-05 17:43:00,2025-09-06 23:43:00,2025-09-08 12:46:00,Completed,2025-09-05 17:43:00,2025-09-08 12:46:00
2002,2002,2,2025-11-01 10:34:00,2025-11-02 10:34:00,2025-11-07 14:46:00,Completed,2025-11-01 10:34:00,2025-11-07 14:46:00
2003,2003,3,2025-08-20 15:06:00,2025-08-22 23:06:00,2025-08-22 13:30:00,Completed,2025-08-20 15:06:00,2025-08-22 23:06:00
2004,2004,4,2026-02-11 08:39:00,2026-02-13 08:39:00,2026-02-15 18:58:00,Completed,2026-02-11 08:39:00,2026-02-15 18:58:00
2005,2005,1,2025-09-21 11:17:00,2025-09-22 12:17:00,2025-09-27 17:50:00,Completed,2025-09-21 11:17:00,2025-09-27 17:50:00
2006,2006,2,2025-12-15 10:36:00,2025-12-16 16:36:00,2025-12-26 08:31:00,Completed,2025-12-15 10:36:00,2025-12-26 08:31:00
2007,2007,5,2025-11-16 09:40:00,2025-11-18 12:40:00,2025-11-21 08:15:00,Completed,2025-11-16 09:40:00,2025-11-21 08:15:00
2008,2008,2,2025-08-08 15:15:00,2025-08-09 22:15:00,,Delivered,2025-08-08 15:15:00,2025-08-09 22:15:00
2009,2009,2,2025-07-26 08:15:00,2025-07-28 13:15:00,2025-08-02 08:22:00,Completed,2025-07-26 08:15:00,2025-08-02 08:22:00
2010,2010,5,2026-03-10 15:51:00,2026-03-12 21:51:00,2026-03-11 08:20:00,Completed,2026-03-10 15:51:00,2026-03-12 21:51:00
2011,2011,1,2026-04-28 12:21:00,2026-04-30 20:21:00,2026-04-29 12:52:00,Completed,2026-04-28 12:21:00,2026-04-30 20:21:00
2012,2012,3,2025-10-16 08:32:00,2025-10-17 16:32:00,2025-10-28 10:14:00,Completed,2025-10-16 08:32:00,2025-10-28 10:14:00
2013,2013,5,2026-04-26 13:42:00,2026-04-29 18:42:00,2026-05-02 10:45:00,Completed,2026-04-26 13:42:00,2026-05-02 10:45:00
2014,2014,1,2026-01-10 12:42:00,2026-01-13 13:42:00,2026-01-16 15:04:00,Completed,2026-01-10 12:42:00,2026-01-16 15:04:00
2015,2015,3,2026-03-25 18:05:00,2026-03-27 21:05:00,2026-03-30 12:56:00,Completed,2026-03-25 18:05:00,2026-03-30 12:56:00
2016,2016,3,2026-05-21 09:14:00,2026-05-23 16:14:00,2026-05-24 10:45:00,Completed,2026-05-21 09:14:00,2026-05-24 10:45:00
2017,2017,5,2026-05-03 12:19:00,2026-05-06 15:19:00,2026-05-11 18:16:00,Completed,2026-05-03 12:19:00,2026-05-11 18:16:00
2018,2018,1,2025-06-16 14:43:00,2025-06-17 21:43:00,2025-06-17 12:44:00,Completed,2025-06-16 14:43:00,2025-06-17 21:43:00
2019,2019,4,2026-03-05 17:02:00,2026-03-09 01:02:00,2026-03-06 13:23:00,Completed,2026-03-05 17:02:00,2026-03-09 01:02:00
2020,2020,3,2025-08-12 12:35:00,2025-08-15 16:35:00,2025-08-23 18:35:00,Completed,2025-08-12 12:35:00,2025-08-23 18:35:00
2021,2021,5,2026-01-19 12:43:00,2026-01-22 13:43:00,2026-01-21 18:41:00,Completed,2026-01-19 12:43:00,2026-01-22 13:43:00
2022,2022,4,2025-12-27 09:22:00,2025-12-28 16:22:00,2026-01-14 13:20:00,Completed,2025-12-27 09:22:00,2026-01-14 13:20:00
2023,2023,4,2025-09-27 09:37:00,2025-09-30 15:37:00,2025-10-15 09:35:00,Completed,2025-09-27 09:37:00,2025-10-15 09:35:00
2024,2024,4,2025-08-22 18:05:00,2025-08-26 01:05:00,2025-08-27 13:53:00,Completed,2025-08-22 18:05:00,2025-08-27 13:53:00
2025,2025,2,2025-11-21 12:02:00,2025-11-23 12:02:00,2025-12-09 10:34:00,Completed,2025-11-21 12:02:00,2025-12-09 10:34:00
2026,2026,4,2025-10-19 08:39:00,2025-10-22 10:39:00,2025-10-20 10:25:00,Completed,2025-10-19 08:39:00,2025-10-22 10:39:00
2027,2027,1,2025-12-08 08:40:00,2025-12-09 13:40:00,2025-12-13 10:30:00,Completed,2025-12-08 08:40:00,2025-12-13 10:30:00
2028,2028,3,2025-06-12 08:48:00,2025-06-15 14:48:00,2025-06-17 13:47:00,Completed,2025-06-12 08:48:00,2025-06-17 13:47:00
2029,2029,5,2026-05-13 10:32:00,2026-05-15 14:32:00,2026-05-22 15:02:00,Completed,2026-05-13 10:32:00,2026-05-22 15:02:00
2030,2030,4,2025-11-05 17:55:00,2025-11-06 20:55:00,2025-11-29 10:30:00,Completed,2025-11-05 17:55:00,2025-11-29 10:30:00
2031,2031,2,2026-03-31 14:32:00,2026-04-03 19:32:00,2026-04-22 17:06:00,Completed,2026-03-31 14:32:00,2026-04-22 17:06:00
2032,2032,1,2025-11-09 08:08:00,2025-11-12 16:08:00,2025-11-16 14:27:00,Completed,2025-11-09 08:08:00,2025-11-16 14:27:00
2033,2033,5,2025-07-28 09:47:00,2025-07-31 16:47:00,2025-07-31 18:45:00,Completed,2025-07-28 09:47:00,2025-07-31 18:45:00
2034,2034,1,2026-04-09 16:08:00,2026-04-10 19:08:00,2026-04-13 13:52:00,Completed,2026-04-09 16:08:00,2026-04-13 13:52:00
2035,2035,5,2026-05-14 10:14:00,2026-05-15 10:14:00,2026-05-21 10:01:00,Completed,2026-05-14 10:14:00,2026-05-21 10:01:00
2036,2036,3,2025-06-18 09:45:00,2025-06-20 17:45:00,2025-07-05 13:54:00,Completed,2025-06-18 09:45:00,2025-07-05 13:54:00
2037,2037,4,2026-04-20 12:09:00,2026-04-23 14:09:00,2026-04-24 09:43:00,Completed,2026-04-20 12:09:00,2026-04-24 09:43:00
2038,2038,1,2026-04-15 11:00:00,2026-04-16 14:00:00,2026-04-18 09:19:00,Completed,2026-04-15 11:00:00,2026-04-18 09:19:00
2039,2039,5,2025-11-05 18:15:00,2025-11-06 22:15:00,2025-11-06 15:38:00,Completed,2025-11-05 18:15:00,2025-11-06 22:15:00
2040,2040,1,2026-02-25 10:32:00,2026-02-28 14:32:00,2026-03-06 10:40:00,Completed,2026-02-25 10:32:00,2026-03-06 10:40:00
2041,2041,1,2026-05-23 18:19:00,2026-05-26 01:19:00,2026-06-01 09:58:00,Completed,2026-05-23 18:19:00,2026-06-01 09:58:00
2042,2042,4,2026-04-01 10:07:00,2026-04-02 15:07:00,2026-04-17 08:59:00,Completed,2026-04-01 10:07:00,2026-04-17 08:59:00
2043,2043,5,2025-10-19 16:32:00,2025-10-20 17:32:00,2025-11-01 10:29:00,Completed,2025-10-19 16:32:00,2025-11-01 10:29:00
2044,2044,1,2026-04-08 15:28:00,2026-04-10 22:28:00,2026-04-12 13:59:00,Completed,2026-04-08 15:28:00,2026-04-12 13:59:00
2045,2045,4,2025-12-18 08:23:00,2025-12-20 16:23:00,2026-01-07 10:19:00,Completed,2025-12-18 08:23:00,2026-01-07 10:19:00
2046,2046,1,2026-01-05 17:20:00,2026-01-08 23:20:00,2026-01-21 15:38:00,Completed,2026-01-05 17:20:00,2026-01-21 15:38:00
2047,2047,1,2026-01-21 15:05:00,2026-01-22 22:05:00,2026-01-24 08:03:00,Completed,2026-01-21 15:05:00,2026-01-24 08:03:00
2048,2048,4,2025-08-25 10:28:00,2025-08-26 18:28:00,2025-09-12 15:11:00,Completed,2025-08-25 10:28:00,2025-09-12 15:11:00
2049,2049,4,2026-01-04 13:33:00,2026-01-07 16:33:00,2026-01-07 08:36:00,Completed,2026-01-04 13:33:00,2026-01-07 16:33:00
2050,2050,2,2026-04-05 17:23:00,2026-04-08 23:23:00,2026-04-07 11:15:00,Completed,2026-04-05 17:23:00,2026-04-08 23:23:00
2051,2051,2,2025-06-28 13:58:00,2025-07-01 17:58:00,2025-07-12 15:41:00,Completed,2025-06-28 13:58:00,2025-07-12 15:41:00
2052,2052,2,2025-08-06 12:33:00,2025-08-09 19:33:00,2025-08-12 10:53:00,Completed,2025-08-06 12:33:00,2025-08-12 10:53:00
2053,2053,1,2025-08-04 09:19:00,2025-08-05 13:19:00,2025-08-10 14:12:00,Completed,2025-08-04 09:19:00,2025-08-10 14:12:00
2054,2054,5,2025-06-21 09:26:00,2025-06-24 15:26:00,2025-06-26 14:58:00,Completed,2025-06-21 09:26:00,2025-06-26 14:58:00
2055,2055,3,2025-06-30 15:59:00,2025-07-02 17:59:00,2025-07-05 14:26:00,Completed,2025-06-30 15:59:00,2025-07-05 14:26:00
2056,2056,4,2025-10-07 16:26:00,2025-10-09 19:26:00,2025-10-08 12:52:00,Completed,2025-10-07 16:26:00,2025-10-09 19:26:00
2057,2057,2,2026-03-28 15:15:00,2026-03-31 23:15:00,2026-04-04 14:07:00,Completed,2026-03-28 15:15:00,2026-04-04 14:07:00
2058,2058,5,2026-01-11 17:24:00,2026-01-13 01:24:00,2026-01-19 08:22:00,Completed,2026-01-11 17:24:00,2026-01-19 08:22:00
2059,2059,1,2026-02-11 15:17:00,2026-02-12 17:17:00,,Delivered,2026-02-11 15:17:00,2026-02-12 17:17:00
2060,2060,3,2025-08-18 08:07:00,2025-08-20 15:07:00,2025-08-18 15:41:00,Completed,2025-08-18 08:07:00,2025-08-20 15:07:00
2061,2061,1,2025-12-09 18:09:00,2025-12-13 00:09:00,2025-12-24 08:07:00,Completed,2025-12-09 18:09:00,2025-12-24 08:07:00
2062,2062,4,2025-07-20 11:03:00,2025-07-22 11:03:00,2025-07-22 12:31:00,Completed,2025-07-20 11:03:00,2025-07-22 12:31:00
2063,2063,4,2025-06-19 10:48:00,2025-06-21 15:48:00,2025-07-06 17:27:00,Completed,2025-06-19 10:48:00,2025-07-06 17:27:00
2064,2064,4,2025-08-07 13:08:00,2025-08-08 18:08:00,2025-08-17 10:51:00,Completed,2025-08-07 13:08:00,2025-08-17 10:51:00
2065,2065,2,2026-05-03 13:12:00,2026-05-06 18:12:00,2026-05-11 16:39:00,Completed,2026-05-03 13:12:00,2026-05-11 16:39:00
2066,2066,3,2025-11-22 14:57:00,2025-11-24 18:57:00,2025-12-02 16:32:00,Completed,2025-11-22 14:57:00,2025-12-02 16:32:00
2067,2067,1,2026-04-01 08:33:00,2026-04-03 16:33:00,2026-04-05 09:40:00,Completed,2026-04-01 08:33:00,2026-04-05 09:40:00
2068,2068,5,2026-05-11 13:30:00,2026-05-12 15:30:00,2026-05-20 13:36:00,Completed,2026-05-11 13:30:00,2026-05-20 13:36:00
2069,2069,1,2026-01-12 09:42:00,2026-01-14 11:42:00,2026-01-15 17:57:00,Completed,2026-01-12 09:42:00,2026-01-15 17:57:00
2070,2070,5,2025-08-20 13:21:00,2025-08-22 20:21:00,2025-08-28 11:32:00,Completed,2025-08-20 13:21:00,2025-08-28 11:32:00
2071,2071,2,2026-03-11 13:39:00,2026-03-14 17:39:00,2026-03-16 09:47:00,Completed,2026-03-11 13:39:00,2026-03-16 09:47:00
2072,2072,1,2025-07-22 08:06:00,2025-07-25 15:06:00,2025-08-05 18:48:00,Completed,2025-07-22 08:06:00,2025-08-05 18:48:00
2073,2073,1,2026-02-17 14:07:00,2026-02-18 16:07:00,2026-03-03 17:44:00,Completed,2026-02-17 14:07:00,2026-03-03 17:44:00
2074,2074,2,2025-09-13 11:28:00,2025-09-16 17:28:00,,Delivered,2025-09-13 11:28:00,2025-09-16 17:28:00
2075,2075,1,2025-11-05 16:50:00,2025-11-07 00:50:00,2025-11-18 17:22:00,Completed,2025-11-05 16:50:00,2025-11-18 17:22:00
2076,2076,4,2026-03-12 18:58:00,2026-03-13 23:58:00,2026-03-22 11:11:00,Completed,2026-03-12 18:58:00,2026-03-22 11:11:00
2077,2077,4,2026-04-08 15:47:00,2026-04-11 17:47:00,2026-04-16 09:12:00,Completed,2026-04-08 15:47:00,2026-04-16 09:12:00
2078,2078,1,2025-09-01 12:18:00,2025-09-03 19:18:00,2025-09-01 09:32:00,Completed,2025-09-01 12:18:00,2025-09-03 19:18:00
2079,2079,3,2025-11-13 12:52:00,2025-11-14 19:52:00,2025-11-18 15:37:00,Completed,2025-11-13 12:52:00,2025-11-18 15:37:00
2080,2080,2,2026-03-24 09:53:00,2026-03-27 10:53:00,2026-03-30 14:55:00,Completed,2026-03-24 09:53:00,2026-03-30 14:55:00
2081,2081,3,2025-09-13 17:15:00,2025-09-14 21:15:00,2025-09-13 09:06:00,Completed,2025-09-13 17:15:00,2025-09-14 21:15:00
2082,2082,3,2025-09-19 15:57:00,2025-09-22 17:57:00,,Delivered,2025-09-19 15:57:00,2025-09-22 17:57:00
2083,2083,2,2026-03-01 11:44:00,2026-03-04 14:44:00,2026-03-11 12:39:00,Completed,2026-03-01 11:44:00,2026-03-11 12:39:00
2084,2084,5,2025-08-01 16:38:00,2025-08-04 18:38:00,2025-08-07 13:00:00,Completed,2025-08-01 16:38:00,2025-08-07 13:00:00
2085,2085,4,2026-03-12 18:37:00,2026-03-15 00:37:00,2026-03-15 16:45:00,Completed,2026-03-12 18:37:00,2026-03-15 16:45:00
2086,2086,2,2026-03-09 18:14:00,2026-03-12 01:14:00,2026-03-23 14:44:00,Completed,2026-03-09 18:14:00,2026-03-23 14:44:00
2087,2087,1,2025-12-28 18:20:00,2025-12-29 19:20:00,2025-12-31 15:01:00,Completed,2025-12-28 18:20:00,2025-12-31 15:01:00
2088,2088,3,2025-11-01 08:47:00,2025-11-03 08:47:00,2025-11-01 10:52:00,Completed,2025-11-01 08:47:00,2025-11-03 08:47:00
2089,2089,5,2026-01-23 10:12:00,2026-01-24 10:12:00,2026-01-30 13:57:00,Completed,2026-01-23 10:12:00,2026-01-30 13:57:00
2090,2090,3,2026-02-05 14:49:00,2026-02-08 22:49:00,2026-02-09 16:11:00,Completed,2026-02-05 14:49:00,2026-02-09 16:11:00
2091,2091,2,2025-11-19 13:50:00,2025-11-20 15:50:00,2025-11-21 08:56:00,Completed,2025-11-19 13:50:00,2025-11-21 08:56:00
2092,2092,2,2025-08-24 10:07:00,2025-08-26 11:07:00,2025-08-28 10:02:00,Completed,2025-08-24 10:07:00,2025-08-28 10:02:00
2093,2093,4,2025-08-25 17:21:00,2025-08-28 23:21:00,2025-09-01 14:03:00,Completed,2025-08-25 17:21:00,2025-09-01 14:03:00
2094,2094,5,2025-10-19 12:17:00,2025-10-22 16:17:00,2025-10-27 12:16:00,Completed,2025-10-19 12:17:00,2025-10-27 12:16:00
2095,2095,5,2025-08-27 15:09:00,2025-08-30 20:09:00,2025-08-29 09:30:00,Completed,2025-08-27 15:09:00,2025-08-30 20:09:00
2096,2096,2,2025-10-11 17:42:00,2025-10-12 23:42:00,2025-10-29 13:34:00,Completed,2025-10-11 17:42:00,2025-10-29 13:34:00
2097,2097,4,2026-04-12 10:06:00,2026-04-15 17:06:00,2026-04-16 17:59:00,Completed,2026-04-12 10:06:00,2026-04-16 17:59:00
2098,2098,3,2026-03-18 11:54:00,2026-03-19 16:54:00,2026-03-23 14:05:00,Completed,2026-03-18 11:54:00,2026-03-23 14:05:00
2099,2099,3,2026-04-21 10:10:00,2026-04-23 14:10:00,2026-04-30 15:15:00,Completed,2026-04-21 10:10:00,2026-04-30 15:15:00
2100,2100,4,2025-10-18 14:27:00,2025-10-19 16:27:00,2025-10-26 09:06:00,Completed,2025-10-18 14:27:00,2025-10-26 09:06:00
2101,2101,1,2025-12-13 09:37:00,2025-12-15 12:37:00,2025-12-14 09:59:00,Completed,2025-12-13 09:37:00,2025-12-15 12:37:00
2102,2102,1,2026-05-16 13:46:00,2026-05-19 19:46:00,2026-05-19 09:48:00,Completed,2026-05-16 13:46:00,2026-05-19 19:46:00
2103,2103,1,2026-05-04 08:33:00,2026-05-07 14:33:00,2026-05-08 16:58:00,Completed,2026-05-04 08:33:00,2026-05-08 16:58:00
2104,2104,3,2026-03-30 09:36:00,2026-03-31 13:36:00,2026-04-15 15:28:00,Completed,2026-03-30 09:36:00,2026-04-15 15:28:00
2105,2105,5,2026-04-26 11:00:00,2026-04-29 17:00:00,2026-04-27 14:02:00,Completed,2026-04-26 11:00:00,2026-04-29 17:00:00
2106,2106,1,2025-07-10 17:03:00,2025-07-11 18:03:00,2025-07-24 14:42:00,Completed,2025-07-10 17:03:00,2025-07-24 14:42:00
2107,2107,3,2025-07-25 09:54:00,2025-07-27 15:54:00,2025-08-05 18:22:00,Completed,2025-07-25 09:54:00,2025-08-05 18:22:00
2108,2108,1,2025-06-10 10:02:00,2025-06-13 18:02:00,2025-06-21 09:05:00,Completed,2025-06-10 10:02:00,2025-06-21 09:05:00
2109,2109,5,2025-09-10 12:57:00,2025-09-13 18:57:00,,Delivered,2025-09-10 12:57:00,2025-09-13 18:57:00
2110,2110,2,2025-09-20 18:12:00,2025-09-21 21:12:00,,Delivered,2025-09-20 18:12:00,2025-09-21 21:12:00
2111,2111,2,2025-08-28 12:42:00,2025-08-30 20:42:00,2025-09-01 08:25:00,Completed,2025-08-28 12:42:00,2025-09-01 08:25:00
2112,2112,5,2026-04-27 10:11:00,2026-04-28 14:11:00,2026-05-13 09:24:00,Completed,2026-04-27 10:11:00,2026-05-13 09:24:00
2113,2113,3,2025-10-29 17:29:00,2025-11-01 01:29:00,2025-11-05 09:39:00,Completed,2025-10-29 17:29:00,2025-11-05 09:39:00
2114,2114,4,2025-12-25 14:29:00,2025-12-28 16:29:00,2025-12-30 16:47:00,Completed,2025-12-25 14:29:00,2025-12-30 16:47:00
2115,2115,3,2025-10-24 12:49:00,2025-10-26 17:49:00,,Delivered,2025-10-24 12:49:00,2025-10-26 17:49:00
2116,2116,4,2025-11-18 15:53:00,2025-11-19 17:53:00,2025-11-19 11:06:00,Completed,2025-11-18 15:53:00,2025-11-19 17:53:00
2117,2117,1,2025-11-07 13:58:00,2025-11-09 13:58:00,2025-11-11 15:49:00,Completed,2025-11-07 13:58:00,2025-11-11 15:49:00
2118,2118,3,2025-10-24 10:55:00,2025-10-26 16:55:00,2025-11-07 17:01:00,Completed,2025-10-24 10:55:00,2025-11-07 17:01:00
2119,2119,4,2025-12-04 16:01:00,2025-12-06 22:01:00,,Delivered,2025-12-04 16:01:00,2025-12-06 22:01:00
2120,2120,2,2026-04-05 15:02:00,2026-04-06 21:02:00,2026-04-07 16:26:00,Completed,2026-04-05 15:02:00,2026-04-07 16:26:00
2121,2121,1,2025-09-21 10:20:00,2025-09-23 18:20:00,2025-09-22 18:24:00,Completed,2025-09-21 10:20:00,2025-09-23 18:20:00
2122,2122,4,2025-11-03 10:23:00,2025-11-05 18:23:00,2025-11-05 14:26:00,Completed,2025-11-03 10:23:00,2025-11-05 18:23:00
2123,2123,3,2026-03-21 16:01:00,2026-03-24 20:01:00,2026-03-22 10:43:00,Completed,2026-03-21 16:01:00,2026-03-24 20:01:00
2124,2124,1,2025-09-12 14:34:00,2025-09-14 20:34:00,2025-09-25 09:22:00,Completed,2025-09-12 14:34:00,2025-09-25 09:22:00
2125,2125,1,2025-06-24 09:11:00,2025-06-25 14:11:00,2025-06-30 15:59:00,Completed,2025-06-24 09:11:00,2025-06-30 15:59:00
2126,2126,1,2026-01-04 18:35:00,2026-01-07 01:35:00,2026-01-18 14:39:00,Completed,2026-01-04 18:35:00,2026-01-18 14:39:00
2127,2127,3,2025-09-11 12:47:00,2025-09-12 19:47:00,2025-09-13 17:44:00,Completed,2025-09-11 12:47:00,2025-09-13 17:44:00
2128,2128,3,2025-12-25 17:46:00,2025-12-29 01:46:00,2026-01-01 15:53:00,Completed,2025-12-25 17:46:00,2026-01-01 15:53:00
2129,2129,2,2025-12-07 08:19:00,2025-12-08 12:19:00,2025-12-07 16:15:00,Completed,2025-12-07 08:19:00,2025-12-08 12:19:00
2130,2130,1,2026-02-15 16:01:00,2026-02-18 19:01:00,2026-03-10 15:04:00,Completed,2026-02-15 16:01:00,2026-03-10 15:04:00
2131,2131,2,2025-08-19 10:55:00,2025-08-20 18:55:00,2025-08-20 13:17:00,Completed,2025-08-19 10:55:00,2025-08-20 18:55:00
2132,2132,4,2025-07-01 12:09:00,2025-07-02 13:09:00,2025-07-11 10:31:00,Completed,2025-07-01 12:09:00,2025-07-11 10:31:00
2133,2133,1,2026-01-24 08:15:00,2026-01-25 10:15:00,2026-01-31 16:55:00,Completed,2026-01-24 08:15:00,2026-01-31 16:55:00
2134,2134,2,2025-07-22 08:38:00,2025-07-24 09:38:00,2025-08-03 14:37:00,Completed,2025-07-22 08:38:00,2025-08-03 14:37:00
2135,2135,1,2026-03-25 13:51:00,2026-03-26 15:51:00,2026-04-13 09:25:00,Completed,2026-03-25 13:51:00,2026-04-13 09:25:00
2136,2136,4,2025-11-24 14:13:00,2025-11-25 16:13:00,2025-11-28 08:29:00,Completed,2025-11-24 14:13:00,2025-11-28 08:29:00
2137,2137,5,2026-04-29 09:59:00,2026-04-30 10:59:00,2026-04-29 16:25:00,Completed,2026-04-29 09:59:00,2026-04-30 10:59:00
2138,2138,1,2025-08-06 11:08:00,2025-08-07 14:08:00,2025-08-13 11:14:00,Completed,2025-08-06 11:08:00,2025-08-13 11:14:00
2139,2139,4,2026-05-09 16:22:00,2026-05-12 23:22:00,2026-05-10 12:58:00,Completed,2026-05-09 16:22:00,2026-05-12 23:22:00
2140,2140,1,2026-04-11 18:19:00,2026-04-13 21:19:00,2026-04-14 12:25:00,Completed,2026-04-11 18:19:00,2026-04-14 12:25:00
2141,2141,5,2026-04-15 10:07:00,2026-04-18 18:07:00,2026-05-01 08:17:00,Completed,2026-04-15 10:07:00,2026-05-01 08:17:00
2142,2142,2,2025-10-18 13:49:00,2025-10-21 15:49:00,2025-11-07 18:51:00,Completed,2025-10-18 13:49:00,2025-11-07 18:51:00
2143,2143,2,2025-06-18 18:25:00,2025-06-21 00:25:00,2025-06-19 13:15:00,Completed,2025-06-18 18:25:00,2025-06-21 00:25:00
2144,2144,3,2026-05-20 16:12:00,2026-05-21 18:12:00,2026-06-01 15:55:00,Completed,2026-05-20 16:12:00,2026-06-01 15:55:00
2145,2145,4,2025-09-10 11:42:00,2025-09-13 11:42:00,2025-09-18 11:15:00,Completed,2025-09-10 11:42:00,2025-09-18 11:15:00
2146,2146,5,2025-10-18 10:01:00,2025-10-20 14:01:00,2025-10-18 08:43:00,Completed,2025-10-18 10:01:00,2025-10-20 14:01:00
2147,2147,4,2026-01-25 12:27:00,2026-01-27 20:27:00,2026-02-09 18:46:00,Completed,2026-01-25 12:27:00,2026-02-09 18:46:00
2148,2148,5,2026-05-26 12:42:00,2026-05-27 14:42:00,2026-06-04 16:59:00,Completed,2026-05-26 12:42:00,2026-06-04 16:59:00
2149,2149,3,2025-07-15 09:25:00,2025-07-18 14:25:00,2025-07-20 18:05:00,Completed,2025-07-15 09:25:00,2025-07-20 18:05:00
2150,2150,1,2026-04-18 14:47:00,2026-04-19 17:47:00,2026-05-12 14:41:00,Completed,2026-04-18 14:47:00,2026-05-12 14:41:00
2151,2151,4,2025-11-15 18:44:00,2025-11-18 20:44:00,2025-11-21 11:04:00,Completed,2025-11-15 18:44:00,2025-11-21 11:04:00
2152,2152,2,2025-07-07 08:53:00,2025-07-09 16:53:00,2025-07-16 15:52:00,Completed,2025-07-07 08:53:00,2025-07-16 15:52:00
2153,2153,4,2025-11-25 11:16:00,2025-11-27 12:16:00,2025-11-27 16:12:00,Completed,2025-11-25 11:16:00,2025-11-27 16:12:00
2154,2154,1,2026-01-14 15:53:00,2026-01-17 20:53:00,2026-01-19 09:54:00,Completed,2026-01-14 15:53:00,2026-01-19 09:54:00
2155,2155,1,2026-04-05 13:48:00,2026-04-07 15:48:00,2026-04-09 12:05:00,Completed,2026-04-05 13:48:00,2026-04-09 12:05:00
2156,2156,3,2026-04-09 08:13:00,2026-04-12 08:13:00,2026-04-13 15:23:00,Completed,2026-04-09 08:13:00,2026-04-13 15:23:00
2157,2157,5,2026-01-17 15:12:00,2026-01-19 22:12:00,2026-01-20 18:10:00,Completed,2026-01-17 15:12:00,2026-01-20 18:10:00
2158,2158,5,2026-04-25 15:01:00,2026-04-27 19:01:00,2026-05-06 15:00:00,Completed,2026-04-25 15:01:00,2026-05-06 15:00:00
2159,2159,1,2026-01-20 14:18:00,2026-01-22 21:18:00,2026-01-31 17:15:00,Completed,2026-01-20 14:18:00,2026-01-31 17:15:00
2160,2160,3,2026-05-20 10:23:00,2026-05-22 12:23:00,2026-05-21 11:21:00,Completed,2026-05-20 10:23:00,2026-05-22 12:23:00
2161,2161,5,2025-09-30 12:47:00,2025-10-02 18:47:00,2025-10-03 13:25:00,Completed,2025-09-30 12:47:00,2025-10-03 13:25:00
2162,2162,1,2025-12-30 18:58:00,2026-01-01 18:58:00,2025-12-31 13:22:00,Completed,2025-12-30 18:58:00,2026-01-01 18:58:00
2163,2163,2,2025-07-13 11:41:00,2025-07-14 16:41:00,2025-07-17 10:21:00,Completed,2025-07-13 11:41:00,2025-07-17 10:21:00
2164,2164,2,2026-01-21 09:06:00,2026-01-23 10:06:00,2026-01-26 10:36:00,Completed,2026-01-21 09:06:00,2026-01-26 10:36:00
2165,2165,5,2026-04-07 08:04:00,2026-04-09 16:04:00,2026-04-16 16:35:00,Completed,2026-04-07 08:04:00,2026-04-16 16:35:00
2166,2166,5,2026-02-08 10:21:00,2026-02-10 17:21:00,2026-02-11 13:07:00,Completed,2026-02-08 10:21:00,2026-02-11 13:07:00
2167,2167,2,2026-02-11 12:51:00,2026-02-14 19:51:00,2026-02-15 12:26:00,Completed,2026-02-11 12:51:00,2026-02-15 12:26:00
2168,2168,3,2025-06-23 11:17:00,2025-06-25 19:17:00,2025-06-24 16:04:00,Completed,2025-06-23 11:17:00,2025-06-25 19:17:00
2169,2169,2,2025-06-24 15:46:00,2025-06-25 22:46:00,2025-07-02 15:12:00,Completed,2025-06-24 15:46:00,2025-07-02 15:12:00
2170,2170,1,2025-11-26 17:03:00,2025-11-28 23:03:00,2025-11-29 08:58:00,Completed,2025-11-26 17:03:00,2025-11-29 08:58:00
2171,2171,5,2025-11-09 09:17:00,2025-11-10 12:17:00,2025-11-14 12:28:00,Completed,2025-11-09 09:17:00,2025-11-14 12:28:00
2172,2172,4,2025-12-26 16:28:00,2025-12-28 16:28:00,2026-01-15 12:27:00,Completed,2025-12-26 16:28:00,2026-01-15 12:27:00
2173,2173,1,2025-07-23 18:28:00,2025-07-26 19:28:00,2025-07-27 09:27:00,Completed,2025-07-23 18:28:00,2025-07-27 09:27:00
2174,2174,3,2026-01-10 16:15:00,2026-01-13 20:15:00,2026-01-17 18:09:00,Completed,2026-01-10 16:15:00,2026-01-17 18:09:00
2175,2175,4,2025-11-29 10:30:00,2025-12-01 17:30:00,2025-12-07 10:06:00,Completed,2025-11-29 10:30:00,2025-12-07 10:06:00
2176,2176,3,2025-09-25 14:03:00,2025-09-28 18:03:00,2025-10-15 16:49:00,Completed,2025-09-25 14:03:00,2025-10-15 16:49:00
2177,2177,1,2025-12-03 09:06:00,2025-12-04 12:06:00,2025-12-05 08:11:00,Completed,2025-12-03 09:06:00,2025-12-05 08:11:00
2178,2178,2,2025-06-08 14:22:00,2025-06-09 20:22:00,2025-06-12 15:43:00,Completed,2025-06-08 14:22:00,2025-06-12 15:43:00
2179,2179,3,2025-08-13 10:00:00,2025-08-16 10:00:00,2025-08-14 18:27:00,Completed,2025-08-13 10:00:00,2025-08-16 10:00:00
2180,2180,4,2025-07-22 08:40:00,2025-07-25 11:40:00,,Delivered,2025-07-22 08:40:00,2025-07-25 11:40:00
2181,2181,2,2025-08-06 14:53:00,2025-08-08 14:53:00,,Delivered,2025-08-06 14:53:00,2025-08-08 14:53:00
2182,2182,4,2026-03-18 15:57:00,2026-03-20 21:57:00,2026-04-01 11:29:00,Completed,2026-03-18 15:57:00,2026-04-01 11:29:00
2183,2183,2,2026-04-11 14:27:00,2026-04-14 16:27:00,2026-04-21 14:38:00,Completed,2026-04-11 14:27:00,2026-04-21 14:38:00
2184,2184,1,2025-08-07 10:48:00,2025-08-09 14:48:00,2025-08-17 11:05:00,Completed,2025-08-07 10:48:00,2025-08-17 11:05:00
2185,2185,5,2025-06-26 17:57:00,2025-06-28 22:57:00,2025-06-29 14:53:00,Completed,2025-06-26 17:57:00,2025-06-29 14:53:00
2186,2186,2,2026-04-06 18:45:00,2026-04-08 23:45:00,2026-04-20 13:45:00,Completed,2026-04-06 18:45:00,2026-04-20 13:45:00
2187,2187,2,2025-11-06 16:00:00,2025-11-08 20:00:00,2025-11-06 17:27:00,Completed,2025-11-06 16:00:00,2025-11-08 20:00:00
2188,2188,5,2026-04-24 15:07:00,2026-04-25 19:07:00,2026-05-01 13:32:00,Completed,2026-04-24 15:07:00,2026-05-01 13:32:00
2189,2189,1,2026-01-30 16:22:00,2026-02-01 20:22:00,2026-02-07 16:01:00,Completed,2026-01-30 16:22:00,2026-02-07 16:01:00
2190,2190,4,2026-05-24 09:01:00,2026-05-26 13:01:00,2026-06-01 08:09:00,Completed,2026-05-24 09:01:00,2026-06-01 08:09:00
2191,2191,5,2026-02-27 14:30:00,2026-03-01 22:30:00,2026-03-01 10:01:00,Completed,2026-02-27 14:30:00,2026-03-01 22:30:00
2192,2192,5,2026-02-08 11:19:00,2026-02-11 18:19:00,2026-02-23 08:57:00,Completed,2026-02-08 11:19:00,2026-02-23 08:57:00
2193,2193,1,2025-09-18 18:29:00,2025-09-21 01:29:00,2025-10-01 18:11:00,Completed,2025-09-18 18:29:00,2025-10-01 18:11:00
2194,2194,1,2025-06-29 18:21:00,2025-07-01 22:21:00,2025-07-10 08:38:00,Completed,2025-06-29 18:21:00,2025-07-10 08:38:00
2195,2195,4,2025-09-17 14:58:00,2025-09-19 20:58:00,2025-10-02 13:22:00,Completed,2025-09-17 14:58:00,2025-10-02 13:22:00
2196,2196,4,2026-04-18 16:30:00,2026-04-20 16:30:00,2026-04-22 08:25:00,Completed,2026-04-18 16:30:00,2026-04-22 08:25:00
2197,2197,1,2026-02-06 12:30:00,2026-02-08 18:30:00,2026-02-09 11:03:00,Completed,2026-02-06 12:30:00,2026-02-09 11:03:00
2198,2198,2,2025-09-18 16:05:00,2025-09-21 00:05:00,2025-09-30 12:06:00,Completed,2025-09-18 16:05:00,2025-09-30 12:06:00
2199,2199,2,2026-01-15 10:36:00,2026-01-17 12:36:00,2026-01-15 14:35:00,Completed,2026-01-15 10:36:00,2026-01-17 12:36:00
2200,2200,2,2025-11-08 13:48:00,2025-11-10 14:48:00,2025-11-15 16:56:00,Completed,2025-11-08 13:48:00,2025-11-15 16:56:00
2201,2201,3,2026-01-12 15:34:00,2026-01-13 21:34:00,2026-01-18 17:42:00,Completed,2026-01-12 15:34:00,2026-01-18 17:42:00
2202,2202,1,2026-04-12 14:16:00,2026-04-13 16:16:00,2026-04-16 08:31:00,Completed,2026-04-12 14:16:00,2026-04-16 08:31:00
2203,2203,3,2025-09-11 15:58:00,2025-09-13 19:58:00,2025-09-23 13:12:00,Completed,2025-09-11 15:58:00,2025-09-23 13:12:00
2204,2204,1,2025-08-21 16:07:00,2025-08-23 23:07:00,2025-09-10 16:03:00,Completed,2025-08-21 16:07:00,2025-09-10 16:03:00
2205,2205,1,2026-04-27 13:49:00,2026-04-28 19:49:00,2026-05-02 18:33:00,Completed,2026-04-27 13:49:00,2026-05-02 18:33:00
2206,2206,1,2025-11-18 08:05:00,2025-11-21 08:05:00,2025-11-25 18:37:00,Completed,2025-11-18 08:05:00,2025-11-25 18:37:00
2207,2207,1,2026-02-07 18:06:00,2026-02-10 02:06:00,2026-02-22 12:46:00,Completed,2026-02-07 18:06:00,2026-02-22 12:46:00
2208,2208,3,2026-03-10 10:59:00,2026-03-12 15:59:00,2026-03-24 18:48:00,Completed,2026-03-10 10:59:00,2026-03-24 18:48:00
2209,2209,3,2026-03-29 17:07:00,2026-03-31 18:07:00,2026-04-12 08:44:00,Completed,2026-03-29 17:07:00,2026-04-12 08:44:00
2210,2210,3,2025-10-08 16:53:00,2025-10-11 18:53:00,2025-10-10 09:21:00,Completed,2025-10-08 16:53:00,2025-10-11 18:53:00
2211,2211,2,2025-12-30 08:44:00,2026-01-02 09:44:00,2026-01-09 09:59:00,Completed,2025-12-30 08:44:00,2026-01-09 09:59:00
2212,2212,1,2025-11-12 14:19:00,2025-11-15 16:19:00,2025-11-12 13:00:00,Completed,2025-11-12 14:19:00,2025-11-15 16:19:00
2213,2213,4,2025-11-13 14:25:00,2025-11-15 21:25:00,2025-11-21 15:28:00,Completed,2025-11-13 14:25:00,2025-11-21 15:28:00
2214,2214,2,2026-04-12 12:52:00,2026-04-14 19:52:00,2026-04-13 11:42:00,Completed,2026-04-12 12:52:00,2026-04-14 19:52:00
2215,2215,3,2025-12-26 12:20:00,2025-12-28 14:20:00,2026-01-08 09:03:00,Completed,2025-12-26 12:20:00,2026-01-08 09:03:00
2216,2216,1,2026-02-06 09:01:00,2026-02-07 09:01:00,2026-02-11 12:33:00,Completed,2026-02-06 09:01:00,2026-02-11 12:33:00
2217,2217,3,2025-10-20 18:29:00,2025-10-23 22:29:00,2025-10-26 10:10:00,Completed,2025-10-20 18:29:00,2025-10-26 10:10:00
2218,2218,2,2026-04-02 08:15:00,2026-04-05 08:15:00,2026-04-04 14:16:00,Completed,2026-04-02 08:15:00,2026-04-05 08:15:00
2219,2219,1,2025-09-26 11:29:00,2025-09-29 13:29:00,2025-10-01 10:28:00,Completed,2025-09-26 11:29:00,2025-10-01 10:28:00
2220,2220,2,2025-12-04 10:47:00,2025-12-07 15:47:00,,Delivered,2025-12-04 10:47:00,2025-12-07 15:47:00
2221,2221,3,2026-01-13 17:55:00,2026-01-14 22:55:00,2026-01-19 10:57:00,Completed,2026-01-13 17:55:00,2026-01-19 10:57:00
2222,2222,4,2026-05-29 12:45:00,2026-06-01 12:45:00,2026-06-01 12:52:00,Completed,2026-05-29 12:45:00,2026-06-01 12:52:00
2223,2223,3,2026-02-20 13:39:00,2026-02-21 13:39:00,2026-02-25 12:11:00,Completed,2026-02-20 13:39:00,2026-02-25 12:11:00
2224,2224,3,2026-05-21 13:21:00,2026-05-24 21:21:00,2026-05-25 08:16:00,Completed,2026-05-21 13:21:00,2026-05-25 08:16:00
2225,2225,5,2025-07-22 12:31:00,2025-07-25 20:31:00,2025-08-01 16:32:00,Completed,2025-07-22 12:31:00,2025-08-01 16:32:00
2226,2226,3,2025-09-08 14:26:00,2025-09-10 19:26:00,2025-09-27 14:37:00,Completed,2025-09-08 14:26:00,2025-09-27 14:37:00
2227,2227,1,2025-11-01 17:49:00,2025-11-04 01:49:00,2025-11-05 13:23:00,Completed,2025-11-01 17:49:00,2025-11-05 13:23:00
2228,2228,4,2025-08-25 11:26:00,2025-08-28 12:26:00,2025-08-25 16:48:00,Completed,2025-08-25 11:26:00,2025-08-28 12:26:00
2229,2229,1,2025-06-20 14:00:00,2025-06-21 16:00:00,2025-06-26 15:28:00,Completed,2025-06-20 14:00:00,2025-06-26 15:28:00
2230,2230,3,2026-04-09 14:54:00,2026-04-12 16:54:00,,Delivered,2026-04-09 14:54:00,2026-04-12 16:54:00
2231,2231,5,2025-08-20 11:39:00,2025-08-22 11:39:00,,Delivered,2025-08-20 11:39:00,2025-08-22 11:39:00
2232,2232,5,2025-11-23 18:38:00,2025-11-26 19:38:00,2025-11-27 17:48:00,Completed,2025-11-23 18:38:00,2025-11-27 17:48:00
2233,2233,5,2026-01-16 15:54:00,2026-01-17 20:54:00,2026-01-25 13:59:00,Completed,2026-01-16 15:54:00,2026-01-25 13:59:00
2234,2234,5,2025-09-25 12:33:00,2025-09-27 19:33:00,2025-09-29 15:56:00,Completed,2025-09-25 12:33:00,2025-09-29 15:56:00
2235,2235,5,2025-10-28 15:30:00,2025-10-29 18:30:00,2025-11-01 08:04:00,Completed,2025-10-28 15:30:00,2025-11-01 08:04:00
2236,2236,4,2025-07-28 16:19:00,2025-07-31 22:19:00,2025-08-02 13:53:00,Completed,2025-07-28 16:19:00,2025-08-02 13:53:00
2237,2237,2,2025-11-29 18:28:00,2025-12-02 02:28:00,2025-12-08 13:29:00,Completed,2025-11-29 18:28:00,2025-12-08 13:29:00
2238,2238,5,2026-04-02 10:37:00,2026-04-05 10:37:00,2026-04-26 14:30:00,Completed,2026-04-02 10:37:00,2026-04-26 14:30:00
2239,2239,4,2025-10-01 11:36:00,2025-10-03 18:36:00,2025-10-03 08:44:00,Completed,2025-10-01 11:36:00,2025-10-03 18:36:00
2240,2240,1,2026-05-05 17:13:00,2026-05-08 17:13:00,2026-05-13 15:17:00,Completed,2026-05-05 17:13:00,2026-05-13 15:17:00
2241,2241,3,2025-11-04 14:12:00,2025-11-06 19:12:00,2025-11-10 14:43:00,Completed,2025-11-04 14:12:00,2025-11-10 14:43:00
2242,2242,2,2025-09-20 14:43:00,2025-09-21 14:43:00,2025-09-25 17:09:00,Completed,2025-09-20 14:43:00,2025-09-25 17:09:00
2243,2243,5,2026-03-22 11:34:00,2026-03-25 12:34:00,2026-04-10 16:33:00,Completed,2026-03-22 11:34:00,2026-04-10 16:33:00
2244,2244,1,2025-11-20 14:41:00,2025-11-21 21:41:00,2025-11-21 11:20:00,Completed,2025-11-20 14:41:00,2025-11-21 21:41:00
2245,2245,2,2026-01-01 18:30:00,2026-01-03 22:30:00,2026-01-02 15:12:00,Completed,2026-01-01 18:30:00,2026-01-03 22:30:00
2246,2246,2,2025-09-15 16:45:00,2025-09-16 21:45:00,2025-09-16 12:23:00,Completed,2025-09-15 16:45:00,2025-09-16 21:45:00
2247,2247,4,2025-10-13 13:00:00,2025-10-14 16:00:00,2025-10-14 08:01:00,Completed,2025-10-13 13:00:00,2025-10-14 16:00:00
2248,2248,5,2025-09-14 10:59:00,2025-09-15 14:59:00,2025-09-21 11:47:00,Completed,2025-09-14 10:59:00,2025-09-21 11:47:00
2249,2249,1,2025-10-23 14:15:00,2025-10-26 20:15:00,2025-10-26 11:44:00,Completed,2025-10-23 14:15:00,2025-10-26 20:15:00
2250,2250,1,2025-08-27 15:39:00,2025-08-28 16:39:00,2025-09-05 09:49:00,Completed,2025-08-27 15:39:00,2025-09-05 09:49:00
2251,2251,4,2026-01-01 12:24:00,2026-01-04 13:24:00,2026-01-19 13:09:00,Completed,2026-01-01 12:24:00,2026-01-19 13:09:00
2252,2252,2,2025-06-07 14:34:00,2025-06-08 20:34:00,2025-06-11 13:51:00,Completed,2025-06-07 14:34:00,2025-06-11 13:51:00
2253,2253,3,2026-03-31 15:00:00,2026-04-02 21:00:00,2026-04-07 10:14:00,Completed,2026-03-31 15:00:00,2026-04-07 10:14:00
2254,2254,3,2026-05-08 16:10:00,2026-05-09 18:10:00,2026-05-16 16:13:00,Completed,2026-05-08 16:10:00,2026-05-16 16:13:00
2255,2255,1,2025-11-07 09:00:00,2025-11-10 17:00:00,2025-11-12 18:09:00,Completed,2025-11-07 09:00:00,2025-11-12 18:09:00
2256,2256,5,2025-08-31 17:29:00,2025-09-01 17:29:00,2025-09-05 17:20:00,Completed,2025-08-31 17:29:00,2025-09-05 17:20:00
2257,2257,1,2025-07-05 09:10:00,2025-07-08 10:10:00,2025-07-11 18:47:00,Completed,2025-07-05 09:10:00,2025-07-11 18:47:00
2258,2258,4,2026-04-05 14:09:00,2026-04-07 17:09:00,2026-04-07 17:00:00,Completed,2026-04-05 14:09:00,2026-04-07 17:09:00
2259,2259,1,2025-08-27 09:42:00,2025-08-28 16:42:00,2025-08-28 17:06:00,Completed,2025-08-27 09:42:00,2025-08-28 17:06:00
2260,2260,2,2026-04-08 16:51:00,2026-04-10 23:51:00,2026-04-13 16:12:00,Completed,2026-04-08 16:51:00,2026-04-13 16:12:00
2261,2261,4,2025-09-15 14:23:00,2025-09-16 22:23:00,2025-09-18 14:42:00,Completed,2025-09-15 14:23:00,2025-09-18 14:42:00
2262,2262,5,2025-08-23 14:00:00,2025-08-26 16:00:00,2025-09-04 09:13:00,Completed,2025-08-23 14:00:00,2025-09-04 09:13:00
2263,2263,1,2025-11-03 09:26:00,2025-11-06 12:26:00,2025-11-07 09:11:00,Completed,2025-11-03 09:26:00,2025-11-07 09:11:00
2264,2264,5,2026-02-02 14:29:00,2026-02-04 16:29:00,2026-02-02 16:35:00,Completed,2026-02-02 14:29:00,2026-02-04 16:29:00
2265,2265,4,2026-04-14 08:20:00,2026-04-17 08:20:00,2026-04-21 08:54:00,Completed,2026-04-14 08:20:00,2026-04-21 08:54:00
2266,2266,1,2025-11-17 09:43:00,2025-11-19 09:43:00,2025-11-20 08:42:00,Completed,2025-11-17 09:43:00,2025-11-20 08:42:00
2267,2267,5,2025-11-27 08:41:00,2025-11-29 12:41:00,2025-11-29 16:46:00,Completed,2025-11-27 08:41:00,2025-11-29 16:46:00
2268,2268,5,2025-09-27 14:00:00,2025-09-28 16:00:00,2025-10-08 09:18:00,Completed,2025-09-27 14:00:00,2025-10-08 09:18:00
2269,2269,2,2026-02-06 12:34:00,2026-02-09 14:34:00,2026-02-25 18:42:00,Completed,2026-02-06 12:34:00,2026-02-25 18:42:00
2270,2270,1,2026-01-07 11:06:00,2026-01-09 12:06:00,2026-01-22 11:30:00,Completed,2026-01-07 11:06:00,2026-01-22 11:30:00
2271,2271,4,2025-12-18 18:23:00,2025-12-20 19:23:00,2025-12-30 13:08:00,Completed,2025-12-18 18:23:00,2025-12-30 13:08:00
2272,2272,5,2025-07-10 14:36:00,2025-07-11 21:36:00,2025-07-24 16:39:00,Completed,2025-07-10 14:36:00,2025-07-24 16:39:00
2273,2273,4,2025-08-26 13:21:00,2025-08-27 18:21:00,2025-08-26 16:59:00,Completed,2025-08-26 13:21:00,2025-08-27 18:21:00
2274,2274,3,2026-01-27 15:56:00,2026-01-28 15:56:00,2026-02-04 16:36:00,Completed,2026-01-27 15:56:00,2026-02-04 16:36:00
2275,2275,4,2026-03-24 11:36:00,2026-03-25 12:36:00,2026-04-03 18:23:00,Completed,2026-03-24 11:36:00,2026-04-03 18:23:00
2276,2276,3,2025-07-13 18:55:00,2025-07-17 02:55:00,2025-07-16 13:44:00,Completed,2025-07-13 18:55:00,2025-07-17 02:55:00
2277,2277,1,2026-01-04 10:25:00,2026-01-07 16:25:00,2026-01-13 13:11:00,Completed,2026-01-04 10:25:00,2026-01-13 13:11:00
2278,2278,4,2025-07-15 15:31:00,2025-07-18 18:31:00,2025-07-21 15:57:00,Completed,2025-07-15 15:31:00,2025-07-21 15:57:00
2279,2279,1,2025-10-18 11:58:00,2025-10-21 16:58:00,2025-10-30 11:18:00,Completed,2025-10-18 11:58:00,2025-10-30 11:18:00
2280,2280,4,2025-12-05 10:10:00,2025-12-07 14:10:00,2025-12-12 14:41:00,Completed,2025-12-05 10:10:00,2025-12-12 14:41:00
2281,2281,3,2026-05-05 12:14:00,2026-05-06 18:14:00,2026-05-08 08:52:00,Completed,2026-05-05 12:14:00,2026-05-08 08:52:00
2282,2282,4,2026-05-29 12:48:00,2026-05-30 19:48:00,2026-05-30 14:29:00,Completed,2026-05-29 12:48:00,2026-05-30 19:48:00
2283,2283,5,2025-07-20 13:14:00,2025-07-21 20:14:00,2025-08-06 14:48:00,Completed,2025-07-20 13:14:00,2025-08-06 14:48:00
2284,2284,2,2026-05-07 08:08:00,2026-05-08 09:08:00,2026-05-16 13:17:00,Completed,2026-05-07 08:08:00,2026-05-16 13:17:00
2285,2285,5,2026-03-27 13:43:00,2026-03-28 18:43:00,,Delivered,2026-03-27 13:43:00,2026-03-28 18:43:00
2286,2286,3,2025-07-14 09:40:00,2025-07-16 17:40:00,2025-07-27 10:49:00,Completed,2025-07-14 09:40:00,2025-07-27 10:49:00
2287,2287,1,2026-02-23 12:01:00,2026-02-24 17:01:00,2026-03-07 17:52:00,Completed,2026-02-23 12:01:00,2026-03-07 17:52:00
2288,2288,2,2026-03-06 10:37:00,2026-03-09 15:37:00,2026-03-19 16:41:00,Completed,2026-03-06 10:37:00,2026-03-19 16:41:00
2289,2289,5,2026-03-28 12:48:00,2026-03-29 14:48:00,2026-04-01 17:28:00,Completed,2026-03-28 12:48:00,2026-04-01 17:28:00
2290,2290,3,2025-12-13 12:16:00,2025-12-15 14:16:00,2025-12-15 11:49:00,Completed,2025-12-13 12:16:00,2025-12-15 14:16:00
2291,2291,2,2025-10-13 15:09:00,2025-10-14 16:09:00,2025-10-26 12:08:00,Completed,2025-10-13 15:09:00,2025-10-26 12:08:00
2292,2292,5,2025-11-17 10:39:00,2025-11-18 12:39:00,2025-11-25 09:51:00,Completed,2025-11-17 10:39:00,2025-11-25 09:51:00
2293,2293,5,2026-01-07 15:18:00,2026-01-08 22:18:00,2026-01-07 11:41:00,Completed,2026-01-07 15:18:00,2026-01-08 22:18:00
2294,2294,3,2025-07-22 13:35:00,2025-07-24 13:35:00,2025-07-29 10:04:00,Completed,2025-07-22 13:35:00,2025-07-29 10:04:00
2295,2295,3,2026-04-19 15:39:00,2026-04-22 16:39:00,2026-04-21 08:17:00,Completed,2026-04-19 15:39:00,2026-04-22 16:39:00
2296,2296,5,2026-01-01 12:29:00,2026-01-03 19:29:00,2026-01-04 10:02:00,Completed,2026-01-01 12:29:00,2026-01-04 10:02:00
2297,2297,4,2025-11-29 13:38:00,2025-12-01 14:38:00,2025-11-29 11:04:00,Completed,2025-11-29 13:38:00,2025-12-01 14:38:00
2298,2298,4,2025-11-05 12:07:00,2025-11-07 19:07:00,2025-11-14 17:33:00,Completed,2025-11-05 12:07:00,2025-11-14 17:33:00
2299,2299,2,2026-02-18 14:37:00,2026-02-20 19:37:00,2026-02-22 10:43:00,Completed,2026-02-18 14:37:00,2026-02-22 10:43:00
2300,2300,3,2026-01-16 18:25:00,2026-01-19 18:25:00,2026-01-24 09:46:00,Completed,2026-01-16 18:25:00,2026-01-24 09:46:00
2301,2301,2,2026-01-21 10:18:00,2026-01-23 12:18:00,2026-01-25 14:23:00,Completed,2026-01-21 10:18:00,2026-01-25 14:23:00
2302,2302,2,2026-04-03 13:50:00,2026-04-04 17:50:00,2026-04-07 17:48:00,Completed,2026-04-03 13:50:00,2026-04-07 17:48:00
2303,2303,1,2025-10-27 16:14:00,2025-10-30 20:14:00,2025-10-31 08:54:00,Completed,2025-10-27 16:14:00,2025-10-31 08:54:00
2304,2304,5,2025-07-09 15:12:00,2025-07-11 18:12:00,2025-07-19 13:59:00,Completed,2025-07-09 15:12:00,2025-07-19 13:59:00
2305,2305,4,2025-06-17 08:54:00,2025-06-18 12:54:00,2025-06-25 11:50:00,Completed,2025-06-17 08:54:00,2025-06-25 11:50:00
2306,2306,3,2026-03-11 15:30:00,2026-03-13 16:30:00,2026-03-14 10:58:00,Completed,2026-03-11 15:30:00,2026-03-14 10:58:00
2307,2307,5,2025-07-06 18:46:00,2025-07-07 18:46:00,2025-07-12 15:40:00,Completed,2025-07-06 18:46:00,2025-07-12 15:40:00
2308,2308,2,2025-08-23 17:25:00,2025-08-26 00:25:00,2025-08-29 09:51:00,Completed,2025-08-23 17:25:00,2025-08-29 09:51:00
2309,2309,1,2026-01-15 12:16:00,2026-01-17 19:16:00,2026-01-17 18:17:00,Completed,2026-01-15 12:16:00,2026-01-17 19:16:00
2310,2310,4,2025-11-21 18:44:00,2025-11-24 00:44:00,2025-11-24 15:30:00,Completed,2025-11-21 18:44:00,2025-11-24 15:30:00
2311,2311,4,2026-01-23 16:43:00,2026-01-24 23:43:00,2026-02-05 08:56:00,Completed,2026-01-23 16:43:00,2026-02-05 08:56:00
2312,2312,1,2026-04-30 09:30:00,2026-05-02 12:30:00,2026-05-04 17:08:00,Completed,2026-04-30 09:30:00,2026-05-04 17:08:00
2313,2313,2,2025-09-09 09:54:00,2025-09-10 14:54:00,2025-10-03 11:46:00,Completed,2025-09-09 09:54:00,2025-10-03 11:46:00
2314,2314,3,2025-12-02 15:52:00,2025-12-05 19:52:00,2025-12-22 18:55:00,Completed,2025-12-02 15:52:00,2025-12-22 18:55:00
2315,2315,1,2026-03-08 13:42:00,2026-03-11 19:42:00,2026-03-10 17:57:00,Completed,2026-03-08 13:42:00,2026-03-11 19:42:00
2316,2316,1,2026-03-27 10:22:00,2026-03-30 17:22:00,2026-04-18 09:53:00,Completed,2026-03-27 10:22:00,2026-04-18 09:53:00
2317,2317,1,2026-05-21 15:41:00,2026-05-24 21:41:00,,Delivered,2026-05-21 15:41:00,2026-05-24 21:41:00
2318,2318,2,2025-12-02 11:05:00,2025-12-03 18:05:00,2025-12-05 10:43:00,Completed,2025-12-02 11:05:00,2025-12-05 10:43:00
2319,2319,1,2025-12-31 16:32:00,2026-01-01 21:32:00,2026-01-03 13:44:00,Completed,2025-12-31 16:32:00,2026-01-03 13:44:00
2320,2320,1,2025-08-09 14:20:00,2025-08-11 15:20:00,2025-08-21 11:41:00,Completed,2025-08-09 14:20:00,2025-08-21 11:41:00
2321,2321,5,2025-10-30 08:54:00,2025-10-31 08:54:00,2025-11-17 10:40:00,Completed,2025-10-30 08:54:00,2025-11-17 10:40:00
2322,2322,3,2025-11-16 15:21:00,2025-11-17 16:21:00,2025-11-21 08:15:00,Completed,2025-11-16 15:21:00,2025-11-21 08:15:00
2323,2323,3,2025-06-18 08:19:00,2025-06-21 14:19:00,,Delivered,2025-06-18 08:19:00,2025-06-21 14:19:00
2324,2324,2,2026-03-16 18:25:00,2026-03-17 19:25:00,2026-03-23 13:49:00,Completed,2026-03-16 18:25:00,2026-03-23 13:49:00
2325,2325,5,2025-08-14 16:12:00,2025-08-17 18:12:00,2025-08-20 14:37:00,Completed,2025-08-14 16:12:00,2025-08-20 14:37:00
2326,2326,2,2025-08-10 16:56:00,2025-08-13 00:56:00,2025-08-10 10:45:00,Completed,2025-08-10 16:56:00,2025-08-13 00:56:00
2327,2327,4,2026-01-07 14:46:00,2026-01-10 19:46:00,2026-01-09 12:11:00,Completed,2026-01-07 14:46:00,2026-01-10 19:46:00
2328,2328,2,2025-07-29 08:17:00,2025-08-01 16:17:00,2025-07-31 10:53:00,Completed,2025-07-29 08:17:00,2025-08-01 16:17:00
2329,2329,1,2025-09-24 11:25:00,2025-09-27 18:25:00,2025-10-02 11:06:00,Completed,2025-09-24 11:25:00,2025-10-02 11:06:00
2330,2330,2,2025-12-03 13:08:00,2025-12-04 15:08:00,2025-12-15 12:00:00,Completed,2025-12-03 13:08:00,2025-12-15 12:00:00
2331,2331,4,2026-01-28 18:36:00,2026-02-01 02:36:00,2026-02-08 15:07:00,Completed,2026-01-28 18:36:00,2026-02-08 15:07:00
2332,2332,1,2026-01-31 18:33:00,2026-02-02 19:33:00,2026-02-04 09:48:00,Completed,2026-01-31 18:33:00,2026-02-04 09:48:00
2333,2333,5,2025-12-09 15:21:00,2025-12-11 18:21:00,2025-12-22 17:06:00,Completed,2025-12-09 15:21:00,2025-12-22 17:06:00
2334,2334,3,2026-02-28 09:25:00,2026-03-03 11:25:00,2026-03-04 17:10:00,Completed,2026-02-28 09:25:00,2026-03-04 17:10:00
2335,2335,4,2026-05-18 16:16:00,2026-05-20 21:16:00,2026-05-21 17:23:00,Completed,2026-05-18 16:16:00,2026-05-21 17:23:00
2336,2336,3,2026-04-18 10:45:00,2026-04-19 18:45:00,2026-04-22 17:56:00,Completed,2026-04-18 10:45:00,2026-04-22 17:56:00
2337,2337,4,2025-08-03 17:01:00,2025-08-06 23:01:00,2025-08-08 11:23:00,Completed,2025-08-03 17:01:00,2025-08-08 11:23:00
2338,2338,4,2025-08-14 15:47:00,2025-08-16 17:47:00,2025-08-22 13:32:00,Completed,2025-08-14 15:47:00,2025-08-22 13:32:00
2339,2339,3,2025-08-05 15:40:00,2025-08-08 19:40:00,2025-08-22 14:12:00,Completed,2025-08-05 15:40:00,2025-08-22 14:12:00
2340,2340,2,2025-06-18 10:42:00,2025-06-19 11:42:00,2025-06-28 18:20:00,Completed,2025-06-18 10:42:00,2025-06-28 18:20:00
2341,2341,5,2025-07-19 10:33:00,2025-07-22 18:33:00,2025-07-28 09:14:00,Completed,2025-07-19 10:33:00,2025-07-28 09:14:00
2342,2342,5,2025-10-26 15:33:00,2025-10-29 16:33:00,2025-11-09 16:42:00,Completed,2025-10-26 15:33:00,2025-11-09 16:42:00
2343,2343,1,2025-09-17 09:28:00,2025-09-20 16:28:00,2025-09-21 16:08:00,Completed,2025-09-17 09:28:00,2025-09-21 16:08:00
2344,2344,3,2025-10-02 18:56:00,2025-10-05 00:56:00,2025-10-05 11:13:00,Completed,2025-10-02 18:56:00,2025-10-05 11:13:00
2345,2345,1,2025-07-24 15:58:00,2025-07-27 16:58:00,2025-08-01 15:12:00,Completed,2025-07-24 15:58:00,2025-08-01 15:12:00
2346,2346,5,2026-02-19 09:57:00,2026-02-21 17:57:00,2026-03-02 08:07:00,Completed,2026-02-19 09:57:00,2026-03-02 08:07:00
2347,2347,4,2026-04-26 18:14:00,2026-04-29 01:14:00,,Delivered,2026-04-26 18:14:00,2026-04-29 01:14:00
2348,2348,5,2025-07-09 14:35:00,2025-07-12 17:35:00,2025-07-09 13:21:00,Completed,2025-07-09 14:35:00,2025-07-12 17:35:00
2349,2349,2,2026-04-01 15:12:00,2026-04-04 19:12:00,2026-04-06 11:42:00,Completed,2026-04-01 15:12:00,2026-04-06 11:42:00
2350,2350,5,2026-04-14 09:44:00,2026-04-17 17:44:00,2026-04-14 13:36:00,Completed,2026-04-14 09:44:00,2026-04-17 17:44:00
2351,2351,5,2025-12-11 14:54:00,2025-12-12 22:54:00,,Delivered,2025-12-11 14:54:00,2025-12-12 22:54:00
2352,2352,1,2025-10-07 18:24:00,2025-10-08 20:24:00,,Delivered,2025-10-07 18:24:00,2025-10-08 20:24:00
2353,2353,3,2025-11-09 09:28:00,2025-11-11 12:28:00,2025-11-24 18:13:00,Completed,2025-11-09 09:28:00,2025-11-24 18:13:00
2354,2354,4,2026-03-31 10:06:00,2026-04-01 13:06:00,2026-04-03 08:44:00,Completed,2026-03-31 10:06:00,2026-04-03 08:44:00
2355,2355,4,2025-09-27 13:14:00,2025-09-30 19:14:00,2025-10-03 09:57:00,Completed,2025-09-27 13:14:00,2025-10-03 09:57:00
2356,2356,2,2026-05-25 16:13:00,2026-05-26 17:13:00,2026-05-26 18:07:00,Completed,2026-05-25 16:13:00,2026-05-26 18:07:00
2357,2357,5,2026-02-18 09:57:00,2026-02-21 10:57:00,2026-02-24 11:03:00,Completed,2026-02-18 09:57:00,2026-02-24 11:03:00
2358,2358,5,2026-04-08 13:37:00,2026-04-10 18:37:00,2026-04-22 18:33:00,Completed,2026-04-08 13:37:00,2026-04-22 18:33:00
2359,2359,4,2025-11-08 11:16:00,2025-11-10 16:16:00,2025-11-20 18:04:00,Completed,2025-11-08 11:16:00,2025-11-20 18:04:00
2360,2360,1,2025-10-05 18:34:00,2025-10-07 00:34:00,2025-10-21 15:42:00,Completed,2025-10-05 18:34:00,2025-10-21 15:42:00
2361,2361,4,2025-11-05 10:21:00,2025-11-07 17:21:00,,Delivered,2025-11-05 10:21:00,2025-11-07 17:21:00
2362,2362,4,2025-12-07 10:31:00,2025-12-09 16:31:00,2025-12-12 18:21:00,Completed,2025-12-07 10:31:00,2025-12-12 18:21:00
2363,2363,3,2026-01-03 17:29:00,2026-01-04 18:29:00,2026-01-04 08:05:00,Completed,2026-01-03 17:29:00,2026-01-04 18:29:00
2364,2364,1,2025-10-27 18:28:00,2025-10-31 02:28:00,2025-11-10 16:47:00,Completed,2025-10-27 18:28:00,2025-11-10 16:47:00
2365,2365,1,2026-05-22 18:00:00,2026-05-25 02:00:00,2026-05-29 13:42:00,Completed,2026-05-22 18:00:00,2026-05-29 13:42:00
2366,2366,5,2025-08-16 08:23:00,2025-08-19 14:23:00,2025-08-18 08:53:00,Completed,2025-08-16 08:23:00,2025-08-19 14:23:00
2367,2367,4,2025-11-29 18:26:00,2025-12-02 21:26:00,2025-12-04 17:39:00,Completed,2025-11-29 18:26:00,2025-12-04 17:39:00
2368,2368,4,2025-07-08 15:31:00,2025-07-10 16:31:00,2025-07-11 15:13:00,Completed,2025-07-08 15:31:00,2025-07-11 15:13:00
2369,2369,5,2026-05-07 09:07:00,2026-05-10 11:07:00,2026-05-17 14:53:00,Completed,2026-05-07 09:07:00,2026-05-17 14:53:00
2370,2370,5,2025-10-31 09:50:00,2025-11-03 13:50:00,2025-11-11 15:18:00,Completed,2025-10-31 09:50:00,2025-11-11 15:18:00
2371,2371,3,2025-10-10 13:12:00,2025-10-11 17:12:00,2025-10-10 09:10:00,Completed,2025-10-10 13:12:00,2025-10-11 17:12:00
2372,2372,4,2026-05-05 13:40:00,2026-05-06 14:40:00,2026-05-07 14:37:00,Completed,2026-05-05 13:40:00,2026-05-07 14:37:00
2373,2373,3,2025-07-27 14:03:00,2025-07-30 19:03:00,2025-07-27 16:12:00,Completed,2025-07-27 14:03:00,2025-07-30 19:03:00
2374,2374,4,2026-04-01 09:50:00,2026-04-04 11:50:00,2026-04-16 09:40:00,Completed,2026-04-01 09:50:00,2026-04-16 09:40:00
2375,2375,5,2025-07-14 08:27:00,2025-07-17 14:27:00,2025-07-26 15:58:00,Completed,2025-07-14 08:27:00,2025-07-26 15:58:00
2376,2376,3,2025-10-03 13:43:00,2025-10-04 18:43:00,2025-10-09 12:58:00,Completed,2025-10-03 13:43:00,2025-10-09 12:58:00
2377,2377,1,2025-08-29 14:22:00,2025-08-30 22:22:00,2025-09-16 13:35:00,Completed,2025-08-29 14:22:00,2025-09-16 13:35:00
2378,2378,5,2025-08-26 11:59:00,2025-08-27 15:59:00,2025-08-29 10:23:00,Completed,2025-08-26 11:59:00,2025-08-29 10:23:00
2379,2379,5,2025-11-29 11:06:00,2025-12-02 18:06:00,2025-12-10 16:21:00,Completed,2025-11-29 11:06:00,2025-12-10 16:21:00
2380,2380,5,2025-08-11 10:01:00,2025-08-13 16:01:00,2025-08-18 18:30:00,Completed,2025-08-11 10:01:00,2025-08-18 18:30:00
2381,2381,3,2025-06-15 11:53:00,2025-06-18 12:53:00,2025-06-24 18:13:00,Completed,2025-06-15 11:53:00,2025-06-24 18:13:00
2382,2382,5,2025-12-17 16:04:00,2025-12-19 21:04:00,2025-12-23 12:55:00,Completed,2025-12-17 16:04:00,2025-12-23 12:55:00
2383,2383,4,2025-08-08 11:44:00,2025-08-09 18:44:00,2025-08-27 14:25:00,Completed,2025-08-08 11:44:00,2025-08-27 14:25:00
2384,2384,2,2026-02-06 11:12:00,2026-02-07 15:12:00,2026-02-13 11:01:00,Completed,2026-02-06 11:12:00,2026-02-13 11:01:00
2385,2385,4,2025-10-28 18:03:00,2025-10-31 02:03:00,2025-10-29 15:46:00,Completed,2025-10-28 18:03:00,2025-10-31 02:03:00
2386,2386,3,2026-03-25 15:30:00,2026-03-26 16:30:00,2026-04-02 08:20:00,Completed,2026-03-25 15:30:00,2026-04-02 08:20:00
2387,2387,4,2025-09-24 08:48:00,2025-09-26 09:48:00,2025-10-03 13:08:00,Completed,2025-09-24 08:48:00,2025-10-03 13:08:00
2388,2388,3,2026-04-12 17:41:00,2026-04-15 23:41:00,2026-04-29 16:26:00,Completed,2026-04-12 17:41:00,2026-04-29 16:26:00
2389,2389,5,2026-02-05 08:22:00,2026-02-08 16:22:00,2026-02-10 16:56:00,Completed,2026-02-05 08:22:00,2026-02-10 16:56:00
2390,2390,1,2025-11-20 12:35:00,2025-11-21 18:35:00,2025-11-28 14:02:00,Completed,2025-11-20 12:35:00,2025-11-28 14:02:00
2391,2391,1,2025-11-09 13:56:00,2025-11-12 19:56:00,2025-11-29 09:11:00,Completed,2025-11-09 13:56:00,2025-11-29 09:11:00
2392,2392,5,2026-02-03 13:20:00,2026-02-04 21:20:00,2026-02-04 18:43:00,Completed,2026-02-03 13:20:00,2026-02-04 21:20:00
2393,2393,3,2026-01-30 17:56:00,2026-01-31 21:56:00,2026-02-01 17:14:00,Completed,2026-01-30 17:56:00,2026-02-01 17:14:00
2394,2394,5,2025-09-25 11:55:00,2025-09-28 16:55:00,2025-09-25 15:32:00,Completed,2025-09-25 11:55:00,2025-09-28 16:55:00
2395,2395,4,2026-05-24 12:28:00,2026-05-26 19:28:00,2026-05-24 11:40:00,Completed,2026-05-24 12:28:00,2026-05-26 19:28:00
2396,2396,2,2026-02-14 16:42:00,2026-02-16 20:42:00,2026-02-16 08:38:00,Completed,2026-02-14 16:42:00,2026-02-16 20:42:00
2397,2397,5,2025-09-13 12:10:00,2025-09-14 18:10:00,2025-09-15 15:02:00,Completed,2025-09-13 12:10:00,2025-09-15 15:02:00
2398,2398,5,2025-09-03 10:09:00,2025-09-05 12:09:00,2025-09-08 16:02:00,Completed,2025-09-03 10:09:00,2025-09-08 16:02:00
2399,2399,1,2025-08-24 14:46:00,2025-08-27 18:46:00,2025-09-02 17:40:00,Completed,2025-08-24 14:46:00,2025-09-02 17:40:00
2400,2400,2,2026-03-23 10:06:00,2026-03-25 11:06:00,2026-03-24 13:05:00,Completed,2026-03-23 10:06:00,2026-03-25 11:06:00
2401,2401,5,2025-07-02 18:44:00,2025-07-04 21:44:00,,Delivered,2025-07-02 18:44:00,2025-07-04 21:44:00
2402,2402,4,2025-12-16 13:09:00,2025-12-17 21:09:00,2025-12-19 12:53:00,Completed,2025-12-16 13:09:00,2025-12-19 12:53:00
2403,2403,1,2026-05-29 13:58:00,2026-05-31 15:58:00,2026-06-03 12:16:00,Completed,2026-05-29 13:58:00,2026-06-03 12:16:00
2404,2404,5,2026-01-10 12:36:00,2026-01-12 19:36:00,2026-01-19 12:37:00,Completed,2026-01-10 12:36:00,2026-01-19 12:37:00
2405,2405,4,2026-04-11 12:34:00,2026-04-13 20:34:00,2026-04-13 08:51:00,Completed,2026-04-11 12:34:00,2026-04-13 20:34:00
2406,2406,5,2026-01-25 17:55:00,2026-01-28 21:55:00,2026-01-29 18:26:00,Completed,2026-01-25 17:55:00,2026-01-29 18:26:00
2407,2407,4,2025-12-22 13:16:00,2025-12-25 18:16:00,2025-12-26 16:52:00,Completed,2025-12-22 13:16:00,2025-12-26 16:52:00
2408,2408,5,2026-04-21 16:13:00,2026-04-23 23:13:00,2026-05-02 10:59:00,Completed,2026-04-21 16:13:00,2026-05-02 10:59:00
2409,2409,5,2026-03-12 11:32:00,2026-03-14 13:32:00,2026-03-31 17:25:00,Completed,2026-03-12 11:32:00,2026-03-31 17:25:00
2410,2410,4,2026-04-05 14:45:00,2026-04-06 15:45:00,2026-04-08 12:01:00,Completed,2026-04-05 14:45:00,2026-04-08 12:01:00
2411,2411,2,2025-08-21 17:06:00,2025-08-22 22:06:00,2025-09-05 16:26:00,Completed,2025-08-21 17:06:00,2025-09-05 16:26:00
2412,2412,3,2026-04-04 08:57:00,2026-04-05 11:57:00,2026-04-08 09:04:00,Completed,2026-04-04 08:57:00,2026-04-08 09:04:00
2413,2413,1,2025-08-15 11:52:00,2025-08-17 12:52:00,2025-08-25 09:24:00,Completed,2025-08-15 11:52:00,2025-08-25 09:24:00
2414,2414,1,2025-06-23 10:15:00,2025-06-26 14:15:00,2025-06-27 14:19:00,Completed,2025-06-23 10:15:00,2025-06-27 14:19:00
2415,2415,1,2025-08-30 10:20:00,2025-09-02 16:20:00,2025-09-13 09:11:00,Completed,2025-08-30 10:20:00,2025-09-13 09:11:00
2416,2416,3,2025-07-03 18:07:00,2025-07-07 00:07:00,2025-07-09 14:02:00,Completed,2025-07-03 18:07:00,2025-07-09 14:02:00
2417,2417,5,2026-01-05 10:26:00,2026-01-07 11:26:00,2026-01-07 15:59:00,Completed,2026-01-05 10:26:00,2026-01-07 15:59:00
2418,2418,4,2026-05-09 11:31:00,2026-05-12 11:31:00,2026-05-11 10:09:00,Completed,2026-05-09 11:31:00,2026-05-12 11:31:00
2419,2419,2,2025-11-13 09:57:00,2025-11-16 16:57:00,,Delivered,2025-11-13 09:57:00,2025-11-16 16:57:00
2420,2420,4,2025-07-23 18:04:00,2025-07-24 21:04:00,2025-07-30 14:11:00,Completed,2025-07-23 18:04:00,2025-07-30 14:11:00
2421,2421,2,2026-01-12 15:53:00,2026-01-13 16:53:00,2026-01-17 14:12:00,Completed,2026-01-12 15:53:00,2026-01-17 14:12:00
2422,2422,2,2026-03-27 08:34:00,2026-03-29 09:34:00,2026-04-07 11:18:00,Completed,2026-03-27 08:34:00,2026-04-07 11:18:00
2423,2423,4,2025-12-05 09:30:00,2025-12-06 16:30:00,,Delivered,2025-12-05 09:30:00,2025-12-06 16:30:00
2424,2424,4,2025-09-28 08:18:00,2025-10-01 13:18:00,2025-10-01 16:30:00,Completed,2025-09-28 08:18:00,2025-10-01 16:30:00
2425,2425,3,2026-02-09 13:46:00,2026-02-12 14:46:00,2026-02-12 08:39:00,Completed,2026-02-09 13:46:00,2026-02-12 14:46:00
2426,2426,1,2026-01-03 13:23:00,2026-01-04 17:23:00,2026-01-06 14:43:00,Completed,2026-01-03 13:23:00,2026-01-06 14:43:00
2427,2427,4,2025-07-29 16:26:00,2025-07-30 21:26:00,2025-08-19 13:25:00,Completed,2025-07-29 16:26:00,2025-08-19 13:25:00
2428,2428,1,2025-08-06 18:08:00,2025-08-09 01:08:00,2025-08-09 18:13:00,Completed,2025-08-06 18:08:00,2025-08-09 18:13:00
2429,2429,4,2025-06-14 12:45:00,2025-06-17 13:45:00,2025-06-16 14:37:00,Completed,2025-06-14 12:45:00,2025-06-17 13:45:00
2430,2430,1,2026-05-12 16:22:00,2026-05-14 22:22:00,2026-05-13 18:25:00,Completed,2026-05-12 16:22:00,2026-05-14 22:22:00
2431,2431,5,2026-04-01 17:57:00,2026-04-03 01:57:00,2026-04-02 16:40:00,Completed,2026-04-01 17:57:00,2026-04-03 01:57:00
2432,2432,2,2026-03-11 08:07:00,2026-03-14 11:07:00,2026-03-14 15:26:00,Completed,2026-03-11 08:07:00,2026-03-14 15:26:00
2433,2433,1,2025-06-06 10:56:00,2025-06-08 11:56:00,,Delivered,2025-06-06 10:56:00,2025-06-08 11:56:00
2434,2434,3,2025-10-05 18:34:00,2025-10-07 19:34:00,2025-10-10 13:44:00,Completed,2025-10-05 18:34:00,2025-10-10 13:44:00
2435,2435,3,2025-06-20 15:15:00,2025-06-22 21:15:00,2025-07-05 08:44:00,Completed,2025-06-20 15:15:00,2025-07-05 08:44:00
2436,2436,2,2026-01-16 13:47:00,2026-01-17 19:47:00,2026-01-18 11:10:00,Completed,2026-01-16 13:47:00,2026-01-18 11:10:00
2437,2437,3,2025-12-26 12:32:00,2025-12-27 18:32:00,2025-12-29 09:16:00,Completed,2025-12-26 12:32:00,2025-12-29 09:16:00
2438,2438,3,2025-09-29 14:07:00,2025-10-01 22:07:00,2025-10-04 14:55:00,Completed,2025-09-29 14:07:00,2025-10-04 14:55:00
2439,2439,4,2025-11-30 10:30:00,2025-12-03 10:30:00,2025-12-06 18:28:00,Completed,2025-11-30 10:30:00,2025-12-06 18:28:00
2440,2440,5,2025-07-09 14:56:00,2025-07-12 18:56:00,,Delivered,2025-07-09 14:56:00,2025-07-12 18:56:00
2441,2441,4,2025-10-27 11:59:00,2025-10-30 17:59:00,2025-10-30 08:01:00,Completed,2025-10-27 11:59:00,2025-10-30 17:59:00
2442,2442,4,2025-11-17 08:45:00,2025-11-18 11:45:00,2025-12-02 13:38:00,Completed,2025-11-17 08:45:00,2025-12-02 13:38:00
2443,2443,2,2025-08-22 13:35:00,2025-08-23 13:35:00,2025-08-26 17:23:00,Completed,2025-08-22 13:35:00,2025-08-26 17:23:00
2444,2444,3,2025-09-15 17:02:00,2025-09-18 20:02:00,2025-09-25 11:07:00,Completed,2025-09-15 17:02:00,2025-09-25 11:07:00
2445,2445,2,2025-11-03 14:45:00,2025-11-06 17:45:00,2025-11-05 13:26:00,Completed,2025-11-03 14:45:00,2025-11-06 17:45:00
2446,2446,2,2025-07-03 12:16:00,2025-07-06 19:16:00,2025-07-13 09:21:00,Completed,2025-07-03 12:16:00,2025-07-13 09:21:00
2447,2447,4,2025-09-02 16:18:00,2025-09-03 17:18:00,2025-09-05 17:59:00,Completed,2025-09-02 16:18:00,2025-09-05 17:59:00
2448,2448,4,2026-05-11 17:18:00,2026-05-12 19:18:00,2026-05-17 13:59:00,Completed,2026-05-11 17:18:00,2026-05-17 13:59:00
2449,2449,5,2026-03-12 15:15:00,2026-03-14 21:15:00,2026-03-29 15:14:00,Completed,2026-03-12 15:15:00,2026-03-29 15:14:00
2450,2450,2,2025-06-12 14:07:00,2025-06-15 16:07:00,2025-07-01 14:09:00,Completed,2025-06-12 14:07:00,2025-07-01 14:09:00
2451,2451,5,2025-07-04 11:20:00,2025-07-05 19:20:00,2025-07-06 12:11:00,Completed,2025-07-04 11:20:00,2025-07-06 12:11:00
2452,2452,2,2026-01-14 15:06:00,2026-01-17 21:06:00,2026-01-15 18:09:00,Completed,2026-01-14 15:06:00,2026-01-17 21:06:00
2453,2453,2,2026-05-03 13:38:00,2026-05-06 16:38:00,2026-05-10 09:51:00,Completed,2026-05-03 13:38:00,2026-05-10 09:51:00
2454,2454,4,2026-01-25 15:38:00,2026-01-27 17:38:00,2026-02-01 16:01:00,Completed,2026-01-25 15:38:00,2026-02-01 16:01:00
2455,2455,3,2026-02-05 14:35:00,2026-02-06 17:35:00,2026-02-13 17:58:00,Completed,2026-02-05 14:35:00,2026-02-13 17:58:00
2456,2456,3,2026-04-24 08:12:00,2026-04-25 10:12:00,2026-05-02 09:49:00,Completed,2026-04-24 08:12:00,2026-05-02 09:49:00
2457,2457,2,2025-08-07 08:39:00,2025-08-09 09:39:00,2025-08-11 15:11:00,Completed,2025-08-07 08:39:00,2025-08-11 15:11:00
2458,2458,5,2026-04-04 13:33:00,2026-04-06 15:33:00,2026-04-11 14:03:00,Completed,2026-04-04 13:33:00,2026-04-11 14:03:00
2459,2459,4,2025-07-16 08:17:00,2025-07-18 16:17:00,2025-07-19 08:31:00,Completed,2025-07-16 08:17:00,2025-07-19 08:31:00
2460,2460,3,2026-05-07 17:46:00,2026-05-09 23:46:00,2026-05-07 16:26:00,Completed,2026-05-07 17:46:00,2026-05-09 23:46:00
2461,2461,5,2025-08-22 08:36:00,2025-08-25 16:36:00,2025-08-27 08:03:00,Completed,2025-08-22 08:36:00,2025-08-27 08:03:00
2462,2462,3,2026-04-06 14:33:00,2026-04-09 20:33:00,2026-04-14 13:09:00,Completed,2026-04-06 14:33:00,2026-04-14 13:09:00
2463,2463,4,2025-11-18 16:30:00,2025-11-20 19:30:00,2025-11-28 16:05:00,Completed,2025-11-18 16:30:00,2025-11-28 16:05:00
2464,2464,3,2026-02-25 10:29:00,2026-02-28 10:29:00,,Delivered,2026-02-25 10:29:00,2026-02-28 10:29:00
2465,2465,4,2025-09-12 11:51:00,2025-09-15 16:51:00,,Delivered,2025-09-12 11:51:00,2025-09-15 16:51:00
2466,2466,5,2025-12-26 08:17:00,2025-12-29 12:17:00,2025-12-27 17:14:00,Completed,2025-12-26 08:17:00,2025-12-29 12:17:00
2467,2467,2,2026-01-20 15:18:00,2026-01-22 22:18:00,2026-01-30 10:28:00,Completed,2026-01-20 15:18:00,2026-01-30 10:28:00
2468,2468,5,2026-04-29 15:23:00,2026-05-01 21:23:00,2026-04-29 16:41:00,Completed,2026-04-29 15:23:00,2026-05-01 21:23:00
2469,2469,1,2026-03-25 09:57:00,2026-03-27 10:57:00,2026-04-18 08:02:00,Completed,2026-03-25 09:57:00,2026-04-18 08:02:00
2470,2470,2,2025-12-29 12:59:00,2025-12-30 15:59:00,2026-01-10 09:05:00,Completed,2025-12-29 12:59:00,2026-01-10 09:05:00
2471,2471,3,2025-10-08 11:50:00,2025-10-09 13:50:00,2025-10-18 08:23:00,Completed,2025-10-08 11:50:00,2025-10-18 08:23:00
2472,2472,2,2025-11-13 08:38:00,2025-11-16 10:38:00,2025-11-16 12:07:00,Completed,2025-11-13 08:38:00,2025-11-16 12:07:00
2473,2473,2,2026-01-28 10:18:00,2026-01-31 12:18:00,2026-02-03 11:13:00,Completed,2026-01-28 10:18:00,2026-02-03 11:13:00
2474,2474,5,2025-09-19 11:41:00,2025-09-20 12:41:00,2025-09-20 12:31:00,Completed,2025-09-19 11:41:00,2025-09-20 12:41:00
2475,2475,2,2025-11-16 09:10:00,2025-11-18 17:10:00,,Delivered,2025-11-16 09:10:00,2025-11-18 17:10:00
2476,2476,5,2025-11-29 08:16:00,2025-11-30 16:16:00,2025-12-01 16:06:00,Completed,2025-11-29 08:16:00,2025-12-01 16:06:00
2477,2477,3,2026-03-14 18:30:00,2026-03-15 22:30:00,2026-03-14 18:04:00,Completed,2026-03-14 18:30:00,2026-03-15 22:30:00
2478,2478,4,2025-12-05 17:56:00,2025-12-06 18:56:00,2025-12-10 11:25:00,Completed,2025-12-05 17:56:00,2025-12-10 11:25:00
2479,2479,2,2026-05-11 17:09:00,2026-05-14 20:09:00,2026-05-24 18:24:00,Completed,2026-05-11 17:09:00,2026-05-24 18:24:00
2480,2480,5,2026-03-19 12:20:00,2026-03-20 13:20:00,,Delivered,2026-03-19 12:20:00,2026-03-20 13:20:00
2481,2481,5,2025-06-08 09:04:00,2025-06-11 12:04:00,2025-06-18 15:42:00,Completed,2025-06-08 09:04:00,2025-06-18 15:42:00
2482,2482,5,2025-11-11 18:06:00,2025-11-13 18:06:00,2025-11-13 15:29:00,Completed,2025-11-11 18:06:00,2025-11-13 18:06:00
2483,2483,2,2026-01-02 14:22:00,2026-01-05 19:22:00,2026-01-08 15:22:00,Completed,2026-01-02 14:22:00,2026-01-08 15:22:00
2484,2484,3,2026-01-29 11:48:00,2026-02-01 17:48:00,2026-02-06 09:55:00,Completed,2026-01-29 11:48:00,2026-02-06 09:55:00
2485,2485,5,2025-10-02 12:38:00,2025-10-05 17:38:00,2025-10-17 09:31:00,Completed,2025-10-02 12:38:00,2025-10-17 09:31:00
2486,2486,4,2025-08-03 17:22:00,2025-08-04 22:22:00,,Delivered,2025-08-03 17:22:00,2025-08-04 22:22:00
2487,2487,1,2026-05-16 12:49:00,2026-05-18 20:49:00,,Delivered,2026-05-16 12:49:00,2026-05-18 20:49:00
2488,2488,4,2026-03-13 16:19:00,2026-03-15 16:19:00,2026-03-15 11:03:00,Completed,2026-03-13 16:19:00,2026-03-15 16:19:00
2489,2489,4,2025-10-21 08:41:00,2025-10-23 12:41:00,,Delivered,2025-10-21 08:41:00,2025-10-23 12:41:00
2490,2490,5,2025-06-24 14:48:00,2025-06-25 15:48:00,2025-07-02 14:54:00,Completed,2025-06-24 14:48:00,2025-07-02 14:54:00
2491,2491,1,2025-11-15 14:52:00,2025-11-18 17:52:00,2025-11-21 16:57:00,Completed,2025-11-15 14:52:00,2025-11-21 16:57:00
2492,2492,3,2025-12-30 14:26:00,2026-01-02 18:26:00,,Delivered,2025-12-30 14:26:00,2026-01-02 18:26:00
2493,2493,2,2026-03-29 17:05:00,2026-03-30 20:05:00,2026-04-19 13:01:00,Completed,2026-03-29 17:05:00,2026-04-19 13:01:00
2494,2494,3,2026-04-05 10:02:00,2026-04-06 10:02:00,2026-04-28 16:21:00,Completed,2026-04-05 10:02:00,2026-04-28 16:21:00
2495,2495,3,2025-08-07 18:30:00,2025-08-08 19:30:00,2025-08-14 15:34:00,Completed,2025-08-07 18:30:00,2025-08-14 15:34:00
2496,2496,5,2026-04-05 16:41:00,2026-04-08 17:41:00,2026-04-06 10:37:00,Completed,2026-04-05 16:41:00,2026-04-08 17:41:00
2497,2497,1,2026-01-24 15:49:00,2026-01-25 20:49:00,,Delivered,2026-01-24 15:49:00,2026-01-25 20:49:00
2498,2498,5,2025-11-28 11:59:00,2025-12-01 14:59:00,2025-12-03 12:22:00,Completed,2025-11-28 11:59:00,2025-12-03 12:22:00
2499,2499,2,2026-01-23 16:04:00,2026-01-26 00:04:00,2026-01-27 10:47:00,Completed,2026-01-23 16:04:00,2026-01-27 10:47:00
2500,2500,1,2025-09-26 15:55:00,2025-09-29 19:55:00,,Delivered,2025-09-26 15:55:00,2025-09-29 19:55:00
2501,2501,5,2026-03-31 11:37:00,2026-04-03 15:37:00,2026-04-12 18:20:00,Completed,2026-03-31 11:37:00,2026-04-12 18:20:00
2502,2502,1,2026-03-30 18:30:00,2026-04-01 01:30:00,2026-04-02 12:17:00,Completed,2026-03-30 18:30:00,2026-04-02 12:17:00
2503,2503,3,2026-04-06 13:37:00,2026-04-08 15:37:00,2026-04-12 13:15:00,Completed,2026-04-06 13:37:00,2026-04-12 13:15:00
2504,2504,4,2025-06-26 16:08:00,2025-06-29 17:08:00,2025-06-28 10:09:00,Completed,2025-06-26 16:08:00,2025-06-29 17:08:00
2505,2505,3,2026-05-07 17:04:00,2026-05-08 23:04:00,2026-05-07 17:49:00,Completed,2026-05-07 17:04:00,2026-05-08 23:04:00
2506,2506,1,2025-11-24 09:18:00,2025-11-26 17:18:00,2025-12-01 10:38:00,Completed,2025-11-24 09:18:00,2025-12-01 10:38:00
2507,2507,4,2025-07-18 12:32:00,2025-07-20 18:32:00,2025-07-25 14:09:00,Completed,2025-07-18 12:32:00,2025-07-25 14:09:00
2508,2508,5,2025-10-05 11:26:00,2025-10-07 18:26:00,2025-10-12 09:56:00,Completed,2025-10-05 11:26:00,2025-10-12 09:56:00
2509,2509,3,2025-12-03 10:53:00,2025-12-04 16:53:00,2025-12-10 17:06:00,Completed,2025-12-03 10:53:00,2025-12-10 17:06:00
2510,2510,1,2025-10-30 15:15:00,2025-11-01 18:15:00,2025-11-04 14:19:00,Completed,2025-10-30 15:15:00,2025-11-04 14:19:00
2511,2511,5,2026-01-27 18:14:00,2026-01-29 02:14:00,2026-01-29 11:35:00,Completed,2026-01-27 18:14:00,2026-01-29 11:35:00
2512,2512,1,2025-08-27 12:34:00,2025-08-29 17:34:00,2025-09-01 14:22:00,Completed,2025-08-27 12:34:00,2025-09-01 14:22:00
2513,2513,4,2025-09-12 09:42:00,2025-09-14 09:42:00,2025-09-22 16:04:00,Completed,2025-09-12 09:42:00,2025-09-22 16:04:00
2514,2514,5,2026-04-04 12:09:00,2026-04-07 18:09:00,2026-04-12 13:48:00,Completed,2026-04-04 12:09:00,2026-04-12 13:48:00
2515,2515,3,2026-03-19 14:55:00,2026-03-22 19:55:00,2026-03-24 15:38:00,Completed,2026-03-19 14:55:00,2026-03-24 15:38:00
2516,2516,1,2025-06-21 10:34:00,2025-06-24 18:34:00,2025-06-26 17:49:00,Completed,2025-06-21 10:34:00,2025-06-26 17:49:00
2517,2517,1,2025-09-14 18:08:00,2025-09-15 19:08:00,2025-09-21 12:08:00,Completed,2025-09-14 18:08:00,2025-09-21 12:08:00
2518,2518,3,2026-04-15 08:10:00,2026-04-18 11:10:00,2026-04-24 11:55:00,Completed,2026-04-15 08:10:00,2026-04-24 11:55:00
2519,2519,2,2025-12-04 13:15:00,2025-12-07 19:15:00,2025-12-22 11:09:00,Completed,2025-12-04 13:15:00,2025-12-22 11:09:00
2520,2520,3,2026-05-15 14:11:00,2026-05-17 18:11:00,2026-05-17 15:16:00,Completed,2026-05-15 14:11:00,2026-05-17 18:11:00
2521,2521,5,2025-10-18 17:05:00,2025-10-19 23:05:00,2025-10-26 14:55:00,Completed,2025-10-18 17:05:00,2025-10-26 14:55:00
2522,2522,3,2025-06-12 12:15:00,2025-06-13 20:15:00,2025-06-16 17:09:00,Completed,2025-06-12 12:15:00,2025-06-16 17:09:00
2523,2523,3,2025-07-04 17:11:00,2025-07-06 22:11:00,,Delivered,2025-07-04 17:11:00,2025-07-06 22:11:00
2524,2524,1,2026-03-24 13:50:00,2026-03-25 18:50:00,2026-04-05 15:57:00,Completed,2026-03-24 13:50:00,2026-04-05 15:57:00
2525,2525,2,2026-01-06 18:51:00,2026-01-08 01:51:00,2026-01-11 14:54:00,Completed,2026-01-06 18:51:00,2026-01-11 14:54:00
2526,2526,1,2025-10-12 10:15:00,2025-10-15 10:15:00,2025-11-01 09:22:00,Completed,2025-10-12 10:15:00,2025-11-01 09:22:00
2527,2527,5,2026-01-02 08:17:00,2026-01-03 14:17:00,2026-01-05 17:10:00,Completed,2026-01-02 08:17:00,2026-01-05 17:10:00
2528,2528,1,2025-10-05 08:21:00,2025-10-06 12:21:00,2025-10-12 14:52:00,Completed,2025-10-05 08:21:00,2025-10-12 14:52:00
2529,2529,4,2025-10-16 08:23:00,2025-10-17 13:23:00,2025-10-20 16:22:00,Completed,2025-10-16 08:23:00,2025-10-20 16:22:00
2530,2530,3,2026-01-26 09:04:00,2026-01-29 13:04:00,,Delivered,2026-01-26 09:04:00,2026-01-29 13:04:00
2531,2531,4,2025-08-09 10:44:00,2025-08-12 15:44:00,2025-08-15 14:16:00,Completed,2025-08-09 10:44:00,2025-08-15 14:16:00
2532,2532,4,2026-05-19 14:38:00,2026-05-22 18:38:00,2026-05-20 09:17:00,Completed,2026-05-19 14:38:00,2026-05-22 18:38:00
2533,2533,1,2025-10-01 15:17:00,2025-10-04 22:17:00,2025-10-12 08:14:00,Completed,2025-10-01 15:17:00,2025-10-12 08:14:00
2534,2534,5,2026-04-19 13:54:00,2026-04-21 16:54:00,2026-04-23 08:20:00,Completed,2026-04-19 13:54:00,2026-04-23 08:20:00
2535,2535,5,2025-11-01 18:25:00,2025-11-03 21:25:00,2025-11-12 16:54:00,Completed,2025-11-01 18:25:00,2025-11-12 16:54:00
2536,2536,2,2025-09-02 09:36:00,2025-09-04 13:36:00,2025-09-12 14:14:00,Completed,2025-09-02 09:36:00,2025-09-12 14:14:00
2537,2537,1,2025-12-03 11:57:00,2025-12-05 14:57:00,2025-12-15 16:23:00,Completed,2025-12-03 11:57:00,2025-12-15 16:23:00
2538,2538,4,2026-04-09 11:34:00,2026-04-12 11:34:00,2026-04-15 13:42:00,Completed,2026-04-09 11:34:00,2026-04-15 13:42:00
2539,2539,1,2026-03-02 12:38:00,2026-03-05 17:38:00,2026-03-19 17:07:00,Completed,2026-03-02 12:38:00,2026-03-19 17:07:00
2540,2540,1,2026-04-26 17:49:00,2026-04-28 17:49:00,2026-04-27 08:21:00,Completed,2026-04-26 17:49:00,2026-04-28 17:49:00
2541,2541,1,2025-09-21 15:03:00,2025-09-23 19:03:00,2025-10-02 12:29:00,Completed,2025-09-21 15:03:00,2025-10-02 12:29:00
2542,2542,4,2025-11-07 13:01:00,2025-11-09 21:01:00,2025-11-27 14:25:00,Completed,2025-11-07 13:01:00,2025-11-27 14:25:00
2543,2543,2,2025-10-02 18:26:00,2025-10-04 21:26:00,2025-10-22 12:11:00,Completed,2025-10-02 18:26:00,2025-10-22 12:11:00
2544,2544,2,2026-01-05 12:09:00,2026-01-08 12:09:00,2026-01-10 15:16:00,Completed,2026-01-05 12:09:00,2026-01-10 15:16:00
2545,2545,5,2026-04-06 08:31:00,2026-04-07 11:31:00,2026-04-07 09:53:00,Completed,2026-04-06 08:31:00,2026-04-07 11:31:00
2546,2546,4,2026-05-28 18:25:00,2026-05-29 20:25:00,2026-06-01 15:01:00,Completed,2026-05-28 18:25:00,2026-06-01 15:01:00
2547,2547,3,2025-11-13 10:33:00,2025-11-16 16:33:00,2025-11-23 10:42:00,Completed,2025-11-13 10:33:00,2025-11-23 10:42:00
2548,2548,3,2025-12-05 10:53:00,2025-12-07 18:53:00,2025-12-10 16:52:00,Completed,2025-12-05 10:53:00,2025-12-10 16:52:00
2549,2549,3,2025-10-17 17:28:00,2025-10-19 19:28:00,2025-10-17 17:29:00,Completed,2025-10-17 17:28:00,2025-10-19 19:28:00
2550,2550,1,2026-03-15 17:43:00,2026-03-17 23:43:00,2026-03-28 18:28:00,Completed,2026-03-15 17:43:00,2026-03-28 18:28:00
2551,2551,2,2026-03-25 12:24:00,2026-03-28 19:24:00,2026-03-27 11:17:00,Completed,2026-03-25 12:24:00,2026-03-28 19:24:00
2552,2552,2,2025-10-07 11:09:00,2025-10-09 19:09:00,,Delivered,2025-10-07 11:09:00,2025-10-09 19:09:00
2553,2553,2,2025-06-06 14:12:00,2025-06-08 19:12:00,2025-06-14 13:44:00,Completed,2025-06-06 14:12:00,2025-06-14 13:44:00
2554,2554,5,2025-12-31 15:17:00,2026-01-03 16:17:00,2026-01-04 14:57:00,Completed,2025-12-31 15:17:00,2026-01-04 14:57:00
2555,2555,3,2025-08-30 16:46:00,2025-08-31 22:46:00,,Delivered,2025-08-30 16:46:00,2025-08-31 22:46:00
2556,2556,5,2026-01-22 16:11:00,2026-01-24 16:11:00,2026-01-29 08:59:00,Completed,2026-01-22 16:11:00,2026-01-29 08:59:00
2557,2557,2,2026-05-23 11:17:00,2026-05-25 16:17:00,2026-05-25 17:53:00,Completed,2026-05-23 11:17:00,2026-05-25 17:53:00
2558,2558,5,2025-12-11 18:12:00,2025-12-12 22:12:00,2025-12-25 18:50:00,Completed,2025-12-11 18:12:00,2025-12-25 18:50:00
2559,2559,1,2026-05-13 12:59:00,2026-05-16 16:59:00,2026-05-17 13:57:00,Completed,2026-05-13 12:59:00,2026-05-17 13:57:00
2560,2560,5,2025-08-10 14:22:00,2025-08-11 14:22:00,2025-08-24 08:30:00,Completed,2025-08-10 14:22:00,2025-08-24 08:30:00
2561,2561,4,2025-10-06 12:01:00,2025-10-07 20:01:00,2025-10-20 10:19:00,Completed,2025-10-06 12:01:00,2025-10-20 10:19:00
2562,2562,2,2026-01-28 08:07:00,2026-01-30 12:07:00,2026-02-10 16:50:00,Completed,2026-01-28 08:07:00,2026-02-10 16:50:00
2563,2563,2,2026-03-06 14:50:00,2026-03-08 14:50:00,2026-03-13 09:27:00,Completed,2026-03-06 14:50:00,2026-03-13 09:27:00
2564,2564,1,2025-08-13 18:37:00,2025-08-16 00:37:00,2025-08-29 10:00:00,Completed,2025-08-13 18:37:00,2025-08-29 10:00:00
2565,2565,1,2025-10-04 11:31:00,2025-10-07 13:31:00,2025-10-08 10:56:00,Completed,2025-10-04 11:31:00,2025-10-08 10:56:00
2566,2566,1,2025-11-19 10:58:00,2025-11-21 16:58:00,2025-11-30 08:01:00,Completed,2025-11-19 10:58:00,2025-11-30 08:01:00
2567,2567,4,2026-02-14 16:32:00,2026-02-17 17:32:00,2026-02-19 11:05:00,Completed,2026-02-14 16:32:00,2026-02-19 11:05:00
2568,2568,4,2026-03-31 11:05:00,2026-04-02 18:05:00,2026-04-14 11:00:00,Completed,2026-03-31 11:05:00,2026-04-14 11:00:00
2569,2569,5,2025-11-20 10:22:00,2025-11-23 13:22:00,2025-11-28 13:35:00,Completed,2025-11-20 10:22:00,2025-11-28 13:35:00
2570,2570,4,2025-11-12 16:31:00,2025-11-14 20:31:00,,Delivered,2025-11-12 16:31:00,2025-11-14 20:31:00
2571,2571,2,2025-11-13 08:11:00,2025-11-15 08:11:00,2025-11-16 13:19:00,Completed,2025-11-13 08:11:00,2025-11-16 13:19:00
2572,2572,2,2025-10-05 13:54:00,2025-10-08 14:54:00,2025-10-06 16:15:00,Completed,2025-10-05 13:54:00,2025-10-08 14:54:00
2573,2573,5,2025-11-01 10:06:00,2025-11-03 16:06:00,2025-11-04 12:25:00,Completed,2025-11-01 10:06:00,2025-11-04 12:25:00
2574,2574,3,2026-01-11 12:04:00,2026-01-12 20:04:00,2026-01-12 15:53:00,Completed,2026-01-11 12:04:00,2026-01-12 20:04:00
2575,2575,4,2026-03-17 08:31:00,2026-03-20 09:31:00,2026-03-28 08:09:00,Completed,2026-03-17 08:31:00,2026-03-28 08:09:00
2576,2576,5,2025-06-23 12:20:00,2025-06-26 20:20:00,2025-06-29 13:32:00,Completed,2025-06-23 12:20:00,2025-06-29 13:32:00
2577,2577,5,2025-10-05 13:31:00,2025-10-07 13:31:00,2025-10-14 08:08:00,Completed,2025-10-05 13:31:00,2025-10-14 08:08:00
2578,2578,4,2026-03-19 11:40:00,2026-03-20 11:40:00,2026-03-21 09:51:00,Completed,2026-03-19 11:40:00,2026-03-21 09:51:00
2579,2579,3,2025-11-05 14:47:00,2025-11-07 14:47:00,2025-11-10 18:13:00,Completed,2025-11-05 14:47:00,2025-11-10 18:13:00
2580,2580,1,2025-12-09 18:39:00,2025-12-13 00:39:00,2025-12-16 15:49:00,Completed,2025-12-09 18:39:00,2025-12-16 15:49:00
2581,2581,5,2025-10-29 17:28:00,2025-11-02 00:28:00,2025-11-02 15:44:00,Completed,2025-10-29 17:28:00,2025-11-02 15:44:00
2582,2582,3,2025-09-09 09:30:00,2025-09-10 16:30:00,2025-09-18 14:22:00,Completed,2025-09-09 09:30:00,2025-09-18 14:22:00
2583,2583,5,2026-01-16 16:25:00,2026-01-17 23:25:00,2026-02-01 08:27:00,Completed,2026-01-16 16:25:00,2026-02-01 08:27:00
2584,2584,3,2025-10-05 17:58:00,2025-10-06 19:58:00,2025-10-05 09:45:00,Completed,2025-10-05 17:58:00,2025-10-06 19:58:00
2585,2585,3,2025-09-27 08:03:00,2025-09-30 16:03:00,2025-09-27 15:20:00,Completed,2025-09-27 08:03:00,2025-09-30 16:03:00
2586,2586,1,2025-09-19 15:28:00,2025-09-22 17:28:00,2025-09-21 12:04:00,Completed,2025-09-19 15:28:00,2025-09-22 17:28:00
2587,2587,1,2025-06-24 14:22:00,2025-06-27 18:22:00,2025-06-29 09:39:00,Completed,2025-06-24 14:22:00,2025-06-29 09:39:00
2588,2588,5,2025-09-02 16:28:00,2025-09-05 21:28:00,2025-09-09 16:07:00,Completed,2025-09-02 16:28:00,2025-09-09 16:07:00
2589,2589,4,2026-03-03 16:55:00,2026-03-04 19:55:00,2026-03-23 09:45:00,Completed,2026-03-03 16:55:00,2026-03-23 09:45:00
2590,2590,3,2026-01-28 18:05:00,2026-02-01 01:05:00,2026-02-03 13:51:00,Completed,2026-01-28 18:05:00,2026-02-03 13:51:00
2591,2591,5,2026-01-25 11:29:00,2026-01-27 17:29:00,2026-02-08 15:29:00,Completed,2026-01-25 11:29:00,2026-02-08 15:29:00
2592,2592,4,2025-08-22 11:02:00,2025-08-24 14:02:00,2025-08-30 15:46:00,Completed,2025-08-22 11:02:00,2025-08-30 15:46:00
2593,2593,3,2026-02-28 13:54:00,2026-03-02 18:54:00,2026-03-14 17:25:00,Completed,2026-02-28 13:54:00,2026-03-14 17:25:00
2594,2594,3,2025-10-30 10:14:00,2025-11-01 15:14:00,2025-11-15 14:29:00,Completed,2025-10-30 10:14:00,2025-11-15 14:29:00
2595,2595,1,2025-11-05 10:20:00,2025-11-08 17:20:00,2025-11-07 09:05:00,Completed,2025-11-05 10:20:00,2025-11-08 17:20:00
2596,2596,3,2025-06-07 18:24:00,2025-06-09 19:24:00,2025-06-11 10:00:00,Completed,2025-06-07 18:24:00,2025-06-11 10:00:00
2597,2597,1,2026-01-05 18:34:00,2026-01-07 00:34:00,2026-01-10 14:14:00,Completed,2026-01-05 18:34:00,2026-01-10 14:14:00
2598,2598,1,2025-10-12 09:21:00,2025-10-13 11:21:00,2025-11-03 09:51:00,Completed,2025-10-12 09:21:00,2025-11-03 09:51:00
2599,2599,2,2026-02-04 18:27:00,2026-02-07 22:27:00,2026-02-10 17:00:00,Completed,2026-02-04 18:27:00,2026-02-10 17:00:00
2600,2600,1,2025-06-21 10:38:00,2025-06-22 11:38:00,2025-06-27 12:11:00,Completed,2025-06-21 10:38:00,2025-06-27 12:11:00
2601,2601,5,2026-04-10 10:42:00,2026-04-13 12:42:00,2026-04-15 11:46:00,Completed,2026-04-10 10:42:00,2026-04-15 11:46:00
2602,2602,2,2025-10-14 17:42:00,2025-10-16 01:42:00,2025-10-20 17:45:00,Completed,2025-10-14 17:42:00,2025-10-20 17:45:00
2603,2603,3,2025-11-17 17:31:00,2025-11-19 19:31:00,2025-11-24 10:19:00,Completed,2025-11-17 17:31:00,2025-11-24 10:19:00
2604,2604,3,2025-12-25 08:36:00,2025-12-27 16:36:00,2025-12-27 18:00:00,Completed,2025-12-25 08:36:00,2025-12-27 18:00:00
2605,2605,3,2026-04-23 11:51:00,2026-04-25 14:51:00,2026-05-01 18:49:00,Completed,2026-04-23 11:51:00,2026-05-01 18:49:00
2606,2606,3,2025-06-18 10:46:00,2025-06-21 15:46:00,2025-07-02 18:37:00,Completed,2025-06-18 10:46:00,2025-07-02 18:37:00
2607,2607,3,2026-03-18 16:02:00,2026-03-21 19:02:00,2026-04-05 13:13:00,Completed,2026-03-18 16:02:00,2026-04-05 13:13:00
2608,2608,2,2025-10-26 13:12:00,2025-10-29 20:12:00,2025-11-04 18:59:00,Completed,2025-10-26 13:12:00,2025-11-04 18:59:00
2609,2609,1,2025-07-19 15:54:00,2025-07-22 21:54:00,2025-07-26 12:52:00,Completed,2025-07-19 15:54:00,2025-07-26 12:52:00
2610,2610,3,2025-08-07 13:19:00,2025-08-08 16:19:00,2025-08-15 14:03:00,Completed,2025-08-07 13:19:00,2025-08-15 14:03:00
2611,2611,4,2025-09-08 09:12:00,2025-09-10 11:12:00,2025-09-19 18:56:00,Completed,2025-09-08 09:12:00,2025-09-19 18:56:00
2612,2612,1,2025-11-21 15:41:00,2025-11-24 19:41:00,2025-12-05 09:27:00,Completed,2025-11-21 15:41:00,2025-12-05 09:27:00
2613,2613,5,2026-01-25 16:22:00,2026-01-28 22:22:00,2026-01-30 14:52:00,Completed,2026-01-25 16:22:00,2026-01-30 14:52:00
2614,2614,5,2025-07-25 17:36:00,2025-07-27 19:36:00,2025-08-16 18:47:00,Completed,2025-07-25 17:36:00,2025-08-16 18:47:00
2615,2615,3,2025-08-18 12:32:00,2025-08-20 14:32:00,2025-08-18 09:25:00,Completed,2025-08-18 12:32:00,2025-08-20 14:32:00
2616,2616,2,2025-09-28 17:04:00,2025-09-29 18:04:00,2025-10-01 14:21:00,Completed,2025-09-28 17:04:00,2025-10-01 14:21:00
2617,2617,3,2026-03-12 17:14:00,2026-03-16 01:14:00,2026-03-18 08:21:00,Completed,2026-03-12 17:14:00,2026-03-18 08:21:00
2618,2618,4,2025-12-06 16:32:00,2025-12-09 17:32:00,2025-12-21 17:08:00,Completed,2025-12-06 16:32:00,2025-12-21 17:08:00
2619,2619,4,2026-03-06 17:43:00,2026-03-09 17:43:00,2026-03-15 14:23:00,Completed,2026-03-06 17:43:00,2026-03-15 14:23:00
2620,2620,3,2026-04-09 15:44:00,2026-04-12 17:44:00,2026-04-18 08:33:00,Completed,2026-04-09 15:44:00,2026-04-18 08:33:00
2621,2621,5,2026-04-01 17:19:00,2026-04-02 17:19:00,2026-04-07 13:15:00,Completed,2026-04-01 17:19:00,2026-04-07 13:15:00
2622,2622,5,2025-06-29 12:43:00,2025-07-01 20:43:00,2025-06-29 16:54:00,Completed,2025-06-29 12:43:00,2025-07-01 20:43:00
2623,2623,4,2025-06-17 17:07:00,2025-06-18 22:07:00,2025-07-01 14:29:00,Completed,2025-06-17 17:07:00,2025-07-01 14:29:00
2624,2624,3,2025-12-21 15:52:00,2025-12-23 18:52:00,,Delivered,2025-12-21 15:52:00,2025-12-23 18:52:00
2625,2625,4,2025-12-15 17:11:00,2025-12-16 19:11:00,2025-12-16 17:24:00,Completed,2025-12-15 17:11:00,2025-12-16 19:11:00
2626,2626,2,2025-11-25 15:32:00,2025-11-28 23:32:00,2025-11-30 15:49:00,Completed,2025-11-25 15:32:00,2025-11-30 15:49:00
2627,2627,2,2025-11-23 14:35:00,2025-11-25 17:35:00,2025-11-30 17:02:00,Completed,2025-11-23 14:35:00,2025-11-30 17:02:00
2628,2628,5,2026-05-27 14:29:00,2026-05-30 17:29:00,2026-06-09 17:04:00,Completed,2026-05-27 14:29:00,2026-06-09 17:04:00
2629,2629,2,2026-03-19 16:04:00,2026-03-20 18:04:00,2026-03-25 12:13:00,Completed,2026-03-19 16:04:00,2026-03-25 12:13:00
2630,2630,2,2025-07-29 12:36:00,2025-07-31 13:36:00,2025-08-11 17:38:00,Completed,2025-07-29 12:36:00,2025-08-11 17:38:00
2631,2631,2,2026-04-02 16:03:00,2026-04-05 16:03:00,2026-04-04 13:11:00,Completed,2026-04-02 16:03:00,2026-04-05 16:03:00
2632,2632,2,2025-12-07 09:09:00,2025-12-10 16:09:00,2025-12-10 13:15:00,Completed,2025-12-07 09:09:00,2025-12-10 16:09:00
2633,2633,2,2025-09-04 14:03:00,2025-09-06 15:03:00,2025-09-07 10:34:00,Completed,2025-09-04 14:03:00,2025-09-07 10:34:00
2634,2634,3,2025-07-27 18:00:00,2025-07-29 19:00:00,,Delivered,2025-07-27 18:00:00,2025-07-29 19:00:00
2635,2635,1,2026-03-08 13:29:00,2026-03-10 20:29:00,2026-03-26 13:41:00,Completed,2026-03-08 13:29:00,2026-03-26 13:41:00
2636,2636,4,2025-07-18 11:18:00,2025-07-19 17:18:00,2025-07-31 08:22:00,Completed,2025-07-18 11:18:00,2025-07-31 08:22:00
2637,2637,5,2025-06-11 11:45:00,2025-06-14 15:45:00,2025-06-12 17:36:00,Completed,2025-06-11 11:45:00,2025-06-14 15:45:00
2638,2638,4,2025-10-07 12:02:00,2025-10-09 20:02:00,2025-10-16 16:42:00,Completed,2025-10-07 12:02:00,2025-10-16 16:42:00
2639,2639,2,2026-01-31 18:37:00,2026-02-02 01:37:00,2026-01-31 11:15:00,Completed,2026-01-31 18:37:00,2026-02-02 01:37:00
2640,2640,4,2026-05-06 10:21:00,2026-05-08 10:21:00,2026-05-10 09:05:00,Completed,2026-05-06 10:21:00,2026-05-10 09:05:00
2641,2641,4,2025-09-14 15:46:00,2025-09-15 17:46:00,2025-09-19 09:31:00,Completed,2025-09-14 15:46:00,2025-09-19 09:31:00
2642,2642,3,2025-06-22 14:31:00,2025-06-24 14:31:00,2025-06-28 15:51:00,Completed,2025-06-22 14:31:00,2025-06-28 15:51:00
2643,2643,3,2025-06-18 17:31:00,2025-06-21 00:31:00,2025-06-22 11:43:00,Completed,2025-06-18 17:31:00,2025-06-22 11:43:00
2644,2644,2,2025-06-09 12:24:00,2025-06-12 16:24:00,2025-06-10 15:05:00,Completed,2025-06-09 12:24:00,2025-06-12 16:24:00
2645,2645,1,2026-05-07 13:00:00,2026-05-08 16:00:00,2026-05-16 10:24:00,Completed,2026-05-07 13:00:00,2026-05-16 10:24:00
2646,2646,5,2025-12-08 15:37:00,2025-12-09 18:37:00,2025-12-12 15:42:00,Completed,2025-12-08 15:37:00,2025-12-12 15:42:00
2647,2647,3,2026-03-06 12:16:00,2026-03-07 13:16:00,2026-03-12 11:04:00,Completed,2026-03-06 12:16:00,2026-03-12 11:04:00
2648,2648,2,2026-04-19 18:59:00,2026-04-22 22:59:00,2026-04-19 08:52:00,Completed,2026-04-19 18:59:00,2026-04-22 22:59:00
2649,2649,1,2025-12-02 08:21:00,2025-12-05 14:21:00,2025-12-07 09:56:00,Completed,2025-12-02 08:21:00,2025-12-07 09:56:00
2650,2650,5,2025-08-19 16:52:00,2025-08-20 20:52:00,2025-08-20 09:40:00,Completed,2025-08-19 16:52:00,2025-08-20 20:52:00
2651,2651,3,2025-11-24 17:54:00,2025-11-26 22:54:00,2025-12-10 14:38:00,Completed,2025-11-24 17:54:00,2025-12-10 14:38:00
2652,2652,3,2026-03-12 17:35:00,2026-03-14 18:35:00,2026-04-01 15:36:00,Completed,2026-03-12 17:35:00,2026-04-01 15:36:00
2653,2653,5,2025-11-21 13:29:00,2025-11-23 20:29:00,,Delivered,2025-11-21 13:29:00,2025-11-23 20:29:00
2654,2654,3,2025-11-30 10:33:00,2025-12-03 10:33:00,,Delivered,2025-11-30 10:33:00,2025-12-03 10:33:00
2655,2655,5,2026-04-07 14:06:00,2026-04-08 14:06:00,2026-04-18 13:07:00,Completed,2026-04-07 14:06:00,2026-04-18 13:07:00
2656,2656,1,2026-03-26 15:47:00,2026-03-29 16:47:00,2026-04-10 08:53:00,Completed,2026-03-26 15:47:00,2026-04-10 08:53:00
2657,2657,4,2025-10-07 09:34:00,2025-10-09 14:34:00,2025-10-08 09:54:00,Completed,2025-10-07 09:34:00,2025-10-09 14:34:00
2658,2658,4,2025-09-01 14:42:00,2025-09-04 17:42:00,2025-09-07 18:37:00,Completed,2025-09-01 14:42:00,2025-09-07 18:37:00
2659,2659,2,2026-04-26 11:49:00,2026-04-29 11:49:00,,Delivered,2026-04-26 11:49:00,2026-04-29 11:49:00
2660,2660,4,2025-06-06 15:46:00,2025-06-08 23:46:00,2025-06-12 17:06:00,Completed,2025-06-06 15:46:00,2025-06-12 17:06:00
2661,2661,2,2026-04-26 12:55:00,2026-04-27 18:55:00,2026-05-01 08:48:00,Completed,2026-04-26 12:55:00,2026-05-01 08:48:00
2662,2662,5,2025-12-15 18:53:00,2025-12-18 23:53:00,,Delivered,2025-12-15 18:53:00,2025-12-18 23:53:00
2663,2663,1,2026-01-31 17:12:00,2026-02-02 18:12:00,2026-01-31 12:52:00,Completed,2026-01-31 17:12:00,2026-02-02 18:12:00
2664,2664,5,2025-09-05 08:26:00,2025-09-08 10:26:00,2025-09-11 15:13:00,Completed,2025-09-05 08:26:00,2025-09-11 15:13:00
2665,2665,1,2025-10-27 16:08:00,2025-10-28 17:08:00,2025-10-28 12:24:00,Completed,2025-10-27 16:08:00,2025-10-28 17:08:00
2666,2666,3,2025-11-04 14:15:00,2025-11-06 18:15:00,2025-11-24 14:40:00,Completed,2025-11-04 14:15:00,2025-11-24 14:40:00
2667,2667,2,2025-09-03 18:30:00,2025-09-05 22:30:00,2025-09-08 09:49:00,Completed,2025-09-03 18:30:00,2025-09-08 09:49:00
2668,2668,2,2026-01-19 14:13:00,2026-01-20 18:13:00,2026-01-24 12:01:00,Completed,2026-01-19 14:13:00,2026-01-24 12:01:00
2669,2669,5,2025-07-13 16:51:00,2025-07-14 18:51:00,2025-07-22 15:34:00,Completed,2025-07-13 16:51:00,2025-07-22 15:34:00
2670,2670,4,2026-01-06 17:49:00,2026-01-10 01:49:00,2026-01-06 16:44:00,Completed,2026-01-06 17:49:00,2026-01-10 01:49:00
2671,2671,2,2025-06-14 15:34:00,2025-06-15 18:34:00,2025-06-24 12:48:00,Completed,2025-06-14 15:34:00,2025-06-24 12:48:00
2672,2672,4,2026-01-26 10:01:00,2026-01-28 11:01:00,2026-01-28 09:18:00,Completed,2026-01-26 10:01:00,2026-01-28 11:01:00
2673,2673,5,2025-09-05 08:34:00,2025-09-08 08:34:00,2025-09-07 17:04:00,Completed,2025-09-05 08:34:00,2025-09-08 08:34:00
2674,2674,2,2025-09-01 17:55:00,2025-09-03 20:55:00,2025-09-15 18:45:00,Completed,2025-09-01 17:55:00,2025-09-15 18:45:00
2675,2675,5,2026-04-02 16:48:00,2026-04-04 18:48:00,2026-04-03 10:30:00,Completed,2026-04-02 16:48:00,2026-04-04 18:48:00
2676,2676,2,2026-04-20 15:29:00,2026-04-21 23:29:00,2026-04-21 11:37:00,Completed,2026-04-20 15:29:00,2026-04-21 23:29:00
2677,2677,5,2025-06-08 10:33:00,2025-06-09 17:33:00,2025-06-24 08:32:00,Completed,2025-06-08 10:33:00,2025-06-24 08:32:00
2678,2678,5,2025-09-12 13:36:00,2025-09-14 14:36:00,2025-09-20 14:10:00,Completed,2025-09-12 13:36:00,2025-09-20 14:10:00
2679,2679,1,2026-05-12 14:30:00,2026-05-13 14:30:00,2026-05-30 18:40:00,Completed,2026-05-12 14:30:00,2026-05-30 18:40:00
2680,2680,3,2025-10-14 09:42:00,2025-10-15 10:42:00,2025-10-21 17:02:00,Completed,2025-10-14 09:42:00,2025-10-21 17:02:00
2681,2681,3,2025-09-18 14:24:00,2025-09-21 20:24:00,2025-09-19 11:23:00,Completed,2025-09-18 14:24:00,2025-09-21 20:24:00
2682,2682,3,2026-01-23 16:18:00,2026-01-24 22:18:00,2026-02-11 18:37:00,Completed,2026-01-23 16:18:00,2026-02-11 18:37:00
2683,2683,5,2025-06-20 13:52:00,2025-06-22 18:52:00,2025-06-30 18:40:00,Completed,2025-06-20 13:52:00,2025-06-30 18:40:00
2684,2684,2,2025-07-16 14:00:00,2025-07-19 18:00:00,2025-08-04 09:28:00,Completed,2025-07-16 14:00:00,2025-08-04 09:28:00
2685,2685,1,2026-03-10 09:19:00,2026-03-13 09:19:00,2026-03-14 08:01:00,Completed,2026-03-10 09:19:00,2026-03-14 08:01:00
2686,2686,2,2026-01-29 13:11:00,2026-01-30 20:11:00,2026-02-01 17:21:00,Completed,2026-01-29 13:11:00,2026-02-01 17:21:00
2687,2687,4,2025-06-20 15:26:00,2025-06-21 23:26:00,2025-06-21 10:29:00,Completed,2025-06-20 15:26:00,2025-06-21 23:26:00
2688,2688,5,2026-04-24 13:56:00,2026-04-25 18:56:00,2026-04-28 08:51:00,Completed,2026-04-24 13:56:00,2026-04-28 08:51:00
2689,2689,1,2025-12-27 16:02:00,2025-12-30 19:02:00,2026-01-01 15:15:00,Completed,2025-12-27 16:02:00,2026-01-01 15:15:00
2690,2690,2,2026-05-07 10:02:00,2026-05-08 18:02:00,,Delivered,2026-05-07 10:02:00,2026-05-08 18:02:00
2691,2691,3,2025-08-01 15:22:00,2025-08-03 18:22:00,2025-08-12 10:40:00,Completed,2025-08-01 15:22:00,2025-08-12 10:40:00
2692,2692,5,2026-05-14 13:14:00,2026-05-17 21:14:00,2026-05-20 18:12:00,Completed,2026-05-14 13:14:00,2026-05-20 18:12:00
2693,2693,1,2025-07-11 18:21:00,2025-07-13 23:21:00,2025-07-12 18:28:00,Completed,2025-07-11 18:21:00,2025-07-13 23:21:00
2694,2694,3,2025-09-01 17:14:00,2025-09-03 17:14:00,2025-09-14 15:21:00,Completed,2025-09-01 17:14:00,2025-09-14 15:21:00
2695,2695,3,2025-12-26 09:20:00,2025-12-27 14:20:00,2025-12-28 16:57:00,Completed,2025-12-26 09:20:00,2025-12-28 16:57:00
2696,2696,4,2025-08-27 12:51:00,2025-08-29 12:51:00,2025-09-08 13:01:00,Completed,2025-08-27 12:51:00,2025-09-08 13:01:00
2697,2697,5,2025-10-09 15:56:00,2025-10-11 18:56:00,2025-10-13 17:13:00,Completed,2025-10-09 15:56:00,2025-10-13 17:13:00
2698,2698,5,2025-06-18 11:57:00,2025-06-20 13:57:00,2025-06-23 15:04:00,Completed,2025-06-18 11:57:00,2025-06-23 15:04:00
2699,2699,5,2025-09-01 18:16:00,2025-09-05 01:16:00,2025-09-09 16:49:00,Completed,2025-09-01 18:16:00,2025-09-09 16:49:00
2700,2700,1,2025-11-16 18:46:00,2025-11-17 18:46:00,2025-11-20 12:58:00,Completed,2025-11-16 18:46:00,2025-11-20 12:58:00
2701,2701,2,2025-06-12 10:55:00,2025-06-14 15:55:00,2025-06-17 14:54:00,Completed,2025-06-12 10:55:00,2025-06-17 14:54:00
2702,2702,4,2026-03-09 08:29:00,2026-03-11 13:29:00,2026-03-18 16:11:00,Completed,2026-03-09 08:29:00,2026-03-18 16:11:00
2703,2703,4,2025-11-16 08:55:00,2025-11-18 16:55:00,2025-12-04 08:03:00,Completed,2025-11-16 08:55:00,2025-12-04 08:03:00
2704,2704,4,2025-10-02 14:11:00,2025-10-04 19:11:00,2025-10-09 13:25:00,Completed,2025-10-02 14:11:00,2025-10-09 13:25:00
2705,2705,3,2025-11-13 15:30:00,2025-11-14 17:30:00,2025-11-24 18:44:00,Completed,2025-11-13 15:30:00,2025-11-24 18:44:00
2706,2706,3,2026-04-24 11:02:00,2026-04-25 17:02:00,2026-05-08 18:21:00,Completed,2026-04-24 11:02:00,2026-05-08 18:21:00
2707,2707,2,2026-02-01 11:30:00,2026-02-03 18:30:00,2026-02-07 08:52:00,Completed,2026-02-01 11:30:00,2026-02-07 08:52:00
2708,2708,5,2026-04-02 17:10:00,2026-04-04 01:10:00,2026-04-13 17:40:00,Completed,2026-04-02 17:10:00,2026-04-13 17:40:00
2709,2709,3,2025-07-11 11:33:00,2025-07-14 14:33:00,2025-07-22 08:47:00,Completed,2025-07-11 11:33:00,2025-07-22 08:47:00
2710,2710,2,2025-06-24 13:24:00,2025-06-27 20:24:00,2025-06-28 17:15:00,Completed,2025-06-24 13:24:00,2025-06-28 17:15:00
2711,2711,3,2025-07-18 12:45:00,2025-07-19 12:45:00,2025-07-18 08:27:00,Completed,2025-07-18 12:45:00,2025-07-19 12:45:00
2712,2712,3,2026-01-03 09:31:00,2026-01-04 15:31:00,,Delivered,2026-01-03 09:31:00,2026-01-04 15:31:00
2713,2713,4,2026-02-16 16:05:00,2026-02-17 23:05:00,2026-02-26 10:14:00,Completed,2026-02-16 16:05:00,2026-02-26 10:14:00
2714,2714,3,2025-11-24 11:44:00,2025-11-27 11:44:00,2025-12-03 12:48:00,Completed,2025-11-24 11:44:00,2025-12-03 12:48:00
2715,2715,1,2026-02-09 18:50:00,2026-02-11 01:50:00,2026-02-17 15:43:00,Completed,2026-02-09 18:50:00,2026-02-17 15:43:00
2716,2716,5,2026-01-29 13:43:00,2026-01-30 20:43:00,2026-02-04 16:54:00,Completed,2026-01-29 13:43:00,2026-02-04 16:54:00
2717,2717,1,2025-11-08 08:53:00,2025-11-11 10:53:00,2025-11-08 16:39:00,Completed,2025-11-08 08:53:00,2025-11-11 10:53:00
2718,2718,2,2025-09-19 18:43:00,2025-09-22 21:43:00,,Delivered,2025-09-19 18:43:00,2025-09-22 21:43:00
2719,2719,3,2025-08-28 16:04:00,2025-08-29 23:04:00,2025-09-02 16:36:00,Completed,2025-08-28 16:04:00,2025-09-02 16:36:00
2720,2720,2,2025-06-24 08:17:00,2025-06-25 13:17:00,2025-06-24 12:08:00,Completed,2025-06-24 08:17:00,2025-06-25 13:17:00
2721,2721,2,2025-10-14 18:19:00,2025-10-18 02:19:00,2025-10-21 13:06:00,Completed,2025-10-14 18:19:00,2025-10-21 13:06:00
2722,2722,4,2025-08-05 08:19:00,2025-08-08 15:19:00,2025-08-07 10:23:00,Completed,2025-08-05 08:19:00,2025-08-08 15:19:00
2723,2723,5,2026-04-29 15:54:00,2026-05-01 23:54:00,,Delivered,2026-04-29 15:54:00,2026-05-01 23:54:00
2724,2724,3,2025-09-03 11:55:00,2025-09-04 13:55:00,2025-09-03 08:03:00,Completed,2025-09-03 11:55:00,2025-09-04 13:55:00
2725,2725,3,2025-09-12 17:50:00,2025-09-13 22:50:00,2025-09-12 14:58:00,Completed,2025-09-12 17:50:00,2025-09-13 22:50:00
2726,2726,4,2026-01-25 13:25:00,2026-01-26 14:25:00,2026-02-01 16:47:00,Completed,2026-01-25 13:25:00,2026-02-01 16:47:00
2727,2727,1,2025-06-26 18:09:00,2025-06-29 19:09:00,,Delivered,2025-06-26 18:09:00,2025-06-29 19:09:00
2728,2728,1,2026-01-17 15:09:00,2026-01-20 18:09:00,2026-01-31 14:28:00,Completed,2026-01-17 15:09:00,2026-01-31 14:28:00
2729,2729,5,2025-11-05 13:21:00,2025-11-07 14:21:00,2025-11-11 18:56:00,Completed,2025-11-05 13:21:00,2025-11-11 18:56:00
2730,2730,3,2025-10-25 18:58:00,2025-10-28 18:58:00,2025-10-29 14:30:00,Completed,2025-10-25 18:58:00,2025-10-29 14:30:00
2731,2731,3,2026-05-10 12:08:00,2026-05-12 18:08:00,,Delivered,2026-05-10 12:08:00,2026-05-12 18:08:00
2732,2732,1,2025-06-21 12:55:00,2025-06-24 18:55:00,2025-06-25 13:45:00,Completed,2025-06-21 12:55:00,2025-06-25 13:45:00
2733,2733,2,2025-07-31 14:01:00,2025-08-02 21:01:00,2025-08-04 10:24:00,Completed,2025-07-31 14:01:00,2025-08-04 10:24:00
2734,2734,4,2025-12-31 13:35:00,2026-01-01 16:35:00,2026-01-03 13:52:00,Completed,2025-12-31 13:35:00,2026-01-03 13:52:00
2735,2735,5,2025-10-03 09:19:00,2025-10-05 16:19:00,2025-10-20 11:22:00,Completed,2025-10-03 09:19:00,2025-10-20 11:22:00
2736,2736,3,2025-06-22 15:30:00,2025-06-24 15:30:00,2025-06-22 10:28:00,Completed,2025-06-22 15:30:00,2025-06-24 15:30:00
2737,2737,2,2026-01-03 14:28:00,2026-01-04 17:28:00,,Delivered,2026-01-03 14:28:00,2026-01-04 17:28:00
2738,2738,3,2026-04-16 14:13:00,2026-04-17 18:13:00,2026-04-30 17:04:00,Completed,2026-04-16 14:13:00,2026-04-30 17:04:00
2739,2739,4,2025-11-14 13:27:00,2025-11-16 14:27:00,2025-11-19 12:40:00,Completed,2025-11-14 13:27:00,2025-11-19 12:40:00
2740,2740,4,2025-06-20 10:29:00,2025-06-23 17:29:00,2025-07-07 11:10:00,Completed,2025-06-20 10:29:00,2025-07-07 11:10:00
2741,2741,2,2025-06-19 13:56:00,2025-06-21 16:56:00,2025-07-03 09:19:00,Completed,2025-06-19 13:56:00,2025-07-03 09:19:00
2742,2742,1,2026-02-24 08:41:00,2026-02-27 15:41:00,2026-03-05 18:38:00,Completed,2026-02-24 08:41:00,2026-03-05 18:38:00
2743,2743,1,2026-03-13 12:07:00,2026-03-15 18:07:00,2026-03-16 08:58:00,Completed,2026-03-13 12:07:00,2026-03-16 08:58:00
2744,2744,3,2026-01-26 13:07:00,2026-01-29 16:07:00,2026-02-08 18:32:00,Completed,2026-01-26 13:07:00,2026-02-08 18:32:00
2745,2745,1,2026-02-22 14:25:00,2026-02-25 16:25:00,2026-02-23 13:47:00,Completed,2026-02-22 14:25:00,2026-02-25 16:25:00
2746,2746,1,2026-01-24 11:58:00,2026-01-27 14:58:00,,Delivered,2026-01-24 11:58:00,2026-01-27 14:58:00
2747,2747,2,2025-11-04 13:55:00,2025-11-07 17:55:00,2025-11-11 11:40:00,Completed,2025-11-04 13:55:00,2025-11-11 11:40:00
2748,2748,2,2025-09-06 10:15:00,2025-09-09 18:15:00,2025-09-13 10:53:00,Completed,2025-09-06 10:15:00,2025-09-13 10:53:00
2749,2749,5,2026-04-22 10:29:00,2026-04-24 18:29:00,2026-04-24 08:30:00,Completed,2026-04-22 10:29:00,2026-04-24 18:29:00
2750,2750,4,2026-05-24 14:03:00,2026-05-25 19:03:00,2026-06-05 09:31:00,Completed,2026-05-24 14:03:00,2026-06-05 09:31:00
2751,2751,5,2025-11-14 08:53:00,2025-11-15 10:53:00,2025-11-18 13:16:00,Completed,2025-11-14 08:53:00,2025-11-18 13:16:00
2752,2752,3,2026-03-15 17:10:00,2026-03-18 20:10:00,2026-03-25 12:39:00,Completed,2026-03-15 17:10:00,2026-03-25 12:39:00
2753,2753,2,2025-11-27 14:11:00,2025-11-29 20:11:00,2025-12-02 13:40:00,Completed,2025-11-27 14:11:00,2025-12-02 13:40:00
2754,2754,5,2026-04-23 14:38:00,2026-04-24 14:38:00,2026-04-29 15:32:00,Completed,2026-04-23 14:38:00,2026-04-29 15:32:00
2755,2755,3,2025-06-22 15:05:00,2025-06-23 17:05:00,2025-07-10 10:53:00,Completed,2025-06-22 15:05:00,2025-07-10 10:53:00
2756,2756,3,2026-05-12 08:01:00,2026-05-14 16:01:00,2026-05-14 08:50:00,Completed,2026-05-12 08:01:00,2026-05-14 16:01:00
2757,2757,3,2025-10-04 13:07:00,2025-10-05 17:07:00,2025-10-22 09:03:00,Completed,2025-10-04 13:07:00,2025-10-22 09:03:00
2758,2758,2,2025-10-18 09:11:00,2025-10-20 11:11:00,2025-10-24 17:02:00,Completed,2025-10-18 09:11:00,2025-10-24 17:02:00
2759,2759,2,2025-11-22 09:52:00,2025-11-25 17:52:00,2025-11-29 08:55:00,Completed,2025-11-22 09:52:00,2025-11-29 08:55:00
2760,2760,3,2026-04-06 13:17:00,2026-04-08 15:17:00,2026-04-08 11:23:00,Completed,2026-04-06 13:17:00,2026-04-08 15:17:00
2761,2761,4,2026-05-11 13:16:00,2026-05-14 15:16:00,2026-05-18 09:59:00,Completed,2026-05-11 13:16:00,2026-05-18 09:59:00
2762,2762,5,2026-04-17 17:52:00,2026-04-20 19:52:00,2026-04-20 13:38:00,Completed,2026-04-17 17:52:00,2026-04-20 19:52:00
2763,2763,5,2026-05-18 13:43:00,2026-05-19 17:43:00,2026-05-18 08:15:00,Completed,2026-05-18 13:43:00,2026-05-19 17:43:00
2764,2764,2,2025-08-11 18:54:00,2025-08-12 22:54:00,,Delivered,2025-08-11 18:54:00,2025-08-12 22:54:00
2765,2765,4,2025-12-21 08:29:00,2025-12-23 12:29:00,2025-12-23 08:44:00,Completed,2025-12-21 08:29:00,2025-12-23 12:29:00
2766,2766,3,2026-05-16 13:10:00,2026-05-17 17:10:00,2026-05-23 18:48:00,Completed,2026-05-16 13:10:00,2026-05-23 18:48:00
2767,2767,2,2025-08-13 11:14:00,2025-08-14 17:14:00,2025-08-16 08:42:00,Completed,2025-08-13 11:14:00,2025-08-16 08:42:00
2768,2768,2,2026-05-25 16:43:00,2026-05-27 21:43:00,2026-05-29 18:28:00,Completed,2026-05-25 16:43:00,2026-05-29 18:28:00
2769,2769,2,2026-03-28 16:55:00,2026-03-31 17:55:00,2026-04-07 12:59:00,Completed,2026-03-28 16:55:00,2026-04-07 12:59:00
2770,2770,2,2025-07-01 14:12:00,2025-07-04 21:12:00,2025-07-08 13:27:00,Completed,2025-07-01 14:12:00,2025-07-08 13:27:00
2771,2771,2,2025-07-18 15:08:00,2025-07-21 15:08:00,2025-08-01 14:25:00,Completed,2025-07-18 15:08:00,2025-08-01 14:25:00
2772,2772,3,2025-07-13 09:36:00,2025-07-16 11:36:00,2025-07-17 15:36:00,Completed,2025-07-13 09:36:00,2025-07-17 15:36:00
2773,2773,4,2025-10-23 14:25:00,2025-10-26 19:25:00,2025-10-27 18:12:00,Completed,2025-10-23 14:25:00,2025-10-27 18:12:00
2774,2774,3,2025-07-19 14:51:00,2025-07-21 22:51:00,2025-07-19 12:15:00,Completed,2025-07-19 14:51:00,2025-07-21 22:51:00
2775,2775,4,2025-08-11 15:08:00,2025-08-12 23:08:00,2025-08-12 11:24:00,Completed,2025-08-11 15:08:00,2025-08-12 23:08:00
2776,2776,2,2025-07-04 16:19:00,2025-07-06 22:19:00,2025-07-14 10:26:00,Completed,2025-07-04 16:19:00,2025-07-14 10:26:00
2777,2777,2,2026-05-14 09:31:00,2026-05-17 11:31:00,,Delivered,2026-05-14 09:31:00,2026-05-17 11:31:00
2778,2778,5,2026-05-22 13:39:00,2026-05-25 20:39:00,2026-05-25 13:08:00,Completed,2026-05-22 13:39:00,2026-05-25 20:39:00
2779,2779,2,2026-05-10 17:38:00,2026-05-12 22:38:00,2026-05-20 08:41:00,Completed,2026-05-10 17:38:00,2026-05-20 08:41:00
2780,2780,2,2026-05-06 08:25:00,2026-05-08 15:25:00,2026-05-08 13:31:00,Completed,2026-05-06 08:25:00,2026-05-08 15:25:00
2781,2781,1,2025-11-20 14:39:00,2025-11-22 16:39:00,2025-11-25 08:40:00,Completed,2025-11-20 14:39:00,2025-11-25 08:40:00
2782,2782,2,2026-05-26 17:54:00,2026-05-29 17:54:00,2026-05-30 14:37:00,Completed,2026-05-26 17:54:00,2026-05-30 14:37:00
2783,2783,2,2025-10-01 13:30:00,2025-10-03 19:30:00,2025-10-03 14:20:00,Completed,2025-10-01 13:30:00,2025-10-03 19:30:00
2784,2784,2,2026-04-01 09:44:00,2026-04-03 14:44:00,2026-04-04 13:36:00,Completed,2026-04-01 09:44:00,2026-04-04 13:36:00
2785,2785,4,2025-08-13 13:28:00,2025-08-15 21:28:00,2025-08-23 09:24:00,Completed,2025-08-13 13:28:00,2025-08-23 09:24:00
2786,2786,1,2026-05-04 18:45:00,2026-05-08 01:45:00,2026-05-16 09:50:00,Completed,2026-05-04 18:45:00,2026-05-16 09:50:00
2787,2787,5,2026-04-24 14:53:00,2026-04-26 20:53:00,2026-04-30 18:17:00,Completed,2026-04-24 14:53:00,2026-04-30 18:17:00
2788,2788,1,2026-03-05 11:28:00,2026-03-08 12:28:00,2026-03-12 14:33:00,Completed,2026-03-05 11:28:00,2026-03-12 14:33:00
2789,2789,5,2026-04-09 10:24:00,2026-04-11 15:24:00,2026-04-24 13:42:00,Completed,2026-04-09 10:24:00,2026-04-24 13:42:00
2790,2790,1,2025-10-15 10:39:00,2025-10-16 10:39:00,2025-10-27 08:37:00,Completed,2025-10-15 10:39:00,2025-10-27 08:37:00
2791,2791,5,2025-12-09 17:19:00,2025-12-11 22:19:00,2025-12-12 09:34:00,Completed,2025-12-09 17:19:00,2025-12-12 09:34:00
2792,2792,5,2025-09-27 11:05:00,2025-09-30 12:05:00,2025-09-29 14:39:00,Completed,2025-09-27 11:05:00,2025-09-30 12:05:00
2793,2793,3,2026-01-17 15:36:00,2026-01-19 19:36:00,2026-01-19 12:36:00,Completed,2026-01-17 15:36:00,2026-01-19 19:36:00
2794,2794,5,2025-11-21 10:31:00,2025-11-24 12:31:00,2025-11-28 08:07:00,Completed,2025-11-21 10:31:00,2025-11-28 08:07:00
2795,2795,3,2025-09-06 14:44:00,2025-09-08 18:44:00,2025-09-06 14:18:00,Completed,2025-09-06 14:44:00,2025-09-08 18:44:00
2796,2796,2,2025-09-23 18:43:00,2025-09-25 21:43:00,2025-10-04 15:31:00,Completed,2025-09-23 18:43:00,2025-10-04 15:31:00
2797,2797,5,2025-10-03 15:38:00,2025-10-06 15:38:00,2025-10-11 09:26:00,Completed,2025-10-03 15:38:00,2025-10-11 09:26:00
2798,2798,3,2025-07-10 08:58:00,2025-07-13 10:58:00,2025-07-19 09:15:00,Completed,2025-07-10 08:58:00,2025-07-19 09:15:00
2799,2799,1,2025-07-30 12:20:00,2025-07-31 16:20:00,2025-08-15 13:40:00,Completed,2025-07-30 12:20:00,2025-08-15 13:40:00
2800,2800,3,2025-09-09 16:18:00,2025-09-10 16:18:00,2025-09-09 14:19:00,Completed,2025-09-09 16:18:00,2025-09-10 16:18:00
2801,2801,4,2025-09-29 12:44:00,2025-09-30 17:44:00,2025-10-01 14:01:00,Completed,2025-09-29 12:44:00,2025-10-01 14:01:00
2802,2802,4,2025-11-16 14:55:00,2025-11-19 16:55:00,2025-11-25 18:19:00,Completed,2025-11-16 14:55:00,2025-11-25 18:19:00
2803,2803,5,2025-12-31 14:36:00,2026-01-01 20:36:00,2025-12-31 12:12:00,Completed,2025-12-31 14:36:00,2026-01-01 20:36:00
2804,2804,4,2025-07-20 11:48:00,2025-07-22 12:48:00,2025-07-23 14:17:00,Completed,2025-07-20 11:48:00,2025-07-23 14:17:00
2805,2805,4,2025-10-15 11:20:00,2025-10-16 16:20:00,2025-10-17 15:37:00,Completed,2025-10-15 11:20:00,2025-10-17 15:37:00
2806,2806,5,2025-10-19 13:03:00,2025-10-20 17:03:00,2025-11-01 18:20:00,Completed,2025-10-19 13:03:00,2025-11-01 18:20:00
2807,2807,1,2026-01-01 16:54:00,2026-01-04 17:54:00,2026-01-19 08:12:00,Completed,2026-01-01 16:54:00,2026-01-19 08:12:00
2808,2808,2,2025-10-21 15:40:00,2025-10-24 21:40:00,2025-10-28 16:41:00,Completed,2025-10-21 15:40:00,2025-10-28 16:41:00
2809,2809,4,2025-07-03 12:03:00,2025-07-06 12:03:00,2025-07-03 16:22:00,Completed,2025-07-03 12:03:00,2025-07-06 12:03:00
2810,2810,3,2026-02-11 08:51:00,2026-02-12 12:51:00,2026-03-04 16:36:00,Completed,2026-02-11 08:51:00,2026-03-04 16:36:00
2811,2811,3,2025-09-02 09:24:00,2025-09-03 10:24:00,2025-09-04 15:59:00,Completed,2025-09-02 09:24:00,2025-09-04 15:59:00
2812,2812,2,2025-07-21 15:39:00,2025-07-22 16:39:00,2025-07-31 14:23:00,Completed,2025-07-21 15:39:00,2025-07-31 14:23:00
2813,2813,4,2025-06-27 12:11:00,2025-06-30 19:11:00,2025-07-17 15:32:00,Completed,2025-06-27 12:11:00,2025-07-17 15:32:00
2814,2814,1,2025-12-24 16:12:00,2025-12-25 18:12:00,2026-01-03 18:16:00,Completed,2025-12-24 16:12:00,2026-01-03 18:16:00
2815,2815,4,2025-10-02 16:42:00,2025-10-03 23:42:00,2025-10-06 18:45:00,Completed,2025-10-02 16:42:00,2025-10-06 18:45:00
2816,2816,2,2025-08-04 08:55:00,2025-08-06 14:55:00,2025-08-07 17:10:00,Completed,2025-08-04 08:55:00,2025-08-07 17:10:00
2817,2817,4,2025-11-21 17:14:00,2025-11-23 01:14:00,,Delivered,2025-11-21 17:14:00,2025-11-23 01:14:00
2818,2818,2,2025-08-10 11:10:00,2025-08-12 14:10:00,,Delivered,2025-08-10 11:10:00,2025-08-12 14:10:00
2819,2819,1,2025-12-11 12:20:00,2025-12-12 15:20:00,2025-12-21 13:30:00,Completed,2025-12-11 12:20:00,2025-12-21 13:30:00
2820,2820,1,2026-04-30 16:06:00,2026-05-03 16:06:00,2026-05-04 12:07:00,Completed,2026-04-30 16:06:00,2026-05-04 12:07:00
2821,2821,1,2025-09-27 16:18:00,2025-09-28 19:18:00,2025-10-14 17:05:00,Completed,2025-09-27 16:18:00,2025-10-14 17:05:00
2822,2822,5,2026-05-21 12:29:00,2026-05-24 16:29:00,2026-05-26 14:50:00,Completed,2026-05-21 12:29:00,2026-05-26 14:50:00
2823,2823,1,2025-12-02 14:00:00,2025-12-03 14:00:00,2025-12-15 17:32:00,Completed,2025-12-02 14:00:00,2025-12-15 17:32:00
2824,2824,3,2025-07-22 12:39:00,2025-07-24 13:39:00,2025-07-31 09:23:00,Completed,2025-07-22 12:39:00,2025-07-31 09:23:00
2825,2825,1,2026-03-10 18:51:00,2026-03-12 20:51:00,2026-03-20 11:36:00,Completed,2026-03-10 18:51:00,2026-03-20 11:36:00
2826,2826,1,2026-01-19 09:12:00,2026-01-22 13:12:00,2026-02-02 18:59:00,Completed,2026-01-19 09:12:00,2026-02-02 18:59:00
2827,2827,1,2025-09-16 18:04:00,2025-09-19 01:04:00,2025-09-19 08:33:00,Completed,2025-09-16 18:04:00,2025-09-19 08:33:00
2828,2828,2,2026-03-15 12:43:00,2026-03-16 20:43:00,2026-03-18 10:12:00,Completed,2026-03-15 12:43:00,2026-03-18 10:12:00
2829,2829,4,2026-03-29 14:58:00,2026-03-30 15:58:00,2026-04-06 17:08:00,Completed,2026-03-29 14:58:00,2026-04-06 17:08:00
2830,2830,5,2025-07-24 11:48:00,2025-07-25 11:48:00,2025-07-24 12:18:00,Completed,2025-07-24 11:48:00,2025-07-25 11:48:00
2831,2831,5,2025-11-11 17:29:00,2025-11-12 21:29:00,2025-11-13 17:44:00,Completed,2025-11-11 17:29:00,2025-11-13 17:44:00
2832,2832,2,2025-09-10 13:32:00,2025-09-13 20:32:00,2025-09-24 14:46:00,Completed,2025-09-10 13:32:00,2025-09-24 14:46:00
2833,2833,2,2025-07-17 18:36:00,2025-07-19 00:36:00,2025-07-23 18:12:00,Completed,2025-07-17 18:36:00,2025-07-23 18:12:00
2834,2834,5,2025-08-18 15:52:00,2025-08-19 23:52:00,2025-08-25 08:51:00,Completed,2025-08-18 15:52:00,2025-08-25 08:51:00
2835,2835,2,2026-05-14 12:55:00,2026-05-16 17:55:00,2026-05-16 15:16:00,Completed,2026-05-14 12:55:00,2026-05-16 17:55:00
2836,2836,5,2026-02-13 12:53:00,2026-02-15 18:53:00,2026-02-16 17:42:00,Completed,2026-02-13 12:53:00,2026-02-16 17:42:00
2837,2837,2,2025-11-05 14:02:00,2025-11-06 20:02:00,2025-11-12 16:35:00,Completed,2025-11-05 14:02:00,2025-11-12 16:35:00
2838,2838,3,2025-10-09 15:04:00,2025-10-10 19:04:00,2025-10-19 08:53:00,Completed,2025-10-09 15:04:00,2025-10-19 08:53:00
2839,2839,3,2025-06-20 12:55:00,2025-06-22 19:55:00,2025-06-25 15:53:00,Completed,2025-06-20 12:55:00,2025-06-25 15:53:00
2840,2840,3,2025-12-30 16:25:00,2026-01-01 19:25:00,2026-01-04 10:39:00,Completed,2025-12-30 16:25:00,2026-01-04 10:39:00
2841,2841,1,2025-12-19 16:18:00,2025-12-22 19:18:00,2025-12-28 18:59:00,Completed,2025-12-19 16:18:00,2025-12-28 18:59:00
2842,2842,5,2025-07-23 15:55:00,2025-07-26 20:55:00,2025-08-10 11:43:00,Completed,2025-07-23 15:55:00,2025-08-10 11:43:00
2843,2843,1,2025-06-23 18:41:00,2025-06-26 18:41:00,2025-07-01 10:34:00,Completed,2025-06-23 18:41:00,2025-07-01 10:34:00
2844,2844,5,2025-08-12 16:27:00,2025-08-14 17:27:00,2025-08-22 18:02:00,Completed,2025-08-12 16:27:00,2025-08-22 18:02:00
2845,2845,3,2026-04-19 18:48:00,2026-04-21 18:48:00,2026-04-21 18:25:00,Completed,2026-04-19 18:48:00,2026-04-21 18:48:00
2846,2846,4,2026-02-16 17:22:00,2026-02-19 17:22:00,2026-02-26 17:42:00,Completed,2026-02-16 17:22:00,2026-02-26 17:42:00
2847,2847,5,2026-04-09 13:39:00,2026-04-12 17:39:00,2026-04-19 18:25:00,Completed,2026-04-09 13:39:00,2026-04-19 18:25:00
2848,2848,3,2025-10-25 14:05:00,2025-10-26 19:05:00,2025-11-11 16:15:00,Completed,2025-10-25 14:05:00,2025-11-11 16:15:00
2849,2849,3,2026-04-24 12:54:00,2026-04-25 14:54:00,2026-05-11 10:11:00,Completed,2026-04-24 12:54:00,2026-05-11 10:11:00
2850,2850,3,2026-01-07 10:25:00,2026-01-08 13:25:00,2026-01-17 13:33:00,Completed,2026-01-07 10:25:00,2026-01-17 13:33:00
2851,2851,4,2025-12-30 14:27:00,2025-12-31 17:27:00,2026-01-02 15:32:00,Completed,2025-12-30 14:27:00,2026-01-02 15:32:00
2852,2852,2,2025-07-19 12:52:00,2025-07-22 15:52:00,2025-07-26 09:25:00,Completed,2025-07-19 12:52:00,2025-07-26 09:25:00
2853,2853,3,2025-08-18 09:48:00,2025-08-21 11:48:00,2025-08-30 09:36:00,Completed,2025-08-18 09:48:00,2025-08-30 09:36:00
2854,2854,4,2026-04-26 11:01:00,2026-04-29 19:01:00,2026-05-02 15:07:00,Completed,2026-04-26 11:01:00,2026-05-02 15:07:00
2855,2855,4,2025-11-22 15:12:00,2025-11-24 22:12:00,2025-11-30 16:40:00,Completed,2025-11-22 15:12:00,2025-11-30 16:40:00
2856,2856,1,2026-05-13 18:00:00,2026-05-14 20:00:00,2026-05-14 14:58:00,Completed,2026-05-13 18:00:00,2026-05-14 20:00:00
2857,2857,3,2026-05-10 11:29:00,2026-05-12 17:29:00,2026-05-13 16:43:00,Completed,2026-05-10 11:29:00,2026-05-13 16:43:00
2858,2858,1,2026-05-22 14:39:00,2026-05-24 14:39:00,2026-06-01 09:14:00,Completed,2026-05-22 14:39:00,2026-06-01 09:14:00
2859,2859,1,2025-12-11 17:51:00,2025-12-14 19:51:00,2025-12-20 16:51:00,Completed,2025-12-11 17:51:00,2025-12-20 16:51:00
2860,2860,2,2025-12-12 18:23:00,2025-12-14 01:23:00,2025-12-19 17:38:00,Completed,2025-12-12 18:23:00,2025-12-19 17:38:00
2861,2861,5,2025-10-07 15:22:00,2025-10-10 18:22:00,2025-10-10 18:02:00,Completed,2025-10-07 15:22:00,2025-10-10 18:22:00
2862,2862,4,2026-02-23 16:08:00,2026-02-24 22:08:00,2026-03-04 12:18:00,Completed,2026-02-23 16:08:00,2026-03-04 12:18:00
2863,2863,4,2025-10-30 14:37:00,2025-11-02 21:37:00,2025-11-07 15:47:00,Completed,2025-10-30 14:37:00,2025-11-07 15:47:00
2864,2864,5,2026-03-28 14:22:00,2026-03-30 20:22:00,2026-04-04 15:37:00,Completed,2026-03-28 14:22:00,2026-04-04 15:37:00
2865,2865,5,2026-01-03 15:13:00,2026-01-06 16:13:00,2026-01-19 11:11:00,Completed,2026-01-03 15:13:00,2026-01-19 11:11:00
2866,2866,3,2025-07-03 17:00:00,2025-07-07 01:00:00,,Delivered,2025-07-03 17:00:00,2025-07-07 01:00:00
2867,2867,5,2025-11-18 11:34:00,2025-11-20 13:34:00,2025-11-21 12:47:00,Completed,2025-11-18 11:34:00,2025-11-21 12:47:00
2868,2868,3,2026-02-20 16:15:00,2026-02-23 17:15:00,2026-02-21 17:58:00,Completed,2026-02-20 16:15:00,2026-02-23 17:15:00
2869,2869,4,2025-07-25 11:06:00,2025-07-28 12:06:00,2025-07-30 11:14:00,Completed,2025-07-25 11:06:00,2025-07-30 11:14:00
2870,2870,1,2025-09-17 10:22:00,2025-09-20 11:22:00,2025-09-18 17:30:00,Completed,2025-09-17 10:22:00,2025-09-20 11:22:00
2871,2871,2,2025-07-23 13:22:00,2025-07-25 14:22:00,2025-07-28 09:18:00,Completed,2025-07-23 13:22:00,2025-07-28 09:18:00
2872,2872,4,2025-10-13 13:14:00,2025-10-16 20:14:00,,Delivered,2025-10-13 13:14:00,2025-10-16 20:14:00
2873,2873,4,2025-07-31 17:08:00,2025-08-02 22:08:00,2025-08-09 11:23:00,Completed,2025-07-31 17:08:00,2025-08-09 11:23:00
2874,2874,2,2025-09-14 17:31:00,2025-09-15 19:31:00,2025-09-26 09:58:00,Completed,2025-09-14 17:31:00,2025-09-26 09:58:00
2875,2875,1,2025-11-20 11:18:00,2025-11-22 18:18:00,2025-11-21 09:11:00,Completed,2025-11-20 11:18:00,2025-11-22 18:18:00
2876,2876,4,2025-10-26 17:59:00,2025-10-28 23:59:00,2025-11-12 13:56:00,Completed,2025-10-26 17:59:00,2025-11-12 13:56:00
2877,2877,2,2025-09-14 17:46:00,2025-09-17 00:46:00,2025-09-28 08:44:00,Completed,2025-09-14 17:46:00,2025-09-28 08:44:00
2878,2878,2,2025-09-07 10:36:00,2025-09-10 12:36:00,2025-09-17 18:37:00,Completed,2025-09-07 10:36:00,2025-09-17 18:37:00
2879,2879,5,2026-01-20 16:05:00,2026-01-23 16:05:00,2026-01-28 09:57:00,Completed,2026-01-20 16:05:00,2026-01-28 09:57:00
2880,2880,2,2026-05-27 09:04:00,2026-05-30 17:04:00,2026-06-01 18:34:00,Completed,2026-05-27 09:04:00,2026-06-01 18:34:00
2881,2881,4,2026-04-17 18:06:00,2026-04-18 19:06:00,2026-04-23 13:24:00,Completed,2026-04-17 18:06:00,2026-04-23 13:24:00
2882,2882,3,2026-01-19 12:25:00,2026-01-20 14:25:00,2026-02-02 08:19:00,Completed,2026-01-19 12:25:00,2026-02-02 08:19:00
2883,2883,3,2025-12-12 15:59:00,2025-12-13 19:59:00,2025-12-19 11:52:00,Completed,2025-12-12 15:59:00,2025-12-19 11:52:00
2884,2884,5,2025-06-14 16:23:00,2025-06-17 19:23:00,2025-06-26 08:40:00,Completed,2025-06-14 16:23:00,2025-06-26 08:40:00
2885,2885,5,2025-09-29 11:39:00,2025-09-30 16:39:00,2025-10-05 13:46:00,Completed,2025-09-29 11:39:00,2025-10-05 13:46:00
2886,2886,3,2026-02-03 15:52:00,2026-02-06 15:52:00,2026-02-06 10:52:00,Completed,2026-02-03 15:52:00,2026-02-06 15:52:00
2887,2887,5,2026-01-30 13:27:00,2026-01-31 20:27:00,2026-02-12 15:21:00,Completed,2026-01-30 13:27:00,2026-02-12 15:21:00
2888,2888,3,2025-10-15 11:19:00,2025-10-16 12:19:00,2025-11-02 18:42:00,Completed,2025-10-15 11:19:00,2025-11-02 18:42:00
2889,2889,2,2026-02-28 16:50:00,2026-03-03 23:50:00,2026-02-28 08:13:00,Completed,2026-02-28 16:50:00,2026-03-03 23:50:00
2890,2890,5,2025-07-09 14:48:00,2025-07-10 15:48:00,2025-07-09 14:05:00,Completed,2025-07-09 14:48:00,2025-07-10 15:48:00
2891,2891,1,2026-01-13 15:20:00,2026-01-15 22:20:00,2026-01-19 12:07:00,Completed,2026-01-13 15:20:00,2026-01-19 12:07:00
2892,2892,2,2025-11-16 17:23:00,2025-11-19 22:23:00,2025-12-03 13:38:00,Completed,2025-11-16 17:23:00,2025-12-03 13:38:00
2893,2893,1,2025-11-30 13:57:00,2025-12-01 16:57:00,2025-12-04 13:36:00,Completed,2025-11-30 13:57:00,2025-12-04 13:36:00
2894,2894,2,2026-01-22 09:02:00,2026-01-23 13:02:00,2026-01-24 08:48:00,Completed,2026-01-22 09:02:00,2026-01-24 08:48:00
2895,2895,2,2025-07-26 18:48:00,2025-07-29 22:48:00,2025-08-14 18:32:00,Completed,2025-07-26 18:48:00,2025-08-14 18:32:00
2896,2896,3,2025-09-05 09:15:00,2025-09-06 17:15:00,2025-09-11 13:44:00,Completed,2025-09-05 09:15:00,2025-09-11 13:44:00
2897,2897,4,2025-12-05 16:20:00,2025-12-07 22:20:00,2025-12-07 13:53:00,Completed,2025-12-05 16:20:00,2025-12-07 22:20:00
2898,2898,5,2026-01-27 15:47:00,2026-01-30 16:47:00,2026-02-11 17:13:00,Completed,2026-01-27 15:47:00,2026-02-11 17:13:00
2899,2899,3,2025-06-25 17:09:00,2025-06-27 20:09:00,2025-07-01 08:39:00,Completed,2025-06-25 17:09:00,2025-07-01 08:39:00
2900,2900,5,2025-07-25 09:55:00,2025-07-28 09:55:00,2025-07-31 14:09:00,Completed,2025-07-25 09:55:00,2025-07-31 14:09:00
2901,2901,5,2025-06-06 09:15:00,2025-06-08 17:15:00,2025-06-22 09:19:00,Completed,2025-06-06 09:15:00,2025-06-22 09:19:00
2902,2902,1,2025-07-13 13:20:00,2025-07-14 14:20:00,2025-07-16 13:03:00,Completed,2025-07-13 13:20:00,2025-07-16 13:03:00
2903,2903,4,2025-11-10 13:21:00,2025-11-13 15:21:00,2025-11-18 08:00:00,Completed,2025-11-10 13:21:00,2025-11-18 08:00:00
2904,2904,4,2026-05-11 17:21:00,2026-05-14 23:21:00,2026-05-18 10:11:00,Completed,2026-05-11 17:21:00,2026-05-18 10:11:00
2905,2905,4,2025-09-24 17:49:00,2025-09-28 01:49:00,2025-10-17 18:03:00,Completed,2025-09-24 17:49:00,2025-10-17 18:03:00
2906,2906,1,2026-05-15 14:04:00,2026-05-18 14:04:00,2026-05-18 17:59:00,Completed,2026-05-15 14:04:00,2026-05-18 17:59:00
2907,2907,4,2026-05-20 12:03:00,2026-05-21 19:03:00,2026-05-27 13:46:00,Completed,2026-05-20 12:03:00,2026-05-27 13:46:00
2908,2908,3,2026-02-26 12:59:00,2026-03-01 18:59:00,2026-03-02 08:32:00,Completed,2026-02-26 12:59:00,2026-03-02 08:32:00
2909,2909,1,2025-09-03 16:18:00,2025-09-06 17:18:00,2025-09-04 09:42:00,Completed,2025-09-03 16:18:00,2025-09-06 17:18:00
2910,2910,3,2025-12-19 18:21:00,2025-12-21 18:21:00,2025-12-19 08:18:00,Completed,2025-12-19 18:21:00,2025-12-21 18:21:00
2911,2911,1,2025-12-26 13:24:00,2025-12-29 17:24:00,2025-12-31 14:21:00,Completed,2025-12-26 13:24:00,2025-12-31 14:21:00
2912,2912,1,2026-02-11 16:42:00,2026-02-13 21:42:00,2026-02-11 08:27:00,Completed,2026-02-11 16:42:00,2026-02-13 21:42:00
2913,2913,5,2026-02-23 09:39:00,2026-02-24 11:39:00,2026-03-04 08:06:00,Completed,2026-02-23 09:39:00,2026-03-04 08:06:00
2914,2914,5,2025-12-21 14:56:00,2025-12-23 21:56:00,2025-12-21 11:35:00,Completed,2025-12-21 14:56:00,2025-12-23 21:56:00
2915,2915,1,2025-09-14 09:47:00,2025-09-16 13:47:00,2025-09-19 12:45:00,Completed,2025-09-14 09:47:00,2025-09-19 12:45:00
2916,2916,3,2025-07-26 13:45:00,2025-07-27 21:45:00,2025-08-02 14:36:00,Completed,2025-07-26 13:45:00,2025-08-02 14:36:00
2917,2917,5,2026-04-18 14:20:00,2026-04-19 20:20:00,2026-04-22 12:45:00,Completed,2026-04-18 14:20:00,2026-04-22 12:45:00
2918,2918,3,2026-04-21 17:22:00,2026-04-23 22:22:00,2026-04-30 13:52:00,Completed,2026-04-21 17:22:00,2026-04-30 13:52:00
2919,2919,4,2026-04-03 10:03:00,2026-04-05 17:03:00,2026-04-04 15:17:00,Completed,2026-04-03 10:03:00,2026-04-05 17:03:00
2920,2920,4,2025-07-20 17:21:00,2025-07-23 00:21:00,,Delivered,2025-07-20 17:21:00,2025-07-23 00:21:00
2921,2921,4,2025-09-15 15:15:00,2025-09-17 23:15:00,2025-09-26 10:16:00,Completed,2025-09-15 15:15:00,2025-09-26 10:16:00
2922,2922,2,2025-10-25 17:26:00,2025-10-28 19:26:00,2025-10-26 18:46:00,Completed,2025-10-25 17:26:00,2025-10-28 19:26:00
2923,2923,1,2026-04-26 11:44:00,2026-04-27 14:44:00,2026-05-07 16:12:00,Completed,2026-04-26 11:44:00,2026-05-07 16:12:00
2924,2924,5,2026-02-23 14:01:00,2026-02-24 18:01:00,2026-03-01 16:52:00,Completed,2026-02-23 14:01:00,2026-03-01 16:52:00
2925,2925,5,2025-12-17 12:54:00,2025-12-18 12:54:00,2025-12-18 12:12:00,Completed,2025-12-17 12:54:00,2025-12-18 12:54:00
2926,2926,4,2025-06-09 12:19:00,2025-06-11 19:19:00,,Delivered,2025-06-09 12:19:00,2025-06-11 19:19:00
2927,2927,1,2026-01-19 16:47:00,2026-01-21 19:47:00,2026-01-22 18:03:00,Completed,2026-01-19 16:47:00,2026-01-22 18:03:00
2928,2928,4,2026-01-14 18:25:00,2026-01-16 21:25:00,2026-02-02 10:39:00,Completed,2026-01-14 18:25:00,2026-02-02 10:39:00
2929,2929,4,2026-01-27 13:57:00,2026-01-30 14:57:00,2026-02-03 13:18:00,Completed,2026-01-27 13:57:00,2026-02-03 13:18:00
2930,2930,1,2025-07-15 10:54:00,2025-07-16 12:54:00,2025-07-18 09:45:00,Completed,2025-07-15 10:54:00,2025-07-18 09:45:00
2931,2931,3,2025-09-21 11:25:00,2025-09-23 15:25:00,2025-09-25 10:28:00,Completed,2025-09-21 11:25:00,2025-09-25 10:28:00
2932,2932,3,2026-02-26 18:35:00,2026-02-28 00:35:00,2026-03-05 17:39:00,Completed,2026-02-26 18:35:00,2026-03-05 17:39:00
2933,2933,1,2025-08-12 14:09:00,2025-08-15 17:09:00,2025-08-23 08:40:00,Completed,2025-08-12 14:09:00,2025-08-23 08:40:00
2934,2934,3,2025-08-09 10:04:00,2025-08-10 10:04:00,2025-08-31 10:56:00,Completed,2025-08-09 10:04:00,2025-08-31 10:56:00
2935,2935,5,2025-08-16 16:51:00,2025-08-17 17:51:00,2025-08-16 15:50:00,Completed,2025-08-16 16:51:00,2025-08-17 17:51:00
2936,2936,1,2025-11-18 16:04:00,2025-11-20 00:04:00,2025-11-23 10:15:00,Completed,2025-11-18 16:04:00,2025-11-23 10:15:00
2937,2937,2,2025-12-25 18:25:00,2025-12-26 21:25:00,2025-12-26 14:27:00,Completed,2025-12-25 18:25:00,2025-12-26 21:25:00
2938,2938,1,2025-08-18 13:18:00,2025-08-21 20:18:00,2025-08-24 11:26:00,Completed,2025-08-18 13:18:00,2025-08-24 11:26:00
2939,2939,1,2025-06-30 12:13:00,2025-07-02 17:13:00,2025-07-08 15:06:00,Completed,2025-06-30 12:13:00,2025-07-08 15:06:00
2940,2940,3,2025-12-14 17:58:00,2025-12-17 21:58:00,2025-12-26 15:31:00,Completed,2025-12-14 17:58:00,2025-12-26 15:31:00
2941,2941,2,2026-01-24 17:30:00,2026-01-27 17:30:00,,Delivered,2026-01-24 17:30:00,2026-01-27 17:30:00
2942,2942,1,2026-05-12 09:49:00,2026-05-13 13:49:00,2026-05-19 15:26:00,Completed,2026-05-12 09:49:00,2026-05-19 15:26:00
2943,2943,1,2026-02-15 09:45:00,2026-02-17 16:45:00,2026-02-19 18:32:00,Completed,2026-02-15 09:45:00,2026-02-19 18:32:00
2944,2944,1,2026-03-11 16:12:00,2026-03-14 16:12:00,,Delivered,2026-03-11 16:12:00,2026-03-14 16:12:00
2945,2945,5,2026-05-11 18:30:00,2026-05-14 21:30:00,2026-05-16 10:02:00,Completed,2026-05-11 18:30:00,2026-05-16 10:02:00
2946,2946,4,2026-01-01 16:40:00,2026-01-04 16:40:00,2026-01-11 16:32:00,Completed,2026-01-01 16:40:00,2026-01-11 16:32:00
2947,2947,1,2025-08-11 10:44:00,2025-08-12 12:44:00,2025-08-16 17:54:00,Completed,2025-08-11 10:44:00,2025-08-16 17:54:00
2948,2948,4,2026-04-07 12:04:00,2026-04-10 13:04:00,2026-04-19 12:52:00,Completed,2026-04-07 12:04:00,2026-04-19 12:52:00
2949,2949,4,2025-08-18 09:40:00,2025-08-19 14:40:00,2025-08-23 10:41:00,Completed,2025-08-18 09:40:00,2025-08-23 10:41:00
2950,2950,3,2025-12-09 13:54:00,2025-12-10 15:54:00,2025-12-09 13:46:00,Completed,2025-12-09 13:54:00,2025-12-10 15:54:00
2951,2951,2,2026-01-05 12:29:00,2026-01-08 14:29:00,2026-01-12 13:34:00,Completed,2026-01-05 12:29:00,2026-01-12 13:34:00
2952,2952,2,2026-02-15 10:23:00,2026-02-18 13:23:00,2026-02-17 17:07:00,Completed,2026-02-15 10:23:00,2026-02-18 13:23:00
2953,2953,5,2025-08-16 10:36:00,2025-08-17 13:36:00,2025-08-16 15:04:00,Completed,2025-08-16 10:36:00,2025-08-17 13:36:00
2954,2954,3,2026-03-14 15:13:00,2026-03-17 18:13:00,,Delivered,2026-03-14 15:13:00,2026-03-17 18:13:00
2955,2955,1,2025-10-31 17:00:00,2025-11-01 18:00:00,2025-11-04 13:28:00,Completed,2025-10-31 17:00:00,2025-11-04 13:28:00
2956,2956,2,2025-08-30 15:07:00,2025-09-01 22:07:00,2025-08-31 11:07:00,Completed,2025-08-30 15:07:00,2025-09-01 22:07:00
2957,2957,4,2025-10-14 08:00:00,2025-10-16 16:00:00,2025-10-17 17:23:00,Completed,2025-10-14 08:00:00,2025-10-17 17:23:00
2958,2958,5,2025-10-20 17:02:00,2025-10-23 17:02:00,2025-10-24 09:10:00,Completed,2025-10-20 17:02:00,2025-10-24 09:10:00
2959,2959,5,2025-07-18 16:51:00,2025-07-21 21:51:00,,Delivered,2025-07-18 16:51:00,2025-07-21 21:51:00
2960,2960,3,2026-04-04 15:59:00,2026-04-06 17:59:00,2026-04-11 17:40:00,Completed,2026-04-04 15:59:00,2026-04-11 17:40:00
2961,2961,2,2026-02-05 09:24:00,2026-02-08 15:24:00,2026-02-09 09:26:00,Completed,2026-02-05 09:24:00,2026-02-09 09:26:00
2962,2962,4,2026-03-28 12:57:00,2026-03-29 20:57:00,2026-03-30 09:39:00,Completed,2026-03-28 12:57:00,2026-03-30 09:39:00
2963,2963,4,2025-08-09 11:44:00,2025-08-11 15:44:00,2025-08-12 16:05:00,Completed,2025-08-09 11:44:00,2025-08-12 16:05:00
2964,2964,4,2025-11-14 09:37:00,2025-11-15 10:37:00,2025-11-22 09:57:00,Completed,2025-11-14 09:37:00,2025-11-22 09:57:00
2965,2965,1,2025-07-27 12:02:00,2025-07-28 12:02:00,2025-07-31 18:30:00,Completed,2025-07-27 12:02:00,2025-07-31 18:30:00
2966,2966,3,2026-04-04 09:59:00,2026-04-07 12:59:00,2026-04-04 10:00:00,Completed,2026-04-04 09:59:00,2026-04-07 12:59:00
2967,2967,4,2026-03-23 12:00:00,2026-03-26 13:00:00,2026-03-27 16:08:00,Completed,2026-03-23 12:00:00,2026-03-27 16:08:00
2968,2968,4,2026-04-14 13:09:00,2026-04-16 20:09:00,2026-04-28 08:05:00,Completed,2026-04-14 13:09:00,2026-04-28 08:05:00
2969,2969,4,2025-09-08 12:00:00,2025-09-11 14:00:00,2025-09-15 09:54:00,Completed,2025-09-08 12:00:00,2025-09-15 09:54:00
2970,2970,5,2025-06-15 13:26:00,2025-06-16 21:26:00,2025-06-23 14:11:00,Completed,2025-06-15 13:26:00,2025-06-23 14:11:00
2971,2971,2,2025-07-07 17:20:00,2025-07-09 19:20:00,2025-07-15 10:15:00,Completed,2025-07-07 17:20:00,2025-07-15 10:15:00
2972,2972,3,2025-08-15 17:53:00,2025-08-17 00:53:00,2025-08-18 14:48:00,Completed,2025-08-15 17:53:00,2025-08-18 14:48:00
2973,2973,2,2025-10-29 09:20:00,2025-10-30 09:20:00,2025-10-30 09:43:00,Completed,2025-10-29 09:20:00,2025-10-30 09:43:00
2974,2974,4,2025-10-24 11:29:00,2025-10-26 16:29:00,2025-11-01 14:48:00,Completed,2025-10-24 11:29:00,2025-11-01 14:48:00
2975,2975,2,2025-09-08 13:25:00,2025-09-10 20:25:00,,Delivered,2025-09-08 13:25:00,2025-09-10 20:25:00
2976,2976,2,2026-05-29 12:02:00,2026-06-01 14:02:00,2026-06-04 16:03:00,Completed,2026-05-29 12:02:00,2026-06-04 16:03:00
2977,2977,4,2025-08-17 18:30:00,2025-08-19 19:30:00,2025-08-19 08:32:00,Completed,2025-08-17 18:30:00,2025-08-19 19:30:00
2978,2978,4,2025-07-05 11:15:00,2025-07-08 13:15:00,2025-07-10 16:43:00,Completed,2025-07-05 11:15:00,2025-07-10 16:43:00
2979,2979,3,2025-08-15 15:55:00,2025-08-16 15:55:00,2025-08-17 16:29:00,Completed,2025-08-15 15:55:00,2025-08-17 16:29:00
2980,2980,2,2026-05-13 10:29:00,2026-05-14 14:29:00,2026-05-13 18:07:00,Completed,2026-05-13 10:29:00,2026-05-14 14:29:00
2981,2981,3,2026-05-18 15:14:00,2026-05-19 15:14:00,2026-05-25 14:06:00,Completed,2026-05-18 15:14:00,2026-05-25 14:06:00
2982,2982,2,2025-09-25 10:25:00,2025-09-27 17:25:00,2025-09-30 08:13:00,Completed,2025-09-25 10:25:00,2025-09-30 08:13:00
2983,2983,5,2025-06-29 18:45:00,2025-06-30 23:45:00,2025-07-10 11:55:00,Completed,2025-06-29 18:45:00,2025-07-10 11:55:00
2984,2984,5,2026-04-13 17:43:00,2026-04-14 21:43:00,2026-04-26 15:00:00,Completed,2026-04-13 17:43:00,2026-04-26 15:00:00
2985,2985,3,2026-05-05 13:16:00,2026-05-07 20:16:00,2026-05-19 08:32:00,Completed,2026-05-05 13:16:00,2026-05-19 08:32:00
2986,2986,1,2026-05-29 17:41:00,2026-06-01 17:41:00,2026-06-03 16:42:00,Completed,2026-05-29 17:41:00,2026-06-03 16:42:00
2987,2987,1,2026-03-04 16:35:00,2026-03-06 00:35:00,2026-03-21 12:34:00,Completed,2026-03-04 16:35:00,2026-03-21 12:34:00
2988,2988,4,2025-07-26 18:54:00,2025-07-27 21:54:00,2025-08-02 14:05:00,Completed,2025-07-26 18:54:00,2025-08-02 14:05:00
2989,2989,2,2025-09-28 12:18:00,2025-09-29 13:18:00,2025-09-30 12:32:00,Completed,2025-09-28 12:18:00,2025-09-30 12:32:00
2990,2990,5,2025-07-21 09:36:00,2025-07-23 10:36:00,2025-07-28 14:47:00,Completed,2025-07-21 09:36:00,2025-07-28 14:47:00
2991,2991,4,2026-04-14 17:22:00,2026-04-15 23:22:00,2026-04-16 11:15:00,Completed,2026-04-14 17:22:00,2026-04-16 11:15:00
2992,2992,4,2025-12-02 16:34:00,2025-12-05 00:34:00,2025-12-06 11:31:00,Completed,2025-12-02 16:34:00,2025-12-06 11:31:00
2993,2993,2,2025-07-23 14:43:00,2025-07-25 14:43:00,2025-07-26 15:15:00,Completed,2025-07-23 14:43:00,2025-07-26 15:15:00
2994,2994,5,2025-12-25 18:37:00,2025-12-29 02:37:00,2026-01-02 12:23:00,Completed,2025-12-25 18:37:00,2026-01-02 12:23:00
2995,2995,4,2025-09-25 12:11:00,2025-09-28 19:11:00,2025-10-03 13:24:00,Completed,2025-09-25 12:11:00,2025-10-03 13:24:00
2996,2996,3,2025-10-02 14:08:00,2025-10-03 17:08:00,,Delivered,2025-10-02 14:08:00,2025-10-03 17:08:00
2997,2997,2,2026-03-22 15:27:00,2026-03-25 16:27:00,2026-04-02 09:55:00,Completed,2026-03-22 15:27:00,2026-04-02 09:55:00
2998,2998,4,2025-08-19 12:09:00,2025-08-22 19:09:00,,Delivered,2025-08-19 12:09:00,2025-08-22 19:09:00
2999,2999,2,2025-06-22 12:49:00,2025-06-23 13:49:00,2025-06-22 14:46:00,Completed,2025-06-22 12:49:00,2025-06-23 13:49:00
3000,3000,1,2025-07-15 10:14:00,2025-07-18 17:14:00,2025-07-18 09:58:00,Completed,2025-07-15 10:14:00,2025-07-18 17:14:00
3001,3001,2,2026-04-06 09:06:00,2026-04-08 17:06:00,2026-04-22 09:22:00,Completed,2026-04-06 09:06:00,2026-04-22 09:22:00
3002,3002,2,2026-04-16 08:16:00,2026-04-19 13:16:00,2026-04-16 11:51:00,Completed,2026-04-16 08:16:00,2026-04-19 13:16:00
3003,3003,4,2025-12-22 08:45:00,2025-12-23 12:45:00,2025-12-28 15:42:00,Completed,2025-12-22 08:45:00,2025-12-28 15:42:00
3004,3004,4,2026-04-29 10:19:00,2026-05-02 14:19:00,2026-05-10 17:42:00,Completed,2026-04-29 10:19:00,2026-05-10 17:42:00
3005,3005,5,2026-02-09 12:56:00,2026-02-11 17:56:00,2026-03-01 14:52:00,Completed,2026-02-09 12:56:00,2026-03-01 14:52:00
3006,3006,1,2025-10-01 09:37:00,2025-10-04 14:37:00,2025-10-09 17:00:00,Completed,2025-10-01 09:37:00,2025-10-09 17:00:00
3007,3007,5,2026-05-05 09:06:00,2026-05-07 10:06:00,2026-05-19 12:24:00,Completed,2026-05-05 09:06:00,2026-05-19 12:24:00
3008,3008,2,2026-03-28 18:23:00,2026-03-31 00:23:00,2026-04-19 15:12:00,Completed,2026-03-28 18:23:00,2026-04-19 15:12:00
3009,3009,5,2025-07-01 13:53:00,2025-07-04 17:53:00,2025-07-02 10:59:00,Completed,2025-07-01 13:53:00,2025-07-04 17:53:00
3010,3010,5,2026-04-26 12:49:00,2026-04-27 16:49:00,2026-04-29 18:16:00,Completed,2026-04-26 12:49:00,2026-04-29 18:16:00
3011,3011,3,2025-07-17 12:59:00,2025-07-20 20:59:00,2025-07-20 12:54:00,Completed,2025-07-17 12:59:00,2025-07-20 20:59:00
3012,3012,4,2025-08-12 15:29:00,2025-08-14 19:29:00,2025-08-22 11:25:00,Completed,2025-08-12 15:29:00,2025-08-22 11:25:00
3013,3013,2,2026-03-30 09:27:00,2026-04-01 11:27:00,,Delivered,2026-03-30 09:27:00,2026-04-01 11:27:00
3014,3014,3,2025-08-17 09:26:00,2025-08-20 17:26:00,2025-08-19 17:41:00,Completed,2025-08-17 09:26:00,2025-08-20 17:26:00
3015,3015,5,2026-04-02 14:27:00,2026-04-05 17:27:00,2026-04-12 12:19:00,Completed,2026-04-02 14:27:00,2026-04-12 12:19:00
3016,3016,2,2025-10-27 13:34:00,2025-10-30 20:34:00,2025-11-03 16:09:00,Completed,2025-10-27 13:34:00,2025-11-03 16:09:00
3017,3017,2,2026-05-06 11:38:00,2026-05-07 16:38:00,2026-05-19 08:21:00,Completed,2026-05-06 11:38:00,2026-05-19 08:21:00
3018,3018,2,2025-10-21 11:10:00,2025-10-22 19:10:00,2025-11-02 11:03:00,Completed,2025-10-21 11:10:00,2025-11-02 11:03:00
3019,3019,4,2026-04-26 11:48:00,2026-04-28 11:48:00,2026-04-30 13:51:00,Completed,2026-04-26 11:48:00,2026-04-30 13:51:00
3020,3020,1,2025-08-19 11:28:00,2025-08-20 14:28:00,2025-09-12 17:23:00,Completed,2025-08-19 11:28:00,2025-09-12 17:23:00
3021,3021,3,2026-04-09 17:31:00,2026-04-12 22:31:00,2026-04-11 09:36:00,Completed,2026-04-09 17:31:00,2026-04-12 22:31:00
3022,3022,1,2025-11-26 17:47:00,2025-11-27 23:47:00,2025-12-03 18:33:00,Completed,2025-11-26 17:47:00,2025-12-03 18:33:00
3023,3023,3,2025-12-25 12:32:00,2025-12-28 17:32:00,2025-12-25 11:42:00,Completed,2025-12-25 12:32:00,2025-12-28 17:32:00
3024,3024,2,2026-05-02 10:19:00,2026-05-05 14:19:00,2026-05-04 16:01:00,Completed,2026-05-02 10:19:00,2026-05-05 14:19:00
3025,3025,5,2025-11-27 10:19:00,2025-11-30 14:19:00,2025-12-14 12:17:00,Completed,2025-11-27 10:19:00,2025-12-14 12:17:00
3026,3026,5,2025-07-02 11:54:00,2025-07-03 14:54:00,2025-07-02 17:34:00,Completed,2025-07-02 11:54:00,2025-07-03 14:54:00
3027,3027,2,2025-09-22 18:06:00,2025-09-25 20:06:00,2025-09-28 16:09:00,Completed,2025-09-22 18:06:00,2025-09-28 16:09:00
3028,3028,4,2025-12-27 10:41:00,2025-12-29 12:41:00,2025-12-28 18:33:00,Completed,2025-12-27 10:41:00,2025-12-29 12:41:00
3029,3029,4,2025-07-13 17:24:00,2025-07-16 17:24:00,2025-07-23 16:55:00,Completed,2025-07-13 17:24:00,2025-07-23 16:55:00
3030,3030,3,2026-03-20 13:23:00,2026-03-23 19:23:00,2026-03-23 17:23:00,Completed,2026-03-20 13:23:00,2026-03-23 19:23:00
3031,3031,3,2025-09-21 18:51:00,2025-09-23 18:51:00,2025-10-08 17:23:00,Completed,2025-09-21 18:51:00,2025-10-08 17:23:00
3032,3032,4,2025-12-09 18:20:00,2025-12-12 02:20:00,2025-12-20 16:56:00,Completed,2025-12-09 18:20:00,2025-12-20 16:56:00
3033,3033,4,2025-12-18 17:23:00,2025-12-20 00:23:00,2025-12-23 10:21:00,Completed,2025-12-18 17:23:00,2025-12-23 10:21:00
3034,3034,1,2025-10-19 10:11:00,2025-10-22 18:11:00,2025-10-20 17:41:00,Completed,2025-10-19 10:11:00,2025-10-22 18:11:00
3035,3035,3,2025-08-24 08:44:00,2025-08-25 16:44:00,2025-09-07 15:16:00,Completed,2025-08-24 08:44:00,2025-09-07 15:16:00
3036,3036,5,2025-10-29 15:01:00,2025-10-31 15:01:00,2025-11-10 11:51:00,Completed,2025-10-29 15:01:00,2025-11-10 11:51:00
3037,3037,1,2026-05-28 08:52:00,2026-05-29 14:52:00,2026-05-31 14:28:00,Completed,2026-05-28 08:52:00,2026-05-31 14:28:00
3038,3038,1,2025-07-24 16:41:00,2025-07-27 18:41:00,2025-07-28 09:47:00,Completed,2025-07-24 16:41:00,2025-07-28 09:47:00
3039,3039,4,2025-09-24 12:15:00,2025-09-25 14:15:00,2025-09-28 16:59:00,Completed,2025-09-24 12:15:00,2025-09-28 16:59:00
3040,3040,3,2026-04-10 16:26:00,2026-04-12 16:26:00,2026-04-16 16:24:00,Completed,2026-04-10 16:26:00,2026-04-16 16:24:00
3041,3041,5,2026-01-04 10:49:00,2026-01-07 18:49:00,2026-01-07 09:48:00,Completed,2026-01-04 10:49:00,2026-01-07 18:49:00
3042,3042,5,2025-08-22 18:12:00,2025-08-24 19:12:00,2025-08-26 12:46:00,Completed,2025-08-22 18:12:00,2025-08-26 12:46:00
3043,3043,1,2025-08-14 16:10:00,2025-08-16 18:10:00,2025-08-19 11:44:00,Completed,2025-08-14 16:10:00,2025-08-19 11:44:00
3044,3044,1,2025-11-15 10:00:00,2025-11-17 16:00:00,2025-11-17 16:22:00,Completed,2025-11-15 10:00:00,2025-11-17 16:22:00
3045,3045,4,2025-08-30 16:09:00,2025-09-02 17:09:00,2025-09-07 18:03:00,Completed,2025-08-30 16:09:00,2025-09-07 18:03:00
3046,3046,5,2025-12-08 16:10:00,2025-12-11 19:10:00,2025-12-18 17:01:00,Completed,2025-12-08 16:10:00,2025-12-18 17:01:00
3047,3047,3,2025-12-23 15:33:00,2025-12-24 23:33:00,2025-12-26 09:09:00,Completed,2025-12-23 15:33:00,2025-12-26 09:09:00
3048,3048,5,2025-07-01 08:33:00,2025-07-03 15:33:00,2025-07-18 11:59:00,Completed,2025-07-01 08:33:00,2025-07-18 11:59:00
3049,3049,2,2025-08-02 12:58:00,2025-08-03 19:58:00,2025-08-16 16:30:00,Completed,2025-08-02 12:58:00,2025-08-16 16:30:00
3050,3050,1,2025-12-14 08:43:00,2025-12-15 13:43:00,2025-12-15 11:57:00,Completed,2025-12-14 08:43:00,2025-12-15 13:43:00
3051,3051,3,2025-08-13 08:05:00,2025-08-14 15:05:00,2025-08-21 10:48:00,Completed,2025-08-13 08:05:00,2025-08-21 10:48:00
3052,3052,4,2025-07-31 14:50:00,2025-08-01 20:50:00,2025-08-04 08:38:00,Completed,2025-07-31 14:50:00,2025-08-04 08:38:00
3053,3053,3,2025-11-09 09:07:00,2025-11-12 13:07:00,2025-11-09 16:10:00,Completed,2025-11-09 09:07:00,2025-11-12 13:07:00
3054,3054,3,2026-03-26 17:48:00,2026-03-28 01:48:00,2026-03-27 18:16:00,Completed,2026-03-26 17:48:00,2026-03-28 01:48:00
3055,3055,1,2025-06-19 11:10:00,2025-06-21 11:10:00,2025-06-27 18:25:00,Completed,2025-06-19 11:10:00,2025-06-27 18:25:00
3056,3056,4,2026-02-09 10:42:00,2026-02-12 13:42:00,2026-02-17 10:58:00,Completed,2026-02-09 10:42:00,2026-02-17 10:58:00
3057,3057,2,2025-10-19 12:16:00,2025-10-20 17:16:00,2025-10-25 10:15:00,Completed,2025-10-19 12:16:00,2025-10-25 10:15:00
3058,3058,1,2026-05-17 15:30:00,2026-05-18 22:30:00,2026-06-01 17:27:00,Completed,2026-05-17 15:30:00,2026-06-01 17:27:00
3059,3059,4,2025-09-28 18:02:00,2025-10-01 23:02:00,2025-10-01 12:44:00,Completed,2025-09-28 18:02:00,2025-10-01 23:02:00
3060,3060,5,2026-02-22 11:12:00,2026-02-23 14:12:00,2026-02-22 09:56:00,Completed,2026-02-22 11:12:00,2026-02-23 14:12:00
3061,3061,1,2026-04-07 14:38:00,2026-04-10 21:38:00,2026-04-08 15:12:00,Completed,2026-04-07 14:38:00,2026-04-10 21:38:00
3062,3062,5,2026-03-13 18:15:00,2026-03-15 00:15:00,2026-03-18 10:41:00,Completed,2026-03-13 18:15:00,2026-03-18 10:41:00
3063,3063,2,2026-02-03 13:03:00,2026-02-05 21:03:00,2026-02-06 12:48:00,Completed,2026-02-03 13:03:00,2026-02-06 12:48:00
3064,3064,1,2025-09-04 18:45:00,2025-09-07 00:45:00,2025-09-23 17:33:00,Completed,2025-09-04 18:45:00,2025-09-23 17:33:00
3065,3065,1,2025-10-23 17:02:00,2025-10-25 22:02:00,2025-11-02 18:29:00,Completed,2025-10-23 17:02:00,2025-11-02 18:29:00
3066,3066,5,2026-01-30 12:44:00,2026-02-02 12:44:00,2026-02-02 12:06:00,Completed,2026-01-30 12:44:00,2026-02-02 12:44:00
3067,3067,3,2026-01-13 18:59:00,2026-01-14 23:59:00,2026-01-19 16:00:00,Completed,2026-01-13 18:59:00,2026-01-19 16:00:00
3068,3068,2,2025-06-07 15:46:00,2025-06-08 17:46:00,2025-06-07 15:00:00,Completed,2025-06-07 15:46:00,2025-06-08 17:46:00
3069,3069,1,2025-12-29 11:39:00,2026-01-01 14:39:00,2026-01-16 18:47:00,Completed,2025-12-29 11:39:00,2026-01-16 18:47:00
3070,3070,4,2025-11-16 14:47:00,2025-11-19 19:47:00,2025-11-22 08:30:00,Completed,2025-11-16 14:47:00,2025-11-22 08:30:00
3071,3071,1,2026-03-19 16:36:00,2026-03-22 23:36:00,2026-03-25 08:34:00,Completed,2026-03-19 16:36:00,2026-03-25 08:34:00
3072,3072,3,2025-09-17 18:35:00,2025-09-21 02:35:00,2025-09-22 15:57:00,Completed,2025-09-17 18:35:00,2025-09-22 15:57:00
3073,3073,4,2026-02-17 18:02:00,2026-02-19 00:02:00,2026-02-21 11:53:00,Completed,2026-02-17 18:02:00,2026-02-21 11:53:00
3074,3074,4,2025-09-17 09:53:00,2025-09-18 11:53:00,2025-09-23 08:36:00,Completed,2025-09-17 09:53:00,2025-09-23 08:36:00
3075,3075,1,2026-05-01 12:27:00,2026-05-02 13:27:00,2026-05-15 14:58:00,Completed,2026-05-01 12:27:00,2026-05-15 14:58:00
3076,3076,2,2025-10-30 12:21:00,2025-11-01 14:21:00,2025-11-07 18:31:00,Completed,2025-10-30 12:21:00,2025-11-07 18:31:00
3077,3077,5,2025-12-20 09:28:00,2025-12-23 11:28:00,,Delivered,2025-12-20 09:28:00,2025-12-23 11:28:00
3078,3078,1,2025-11-12 15:16:00,2025-11-13 20:16:00,2025-11-18 13:20:00,Completed,2025-11-12 15:16:00,2025-11-18 13:20:00
3079,3079,5,2025-08-30 12:46:00,2025-09-01 17:46:00,2025-09-07 15:45:00,Completed,2025-08-30 12:46:00,2025-09-07 15:45:00
3080,3080,5,2025-08-02 14:32:00,2025-08-05 16:32:00,2025-08-06 12:40:00,Completed,2025-08-02 14:32:00,2025-08-06 12:40:00
3081,3081,4,2026-04-09 15:53:00,2026-04-11 18:53:00,2026-04-22 16:24:00,Completed,2026-04-09 15:53:00,2026-04-22 16:24:00
3082,3082,3,2026-05-08 17:32:00,2026-05-09 20:32:00,2026-05-10 11:32:00,Completed,2026-05-08 17:32:00,2026-05-10 11:32:00
3083,3083,2,2025-08-08 14:00:00,2025-08-10 20:00:00,2025-08-09 10:55:00,Completed,2025-08-08 14:00:00,2025-08-10 20:00:00
3084,3084,1,2026-04-18 18:54:00,2026-04-22 01:54:00,2026-04-22 10:52:00,Completed,2026-04-18 18:54:00,2026-04-22 10:52:00
3085,3085,4,2025-12-11 13:50:00,2025-12-13 21:50:00,2025-12-17 13:10:00,Completed,2025-12-11 13:50:00,2025-12-17 13:10:00
3086,3086,1,2025-08-16 16:54:00,2025-08-17 19:54:00,2025-08-31 08:24:00,Completed,2025-08-16 16:54:00,2025-08-31 08:24:00
3087,3087,1,2026-03-25 08:48:00,2026-03-27 13:48:00,2026-03-28 14:38:00,Completed,2026-03-25 08:48:00,2026-03-28 14:38:00
3088,3088,2,2025-10-15 14:32:00,2025-10-16 22:32:00,2025-10-23 08:14:00,Completed,2025-10-15 14:32:00,2025-10-23 08:14:00
3089,3089,1,2025-07-14 16:27:00,2025-07-16 19:27:00,2025-07-31 11:11:00,Completed,2025-07-14 16:27:00,2025-07-31 11:11:00
3090,3090,2,2025-12-12 17:48:00,2025-12-15 01:48:00,2025-12-13 08:29:00,Completed,2025-12-12 17:48:00,2025-12-15 01:48:00
3091,3091,4,2026-02-17 18:08:00,2026-02-20 19:08:00,2026-02-26 08:57:00,Completed,2026-02-17 18:08:00,2026-02-26 08:57:00
3092,3092,1,2025-09-03 17:07:00,2025-09-05 21:07:00,2025-09-07 18:45:00,Completed,2025-09-03 17:07:00,2025-09-07 18:45:00
3093,3093,3,2025-10-16 09:17:00,2025-10-19 11:17:00,2025-10-17 12:13:00,Completed,2025-10-16 09:17:00,2025-10-19 11:17:00
3094,3094,4,2026-04-04 09:56:00,2026-04-05 13:56:00,2026-04-13 16:31:00,Completed,2026-04-04 09:56:00,2026-04-13 16:31:00
3095,3095,5,2025-11-01 16:43:00,2025-11-03 17:43:00,2025-11-01 18:18:00,Completed,2025-11-01 16:43:00,2025-11-03 17:43:00
3096,3096,4,2026-03-06 10:05:00,2026-03-08 18:05:00,2026-03-13 10:33:00,Completed,2026-03-06 10:05:00,2026-03-13 10:33:00
3097,3097,5,2026-04-03 18:12:00,2026-04-04 21:12:00,2026-04-20 18:03:00,Completed,2026-04-03 18:12:00,2026-04-20 18:03:00
3098,3098,1,2025-10-22 13:16:00,2025-10-23 17:16:00,2025-10-26 17:10:00,Completed,2025-10-22 13:16:00,2025-10-26 17:10:00
3099,3099,3,2026-04-17 16:46:00,2026-04-19 21:46:00,2026-04-26 14:31:00,Completed,2026-04-17 16:46:00,2026-04-26 14:31:00
3100,3100,5,2026-01-26 18:00:00,2026-01-28 20:00:00,2026-01-26 10:18:00,Completed,2026-01-26 18:00:00,2026-01-28 20:00:00
3101,3101,5,2026-04-24 17:19:00,2026-04-27 19:19:00,2026-04-24 08:55:00,Completed,2026-04-24 17:19:00,2026-04-27 19:19:00
3102,3102,4,2025-07-07 12:00:00,2025-07-09 18:00:00,2025-07-08 15:57:00,Completed,2025-07-07 12:00:00,2025-07-09 18:00:00
3103,3103,3,2025-10-04 16:19:00,2025-10-06 18:19:00,2025-10-09 13:17:00,Completed,2025-10-04 16:19:00,2025-10-09 13:17:00
3104,3104,5,2026-02-21 09:13:00,2026-02-23 11:13:00,2026-03-04 16:56:00,Completed,2026-02-21 09:13:00,2026-03-04 16:56:00
3105,3105,5,2026-01-14 16:08:00,2026-01-15 23:08:00,2026-01-30 16:48:00,Completed,2026-01-14 16:08:00,2026-01-30 16:48:00
3106,3106,3,2025-07-12 11:48:00,2025-07-13 17:48:00,2025-07-14 10:50:00,Completed,2025-07-12 11:48:00,2025-07-14 10:50:00
3107,3107,4,2025-11-29 13:36:00,2025-12-02 17:36:00,,Delivered,2025-11-29 13:36:00,2025-12-02 17:36:00
3108,3108,3,2025-09-17 10:26:00,2025-09-20 14:26:00,2025-09-24 15:30:00,Completed,2025-09-17 10:26:00,2025-09-24 15:30:00
3109,3109,4,2026-01-19 11:14:00,2026-01-21 11:14:00,2026-02-05 13:29:00,Completed,2026-01-19 11:14:00,2026-02-05 13:29:00
3110,3110,5,2026-03-18 11:58:00,2026-03-21 19:58:00,2026-04-01 10:11:00,Completed,2026-03-18 11:58:00,2026-04-01 10:11:00
3111,3111,1,2026-04-26 08:15:00,2026-04-29 15:15:00,2026-05-03 18:47:00,Completed,2026-04-26 08:15:00,2026-05-03 18:47:00
3112,3112,3,2026-04-16 17:55:00,2026-04-17 19:55:00,2026-04-20 12:24:00,Completed,2026-04-16 17:55:00,2026-04-20 12:24:00
3113,3113,1,2025-07-13 11:58:00,2025-07-16 11:58:00,2025-07-19 18:19:00,Completed,2025-07-13 11:58:00,2025-07-19 18:19:00
3114,3114,3,2026-02-14 16:15:00,2026-02-16 20:15:00,2026-02-19 10:23:00,Completed,2026-02-14 16:15:00,2026-02-19 10:23:00
3115,3115,2,2025-08-06 17:48:00,2025-08-07 18:48:00,2025-08-06 11:45:00,Completed,2025-08-06 17:48:00,2025-08-07 18:48:00
3116,3116,3,2026-01-30 15:10:00,2026-02-02 19:10:00,2026-01-30 09:58:00,Completed,2026-01-30 15:10:00,2026-02-02 19:10:00
3117,3117,1,2025-07-29 16:49:00,2025-07-30 21:49:00,2025-08-12 18:35:00,Completed,2025-07-29 16:49:00,2025-08-12 18:35:00
3118,3118,4,2025-11-29 10:18:00,2025-12-02 10:18:00,2025-12-04 11:39:00,Completed,2025-11-29 10:18:00,2025-12-04 11:39:00
3119,3119,4,2025-11-23 10:05:00,2025-11-26 11:05:00,2025-11-29 15:38:00,Completed,2025-11-23 10:05:00,2025-11-29 15:38:00
3120,3120,4,2026-01-15 17:17:00,2026-01-17 17:17:00,2026-01-19 13:14:00,Completed,2026-01-15 17:17:00,2026-01-19 13:14:00
3121,3121,5,2025-11-21 08:39:00,2025-11-24 11:39:00,2025-11-27 11:53:00,Completed,2025-11-21 08:39:00,2025-11-27 11:53:00
3122,3122,4,2026-03-27 15:19:00,2026-03-28 17:19:00,2026-03-31 17:17:00,Completed,2026-03-27 15:19:00,2026-03-31 17:17:00
3123,3123,2,2025-06-13 15:25:00,2025-06-16 23:25:00,2025-06-18 12:53:00,Completed,2025-06-13 15:25:00,2025-06-18 12:53:00
3124,3124,3,2026-05-07 18:31:00,2026-05-10 23:31:00,2026-05-10 15:29:00,Completed,2026-05-07 18:31:00,2026-05-10 23:31:00
3125,3125,4,2025-10-17 11:06:00,2025-10-19 13:06:00,,Delivered,2025-10-17 11:06:00,2025-10-19 13:06:00
3126,3126,5,2025-12-22 13:09:00,2025-12-24 16:09:00,2026-01-08 16:17:00,Completed,2025-12-22 13:09:00,2026-01-08 16:17:00
3127,3127,4,2025-09-29 12:05:00,2025-09-30 13:05:00,2025-10-03 11:56:00,Completed,2025-09-29 12:05:00,2025-10-03 11:56:00
3128,3128,5,2025-09-13 12:50:00,2025-09-15 16:50:00,2025-09-23 15:21:00,Completed,2025-09-13 12:50:00,2025-09-23 15:21:00
3129,3129,1,2025-08-30 14:20:00,2025-09-01 20:20:00,2025-09-09 09:04:00,Completed,2025-08-30 14:20:00,2025-09-09 09:04:00
3130,3130,4,2025-11-10 14:04:00,2025-11-11 21:04:00,2025-11-24 16:00:00,Completed,2025-11-10 14:04:00,2025-11-24 16:00:00
3131,3131,3,2025-08-21 10:00:00,2025-08-22 13:00:00,2025-08-28 17:49:00,Completed,2025-08-21 10:00:00,2025-08-28 17:49:00
3132,3132,2,2026-04-10 13:53:00,2026-04-12 19:53:00,2026-04-23 11:22:00,Completed,2026-04-10 13:53:00,2026-04-23 11:22:00
3133,3133,1,2025-12-28 11:31:00,2025-12-31 16:31:00,2025-12-30 16:55:00,Completed,2025-12-28 11:31:00,2025-12-31 16:31:00
3134,3134,5,2026-01-16 11:53:00,2026-01-17 11:53:00,2026-01-17 15:12:00,Completed,2026-01-16 11:53:00,2026-01-17 15:12:00
3135,3135,1,2025-07-30 16:15:00,2025-08-01 20:15:00,2025-07-31 08:54:00,Completed,2025-07-30 16:15:00,2025-08-01 20:15:00
3136,3136,5,2026-04-21 12:58:00,2026-04-24 15:58:00,2026-04-24 12:40:00,Completed,2026-04-21 12:58:00,2026-04-24 15:58:00
3137,3137,3,2025-07-10 16:43:00,2025-07-12 00:43:00,2025-07-16 15:04:00,Completed,2025-07-10 16:43:00,2025-07-16 15:04:00
3138,3138,1,2025-07-07 14:43:00,2025-07-08 20:43:00,2025-07-11 16:25:00,Completed,2025-07-07 14:43:00,2025-07-11 16:25:00
3139,3139,2,2025-12-19 14:11:00,2025-12-22 16:11:00,,Delivered,2025-12-19 14:11:00,2025-12-22 16:11:00
3140,3140,3,2026-03-11 18:24:00,2026-03-13 22:24:00,2026-03-13 08:29:00,Completed,2026-03-11 18:24:00,2026-03-13 22:24:00
3141,3141,1,2026-03-24 14:08:00,2026-03-26 19:08:00,2026-04-06 11:46:00,Completed,2026-03-24 14:08:00,2026-04-06 11:46:00
3142,3142,1,2026-05-06 16:06:00,2026-05-09 23:06:00,2026-05-26 14:56:00,Completed,2026-05-06 16:06:00,2026-05-26 14:56:00
3143,3143,4,2025-11-18 17:15:00,2025-11-19 23:15:00,2025-11-20 13:30:00,Completed,2025-11-18 17:15:00,2025-11-20 13:30:00
3144,3144,3,2026-01-13 13:21:00,2026-01-15 19:21:00,2026-01-13 09:45:00,Completed,2026-01-13 13:21:00,2026-01-15 19:21:00
3145,3145,5,2025-09-18 13:31:00,2025-09-21 21:31:00,2025-09-26 11:07:00,Completed,2025-09-18 13:31:00,2025-09-26 11:07:00
3146,3146,2,2026-04-14 09:07:00,2026-04-15 12:07:00,,Delivered,2026-04-14 09:07:00,2026-04-15 12:07:00
3147,3147,3,2026-04-26 18:31:00,2026-04-28 23:31:00,2026-05-01 09:46:00,Completed,2026-04-26 18:31:00,2026-05-01 09:46:00
3148,3148,2,2025-09-25 18:37:00,2025-09-29 01:37:00,2025-10-14 09:22:00,Completed,2025-09-25 18:37:00,2025-10-14 09:22:00
3149,3149,1,2026-02-20 12:50:00,2026-02-22 13:50:00,,Delivered,2026-02-20 12:50:00,2026-02-22 13:50:00
3150,3150,2,2025-11-14 11:19:00,2025-11-16 16:19:00,2025-11-20 14:52:00,Completed,2025-11-14 11:19:00,2025-11-20 14:52:00
3151,3151,3,2026-02-21 08:03:00,2026-02-24 15:03:00,2026-03-12 11:19:00,Completed,2026-02-21 08:03:00,2026-03-12 11:19:00
3152,3152,1,2026-01-12 17:25:00,2026-01-13 20:25:00,2026-01-20 08:58:00,Completed,2026-01-12 17:25:00,2026-01-20 08:58:00
3153,3153,5,2025-07-31 13:40:00,2025-08-03 13:40:00,2025-08-09 15:16:00,Completed,2025-07-31 13:40:00,2025-08-09 15:16:00
3154,3154,5,2025-08-08 10:52:00,2025-08-09 17:52:00,2025-08-14 13:53:00,Completed,2025-08-08 10:52:00,2025-08-14 13:53:00
3155,3155,4,2026-03-23 14:43:00,2026-03-24 14:43:00,2026-03-29 17:05:00,Completed,2026-03-23 14:43:00,2026-03-29 17:05:00
3156,3156,4,2026-04-10 14:26:00,2026-04-13 15:26:00,,Delivered,2026-04-10 14:26:00,2026-04-13 15:26:00
3157,3157,1,2026-04-02 10:59:00,2026-04-03 10:59:00,2026-04-18 14:08:00,Completed,2026-04-02 10:59:00,2026-04-18 14:08:00
3158,3158,2,2026-03-16 17:59:00,2026-03-18 19:59:00,2026-03-31 13:03:00,Completed,2026-03-16 17:59:00,2026-03-31 13:03:00
3159,3159,2,2026-05-06 13:44:00,2026-05-09 18:44:00,2026-05-20 17:49:00,Completed,2026-05-06 13:44:00,2026-05-20 17:49:00
3160,3160,1,2025-12-18 12:49:00,2025-12-21 12:49:00,2026-01-05 09:35:00,Completed,2025-12-18 12:49:00,2026-01-05 09:35:00
3161,3161,3,2026-01-05 12:05:00,2026-01-06 13:05:00,2026-01-10 16:45:00,Completed,2026-01-05 12:05:00,2026-01-10 16:45:00
3162,3162,4,2025-08-11 12:38:00,2025-08-14 15:38:00,2025-08-14 13:14:00,Completed,2025-08-11 12:38:00,2025-08-14 15:38:00
3163,3163,5,2025-10-19 18:46:00,2025-10-23 01:46:00,2025-10-22 09:32:00,Completed,2025-10-19 18:46:00,2025-10-23 01:46:00
3164,3164,5,2025-08-16 13:30:00,2025-08-19 13:30:00,2025-08-19 15:12:00,Completed,2025-08-16 13:30:00,2025-08-19 15:12:00
3165,3165,4,2025-10-01 15:49:00,2025-10-02 20:49:00,2025-10-05 18:39:00,Completed,2025-10-01 15:49:00,2025-10-05 18:39:00
3166,3166,5,2025-11-26 13:02:00,2025-11-28 21:02:00,,Delivered,2025-11-26 13:02:00,2025-11-28 21:02:00
3167,3167,1,2025-08-17 12:38:00,2025-08-18 17:38:00,2025-09-01 14:33:00,Completed,2025-08-17 12:38:00,2025-09-01 14:33:00
3168,3168,4,2026-04-26 14:50:00,2026-04-27 14:50:00,2026-04-30 17:31:00,Completed,2026-04-26 14:50:00,2026-04-30 17:31:00
3169,3169,5,2025-08-06 11:00:00,2025-08-09 16:00:00,2025-08-15 14:22:00,Completed,2025-08-06 11:00:00,2025-08-15 14:22:00
3170,3170,5,2025-11-17 17:26:00,2025-11-18 20:26:00,2025-11-20 09:37:00,Completed,2025-11-17 17:26:00,2025-11-20 09:37:00
3171,3171,1,2025-10-21 10:33:00,2025-10-22 10:33:00,2025-10-24 08:24:00,Completed,2025-10-21 10:33:00,2025-10-24 08:24:00
3172,3172,3,2025-09-10 13:16:00,2025-09-12 20:16:00,,Delivered,2025-09-10 13:16:00,2025-09-12 20:16:00
3173,3173,5,2026-03-07 17:57:00,2026-03-09 01:57:00,2026-03-16 13:34:00,Completed,2026-03-07 17:57:00,2026-03-16 13:34:00
3174,3174,5,2025-11-20 08:34:00,2025-11-23 13:34:00,2025-11-27 18:47:00,Completed,2025-11-20 08:34:00,2025-11-27 18:47:00
3175,3175,4,2025-08-14 13:47:00,2025-08-17 18:47:00,2025-08-15 10:32:00,Completed,2025-08-14 13:47:00,2025-08-17 18:47:00
3176,3176,3,2025-09-30 10:38:00,2025-10-01 11:38:00,,Delivered,2025-09-30 10:38:00,2025-10-01 11:38:00
3177,3177,3,2025-08-09 18:18:00,2025-08-11 21:18:00,2025-08-11 14:59:00,Completed,2025-08-09 18:18:00,2025-08-11 21:18:00
3178,3178,5,2025-09-13 14:28:00,2025-09-16 21:28:00,2025-09-20 08:34:00,Completed,2025-09-13 14:28:00,2025-09-20 08:34:00
3179,3179,1,2025-06-07 08:33:00,2025-06-09 13:33:00,2025-06-14 12:17:00,Completed,2025-06-07 08:33:00,2025-06-14 12:17:00
3180,3180,2,2025-10-31 18:03:00,2025-11-03 20:03:00,2025-10-31 15:32:00,Completed,2025-10-31 18:03:00,2025-11-03 20:03:00
3181,3181,5,2025-06-20 17:35:00,2025-06-21 22:35:00,2025-07-06 15:27:00,Completed,2025-06-20 17:35:00,2025-07-06 15:27:00
3182,3182,4,2026-04-30 17:42:00,2026-05-03 18:42:00,2026-05-14 09:09:00,Completed,2026-04-30 17:42:00,2026-05-14 09:09:00
3183,3183,1,2025-09-27 13:29:00,2025-09-28 19:29:00,2025-10-03 09:35:00,Completed,2025-09-27 13:29:00,2025-10-03 09:35:00
3184,3184,2,2026-05-16 08:16:00,2026-05-19 10:16:00,2026-05-19 08:00:00,Completed,2026-05-16 08:16:00,2026-05-19 10:16:00
3185,3185,4,2025-10-15 11:27:00,2025-10-16 15:27:00,2025-10-23 17:26:00,Completed,2025-10-15 11:27:00,2025-10-23 17:26:00
3186,3186,3,2025-06-08 17:58:00,2025-06-09 18:58:00,2025-06-15 18:13:00,Completed,2025-06-08 17:58:00,2025-06-15 18:13:00
3187,3187,4,2025-07-21 14:25:00,2025-07-22 22:25:00,2025-07-27 10:13:00,Completed,2025-07-21 14:25:00,2025-07-27 10:13:00
3188,3188,3,2025-08-13 17:44:00,2025-08-17 00:44:00,2025-08-20 17:55:00,Completed,2025-08-13 17:44:00,2025-08-20 17:55:00
3189,3189,2,2025-08-30 16:39:00,2025-08-31 19:39:00,2025-08-30 15:10:00,Completed,2025-08-30 16:39:00,2025-08-31 19:39:00
3190,3190,5,2026-03-08 10:09:00,2026-03-10 13:09:00,2026-03-18 14:38:00,Completed,2026-03-08 10:09:00,2026-03-18 14:38:00
3191,3191,3,2025-11-09 16:37:00,2025-11-10 16:37:00,2025-11-09 08:38:00,Completed,2025-11-09 16:37:00,2025-11-10 16:37:00
3192,3192,5,2025-09-01 13:49:00,2025-09-02 20:49:00,2025-09-07 08:04:00,Completed,2025-09-01 13:49:00,2025-09-07 08:04:00
3193,3193,1,2026-04-26 09:40:00,2026-04-29 10:40:00,2026-04-29 12:15:00,Completed,2026-04-26 09:40:00,2026-04-29 12:15:00
3194,3194,1,2026-04-02 16:39:00,2026-04-05 00:39:00,2026-04-07 10:51:00,Completed,2026-04-02 16:39:00,2026-04-07 10:51:00
3195,3195,5,2025-11-24 16:09:00,2025-11-25 16:09:00,2025-12-01 10:49:00,Completed,2025-11-24 16:09:00,2025-12-01 10:49:00
3196,3196,2,2026-04-09 10:01:00,2026-04-11 14:01:00,2026-04-16 11:56:00,Completed,2026-04-09 10:01:00,2026-04-16 11:56:00
3197,3197,2,2026-01-24 11:08:00,2026-01-25 14:08:00,2026-02-10 18:20:00,Completed,2026-01-24 11:08:00,2026-02-10 18:20:00
3198,3198,3,2025-07-04 15:33:00,2025-07-07 16:33:00,2025-07-05 08:22:00,Completed,2025-07-04 15:33:00,2025-07-07 16:33:00
3199,3199,3,2026-01-11 17:59:00,2026-01-12 19:59:00,2026-02-04 12:59:00,Completed,2026-01-11 17:59:00,2026-02-04 12:59:00
3200,3200,4,2026-01-24 15:14:00,2026-01-27 18:14:00,2026-02-12 15:14:00,Completed,2026-01-24 15:14:00,2026-02-12 15:14:00
3201,3201,3,2026-03-09 17:57:00,2026-03-10 18:57:00,2026-03-22 15:07:00,Completed,2026-03-09 17:57:00,2026-03-22 15:07:00
3202,3202,3,2026-03-30 18:02:00,2026-04-02 19:02:00,2026-04-06 17:04:00,Completed,2026-03-30 18:02:00,2026-04-06 17:04:00
3203,3203,1,2026-03-11 18:14:00,2026-03-14 21:14:00,2026-03-21 08:09:00,Completed,2026-03-11 18:14:00,2026-03-21 08:09:00
3204,3204,1,2025-09-08 11:11:00,2025-09-09 15:11:00,2025-09-08 16:07:00,Completed,2025-09-08 11:11:00,2025-09-09 15:11:00
3205,3205,3,2025-11-07 12:45:00,2025-11-09 14:45:00,2025-11-24 12:13:00,Completed,2025-11-07 12:45:00,2025-11-24 12:13:00
3206,3206,2,2025-06-24 16:30:00,2025-06-26 00:30:00,2025-06-27 15:02:00,Completed,2025-06-24 16:30:00,2025-06-27 15:02:00
3207,3207,2,2026-03-18 12:06:00,2026-03-21 18:06:00,2026-03-22 17:53:00,Completed,2026-03-18 12:06:00,2026-03-22 17:53:00
3208,3208,2,2026-03-17 12:37:00,2026-03-18 15:37:00,2026-03-17 16:41:00,Completed,2026-03-17 12:37:00,2026-03-18 15:37:00
3209,3209,4,2026-01-01 08:14:00,2026-01-02 08:14:00,2026-01-09 11:36:00,Completed,2026-01-01 08:14:00,2026-01-09 11:36:00
3210,3210,1,2026-02-18 15:24:00,2026-02-21 16:24:00,2026-02-20 13:37:00,Completed,2026-02-18 15:24:00,2026-02-21 16:24:00
3211,3211,4,2026-02-10 18:57:00,2026-02-13 01:57:00,2026-02-19 14:00:00,Completed,2026-02-10 18:57:00,2026-02-19 14:00:00
3212,3212,5,2025-06-08 08:29:00,2025-06-11 16:29:00,2025-06-08 08:28:00,Completed,2025-06-08 08:29:00,2025-06-11 16:29:00
3213,3213,4,2025-10-15 08:39:00,2025-10-18 15:39:00,2025-10-25 11:30:00,Completed,2025-10-15 08:39:00,2025-10-25 11:30:00
3214,3214,4,2026-04-28 12:35:00,2026-05-01 14:35:00,2026-04-29 17:28:00,Completed,2026-04-28 12:35:00,2026-05-01 14:35:00
3215,3215,3,2026-03-24 14:46:00,2026-03-26 21:46:00,2026-04-01 13:53:00,Completed,2026-03-24 14:46:00,2026-04-01 13:53:00
3216,3216,4,2025-10-08 15:46:00,2025-10-10 20:46:00,2025-10-16 16:14:00,Completed,2025-10-08 15:46:00,2025-10-16 16:14:00
3217,3217,1,2026-04-03 16:16:00,2026-04-05 19:16:00,2026-04-08 15:52:00,Completed,2026-04-03 16:16:00,2026-04-08 15:52:00
3218,3218,1,2026-02-17 08:49:00,2026-02-20 09:49:00,2026-02-20 13:17:00,Completed,2026-02-17 08:49:00,2026-02-20 13:17:00
3219,3219,4,2025-06-06 17:17:00,2025-06-07 22:17:00,2025-06-14 17:51:00,Completed,2025-06-06 17:17:00,2025-06-14 17:51:00
3220,3220,3,2025-06-27 08:34:00,2025-06-30 09:34:00,2025-07-16 13:27:00,Completed,2025-06-27 08:34:00,2025-07-16 13:27:00
3221,3221,5,2026-03-10 14:59:00,2026-03-13 15:59:00,2026-03-16 12:41:00,Completed,2026-03-10 14:59:00,2026-03-16 12:41:00
3222,3222,2,2026-05-10 16:29:00,2026-05-13 23:29:00,2026-05-16 11:16:00,Completed,2026-05-10 16:29:00,2026-05-16 11:16:00
3223,3223,3,2025-11-22 12:46:00,2025-11-23 13:46:00,2025-11-24 16:28:00,Completed,2025-11-22 12:46:00,2025-11-24 16:28:00
3224,3224,1,2025-08-04 10:07:00,2025-08-07 10:07:00,2025-08-06 13:02:00,Completed,2025-08-04 10:07:00,2025-08-07 10:07:00
3225,3225,5,2025-07-12 16:30:00,2025-07-15 21:30:00,2025-07-14 12:48:00,Completed,2025-07-12 16:30:00,2025-07-15 21:30:00
3226,3226,4,2025-12-02 11:52:00,2025-12-04 16:52:00,2025-12-08 08:10:00,Completed,2025-12-02 11:52:00,2025-12-08 08:10:00
3227,3227,1,2025-10-30 14:01:00,2025-11-02 17:01:00,2025-11-01 16:17:00,Completed,2025-10-30 14:01:00,2025-11-02 17:01:00
3228,3228,4,2025-07-10 15:11:00,2025-07-11 18:11:00,2025-07-21 08:28:00,Completed,2025-07-10 15:11:00,2025-07-21 08:28:00
3229,3229,2,2026-01-23 08:07:00,2026-01-24 16:07:00,2026-01-27 15:26:00,Completed,2026-01-23 08:07:00,2026-01-27 15:26:00
3230,3230,3,2025-07-26 10:06:00,2025-07-28 13:06:00,2025-07-26 09:26:00,Completed,2025-07-26 10:06:00,2025-07-28 13:06:00
3231,3231,5,2026-04-14 14:24:00,2026-04-17 19:24:00,2026-04-21 10:19:00,Completed,2026-04-14 14:24:00,2026-04-21 10:19:00
3232,3232,5,2025-11-21 11:21:00,2025-11-24 16:21:00,2025-11-26 15:00:00,Completed,2025-11-21 11:21:00,2025-11-26 15:00:00
3233,3233,5,2026-04-03 16:39:00,2026-04-05 22:39:00,2026-04-18 16:25:00,Completed,2026-04-03 16:39:00,2026-04-18 16:25:00
3234,3234,3,2025-09-27 16:38:00,2025-09-30 18:38:00,2025-10-05 18:31:00,Completed,2025-09-27 16:38:00,2025-10-05 18:31:00
3235,3235,3,2026-04-08 13:31:00,2026-04-09 14:31:00,2026-04-24 13:31:00,Completed,2026-04-08 13:31:00,2026-04-24 13:31:00
3236,3236,1,2026-02-23 13:11:00,2026-02-26 17:11:00,2026-03-02 16:01:00,Completed,2026-02-23 13:11:00,2026-03-02 16:01:00
3237,3237,3,2026-03-20 13:22:00,2026-03-23 14:22:00,2026-03-27 13:59:00,Completed,2026-03-20 13:22:00,2026-03-27 13:59:00
3238,3238,5,2026-01-08 13:53:00,2026-01-09 21:53:00,2026-01-08 09:18:00,Completed,2026-01-08 13:53:00,2026-01-09 21:53:00
3239,3239,1,2026-02-26 18:42:00,2026-02-28 21:42:00,,Delivered,2026-02-26 18:42:00,2026-02-28 21:42:00
3240,3240,4,2025-10-01 09:58:00,2025-10-03 17:58:00,2025-10-07 10:33:00,Completed,2025-10-01 09:58:00,2025-10-07 10:33:00
3241,3241,3,2025-07-07 13:01:00,2025-07-10 13:01:00,2025-07-12 16:17:00,Completed,2025-07-07 13:01:00,2025-07-12 16:17:00
3242,3242,3,2026-02-18 17:41:00,2026-02-20 22:41:00,2026-03-01 08:44:00,Completed,2026-02-18 17:41:00,2026-03-01 08:44:00
3243,3243,1,2025-11-03 14:14:00,2025-11-04 22:14:00,2025-11-22 12:08:00,Completed,2025-11-03 14:14:00,2025-11-22 12:08:00
3244,3244,1,2026-01-26 18:49:00,2026-01-30 00:49:00,2026-02-02 08:57:00,Completed,2026-01-26 18:49:00,2026-02-02 08:57:00
3245,3245,2,2025-12-11 16:47:00,2025-12-13 19:47:00,2026-01-04 17:22:00,Completed,2025-12-11 16:47:00,2026-01-04 17:22:00
3246,3246,4,2025-08-25 15:49:00,2025-08-26 20:49:00,2025-08-27 08:49:00,Completed,2025-08-25 15:49:00,2025-08-27 08:49:00
3247,3247,2,2025-11-24 18:19:00,2025-11-27 22:19:00,2025-11-24 12:10:00,Completed,2025-11-24 18:19:00,2025-11-27 22:19:00
3248,3248,3,2026-02-10 18:06:00,2026-02-14 01:06:00,2026-02-19 17:52:00,Completed,2026-02-10 18:06:00,2026-02-19 17:52:00
3249,3249,4,2025-08-30 14:23:00,2025-09-01 21:23:00,2025-09-09 11:29:00,Completed,2025-08-30 14:23:00,2025-09-09 11:29:00
3250,3250,5,2026-04-16 16:01:00,2026-04-18 21:01:00,2026-04-17 08:58:00,Completed,2026-04-16 16:01:00,2026-04-18 21:01:00
3251,3251,3,2025-09-08 15:06:00,2025-09-11 21:06:00,2025-09-22 12:17:00,Completed,2025-09-08 15:06:00,2025-09-22 12:17:00
3252,3252,4,2025-10-21 15:33:00,2025-10-23 18:33:00,2025-10-29 08:51:00,Completed,2025-10-21 15:33:00,2025-10-29 08:51:00
3253,3253,3,2025-09-05 17:10:00,2025-09-08 01:10:00,2025-09-08 15:46:00,Completed,2025-09-05 17:10:00,2025-09-08 15:46:00
3254,3254,2,2025-10-18 15:30:00,2025-10-19 19:30:00,2025-10-23 12:35:00,Completed,2025-10-18 15:30:00,2025-10-23 12:35:00
3255,3255,1,2025-10-09 15:45:00,2025-10-10 17:45:00,2025-10-17 12:43:00,Completed,2025-10-09 15:45:00,2025-10-17 12:43:00
3256,3256,5,2025-09-13 18:00:00,2025-09-17 01:00:00,,Delivered,2025-09-13 18:00:00,2025-09-17 01:00:00
3257,3257,3,2025-08-24 12:34:00,2025-08-25 15:34:00,2025-09-05 16:42:00,Completed,2025-08-24 12:34:00,2025-09-05 16:42:00
3258,3258,1,2026-03-13 17:22:00,2026-03-17 01:22:00,2026-03-13 11:06:00,Completed,2026-03-13 17:22:00,2026-03-17 01:22:00
3259,3259,2,2025-07-08 17:57:00,2025-07-09 23:57:00,2025-07-09 18:45:00,Completed,2025-07-08 17:57:00,2025-07-09 23:57:00
3260,3260,5,2025-08-27 11:05:00,2025-08-30 19:05:00,2025-09-02 09:11:00,Completed,2025-08-27 11:05:00,2025-09-02 09:11:00
3261,3261,1,2025-11-15 16:09:00,2025-11-16 19:09:00,2025-11-22 16:02:00,Completed,2025-11-15 16:09:00,2025-11-22 16:02:00
3262,3262,2,2025-08-29 08:59:00,2025-09-01 12:59:00,2025-08-31 16:57:00,Completed,2025-08-29 08:59:00,2025-09-01 12:59:00
3263,3263,5,2026-04-13 10:57:00,2026-04-15 13:57:00,2026-04-23 15:52:00,Completed,2026-04-13 10:57:00,2026-04-23 15:52:00
3264,3264,5,2025-10-31 10:10:00,2025-11-03 12:10:00,2025-11-03 08:12:00,Completed,2025-10-31 10:10:00,2025-11-03 12:10:00
3265,3265,3,2025-10-22 15:03:00,2025-10-25 21:03:00,,Delivered,2025-10-22 15:03:00,2025-10-25 21:03:00
3266,3266,4,2026-02-03 17:44:00,2026-02-05 19:44:00,2026-02-17 12:32:00,Completed,2026-02-03 17:44:00,2026-02-17 12:32:00
3267,3267,4,2025-12-07 13:09:00,2025-12-08 13:09:00,2025-12-14 11:51:00,Completed,2025-12-07 13:09:00,2025-12-14 11:51:00
3268,3268,1,2025-11-17 12:24:00,2025-11-19 19:24:00,2025-11-26 10:51:00,Completed,2025-11-17 12:24:00,2025-11-26 10:51:00
3269,3269,4,2026-04-11 17:56:00,2026-04-14 18:56:00,2026-04-13 17:11:00,Completed,2026-04-11 17:56:00,2026-04-14 18:56:00
3270,3270,3,2025-08-21 10:38:00,2025-08-23 14:38:00,2025-08-24 09:24:00,Completed,2025-08-21 10:38:00,2025-08-24 09:24:00
3271,3271,3,2026-04-08 15:42:00,2026-04-10 22:42:00,2026-04-11 13:58:00,Completed,2026-04-08 15:42:00,2026-04-11 13:58:00
3272,3272,1,2026-05-18 12:57:00,2026-05-21 18:57:00,2026-05-19 16:34:00,Completed,2026-05-18 12:57:00,2026-05-21 18:57:00
3273,3273,1,2025-11-24 14:18:00,2025-11-25 19:18:00,2025-11-26 15:54:00,Completed,2025-11-24 14:18:00,2025-11-26 15:54:00
3274,3274,4,2025-10-17 14:02:00,2025-10-18 14:02:00,2025-10-20 15:33:00,Completed,2025-10-17 14:02:00,2025-10-20 15:33:00
3275,3275,5,2026-03-20 10:08:00,2026-03-22 13:08:00,2026-03-23 18:48:00,Completed,2026-03-20 10:08:00,2026-03-23 18:48:00
3276,3276,3,2025-07-22 13:17:00,2025-07-24 17:17:00,2025-07-24 10:43:00,Completed,2025-07-22 13:17:00,2025-07-24 17:17:00
3277,3277,4,2025-09-03 10:55:00,2025-09-04 14:55:00,,Delivered,2025-09-03 10:55:00,2025-09-04 14:55:00
3278,3278,2,2025-06-23 09:55:00,2025-06-26 13:55:00,2025-07-03 14:27:00,Completed,2025-06-23 09:55:00,2025-07-03 14:27:00
3279,3279,3,2025-08-27 08:16:00,2025-08-29 15:16:00,2025-09-04 11:56:00,Completed,2025-08-27 08:16:00,2025-09-04 11:56:00
3280,3280,4,2025-06-09 14:02:00,2025-06-12 18:02:00,2025-06-19 08:13:00,Completed,2025-06-09 14:02:00,2025-06-19 08:13:00
3281,3281,4,2025-09-23 15:21:00,2025-09-24 23:21:00,2025-10-04 10:11:00,Completed,2025-09-23 15:21:00,2025-10-04 10:11:00
3282,3282,2,2025-08-03 11:48:00,2025-08-05 15:48:00,2025-08-24 09:30:00,Completed,2025-08-03 11:48:00,2025-08-24 09:30:00
3283,3283,5,2025-08-01 09:30:00,2025-08-02 10:30:00,2025-08-13 08:36:00,Completed,2025-08-01 09:30:00,2025-08-13 08:36:00
3284,3284,4,2026-03-29 18:10:00,2026-04-01 21:10:00,2026-04-09 16:59:00,Completed,2026-03-29 18:10:00,2026-04-09 16:59:00
3285,3285,5,2026-01-03 18:58:00,2026-01-06 21:58:00,2026-01-10 17:48:00,Completed,2026-01-03 18:58:00,2026-01-10 17:48:00
3286,3286,5,2025-09-03 16:38:00,2025-09-05 17:38:00,2025-09-07 09:25:00,Completed,2025-09-03 16:38:00,2025-09-07 09:25:00
3287,3287,5,2025-09-22 13:35:00,2025-09-23 17:35:00,2025-09-29 12:27:00,Completed,2025-09-22 13:35:00,2025-09-29 12:27:00
3288,3288,2,2025-12-20 10:43:00,2025-12-22 11:43:00,,Delivered,2025-12-20 10:43:00,2025-12-22 11:43:00
3289,3289,4,2025-07-10 17:44:00,2025-07-13 20:44:00,2025-07-18 17:00:00,Completed,2025-07-10 17:44:00,2025-07-18 17:00:00
3290,3290,4,2026-05-23 08:46:00,2026-05-24 11:46:00,2026-05-31 11:24:00,Completed,2026-05-23 08:46:00,2026-05-31 11:24:00
3291,3291,5,2026-05-06 12:24:00,2026-05-08 16:24:00,2026-05-16 15:27:00,Completed,2026-05-06 12:24:00,2026-05-16 15:27:00
3292,3292,1,2026-01-11 15:28:00,2026-01-13 22:28:00,2026-01-17 12:42:00,Completed,2026-01-11 15:28:00,2026-01-17 12:42:00
3293,3293,2,2025-11-30 14:10:00,2025-12-02 15:10:00,,Delivered,2025-11-30 14:10:00,2025-12-02 15:10:00
3294,3294,1,2025-09-15 15:06:00,2025-09-18 16:06:00,2025-09-18 10:31:00,Completed,2025-09-15 15:06:00,2025-09-18 16:06:00
3295,3295,5,2025-11-18 10:57:00,2025-11-21 11:57:00,2025-11-28 12:04:00,Completed,2025-11-18 10:57:00,2025-11-28 12:04:00
3296,3296,4,2026-04-29 17:22:00,2026-05-01 20:22:00,2026-05-02 12:37:00,Completed,2026-04-29 17:22:00,2026-05-02 12:37:00
3297,3297,1,2025-08-28 09:58:00,2025-08-29 15:58:00,2025-09-01 14:44:00,Completed,2025-08-28 09:58:00,2025-09-01 14:44:00
3298,3298,2,2026-03-05 08:05:00,2026-03-08 10:05:00,2026-03-17 10:34:00,Completed,2026-03-05 08:05:00,2026-03-17 10:34:00
3299,3299,5,2026-02-27 14:31:00,2026-03-01 21:31:00,2026-03-16 09:16:00,Completed,2026-02-27 14:31:00,2026-03-16 09:16:00
3300,3300,1,2026-04-04 14:23:00,2026-04-06 21:23:00,2026-04-13 18:51:00,Completed,2026-04-04 14:23:00,2026-04-13 18:51:00
3301,3301,2,2026-03-18 10:49:00,2026-03-19 11:49:00,2026-03-21 12:40:00,Completed,2026-03-18 10:49:00,2026-03-21 12:40:00
3302,3302,2,2025-11-16 11:20:00,2025-11-18 12:20:00,2025-11-29 16:05:00,Completed,2025-11-16 11:20:00,2025-11-29 16:05:00
3303,3303,4,2026-05-07 15:24:00,2026-05-08 20:24:00,2026-05-07 12:35:00,Completed,2026-05-07 15:24:00,2026-05-08 20:24:00
3304,3304,4,2026-04-11 08:40:00,2026-04-14 13:40:00,2026-04-15 15:38:00,Completed,2026-04-11 08:40:00,2026-04-15 15:38:00
3305,3305,4,2026-03-21 13:11:00,2026-03-23 19:11:00,2026-03-22 11:05:00,Completed,2026-03-21 13:11:00,2026-03-23 19:11:00
3306,3306,4,2025-07-30 17:04:00,2025-08-01 17:04:00,2025-08-19 16:49:00,Completed,2025-07-30 17:04:00,2025-08-19 16:49:00
3307,3307,1,2026-03-25 15:10:00,2026-03-28 16:10:00,2026-04-02 14:01:00,Completed,2026-03-25 15:10:00,2026-04-02 14:01:00
3308,3308,3,2026-03-05 11:51:00,2026-03-07 13:51:00,2026-03-14 16:51:00,Completed,2026-03-05 11:51:00,2026-03-14 16:51:00
3309,3309,5,2025-08-18 17:10:00,2025-08-21 00:10:00,2025-08-28 17:13:00,Completed,2025-08-18 17:10:00,2025-08-28 17:13:00
3310,3310,1,2025-07-18 14:07:00,2025-07-19 17:07:00,2025-07-20 14:56:00,Completed,2025-07-18 14:07:00,2025-07-20 14:56:00
3311,3311,1,2026-02-27 10:57:00,2026-03-02 18:57:00,,Delivered,2026-02-27 10:57:00,2026-03-02 18:57:00
3312,3312,2,2025-09-02 14:05:00,2025-09-05 18:05:00,2025-09-02 18:00:00,Completed,2025-09-02 14:05:00,2025-09-05 18:05:00
3313,3313,1,2025-12-31 09:43:00,2026-01-01 10:43:00,2026-01-01 13:28:00,Completed,2025-12-31 09:43:00,2026-01-01 13:28:00
3314,3314,1,2026-03-22 08:44:00,2026-03-23 11:44:00,2026-03-27 18:56:00,Completed,2026-03-22 08:44:00,2026-03-27 18:56:00
3315,3315,3,2025-07-14 15:12:00,2025-07-17 17:12:00,2025-07-30 12:45:00,Completed,2025-07-14 15:12:00,2025-07-30 12:45:00
3316,3316,2,2026-04-23 09:17:00,2026-04-26 14:17:00,2026-04-30 17:07:00,Completed,2026-04-23 09:17:00,2026-04-30 17:07:00
3317,3317,1,2025-07-07 14:30:00,2025-07-10 19:30:00,2025-07-10 17:20:00,Completed,2025-07-07 14:30:00,2025-07-10 19:30:00
3318,3318,2,2025-10-15 17:25:00,2025-10-17 22:25:00,2025-10-17 15:19:00,Completed,2025-10-15 17:25:00,2025-10-17 22:25:00
3319,3319,2,2025-12-14 16:05:00,2025-12-15 20:05:00,2025-12-23 09:44:00,Completed,2025-12-14 16:05:00,2025-12-23 09:44:00
3320,3320,5,2025-11-24 17:16:00,2025-11-27 23:16:00,,Delivered,2025-11-24 17:16:00,2025-11-27 23:16:00
3321,3321,3,2026-04-18 11:12:00,2026-04-20 11:12:00,2026-04-25 09:30:00,Completed,2026-04-18 11:12:00,2026-04-25 09:30:00
3322,3322,4,2026-04-04 16:53:00,2026-04-07 16:53:00,2026-04-10 09:21:00,Completed,2026-04-04 16:53:00,2026-04-10 09:21:00
3323,3323,5,2026-01-31 12:05:00,2026-02-02 15:05:00,2026-02-02 14:46:00,Completed,2026-01-31 12:05:00,2026-02-02 15:05:00
3324,3324,5,2026-04-06 13:42:00,2026-04-08 19:42:00,2026-04-08 15:49:00,Completed,2026-04-06 13:42:00,2026-04-08 19:42:00
3325,3325,2,2025-11-26 13:34:00,2025-11-27 18:34:00,2025-12-03 08:59:00,Completed,2025-11-26 13:34:00,2025-12-03 08:59:00
3326,3326,5,2025-10-06 08:11:00,2025-10-07 15:11:00,2025-10-19 16:34:00,Completed,2025-10-06 08:11:00,2025-10-19 16:34:00
3327,3327,5,2026-03-20 11:18:00,2026-03-22 16:18:00,2026-04-06 09:01:00,Completed,2026-03-20 11:18:00,2026-04-06 09:01:00
3328,3328,1,2026-01-22 11:51:00,2026-01-24 15:51:00,2026-01-23 14:34:00,Completed,2026-01-22 11:51:00,2026-01-24 15:51:00
3329,3329,2,2026-04-13 17:58:00,2026-04-15 21:58:00,2026-04-19 09:07:00,Completed,2026-04-13 17:58:00,2026-04-19 09:07:00
3330,3330,2,2026-02-09 12:45:00,2026-02-11 18:45:00,2026-02-19 18:47:00,Completed,2026-02-09 12:45:00,2026-02-19 18:47:00
3331,3331,2,2025-08-22 08:51:00,2025-08-25 12:51:00,,Delivered,2025-08-22 08:51:00,2025-08-25 12:51:00
3332,3332,2,2025-08-22 17:18:00,2025-08-24 23:18:00,2025-08-28 16:58:00,Completed,2025-08-22 17:18:00,2025-08-28 16:58:00
3333,3333,1,2025-12-18 12:41:00,2025-12-19 19:41:00,2025-12-20 18:28:00,Completed,2025-12-18 12:41:00,2025-12-20 18:28:00
3334,3334,1,2025-06-09 12:43:00,2025-06-11 17:43:00,2025-06-18 17:48:00,Completed,2025-06-09 12:43:00,2025-06-18 17:48:00
3335,3335,1,2026-02-10 13:29:00,2026-02-11 16:29:00,,Delivered,2026-02-10 13:29:00,2026-02-11 16:29:00
3336,3336,3,2026-01-05 12:08:00,2026-01-06 19:08:00,2026-01-12 12:37:00,Completed,2026-01-05 12:08:00,2026-01-12 12:37:00
3337,3337,3,2025-06-10 08:29:00,2025-06-13 12:29:00,2025-06-27 15:52:00,Completed,2025-06-10 08:29:00,2025-06-27 15:52:00
3338,3338,5,2025-06-07 14:34:00,2025-06-09 15:34:00,2025-06-18 12:09:00,Completed,2025-06-07 14:34:00,2025-06-18 12:09:00
3339,3339,5,2025-11-07 10:42:00,2025-11-10 15:42:00,2025-11-13 18:46:00,Completed,2025-11-07 10:42:00,2025-11-13 18:46:00
3340,3340,3,2025-07-07 08:59:00,2025-07-08 08:59:00,2025-07-12 08:03:00,Completed,2025-07-07 08:59:00,2025-07-12 08:03:00
3341,3341,2,2025-12-03 15:52:00,2025-12-05 16:52:00,2025-12-05 10:20:00,Completed,2025-12-03 15:52:00,2025-12-05 16:52:00
3342,3342,4,2025-07-25 10:04:00,2025-07-26 10:04:00,2025-07-31 08:50:00,Completed,2025-07-25 10:04:00,2025-07-31 08:50:00
3343,3343,1,2025-07-16 09:10:00,2025-07-19 10:10:00,2025-07-19 18:54:00,Completed,2025-07-16 09:10:00,2025-07-19 18:54:00
3344,3344,4,2025-11-15 15:27:00,2025-11-18 15:27:00,2025-11-28 08:32:00,Completed,2025-11-15 15:27:00,2025-11-28 08:32:00
3345,3345,2,2025-08-05 11:10:00,2025-08-06 13:10:00,2025-08-07 17:45:00,Completed,2025-08-05 11:10:00,2025-08-07 17:45:00
3346,3346,3,2025-07-14 08:18:00,2025-07-17 08:18:00,2025-07-19 09:20:00,Completed,2025-07-14 08:18:00,2025-07-19 09:20:00
3347,3347,2,2026-02-20 11:15:00,2026-02-23 13:15:00,2026-02-22 13:40:00,Completed,2026-02-20 11:15:00,2026-02-23 13:15:00
3348,3348,4,2025-07-09 11:33:00,2025-07-10 11:33:00,2025-07-18 16:11:00,Completed,2025-07-09 11:33:00,2025-07-18 16:11:00
3349,3349,5,2026-02-03 12:46:00,2026-02-06 19:46:00,2026-02-11 13:42:00,Completed,2026-02-03 12:46:00,2026-02-11 13:42:00
3350,3350,3,2025-10-30 17:46:00,2025-11-03 00:46:00,2025-11-01 10:34:00,Completed,2025-10-30 17:46:00,2025-11-03 00:46:00
3351,3351,2,2026-01-17 17:06:00,2026-01-19 00:06:00,2026-01-29 10:53:00,Completed,2026-01-17 17:06:00,2026-01-29 10:53:00
3352,3352,1,2025-10-15 10:34:00,2025-10-18 13:34:00,2025-10-20 17:45:00,Completed,2025-10-15 10:34:00,2025-10-20 17:45:00
3353,3353,3,2025-07-30 16:06:00,2025-07-31 21:06:00,2025-08-05 08:48:00,Completed,2025-07-30 16:06:00,2025-08-05 08:48:00
3354,3354,4,2025-08-01 09:24:00,2025-08-02 11:24:00,2025-08-12 15:42:00,Completed,2025-08-01 09:24:00,2025-08-12 15:42:00
3355,3355,1,2025-07-20 15:44:00,2025-07-22 15:44:00,2025-07-20 13:35:00,Completed,2025-07-20 15:44:00,2025-07-22 15:44:00
3356,3356,1,2025-12-20 16:08:00,2025-12-22 18:08:00,2025-12-23 11:42:00,Completed,2025-12-20 16:08:00,2025-12-23 11:42:00
3357,3357,2,2025-07-30 16:46:00,2025-08-01 22:46:00,,Delivered,2025-07-30 16:46:00,2025-08-01 22:46:00
3358,3358,5,2025-11-08 11:36:00,2025-11-09 11:36:00,2025-11-11 10:09:00,Completed,2025-11-08 11:36:00,2025-11-11 10:09:00
3359,3359,1,2025-07-03 13:19:00,2025-07-06 19:19:00,2025-07-18 08:15:00,Completed,2025-07-03 13:19:00,2025-07-18 08:15:00
3360,3360,2,2025-11-27 15:04:00,2025-11-29 15:04:00,2025-11-29 18:48:00,Completed,2025-11-27 15:04:00,2025-11-29 18:48:00
3361,3361,3,2025-07-15 13:15:00,2025-07-17 19:15:00,2025-07-30 16:36:00,Completed,2025-07-15 13:15:00,2025-07-30 16:36:00
3362,3362,4,2026-01-29 09:12:00,2026-02-01 09:12:00,2026-02-06 11:24:00,Completed,2026-01-29 09:12:00,2026-02-06 11:24:00
3363,3363,5,2025-07-14 17:16:00,2025-07-16 23:16:00,2025-07-14 18:51:00,Completed,2025-07-14 17:16:00,2025-07-16 23:16:00
3364,3364,5,2026-02-01 15:47:00,2026-02-04 18:47:00,2026-02-07 08:32:00,Completed,2026-02-01 15:47:00,2026-02-07 08:32:00
3365,3365,4,2026-02-27 18:05:00,2026-03-03 01:05:00,2026-03-16 08:37:00,Completed,2026-02-27 18:05:00,2026-03-16 08:37:00
3366,3366,1,2025-09-12 12:59:00,2025-09-15 13:59:00,,Delivered,2025-09-12 12:59:00,2025-09-15 13:59:00
3367,3367,1,2025-07-15 15:27:00,2025-07-18 23:27:00,2025-08-03 12:19:00,Completed,2025-07-15 15:27:00,2025-08-03 12:19:00
3368,3368,1,2025-11-12 09:08:00,2025-11-15 09:08:00,2025-11-23 17:26:00,Completed,2025-11-12 09:08:00,2025-11-23 17:26:00
3369,3369,1,2025-08-07 18:48:00,2025-08-09 23:48:00,2025-08-14 18:24:00,Completed,2025-08-07 18:48:00,2025-08-14 18:24:00
3370,3370,2,2025-08-12 18:36:00,2025-08-14 23:36:00,2025-08-13 13:04:00,Completed,2025-08-12 18:36:00,2025-08-14 23:36:00
3371,3371,4,2025-07-10 14:18:00,2025-07-12 17:18:00,2025-07-17 09:37:00,Completed,2025-07-10 14:18:00,2025-07-17 09:37:00
3372,3372,2,2025-08-25 17:46:00,2025-08-28 00:46:00,2025-08-25 18:48:00,Completed,2025-08-25 17:46:00,2025-08-28 00:46:00
3373,3373,3,2025-08-28 14:41:00,2025-08-30 18:41:00,2025-08-29 08:55:00,Completed,2025-08-28 14:41:00,2025-08-30 18:41:00
3374,3374,2,2026-04-07 15:08:00,2026-04-09 18:08:00,,Delivered,2026-04-07 15:08:00,2026-04-09 18:08:00
3375,3375,1,2026-03-09 17:26:00,2026-03-10 17:26:00,2026-03-16 11:14:00,Completed,2026-03-09 17:26:00,2026-03-16 11:14:00
3376,3376,1,2026-01-07 08:19:00,2026-01-09 15:19:00,2026-01-10 14:44:00,Completed,2026-01-07 08:19:00,2026-01-10 14:44:00
3377,3377,1,2025-12-25 15:51:00,2025-12-26 20:51:00,2026-01-07 08:05:00,Completed,2025-12-25 15:51:00,2026-01-07 08:05:00
3378,3378,5,2026-03-06 15:22:00,2026-03-09 15:22:00,2026-03-28 16:18:00,Completed,2026-03-06 15:22:00,2026-03-28 16:18:00
3379,3379,3,2025-06-08 09:19:00,2025-06-09 13:19:00,2025-06-08 08:37:00,Completed,2025-06-08 09:19:00,2025-06-09 13:19:00
3380,3380,3,2026-02-21 11:32:00,2026-02-22 18:32:00,2026-03-03 14:28:00,Completed,2026-02-21 11:32:00,2026-03-03 14:28:00
3381,3381,1,2025-08-31 11:24:00,2025-09-01 11:24:00,2025-09-02 15:07:00,Completed,2025-08-31 11:24:00,2025-09-02 15:07:00
3382,3382,4,2026-03-13 08:21:00,2026-03-16 09:21:00,2026-03-23 14:26:00,Completed,2026-03-13 08:21:00,2026-03-23 14:26:00
3383,3383,4,2026-03-29 12:44:00,2026-03-30 19:44:00,2026-04-05 14:18:00,Completed,2026-03-29 12:44:00,2026-04-05 14:18:00
3384,3384,4,2025-07-20 11:25:00,2025-07-21 18:25:00,2025-07-22 08:20:00,Completed,2025-07-20 11:25:00,2025-07-22 08:20:00
3385,3385,2,2025-06-16 10:23:00,2025-06-19 12:23:00,2025-06-26 10:12:00,Completed,2025-06-16 10:23:00,2025-06-26 10:12:00
3386,3386,3,2025-09-25 16:24:00,2025-09-27 16:24:00,2025-10-06 14:20:00,Completed,2025-09-25 16:24:00,2025-10-06 14:20:00
3387,3387,3,2025-09-06 11:50:00,2025-09-08 14:50:00,2025-09-17 16:40:00,Completed,2025-09-06 11:50:00,2025-09-17 16:40:00
3388,3388,5,2026-01-06 15:20:00,2026-01-08 16:20:00,2026-01-06 17:33:00,Completed,2026-01-06 15:20:00,2026-01-08 16:20:00
3389,3389,1,2025-10-06 15:56:00,2025-10-09 20:56:00,2025-10-11 16:52:00,Completed,2025-10-06 15:56:00,2025-10-11 16:52:00
3390,3390,2,2025-07-17 15:03:00,2025-07-20 22:03:00,2025-08-02 11:18:00,Completed,2025-07-17 15:03:00,2025-08-02 11:18:00
3391,3391,5,2025-07-03 18:44:00,2025-07-05 02:44:00,,Delivered,2025-07-03 18:44:00,2025-07-05 02:44:00
3392,3392,2,2025-09-20 16:20:00,2025-09-22 22:20:00,2025-09-28 16:43:00,Completed,2025-09-20 16:20:00,2025-09-28 16:43:00
3393,3393,1,2026-01-18 08:40:00,2026-01-20 09:40:00,2026-01-23 17:08:00,Completed,2026-01-18 08:40:00,2026-01-23 17:08:00
3394,3394,5,2026-04-11 17:12:00,2026-04-12 23:12:00,2026-04-25 14:13:00,Completed,2026-04-11 17:12:00,2026-04-25 14:13:00
3395,3395,5,2025-09-13 16:11:00,2025-09-16 18:11:00,2025-09-14 15:53:00,Completed,2025-09-13 16:11:00,2025-09-16 18:11:00
3396,3396,3,2026-02-03 12:03:00,2026-02-04 15:03:00,2026-02-16 09:28:00,Completed,2026-02-03 12:03:00,2026-02-16 09:28:00
3397,3397,3,2026-03-22 16:40:00,2026-03-25 17:40:00,2026-03-26 13:06:00,Completed,2026-03-22 16:40:00,2026-03-26 13:06:00
3398,3398,5,2025-11-11 17:25:00,2025-11-13 23:25:00,2025-11-15 09:05:00,Completed,2025-11-11 17:25:00,2025-11-15 09:05:00
3399,3399,4,2025-10-17 18:04:00,2025-10-19 23:04:00,2025-10-30 12:00:00,Completed,2025-10-17 18:04:00,2025-10-30 12:00:00
3400,3400,1,2026-05-24 11:43:00,2026-05-27 18:43:00,2026-05-26 14:17:00,Completed,2026-05-24 11:43:00,2026-05-27 18:43:00
3401,3401,4,2026-01-16 12:02:00,2026-01-18 18:02:00,2026-01-22 08:13:00,Completed,2026-01-16 12:02:00,2026-01-22 08:13:00
3402,3402,5,2026-02-10 16:32:00,2026-02-11 18:32:00,2026-02-18 15:19:00,Completed,2026-02-10 16:32:00,2026-02-18 15:19:00
3403,3403,4,2026-04-30 08:49:00,2026-05-02 12:49:00,2026-05-08 15:40:00,Completed,2026-04-30 08:49:00,2026-05-08 15:40:00
3404,3404,1,2025-09-12 16:47:00,2025-09-13 19:47:00,2025-09-15 11:49:00,Completed,2025-09-12 16:47:00,2025-09-15 11:49:00
3405,3405,1,2025-09-26 08:07:00,2025-09-28 14:07:00,2025-10-11 16:47:00,Completed,2025-09-26 08:07:00,2025-10-11 16:47:00
3406,3406,4,2025-07-03 18:55:00,2025-07-04 23:55:00,2025-07-05 15:18:00,Completed,2025-07-03 18:55:00,2025-07-05 15:18:00
3407,3407,5,2026-02-01 10:29:00,2026-02-02 17:29:00,2026-02-06 17:31:00,Completed,2026-02-01 10:29:00,2026-02-06 17:31:00
3408,3408,2,2025-09-30 09:06:00,2025-10-03 12:06:00,2025-10-03 15:41:00,Completed,2025-09-30 09:06:00,2025-10-03 15:41:00
3409,3409,2,2025-11-25 16:10:00,2025-11-28 22:10:00,2025-12-01 09:05:00,Completed,2025-11-25 16:10:00,2025-12-01 09:05:00
3410,3410,4,2025-06-19 11:15:00,2025-06-21 16:15:00,2025-06-28 11:05:00,Completed,2025-06-19 11:15:00,2025-06-28 11:05:00
3411,3411,1,2026-03-10 11:20:00,2026-03-13 13:20:00,2026-03-15 15:30:00,Completed,2026-03-10 11:20:00,2026-03-15 15:30:00
3412,3412,4,2026-01-27 14:41:00,2026-01-29 19:41:00,,Delivered,2026-01-27 14:41:00,2026-01-29 19:41:00
3413,3413,5,2026-03-03 12:48:00,2026-03-06 19:48:00,2026-03-05 13:55:00,Completed,2026-03-03 12:48:00,2026-03-06 19:48:00
3414,3414,3,2025-06-26 08:39:00,2025-06-29 12:39:00,2025-07-06 10:07:00,Completed,2025-06-26 08:39:00,2025-07-06 10:07:00
3415,3415,1,2025-10-02 08:28:00,2025-10-03 14:28:00,,Delivered,2025-10-02 08:28:00,2025-10-03 14:28:00
3416,3416,1,2026-05-05 09:56:00,2026-05-07 12:56:00,2026-05-07 16:36:00,Completed,2026-05-05 09:56:00,2026-05-07 16:36:00
3417,3417,5,2025-10-20 14:19:00,2025-10-22 16:19:00,2025-10-25 11:17:00,Completed,2025-10-20 14:19:00,2025-10-25 11:17:00
3418,3418,4,2025-07-10 12:23:00,2025-07-12 20:23:00,2025-07-15 15:13:00,Completed,2025-07-10 12:23:00,2025-07-15 15:13:00
3419,3419,3,2025-06-09 15:22:00,2025-06-11 15:22:00,2025-06-15 11:10:00,Completed,2025-06-09 15:22:00,2025-06-15 11:10:00
3420,3420,4,2025-11-20 08:24:00,2025-11-22 12:24:00,2025-11-21 15:51:00,Completed,2025-11-20 08:24:00,2025-11-22 12:24:00
3421,3421,1,2026-05-14 13:39:00,2026-05-16 18:39:00,2026-05-18 11:54:00,Completed,2026-05-14 13:39:00,2026-05-18 11:54:00
3422,3422,3,2025-08-14 15:34:00,2025-08-16 23:34:00,2025-08-17 14:09:00,Completed,2025-08-14 15:34:00,2025-08-17 14:09:00
3423,3423,4,2026-04-30 10:03:00,2026-05-02 15:03:00,2026-05-02 13:13:00,Completed,2026-04-30 10:03:00,2026-05-02 15:03:00
3424,3424,5,2025-10-28 12:45:00,2025-10-30 18:45:00,2025-11-15 16:56:00,Completed,2025-10-28 12:45:00,2025-11-15 16:56:00
3425,3425,2,2025-09-25 17:52:00,2025-09-28 20:52:00,2025-10-08 18:56:00,Completed,2025-09-25 17:52:00,2025-10-08 18:56:00
3426,3426,4,2025-12-14 09:24:00,2025-12-15 11:24:00,2025-12-26 17:36:00,Completed,2025-12-14 09:24:00,2025-12-26 17:36:00
3427,3427,1,2025-08-04 14:45:00,2025-08-06 17:45:00,2025-08-05 13:41:00,Completed,2025-08-04 14:45:00,2025-08-06 17:45:00
3428,3428,1,2025-09-30 11:21:00,2025-10-03 11:21:00,2025-10-06 12:32:00,Completed,2025-09-30 11:21:00,2025-10-06 12:32:00
3429,3429,1,2025-07-01 12:44:00,2025-07-02 15:44:00,2025-07-01 11:26:00,Completed,2025-07-01 12:44:00,2025-07-02 15:44:00
3430,3430,4,2026-05-13 14:42:00,2026-05-16 21:42:00,2026-05-22 15:14:00,Completed,2026-05-13 14:42:00,2026-05-22 15:14:00
3431,3431,3,2026-01-15 10:32:00,2026-01-18 15:32:00,2026-01-19 08:40:00,Completed,2026-01-15 10:32:00,2026-01-19 08:40:00
3432,3432,1,2025-07-07 12:09:00,2025-07-10 13:09:00,2025-07-31 16:18:00,Completed,2025-07-07 12:09:00,2025-07-31 16:18:00
3433,3433,3,2026-02-27 11:31:00,2026-02-28 14:31:00,2026-03-04 18:13:00,Completed,2026-02-27 11:31:00,2026-03-04 18:13:00
3434,3434,1,2025-12-14 17:14:00,2025-12-16 20:14:00,2025-12-21 13:10:00,Completed,2025-12-14 17:14:00,2025-12-21 13:10:00
3435,3435,2,2025-07-26 11:37:00,2025-07-28 12:37:00,2025-07-29 10:22:00,Completed,2025-07-26 11:37:00,2025-07-29 10:22:00
3436,3436,5,2025-06-11 11:13:00,2025-06-14 11:13:00,2025-06-22 12:45:00,Completed,2025-06-11 11:13:00,2025-06-22 12:45:00
3437,3437,5,2025-08-22 14:34:00,2025-08-24 20:34:00,,Delivered,2025-08-22 14:34:00,2025-08-24 20:34:00
3438,3438,4,2026-04-03 14:22:00,2026-04-05 15:22:00,2026-04-16 11:08:00,Completed,2026-04-03 14:22:00,2026-04-16 11:08:00
3439,3439,3,2026-01-07 18:43:00,2026-01-10 22:43:00,2026-01-29 13:29:00,Completed,2026-01-07 18:43:00,2026-01-29 13:29:00
3440,3440,1,2026-03-12 10:28:00,2026-03-15 11:28:00,2026-03-19 12:04:00,Completed,2026-03-12 10:28:00,2026-03-19 12:04:00
3441,3441,1,2025-10-15 10:26:00,2025-10-17 13:26:00,2025-10-23 09:31:00,Completed,2025-10-15 10:26:00,2025-10-23 09:31:00
3442,3442,1,2025-09-15 13:36:00,2025-09-16 20:36:00,2025-09-18 12:43:00,Completed,2025-09-15 13:36:00,2025-09-18 12:43:00
3443,3443,3,2025-12-03 10:30:00,2025-12-04 17:30:00,2025-12-19 14:41:00,Completed,2025-12-03 10:30:00,2025-12-19 14:41:00
3444,3444,5,2025-08-07 11:55:00,2025-08-09 19:55:00,2025-08-09 10:34:00,Completed,2025-08-07 11:55:00,2025-08-09 19:55:00
3445,3445,3,2025-09-06 18:35:00,2025-09-09 18:35:00,2025-09-06 11:38:00,Completed,2025-09-06 18:35:00,2025-09-09 18:35:00
3446,3446,4,2026-02-13 17:07:00,2026-02-14 21:07:00,2026-02-19 10:46:00,Completed,2026-02-13 17:07:00,2026-02-19 10:46:00
3447,3447,5,2025-09-28 15:01:00,2025-09-29 21:01:00,2025-09-30 18:30:00,Completed,2025-09-28 15:01:00,2025-09-30 18:30:00
3448,3448,1,2026-03-15 14:27:00,2026-03-16 15:27:00,2026-03-25 18:16:00,Completed,2026-03-15 14:27:00,2026-03-25 18:16:00
3449,3449,1,2025-08-24 11:21:00,2025-08-27 12:21:00,2025-08-30 08:10:00,Completed,2025-08-24 11:21:00,2025-08-30 08:10:00
3450,3450,4,2025-07-30 11:10:00,2025-08-02 18:10:00,2025-08-10 11:44:00,Completed,2025-07-30 11:10:00,2025-08-10 11:44:00
3451,3451,5,2025-06-25 16:21:00,2025-06-26 17:21:00,2025-06-25 09:24:00,Completed,2025-06-25 16:21:00,2025-06-26 17:21:00
3452,3452,1,2025-12-16 10:07:00,2025-12-18 17:07:00,2025-12-17 08:19:00,Completed,2025-12-16 10:07:00,2025-12-18 17:07:00
3453,3453,5,2025-06-20 16:49:00,2025-06-21 20:49:00,2025-06-25 08:30:00,Completed,2025-06-20 16:49:00,2025-06-25 08:30:00
3454,3454,2,2026-05-14 15:07:00,2026-05-16 17:07:00,2026-05-18 10:59:00,Completed,2026-05-14 15:07:00,2026-05-18 10:59:00
3455,3455,1,2025-10-05 11:00:00,2025-10-07 13:00:00,2025-10-07 17:48:00,Completed,2025-10-05 11:00:00,2025-10-07 17:48:00
3456,3456,5,2025-10-15 17:19:00,2025-10-17 01:19:00,2025-10-22 15:28:00,Completed,2025-10-15 17:19:00,2025-10-22 15:28:00
3457,3457,3,2026-04-10 08:17:00,2026-04-12 15:17:00,2026-04-13 15:35:00,Completed,2026-04-10 08:17:00,2026-04-13 15:35:00
3458,3458,3,2026-01-25 15:40:00,2026-01-26 18:40:00,2026-02-01 11:21:00,Completed,2026-01-25 15:40:00,2026-02-01 11:21:00
3459,3459,3,2025-11-25 12:30:00,2025-11-26 19:30:00,2025-11-29 08:44:00,Completed,2025-11-25 12:30:00,2025-11-29 08:44:00
3460,3460,2,2025-11-28 18:49:00,2025-12-01 00:49:00,2025-12-10 13:33:00,Completed,2025-11-28 18:49:00,2025-12-10 13:33:00
3461,3461,4,2025-11-08 15:56:00,2025-11-11 21:56:00,2025-11-08 09:57:00,Completed,2025-11-08 15:56:00,2025-11-11 21:56:00
3462,3462,5,2026-01-07 18:29:00,2026-01-10 21:29:00,2026-01-31 17:48:00,Completed,2026-01-07 18:29:00,2026-01-31 17:48:00
3463,3463,4,2026-03-10 09:27:00,2026-03-12 09:27:00,2026-03-28 18:09:00,Completed,2026-03-10 09:27:00,2026-03-28 18:09:00
3464,3464,5,2026-02-17 11:30:00,2026-02-18 19:30:00,2026-03-08 13:02:00,Completed,2026-02-17 11:30:00,2026-03-08 13:02:00
3465,3465,1,2025-07-30 08:02:00,2025-07-31 15:02:00,2025-08-02 17:19:00,Completed,2025-07-30 08:02:00,2025-08-02 17:19:00
3466,3466,3,2025-10-26 17:36:00,2025-10-28 17:36:00,2025-11-11 11:27:00,Completed,2025-10-26 17:36:00,2025-11-11 11:27:00
3467,3467,5,2026-01-09 08:32:00,2026-01-12 11:32:00,2026-01-23 10:55:00,Completed,2026-01-09 08:32:00,2026-01-23 10:55:00
3468,3468,2,2025-08-11 11:23:00,2025-08-12 19:23:00,2025-08-11 18:12:00,Completed,2025-08-11 11:23:00,2025-08-12 19:23:00
3469,3469,1,2025-08-09 10:28:00,2025-08-11 15:28:00,2025-08-31 13:44:00,Completed,2025-08-09 10:28:00,2025-08-31 13:44:00
3470,3470,2,2025-09-19 11:47:00,2025-09-21 17:47:00,2025-09-30 08:11:00,Completed,2025-09-19 11:47:00,2025-09-30 08:11:00
3471,3471,2,2026-03-09 16:51:00,2026-03-12 20:51:00,2026-03-16 17:32:00,Completed,2026-03-09 16:51:00,2026-03-16 17:32:00
3472,3472,1,2026-04-21 17:51:00,2026-04-23 22:51:00,2026-04-27 12:35:00,Completed,2026-04-21 17:51:00,2026-04-27 12:35:00
3473,3473,4,2026-02-17 17:33:00,2026-02-18 22:33:00,2026-02-24 15:54:00,Completed,2026-02-17 17:33:00,2026-02-24 15:54:00
3474,3474,4,2025-08-12 10:38:00,2025-08-14 11:38:00,2025-08-26 09:58:00,Completed,2025-08-12 10:38:00,2025-08-26 09:58:00
3475,3475,1,2026-02-22 15:24:00,2026-02-25 19:24:00,2026-02-26 16:15:00,Completed,2026-02-22 15:24:00,2026-02-26 16:15:00
3476,3476,2,2026-02-02 18:52:00,2026-02-03 21:52:00,2026-02-09 11:59:00,Completed,2026-02-02 18:52:00,2026-02-09 11:59:00
3477,3477,1,2025-10-30 17:34:00,2025-11-01 19:34:00,2025-10-30 13:27:00,Completed,2025-10-30 17:34:00,2025-11-01 19:34:00
3478,3478,4,2026-03-16 13:30:00,2026-03-18 16:30:00,2026-03-18 11:26:00,Completed,2026-03-16 13:30:00,2026-03-18 16:30:00
3479,3479,5,2026-03-22 17:07:00,2026-03-24 19:07:00,2026-04-01 17:08:00,Completed,2026-03-22 17:07:00,2026-04-01 17:08:00
3480,3480,1,2025-12-11 12:54:00,2025-12-12 15:54:00,2025-12-24 12:36:00,Completed,2025-12-11 12:54:00,2025-12-24 12:36:00
3481,3481,3,2025-10-29 10:18:00,2025-10-31 12:18:00,2025-11-03 13:46:00,Completed,2025-10-29 10:18:00,2025-11-03 13:46:00
3482,3482,1,2025-09-09 09:10:00,2025-09-12 12:10:00,2025-09-18 10:01:00,Completed,2025-09-09 09:10:00,2025-09-18 10:01:00
3483,3483,1,2026-05-04 15:39:00,2026-05-06 19:39:00,2026-05-26 11:00:00,Completed,2026-05-04 15:39:00,2026-05-26 11:00:00
3484,3484,5,2026-05-29 13:58:00,2026-05-31 17:58:00,2026-06-04 18:58:00,Completed,2026-05-29 13:58:00,2026-06-04 18:58:00
3485,3485,1,2025-12-03 17:13:00,2025-12-06 18:13:00,2025-12-10 13:19:00,Completed,2025-12-03 17:13:00,2025-12-10 13:19:00
3486,3486,5,2025-10-25 16:32:00,2025-10-26 23:32:00,2025-11-07 17:49:00,Completed,2025-10-25 16:32:00,2025-11-07 17:49:00
3487,3487,1,2025-09-19 16:17:00,2025-09-22 20:17:00,2025-09-23 11:28:00,Completed,2025-09-19 16:17:00,2025-09-23 11:28:00
3488,3488,5,2026-05-10 11:52:00,2026-05-12 19:52:00,2026-05-12 16:07:00,Completed,2026-05-10 11:52:00,2026-05-12 19:52:00
3489,3489,3,2026-05-01 14:38:00,2026-05-03 16:38:00,2026-05-03 12:19:00,Completed,2026-05-01 14:38:00,2026-05-03 16:38:00
3490,3490,3,2025-09-01 11:59:00,2025-09-02 15:59:00,2025-09-05 17:08:00,Completed,2025-09-01 11:59:00,2025-09-05 17:08:00
3491,3491,3,2025-12-30 13:22:00,2026-01-01 18:22:00,,Delivered,2025-12-30 13:22:00,2026-01-01 18:22:00
3492,3492,2,2026-01-18 15:16:00,2026-01-20 17:16:00,2026-01-25 08:58:00,Completed,2026-01-18 15:16:00,2026-01-25 08:58:00
3493,3493,2,2025-11-02 18:55:00,2025-11-04 22:55:00,2025-11-19 17:02:00,Completed,2025-11-02 18:55:00,2025-11-19 17:02:00
3494,3494,4,2025-09-11 15:48:00,2025-09-14 18:48:00,2025-09-19 09:48:00,Completed,2025-09-11 15:48:00,2025-09-19 09:48:00
3495,3495,3,2025-07-18 18:46:00,2025-07-19 22:46:00,2025-07-20 18:26:00,Completed,2025-07-18 18:46:00,2025-07-20 18:26:00
3496,3496,4,2026-04-22 11:45:00,2026-04-24 14:45:00,2026-04-24 17:57:00,Completed,2026-04-22 11:45:00,2026-04-24 17:57:00
3497,3497,5,2026-04-11 14:27:00,2026-04-13 20:27:00,2026-04-12 15:46:00,Completed,2026-04-11 14:27:00,2026-04-13 20:27:00
3498,3498,3,2025-08-16 18:17:00,2025-08-17 19:17:00,2025-08-24 10:26:00,Completed,2025-08-16 18:17:00,2025-08-24 10:26:00
3499,3499,3,2025-07-04 15:23:00,2025-07-05 22:23:00,2025-07-08 09:23:00,Completed,2025-07-04 15:23:00,2025-07-08 09:23:00
3500,3500,5,2025-11-04 09:52:00,2025-11-06 10:52:00,2025-11-07 18:02:00,Completed,2025-11-04 09:52:00,2025-11-07 18:02:00
3501,3501,5,2025-07-12 11:16:00,2025-07-13 18:16:00,2025-07-17 08:57:00,Completed,2025-07-12 11:16:00,2025-07-17 08:57:00
3502,3502,2,2025-08-24 14:22:00,2025-08-27 17:22:00,2025-08-26 14:08:00,Completed,2025-08-24 14:22:00,2025-08-27 17:22:00
3503,3503,1,2025-07-21 10:10:00,2025-07-22 13:10:00,2025-07-24 12:52:00,Completed,2025-07-21 10:10:00,2025-07-24 12:52:00
3504,3504,3,2025-09-18 15:48:00,2025-09-19 19:48:00,2025-09-19 08:08:00,Completed,2025-09-18 15:48:00,2025-09-19 19:48:00
3505,3505,1,2026-04-27 12:32:00,2026-04-29 19:32:00,2026-05-03 17:16:00,Completed,2026-04-27 12:32:00,2026-05-03 17:16:00
3506,3506,3,2025-11-10 12:14:00,2025-11-12 16:14:00,2025-11-11 09:03:00,Completed,2025-11-10 12:14:00,2025-11-12 16:14:00
3507,3507,1,2026-01-20 12:17:00,2026-01-22 13:17:00,2026-01-27 16:21:00,Completed,2026-01-20 12:17:00,2026-01-27 16:21:00
3508,3508,4,2026-01-07 17:45:00,2026-01-10 00:45:00,2026-01-07 09:15:00,Completed,2026-01-07 17:45:00,2026-01-10 00:45:00
3509,3509,1,2025-09-09 15:30:00,2025-09-10 18:30:00,,Delivered,2025-09-09 15:30:00,2025-09-10 18:30:00
3510,3510,2,2025-06-08 08:37:00,2025-06-11 12:37:00,2025-06-20 15:05:00,Completed,2025-06-08 08:37:00,2025-06-20 15:05:00
3511,3511,3,2026-03-28 09:35:00,2026-03-30 15:35:00,2026-04-07 08:16:00,Completed,2026-03-28 09:35:00,2026-04-07 08:16:00
3512,3512,5,2026-03-05 16:00:00,2026-03-06 17:00:00,2026-03-08 11:03:00,Completed,2026-03-05 16:00:00,2026-03-08 11:03:00
3513,3513,3,2026-01-03 17:20:00,2026-01-06 00:20:00,2026-01-24 16:15:00,Completed,2026-01-03 17:20:00,2026-01-24 16:15:00
3514,3514,5,2025-06-11 14:02:00,2025-06-14 18:02:00,2025-06-18 15:17:00,Completed,2025-06-11 14:02:00,2025-06-18 15:17:00
3515,3515,5,2025-09-14 14:27:00,2025-09-15 17:27:00,2025-10-08 17:45:00,Completed,2025-09-14 14:27:00,2025-10-08 17:45:00
3516,3516,3,2026-02-12 08:47:00,2026-02-14 15:47:00,2026-02-12 11:25:00,Completed,2026-02-12 08:47:00,2026-02-14 15:47:00
3517,3517,1,2025-08-11 10:03:00,2025-08-14 10:03:00,2025-08-12 16:02:00,Completed,2025-08-11 10:03:00,2025-08-14 10:03:00
3518,3518,3,2026-02-04 08:31:00,2026-02-06 11:31:00,2026-02-17 12:30:00,Completed,2026-02-04 08:31:00,2026-02-17 12:30:00
3519,3519,4,2025-10-03 18:12:00,2025-10-05 19:12:00,2025-10-04 10:53:00,Completed,2025-10-03 18:12:00,2025-10-05 19:12:00
3520,3520,1,2025-07-26 09:22:00,2025-07-28 12:22:00,,Delivered,2025-07-26 09:22:00,2025-07-28 12:22:00
3521,3521,2,2026-02-21 14:03:00,2026-02-24 19:03:00,2026-02-25 15:52:00,Completed,2026-02-21 14:03:00,2026-02-25 15:52:00
3522,3522,2,2025-09-05 10:53:00,2025-09-06 18:53:00,2025-09-05 11:57:00,Completed,2025-09-05 10:53:00,2025-09-06 18:53:00
3523,3523,1,2026-03-10 18:35:00,2026-03-12 02:35:00,2026-03-18 17:50:00,Completed,2026-03-10 18:35:00,2026-03-18 17:50:00
3524,3524,4,2026-01-16 18:47:00,2026-01-17 19:47:00,2026-01-19 15:13:00,Completed,2026-01-16 18:47:00,2026-01-19 15:13:00
3525,3525,3,2026-05-21 18:25:00,2026-05-23 00:25:00,2026-05-23 17:51:00,Completed,2026-05-21 18:25:00,2026-05-23 17:51:00
3526,3526,1,2026-02-20 08:40:00,2026-02-22 12:40:00,,Delivered,2026-02-20 08:40:00,2026-02-22 12:40:00
3527,3527,3,2026-02-17 14:19:00,2026-02-18 17:19:00,2026-03-13 08:46:00,Completed,2026-02-17 14:19:00,2026-03-13 08:46:00
3528,3528,1,2026-03-25 10:52:00,2026-03-27 14:52:00,2026-03-30 14:16:00,Completed,2026-03-25 10:52:00,2026-03-30 14:16:00
3529,3529,2,2026-04-08 16:44:00,2026-04-09 23:44:00,2026-04-09 16:16:00,Completed,2026-04-08 16:44:00,2026-04-09 23:44:00
3530,3530,4,2025-10-23 09:39:00,2025-10-24 10:39:00,2025-10-26 10:30:00,Completed,2025-10-23 09:39:00,2025-10-26 10:30:00
3531,3531,5,2025-08-20 17:28:00,2025-08-21 17:28:00,2025-08-29 11:13:00,Completed,2025-08-20 17:28:00,2025-08-29 11:13:00
3532,3532,3,2026-05-19 13:22:00,2026-05-22 20:22:00,2026-05-19 18:33:00,Completed,2026-05-19 13:22:00,2026-05-22 20:22:00
3533,3533,5,2025-11-30 15:22:00,2025-12-03 18:22:00,2025-12-03 17:06:00,Completed,2025-11-30 15:22:00,2025-12-03 18:22:00
3534,3534,3,2025-09-29 14:06:00,2025-10-02 22:06:00,2025-10-12 14:20:00,Completed,2025-09-29 14:06:00,2025-10-12 14:20:00
3535,3535,2,2025-07-08 10:31:00,2025-07-09 15:31:00,2025-07-12 13:46:00,Completed,2025-07-08 10:31:00,2025-07-12 13:46:00
3536,3536,3,2026-05-08 11:07:00,2026-05-11 13:07:00,2026-05-22 08:26:00,Completed,2026-05-08 11:07:00,2026-05-22 08:26:00
3537,3537,1,2026-04-03 08:14:00,2026-04-06 09:14:00,2026-04-04 15:59:00,Completed,2026-04-03 08:14:00,2026-04-06 09:14:00
3538,3538,3,2025-09-30 12:24:00,2025-10-01 15:24:00,2025-10-07 08:04:00,Completed,2025-09-30 12:24:00,2025-10-07 08:04:00
3539,3539,2,2026-04-30 18:06:00,2026-05-02 01:06:00,2026-05-04 10:27:00,Completed,2026-04-30 18:06:00,2026-05-04 10:27:00
3540,3540,3,2026-04-16 15:53:00,2026-04-18 21:53:00,2026-04-29 11:09:00,Completed,2026-04-16 15:53:00,2026-04-29 11:09:00
3541,3541,5,2026-04-29 12:26:00,2026-05-02 15:26:00,2026-05-06 14:47:00,Completed,2026-04-29 12:26:00,2026-05-06 14:47:00
3542,3542,5,2026-02-13 13:59:00,2026-02-16 20:59:00,2026-02-13 12:05:00,Completed,2026-02-13 13:59:00,2026-02-16 20:59:00
3543,3543,1,2026-03-17 11:36:00,2026-03-19 14:36:00,2026-03-28 13:56:00,Completed,2026-03-17 11:36:00,2026-03-28 13:56:00
3544,3544,3,2025-09-18 10:36:00,2025-09-20 12:36:00,2025-10-06 17:49:00,Completed,2025-09-18 10:36:00,2025-10-06 17:49:00
3545,3545,4,2026-03-03 10:34:00,2026-03-05 10:34:00,2026-03-10 12:48:00,Completed,2026-03-03 10:34:00,2026-03-10 12:48:00
3546,3546,3,2025-12-30 14:43:00,2025-12-31 17:43:00,2026-01-09 12:48:00,Completed,2025-12-30 14:43:00,2026-01-09 12:48:00
3547,3547,3,2025-11-07 18:38:00,2025-11-10 18:38:00,2025-11-08 14:47:00,Completed,2025-11-07 18:38:00,2025-11-10 18:38:00
3548,3548,1,2026-01-26 16:39:00,2026-01-27 16:39:00,2026-02-06 14:30:00,Completed,2026-01-26 16:39:00,2026-02-06 14:30:00
3549,3549,4,2026-02-13 10:04:00,2026-02-15 14:04:00,,Delivered,2026-02-13 10:04:00,2026-02-15 14:04:00
3550,3550,1,2026-02-17 17:23:00,2026-02-19 21:23:00,2026-02-17 10:01:00,Completed,2026-02-17 17:23:00,2026-02-19 21:23:00
3551,3551,3,2026-04-06 12:23:00,2026-04-08 15:23:00,2026-04-25 14:19:00,Completed,2026-04-06 12:23:00,2026-04-25 14:19:00
3552,3552,2,2026-03-05 18:05:00,2026-03-09 02:05:00,2026-03-06 18:44:00,Completed,2026-03-05 18:05:00,2026-03-09 02:05:00
3553,3553,5,2025-08-04 16:17:00,2025-08-06 23:17:00,2025-08-04 17:35:00,Completed,2025-08-04 16:17:00,2025-08-06 23:17:00
3554,3554,4,2025-06-23 18:16:00,2025-06-26 20:16:00,2025-07-01 14:25:00,Completed,2025-06-23 18:16:00,2025-07-01 14:25:00
3555,3555,5,2026-01-25 08:37:00,2026-01-27 12:37:00,2026-01-29 15:57:00,Completed,2026-01-25 08:37:00,2026-01-29 15:57:00
3556,3556,4,2025-07-11 18:27:00,2025-07-14 18:27:00,2025-07-11 10:51:00,Completed,2025-07-11 18:27:00,2025-07-14 18:27:00
3557,3557,3,2025-08-01 09:07:00,2025-08-03 11:07:00,2025-08-05 09:48:00,Completed,2025-08-01 09:07:00,2025-08-05 09:48:00
3558,3558,4,2025-10-04 11:15:00,2025-10-07 13:15:00,2025-10-12 12:15:00,Completed,2025-10-04 11:15:00,2025-10-12 12:15:00
3559,3559,3,2026-03-04 09:05:00,2026-03-06 14:05:00,2026-03-13 16:34:00,Completed,2026-03-04 09:05:00,2026-03-13 16:34:00
3560,3560,1,2025-09-06 15:57:00,2025-09-09 18:57:00,2025-09-15 13:02:00,Completed,2025-09-06 15:57:00,2025-09-15 13:02:00
3561,3561,4,2025-07-21 17:56:00,2025-07-23 00:56:00,2025-07-26 15:15:00,Completed,2025-07-21 17:56:00,2025-07-26 15:15:00
3562,3562,5,2026-05-01 13:52:00,2026-05-04 19:52:00,2026-05-04 08:23:00,Completed,2026-05-01 13:52:00,2026-05-04 19:52:00
3563,3563,3,2026-04-01 11:14:00,2026-04-02 12:14:00,2026-04-03 17:53:00,Completed,2026-04-01 11:14:00,2026-04-03 17:53:00
3564,3564,1,2026-03-26 10:55:00,2026-03-27 14:55:00,2026-04-05 11:48:00,Completed,2026-03-26 10:55:00,2026-04-05 11:48:00
3565,3565,4,2025-11-10 09:08:00,2025-11-11 10:08:00,2025-11-26 11:44:00,Completed,2025-11-10 09:08:00,2025-11-26 11:44:00
3566,3566,4,2025-07-12 13:15:00,2025-07-13 18:15:00,2025-07-14 16:04:00,Completed,2025-07-12 13:15:00,2025-07-14 16:04:00
3567,3567,1,2026-05-12 14:41:00,2026-05-14 15:41:00,2026-05-16 18:02:00,Completed,2026-05-12 14:41:00,2026-05-16 18:02:00
3568,3568,1,2025-12-03 15:08:00,2025-12-06 22:08:00,2025-12-10 10:35:00,Completed,2025-12-03 15:08:00,2025-12-10 10:35:00
3569,3569,4,2026-01-18 09:43:00,2026-01-20 13:43:00,2026-02-06 14:12:00,Completed,2026-01-18 09:43:00,2026-02-06 14:12:00
3570,3570,2,2025-11-11 11:57:00,2025-11-14 12:57:00,2025-11-14 11:04:00,Completed,2025-11-11 11:57:00,2025-11-14 12:57:00
3571,3571,5,2025-07-09 15:35:00,2025-07-10 18:35:00,2025-07-16 14:50:00,Completed,2025-07-09 15:35:00,2025-07-16 14:50:00
3572,3572,2,2025-06-29 16:21:00,2025-07-02 20:21:00,2025-07-08 11:44:00,Completed,2025-06-29 16:21:00,2025-07-08 11:44:00
3573,3573,4,2025-07-26 09:03:00,2025-07-29 09:03:00,2025-08-11 16:11:00,Completed,2025-07-26 09:03:00,2025-08-11 16:11:00
3574,3574,4,2025-07-05 13:07:00,2025-07-07 20:07:00,2025-07-10 08:26:00,Completed,2025-07-05 13:07:00,2025-07-10 08:26:00
3575,3575,3,2025-08-02 08:31:00,2025-08-04 10:31:00,2025-08-21 18:00:00,Completed,2025-08-02 08:31:00,2025-08-21 18:00:00
3576,3576,2,2026-03-30 11:42:00,2026-04-02 18:42:00,2026-04-06 16:46:00,Completed,2026-03-30 11:42:00,2026-04-06 16:46:00
3577,3577,2,2025-12-15 10:26:00,2025-12-18 13:26:00,2025-12-16 15:11:00,Completed,2025-12-15 10:26:00,2025-12-18 13:26:00
3578,3578,5,2025-12-24 08:57:00,2025-12-26 13:57:00,,Delivered,2025-12-24 08:57:00,2025-12-26 13:57:00
3579,3579,2,2025-11-25 11:12:00,2025-11-26 15:12:00,2025-12-01 10:43:00,Completed,2025-11-25 11:12:00,2025-12-01 10:43:00
3580,3580,2,2025-10-28 14:47:00,2025-10-30 16:47:00,2025-10-30 11:08:00,Completed,2025-10-28 14:47:00,2025-10-30 16:47:00
3581,3581,1,2025-12-07 18:05:00,2025-12-08 18:05:00,2025-12-16 11:32:00,Completed,2025-12-07 18:05:00,2025-12-16 11:32:00
3582,3582,3,2026-03-05 18:40:00,2026-03-07 00:40:00,2026-03-12 10:59:00,Completed,2026-03-05 18:40:00,2026-03-12 10:59:00
3583,3583,4,2025-09-04 11:57:00,2025-09-06 17:57:00,2025-09-06 09:20:00,Completed,2025-09-04 11:57:00,2025-09-06 17:57:00
3584,3584,4,2025-12-24 18:11:00,2025-12-27 00:11:00,2026-01-03 09:02:00,Completed,2025-12-24 18:11:00,2026-01-03 09:02:00
3585,3585,3,2025-08-23 16:05:00,2025-08-24 21:05:00,2025-08-24 13:55:00,Completed,2025-08-23 16:05:00,2025-08-24 21:05:00
3586,3586,5,2026-01-07 17:29:00,2026-01-10 23:29:00,2026-01-19 13:28:00,Completed,2026-01-07 17:29:00,2026-01-19 13:28:00
3587,3587,3,2026-03-13 10:25:00,2026-03-14 10:25:00,2026-03-17 14:34:00,Completed,2026-03-13 10:25:00,2026-03-17 14:34:00
3588,3588,2,2025-10-10 17:59:00,2025-10-13 18:59:00,2025-10-18 18:56:00,Completed,2025-10-10 17:59:00,2025-10-18 18:56:00
3589,3589,3,2026-05-25 10:04:00,2026-05-28 12:04:00,2026-06-04 17:20:00,Completed,2026-05-25 10:04:00,2026-06-04 17:20:00
3590,3590,3,2025-07-27 17:21:00,2025-07-30 20:21:00,2025-07-31 10:35:00,Completed,2025-07-27 17:21:00,2025-07-31 10:35:00
3591,3591,3,2026-05-05 14:06:00,2026-05-06 22:06:00,2026-05-08 13:44:00,Completed,2026-05-05 14:06:00,2026-05-08 13:44:00
3592,3592,3,2025-06-07 10:39:00,2025-06-10 16:39:00,2025-06-20 13:00:00,Completed,2025-06-07 10:39:00,2025-06-20 13:00:00
3593,3593,5,2025-12-12 17:15:00,2025-12-16 00:15:00,2025-12-14 09:28:00,Completed,2025-12-12 17:15:00,2025-12-16 00:15:00
3594,3594,3,2025-07-26 09:02:00,2025-07-28 09:02:00,2025-08-03 14:54:00,Completed,2025-07-26 09:02:00,2025-08-03 14:54:00
3595,3595,4,2026-01-27 15:46:00,2026-01-29 18:46:00,2026-01-29 14:52:00,Completed,2026-01-27 15:46:00,2026-01-29 18:46:00
3596,3596,1,2026-03-26 17:35:00,2026-03-29 23:35:00,2026-03-26 14:27:00,Completed,2026-03-26 17:35:00,2026-03-29 23:35:00
3597,3597,3,2026-04-28 14:24:00,2026-05-01 15:24:00,,Delivered,2026-04-28 14:24:00,2026-05-01 15:24:00
3598,3598,1,2026-01-09 10:05:00,2026-01-11 12:05:00,2026-01-13 18:10:00,Completed,2026-01-09 10:05:00,2026-01-13 18:10:00
3599,3599,1,2026-04-10 10:12:00,2026-04-12 12:12:00,2026-04-20 09:51:00,Completed,2026-04-10 10:12:00,2026-04-20 09:51:00
3600,3600,1,2026-02-18 14:30:00,2026-02-20 16:30:00,2026-02-24 14:50:00,Completed,2026-02-18 14:30:00,2026-02-24 14:50:00
3601,3601,5,2025-09-27 18:13:00,2025-09-29 18:13:00,2025-09-29 16:09:00,Completed,2025-09-27 18:13:00,2025-09-29 18:13:00
3602,3602,2,2026-04-25 16:09:00,2026-04-27 20:09:00,2026-04-26 10:08:00,Completed,2026-04-25 16:09:00,2026-04-27 20:09:00
3603,3603,4,2025-12-08 14:38:00,2025-12-09 16:38:00,2025-12-10 13:58:00,Completed,2025-12-08 14:38:00,2025-12-10 13:58:00
3604,3604,3,2025-10-06 17:59:00,2025-10-08 21:59:00,2025-10-15 09:46:00,Completed,2025-10-06 17:59:00,2025-10-15 09:46:00
3605,3605,2,2025-07-31 10:05:00,2025-08-03 11:05:00,2025-08-12 11:47:00,Completed,2025-07-31 10:05:00,2025-08-12 11:47:00
3606,3606,2,2026-05-23 12:47:00,2026-05-24 20:47:00,2026-05-31 12:07:00,Completed,2026-05-23 12:47:00,2026-05-31 12:07:00
3607,3607,1,2025-08-28 16:29:00,2025-08-31 20:29:00,2025-08-30 10:11:00,Completed,2025-08-28 16:29:00,2025-08-31 20:29:00
3608,3608,4,2025-08-20 09:07:00,2025-08-21 11:07:00,2025-08-21 10:48:00,Completed,2025-08-20 09:07:00,2025-08-21 11:07:00
3609,3609,1,2025-12-24 16:05:00,2025-12-25 16:05:00,,Delivered,2025-12-24 16:05:00,2025-12-25 16:05:00
3610,3610,2,2025-12-28 13:32:00,2025-12-31 19:32:00,2026-01-06 17:18:00,Completed,2025-12-28 13:32:00,2026-01-06 17:18:00
3611,3611,4,2025-09-01 15:47:00,2025-09-04 23:47:00,2025-09-05 15:03:00,Completed,2025-09-01 15:47:00,2025-09-05 15:03:00
3612,3612,4,2026-01-13 09:24:00,2026-01-16 14:24:00,2026-01-26 11:18:00,Completed,2026-01-13 09:24:00,2026-01-26 11:18:00
3613,3613,4,2026-05-01 18:50:00,2026-05-05 01:50:00,2026-05-23 18:04:00,Completed,2026-05-01 18:50:00,2026-05-23 18:04:00
3614,3614,5,2025-12-09 10:02:00,2025-12-12 16:02:00,2025-12-15 17:48:00,Completed,2025-12-09 10:02:00,2025-12-15 17:48:00
3615,3615,2,2026-01-26 09:41:00,2026-01-29 15:41:00,2026-01-31 13:17:00,Completed,2026-01-26 09:41:00,2026-01-31 13:17:00
3616,3616,5,2025-11-02 13:30:00,2025-11-03 14:30:00,2025-11-07 14:36:00,Completed,2025-11-02 13:30:00,2025-11-07 14:36:00
3617,3617,4,2025-07-10 09:36:00,2025-07-13 11:36:00,2025-07-17 14:49:00,Completed,2025-07-10 09:36:00,2025-07-17 14:49:00
3618,3618,2,2026-02-21 17:41:00,2026-02-23 01:41:00,2026-02-27 14:08:00,Completed,2026-02-21 17:41:00,2026-02-27 14:08:00
3619,3619,2,2026-04-22 08:25:00,2026-04-24 11:25:00,2026-05-08 09:55:00,Completed,2026-04-22 08:25:00,2026-05-08 09:55:00
3620,3620,4,2025-12-02 08:35:00,2025-12-05 12:35:00,2025-12-08 12:36:00,Completed,2025-12-02 08:35:00,2025-12-08 12:36:00
3621,3621,2,2025-07-21 14:33:00,2025-07-23 21:33:00,2025-08-03 17:32:00,Completed,2025-07-21 14:33:00,2025-08-03 17:32:00
3622,3622,4,2025-08-28 13:33:00,2025-08-30 17:33:00,2025-08-28 13:56:00,Completed,2025-08-28 13:33:00,2025-08-30 17:33:00
3623,3623,5,2026-01-02 14:42:00,2026-01-04 14:42:00,2026-01-09 09:34:00,Completed,2026-01-02 14:42:00,2026-01-09 09:34:00
3624,3624,2,2025-09-12 18:45:00,2025-09-14 01:45:00,,Delivered,2025-09-12 18:45:00,2025-09-14 01:45:00
3625,3625,1,2025-10-25 08:34:00,2025-10-27 14:34:00,2025-11-08 18:46:00,Completed,2025-10-25 08:34:00,2025-11-08 18:46:00
3626,3626,3,2026-04-07 15:09:00,2026-04-09 23:09:00,2026-04-17 17:42:00,Completed,2026-04-07 15:09:00,2026-04-17 17:42:00
3627,3627,1,2026-04-05 17:07:00,2026-04-07 21:07:00,2026-04-11 10:14:00,Completed,2026-04-05 17:07:00,2026-04-11 10:14:00
3628,3628,2,2026-03-05 12:24:00,2026-03-07 13:24:00,2026-03-08 10:46:00,Completed,2026-03-05 12:24:00,2026-03-08 10:46:00
3629,3629,5,2026-02-18 17:56:00,2026-02-20 01:56:00,2026-02-22 16:32:00,Completed,2026-02-18 17:56:00,2026-02-22 16:32:00
3630,3630,5,2025-10-30 12:49:00,2025-10-31 15:49:00,2025-11-03 17:23:00,Completed,2025-10-30 12:49:00,2025-11-03 17:23:00
3631,3631,1,2025-09-16 10:07:00,2025-09-19 17:07:00,2025-09-17 17:14:00,Completed,2025-09-16 10:07:00,2025-09-19 17:07:00
3632,3632,3,2026-04-16 08:54:00,2026-04-19 14:54:00,2026-04-17 12:32:00,Completed,2026-04-16 08:54:00,2026-04-19 14:54:00
3633,3633,1,2025-08-15 16:25:00,2025-08-17 22:25:00,2025-08-15 09:30:00,Completed,2025-08-15 16:25:00,2025-08-17 22:25:00
3634,3634,2,2026-04-03 13:12:00,2026-04-06 16:12:00,2026-04-10 18:05:00,Completed,2026-04-03 13:12:00,2026-04-10 18:05:00
3635,3635,4,2025-08-16 18:17:00,2025-08-19 23:17:00,2025-08-23 18:05:00,Completed,2025-08-16 18:17:00,2025-08-23 18:05:00
3636,3636,1,2025-06-24 14:43:00,2025-06-26 19:43:00,2025-06-25 17:42:00,Completed,2025-06-24 14:43:00,2025-06-26 19:43:00
3637,3637,4,2026-01-25 09:38:00,2026-01-26 16:38:00,2026-01-29 17:56:00,Completed,2026-01-25 09:38:00,2026-01-29 17:56:00
3638,3638,5,2025-09-27 17:13:00,2025-09-30 22:13:00,2025-09-29 08:39:00,Completed,2025-09-27 17:13:00,2025-09-30 22:13:00
3639,3639,5,2025-07-01 18:31:00,2025-07-02 18:31:00,2025-07-10 15:26:00,Completed,2025-07-01 18:31:00,2025-07-10 15:26:00
3640,3640,4,2025-09-19 16:56:00,2025-09-20 23:56:00,,Delivered,2025-09-19 16:56:00,2025-09-20 23:56:00
3641,3641,4,2025-09-21 11:58:00,2025-09-23 18:58:00,,Delivered,2025-09-21 11:58:00,2025-09-23 18:58:00
3642,3642,2,2026-04-03 10:50:00,2026-04-06 12:50:00,2026-04-07 10:05:00,Completed,2026-04-03 10:50:00,2026-04-07 10:05:00
3643,3643,2,2026-02-15 12:43:00,2026-02-17 13:43:00,,Delivered,2026-02-15 12:43:00,2026-02-17 13:43:00
3644,3644,3,2026-02-23 11:52:00,2026-02-26 18:52:00,2026-02-28 13:03:00,Completed,2026-02-23 11:52:00,2026-02-28 13:03:00
3645,3645,5,2026-01-23 08:58:00,2026-01-25 09:58:00,2026-01-29 15:53:00,Completed,2026-01-23 08:58:00,2026-01-29 15:53:00
3646,3646,3,2025-12-21 15:16:00,2025-12-23 19:16:00,2025-12-25 16:37:00,Completed,2025-12-21 15:16:00,2025-12-25 16:37:00
3647,3647,5,2026-05-27 16:27:00,2026-05-29 17:27:00,2026-05-29 18:17:00,Completed,2026-05-27 16:27:00,2026-05-29 18:17:00
3648,3648,2,2025-10-23 08:01:00,2025-10-24 13:01:00,2025-10-27 09:20:00,Completed,2025-10-23 08:01:00,2025-10-27 09:20:00
3649,3649,4,2026-02-20 12:20:00,2026-02-21 16:20:00,2026-02-25 16:18:00,Completed,2026-02-20 12:20:00,2026-02-25 16:18:00
3650,3650,3,2025-09-15 16:52:00,2025-09-16 16:52:00,2025-09-20 17:10:00,Completed,2025-09-15 16:52:00,2025-09-20 17:10:00
3651,3651,2,2026-02-12 18:42:00,2026-02-14 20:42:00,2026-02-22 17:46:00,Completed,2026-02-12 18:42:00,2026-02-22 17:46:00
3652,3652,2,2025-12-18 10:13:00,2025-12-19 11:13:00,2025-12-22 10:24:00,Completed,2025-12-18 10:13:00,2025-12-22 10:24:00
3653,3653,4,2026-05-15 18:57:00,2026-05-18 23:57:00,2026-05-22 18:34:00,Completed,2026-05-15 18:57:00,2026-05-22 18:34:00
3654,3654,5,2026-03-06 13:19:00,2026-03-08 13:19:00,2026-03-14 14:12:00,Completed,2026-03-06 13:19:00,2026-03-14 14:12:00
3655,3655,2,2026-02-17 16:14:00,2026-02-18 21:14:00,2026-02-20 17:09:00,Completed,2026-02-17 16:14:00,2026-02-20 17:09:00
3656,3656,3,2026-04-14 17:55:00,2026-04-16 17:55:00,2026-04-20 14:54:00,Completed,2026-04-14 17:55:00,2026-04-20 14:54:00
3657,3657,1,2026-04-05 09:37:00,2026-04-06 16:37:00,2026-04-12 14:42:00,Completed,2026-04-05 09:37:00,2026-04-12 14:42:00
3658,3658,5,2025-10-12 18:33:00,2025-10-14 21:33:00,2025-10-24 10:29:00,Completed,2025-10-12 18:33:00,2025-10-24 10:29:00
3659,3659,3,2026-03-01 11:51:00,2026-03-04 19:51:00,2026-03-09 15:07:00,Completed,2026-03-01 11:51:00,2026-03-09 15:07:00
3660,3660,5,2026-05-20 13:38:00,2026-05-21 18:38:00,2026-05-29 12:35:00,Completed,2026-05-20 13:38:00,2026-05-29 12:35:00
3661,3661,4,2025-12-22 08:36:00,2025-12-23 14:36:00,2025-12-28 15:55:00,Completed,2025-12-22 08:36:00,2025-12-28 15:55:00
3662,3662,1,2026-02-19 14:56:00,2026-02-22 17:56:00,2026-02-25 17:44:00,Completed,2026-02-19 14:56:00,2026-02-25 17:44:00
3663,3663,4,2025-09-28 11:20:00,2025-09-30 12:20:00,2025-10-03 15:52:00,Completed,2025-09-28 11:20:00,2025-10-03 15:52:00
3664,3664,4,2026-01-06 18:41:00,2026-01-08 00:41:00,2026-01-06 09:13:00,Completed,2026-01-06 18:41:00,2026-01-08 00:41:00
3665,3665,1,2026-03-13 18:35:00,2026-03-14 19:35:00,2026-03-22 14:38:00,Completed,2026-03-13 18:35:00,2026-03-22 14:38:00
3666,3666,4,2025-09-26 08:48:00,2025-09-29 14:48:00,2025-10-19 15:46:00,Completed,2025-09-26 08:48:00,2025-10-19 15:46:00
3667,3667,3,2025-09-03 16:31:00,2025-09-06 18:31:00,2025-09-09 12:48:00,Completed,2025-09-03 16:31:00,2025-09-09 12:48:00
3668,3668,3,2025-12-01 09:43:00,2025-12-04 12:43:00,2025-12-10 17:23:00,Completed,2025-12-01 09:43:00,2025-12-10 17:23:00
3669,3669,1,2025-07-22 09:06:00,2025-07-25 13:06:00,,Delivered,2025-07-22 09:06:00,2025-07-25 13:06:00
3670,3670,1,2026-04-23 10:26:00,2026-04-25 11:26:00,2026-05-01 11:07:00,Completed,2026-04-23 10:26:00,2026-05-01 11:07:00
3671,3671,2,2026-05-16 17:18:00,2026-05-17 19:18:00,2026-05-31 10:50:00,Completed,2026-05-16 17:18:00,2026-05-31 10:50:00
3672,3672,4,2025-07-20 12:46:00,2025-07-23 17:46:00,2025-07-27 14:57:00,Completed,2025-07-20 12:46:00,2025-07-27 14:57:00
3673,3673,5,2025-12-12 17:02:00,2025-12-16 00:02:00,2025-12-14 12:48:00,Completed,2025-12-12 17:02:00,2025-12-16 00:02:00
3674,3674,2,2025-09-10 17:38:00,2025-09-13 18:38:00,2025-09-14 08:58:00,Completed,2025-09-10 17:38:00,2025-09-14 08:58:00
3675,3675,1,2026-03-21 18:54:00,2026-03-24 00:54:00,2026-04-08 16:03:00,Completed,2026-03-21 18:54:00,2026-04-08 16:03:00
3676,3676,5,2026-02-13 10:22:00,2026-02-15 17:22:00,2026-02-19 10:34:00,Completed,2026-02-13 10:22:00,2026-02-19 10:34:00
3677,3677,4,2025-06-18 11:37:00,2025-06-19 12:37:00,,Delivered,2025-06-18 11:37:00,2025-06-19 12:37:00
3678,3678,1,2026-01-30 11:48:00,2026-01-31 15:48:00,2026-02-04 09:40:00,Completed,2026-01-30 11:48:00,2026-02-04 09:40:00
3679,3679,2,2025-06-08 09:37:00,2025-06-10 11:37:00,2025-06-15 18:28:00,Completed,2025-06-08 09:37:00,2025-06-15 18:28:00
3680,3680,4,2026-02-28 18:45:00,2026-03-02 20:45:00,2026-03-09 11:15:00,Completed,2026-02-28 18:45:00,2026-03-09 11:15:00
3681,3681,1,2026-04-30 13:08:00,2026-05-03 16:08:00,2026-05-09 16:35:00,Completed,2026-04-30 13:08:00,2026-05-09 16:35:00
3682,3682,2,2025-12-12 10:03:00,2025-12-14 13:03:00,2025-12-21 12:10:00,Completed,2025-12-12 10:03:00,2025-12-21 12:10:00
3683,3683,2,2025-06-17 18:33:00,2025-06-20 23:33:00,2025-06-21 10:13:00,Completed,2025-06-17 18:33:00,2025-06-21 10:13:00
3684,3684,3,2026-04-26 16:06:00,2026-04-30 00:06:00,2026-05-09 13:26:00,Completed,2026-04-26 16:06:00,2026-05-09 13:26:00
3685,3685,1,2025-12-22 14:29:00,2025-12-25 14:29:00,2026-01-01 17:20:00,Completed,2025-12-22 14:29:00,2026-01-01 17:20:00
3686,3686,5,2025-07-24 16:54:00,2025-07-26 16:54:00,2025-07-31 11:18:00,Completed,2025-07-24 16:54:00,2025-07-31 11:18:00
3687,3687,5,2026-04-16 18:13:00,2026-04-19 00:13:00,2026-05-01 08:28:00,Completed,2026-04-16 18:13:00,2026-05-01 08:28:00
3688,3688,3,2025-09-27 11:37:00,2025-09-29 14:37:00,2025-10-17 15:13:00,Completed,2025-09-27 11:37:00,2025-10-17 15:13:00
3689,3689,3,2025-07-01 15:13:00,2025-07-03 15:13:00,2025-07-16 08:37:00,Completed,2025-07-01 15:13:00,2025-07-16 08:37:00
3690,3690,3,2025-07-27 11:15:00,2025-07-29 16:15:00,2025-07-27 10:54:00,Completed,2025-07-27 11:15:00,2025-07-29 16:15:00
3691,3691,5,2025-07-31 08:07:00,2025-08-01 12:07:00,2025-08-10 11:28:00,Completed,2025-07-31 08:07:00,2025-08-10 11:28:00
3692,3692,2,2026-03-19 18:12:00,2026-03-20 21:12:00,2026-03-31 14:32:00,Completed,2026-03-19 18:12:00,2026-03-31 14:32:00
3693,3693,5,2026-03-02 17:30:00,2026-03-05 19:30:00,2026-03-05 10:32:00,Completed,2026-03-02 17:30:00,2026-03-05 19:30:00
3694,3694,3,2025-11-11 17:19:00,2025-11-13 22:19:00,2025-11-14 12:46:00,Completed,2025-11-11 17:19:00,2025-11-14 12:46:00
3695,3695,4,2026-03-02 08:22:00,2026-03-03 08:22:00,2026-03-09 11:47:00,Completed,2026-03-02 08:22:00,2026-03-09 11:47:00
3696,3696,5,2026-01-21 09:45:00,2026-01-23 11:45:00,2026-01-27 09:39:00,Completed,2026-01-21 09:45:00,2026-01-27 09:39:00
3697,3697,2,2026-05-21 17:59:00,2026-05-24 00:59:00,2026-05-26 10:05:00,Completed,2026-05-21 17:59:00,2026-05-26 10:05:00
3698,3698,3,2025-12-24 14:28:00,2025-12-26 19:28:00,2026-01-07 17:13:00,Completed,2025-12-24 14:28:00,2026-01-07 17:13:00
3699,3699,3,2026-02-01 10:26:00,2026-02-03 10:26:00,2026-02-10 15:51:00,Completed,2026-02-01 10:26:00,2026-02-10 15:51:00
3700,3700,2,2026-05-28 16:30:00,2026-05-29 22:30:00,2026-06-11 14:37:00,Completed,2026-05-28 16:30:00,2026-06-11 14:37:00
3701,3701,4,2025-08-25 11:54:00,2025-08-28 17:54:00,2025-08-28 13:58:00,Completed,2025-08-25 11:54:00,2025-08-28 17:54:00
3702,3702,2,2025-06-09 11:57:00,2025-06-10 11:57:00,2025-06-15 08:55:00,Completed,2025-06-09 11:57:00,2025-06-15 08:55:00
3703,3703,4,2025-11-07 08:28:00,2025-11-09 16:28:00,2025-11-15 11:00:00,Completed,2025-11-07 08:28:00,2025-11-15 11:00:00
3704,3704,5,2025-08-18 11:55:00,2025-08-20 16:55:00,2025-08-23 16:01:00,Completed,2025-08-18 11:55:00,2025-08-23 16:01:00
3705,3705,3,2025-07-16 18:04:00,2025-07-17 20:04:00,2025-07-29 14:32:00,Completed,2025-07-16 18:04:00,2025-07-29 14:32:00
3706,3706,3,2025-10-26 08:21:00,2025-10-28 14:21:00,2025-10-29 15:37:00,Completed,2025-10-26 08:21:00,2025-10-29 15:37:00
3707,3707,5,2026-03-04 12:42:00,2026-03-05 17:42:00,2026-03-18 11:23:00,Completed,2026-03-04 12:42:00,2026-03-18 11:23:00
3708,3708,4,2026-02-27 15:02:00,2026-03-02 23:02:00,2026-03-03 09:02:00,Completed,2026-02-27 15:02:00,2026-03-03 09:02:00
3709,3709,3,2026-01-22 18:01:00,2026-01-23 18:01:00,2026-01-27 13:55:00,Completed,2026-01-22 18:01:00,2026-01-27 13:55:00
3710,3710,5,2026-01-18 14:50:00,2026-01-20 20:50:00,2026-02-10 18:35:00,Completed,2026-01-18 14:50:00,2026-02-10 18:35:00
3711,3711,3,2026-02-03 08:34:00,2026-02-04 11:34:00,2026-02-18 13:52:00,Completed,2026-02-03 08:34:00,2026-02-18 13:52:00
3712,3712,2,2025-07-23 11:01:00,2025-07-26 17:01:00,2025-08-03 18:12:00,Completed,2025-07-23 11:01:00,2025-08-03 18:12:00
3713,3713,3,2025-12-06 12:11:00,2025-12-08 16:11:00,2025-12-13 08:42:00,Completed,2025-12-06 12:11:00,2025-12-13 08:42:00
3714,3714,5,2025-06-10 12:55:00,2025-06-13 20:55:00,2025-06-18 15:56:00,Completed,2025-06-10 12:55:00,2025-06-18 15:56:00
3715,3715,4,2026-04-11 09:29:00,2026-04-12 11:29:00,2026-04-17 16:34:00,Completed,2026-04-11 09:29:00,2026-04-17 16:34:00
3716,3716,2,2026-02-28 18:42:00,2026-03-01 20:42:00,2026-03-04 18:48:00,Completed,2026-02-28 18:42:00,2026-03-04 18:48:00
3717,3717,3,2026-02-06 13:14:00,2026-02-07 20:14:00,2026-03-01 17:54:00,Completed,2026-02-06 13:14:00,2026-03-01 17:54:00
3718,3718,2,2025-12-12 10:48:00,2025-12-15 10:48:00,2025-12-21 12:49:00,Completed,2025-12-12 10:48:00,2025-12-21 12:49:00
3719,3719,3,2025-06-09 10:27:00,2025-06-11 17:27:00,2025-06-13 13:57:00,Completed,2025-06-09 10:27:00,2025-06-13 13:57:00
3720,3720,2,2026-05-15 11:32:00,2026-05-18 13:32:00,2026-05-28 14:29:00,Completed,2026-05-15 11:32:00,2026-05-28 14:29:00
3721,3721,1,2025-11-21 10:14:00,2025-11-24 12:14:00,2025-11-26 10:42:00,Completed,2025-11-21 10:14:00,2025-11-26 10:42:00
3722,3722,3,2026-05-18 10:01:00,2026-05-20 15:01:00,2026-05-26 15:33:00,Completed,2026-05-18 10:01:00,2026-05-26 15:33:00
3723,3723,1,2025-10-25 12:36:00,2025-10-26 20:36:00,2025-10-30 16:09:00,Completed,2025-10-25 12:36:00,2025-10-30 16:09:00
3724,3724,3,2026-02-21 17:32:00,2026-02-23 17:32:00,2026-02-25 14:51:00,Completed,2026-02-21 17:32:00,2026-02-25 14:51:00
3725,3725,1,2025-07-18 11:05:00,2025-07-19 14:05:00,2025-07-29 14:57:00,Completed,2025-07-18 11:05:00,2025-07-29 14:57:00
3726,3726,5,2026-03-24 10:56:00,2026-03-27 13:56:00,2026-03-29 10:21:00,Completed,2026-03-24 10:56:00,2026-03-29 10:21:00
3727,3727,1,2025-12-31 11:56:00,2026-01-01 11:56:00,,Delivered,2025-12-31 11:56:00,2026-01-01 11:56:00
3728,3728,3,2026-02-17 15:47:00,2026-02-20 17:47:00,2026-02-19 18:11:00,Completed,2026-02-17 15:47:00,2026-02-20 17:47:00
3729,3729,3,2026-01-20 18:54:00,2026-01-23 01:54:00,2026-01-20 15:19:00,Completed,2026-01-20 18:54:00,2026-01-23 01:54:00
3730,3730,3,2025-11-23 10:13:00,2025-11-25 15:13:00,2025-12-06 12:33:00,Completed,2025-11-23 10:13:00,2025-12-06 12:33:00
3731,3731,5,2026-02-26 10:31:00,2026-02-28 18:31:00,2026-03-08 16:02:00,Completed,2026-02-26 10:31:00,2026-03-08 16:02:00
3732,3732,3,2025-09-26 08:35:00,2025-09-27 10:35:00,2025-10-05 12:03:00,Completed,2025-09-26 08:35:00,2025-10-05 12:03:00
3733,3733,1,2026-05-12 18:51:00,2026-05-13 21:51:00,2026-05-28 12:57:00,Completed,2026-05-12 18:51:00,2026-05-28 12:57:00
3734,3734,5,2025-11-15 14:49:00,2025-11-16 21:49:00,2025-11-27 08:06:00,Completed,2025-11-15 14:49:00,2025-11-27 08:06:00
3735,3735,3,2026-05-23 12:00:00,2026-05-26 15:00:00,2026-06-03 18:57:00,Completed,2026-05-23 12:00:00,2026-06-03 18:57:00
3736,3736,3,2025-08-10 18:28:00,2025-08-13 01:28:00,,Delivered,2025-08-10 18:28:00,2025-08-13 01:28:00
3737,3737,1,2025-10-22 11:11:00,2025-10-25 18:11:00,2025-10-22 11:30:00,Completed,2025-10-22 11:11:00,2025-10-25 18:11:00
3738,3738,3,2026-03-22 10:30:00,2026-03-24 11:30:00,2026-03-30 14:16:00,Completed,2026-03-22 10:30:00,2026-03-30 14:16:00
3739,3739,2,2026-02-15 14:31:00,2026-02-17 16:31:00,2026-02-18 11:45:00,Completed,2026-02-15 14:31:00,2026-02-18 11:45:00
3740,3740,1,2025-10-05 12:10:00,2025-10-06 19:10:00,2025-10-18 15:23:00,Completed,2025-10-05 12:10:00,2025-10-18 15:23:00
3741,3741,1,2025-07-09 09:02:00,2025-07-10 17:02:00,2025-07-25 16:45:00,Completed,2025-07-09 09:02:00,2025-07-25 16:45:00
3742,3742,2,2025-06-13 12:31:00,2025-06-16 19:31:00,2025-06-18 12:13:00,Completed,2025-06-13 12:31:00,2025-06-18 12:13:00
3743,3743,3,2026-01-10 18:53:00,2026-01-13 22:53:00,2026-01-22 13:48:00,Completed,2026-01-10 18:53:00,2026-01-22 13:48:00
3744,3744,5,2026-01-31 13:11:00,2026-02-03 21:11:00,2026-02-06 10:02:00,Completed,2026-01-31 13:11:00,2026-02-06 10:02:00
3745,3745,2,2025-12-27 13:41:00,2025-12-30 14:41:00,2025-12-28 18:06:00,Completed,2025-12-27 13:41:00,2025-12-30 14:41:00
3746,3746,3,2026-04-17 15:38:00,2026-04-19 20:38:00,2026-04-22 09:41:00,Completed,2026-04-17 15:38:00,2026-04-22 09:41:00
3747,3747,2,2025-06-19 10:10:00,2025-06-22 16:10:00,2025-06-20 08:16:00,Completed,2025-06-19 10:10:00,2025-06-22 16:10:00
3748,3748,1,2026-01-14 09:28:00,2026-01-16 14:28:00,2026-01-24 09:54:00,Completed,2026-01-14 09:28:00,2026-01-24 09:54:00
3749,3749,1,2025-07-19 18:39:00,2025-07-20 19:39:00,2025-07-19 13:11:00,Completed,2025-07-19 18:39:00,2025-07-20 19:39:00
3750,3750,5,2026-04-18 18:38:00,2026-04-20 22:38:00,2026-04-22 08:03:00,Completed,2026-04-18 18:38:00,2026-04-22 08:03:00
3751,3751,2,2025-08-28 16:37:00,2025-08-30 17:37:00,2025-09-06 12:15:00,Completed,2025-08-28 16:37:00,2025-09-06 12:15:00
3752,3752,1,2026-04-05 15:47:00,2026-04-08 15:47:00,2026-04-16 18:44:00,Completed,2026-04-05 15:47:00,2026-04-16 18:44:00
3753,3753,4,2025-07-22 18:00:00,2025-07-25 01:00:00,2025-08-06 09:19:00,Completed,2025-07-22 18:00:00,2025-08-06 09:19:00
3754,3754,3,2025-10-16 14:13:00,2025-10-19 14:13:00,2025-10-26 13:40:00,Completed,2025-10-16 14:13:00,2025-10-26 13:40:00
3755,3755,4,2025-09-29 11:25:00,2025-09-30 15:25:00,2025-10-07 16:39:00,Completed,2025-09-29 11:25:00,2025-10-07 16:39:00
3756,3756,2,2025-10-17 14:14:00,2025-10-20 18:14:00,,Delivered,2025-10-17 14:14:00,2025-10-20 18:14:00
3757,3757,3,2025-10-24 14:33:00,2025-10-27 20:33:00,2025-10-29 14:21:00,Completed,2025-10-24 14:33:00,2025-10-29 14:21:00
3758,3758,5,2026-04-27 13:40:00,2026-04-28 15:40:00,2026-05-07 17:01:00,Completed,2026-04-27 13:40:00,2026-05-07 17:01:00
3759,3759,2,2025-08-12 11:18:00,2025-08-15 18:18:00,2025-08-14 13:14:00,Completed,2025-08-12 11:18:00,2025-08-15 18:18:00
3760,3760,1,2025-06-24 17:52:00,2025-06-27 20:52:00,2025-07-01 14:50:00,Completed,2025-06-24 17:52:00,2025-07-01 14:50:00
3761,3761,1,2025-10-17 11:31:00,2025-10-19 17:31:00,2025-10-22 14:55:00,Completed,2025-10-17 11:31:00,2025-10-22 14:55:00
3762,3762,3,2026-04-10 17:35:00,2026-04-12 18:35:00,2026-04-10 18:26:00,Completed,2026-04-10 17:35:00,2026-04-12 18:35:00
3763,3763,1,2026-03-29 10:30:00,2026-04-01 18:30:00,2026-04-07 17:00:00,Completed,2026-03-29 10:30:00,2026-04-07 17:00:00
3764,3764,2,2025-06-29 08:16:00,2025-07-01 13:16:00,2025-07-09 11:23:00,Completed,2025-06-29 08:16:00,2025-07-09 11:23:00
3765,3765,1,2025-06-17 11:24:00,2025-06-19 18:24:00,2025-06-30 14:47:00,Completed,2025-06-17 11:24:00,2025-06-30 14:47:00
3766,3766,4,2026-04-21 17:16:00,2026-04-22 22:16:00,2026-05-06 11:06:00,Completed,2026-04-21 17:16:00,2026-05-06 11:06:00
3767,3767,2,2025-09-25 09:53:00,2025-09-27 17:53:00,2025-09-29 10:56:00,Completed,2025-09-25 09:53:00,2025-09-29 10:56:00
3768,3768,2,2026-03-13 09:17:00,2026-03-14 12:17:00,2026-03-15 18:31:00,Completed,2026-03-13 09:17:00,2026-03-15 18:31:00
3769,3769,1,2025-11-01 17:08:00,2025-11-04 00:08:00,2025-11-11 08:45:00,Completed,2025-11-01 17:08:00,2025-11-11 08:45:00
3770,3770,4,2025-08-18 09:36:00,2025-08-20 17:36:00,2025-08-24 09:21:00,Completed,2025-08-18 09:36:00,2025-08-24 09:21:00
3771,3771,5,2025-09-25 18:07:00,2025-09-28 00:07:00,2025-09-30 11:45:00,Completed,2025-09-25 18:07:00,2025-09-30 11:45:00
3772,3772,2,2026-03-21 08:40:00,2026-03-22 13:40:00,2026-03-23 18:49:00,Completed,2026-03-21 08:40:00,2026-03-23 18:49:00
3773,3773,4,2025-12-20 18:23:00,2025-12-21 20:23:00,2025-12-23 13:51:00,Completed,2025-12-20 18:23:00,2025-12-23 13:51:00
3774,3774,2,2026-05-12 10:51:00,2026-05-15 16:51:00,2026-05-23 17:07:00,Completed,2026-05-12 10:51:00,2026-05-23 17:07:00
3775,3775,3,2026-05-14 15:55:00,2026-05-17 22:55:00,2026-05-25 08:08:00,Completed,2026-05-14 15:55:00,2026-05-25 08:08:00
3776,3776,3,2026-02-10 16:34:00,2026-02-12 22:34:00,2026-02-19 15:17:00,Completed,2026-02-10 16:34:00,2026-02-19 15:17:00
3777,3777,3,2026-04-29 14:38:00,2026-04-30 22:38:00,2026-04-29 09:20:00,Completed,2026-04-29 14:38:00,2026-04-30 22:38:00
3778,3778,4,2026-01-08 17:31:00,2026-01-10 23:31:00,2026-01-08 15:30:00,Completed,2026-01-08 17:31:00,2026-01-10 23:31:00
3779,3779,4,2025-08-16 10:26:00,2025-08-19 18:26:00,2025-08-20 12:07:00,Completed,2025-08-16 10:26:00,2025-08-20 12:07:00
3780,3780,2,2026-02-06 12:04:00,2026-02-07 18:04:00,2026-02-07 15:14:00,Completed,2026-02-06 12:04:00,2026-02-07 18:04:00
3781,3781,3,2026-05-09 18:24:00,2026-05-12 00:24:00,2026-05-12 14:38:00,Completed,2026-05-09 18:24:00,2026-05-12 14:38:00
3782,3782,2,2026-02-19 13:47:00,2026-02-20 17:47:00,2026-02-24 17:48:00,Completed,2026-02-19 13:47:00,2026-02-24 17:48:00
3783,3783,5,2025-09-02 17:15:00,2025-09-05 23:15:00,2025-09-14 10:11:00,Completed,2025-09-02 17:15:00,2025-09-14 10:11:00
3784,3784,4,2025-10-12 11:30:00,2025-10-14 11:30:00,2025-10-15 13:37:00,Completed,2025-10-12 11:30:00,2025-10-15 13:37:00
3785,3785,4,2026-02-01 13:46:00,2026-02-03 15:46:00,2026-02-10 08:46:00,Completed,2026-02-01 13:46:00,2026-02-10 08:46:00
3786,3786,2,2026-02-04 13:56:00,2026-02-05 21:56:00,2026-02-18 16:08:00,Completed,2026-02-04 13:56:00,2026-02-18 16:08:00
3787,3787,3,2026-04-04 08:39:00,2026-04-06 11:39:00,2026-04-14 11:34:00,Completed,2026-04-04 08:39:00,2026-04-14 11:34:00
3788,3788,1,2026-03-06 12:36:00,2026-03-09 12:36:00,2026-03-14 13:55:00,Completed,2026-03-06 12:36:00,2026-03-14 13:55:00
3789,3789,2,2026-02-28 17:26:00,2026-03-01 21:26:00,2026-03-08 14:11:00,Completed,2026-02-28 17:26:00,2026-03-08 14:11:00
3790,3790,1,2025-10-06 17:10:00,2025-10-08 20:10:00,2025-10-21 09:13:00,Completed,2025-10-06 17:10:00,2025-10-21 09:13:00
3791,3791,5,2026-03-23 10:54:00,2026-03-25 15:54:00,2026-03-31 14:26:00,Completed,2026-03-23 10:54:00,2026-03-31 14:26:00
3792,3792,3,2025-06-10 09:49:00,2025-06-11 10:49:00,2025-06-14 18:20:00,Completed,2025-06-10 09:49:00,2025-06-14 18:20:00
3793,3793,4,2026-04-10 18:35:00,2026-04-12 20:35:00,2026-04-13 08:29:00,Completed,2026-04-10 18:35:00,2026-04-13 08:29:00
3794,3794,1,2025-12-19 09:47:00,2025-12-22 17:47:00,2025-12-24 10:55:00,Completed,2025-12-19 09:47:00,2025-12-24 10:55:00
3795,3795,1,2026-02-12 10:23:00,2026-02-15 12:23:00,2026-02-15 15:43:00,Completed,2026-02-12 10:23:00,2026-02-15 15:43:00
3796,3796,1,2025-07-04 17:02:00,2025-07-07 23:02:00,2025-07-21 15:36:00,Completed,2025-07-04 17:02:00,2025-07-21 15:36:00
3797,3797,5,2025-09-27 18:53:00,2025-09-30 22:53:00,2025-10-05 15:10:00,Completed,2025-09-27 18:53:00,2025-10-05 15:10:00
3798,3798,4,2025-06-23 18:08:00,2025-06-25 00:08:00,2025-06-24 12:59:00,Completed,2025-06-23 18:08:00,2025-06-25 00:08:00
3799,3799,2,2025-09-16 10:31:00,2025-09-18 12:31:00,2025-09-22 15:50:00,Completed,2025-09-16 10:31:00,2025-09-22 15:50:00
3800,3800,2,2026-01-15 15:43:00,2026-01-18 21:43:00,2026-01-26 14:19:00,Completed,2026-01-15 15:43:00,2026-01-26 14:19:00
3801,3801,1,2025-06-25 14:24:00,2025-06-27 20:24:00,,Delivered,2025-06-25 14:24:00,2025-06-27 20:24:00
3802,3802,5,2025-06-17 12:12:00,2025-06-20 12:12:00,2025-06-18 11:50:00,Completed,2025-06-17 12:12:00,2025-06-20 12:12:00
3803,3803,4,2025-10-16 09:54:00,2025-10-18 13:54:00,2025-10-24 18:21:00,Completed,2025-10-16 09:54:00,2025-10-24 18:21:00
3804,3804,1,2026-03-14 10:08:00,2026-03-17 14:08:00,2026-03-29 10:39:00,Completed,2026-03-14 10:08:00,2026-03-29 10:39:00
3805,3805,4,2025-11-01 11:26:00,2025-11-03 15:26:00,2025-11-20 10:45:00,Completed,2025-11-01 11:26:00,2025-11-20 10:45:00
3806,3806,1,2025-12-24 12:02:00,2025-12-27 20:02:00,2025-12-27 16:13:00,Completed,2025-12-24 12:02:00,2025-12-27 20:02:00
3807,3807,2,2026-03-26 08:15:00,2026-03-27 16:15:00,2026-04-08 18:07:00,Completed,2026-03-26 08:15:00,2026-04-08 18:07:00
3808,3808,1,2026-01-27 15:53:00,2026-01-29 21:53:00,2026-01-31 08:57:00,Completed,2026-01-27 15:53:00,2026-01-31 08:57:00
3809,3809,5,2025-11-25 13:11:00,2025-11-28 21:11:00,2025-11-28 10:26:00,Completed,2025-11-25 13:11:00,2025-11-28 21:11:00
3810,3810,2,2026-05-02 17:26:00,2026-05-03 21:26:00,2026-05-02 11:03:00,Completed,2026-05-02 17:26:00,2026-05-03 21:26:00
3811,3811,3,2026-01-25 10:27:00,2026-01-26 13:27:00,2026-02-10 14:59:00,Completed,2026-01-25 10:27:00,2026-02-10 14:59:00
3812,3812,4,2025-10-01 08:06:00,2025-10-02 16:06:00,2025-10-05 13:42:00,Completed,2025-10-01 08:06:00,2025-10-05 13:42:00
3813,3813,2,2025-12-07 12:16:00,2025-12-08 19:16:00,2025-12-15 08:33:00,Completed,2025-12-07 12:16:00,2025-12-15 08:33:00
3814,3814,3,2026-01-25 13:43:00,2026-01-26 20:43:00,2026-01-30 17:18:00,Completed,2026-01-25 13:43:00,2026-01-30 17:18:00
3815,3815,3,2025-12-04 15:36:00,2025-12-05 19:36:00,2025-12-07 10:02:00,Completed,2025-12-04 15:36:00,2025-12-07 10:02:00
3816,3816,3,2026-03-29 15:36:00,2026-04-01 23:36:00,2026-04-10 18:49:00,Completed,2026-03-29 15:36:00,2026-04-10 18:49:00
3817,3817,1,2025-11-08 14:58:00,2025-11-09 21:58:00,2025-11-11 13:42:00,Completed,2025-11-08 14:58:00,2025-11-11 13:42:00
3818,3818,4,2025-11-18 15:48:00,2025-11-21 23:48:00,2025-11-26 17:28:00,Completed,2025-11-18 15:48:00,2025-11-26 17:28:00
3819,3819,1,2025-12-18 15:58:00,2025-12-21 15:58:00,,Delivered,2025-12-18 15:58:00,2025-12-21 15:58:00
3820,3820,5,2025-10-15 13:52:00,2025-10-18 20:52:00,2025-10-30 10:29:00,Completed,2025-10-15 13:52:00,2025-10-30 10:29:00
3821,3821,2,2026-01-23 13:08:00,2026-01-25 19:08:00,2026-02-09 15:24:00,Completed,2026-01-23 13:08:00,2026-02-09 15:24:00
3822,3822,2,2025-06-27 10:47:00,2025-06-28 10:47:00,2025-06-30 16:22:00,Completed,2025-06-27 10:47:00,2025-06-30 16:22:00
3823,3823,5,2026-05-18 08:23:00,2026-05-19 16:23:00,2026-05-20 08:02:00,Completed,2026-05-18 08:23:00,2026-05-20 08:02:00
3824,3824,1,2025-08-30 10:40:00,2025-09-02 17:40:00,2025-09-04 08:10:00,Completed,2025-08-30 10:40:00,2025-09-04 08:10:00
3825,3825,1,2026-03-21 18:28:00,2026-03-23 18:28:00,2026-03-22 15:24:00,Completed,2026-03-21 18:28:00,2026-03-23 18:28:00
3826,3826,5,2025-07-30 18:52:00,2025-07-31 22:52:00,2025-08-09 09:14:00,Completed,2025-07-30 18:52:00,2025-08-09 09:14:00
3827,3827,2,2026-03-14 13:41:00,2026-03-15 20:41:00,,Delivered,2026-03-14 13:41:00,2026-03-15 20:41:00
3828,3828,4,2026-02-03 14:04:00,2026-02-06 15:04:00,2026-02-15 10:13:00,Completed,2026-02-03 14:04:00,2026-02-15 10:13:00
3829,3829,3,2025-07-10 08:59:00,2025-07-13 10:59:00,,Delivered,2025-07-10 08:59:00,2025-07-13 10:59:00
3830,3830,2,2025-11-05 18:40:00,2025-11-08 20:40:00,2025-11-16 09:45:00,Completed,2025-11-05 18:40:00,2025-11-16 09:45:00
3831,3831,5,2025-08-13 18:20:00,2025-08-17 01:20:00,2025-08-26 15:59:00,Completed,2025-08-13 18:20:00,2025-08-26 15:59:00
3832,3832,5,2026-01-21 12:29:00,2026-01-23 20:29:00,2026-01-31 17:47:00,Completed,2026-01-21 12:29:00,2026-01-31 17:47:00
3833,3833,1,2026-05-28 10:52:00,2026-05-30 14:52:00,2026-06-01 11:46:00,Completed,2026-05-28 10:52:00,2026-06-01 11:46:00
3834,3834,3,2025-10-13 16:02:00,2025-10-16 22:02:00,2025-11-02 17:01:00,Completed,2025-10-13 16:02:00,2025-11-02 17:01:00
3835,3835,5,2025-07-15 15:50:00,2025-07-18 16:50:00,2025-07-15 17:12:00,Completed,2025-07-15 15:50:00,2025-07-18 16:50:00
3836,3836,2,2026-01-18 17:54:00,2026-01-20 18:54:00,2026-01-19 14:54:00,Completed,2026-01-18 17:54:00,2026-01-20 18:54:00
3837,3837,5,2026-02-26 16:54:00,2026-02-27 20:54:00,2026-03-03 11:39:00,Completed,2026-02-26 16:54:00,2026-03-03 11:39:00
3838,3838,2,2025-11-19 13:32:00,2025-11-22 15:32:00,2025-12-02 08:57:00,Completed,2025-11-19 13:32:00,2025-12-02 08:57:00
3839,3839,1,2025-06-24 12:32:00,2025-06-26 16:32:00,2025-06-29 17:53:00,Completed,2025-06-24 12:32:00,2025-06-29 17:53:00
3840,3840,2,2025-11-22 17:50:00,2025-11-25 01:50:00,2025-11-23 16:52:00,Completed,2025-11-22 17:50:00,2025-11-25 01:50:00
3841,3841,3,2025-11-22 18:26:00,2025-11-26 02:26:00,2025-11-27 12:03:00,Completed,2025-11-22 18:26:00,2025-11-27 12:03:00
3842,3842,5,2025-07-03 15:38:00,2025-07-04 16:38:00,2025-07-05 13:56:00,Completed,2025-07-03 15:38:00,2025-07-05 13:56:00
3843,3843,3,2025-09-06 10:06:00,2025-09-09 15:06:00,2025-09-19 12:02:00,Completed,2025-09-06 10:06:00,2025-09-19 12:02:00
3844,3844,4,2025-08-23 16:02:00,2025-08-24 18:02:00,2025-08-24 13:30:00,Completed,2025-08-23 16:02:00,2025-08-24 18:02:00
3845,3845,3,2026-03-25 15:21:00,2026-03-27 17:21:00,2026-04-05 12:35:00,Completed,2026-03-25 15:21:00,2026-04-05 12:35:00
3846,3846,2,2025-11-20 13:15:00,2025-11-23 15:15:00,2025-11-24 17:49:00,Completed,2025-11-20 13:15:00,2025-11-24 17:49:00
3847,3847,3,2025-11-20 16:20:00,2025-11-22 21:20:00,2025-11-25 18:01:00,Completed,2025-11-20 16:20:00,2025-11-25 18:01:00
3848,3848,1,2025-10-04 09:28:00,2025-10-07 13:28:00,2025-10-12 13:38:00,Completed,2025-10-04 09:28:00,2025-10-12 13:38:00
3849,3849,2,2026-03-03 11:59:00,2026-03-06 12:59:00,2026-03-12 18:37:00,Completed,2026-03-03 11:59:00,2026-03-12 18:37:00
3850,3850,2,2026-02-07 13:58:00,2026-02-10 19:58:00,2026-02-09 09:32:00,Completed,2026-02-07 13:58:00,2026-02-10 19:58:00
3851,3851,5,2025-09-10 15:17:00,2025-09-11 22:17:00,2025-09-13 12:48:00,Completed,2025-09-10 15:17:00,2025-09-13 12:48:00
3852,3852,5,2026-04-12 18:53:00,2026-04-15 22:53:00,2026-04-19 13:59:00,Completed,2026-04-12 18:53:00,2026-04-19 13:59:00
3853,3853,5,2025-12-14 13:25:00,2025-12-16 18:25:00,2025-12-20 13:10:00,Completed,2025-12-14 13:25:00,2025-12-20 13:10:00
3854,3854,2,2026-05-23 10:49:00,2026-05-25 17:49:00,2026-05-27 12:52:00,Completed,2026-05-23 10:49:00,2026-05-27 12:52:00
3855,3855,1,2025-09-30 18:48:00,2025-10-03 22:48:00,2025-10-09 13:21:00,Completed,2025-09-30 18:48:00,2025-10-09 13:21:00
3856,3856,4,2026-04-10 15:42:00,2026-04-13 20:42:00,2026-04-24 11:26:00,Completed,2026-04-10 15:42:00,2026-04-24 11:26:00
3857,3857,2,2026-01-22 09:01:00,2026-01-24 12:01:00,2026-02-04 09:57:00,Completed,2026-01-22 09:01:00,2026-02-04 09:57:00
3858,3858,2,2026-01-28 10:30:00,2026-01-30 18:30:00,2026-02-01 12:23:00,Completed,2026-01-28 10:30:00,2026-02-01 12:23:00
3859,3859,3,2025-11-27 14:51:00,2025-11-28 17:51:00,2025-12-16 16:07:00,Completed,2025-11-27 14:51:00,2025-12-16 16:07:00
3860,3860,2,2025-07-18 10:39:00,2025-07-21 16:39:00,2025-07-22 10:48:00,Completed,2025-07-18 10:39:00,2025-07-22 10:48:00
3861,3861,2,2026-01-24 12:49:00,2026-01-27 16:49:00,2026-02-09 14:24:00,Completed,2026-01-24 12:49:00,2026-02-09 14:24:00
3862,3862,2,2026-02-09 13:55:00,2026-02-11 19:55:00,2026-02-20 12:39:00,Completed,2026-02-09 13:55:00,2026-02-20 12:39:00
3863,3863,5,2025-07-05 09:04:00,2025-07-07 10:04:00,2025-07-20 12:15:00,Completed,2025-07-05 09:04:00,2025-07-20 12:15:00
3864,3864,2,2026-02-18 13:54:00,2026-02-20 14:54:00,2026-03-03 13:32:00,Completed,2026-02-18 13:54:00,2026-03-03 13:32:00
3865,3865,3,2026-05-01 08:29:00,2026-05-04 08:29:00,2026-05-12 18:41:00,Completed,2026-05-01 08:29:00,2026-05-12 18:41:00
3866,3866,3,2025-12-21 10:05:00,2025-12-22 13:05:00,2025-12-28 13:41:00,Completed,2025-12-21 10:05:00,2025-12-28 13:41:00
3867,3867,1,2025-11-17 15:46:00,2025-11-18 21:46:00,2025-11-30 13:51:00,Completed,2025-11-17 15:46:00,2025-11-30 13:51:00
3868,3868,2,2025-07-03 13:16:00,2025-07-06 13:16:00,2025-07-10 15:46:00,Completed,2025-07-03 13:16:00,2025-07-10 15:46:00
3869,3869,5,2026-02-15 14:07:00,2026-02-16 22:07:00,2026-02-17 16:57:00,Completed,2026-02-15 14:07:00,2026-02-17 16:57:00
3870,3870,2,2025-07-13 09:28:00,2025-07-16 15:28:00,2025-07-13 08:52:00,Completed,2025-07-13 09:28:00,2025-07-16 15:28:00
3871,3871,3,2026-02-01 13:19:00,2026-02-03 14:19:00,2026-02-02 15:11:00,Completed,2026-02-01 13:19:00,2026-02-03 14:19:00
3872,3872,2,2025-08-06 11:02:00,2025-08-09 18:02:00,2025-08-14 11:32:00,Completed,2025-08-06 11:02:00,2025-08-14 11:32:00
3873,3873,3,2026-02-09 13:12:00,2026-02-10 14:12:00,2026-03-05 12:51:00,Completed,2026-02-09 13:12:00,2026-03-05 12:51:00
3874,3874,3,2025-09-15 17:49:00,2025-09-16 18:49:00,2025-09-24 15:52:00,Completed,2025-09-15 17:49:00,2025-09-24 15:52:00
3875,3875,1,2026-01-17 13:29:00,2026-01-20 15:29:00,,Delivered,2026-01-17 13:29:00,2026-01-20 15:29:00
3876,3876,1,2025-10-04 16:46:00,2025-10-06 21:46:00,2025-10-09 17:10:00,Completed,2025-10-04 16:46:00,2025-10-09 17:10:00
3877,3877,4,2025-07-26 15:41:00,2025-07-27 16:41:00,2025-08-15 14:32:00,Completed,2025-07-26 15:41:00,2025-08-15 14:32:00
3878,3878,3,2025-07-11 11:48:00,2025-07-12 14:48:00,2025-07-13 11:14:00,Completed,2025-07-11 11:48:00,2025-07-13 11:14:00
3879,3879,5,2026-04-20 18:49:00,2026-04-24 00:49:00,2026-04-23 11:17:00,Completed,2026-04-20 18:49:00,2026-04-24 00:49:00
3880,3880,4,2026-01-12 09:19:00,2026-01-14 13:19:00,2026-01-17 10:14:00,Completed,2026-01-12 09:19:00,2026-01-17 10:14:00
3881,3881,4,2025-06-18 16:48:00,2025-06-22 00:48:00,2025-06-18 17:37:00,Completed,2025-06-18 16:48:00,2025-06-22 00:48:00
3882,3882,2,2025-10-09 09:40:00,2025-10-12 14:40:00,2025-10-21 17:24:00,Completed,2025-10-09 09:40:00,2025-10-21 17:24:00
3883,3883,5,2026-04-13 16:44:00,2026-04-14 23:44:00,2026-04-16 14:21:00,Completed,2026-04-13 16:44:00,2026-04-16 14:21:00
3884,3884,1,2026-02-20 16:11:00,2026-02-21 20:11:00,2026-03-08 13:25:00,Completed,2026-02-20 16:11:00,2026-03-08 13:25:00
3885,3885,2,2026-02-26 12:37:00,2026-03-01 12:37:00,2026-03-03 09:08:00,Completed,2026-02-26 12:37:00,2026-03-03 09:08:00
3886,3886,1,2025-06-13 12:28:00,2025-06-15 18:28:00,2025-06-23 14:32:00,Completed,2025-06-13 12:28:00,2025-06-23 14:32:00
3887,3887,3,2025-07-17 10:55:00,2025-07-19 16:55:00,2025-07-19 08:09:00,Completed,2025-07-17 10:55:00,2025-07-19 16:55:00
3888,3888,2,2026-05-21 08:45:00,2026-05-22 12:45:00,2026-05-24 12:22:00,Completed,2026-05-21 08:45:00,2026-05-24 12:22:00
3889,3889,1,2025-12-09 13:01:00,2025-12-12 13:01:00,2025-12-16 13:11:00,Completed,2025-12-09 13:01:00,2025-12-16 13:11:00
3890,3890,4,2025-12-25 16:04:00,2025-12-28 00:04:00,2026-01-01 13:40:00,Completed,2025-12-25 16:04:00,2026-01-01 13:40:00
3891,3891,5,2026-01-23 08:46:00,2026-01-25 14:46:00,2026-01-28 16:35:00,Completed,2026-01-23 08:46:00,2026-01-28 16:35:00
3892,3892,4,2026-01-29 17:35:00,2026-02-01 00:35:00,2026-02-10 09:59:00,Completed,2026-01-29 17:35:00,2026-02-10 09:59:00
3893,3893,2,2026-04-17 16:24:00,2026-04-19 20:24:00,2026-04-17 14:39:00,Completed,2026-04-17 16:24:00,2026-04-19 20:24:00
3894,3894,1,2025-07-21 10:38:00,2025-07-24 13:38:00,2025-07-21 12:25:00,Completed,2025-07-21 10:38:00,2025-07-24 13:38:00
3895,3895,5,2026-03-19 17:52:00,2026-03-21 23:52:00,2026-03-22 15:21:00,Completed,2026-03-19 17:52:00,2026-03-22 15:21:00
3896,3896,1,2025-08-14 13:50:00,2025-08-15 17:50:00,2025-08-20 10:02:00,Completed,2025-08-14 13:50:00,2025-08-20 10:02:00
3897,3897,5,2025-08-02 08:54:00,2025-08-05 09:54:00,2025-08-08 16:29:00,Completed,2025-08-02 08:54:00,2025-08-08 16:29:00
3898,3898,3,2026-01-16 17:49:00,2026-01-19 19:49:00,2026-01-19 15:52:00,Completed,2026-01-16 17:49:00,2026-01-19 19:49:00
3899,3899,4,2025-12-15 11:02:00,2025-12-18 19:02:00,,Delivered,2025-12-15 11:02:00,2025-12-18 19:02:00
3900,3900,5,2025-09-23 08:25:00,2025-09-26 08:25:00,2025-10-03 15:02:00,Completed,2025-09-23 08:25:00,2025-10-03 15:02:00
3901,3901,5,2026-04-22 17:42:00,2026-04-23 17:42:00,2026-04-25 15:54:00,Completed,2026-04-22 17:42:00,2026-04-25 15:54:00
3902,3902,1,2025-12-05 18:29:00,2025-12-06 22:29:00,2025-12-07 10:41:00,Completed,2025-12-05 18:29:00,2025-12-07 10:41:00
3903,3903,5,2025-08-10 10:06:00,2025-08-11 11:06:00,2025-08-27 18:57:00,Completed,2025-08-10 10:06:00,2025-08-27 18:57:00
3904,3904,1,2025-06-24 08:56:00,2025-06-26 15:56:00,2025-06-25 09:33:00,Completed,2025-06-24 08:56:00,2025-06-26 15:56:00
3905,3905,1,2025-08-02 12:51:00,2025-08-04 12:51:00,2025-08-09 09:38:00,Completed,2025-08-02 12:51:00,2025-08-09 09:38:00
3906,3906,3,2025-07-20 12:41:00,2025-07-21 12:41:00,2025-07-22 17:48:00,Completed,2025-07-20 12:41:00,2025-07-22 17:48:00
3907,3907,4,2025-06-19 13:59:00,2025-06-20 18:59:00,2025-06-24 15:50:00,Completed,2025-06-19 13:59:00,2025-06-24 15:50:00
3908,3908,1,2025-07-12 08:10:00,2025-07-15 15:10:00,2025-07-23 16:42:00,Completed,2025-07-12 08:10:00,2025-07-23 16:42:00
3909,3909,1,2025-11-09 17:31:00,2025-11-12 00:31:00,2025-11-09 14:49:00,Completed,2025-11-09 17:31:00,2025-11-12 00:31:00
3910,3910,2,2026-01-29 10:34:00,2026-01-31 16:34:00,2026-02-09 16:07:00,Completed,2026-01-29 10:34:00,2026-02-09 16:07:00
3911,3911,3,2025-08-31 18:07:00,2025-09-03 18:07:00,2025-09-07 17:39:00,Completed,2025-08-31 18:07:00,2025-09-07 17:39:00
3912,3912,5,2026-05-10 14:59:00,2026-05-11 21:59:00,2026-05-17 13:17:00,Completed,2026-05-10 14:59:00,2026-05-17 13:17:00
3913,3913,1,2026-03-26 10:49:00,2026-03-29 18:49:00,2026-04-03 14:32:00,Completed,2026-03-26 10:49:00,2026-04-03 14:32:00
3914,3914,2,2025-08-14 17:06:00,2025-08-16 22:06:00,2025-08-21 15:50:00,Completed,2025-08-14 17:06:00,2025-08-21 15:50:00
3915,3915,2,2026-03-16 13:03:00,2026-03-18 15:03:00,2026-03-22 17:27:00,Completed,2026-03-16 13:03:00,2026-03-22 17:27:00
3916,3916,5,2025-08-03 08:45:00,2025-08-05 09:45:00,2025-08-09 11:23:00,Completed,2025-08-03 08:45:00,2025-08-09 11:23:00
3917,3917,2,2026-02-27 15:57:00,2026-02-28 22:57:00,2026-03-04 13:37:00,Completed,2026-02-27 15:57:00,2026-03-04 13:37:00
3918,3918,2,2025-10-23 10:33:00,2025-10-24 15:33:00,2025-10-28 18:45:00,Completed,2025-10-23 10:33:00,2025-10-28 18:45:00
3919,3919,5,2025-11-09 16:09:00,2025-11-12 22:09:00,2025-11-14 09:49:00,Completed,2025-11-09 16:09:00,2025-11-14 09:49:00
3920,3920,3,2025-08-14 11:35:00,2025-08-15 19:35:00,2025-08-22 08:39:00,Completed,2025-08-14 11:35:00,2025-08-22 08:39:00
3921,3921,4,2026-04-21 12:16:00,2026-04-22 19:16:00,2026-05-10 17:22:00,Completed,2026-04-21 12:16:00,2026-05-10 17:22:00
3922,3922,2,2025-08-10 18:11:00,2025-08-11 18:11:00,,Delivered,2025-08-10 18:11:00,2025-08-11 18:11:00
3923,3923,4,2025-09-30 15:05:00,2025-10-01 20:05:00,2025-10-06 11:09:00,Completed,2025-09-30 15:05:00,2025-10-06 11:09:00
3924,3924,5,2025-08-24 11:50:00,2025-08-26 15:50:00,2025-08-24 08:15:00,Completed,2025-08-24 11:50:00,2025-08-26 15:50:00
3925,3925,3,2026-04-28 09:45:00,2026-05-01 14:45:00,2026-05-07 12:40:00,Completed,2026-04-28 09:45:00,2026-05-07 12:40:00
3926,3926,2,2025-09-24 14:22:00,2025-09-25 22:22:00,2025-10-03 15:12:00,Completed,2025-09-24 14:22:00,2025-10-03 15:12:00
3927,3927,5,2025-10-08 12:07:00,2025-10-10 14:07:00,2025-10-10 12:54:00,Completed,2025-10-08 12:07:00,2025-10-10 14:07:00
3928,3928,4,2026-01-06 11:09:00,2026-01-09 17:09:00,2026-01-15 18:10:00,Completed,2026-01-06 11:09:00,2026-01-15 18:10:00
3929,3929,2,2025-10-20 17:48:00,2025-10-21 18:48:00,2025-10-21 17:08:00,Completed,2025-10-20 17:48:00,2025-10-21 18:48:00
3930,3930,2,2026-02-18 17:20:00,2026-02-21 21:20:00,2026-02-23 13:12:00,Completed,2026-02-18 17:20:00,2026-02-23 13:12:00
3931,3931,5,2025-10-31 09:00:00,2025-11-01 14:00:00,,Delivered,2025-10-31 09:00:00,2025-11-01 14:00:00
3932,3932,2,2026-02-06 18:46:00,2026-02-08 21:46:00,,Delivered,2026-02-06 18:46:00,2026-02-08 21:46:00
3933,3933,3,2026-05-10 11:32:00,2026-05-12 18:32:00,2026-05-29 18:37:00,Completed,2026-05-10 11:32:00,2026-05-29 18:37:00
3934,3934,5,2026-05-02 10:48:00,2026-05-05 18:48:00,2026-05-26 14:35:00,Completed,2026-05-02 10:48:00,2026-05-26 14:35:00
3935,3935,2,2026-05-04 18:16:00,2026-05-07 20:16:00,2026-05-17 16:45:00,Completed,2026-05-04 18:16:00,2026-05-17 16:45:00
3936,3936,1,2026-01-19 14:42:00,2026-01-22 14:42:00,2026-01-29 11:28:00,Completed,2026-01-19 14:42:00,2026-01-29 11:28:00
3937,3937,3,2025-12-10 17:32:00,2025-12-12 20:32:00,2025-12-10 14:20:00,Completed,2025-12-10 17:32:00,2025-12-12 20:32:00
3938,3938,4,2026-03-15 12:03:00,2026-03-17 16:03:00,2026-03-20 12:17:00,Completed,2026-03-15 12:03:00,2026-03-20 12:17:00
3939,3939,4,2026-01-04 15:41:00,2026-01-06 15:41:00,2026-01-11 16:31:00,Completed,2026-01-04 15:41:00,2026-01-11 16:31:00
3940,3940,3,2026-03-26 11:42:00,2026-03-27 18:42:00,2026-04-01 13:04:00,Completed,2026-03-26 11:42:00,2026-04-01 13:04:00
3941,3941,4,2025-09-10 09:02:00,2025-09-12 14:02:00,2025-09-22 14:20:00,Completed,2025-09-10 09:02:00,2025-09-22 14:20:00
3942,3942,3,2025-08-31 09:42:00,2025-09-03 13:42:00,2025-09-09 08:28:00,Completed,2025-08-31 09:42:00,2025-09-09 08:28:00
3943,3943,1,2025-08-16 10:33:00,2025-08-17 17:33:00,2025-08-18 14:49:00,Completed,2025-08-16 10:33:00,2025-08-18 14:49:00
3944,3944,5,2025-06-12 11:32:00,2025-06-14 16:32:00,2025-06-19 08:35:00,Completed,2025-06-12 11:32:00,2025-06-19 08:35:00
3945,3945,1,2025-11-17 09:15:00,2025-11-20 09:15:00,2025-11-22 08:38:00,Completed,2025-11-17 09:15:00,2025-11-22 08:38:00
3946,3946,2,2026-02-12 10:52:00,2026-02-14 15:52:00,2026-02-26 13:06:00,Completed,2026-02-12 10:52:00,2026-02-26 13:06:00
3947,3947,1,2026-04-24 14:04:00,2026-04-26 22:04:00,2026-05-14 14:52:00,Completed,2026-04-24 14:04:00,2026-05-14 14:52:00
3948,3948,1,2025-10-07 12:33:00,2025-10-10 14:33:00,2025-10-12 12:47:00,Completed,2025-10-07 12:33:00,2025-10-12 12:47:00
3949,3949,2,2025-10-01 09:13:00,2025-10-03 16:13:00,,Delivered,2025-10-01 09:13:00,2025-10-03 16:13:00
3950,3950,5,2025-11-12 14:06:00,2025-11-14 15:06:00,2025-11-12 08:06:00,Completed,2025-11-12 14:06:00,2025-11-14 15:06:00
3951,3951,5,2026-05-29 13:33:00,2026-05-30 14:33:00,2026-06-01 16:03:00,Completed,2026-05-29 13:33:00,2026-06-01 16:03:00
3952,3952,5,2025-06-25 10:39:00,2025-06-27 15:39:00,2025-07-09 15:12:00,Completed,2025-06-25 10:39:00,2025-07-09 15:12:00
3953,3953,4,2026-02-28 15:39:00,2026-03-01 18:39:00,2026-03-05 11:08:00,Completed,2026-02-28 15:39:00,2026-03-05 11:08:00
3954,3954,5,2026-01-15 10:47:00,2026-01-18 12:47:00,2026-02-04 14:53:00,Completed,2026-01-15 10:47:00,2026-02-04 14:53:00
3955,3955,2,2025-12-15 13:25:00,2025-12-18 19:25:00,2026-01-08 09:07:00,Completed,2025-12-15 13:25:00,2026-01-08 09:07:00
3956,3956,5,2025-12-26 10:59:00,2025-12-29 16:59:00,2026-01-01 10:10:00,Completed,2025-12-26 10:59:00,2026-01-01 10:10:00
3957,3957,5,2025-10-02 18:03:00,2025-10-04 22:03:00,2025-10-04 14:33:00,Completed,2025-10-02 18:03:00,2025-10-04 22:03:00
3958,3958,3,2025-11-16 10:40:00,2025-11-17 10:40:00,2025-11-24 13:09:00,Completed,2025-11-16 10:40:00,2025-11-24 13:09:00
3959,3959,4,2026-05-13 11:50:00,2026-05-14 19:50:00,2026-05-18 17:56:00,Completed,2026-05-13 11:50:00,2026-05-18 17:56:00
3960,3960,3,2026-05-19 15:16:00,2026-05-20 18:16:00,2026-05-27 12:53:00,Completed,2026-05-19 15:16:00,2026-05-27 12:53:00
3961,3961,4,2025-09-21 18:57:00,2025-09-22 22:57:00,2025-09-21 18:40:00,Completed,2025-09-21 18:57:00,2025-09-22 22:57:00
3962,3962,2,2026-01-24 16:18:00,2026-01-26 20:18:00,,Delivered,2026-01-24 16:18:00,2026-01-26 20:18:00
3963,3963,2,2026-03-21 08:41:00,2026-03-24 10:41:00,2026-03-30 18:02:00,Completed,2026-03-21 08:41:00,2026-03-30 18:02:00
3964,3964,1,2026-01-15 10:31:00,2026-01-18 13:31:00,2026-01-20 10:25:00,Completed,2026-01-15 10:31:00,2026-01-20 10:25:00
3965,3965,2,2026-01-21 12:15:00,2026-01-22 13:15:00,2026-01-25 08:09:00,Completed,2026-01-21 12:15:00,2026-01-25 08:09:00
3966,3966,5,2025-10-27 08:58:00,2025-10-29 15:58:00,2025-11-06 11:00:00,Completed,2025-10-27 08:58:00,2025-11-06 11:00:00
3967,3967,5,2025-08-02 14:09:00,2025-08-04 20:09:00,2025-08-21 09:45:00,Completed,2025-08-02 14:09:00,2025-08-21 09:45:00
3968,3968,5,2026-01-04 16:07:00,2026-01-05 23:07:00,,Delivered,2026-01-04 16:07:00,2026-01-05 23:07:00
3969,3969,3,2026-01-07 16:06:00,2026-01-09 17:06:00,2026-01-13 17:33:00,Completed,2026-01-07 16:06:00,2026-01-13 17:33:00
3970,3970,1,2025-07-29 09:48:00,2025-08-01 15:48:00,2025-08-01 15:52:00,Completed,2025-07-29 09:48:00,2025-08-01 15:52:00
3971,3971,4,2026-01-18 14:06:00,2026-01-19 16:06:00,2026-01-25 15:13:00,Completed,2026-01-18 14:06:00,2026-01-25 15:13:00
3972,3972,1,2025-12-03 10:38:00,2025-12-04 12:38:00,2025-12-08 16:10:00,Completed,2025-12-03 10:38:00,2025-12-08 16:10:00
3973,3973,2,2026-03-15 10:14:00,2026-03-17 12:14:00,2026-03-30 18:44:00,Completed,2026-03-15 10:14:00,2026-03-30 18:44:00
3974,3974,2,2025-06-24 09:54:00,2025-06-27 11:54:00,2025-07-04 17:34:00,Completed,2025-06-24 09:54:00,2025-07-04 17:34:00
3975,3975,1,2025-09-15 13:23:00,2025-09-17 20:23:00,2025-09-20 12:43:00,Completed,2025-09-15 13:23:00,2025-09-20 12:43:00
3976,3976,1,2025-10-06 17:12:00,2025-10-10 00:12:00,2025-10-10 08:44:00,Completed,2025-10-06 17:12:00,2025-10-10 08:44:00
3977,3977,3,2025-09-11 14:57:00,2025-09-12 18:57:00,2025-09-11 10:59:00,Completed,2025-09-11 14:57:00,2025-09-12 18:57:00
3978,3978,2,2026-01-13 11:47:00,2026-01-16 12:47:00,2026-01-28 10:18:00,Completed,2026-01-13 11:47:00,2026-01-28 10:18:00
3979,3979,2,2026-05-15 09:45:00,2026-05-16 13:45:00,2026-05-19 12:24:00,Completed,2026-05-15 09:45:00,2026-05-19 12:24:00
3980,3980,3,2026-05-17 17:12:00,2026-05-20 19:12:00,2026-06-01 11:32:00,Completed,2026-05-17 17:12:00,2026-06-01 11:32:00
3981,3981,2,2025-09-25 09:15:00,2025-09-26 09:15:00,2025-10-03 15:08:00,Completed,2025-09-25 09:15:00,2025-10-03 15:08:00
3982,3982,3,2025-08-04 12:15:00,2025-08-07 18:15:00,2025-08-19 13:57:00,Completed,2025-08-04 12:15:00,2025-08-19 13:57:00
3983,3983,5,2025-06-28 13:43:00,2025-06-29 15:43:00,2025-07-01 08:42:00,Completed,2025-06-28 13:43:00,2025-07-01 08:42:00
3984,3984,5,2025-10-26 12:45:00,2025-10-28 12:45:00,2025-11-03 12:42:00,Completed,2025-10-26 12:45:00,2025-11-03 12:42:00
3985,3985,2,2026-05-11 15:38:00,2026-05-12 23:38:00,2026-05-19 16:12:00,Completed,2026-05-11 15:38:00,2026-05-19 16:12:00
3986,3986,5,2025-12-15 18:40:00,2025-12-18 01:40:00,2025-12-26 17:14:00,Completed,2025-12-15 18:40:00,2025-12-26 17:14:00
3987,3987,3,2026-04-07 09:40:00,2026-04-08 15:40:00,2026-04-17 12:20:00,Completed,2026-04-07 09:40:00,2026-04-17 12:20:00
3988,3988,4,2025-10-28 08:31:00,2025-10-30 16:31:00,2025-11-12 08:18:00,Completed,2025-10-28 08:31:00,2025-11-12 08:18:00
3989,3989,4,2026-04-09 10:10:00,2026-04-10 13:10:00,2026-04-14 15:39:00,Completed,2026-04-09 10:10:00,2026-04-14 15:39:00
3990,3990,4,2025-11-09 09:46:00,2025-11-11 10:46:00,2025-11-16 10:27:00,Completed,2025-11-09 09:46:00,2025-11-16 10:27:00
3991,3991,2,2026-05-26 16:36:00,2026-05-28 16:36:00,2026-06-04 13:58:00,Completed,2026-05-26 16:36:00,2026-06-04 13:58:00
3992,3992,2,2025-10-07 18:57:00,2025-10-08 18:57:00,2025-10-22 15:51:00,Completed,2025-10-07 18:57:00,2025-10-22 15:51:00
3993,3993,2,2025-07-30 11:59:00,2025-08-01 13:59:00,2025-08-18 10:07:00,Completed,2025-07-30 11:59:00,2025-08-18 10:07:00
3994,3994,3,2026-03-06 11:21:00,2026-03-09 18:21:00,2026-03-13 13:49:00,Completed,2026-03-06 11:21:00,2026-03-13 13:49:00
3995,3995,4,2025-07-07 12:17:00,2025-07-10 16:17:00,2025-07-11 18:28:00,Completed,2025-07-07 12:17:00,2025-07-11 18:28:00
3996,3996,2,2025-12-05 09:43:00,2025-12-06 13:43:00,2025-12-09 11:36:00,Completed,2025-12-05 09:43:00,2025-12-09 11:36:00
3997,3997,4,2025-09-24 13:11:00,2025-09-25 20:11:00,2025-09-24 14:14:00,Completed,2025-09-24 13:11:00,2025-09-25 20:11:00
3998,3998,1,2026-05-03 09:18:00,2026-05-04 12:18:00,2026-05-17 09:48:00,Completed,2026-05-03 09:18:00,2026-05-17 09:48:00
3999,3999,2,2026-05-09 11:41:00,2026-05-11 13:41:00,2026-05-10 15:24:00,Completed,2026-05-09 11:41:00,2026-05-11 13:41:00
4000,4000,5,2025-12-28 14:10:00,2025-12-29 19:10:00,2025-12-29 09:33:00,Completed,2025-12-28 14:10:00,2025-12-29 19:10:00
4001,4001,1,2025-11-27 17:00:00,2025-11-30 01:00:00,2025-12-08 17:56:00,Completed,2025-11-27 17:00:00,2025-12-08 17:56:00
4002,4002,2,2026-03-04 14:12:00,2026-03-06 16:12:00,2026-03-04 09:59:00,Completed,2026-03-04 14:12:00,2026-03-06 16:12:00
4003,4003,1,2026-03-09 14:52:00,2026-03-12 21:52:00,2026-03-22 08:32:00,Completed,2026-03-09 14:52:00,2026-03-22 08:32:00
4004,4004,5,2026-02-21 15:42:00,2026-02-24 23:42:00,2026-02-22 08:55:00,Completed,2026-02-21 15:42:00,2026-02-24 23:42:00
4005,4005,5,2025-11-01 15:43:00,2025-11-04 23:43:00,2025-11-21 10:05:00,Completed,2025-11-01 15:43:00,2025-11-21 10:05:00
4006,4006,2,2025-12-14 09:55:00,2025-12-16 11:55:00,2025-12-15 15:03:00,Completed,2025-12-14 09:55:00,2025-12-16 11:55:00
4007,4007,1,2026-04-10 08:19:00,2026-04-11 11:19:00,2026-04-15 09:33:00,Completed,2026-04-10 08:19:00,2026-04-15 09:33:00
4008,4008,4,2026-01-16 08:21:00,2026-01-17 15:21:00,2026-01-16 14:07:00,Completed,2026-01-16 08:21:00,2026-01-17 15:21:00
4009,4009,3,2026-01-17 18:20:00,2026-01-18 23:20:00,2026-01-18 16:26:00,Completed,2026-01-17 18:20:00,2026-01-18 23:20:00
4010,4010,2,2025-12-03 12:03:00,2025-12-06 18:03:00,2025-12-09 09:30:00,Completed,2025-12-03 12:03:00,2025-12-09 09:30:00
4011,4011,1,2025-06-22 08:45:00,2025-06-25 14:45:00,2025-06-26 12:45:00,Completed,2025-06-22 08:45:00,2025-06-26 12:45:00
4012,4012,1,2025-09-29 08:53:00,2025-09-30 09:53:00,2025-10-11 17:41:00,Completed,2025-09-29 08:53:00,2025-10-11 17:41:00
4013,4013,1,2026-03-21 16:13:00,2026-03-24 16:13:00,,Delivered,2026-03-21 16:13:00,2026-03-24 16:13:00
4014,4014,2,2025-07-07 15:23:00,2025-07-10 19:23:00,2025-07-20 15:55:00,Completed,2025-07-07 15:23:00,2025-07-20 15:55:00
4015,4015,3,2025-06-27 18:27:00,2025-06-30 01:27:00,2025-06-30 16:10:00,Completed,2025-06-27 18:27:00,2025-06-30 16:10:00
4016,4016,4,2025-08-25 09:16:00,2025-08-28 16:16:00,2025-08-30 15:50:00,Completed,2025-08-25 09:16:00,2025-08-30 15:50:00
4017,4017,4,2025-11-26 09:50:00,2025-11-29 11:50:00,2025-12-02 14:49:00,Completed,2025-11-26 09:50:00,2025-12-02 14:49:00
4018,4018,5,2025-07-31 08:20:00,2025-08-03 13:20:00,2025-08-03 17:10:00,Completed,2025-07-31 08:20:00,2025-08-03 17:10:00
4019,4019,5,2026-01-23 09:30:00,2026-01-25 10:30:00,2026-02-07 16:16:00,Completed,2026-01-23 09:30:00,2026-02-07 16:16:00
4020,4020,2,2026-03-27 10:46:00,2026-03-30 18:46:00,2026-03-27 08:58:00,Completed,2026-03-27 10:46:00,2026-03-30 18:46:00
4021,4021,1,2026-05-27 11:28:00,2026-05-30 18:28:00,2026-05-29 13:52:00,Completed,2026-05-27 11:28:00,2026-05-30 18:28:00
4022,4022,2,2026-02-05 12:10:00,2026-02-07 20:10:00,2026-02-11 12:24:00,Completed,2026-02-05 12:10:00,2026-02-11 12:24:00
4023,4023,5,2026-02-27 10:28:00,2026-03-02 13:28:00,2026-03-10 10:45:00,Completed,2026-02-27 10:28:00,2026-03-10 10:45:00
4024,4024,2,2025-09-27 18:06:00,2025-09-28 22:06:00,2025-10-01 17:47:00,Completed,2025-09-27 18:06:00,2025-10-01 17:47:00
4025,4025,5,2026-05-24 17:53:00,2026-05-27 19:53:00,,Delivered,2026-05-24 17:53:00,2026-05-27 19:53:00
4026,4026,5,2026-03-22 15:15:00,2026-03-25 22:15:00,2026-03-22 17:20:00,Completed,2026-03-22 15:15:00,2026-03-25 22:15:00
4027,4027,2,2026-04-17 12:44:00,2026-04-18 20:44:00,2026-05-02 09:24:00,Completed,2026-04-17 12:44:00,2026-05-02 09:24:00
4028,4028,2,2025-11-26 10:28:00,2025-11-29 14:28:00,2025-12-06 08:02:00,Completed,2025-11-26 10:28:00,2025-12-06 08:02:00
4029,4029,1,2026-04-13 08:56:00,2026-04-14 11:56:00,2026-04-14 08:50:00,Completed,2026-04-13 08:56:00,2026-04-14 11:56:00
4030,4030,2,2025-06-18 13:13:00,2025-06-19 13:13:00,2025-06-26 12:50:00,Completed,2025-06-18 13:13:00,2025-06-26 12:50:00
4031,4031,1,2026-03-13 12:20:00,2026-03-14 17:20:00,2026-03-18 17:10:00,Completed,2026-03-13 12:20:00,2026-03-18 17:10:00
4032,4032,2,2025-07-08 15:31:00,2025-07-09 19:31:00,2025-07-08 12:56:00,Completed,2025-07-08 15:31:00,2025-07-09 19:31:00
4033,4033,1,2026-02-03 12:03:00,2026-02-06 14:03:00,2026-02-07 14:25:00,Completed,2026-02-03 12:03:00,2026-02-07 14:25:00
4034,4034,3,2025-08-24 17:10:00,2025-08-25 21:10:00,2025-08-28 10:55:00,Completed,2025-08-24 17:10:00,2025-08-28 10:55:00
4035,4035,4,2025-09-28 11:08:00,2025-09-29 11:08:00,2025-10-03 11:41:00,Completed,2025-09-28 11:08:00,2025-10-03 11:41:00
4036,4036,3,2025-11-16 14:32:00,2025-11-19 21:32:00,2025-11-27 15:08:00,Completed,2025-11-16 14:32:00,2025-11-27 15:08:00
4037,4037,3,2025-10-19 16:52:00,2025-10-21 18:52:00,2025-10-19 12:54:00,Completed,2025-10-19 16:52:00,2025-10-21 18:52:00
4038,4038,1,2026-02-14 16:59:00,2026-02-16 00:59:00,2026-02-21 08:06:00,Completed,2026-02-14 16:59:00,2026-02-21 08:06:00
4039,4039,4,2026-01-25 09:45:00,2026-01-28 11:45:00,2026-02-11 16:02:00,Completed,2026-01-25 09:45:00,2026-02-11 16:02:00
4040,4040,4,2026-04-04 11:29:00,2026-04-06 15:29:00,2026-04-08 08:09:00,Completed,2026-04-04 11:29:00,2026-04-08 08:09:00
4041,4041,2,2025-12-31 10:26:00,2026-01-02 12:26:00,2026-01-04 08:09:00,Completed,2025-12-31 10:26:00,2026-01-04 08:09:00
4042,4042,5,2025-09-01 16:32:00,2025-09-04 17:32:00,2025-09-10 18:06:00,Completed,2025-09-01 16:32:00,2025-09-10 18:06:00
4043,4043,1,2025-11-11 09:30:00,2025-11-14 12:30:00,2025-11-17 09:12:00,Completed,2025-11-11 09:30:00,2025-11-17 09:12:00
4044,4044,2,2026-03-06 17:10:00,2026-03-08 01:10:00,2026-03-07 08:50:00,Completed,2026-03-06 17:10:00,2026-03-08 01:10:00
4045,4045,4,2025-10-18 17:17:00,2025-10-21 21:17:00,2025-10-23 14:49:00,Completed,2025-10-18 17:17:00,2025-10-23 14:49:00
4046,4046,3,2026-02-25 15:06:00,2026-02-28 23:06:00,2026-03-04 11:11:00,Completed,2026-02-25 15:06:00,2026-03-04 11:11:00
4047,4047,4,2025-09-15 09:21:00,2025-09-18 10:21:00,2025-09-20 13:49:00,Completed,2025-09-15 09:21:00,2025-09-20 13:49:00
4048,4048,4,2025-10-08 08:11:00,2025-10-11 13:11:00,2025-10-10 16:34:00,Completed,2025-10-08 08:11:00,2025-10-11 13:11:00
4049,4049,5,2026-03-25 08:23:00,2026-03-28 14:23:00,2026-03-30 18:22:00,Completed,2026-03-25 08:23:00,2026-03-30 18:22:00
4050,4050,3,2025-10-19 09:25:00,2025-10-20 10:25:00,,Delivered,2025-10-19 09:25:00,2025-10-20 10:25:00
4051,4051,1,2026-04-02 16:10:00,2026-04-04 21:10:00,2026-04-10 09:27:00,Completed,2026-04-02 16:10:00,2026-04-10 09:27:00
4052,4052,2,2026-05-08 13:19:00,2026-05-11 18:19:00,,Delivered,2026-05-08 13:19:00,2026-05-11 18:19:00
4053,4053,3,2026-04-14 16:11:00,2026-04-16 18:11:00,2026-04-21 09:43:00,Completed,2026-04-14 16:11:00,2026-04-21 09:43:00
4054,4054,4,2025-12-29 17:23:00,2025-12-30 19:23:00,2026-01-08 16:40:00,Completed,2025-12-29 17:23:00,2026-01-08 16:40:00
4055,4055,5,2025-10-23 15:41:00,2025-10-25 17:41:00,2025-11-02 10:09:00,Completed,2025-10-23 15:41:00,2025-11-02 10:09:00
4056,4056,5,2026-05-10 12:23:00,2026-05-12 12:23:00,2026-05-15 10:28:00,Completed,2026-05-10 12:23:00,2026-05-15 10:28:00
4057,4057,3,2026-03-03 16:13:00,2026-03-07 00:13:00,,Delivered,2026-03-03 16:13:00,2026-03-07 00:13:00
4058,4058,4,2026-02-12 16:37:00,2026-02-15 19:37:00,2026-02-15 18:10:00,Completed,2026-02-12 16:37:00,2026-02-15 19:37:00
4059,4059,4,2026-04-18 17:44:00,2026-04-21 22:44:00,2026-04-19 18:33:00,Completed,2026-04-18 17:44:00,2026-04-21 22:44:00
4060,4060,5,2025-08-03 18:45:00,2025-08-04 22:45:00,2025-08-09 09:04:00,Completed,2025-08-03 18:45:00,2025-08-09 09:04:00
4061,4061,3,2026-05-24 11:46:00,2026-05-27 13:46:00,,Delivered,2026-05-24 11:46:00,2026-05-27 13:46:00
4062,4062,4,2026-03-26 17:58:00,2026-03-28 23:58:00,2026-03-26 09:09:00,Completed,2026-03-26 17:58:00,2026-03-28 23:58:00
4063,4063,4,2025-10-21 14:54:00,2025-10-23 17:54:00,2025-11-02 08:58:00,Completed,2025-10-21 14:54:00,2025-11-02 08:58:00
4064,4064,5,2025-07-25 18:28:00,2025-07-26 22:28:00,2025-08-01 12:21:00,Completed,2025-07-25 18:28:00,2025-08-01 12:21:00
4065,4065,1,2026-04-12 18:01:00,2026-04-13 18:01:00,2026-04-21 14:30:00,Completed,2026-04-12 18:01:00,2026-04-21 14:30:00
4066,4066,3,2025-11-01 15:54:00,2025-11-03 18:54:00,2025-11-01 10:36:00,Completed,2025-11-01 15:54:00,2025-11-03 18:54:00
4067,4067,3,2025-10-06 11:39:00,2025-10-07 13:39:00,2025-10-13 09:54:00,Completed,2025-10-06 11:39:00,2025-10-13 09:54:00
4068,4068,2,2026-01-10 11:12:00,2026-01-13 16:12:00,,Delivered,2026-01-10 11:12:00,2026-01-13 16:12:00
4069,4069,1,2025-07-25 12:27:00,2025-07-26 19:27:00,2025-07-25 12:33:00,Completed,2025-07-25 12:27:00,2025-07-26 19:27:00
4070,4070,2,2026-02-10 17:11:00,2026-02-13 22:11:00,,Delivered,2026-02-10 17:11:00,2026-02-13 22:11:00
4071,4071,5,2025-09-06 09:03:00,2025-09-08 10:03:00,2025-09-23 17:33:00,Completed,2025-09-06 09:03:00,2025-09-23 17:33:00
4072,4072,4,2026-03-01 15:59:00,2026-03-03 18:59:00,2026-03-05 14:53:00,Completed,2026-03-01 15:59:00,2026-03-05 14:53:00
4073,4073,1,2026-03-09 12:40:00,2026-03-11 18:40:00,2026-03-18 13:25:00,Completed,2026-03-09 12:40:00,2026-03-18 13:25:00
4074,4074,4,2026-02-16 17:25:00,2026-02-18 23:25:00,2026-02-20 14:58:00,Completed,2026-02-16 17:25:00,2026-02-20 14:58:00
4075,4075,5,2025-12-05 11:45:00,2025-12-06 11:45:00,2025-12-11 14:46:00,Completed,2025-12-05 11:45:00,2025-12-11 14:46:00
4076,4076,3,2025-12-30 12:51:00,2026-01-01 13:51:00,2026-01-18 14:49:00,Completed,2025-12-30 12:51:00,2026-01-18 14:49:00
4077,4077,5,2025-09-07 17:16:00,2025-09-10 20:16:00,2025-09-10 18:50:00,Completed,2025-09-07 17:16:00,2025-09-10 20:16:00
4078,4078,5,2026-02-01 16:05:00,2026-02-03 16:05:00,,Delivered,2026-02-01 16:05:00,2026-02-03 16:05:00
4079,4079,4,2026-05-06 09:02:00,2026-05-09 12:02:00,2026-05-26 15:43:00,Completed,2026-05-06 09:02:00,2026-05-26 15:43:00
4080,4080,1,2025-12-28 09:58:00,2025-12-30 16:58:00,2026-01-01 15:45:00,Completed,2025-12-28 09:58:00,2026-01-01 15:45:00
4081,4081,1,2026-02-18 17:56:00,2026-02-20 00:56:00,2026-02-21 08:12:00,Completed,2026-02-18 17:56:00,2026-02-21 08:12:00
4082,4082,5,2026-05-06 13:00:00,2026-05-08 14:00:00,2026-05-10 18:10:00,Completed,2026-05-06 13:00:00,2026-05-10 18:10:00
4083,4083,3,2025-09-21 17:39:00,2025-09-23 21:39:00,2025-09-21 11:44:00,Completed,2025-09-21 17:39:00,2025-09-23 21:39:00
4084,4084,3,2026-04-14 08:07:00,2026-04-15 09:07:00,2026-04-28 13:36:00,Completed,2026-04-14 08:07:00,2026-04-28 13:36:00
4085,4085,4,2025-10-17 13:18:00,2025-10-20 20:18:00,2025-10-26 13:13:00,Completed,2025-10-17 13:18:00,2025-10-26 13:13:00
4086,4086,5,2025-10-06 18:11:00,2025-10-09 19:11:00,2025-10-13 08:21:00,Completed,2025-10-06 18:11:00,2025-10-13 08:21:00
4087,4087,5,2025-11-18 12:17:00,2025-11-19 12:17:00,2025-11-23 15:06:00,Completed,2025-11-18 12:17:00,2025-11-23 15:06:00
4088,4088,3,2025-12-20 11:22:00,2025-12-22 13:22:00,2025-12-22 13:08:00,Completed,2025-12-20 11:22:00,2025-12-22 13:22:00
4089,4089,2,2026-01-19 15:03:00,2026-01-22 18:03:00,2026-01-20 10:36:00,Completed,2026-01-19 15:03:00,2026-01-22 18:03:00
4090,4090,4,2026-02-27 12:16:00,2026-02-28 18:16:00,2026-03-23 16:32:00,Completed,2026-02-27 12:16:00,2026-03-23 16:32:00
4091,4091,1,2026-04-07 12:07:00,2026-04-08 12:07:00,2026-05-01 09:20:00,Completed,2026-04-07 12:07:00,2026-05-01 09:20:00
4092,4092,2,2026-02-16 18:29:00,2026-02-18 18:29:00,2026-02-22 12:17:00,Completed,2026-02-16 18:29:00,2026-02-22 12:17:00
4093,4093,4,2025-12-02 10:04:00,2025-12-03 18:04:00,2025-12-12 09:23:00,Completed,2025-12-02 10:04:00,2025-12-12 09:23:00
4094,4094,4,2025-06-20 08:57:00,2025-06-23 11:57:00,2025-07-03 15:16:00,Completed,2025-06-20 08:57:00,2025-07-03 15:16:00
4095,4095,5,2025-12-23 11:12:00,2025-12-26 18:12:00,2025-12-23 08:15:00,Completed,2025-12-23 11:12:00,2025-12-26 18:12:00
4096,4096,5,2026-02-09 08:43:00,2026-02-11 10:43:00,,Delivered,2026-02-09 08:43:00,2026-02-11 10:43:00
4097,4097,1,2025-08-08 10:13:00,2025-08-09 18:13:00,2025-08-15 10:24:00,Completed,2025-08-08 10:13:00,2025-08-15 10:24:00
4098,4098,1,2026-05-10 08:44:00,2026-05-12 12:44:00,2026-05-23 11:12:00,Completed,2026-05-10 08:44:00,2026-05-23 11:12:00
4099,4099,4,2025-10-31 13:06:00,2025-11-02 13:06:00,2025-11-03 10:26:00,Completed,2025-10-31 13:06:00,2025-11-03 10:26:00
4100,4100,3,2026-04-04 13:08:00,2026-04-05 20:08:00,2026-04-18 09:50:00,Completed,2026-04-04 13:08:00,2026-04-18 09:50:00
4101,4101,4,2025-12-06 11:55:00,2025-12-09 13:55:00,2025-12-20 08:08:00,Completed,2025-12-06 11:55:00,2025-12-20 08:08:00
4102,4102,4,2025-12-29 12:32:00,2025-12-30 16:32:00,2026-01-01 08:00:00,Completed,2025-12-29 12:32:00,2026-01-01 08:00:00
4103,4103,2,2025-11-30 14:47:00,2025-12-01 22:47:00,2025-11-30 10:05:00,Completed,2025-11-30 14:47:00,2025-12-01 22:47:00
4104,4104,4,2025-09-19 15:15:00,2025-09-22 20:15:00,2025-09-25 18:52:00,Completed,2025-09-19 15:15:00,2025-09-25 18:52:00
4105,4105,1,2026-01-29 08:09:00,2026-01-31 09:09:00,2026-02-05 09:26:00,Completed,2026-01-29 08:09:00,2026-02-05 09:26:00
4106,4106,3,2025-06-21 18:36:00,2025-06-23 00:36:00,2025-06-28 15:33:00,Completed,2025-06-21 18:36:00,2025-06-28 15:33:00
4107,4107,3,2026-01-13 11:39:00,2026-01-16 11:39:00,2026-01-19 09:48:00,Completed,2026-01-13 11:39:00,2026-01-19 09:48:00
4108,4108,1,2025-07-29 11:56:00,2025-07-30 13:56:00,2025-07-29 18:31:00,Completed,2025-07-29 11:56:00,2025-07-30 13:56:00
4109,4109,4,2026-03-13 13:45:00,2026-03-16 16:45:00,2026-03-14 12:21:00,Completed,2026-03-13 13:45:00,2026-03-16 16:45:00
4110,4110,4,2026-01-11 09:33:00,2026-01-12 13:33:00,2026-01-12 16:23:00,Completed,2026-01-11 09:33:00,2026-01-12 16:23:00
4111,4111,1,2025-10-15 10:26:00,2025-10-17 16:26:00,2025-10-18 16:38:00,Completed,2025-10-15 10:26:00,2025-10-18 16:38:00
4112,4112,5,2025-11-28 14:05:00,2025-12-01 16:05:00,2025-11-29 14:26:00,Completed,2025-11-28 14:05:00,2025-12-01 16:05:00
4113,4113,1,2025-12-11 10:00:00,2025-12-13 14:00:00,2025-12-20 08:58:00,Completed,2025-12-11 10:00:00,2025-12-20 08:58:00
4114,4114,4,2025-10-25 18:39:00,2025-10-27 18:39:00,2025-10-25 09:32:00,Completed,2025-10-25 18:39:00,2025-10-27 18:39:00
4115,4115,1,2025-09-23 08:59:00,2025-09-25 08:59:00,2025-09-30 11:22:00,Completed,2025-09-23 08:59:00,2025-09-30 11:22:00
4116,4116,4,2025-12-28 08:18:00,2025-12-30 14:18:00,2026-01-06 08:58:00,Completed,2025-12-28 08:18:00,2026-01-06 08:58:00
4117,4117,4,2026-05-20 17:17:00,2026-05-22 22:17:00,2026-05-27 18:12:00,Completed,2026-05-20 17:17:00,2026-05-27 18:12:00
4118,4118,4,2025-07-31 17:07:00,2025-08-01 19:07:00,2025-08-04 09:55:00,Completed,2025-07-31 17:07:00,2025-08-04 09:55:00
4119,4119,5,2025-10-31 14:05:00,2025-11-03 19:05:00,2025-11-02 12:48:00,Completed,2025-10-31 14:05:00,2025-11-03 19:05:00
4120,4120,5,2026-01-11 18:02:00,2026-01-14 19:02:00,2026-01-29 09:04:00,Completed,2026-01-11 18:02:00,2026-01-29 09:04:00
4121,4121,5,2026-03-13 10:49:00,2026-03-14 15:49:00,2026-03-22 17:46:00,Completed,2026-03-13 10:49:00,2026-03-22 17:46:00
4122,4122,1,2025-12-18 11:14:00,2025-12-19 11:14:00,2025-12-23 12:46:00,Completed,2025-12-18 11:14:00,2025-12-23 12:46:00
4123,4123,1,2026-04-25 11:42:00,2026-04-26 14:42:00,2026-04-28 14:59:00,Completed,2026-04-25 11:42:00,2026-04-28 14:59:00
4124,4124,1,2025-06-18 11:31:00,2025-06-20 14:31:00,2025-06-23 17:10:00,Completed,2025-06-18 11:31:00,2025-06-23 17:10:00
4125,4125,5,2025-10-18 16:19:00,2025-10-21 20:19:00,2025-10-21 08:15:00,Completed,2025-10-18 16:19:00,2025-10-21 20:19:00
4126,4126,3,2026-04-20 12:53:00,2026-04-22 20:53:00,2026-04-30 11:03:00,Completed,2026-04-20 12:53:00,2026-04-30 11:03:00
4127,4127,5,2025-07-05 15:22:00,2025-07-08 16:22:00,2025-07-05 10:48:00,Completed,2025-07-05 15:22:00,2025-07-08 16:22:00
4128,4128,3,2025-08-05 16:15:00,2025-08-09 00:15:00,2025-08-14 13:47:00,Completed,2025-08-05 16:15:00,2025-08-14 13:47:00
4129,4129,4,2025-07-19 08:16:00,2025-07-22 10:16:00,2025-07-31 18:31:00,Completed,2025-07-19 08:16:00,2025-07-31 18:31:00
4130,4130,1,2025-11-12 13:25:00,2025-11-15 21:25:00,2025-11-27 09:16:00,Completed,2025-11-12 13:25:00,2025-11-27 09:16:00
4131,4131,5,2026-02-05 16:58:00,2026-02-08 21:58:00,2026-02-13 15:09:00,Completed,2026-02-05 16:58:00,2026-02-13 15:09:00
4132,4132,5,2025-08-24 17:55:00,2025-08-26 21:55:00,2025-08-30 09:40:00,Completed,2025-08-24 17:55:00,2025-08-30 09:40:00
4133,4133,4,2025-07-03 08:58:00,2025-07-05 09:58:00,2025-07-17 15:09:00,Completed,2025-07-03 08:58:00,2025-07-17 15:09:00
4134,4134,2,2025-11-11 09:01:00,2025-11-13 17:01:00,2025-11-13 11:56:00,Completed,2025-11-11 09:01:00,2025-11-13 17:01:00
4135,4135,2,2026-04-12 17:37:00,2026-04-13 20:37:00,2026-04-12 11:04:00,Completed,2026-04-12 17:37:00,2026-04-13 20:37:00
4136,4136,5,2025-11-04 14:49:00,2025-11-07 19:49:00,2025-11-09 09:40:00,Completed,2025-11-04 14:49:00,2025-11-09 09:40:00
4137,4137,2,2025-10-29 11:51:00,2025-10-31 17:51:00,2025-11-12 11:08:00,Completed,2025-10-29 11:51:00,2025-11-12 11:08:00
4138,4138,3,2025-10-18 09:53:00,2025-10-19 14:53:00,2025-10-29 16:26:00,Completed,2025-10-18 09:53:00,2025-10-29 16:26:00
4139,4139,1,2025-06-22 11:45:00,2025-06-25 18:45:00,2025-06-28 09:31:00,Completed,2025-06-22 11:45:00,2025-06-28 09:31:00
4140,4140,4,2025-12-14 16:10:00,2025-12-17 18:10:00,2025-12-17 15:38:00,Completed,2025-12-14 16:10:00,2025-12-17 18:10:00
4141,4141,5,2025-07-14 15:45:00,2025-07-15 22:45:00,2025-07-17 16:39:00,Completed,2025-07-14 15:45:00,2025-07-17 16:39:00
4142,4142,5,2026-02-03 16:54:00,2026-02-05 00:54:00,2026-02-09 17:28:00,Completed,2026-02-03 16:54:00,2026-02-09 17:28:00
4143,4143,1,2025-08-10 16:07:00,2025-08-11 18:07:00,2025-08-25 08:50:00,Completed,2025-08-10 16:07:00,2025-08-25 08:50:00
4144,4144,2,2025-10-01 10:19:00,2025-10-03 15:19:00,2025-10-05 08:24:00,Completed,2025-10-01 10:19:00,2025-10-05 08:24:00
4145,4145,2,2025-07-08 17:20:00,2025-07-09 17:20:00,2025-07-09 17:27:00,Completed,2025-07-08 17:20:00,2025-07-09 17:27:00
4146,4146,1,2026-02-04 11:38:00,2026-02-06 17:38:00,2026-02-05 10:29:00,Completed,2026-02-04 11:38:00,2026-02-06 17:38:00
4147,4147,4,2025-09-29 17:21:00,2025-10-02 18:21:00,2025-09-30 10:19:00,Completed,2025-09-29 17:21:00,2025-10-02 18:21:00
4148,4148,5,2026-05-02 10:17:00,2026-05-04 10:17:00,2026-05-02 18:15:00,Completed,2026-05-02 10:17:00,2026-05-04 10:17:00
4149,4149,5,2025-09-17 12:56:00,2025-09-19 19:56:00,2025-09-27 11:53:00,Completed,2025-09-17 12:56:00,2025-09-27 11:53:00
4150,4150,1,2026-05-15 12:39:00,2026-05-17 14:39:00,2026-05-26 09:21:00,Completed,2026-05-15 12:39:00,2026-05-26 09:21:00
4151,4151,1,2026-04-01 15:51:00,2026-04-02 19:51:00,2026-04-20 09:59:00,Completed,2026-04-01 15:51:00,2026-04-20 09:59:00
4152,4152,5,2026-01-27 17:55:00,2026-01-28 20:55:00,,Delivered,2026-01-27 17:55:00,2026-01-28 20:55:00
4153,4153,4,2026-01-27 12:45:00,2026-01-29 17:45:00,2026-02-03 10:04:00,Completed,2026-01-27 12:45:00,2026-02-03 10:04:00
4154,4154,5,2025-06-07 08:40:00,2025-06-10 10:40:00,2025-06-14 18:38:00,Completed,2025-06-07 08:40:00,2025-06-14 18:38:00
4155,4155,2,2026-05-04 17:20:00,2026-05-07 18:20:00,2026-05-27 14:33:00,Completed,2026-05-04 17:20:00,2026-05-27 14:33:00
4156,4156,2,2026-04-23 18:07:00,2026-04-26 02:07:00,2026-05-10 12:04:00,Completed,2026-04-23 18:07:00,2026-05-10 12:04:00
4157,4157,4,2026-04-20 14:56:00,2026-04-21 16:56:00,2026-04-27 13:05:00,Completed,2026-04-20 14:56:00,2026-04-27 13:05:00
4158,4158,1,2025-06-07 10:45:00,2025-06-08 11:45:00,2025-06-09 12:00:00,Completed,2025-06-07 10:45:00,2025-06-09 12:00:00
4159,4159,4,2026-01-24 12:02:00,2026-01-26 12:02:00,2026-02-03 11:50:00,Completed,2026-01-24 12:02:00,2026-02-03 11:50:00
4160,4160,1,2026-03-22 10:24:00,2026-03-25 12:24:00,2026-03-26 14:32:00,Completed,2026-03-22 10:24:00,2026-03-26 14:32:00
4161,4161,2,2025-12-17 11:34:00,2025-12-19 16:34:00,2025-12-19 11:41:00,Completed,2025-12-17 11:34:00,2025-12-19 16:34:00
4162,4162,2,2025-07-03 13:08:00,2025-07-06 16:08:00,2025-07-06 16:13:00,Completed,2025-07-03 13:08:00,2025-07-06 16:13:00
4163,4163,5,2025-07-20 17:54:00,2025-07-23 18:54:00,2025-07-20 14:52:00,Completed,2025-07-20 17:54:00,2025-07-23 18:54:00
4164,4164,5,2025-07-28 17:46:00,2025-07-29 22:46:00,2025-08-11 08:45:00,Completed,2025-07-28 17:46:00,2025-08-11 08:45:00
4165,4165,2,2026-03-07 15:52:00,2026-03-08 16:52:00,2026-03-12 13:59:00,Completed,2026-03-07 15:52:00,2026-03-12 13:59:00
4166,4166,5,2025-08-02 16:55:00,2025-08-04 16:55:00,2025-08-08 16:53:00,Completed,2025-08-02 16:55:00,2025-08-08 16:53:00
4167,4167,1,2025-10-08 13:03:00,2025-10-11 14:03:00,2025-10-16 09:16:00,Completed,2025-10-08 13:03:00,2025-10-16 09:16:00
4168,4168,2,2026-03-11 15:34:00,2026-03-13 23:34:00,,Delivered,2026-03-11 15:34:00,2026-03-13 23:34:00
4169,4169,5,2025-08-17 17:37:00,2025-08-20 17:37:00,2025-08-20 12:07:00,Completed,2025-08-17 17:37:00,2025-08-20 17:37:00
4170,4170,5,2026-04-26 16:39:00,2026-04-28 16:39:00,2026-05-07 08:59:00,Completed,2026-04-26 16:39:00,2026-05-07 08:59:00
4171,4171,5,2025-06-11 15:50:00,2025-06-13 19:50:00,2025-06-12 09:57:00,Completed,2025-06-11 15:50:00,2025-06-13 19:50:00
4172,4172,5,2026-05-10 13:35:00,2026-05-11 19:35:00,2026-05-11 12:53:00,Completed,2026-05-10 13:35:00,2026-05-11 19:35:00
4173,4173,5,2025-12-26 17:11:00,2025-12-27 19:11:00,2025-12-26 17:18:00,Completed,2025-12-26 17:11:00,2025-12-27 19:11:00
4174,4174,5,2026-04-07 15:59:00,2026-04-10 16:59:00,2026-04-28 09:39:00,Completed,2026-04-07 15:59:00,2026-04-28 09:39:00
4175,4175,5,2026-01-21 12:17:00,2026-01-23 17:17:00,2026-01-29 16:53:00,Completed,2026-01-21 12:17:00,2026-01-29 16:53:00
4176,4176,5,2025-06-06 13:17:00,2025-06-09 20:17:00,2025-06-16 14:23:00,Completed,2025-06-06 13:17:00,2025-06-16 14:23:00
4177,4177,3,2026-02-24 14:08:00,2026-02-26 15:08:00,2026-03-02 16:16:00,Completed,2026-02-24 14:08:00,2026-03-02 16:16:00
4178,4178,2,2025-08-25 18:17:00,2025-08-27 18:17:00,2025-08-28 12:34:00,Completed,2025-08-25 18:17:00,2025-08-28 12:34:00
4179,4179,1,2025-08-27 17:59:00,2025-08-29 01:59:00,2025-08-31 17:14:00,Completed,2025-08-27 17:59:00,2025-08-31 17:14:00
4180,4180,3,2025-07-02 15:42:00,2025-07-05 21:42:00,2025-07-08 12:45:00,Completed,2025-07-02 15:42:00,2025-07-08 12:45:00
4181,4181,4,2025-08-14 12:17:00,2025-08-17 13:17:00,2025-08-24 16:41:00,Completed,2025-08-14 12:17:00,2025-08-24 16:41:00
4182,4182,3,2026-04-15 14:25:00,2026-04-18 22:25:00,2026-04-28 10:55:00,Completed,2026-04-15 14:25:00,2026-04-28 10:55:00
4183,4183,4,2025-06-24 17:58:00,2025-06-26 19:58:00,2025-06-30 11:51:00,Completed,2025-06-24 17:58:00,2025-06-30 11:51:00
4184,4184,3,2025-06-21 10:36:00,2025-06-24 10:36:00,2025-06-22 13:47:00,Completed,2025-06-21 10:36:00,2025-06-24 10:36:00
4185,4185,2,2026-02-11 08:53:00,2026-02-14 16:53:00,2026-02-13 16:12:00,Completed,2026-02-11 08:53:00,2026-02-14 16:53:00
4186,4186,5,2025-09-02 09:39:00,2025-09-05 14:39:00,2025-09-17 10:34:00,Completed,2025-09-02 09:39:00,2025-09-17 10:34:00
4187,4187,1,2025-10-03 14:11:00,2025-10-05 18:11:00,2025-10-09 15:27:00,Completed,2025-10-03 14:11:00,2025-10-09 15:27:00
4188,4188,5,2025-10-13 10:04:00,2025-10-14 12:04:00,2025-10-19 17:51:00,Completed,2025-10-13 10:04:00,2025-10-19 17:51:00
4189,4189,5,2025-06-24 09:06:00,2025-06-26 09:06:00,2025-06-25 08:37:00,Completed,2025-06-24 09:06:00,2025-06-26 09:06:00
4190,4190,2,2025-09-10 14:22:00,2025-09-11 20:22:00,2025-09-16 18:39:00,Completed,2025-09-10 14:22:00,2025-09-16 18:39:00
4191,4191,4,2026-04-18 17:30:00,2026-04-20 00:30:00,2026-04-20 16:31:00,Completed,2026-04-18 17:30:00,2026-04-20 16:31:00
4192,4192,5,2026-04-28 13:49:00,2026-04-29 15:49:00,2026-05-08 09:39:00,Completed,2026-04-28 13:49:00,2026-05-08 09:39:00
4193,4193,4,2025-08-30 18:06:00,2025-09-02 02:06:00,2025-08-30 12:12:00,Completed,2025-08-30 18:06:00,2025-09-02 02:06:00
4194,4194,4,2025-09-19 17:37:00,2025-09-22 01:37:00,2025-10-06 08:00:00,Completed,2025-09-19 17:37:00,2025-10-06 08:00:00
4195,4195,2,2026-02-09 10:26:00,2026-02-11 13:26:00,2026-02-13 13:32:00,Completed,2026-02-09 10:26:00,2026-02-13 13:32:00
4196,4196,4,2026-03-01 15:25:00,2026-03-02 17:25:00,2026-03-03 15:01:00,Completed,2026-03-01 15:25:00,2026-03-03 15:01:00
4197,4197,5,2025-08-31 15:33:00,2025-09-03 18:33:00,2025-09-20 10:13:00,Completed,2025-08-31 15:33:00,2025-09-20 10:13:00
4198,4198,1,2025-11-22 08:27:00,2025-11-25 10:27:00,2025-11-28 14:31:00,Completed,2025-11-22 08:27:00,2025-11-28 14:31:00
4199,4199,3,2025-07-26 12:58:00,2025-07-28 19:58:00,2025-08-12 17:29:00,Completed,2025-07-26 12:58:00,2025-08-12 17:29:00
4200,4200,4,2025-12-01 11:30:00,2025-12-03 15:30:00,2025-12-15 08:27:00,Completed,2025-12-01 11:30:00,2025-12-15 08:27:00
4201,4201,5,2025-06-08 14:29:00,2025-06-11 16:29:00,2025-06-22 11:18:00,Completed,2025-06-08 14:29:00,2025-06-22 11:18:00
4202,4202,5,2025-12-12 14:57:00,2025-12-13 19:57:00,2025-12-13 13:18:00,Completed,2025-12-12 14:57:00,2025-12-13 19:57:00
4203,4203,1,2025-06-13 18:01:00,2025-06-14 20:01:00,2025-06-18 12:29:00,Completed,2025-06-13 18:01:00,2025-06-18 12:29:00
4204,4204,4,2026-05-17 16:23:00,2026-05-18 17:23:00,2026-06-01 14:17:00,Completed,2026-05-17 16:23:00,2026-06-01 14:17:00
4205,4205,3,2025-08-24 18:58:00,2025-08-28 02:58:00,2025-09-12 16:57:00,Completed,2025-08-24 18:58:00,2025-09-12 16:57:00
4206,4206,3,2026-01-23 08:29:00,2026-01-26 15:29:00,2026-02-04 12:35:00,Completed,2026-01-23 08:29:00,2026-02-04 12:35:00
4207,4207,1,2026-05-29 17:17:00,2026-06-01 19:17:00,2026-06-05 18:24:00,Completed,2026-05-29 17:17:00,2026-06-05 18:24:00
4208,4208,3,2025-12-24 18:25:00,2025-12-26 20:25:00,,Delivered,2025-12-24 18:25:00,2025-12-26 20:25:00
4209,4209,3,2025-08-11 10:11:00,2025-08-13 18:11:00,2025-08-21 08:19:00,Completed,2025-08-11 10:11:00,2025-08-21 08:19:00
4210,4210,5,2025-12-17 08:26:00,2025-12-18 12:26:00,2025-12-27 15:29:00,Completed,2025-12-17 08:26:00,2025-12-27 15:29:00
4211,4211,1,2026-01-14 18:08:00,2026-01-17 22:08:00,,Delivered,2026-01-14 18:08:00,2026-01-17 22:08:00
4212,4212,4,2025-09-18 08:23:00,2025-09-21 10:23:00,2025-09-18 18:12:00,Completed,2025-09-18 08:23:00,2025-09-21 10:23:00
4213,4213,5,2025-09-28 16:05:00,2025-10-01 17:05:00,2025-10-07 18:42:00,Completed,2025-09-28 16:05:00,2025-10-07 18:42:00
4214,4214,1,2025-08-24 16:36:00,2025-08-25 16:36:00,2025-08-28 09:12:00,Completed,2025-08-24 16:36:00,2025-08-28 09:12:00
4215,4215,4,2025-09-05 11:12:00,2025-09-06 11:12:00,2025-09-06 18:36:00,Completed,2025-09-05 11:12:00,2025-09-06 18:36:00
4216,4216,4,2025-09-17 09:01:00,2025-09-18 13:01:00,2025-10-07 13:32:00,Completed,2025-09-17 09:01:00,2025-10-07 13:32:00
4217,4217,3,2026-04-30 13:42:00,2026-05-01 19:42:00,2026-05-10 12:11:00,Completed,2026-04-30 13:42:00,2026-05-10 12:11:00
4218,4218,5,2025-07-29 18:47:00,2025-07-30 23:47:00,2025-08-01 18:06:00,Completed,2025-07-29 18:47:00,2025-08-01 18:06:00
4219,4219,5,2026-02-01 17:39:00,2026-02-04 20:39:00,2026-02-07 17:34:00,Completed,2026-02-01 17:39:00,2026-02-07 17:34:00
4220,4220,1,2025-12-23 16:36:00,2025-12-26 16:36:00,2025-12-29 10:46:00,Completed,2025-12-23 16:36:00,2025-12-29 10:46:00
4221,4221,5,2025-08-26 09:28:00,2025-08-29 15:28:00,2025-08-29 09:34:00,Completed,2025-08-26 09:28:00,2025-08-29 15:28:00
4222,4222,5,2025-07-22 14:51:00,2025-07-23 20:51:00,2025-07-31 13:22:00,Completed,2025-07-22 14:51:00,2025-07-31 13:22:00
4223,4223,5,2026-02-05 16:33:00,2026-02-08 19:33:00,,Delivered,2026-02-05 16:33:00,2026-02-08 19:33:00
4224,4224,2,2025-07-06 09:23:00,2025-07-07 15:23:00,2025-07-07 11:48:00,Completed,2025-07-06 09:23:00,2025-07-07 15:23:00
4225,4225,4,2026-02-13 14:45:00,2026-02-15 16:45:00,2026-02-14 17:32:00,Completed,2026-02-13 14:45:00,2026-02-15 16:45:00
4226,4226,1,2025-10-11 16:59:00,2025-10-12 20:59:00,2025-10-30 14:44:00,Completed,2025-10-11 16:59:00,2025-10-30 14:44:00
4227,4227,3,2025-11-06 13:16:00,2025-11-08 21:16:00,2025-11-13 16:41:00,Completed,2025-11-06 13:16:00,2025-11-13 16:41:00
4228,4228,4,2026-04-12 14:14:00,2026-04-15 21:14:00,2026-04-14 16:57:00,Completed,2026-04-12 14:14:00,2026-04-15 21:14:00
4229,4229,3,2026-02-16 16:34:00,2026-02-19 20:34:00,2026-02-18 17:23:00,Completed,2026-02-16 16:34:00,2026-02-19 20:34:00
4230,4230,1,2025-06-15 15:07:00,2025-06-18 23:07:00,2025-06-20 11:03:00,Completed,2025-06-15 15:07:00,2025-06-20 11:03:00
4231,4231,5,2025-08-30 18:10:00,2025-09-02 01:10:00,2025-09-08 15:39:00,Completed,2025-08-30 18:10:00,2025-09-08 15:39:00
4232,4232,2,2026-01-12 16:39:00,2026-01-16 00:39:00,2026-01-12 14:51:00,Completed,2026-01-12 16:39:00,2026-01-16 00:39:00
4233,4233,4,2025-07-26 16:54:00,2025-07-30 00:54:00,2025-08-04 15:45:00,Completed,2025-07-26 16:54:00,2025-08-04 15:45:00
4234,4234,1,2026-03-12 18:08:00,2026-03-13 23:08:00,2026-03-23 12:01:00,Completed,2026-03-12 18:08:00,2026-03-23 12:01:00
4235,4235,2,2026-03-07 16:40:00,2026-03-11 00:40:00,2026-03-14 11:19:00,Completed,2026-03-07 16:40:00,2026-03-14 11:19:00
4236,4236,2,2026-05-26 09:46:00,2026-05-27 13:46:00,2026-06-01 09:58:00,Completed,2026-05-26 09:46:00,2026-06-01 09:58:00
4237,4237,5,2026-05-13 15:39:00,2026-05-16 22:39:00,2026-05-16 09:45:00,Completed,2026-05-13 15:39:00,2026-05-16 22:39:00
4238,4238,1,2026-01-05 09:54:00,2026-01-06 13:54:00,2026-01-10 10:05:00,Completed,2026-01-05 09:54:00,2026-01-10 10:05:00
4239,4239,5,2025-10-13 15:08:00,2025-10-16 21:08:00,2025-10-15 09:33:00,Completed,2025-10-13 15:08:00,2025-10-16 21:08:00
4240,4240,1,2025-08-19 15:48:00,2025-08-20 22:48:00,2025-09-07 14:36:00,Completed,2025-08-19 15:48:00,2025-09-07 14:36:00
4241,4241,5,2026-05-17 08:08:00,2026-05-18 09:08:00,2026-05-24 11:23:00,Completed,2026-05-17 08:08:00,2026-05-24 11:23:00
4242,4242,4,2025-06-06 15:20:00,2025-06-09 18:20:00,2025-06-10 13:15:00,Completed,2025-06-06 15:20:00,2025-06-10 13:15:00
4243,4243,4,2025-10-15 14:08:00,2025-10-18 20:08:00,2025-10-22 12:40:00,Completed,2025-10-15 14:08:00,2025-10-22 12:40:00
4244,4244,3,2025-09-05 17:16:00,2025-09-06 17:16:00,2025-09-15 15:43:00,Completed,2025-09-05 17:16:00,2025-09-15 15:43:00
4245,4245,4,2026-01-19 10:03:00,2026-01-20 11:03:00,2026-01-26 10:31:00,Completed,2026-01-19 10:03:00,2026-01-26 10:31:00
4246,4246,4,2026-05-24 17:00:00,2026-05-25 23:00:00,2026-06-05 09:38:00,Completed,2026-05-24 17:00:00,2026-06-05 09:38:00
4247,4247,1,2025-11-30 15:18:00,2025-12-01 21:18:00,2025-12-07 12:55:00,Completed,2025-11-30 15:18:00,2025-12-07 12:55:00
4248,4248,3,2025-12-29 10:23:00,2025-12-31 18:23:00,2026-01-06 12:39:00,Completed,2025-12-29 10:23:00,2026-01-06 12:39:00
4249,4249,4,2026-02-25 16:13:00,2026-02-28 22:13:00,2026-02-28 13:25:00,Completed,2026-02-25 16:13:00,2026-02-28 22:13:00
4250,4250,2,2026-03-13 17:51:00,2026-03-14 20:51:00,2026-03-21 09:52:00,Completed,2026-03-13 17:51:00,2026-03-21 09:52:00
4251,4251,4,2025-10-30 15:11:00,2025-11-01 16:11:00,2025-11-02 16:38:00,Completed,2025-10-30 15:11:00,2025-11-02 16:38:00
4252,4252,4,2025-12-17 17:52:00,2025-12-18 21:52:00,2025-12-24 17:21:00,Completed,2025-12-17 17:52:00,2025-12-24 17:21:00
4253,4253,5,2025-10-19 18:22:00,2025-10-22 23:22:00,2025-10-27 09:15:00,Completed,2025-10-19 18:22:00,2025-10-27 09:15:00
4254,4254,4,2026-05-16 12:16:00,2026-05-19 19:16:00,2026-05-22 13:50:00,Completed,2026-05-16 12:16:00,2026-05-22 13:50:00
4255,4255,4,2026-05-10 14:16:00,2026-05-11 19:16:00,2026-05-26 16:01:00,Completed,2026-05-10 14:16:00,2026-05-26 16:01:00
4256,4256,1,2025-12-15 08:24:00,2025-12-17 13:24:00,2025-12-21 13:59:00,Completed,2025-12-15 08:24:00,2025-12-21 13:59:00
4257,4257,5,2025-09-17 08:34:00,2025-09-20 08:34:00,2025-09-22 08:34:00,Completed,2025-09-17 08:34:00,2025-09-22 08:34:00
4258,4258,4,2026-03-13 14:08:00,2026-03-14 16:08:00,2026-03-17 09:56:00,Completed,2026-03-13 14:08:00,2026-03-17 09:56:00
4259,4259,2,2025-09-20 12:46:00,2025-09-23 13:46:00,2025-10-08 17:37:00,Completed,2025-09-20 12:46:00,2025-10-08 17:37:00
4260,4260,4,2025-10-09 13:57:00,2025-10-12 19:57:00,2025-10-10 16:05:00,Completed,2025-10-09 13:57:00,2025-10-12 19:57:00
4261,4261,5,2026-05-26 14:06:00,2026-05-29 22:06:00,2026-05-27 13:49:00,Completed,2026-05-26 14:06:00,2026-05-29 22:06:00
4262,4262,5,2025-06-20 18:14:00,2025-06-21 18:14:00,2025-06-21 15:48:00,Completed,2025-06-20 18:14:00,2025-06-21 18:14:00
4263,4263,4,2025-08-17 10:19:00,2025-08-20 12:19:00,2025-09-01 17:20:00,Completed,2025-08-17 10:19:00,2025-09-01 17:20:00
4264,4264,4,2026-04-18 17:00:00,2026-04-19 20:00:00,2026-05-04 09:50:00,Completed,2026-04-18 17:00:00,2026-05-04 09:50:00
4265,4265,5,2026-05-08 09:26:00,2026-05-10 15:26:00,2026-05-22 15:50:00,Completed,2026-05-08 09:26:00,2026-05-22 15:50:00
4266,4266,2,2025-08-09 09:20:00,2025-08-11 14:20:00,2025-08-15 15:03:00,Completed,2025-08-09 09:20:00,2025-08-15 15:03:00
4267,4267,1,2025-09-14 12:27:00,2025-09-17 15:27:00,2025-09-26 11:47:00,Completed,2025-09-14 12:27:00,2025-09-26 11:47:00
4268,4268,4,2026-01-07 17:10:00,2026-01-10 21:10:00,2026-01-17 15:15:00,Completed,2026-01-07 17:10:00,2026-01-17 15:15:00
4269,4269,2,2025-10-21 13:40:00,2025-10-23 17:40:00,2025-10-23 09:21:00,Completed,2025-10-21 13:40:00,2025-10-23 17:40:00
4270,4270,4,2025-06-30 08:52:00,2025-07-01 08:52:00,2025-07-04 16:59:00,Completed,2025-06-30 08:52:00,2025-07-04 16:59:00
4271,4271,2,2025-10-10 12:33:00,2025-10-11 12:33:00,2025-10-16 18:55:00,Completed,2025-10-10 12:33:00,2025-10-16 18:55:00
4272,4272,2,2025-11-21 11:56:00,2025-11-23 16:56:00,2025-11-28 14:15:00,Completed,2025-11-21 11:56:00,2025-11-28 14:15:00
4273,4273,5,2026-02-11 17:29:00,2026-02-13 01:29:00,2026-02-11 11:10:00,Completed,2026-02-11 17:29:00,2026-02-13 01:29:00
4274,4274,2,2026-01-09 13:47:00,2026-01-10 13:47:00,2026-01-18 09:35:00,Completed,2026-01-09 13:47:00,2026-01-18 09:35:00
4275,4275,1,2025-07-24 08:44:00,2025-07-26 14:44:00,2025-07-24 09:26:00,Completed,2025-07-24 08:44:00,2025-07-26 14:44:00
4276,4276,5,2025-07-11 11:46:00,2025-07-14 19:46:00,2025-07-17 13:52:00,Completed,2025-07-11 11:46:00,2025-07-17 13:52:00
4277,4277,1,2026-03-12 11:31:00,2026-03-13 16:31:00,2026-03-13 10:12:00,Completed,2026-03-12 11:31:00,2026-03-13 16:31:00
4278,4278,1,2025-07-22 11:45:00,2025-07-24 17:45:00,2025-08-08 12:31:00,Completed,2025-07-22 11:45:00,2025-08-08 12:31:00
4279,4279,4,2025-08-15 12:36:00,2025-08-16 13:36:00,2025-08-25 11:37:00,Completed,2025-08-15 12:36:00,2025-08-25 11:37:00
4280,4280,4,2026-05-01 18:15:00,2026-05-04 02:15:00,2026-05-19 11:16:00,Completed,2026-05-01 18:15:00,2026-05-19 11:16:00
4281,4281,1,2026-02-15 15:31:00,2026-02-18 19:31:00,2026-02-27 14:17:00,Completed,2026-02-15 15:31:00,2026-02-27 14:17:00
4282,4282,1,2025-10-07 16:06:00,2025-10-10 23:06:00,2025-10-13 11:16:00,Completed,2025-10-07 16:06:00,2025-10-13 11:16:00
4283,4283,5,2026-02-18 10:51:00,2026-02-21 10:51:00,2026-02-24 15:44:00,Completed,2026-02-18 10:51:00,2026-02-24 15:44:00
4284,4284,2,2026-01-05 16:05:00,2026-01-06 17:05:00,2026-01-15 11:41:00,Completed,2026-01-05 16:05:00,2026-01-15 11:41:00
4285,4285,4,2026-01-20 12:06:00,2026-01-23 12:06:00,2026-02-04 09:30:00,Completed,2026-01-20 12:06:00,2026-02-04 09:30:00
4286,4286,5,2026-01-23 09:08:00,2026-01-24 13:08:00,2026-02-01 18:42:00,Completed,2026-01-23 09:08:00,2026-02-01 18:42:00
4287,4287,3,2026-03-05 17:49:00,2026-03-08 19:49:00,2026-03-14 14:51:00,Completed,2026-03-05 17:49:00,2026-03-14 14:51:00
4288,4288,2,2026-02-26 13:04:00,2026-02-28 16:04:00,2026-03-01 16:09:00,Completed,2026-02-26 13:04:00,2026-03-01 16:09:00
4289,4289,3,2026-02-23 09:49:00,2026-02-25 14:49:00,2026-02-23 16:23:00,Completed,2026-02-23 09:49:00,2026-02-25 14:49:00
4290,4290,2,2025-07-20 11:13:00,2025-07-23 12:13:00,2025-08-05 10:36:00,Completed,2025-07-20 11:13:00,2025-08-05 10:36:00
4291,4291,2,2025-09-16 12:44:00,2025-09-17 12:44:00,2025-09-22 17:15:00,Completed,2025-09-16 12:44:00,2025-09-22 17:15:00
4292,4292,4,2025-10-01 17:32:00,2025-10-03 19:32:00,2025-10-06 11:25:00,Completed,2025-10-01 17:32:00,2025-10-06 11:25:00
4293,4293,2,2026-03-22 10:59:00,2026-03-25 12:59:00,2026-03-26 09:34:00,Completed,2026-03-22 10:59:00,2026-03-26 09:34:00
4294,4294,2,2026-01-10 09:08:00,2026-01-11 10:08:00,2026-01-18 12:28:00,Completed,2026-01-10 09:08:00,2026-01-18 12:28:00
4295,4295,2,2025-10-26 14:08:00,2025-10-28 19:08:00,2025-10-31 15:36:00,Completed,2025-10-26 14:08:00,2025-10-31 15:36:00
4296,4296,3,2025-06-22 18:04:00,2025-06-25 01:04:00,,Delivered,2025-06-22 18:04:00,2025-06-25 01:04:00
4297,4297,1,2025-10-23 08:39:00,2025-10-25 14:39:00,2025-11-03 18:56:00,Completed,2025-10-23 08:39:00,2025-11-03 18:56:00
4298,4298,1,2025-07-11 08:20:00,2025-07-12 16:20:00,2025-07-19 15:37:00,Completed,2025-07-11 08:20:00,2025-07-19 15:37:00
4299,4299,5,2026-02-22 11:18:00,2026-02-23 11:18:00,2026-03-06 11:11:00,Completed,2026-02-22 11:18:00,2026-03-06 11:11:00
4300,4300,4,2026-04-03 09:12:00,2026-04-04 09:12:00,2026-04-11 16:31:00,Completed,2026-04-03 09:12:00,2026-04-11 16:31:00
4301,4301,5,2025-11-28 15:34:00,2025-11-29 15:34:00,2025-12-06 11:17:00,Completed,2025-11-28 15:34:00,2025-12-06 11:17:00
4302,4302,2,2025-11-06 15:39:00,2025-11-09 19:39:00,2025-11-11 16:11:00,Completed,2025-11-06 15:39:00,2025-11-11 16:11:00
4303,4303,4,2025-10-07 17:51:00,2025-10-08 21:51:00,2025-10-23 13:43:00,Completed,2025-10-07 17:51:00,2025-10-23 13:43:00
4304,4304,5,2025-10-21 08:53:00,2025-10-24 12:53:00,2025-11-01 16:09:00,Completed,2025-10-21 08:53:00,2025-11-01 16:09:00
4305,4305,3,2025-12-27 17:14:00,2025-12-29 22:14:00,,Delivered,2025-12-27 17:14:00,2025-12-29 22:14:00
4306,4306,5,2025-06-15 15:13:00,2025-06-17 17:13:00,2025-06-26 18:18:00,Completed,2025-06-15 15:13:00,2025-06-26 18:18:00
4307,4307,4,2026-01-30 08:18:00,2026-02-02 09:18:00,2026-02-01 10:54:00,Completed,2026-01-30 08:18:00,2026-02-02 09:18:00
4308,4308,3,2026-05-04 15:17:00,2026-05-06 21:17:00,2026-05-28 17:36:00,Completed,2026-05-04 15:17:00,2026-05-28 17:36:00
4309,4309,3,2025-11-04 13:13:00,2025-11-05 16:13:00,2025-11-10 09:29:00,Completed,2025-11-04 13:13:00,2025-11-10 09:29:00
4310,4310,3,2025-07-05 11:00:00,2025-07-08 18:00:00,2025-07-10 09:16:00,Completed,2025-07-05 11:00:00,2025-07-10 09:16:00
4311,4311,5,2025-09-30 13:24:00,2025-10-02 19:24:00,2025-10-04 08:54:00,Completed,2025-09-30 13:24:00,2025-10-04 08:54:00
4312,4312,1,2026-01-28 08:41:00,2026-01-29 15:41:00,2026-02-07 12:16:00,Completed,2026-01-28 08:41:00,2026-02-07 12:16:00
4313,4313,3,2025-11-14 18:40:00,2025-11-16 19:40:00,2025-11-22 18:41:00,Completed,2025-11-14 18:40:00,2025-11-22 18:41:00
4314,4314,1,2026-05-26 16:45:00,2026-05-28 17:45:00,2026-06-03 18:49:00,Completed,2026-05-26 16:45:00,2026-06-03 18:49:00
4315,4315,2,2025-09-21 13:40:00,2025-09-22 19:40:00,,Delivered,2025-09-21 13:40:00,2025-09-22 19:40:00
4316,4316,3,2026-04-27 17:48:00,2026-04-28 20:48:00,2026-05-15 12:32:00,Completed,2026-04-27 17:48:00,2026-05-15 12:32:00
4317,4317,3,2026-01-16 16:48:00,2026-01-19 22:48:00,2026-01-16 11:38:00,Completed,2026-01-16 16:48:00,2026-01-19 22:48:00
4318,4318,1,2025-08-01 12:35:00,2025-08-02 20:35:00,2025-08-06 15:36:00,Completed,2025-08-01 12:35:00,2025-08-06 15:36:00
4319,4319,2,2026-05-08 08:27:00,2026-05-11 11:27:00,2026-05-28 12:36:00,Completed,2026-05-08 08:27:00,2026-05-28 12:36:00
4320,4320,1,2025-07-20 14:58:00,2025-07-21 15:58:00,2025-07-31 15:09:00,Completed,2025-07-20 14:58:00,2025-07-31 15:09:00
4321,4321,2,2025-06-27 18:09:00,2025-06-30 22:09:00,2025-06-30 14:38:00,Completed,2025-06-27 18:09:00,2025-06-30 22:09:00
4322,4322,2,2025-10-09 16:25:00,2025-10-12 00:25:00,2025-10-16 17:36:00,Completed,2025-10-09 16:25:00,2025-10-16 17:36:00
4323,4323,5,2025-11-11 09:48:00,2025-11-12 09:48:00,2025-11-15 10:52:00,Completed,2025-11-11 09:48:00,2025-11-15 10:52:00
4324,4324,1,2026-02-10 18:52:00,2026-02-13 19:52:00,2026-02-14 10:44:00,Completed,2026-02-10 18:52:00,2026-02-14 10:44:00
4325,4325,2,2026-04-26 08:34:00,2026-04-29 10:34:00,2026-04-27 16:53:00,Completed,2026-04-26 08:34:00,2026-04-29 10:34:00
4326,4326,5,2025-11-30 13:00:00,2025-12-02 13:00:00,2025-12-04 15:03:00,Completed,2025-11-30 13:00:00,2025-12-04 15:03:00
4327,4327,4,2025-07-11 10:17:00,2025-07-14 14:17:00,2025-07-21 15:35:00,Completed,2025-07-11 10:17:00,2025-07-21 15:35:00
4328,4328,1,2026-02-13 13:29:00,2026-02-14 16:29:00,2026-02-27 08:45:00,Completed,2026-02-13 13:29:00,2026-02-27 08:45:00
4329,4329,1,2025-06-19 09:53:00,2025-06-22 10:53:00,2025-07-03 08:30:00,Completed,2025-06-19 09:53:00,2025-07-03 08:30:00
4330,4330,5,2026-04-20 12:26:00,2026-04-21 15:26:00,2026-05-04 17:16:00,Completed,2026-04-20 12:26:00,2026-05-04 17:16:00
4331,4331,2,2025-08-07 08:03:00,2025-08-10 13:03:00,2025-08-12 08:18:00,Completed,2025-08-07 08:03:00,2025-08-12 08:18:00
4332,4332,4,2025-08-11 16:24:00,2025-08-14 18:24:00,2025-08-19 18:35:00,Completed,2025-08-11 16:24:00,2025-08-19 18:35:00
4333,4333,3,2025-07-21 15:29:00,2025-07-22 21:29:00,2025-08-04 08:48:00,Completed,2025-07-21 15:29:00,2025-08-04 08:48:00
4334,4334,5,2026-05-27 17:20:00,2026-05-30 21:20:00,2026-06-07 12:05:00,Completed,2026-05-27 17:20:00,2026-06-07 12:05:00
4335,4335,3,2025-11-06 12:56:00,2025-11-08 19:56:00,,Delivered,2025-11-06 12:56:00,2025-11-08 19:56:00
4336,4336,1,2025-12-31 18:23:00,2026-01-03 21:23:00,2026-01-18 17:37:00,Completed,2025-12-31 18:23:00,2026-01-18 17:37:00
4337,4337,4,2025-06-08 16:43:00,2025-06-10 17:43:00,2025-06-14 14:57:00,Completed,2025-06-08 16:43:00,2025-06-14 14:57:00
4338,4338,4,2025-08-11 11:11:00,2025-08-12 17:11:00,2025-08-31 16:29:00,Completed,2025-08-11 11:11:00,2025-08-31 16:29:00
4339,4339,4,2026-05-12 14:29:00,2026-05-15 21:29:00,2026-05-25 08:57:00,Completed,2026-05-12 14:29:00,2026-05-25 08:57:00
4340,4340,5,2025-12-03 15:30:00,2025-12-06 17:30:00,2025-12-12 13:38:00,Completed,2025-12-03 15:30:00,2025-12-12 13:38:00
4341,4341,3,2025-08-16 12:40:00,2025-08-18 15:40:00,2025-08-23 12:43:00,Completed,2025-08-16 12:40:00,2025-08-23 12:43:00
4342,4342,3,2025-11-19 11:14:00,2025-11-20 16:14:00,2025-11-25 08:07:00,Completed,2025-11-19 11:14:00,2025-11-25 08:07:00
4343,4343,2,2026-04-10 08:53:00,2026-04-13 12:53:00,2026-04-19 09:16:00,Completed,2026-04-10 08:53:00,2026-04-19 09:16:00
4344,4344,2,2025-06-07 09:28:00,2025-06-10 15:28:00,,Delivered,2025-06-07 09:28:00,2025-06-10 15:28:00
4345,4345,3,2026-01-29 08:14:00,2026-01-30 14:14:00,2026-02-11 10:36:00,Completed,2026-01-29 08:14:00,2026-02-11 10:36:00
4346,4346,1,2025-10-23 10:36:00,2025-10-24 16:36:00,2025-10-29 15:41:00,Completed,2025-10-23 10:36:00,2025-10-29 15:41:00
4347,4347,1,2026-01-20 15:14:00,2026-01-21 19:14:00,2026-01-29 16:54:00,Completed,2026-01-20 15:14:00,2026-01-29 16:54:00
4348,4348,5,2025-07-10 18:27:00,2025-07-12 00:27:00,2025-07-17 09:30:00,Completed,2025-07-10 18:27:00,2025-07-17 09:30:00
4349,4349,5,2026-01-22 18:06:00,2026-01-24 01:06:00,2026-01-28 13:20:00,Completed,2026-01-22 18:06:00,2026-01-28 13:20:00
4350,4350,3,2025-08-10 15:05:00,2025-08-13 15:05:00,2025-08-11 08:55:00,Completed,2025-08-10 15:05:00,2025-08-13 15:05:00
4351,4351,5,2025-11-28 15:15:00,2025-12-01 22:15:00,2025-12-06 17:05:00,Completed,2025-11-28 15:15:00,2025-12-06 17:05:00
4352,4352,4,2026-03-02 08:14:00,2026-03-05 12:14:00,2026-03-22 11:22:00,Completed,2026-03-02 08:14:00,2026-03-22 11:22:00
4353,4353,2,2025-12-16 14:14:00,2025-12-18 18:14:00,2025-12-26 14:52:00,Completed,2025-12-16 14:14:00,2025-12-26 14:52:00
4354,4354,3,2026-01-20 12:11:00,2026-01-21 20:11:00,2026-01-30 16:33:00,Completed,2026-01-20 12:11:00,2026-01-30 16:33:00
4355,4355,1,2026-02-12 08:14:00,2026-02-14 11:14:00,2026-02-15 12:45:00,Completed,2026-02-12 08:14:00,2026-02-15 12:45:00
4356,4356,4,2026-01-02 10:42:00,2026-01-03 12:42:00,2026-01-07 18:49:00,Completed,2026-01-02 10:42:00,2026-01-07 18:49:00
4357,4357,5,2026-01-30 08:49:00,2026-02-02 13:49:00,2026-01-30 09:48:00,Completed,2026-01-30 08:49:00,2026-02-02 13:49:00
4358,4358,3,2025-09-02 13:19:00,2025-09-04 18:19:00,2025-09-08 08:17:00,Completed,2025-09-02 13:19:00,2025-09-08 08:17:00
4359,4359,5,2025-10-12 10:47:00,2025-10-15 16:47:00,2025-10-19 10:31:00,Completed,2025-10-12 10:47:00,2025-10-19 10:31:00
4360,4360,2,2026-01-06 15:48:00,2026-01-08 23:48:00,2026-01-09 17:32:00,Completed,2026-01-06 15:48:00,2026-01-09 17:32:00
4361,4361,2,2025-11-17 18:50:00,2025-11-20 22:50:00,,Delivered,2025-11-17 18:50:00,2025-11-20 22:50:00
4362,4362,3,2025-07-25 14:00:00,2025-07-27 20:00:00,2025-08-11 08:20:00,Completed,2025-07-25 14:00:00,2025-08-11 08:20:00
4363,4363,5,2025-10-28 18:50:00,2025-11-01 00:50:00,2025-11-01 17:45:00,Completed,2025-10-28 18:50:00,2025-11-01 17:45:00
4364,4364,1,2025-09-20 15:14:00,2025-09-22 20:14:00,2025-09-22 11:51:00,Completed,2025-09-20 15:14:00,2025-09-22 20:14:00
4365,4365,5,2025-12-15 11:49:00,2025-12-18 15:49:00,2025-12-22 18:04:00,Completed,2025-12-15 11:49:00,2025-12-22 18:04:00
4366,4366,4,2025-08-26 16:58:00,2025-08-27 19:58:00,2025-09-06 18:32:00,Completed,2025-08-26 16:58:00,2025-09-06 18:32:00
4367,4367,2,2026-01-31 16:56:00,2026-02-03 00:56:00,2026-02-04 08:17:00,Completed,2026-01-31 16:56:00,2026-02-04 08:17:00
4368,4368,1,2025-10-03 12:10:00,2025-10-04 17:10:00,2025-10-04 18:42:00,Completed,2025-10-03 12:10:00,2025-10-04 18:42:00
4369,4369,2,2025-12-09 08:25:00,2025-12-10 12:25:00,2025-12-14 12:55:00,Completed,2025-12-09 08:25:00,2025-12-14 12:55:00
4370,4370,1,2025-09-30 09:02:00,2025-10-01 15:02:00,2025-10-12 12:38:00,Completed,2025-09-30 09:02:00,2025-10-12 12:38:00
4371,4371,1,2025-11-22 18:34:00,2025-11-25 22:34:00,2025-11-27 15:25:00,Completed,2025-11-22 18:34:00,2025-11-27 15:25:00
4372,4372,3,2026-02-02 17:03:00,2026-02-03 18:03:00,2026-02-07 09:48:00,Completed,2026-02-02 17:03:00,2026-02-07 09:48:00
4373,4373,5,2025-12-02 17:52:00,2025-12-04 22:52:00,,Delivered,2025-12-02 17:52:00,2025-12-04 22:52:00
4374,4374,3,2025-11-24 17:45:00,2025-11-27 22:45:00,2025-11-24 10:24:00,Completed,2025-11-24 17:45:00,2025-11-27 22:45:00
4375,4375,3,2025-12-15 08:19:00,2025-12-18 14:19:00,2025-12-16 09:28:00,Completed,2025-12-15 08:19:00,2025-12-18 14:19:00
4376,4376,1,2026-01-28 11:07:00,2026-01-31 17:07:00,2026-02-03 09:32:00,Completed,2026-01-28 11:07:00,2026-02-03 09:32:00
4377,4377,5,2026-04-16 08:57:00,2026-04-17 16:57:00,2026-04-17 13:02:00,Completed,2026-04-16 08:57:00,2026-04-17 16:57:00
4378,4378,5,2025-11-22 09:24:00,2025-11-25 15:24:00,2025-11-30 12:25:00,Completed,2025-11-22 09:24:00,2025-11-30 12:25:00
4379,4379,3,2025-10-07 10:40:00,2025-10-08 12:40:00,2025-10-11 15:05:00,Completed,2025-10-07 10:40:00,2025-10-11 15:05:00
4380,4380,5,2026-02-05 08:58:00,2026-02-08 12:58:00,2026-02-12 08:50:00,Completed,2026-02-05 08:58:00,2026-02-12 08:50:00
4381,4381,4,2026-04-01 15:10:00,2026-04-03 23:10:00,2026-04-06 11:51:00,Completed,2026-04-01 15:10:00,2026-04-06 11:51:00
4382,4382,1,2025-08-27 10:01:00,2025-08-30 17:01:00,2025-09-01 16:59:00,Completed,2025-08-27 10:01:00,2025-09-01 16:59:00
4383,4383,2,2026-02-04 16:04:00,2026-02-07 22:04:00,2026-02-08 14:31:00,Completed,2026-02-04 16:04:00,2026-02-08 14:31:00
4384,4384,2,2025-08-16 17:01:00,2025-08-18 19:01:00,2025-08-17 10:27:00,Completed,2025-08-16 17:01:00,2025-08-18 19:01:00
4385,4385,5,2026-01-13 14:29:00,2026-01-16 20:29:00,2026-01-19 12:30:00,Completed,2026-01-13 14:29:00,2026-01-19 12:30:00
4386,4386,1,2026-02-14 13:24:00,2026-02-16 18:24:00,2026-02-19 14:57:00,Completed,2026-02-14 13:24:00,2026-02-19 14:57:00
4387,4387,5,2025-12-18 18:54:00,2025-12-21 19:54:00,2025-12-22 10:17:00,Completed,2025-12-18 18:54:00,2025-12-22 10:17:00
4388,4388,2,2025-07-10 16:40:00,2025-07-13 23:40:00,2025-07-27 10:53:00,Completed,2025-07-10 16:40:00,2025-07-27 10:53:00
4389,4389,5,2025-07-29 13:16:00,2025-07-30 21:16:00,2025-08-08 18:30:00,Completed,2025-07-29 13:16:00,2025-08-08 18:30:00
4390,4390,3,2026-01-19 18:45:00,2026-01-23 02:45:00,2026-01-31 15:42:00,Completed,2026-01-19 18:45:00,2026-01-31 15:42:00
4391,4391,4,2025-12-13 13:23:00,2025-12-15 19:23:00,2026-01-04 12:39:00,Completed,2025-12-13 13:23:00,2026-01-04 12:39:00
4392,4392,1,2026-02-19 18:17:00,2026-02-22 18:17:00,2026-02-19 15:57:00,Completed,2026-02-19 18:17:00,2026-02-22 18:17:00
4393,4393,4,2026-05-07 09:41:00,2026-05-08 15:41:00,2026-05-14 16:01:00,Completed,2026-05-07 09:41:00,2026-05-14 16:01:00
4394,4394,2,2026-04-19 18:21:00,2026-04-21 21:21:00,2026-05-04 15:16:00,Completed,2026-04-19 18:21:00,2026-05-04 15:16:00
4395,4395,3,2025-10-15 16:25:00,2025-10-18 16:25:00,2025-10-17 10:38:00,Completed,2025-10-15 16:25:00,2025-10-18 16:25:00
4396,4396,3,2025-11-01 18:59:00,2025-11-05 00:59:00,2025-11-13 14:31:00,Completed,2025-11-01 18:59:00,2025-11-13 14:31:00
4397,4397,5,2026-02-27 17:38:00,2026-03-01 20:38:00,2026-03-01 08:46:00,Completed,2026-02-27 17:38:00,2026-03-01 20:38:00
4398,4398,4,2026-05-02 09:06:00,2026-05-05 10:06:00,2026-05-06 14:58:00,Completed,2026-05-02 09:06:00,2026-05-06 14:58:00
4399,4399,4,2025-08-13 13:20:00,2025-08-15 20:20:00,2025-08-13 14:30:00,Completed,2025-08-13 13:20:00,2025-08-15 20:20:00
4400,4400,3,2026-03-22 15:25:00,2026-03-25 20:25:00,2026-04-07 11:12:00,Completed,2026-03-22 15:25:00,2026-04-07 11:12:00
4401,4401,5,2025-12-20 18:21:00,2025-12-24 00:21:00,2026-01-06 13:47:00,Completed,2025-12-20 18:21:00,2026-01-06 13:47:00
4402,4402,1,2026-03-20 15:15:00,2026-03-23 20:15:00,2026-03-27 16:18:00,Completed,2026-03-20 15:15:00,2026-03-27 16:18:00
4403,4403,4,2026-02-16 18:41:00,2026-02-18 02:41:00,2026-02-19 11:57:00,Completed,2026-02-16 18:41:00,2026-02-19 11:57:00
4404,4404,3,2026-04-27 14:33:00,2026-04-29 22:33:00,2026-04-28 10:18:00,Completed,2026-04-27 14:33:00,2026-04-29 22:33:00
4405,4405,2,2026-05-14 10:36:00,2026-05-15 12:36:00,2026-06-01 12:50:00,Completed,2026-05-14 10:36:00,2026-06-01 12:50:00
4406,4406,1,2025-09-08 08:50:00,2025-09-11 08:50:00,2025-09-13 08:12:00,Completed,2025-09-08 08:50:00,2025-09-13 08:12:00
4407,4407,4,2025-07-04 11:43:00,2025-07-06 17:43:00,2025-07-06 13:26:00,Completed,2025-07-04 11:43:00,2025-07-06 17:43:00
4408,4408,2,2026-04-26 15:20:00,2026-04-28 23:20:00,2026-04-28 10:38:00,Completed,2026-04-26 15:20:00,2026-04-28 23:20:00
4409,4409,2,2025-07-05 11:56:00,2025-07-06 17:56:00,2025-07-23 14:47:00,Completed,2025-07-05 11:56:00,2025-07-23 14:47:00
4410,4410,3,2026-05-15 08:30:00,2026-05-16 08:30:00,2026-05-27 08:28:00,Completed,2026-05-15 08:30:00,2026-05-27 08:28:00
4411,4411,4,2026-03-17 17:41:00,2026-03-19 18:41:00,2026-03-20 14:21:00,Completed,2026-03-17 17:41:00,2026-03-20 14:21:00
4412,4412,4,2026-04-05 08:44:00,2026-04-07 16:44:00,2026-04-06 10:22:00,Completed,2026-04-05 08:44:00,2026-04-07 16:44:00
4413,4413,5,2026-01-28 15:48:00,2026-01-30 15:48:00,2026-01-31 10:56:00,Completed,2026-01-28 15:48:00,2026-01-31 10:56:00
4414,4414,2,2026-05-12 08:12:00,2026-05-15 13:12:00,2026-05-22 15:57:00,Completed,2026-05-12 08:12:00,2026-05-22 15:57:00
4415,4415,2,2026-04-28 16:42:00,2026-04-30 20:42:00,2026-04-30 13:31:00,Completed,2026-04-28 16:42:00,2026-04-30 20:42:00
4416,4416,1,2025-08-21 10:15:00,2025-08-24 18:15:00,2025-08-21 14:40:00,Completed,2025-08-21 10:15:00,2025-08-24 18:15:00
4417,4417,2,2026-02-02 10:42:00,2026-02-03 10:42:00,2026-02-02 15:36:00,Completed,2026-02-02 10:42:00,2026-02-03 10:42:00
4418,4418,3,2026-02-10 11:42:00,2026-02-13 15:42:00,2026-02-13 11:45:00,Completed,2026-02-10 11:42:00,2026-02-13 15:42:00
4419,4419,4,2025-07-15 09:53:00,2025-07-18 10:53:00,2025-08-07 12:34:00,Completed,2025-07-15 09:53:00,2025-08-07 12:34:00
4420,4420,3,2025-12-22 18:46:00,2025-12-25 21:46:00,2025-12-23 13:19:00,Completed,2025-12-22 18:46:00,2025-12-25 21:46:00
4421,4421,5,2026-02-28 18:42:00,2026-03-02 22:42:00,2026-03-02 10:53:00,Completed,2026-02-28 18:42:00,2026-03-02 22:42:00
4422,4422,2,2026-03-23 14:07:00,2026-03-26 14:07:00,2026-03-23 11:49:00,Completed,2026-03-23 14:07:00,2026-03-26 14:07:00
4423,4423,3,2026-05-04 09:34:00,2026-05-07 09:34:00,,Delivered,2026-05-04 09:34:00,2026-05-07 09:34:00
4424,4424,1,2026-01-27 11:59:00,2026-01-28 11:59:00,2026-02-01 13:03:00,Completed,2026-01-27 11:59:00,2026-02-01 13:03:00
4425,4425,2,2026-05-14 08:32:00,2026-05-17 08:32:00,2026-05-16 12:09:00,Completed,2026-05-14 08:32:00,2026-05-17 08:32:00
4426,4426,2,2025-06-30 18:23:00,2025-07-03 23:23:00,2025-07-07 13:47:00,Completed,2025-06-30 18:23:00,2025-07-07 13:47:00
4427,4427,1,2026-01-19 08:04:00,2026-01-20 15:04:00,2026-01-25 13:05:00,Completed,2026-01-19 08:04:00,2026-01-25 13:05:00
4428,4428,2,2025-11-11 14:22:00,2025-11-13 22:22:00,2025-11-21 08:08:00,Completed,2025-11-11 14:22:00,2025-11-21 08:08:00
4429,4429,3,2025-12-21 16:27:00,2025-12-23 20:27:00,2026-01-03 16:01:00,Completed,2025-12-21 16:27:00,2026-01-03 16:01:00
4430,4430,2,2025-07-12 12:18:00,2025-07-13 13:18:00,2025-07-25 14:46:00,Completed,2025-07-12 12:18:00,2025-07-25 14:46:00
4431,4431,4,2025-10-10 14:14:00,2025-10-12 17:14:00,2025-10-18 10:27:00,Completed,2025-10-10 14:14:00,2025-10-18 10:27:00
4432,4432,2,2026-05-09 17:01:00,2026-05-11 21:01:00,2026-05-17 12:33:00,Completed,2026-05-09 17:01:00,2026-05-17 12:33:00
4433,4433,5,2025-09-17 11:04:00,2025-09-18 11:04:00,2025-09-23 11:28:00,Completed,2025-09-17 11:04:00,2025-09-23 11:28:00
4434,4434,1,2025-09-08 08:20:00,2025-09-11 16:20:00,2025-09-13 17:34:00,Completed,2025-09-08 08:20:00,2025-09-13 17:34:00
4435,4435,3,2026-05-16 14:11:00,2026-05-17 14:11:00,2026-05-25 15:18:00,Completed,2026-05-16 14:11:00,2026-05-25 15:18:00
4436,4436,3,2025-09-05 18:38:00,2025-09-06 23:38:00,2025-09-10 12:24:00,Completed,2025-09-05 18:38:00,2025-09-10 12:24:00
4437,4437,3,2026-04-07 10:53:00,2026-04-09 15:53:00,2026-04-09 11:55:00,Completed,2026-04-07 10:53:00,2026-04-09 15:53:00
4438,4438,4,2026-01-10 18:58:00,2026-01-13 21:58:00,2026-01-17 17:10:00,Completed,2026-01-10 18:58:00,2026-01-17 17:10:00
4439,4439,3,2025-11-04 11:19:00,2025-11-07 18:19:00,2025-11-07 16:47:00,Completed,2025-11-04 11:19:00,2025-11-07 18:19:00
4440,4440,2,2025-11-15 10:00:00,2025-11-17 17:00:00,2025-11-29 18:21:00,Completed,2025-11-15 10:00:00,2025-11-29 18:21:00
4441,4441,1,2025-11-02 09:54:00,2025-11-05 14:54:00,2025-11-09 09:10:00,Completed,2025-11-02 09:54:00,2025-11-09 09:10:00
4442,4442,3,2026-03-28 10:10:00,2026-03-29 14:10:00,2026-03-28 14:39:00,Completed,2026-03-28 10:10:00,2026-03-29 14:10:00
4443,4443,1,2026-05-28 13:45:00,2026-05-31 20:45:00,2026-05-30 17:33:00,Completed,2026-05-28 13:45:00,2026-05-31 20:45:00
4444,4444,5,2025-08-26 11:53:00,2025-08-28 19:53:00,2025-08-26 14:17:00,Completed,2025-08-26 11:53:00,2025-08-28 19:53:00
4445,4445,3,2025-12-27 08:57:00,2025-12-30 09:57:00,2025-12-27 08:12:00,Completed,2025-12-27 08:57:00,2025-12-30 09:57:00
4446,4446,1,2025-12-03 14:20:00,2025-12-05 14:20:00,,Delivered,2025-12-03 14:20:00,2025-12-05 14:20:00
4447,4447,3,2026-01-23 16:28:00,2026-01-24 17:28:00,2026-02-07 15:31:00,Completed,2026-01-23 16:28:00,2026-02-07 15:31:00
4448,4448,3,2026-05-20 14:15:00,2026-05-22 19:15:00,2026-05-23 12:53:00,Completed,2026-05-20 14:15:00,2026-05-23 12:53:00
4449,4449,2,2026-02-21 15:55:00,2026-02-23 23:55:00,2026-03-03 13:42:00,Completed,2026-02-21 15:55:00,2026-03-03 13:42:00
4450,4450,2,2026-01-25 08:01:00,2026-01-28 13:01:00,2026-02-08 12:49:00,Completed,2026-01-25 08:01:00,2026-02-08 12:49:00
4451,4451,5,2025-12-31 15:28:00,2026-01-02 16:28:00,2026-01-16 17:21:00,Completed,2025-12-31 15:28:00,2026-01-16 17:21:00
4452,4452,1,2025-09-04 15:26:00,2025-09-06 22:26:00,2025-09-18 16:11:00,Completed,2025-09-04 15:26:00,2025-09-18 16:11:00
4453,4453,4,2025-08-02 11:37:00,2025-08-03 19:37:00,2025-08-08 15:44:00,Completed,2025-08-02 11:37:00,2025-08-08 15:44:00
4454,4454,5,2025-07-18 18:07:00,2025-07-20 19:07:00,2025-07-23 09:07:00,Completed,2025-07-18 18:07:00,2025-07-23 09:07:00
4455,4455,2,2025-12-21 13:37:00,2025-12-24 16:37:00,2025-12-28 16:36:00,Completed,2025-12-21 13:37:00,2025-12-28 16:36:00
4456,4456,1,2026-05-22 12:11:00,2026-05-25 13:11:00,2026-05-23 10:10:00,Completed,2026-05-22 12:11:00,2026-05-25 13:11:00
4457,4457,4,2026-02-17 18:29:00,2026-02-19 20:29:00,2026-02-18 15:02:00,Completed,2026-02-17 18:29:00,2026-02-19 20:29:00
4458,4458,2,2025-07-12 12:56:00,2025-07-14 15:56:00,2025-07-15 14:22:00,Completed,2025-07-12 12:56:00,2025-07-15 14:22:00
4459,4459,3,2025-09-19 13:23:00,2025-09-21 19:23:00,2025-09-25 13:08:00,Completed,2025-09-19 13:23:00,2025-09-25 13:08:00
4460,4460,3,2025-11-04 08:20:00,2025-11-07 14:20:00,2025-11-05 10:11:00,Completed,2025-11-04 08:20:00,2025-11-07 14:20:00
4461,4461,4,2026-01-04 15:54:00,2026-01-07 16:54:00,2026-01-10 09:32:00,Completed,2026-01-04 15:54:00,2026-01-10 09:32:00
4462,4462,2,2025-12-19 15:59:00,2025-12-22 19:59:00,2025-12-27 14:36:00,Completed,2025-12-19 15:59:00,2025-12-27 14:36:00
4463,4463,5,2025-11-16 10:02:00,2025-11-19 15:02:00,2025-11-20 15:59:00,Completed,2025-11-16 10:02:00,2025-11-20 15:59:00
4464,4464,4,2025-07-23 16:24:00,2025-07-25 16:24:00,2025-08-16 18:29:00,Completed,2025-07-23 16:24:00,2025-08-16 18:29:00
4465,4465,4,2026-02-10 16:35:00,2026-02-12 22:35:00,2026-02-23 11:09:00,Completed,2026-02-10 16:35:00,2026-02-23 11:09:00
4466,4466,4,2026-04-14 16:09:00,2026-04-15 20:09:00,2026-04-17 18:38:00,Completed,2026-04-14 16:09:00,2026-04-17 18:38:00
4467,4467,1,2025-11-12 16:58:00,2025-11-13 21:58:00,2025-11-15 12:06:00,Completed,2025-11-12 16:58:00,2025-11-15 12:06:00
4468,4468,1,2025-10-18 13:09:00,2025-10-21 17:09:00,2025-10-25 18:45:00,Completed,2025-10-18 13:09:00,2025-10-25 18:45:00
4469,4469,5,2026-04-23 10:20:00,2026-04-25 17:20:00,2026-04-25 12:51:00,Completed,2026-04-23 10:20:00,2026-04-25 17:20:00
4470,4470,1,2025-12-08 08:22:00,2025-12-09 12:22:00,2025-12-13 12:53:00,Completed,2025-12-08 08:22:00,2025-12-13 12:53:00
4471,4471,2,2026-03-28 12:07:00,2026-03-31 19:07:00,2026-04-17 10:46:00,Completed,2026-03-28 12:07:00,2026-04-17 10:46:00
4472,4472,5,2026-02-27 08:41:00,2026-03-01 16:41:00,2026-03-09 12:47:00,Completed,2026-02-27 08:41:00,2026-03-09 12:47:00
4473,4473,1,2026-03-09 08:04:00,2026-03-12 12:04:00,2026-03-10 18:20:00,Completed,2026-03-09 08:04:00,2026-03-12 12:04:00
4474,4474,4,2025-12-07 17:39:00,2025-12-09 22:39:00,2025-12-14 13:19:00,Completed,2025-12-07 17:39:00,2025-12-14 13:19:00
4475,4475,2,2025-10-03 12:31:00,2025-10-06 20:31:00,2025-10-08 15:58:00,Completed,2025-10-03 12:31:00,2025-10-08 15:58:00
4476,4476,1,2026-05-27 12:56:00,2026-05-28 15:56:00,2026-06-03 15:19:00,Completed,2026-05-27 12:56:00,2026-06-03 15:19:00
4477,4477,2,2026-05-07 16:37:00,2026-05-08 19:37:00,2026-05-16 15:06:00,Completed,2026-05-07 16:37:00,2026-05-16 15:06:00
4478,4478,5,2026-01-14 10:56:00,2026-01-16 15:56:00,2026-01-26 09:07:00,Completed,2026-01-14 10:56:00,2026-01-26 09:07:00
4479,4479,1,2025-11-02 09:49:00,2025-11-04 09:49:00,2025-11-06 16:06:00,Completed,2025-11-02 09:49:00,2025-11-06 16:06:00
4480,4480,2,2026-03-29 10:42:00,2026-03-30 16:42:00,2026-04-13 15:00:00,Completed,2026-03-29 10:42:00,2026-04-13 15:00:00
4481,4481,5,2025-12-10 11:06:00,2025-12-12 14:06:00,2025-12-21 15:02:00,Completed,2025-12-10 11:06:00,2025-12-21 15:02:00
4482,4482,3,2025-06-12 16:27:00,2025-06-13 18:27:00,,Delivered,2025-06-12 16:27:00,2025-06-13 18:27:00
4483,4483,3,2026-01-25 14:01:00,2026-01-27 21:01:00,2026-02-02 09:39:00,Completed,2026-01-25 14:01:00,2026-02-02 09:39:00
4484,4484,4,2026-01-28 13:14:00,2026-01-30 16:14:00,2026-01-30 12:26:00,Completed,2026-01-28 13:14:00,2026-01-30 16:14:00
4485,4485,1,2025-06-09 16:19:00,2025-06-11 19:19:00,2025-06-20 08:03:00,Completed,2025-06-09 16:19:00,2025-06-20 08:03:00
4486,4486,5,2026-02-16 14:04:00,2026-02-19 20:04:00,2026-02-19 15:42:00,Completed,2026-02-16 14:04:00,2026-02-19 20:04:00
4487,4487,1,2026-05-11 15:09:00,2026-05-13 23:09:00,2026-05-17 15:06:00,Completed,2026-05-11 15:09:00,2026-05-17 15:06:00
4488,4488,3,2025-08-31 18:15:00,2025-09-02 18:15:00,2025-08-31 14:09:00,Completed,2025-08-31 18:15:00,2025-09-02 18:15:00
4489,4489,4,2025-08-07 13:14:00,2025-08-08 16:14:00,2025-08-16 08:50:00,Completed,2025-08-07 13:14:00,2025-08-16 08:50:00
4490,4490,1,2025-11-20 17:02:00,2025-11-23 17:02:00,2025-11-21 09:41:00,Completed,2025-11-20 17:02:00,2025-11-23 17:02:00
4491,4491,5,2026-04-10 09:16:00,2026-04-11 15:16:00,2026-04-16 11:31:00,Completed,2026-04-10 09:16:00,2026-04-16 11:31:00
4492,4492,3,2025-07-26 12:20:00,2025-07-27 13:20:00,2025-08-06 10:35:00,Completed,2025-07-26 12:20:00,2025-08-06 10:35:00
4493,4493,3,2025-09-28 17:06:00,2025-09-30 23:06:00,2025-09-30 10:15:00,Completed,2025-09-28 17:06:00,2025-09-30 23:06:00
4494,4494,1,2025-10-24 08:03:00,2025-10-25 11:03:00,2025-10-26 14:53:00,Completed,2025-10-24 08:03:00,2025-10-26 14:53:00
4495,4495,1,2026-02-27 15:07:00,2026-03-01 17:07:00,2026-03-05 18:04:00,Completed,2026-02-27 15:07:00,2026-03-05 18:04:00
4496,4496,2,2025-06-18 08:00:00,2025-06-20 14:00:00,2025-06-24 11:57:00,Completed,2025-06-18 08:00:00,2025-06-24 11:57:00
4497,4497,4,2026-03-02 14:28:00,2026-03-05 17:28:00,2026-03-16 17:02:00,Completed,2026-03-02 14:28:00,2026-03-16 17:02:00
4498,4498,5,2025-07-20 10:25:00,2025-07-22 10:25:00,,Delivered,2025-07-20 10:25:00,2025-07-22 10:25:00
4499,4499,4,2026-01-14 09:49:00,2026-01-15 13:49:00,2026-01-27 09:30:00,Completed,2026-01-14 09:49:00,2026-01-27 09:30:00
4500,4500,2,2025-06-06 16:12:00,2025-06-08 18:12:00,2025-06-16 16:35:00,Completed,2025-06-06 16:12:00,2025-06-16 16:35:00
4501,4501,5,2026-04-26 08:39:00,2026-04-29 09:39:00,2026-05-10 10:53:00,Completed,2026-04-26 08:39:00,2026-05-10 10:53:00
4502,4502,4,2025-07-07 12:25:00,2025-07-08 12:25:00,2025-07-13 18:31:00,Completed,2025-07-07 12:25:00,2025-07-13 18:31:00
4503,4503,4,2025-08-26 15:24:00,2025-08-29 22:24:00,2025-08-29 18:45:00,Completed,2025-08-26 15:24:00,2025-08-29 22:24:00
4504,4504,5,2026-02-19 18:43:00,2026-02-20 19:43:00,2026-02-21 11:53:00,Completed,2026-02-19 18:43:00,2026-02-21 11:53:00
4505,4505,4,2026-02-02 08:27:00,2026-02-03 08:27:00,2026-02-09 12:10:00,Completed,2026-02-02 08:27:00,2026-02-09 12:10:00
4506,4506,4,2026-02-15 14:54:00,2026-02-16 21:54:00,2026-02-18 12:10:00,Completed,2026-02-15 14:54:00,2026-02-18 12:10:00
4507,4507,3,2026-05-29 18:01:00,2026-06-01 21:01:00,2026-06-04 11:17:00,Completed,2026-05-29 18:01:00,2026-06-04 11:17:00
4508,4508,5,2025-08-28 08:29:00,2025-08-29 14:29:00,2025-09-10 13:52:00,Completed,2025-08-28 08:29:00,2025-09-10 13:52:00
4509,4509,5,2026-01-30 12:03:00,2026-01-31 20:03:00,2026-02-04 15:14:00,Completed,2026-01-30 12:03:00,2026-02-04 15:14:00
4510,4510,4,2026-05-13 18:30:00,2026-05-16 00:30:00,2026-05-23 13:55:00,Completed,2026-05-13 18:30:00,2026-05-23 13:55:00
4511,4511,1,2025-07-28 18:17:00,2025-07-29 22:17:00,2025-08-14 10:41:00,Completed,2025-07-28 18:17:00,2025-08-14 10:41:00
4512,4512,5,2026-05-13 14:11:00,2026-05-16 16:11:00,2026-05-21 16:16:00,Completed,2026-05-13 14:11:00,2026-05-21 16:16:00
4513,4513,5,2025-11-27 18:47:00,2025-11-28 18:47:00,2025-12-14 16:32:00,Completed,2025-11-27 18:47:00,2025-12-14 16:32:00
4514,4514,4,2025-06-09 12:22:00,2025-06-10 15:22:00,2025-06-14 12:38:00,Completed,2025-06-09 12:22:00,2025-06-14 12:38:00
4515,4515,2,2026-03-10 14:09:00,2026-03-12 22:09:00,2026-03-17 17:52:00,Completed,2026-03-10 14:09:00,2026-03-17 17:52:00
4516,4516,1,2026-01-29 12:14:00,2026-02-01 18:14:00,2026-02-09 16:32:00,Completed,2026-01-29 12:14:00,2026-02-09 16:32:00
4517,4517,2,2026-03-23 17:46:00,2026-03-25 00:46:00,2026-03-28 11:13:00,Completed,2026-03-23 17:46:00,2026-03-28 11:13:00
4518,4518,2,2025-07-10 17:03:00,2025-07-12 18:03:00,,Delivered,2025-07-10 17:03:00,2025-07-12 18:03:00
4519,4519,1,2026-01-16 15:53:00,2026-01-19 16:53:00,2026-01-16 12:09:00,Completed,2026-01-16 15:53:00,2026-01-19 16:53:00
4520,4520,3,2026-03-24 18:11:00,2026-03-27 18:11:00,2026-03-31 16:40:00,Completed,2026-03-24 18:11:00,2026-03-31 16:40:00
4521,4521,5,2025-11-28 18:32:00,2025-12-02 01:32:00,,Delivered,2025-11-28 18:32:00,2025-12-02 01:32:00
4522,4522,2,2025-12-21 09:22:00,2025-12-22 10:22:00,2026-01-04 14:05:00,Completed,2025-12-21 09:22:00,2026-01-04 14:05:00
4523,4523,5,2025-12-03 10:14:00,2025-12-05 11:14:00,2025-12-20 18:16:00,Completed,2025-12-03 10:14:00,2025-12-20 18:16:00
4524,4524,4,2025-07-08 11:17:00,2025-07-09 12:17:00,2025-07-13 18:34:00,Completed,2025-07-08 11:17:00,2025-07-13 18:34:00
4525,4525,5,2025-07-27 15:39:00,2025-07-29 22:39:00,2025-08-03 13:03:00,Completed,2025-07-27 15:39:00,2025-08-03 13:03:00
4526,4526,5,2026-05-29 10:12:00,2026-06-01 11:12:00,2026-06-03 11:15:00,Completed,2026-05-29 10:12:00,2026-06-03 11:15:00
4527,4527,2,2025-12-28 14:58:00,2025-12-29 15:58:00,2025-12-30 08:06:00,Completed,2025-12-28 14:58:00,2025-12-30 08:06:00
4528,4528,4,2025-08-14 16:58:00,2025-08-15 21:58:00,2025-08-19 16:17:00,Completed,2025-08-14 16:58:00,2025-08-19 16:17:00
4529,4529,5,2026-02-12 09:35:00,2026-02-15 09:35:00,2026-02-12 14:35:00,Completed,2026-02-12 09:35:00,2026-02-15 09:35:00
4530,4530,1,2025-10-04 10:52:00,2025-10-06 15:52:00,2025-10-05 11:54:00,Completed,2025-10-04 10:52:00,2025-10-06 15:52:00
4531,4531,3,2025-11-28 16:18:00,2025-11-29 22:18:00,2025-11-30 10:39:00,Completed,2025-11-28 16:18:00,2025-11-30 10:39:00
4532,4532,4,2025-09-12 11:37:00,2025-09-15 12:37:00,2025-09-17 15:45:00,Completed,2025-09-12 11:37:00,2025-09-17 15:45:00
4533,4533,1,2025-07-29 09:42:00,2025-07-30 09:42:00,2025-08-07 16:56:00,Completed,2025-07-29 09:42:00,2025-08-07 16:56:00
4534,4534,1,2025-11-12 12:12:00,2025-11-15 19:12:00,2025-11-28 10:44:00,Completed,2025-11-12 12:12:00,2025-11-28 10:44:00
4535,4535,4,2025-07-07 16:23:00,2025-07-10 22:23:00,2025-07-09 10:39:00,Completed,2025-07-07 16:23:00,2025-07-10 22:23:00
4536,4536,5,2025-09-17 11:02:00,2025-09-18 11:02:00,2025-09-17 14:32:00,Completed,2025-09-17 11:02:00,2025-09-18 11:02:00
4537,4537,4,2025-08-29 18:21:00,2025-08-31 02:21:00,2025-09-10 17:30:00,Completed,2025-08-29 18:21:00,2025-09-10 17:30:00
4538,4538,5,2026-05-15 11:42:00,2026-05-18 14:42:00,2026-05-30 12:01:00,Completed,2026-05-15 11:42:00,2026-05-30 12:01:00
4539,4539,3,2025-12-26 15:42:00,2025-12-28 23:42:00,2026-01-05 15:33:00,Completed,2025-12-26 15:42:00,2026-01-05 15:33:00
4540,4540,5,2025-09-08 17:32:00,2025-09-09 23:32:00,2025-09-13 18:51:00,Completed,2025-09-08 17:32:00,2025-09-13 18:51:00
4541,4541,3,2026-04-29 18:35:00,2026-04-30 21:35:00,2026-04-29 08:53:00,Completed,2026-04-29 18:35:00,2026-04-30 21:35:00
4542,4542,4,2026-03-27 12:06:00,2026-03-29 16:06:00,2026-04-09 11:30:00,Completed,2026-03-27 12:06:00,2026-04-09 11:30:00
4543,4543,1,2026-03-26 11:12:00,2026-03-29 17:12:00,2026-03-31 09:34:00,Completed,2026-03-26 11:12:00,2026-03-31 09:34:00
4544,4544,2,2025-08-27 10:38:00,2025-08-29 13:38:00,2025-09-06 14:29:00,Completed,2025-08-27 10:38:00,2025-09-06 14:29:00
4545,4545,1,2025-11-25 09:42:00,2025-11-27 14:42:00,2025-11-26 15:49:00,Completed,2025-11-25 09:42:00,2025-11-27 14:42:00
4546,4546,1,2026-02-26 13:56:00,2026-02-27 14:56:00,2026-03-03 10:04:00,Completed,2026-02-26 13:56:00,2026-03-03 10:04:00
4547,4547,5,2026-05-03 10:28:00,2026-05-05 16:28:00,2026-05-21 09:00:00,Completed,2026-05-03 10:28:00,2026-05-21 09:00:00
4548,4548,2,2026-01-27 14:59:00,2026-01-30 21:59:00,2026-01-31 13:21:00,Completed,2026-01-27 14:59:00,2026-01-31 13:21:00
4549,4549,3,2025-07-04 17:57:00,2025-07-05 21:57:00,2025-07-04 09:35:00,Completed,2025-07-04 17:57:00,2025-07-05 21:57:00
4550,4550,2,2025-09-29 16:56:00,2025-10-01 19:56:00,2025-10-08 10:06:00,Completed,2025-09-29 16:56:00,2025-10-08 10:06:00
4551,4551,2,2025-09-10 09:15:00,2025-09-12 10:15:00,2025-09-20 13:34:00,Completed,2025-09-10 09:15:00,2025-09-20 13:34:00
4552,4552,4,2026-03-31 11:25:00,2026-04-02 12:25:00,2026-04-04 15:10:00,Completed,2026-03-31 11:25:00,2026-04-04 15:10:00
4553,4553,5,2025-06-26 15:10:00,2025-06-29 21:10:00,2025-07-01 10:33:00,Completed,2025-06-26 15:10:00,2025-07-01 10:33:00
4554,4554,1,2025-12-07 18:47:00,2025-12-09 23:47:00,2025-12-09 15:29:00,Completed,2025-12-07 18:47:00,2025-12-09 23:47:00
4555,4555,2,2026-04-04 12:01:00,2026-04-07 20:01:00,2026-04-08 12:24:00,Completed,2026-04-04 12:01:00,2026-04-08 12:24:00
4556,4556,4,2025-08-01 11:50:00,2025-08-03 15:50:00,2025-08-11 13:07:00,Completed,2025-08-01 11:50:00,2025-08-11 13:07:00
4557,4557,3,2026-01-30 14:16:00,2026-02-01 18:16:00,2026-02-01 14:19:00,Completed,2026-01-30 14:16:00,2026-02-01 18:16:00
4558,4558,3,2025-10-15 08:01:00,2025-10-17 15:01:00,2025-10-18 18:06:00,Completed,2025-10-15 08:01:00,2025-10-18 18:06:00
4559,4559,4,2026-05-28 16:13:00,2026-05-30 20:13:00,2026-05-31 12:32:00,Completed,2026-05-28 16:13:00,2026-05-31 12:32:00
4560,4560,1,2025-11-29 10:56:00,2025-11-30 15:56:00,2025-12-08 14:46:00,Completed,2025-11-29 10:56:00,2025-12-08 14:46:00
4561,4561,5,2025-12-13 11:25:00,2025-12-15 15:25:00,2025-12-13 15:48:00,Completed,2025-12-13 11:25:00,2025-12-15 15:25:00
4562,4562,1,2025-08-07 12:11:00,2025-08-09 18:11:00,2025-08-07 13:05:00,Completed,2025-08-07 12:11:00,2025-08-09 18:11:00
4563,4563,2,2026-01-21 13:45:00,2026-01-23 17:45:00,2026-01-22 12:41:00,Completed,2026-01-21 13:45:00,2026-01-23 17:45:00
4564,4564,1,2025-08-24 09:39:00,2025-08-25 13:39:00,2025-08-31 10:04:00,Completed,2025-08-24 09:39:00,2025-08-31 10:04:00
4565,4565,2,2026-02-15 16:46:00,2026-02-17 17:46:00,2026-02-20 18:22:00,Completed,2026-02-15 16:46:00,2026-02-20 18:22:00
4566,4566,4,2025-08-26 11:56:00,2025-08-27 15:56:00,2025-09-05 09:15:00,Completed,2025-08-26 11:56:00,2025-09-05 09:15:00
4567,4567,5,2025-10-22 11:28:00,2025-10-25 11:28:00,2025-11-03 18:02:00,Completed,2025-10-22 11:28:00,2025-11-03 18:02:00
4568,4568,5,2025-10-07 12:43:00,2025-10-10 15:43:00,2025-10-21 11:50:00,Completed,2025-10-07 12:43:00,2025-10-21 11:50:00
4569,4569,2,2026-03-23 17:37:00,2026-03-25 19:37:00,2026-04-10 16:05:00,Completed,2026-03-23 17:37:00,2026-04-10 16:05:00
4570,4570,1,2025-11-10 11:42:00,2025-11-11 19:42:00,2025-11-26 09:47:00,Completed,2025-11-10 11:42:00,2025-11-26 09:47:00
4571,4571,5,2026-05-28 13:26:00,2026-05-29 19:26:00,2026-05-30 17:44:00,Completed,2026-05-28 13:26:00,2026-05-30 17:44:00
4572,4572,4,2025-12-04 13:00:00,2025-12-07 15:00:00,2025-12-09 08:40:00,Completed,2025-12-04 13:00:00,2025-12-09 08:40:00
4573,4573,2,2025-09-01 17:39:00,2025-09-04 17:39:00,2025-09-04 17:45:00,Completed,2025-09-01 17:39:00,2025-09-04 17:45:00
4574,4574,3,2026-01-27 16:41:00,2026-01-29 20:41:00,2026-01-27 15:24:00,Completed,2026-01-27 16:41:00,2026-01-29 20:41:00
4575,4575,5,2025-06-15 13:12:00,2025-06-18 19:12:00,,Delivered,2025-06-15 13:12:00,2025-06-18 19:12:00
4576,4576,5,2026-03-03 16:21:00,2026-03-05 16:21:00,,Delivered,2026-03-03 16:21:00,2026-03-05 16:21:00
4577,4577,2,2025-07-06 10:13:00,2025-07-08 15:13:00,2025-07-12 17:23:00,Completed,2025-07-06 10:13:00,2025-07-12 17:23:00
4578,4578,5,2026-03-16 14:45:00,2026-03-18 16:45:00,2026-03-22 08:57:00,Completed,2026-03-16 14:45:00,2026-03-22 08:57:00
4579,4579,3,2026-03-04 12:35:00,2026-03-05 12:35:00,,Delivered,2026-03-04 12:35:00,2026-03-05 12:35:00
4580,4580,5,2026-03-15 12:59:00,2026-03-18 18:59:00,2026-03-20 09:40:00,Completed,2026-03-15 12:59:00,2026-03-20 09:40:00
4581,4581,2,2025-10-17 12:09:00,2025-10-19 12:09:00,2025-10-17 11:10:00,Completed,2025-10-17 12:09:00,2025-10-19 12:09:00
4582,4582,2,2026-01-22 09:44:00,2026-01-24 11:44:00,2026-02-03 13:44:00,Completed,2026-01-22 09:44:00,2026-02-03 13:44:00
4583,4583,5,2025-07-04 17:06:00,2025-07-08 00:06:00,2025-07-08 17:01:00,Completed,2025-07-04 17:06:00,2025-07-08 17:01:00
4584,4584,4,2025-08-16 16:28:00,2025-08-19 17:28:00,2025-09-02 15:31:00,Completed,2025-08-16 16:28:00,2025-09-02 15:31:00
4585,4585,5,2026-02-06 11:27:00,2026-02-07 16:27:00,2026-02-07 09:27:00,Completed,2026-02-06 11:27:00,2026-02-07 16:27:00
4586,4586,3,2025-09-14 09:11:00,2025-09-17 12:11:00,2025-10-03 18:07:00,Completed,2025-09-14 09:11:00,2025-10-03 18:07:00
4587,4587,1,2025-08-30 13:56:00,2025-09-02 15:56:00,2025-08-31 11:22:00,Completed,2025-08-30 13:56:00,2025-09-02 15:56:00
4588,4588,1,2026-01-12 09:42:00,2026-01-14 10:42:00,2026-01-26 08:15:00,Completed,2026-01-12 09:42:00,2026-01-26 08:15:00
4589,4589,4,2025-06-10 11:07:00,2025-06-13 15:07:00,2025-06-12 14:44:00,Completed,2025-06-10 11:07:00,2025-06-13 15:07:00
4590,4590,2,2026-04-15 08:24:00,2026-04-16 11:24:00,2026-04-19 16:35:00,Completed,2026-04-15 08:24:00,2026-04-19 16:35:00
4591,4591,1,2025-12-18 09:09:00,2025-12-21 12:09:00,2026-01-07 12:16:00,Completed,2025-12-18 09:09:00,2026-01-07 12:16:00
4592,4592,4,2025-12-24 14:22:00,2025-12-26 17:22:00,2025-12-28 13:49:00,Completed,2025-12-24 14:22:00,2025-12-28 13:49:00
4593,4593,2,2025-06-28 14:43:00,2025-07-01 18:43:00,2025-07-04 10:05:00,Completed,2025-06-28 14:43:00,2025-07-04 10:05:00
4594,4594,3,2025-08-18 14:23:00,2025-08-21 15:23:00,2025-08-23 14:23:00,Completed,2025-08-18 14:23:00,2025-08-23 14:23:00
4595,4595,5,2025-11-05 14:48:00,2025-11-07 22:48:00,2025-11-26 08:50:00,Completed,2025-11-05 14:48:00,2025-11-26 08:50:00
4596,4596,1,2026-01-02 10:53:00,2026-01-04 18:53:00,2026-01-07 10:57:00,Completed,2026-01-02 10:53:00,2026-01-07 10:57:00
4597,4597,2,2025-06-15 12:37:00,2025-06-18 20:37:00,2025-06-22 17:01:00,Completed,2025-06-15 12:37:00,2025-06-22 17:01:00
4598,4598,1,2026-01-12 13:43:00,2026-01-15 15:43:00,2026-01-18 14:53:00,Completed,2026-01-12 13:43:00,2026-01-18 14:53:00
4599,4599,4,2025-10-21 10:33:00,2025-10-22 12:33:00,2025-10-24 15:41:00,Completed,2025-10-21 10:33:00,2025-10-24 15:41:00
4600,4600,4,2026-02-01 12:02:00,2026-02-02 17:02:00,2026-02-09 12:03:00,Completed,2026-02-01 12:02:00,2026-02-09 12:03:00
4601,4601,3,2026-01-07 15:22:00,2026-01-10 21:22:00,2026-01-16 12:44:00,Completed,2026-01-07 15:22:00,2026-01-16 12:44:00
4602,4602,5,2026-01-01 11:27:00,2026-01-02 12:27:00,2026-01-01 10:34:00,Completed,2026-01-01 11:27:00,2026-01-02 12:27:00
4603,4603,2,2025-11-06 18:53:00,2025-11-09 21:53:00,2025-11-10 13:21:00,Completed,2025-11-06 18:53:00,2025-11-10 13:21:00
4604,4604,3,2025-09-20 14:28:00,2025-09-21 14:28:00,2025-10-04 18:51:00,Completed,2025-09-20 14:28:00,2025-10-04 18:51:00
4605,4605,2,2026-01-18 09:21:00,2026-01-21 13:21:00,2026-01-22 08:46:00,Completed,2026-01-18 09:21:00,2026-01-22 08:46:00
4606,4606,5,2025-07-23 10:21:00,2025-07-25 17:21:00,2025-07-27 15:51:00,Completed,2025-07-23 10:21:00,2025-07-27 15:51:00
4607,4607,1,2025-08-13 13:10:00,2025-08-15 18:10:00,,Delivered,2025-08-13 13:10:00,2025-08-15 18:10:00
4608,4608,1,2025-08-04 13:51:00,2025-08-05 17:51:00,2025-08-07 14:59:00,Completed,2025-08-04 13:51:00,2025-08-07 14:59:00
4609,4609,3,2026-01-12 08:22:00,2026-01-15 09:22:00,2026-01-13 18:40:00,Completed,2026-01-12 08:22:00,2026-01-15 09:22:00
4610,4610,2,2025-11-07 09:22:00,2025-11-08 09:22:00,2025-11-18 15:20:00,Completed,2025-11-07 09:22:00,2025-11-18 15:20:00
4611,4611,3,2025-10-27 12:39:00,2025-10-29 19:39:00,2025-11-09 14:23:00,Completed,2025-10-27 12:39:00,2025-11-09 14:23:00
4612,4612,1,2025-07-06 11:03:00,2025-07-07 16:03:00,2025-07-09 09:59:00,Completed,2025-07-06 11:03:00,2025-07-09 09:59:00
4613,4613,5,2026-01-17 11:55:00,2026-01-20 16:55:00,2026-01-25 17:44:00,Completed,2026-01-17 11:55:00,2026-01-25 17:44:00
4614,4614,4,2025-08-23 17:46:00,2025-08-25 23:46:00,2025-08-23 08:51:00,Completed,2025-08-23 17:46:00,2025-08-25 23:46:00
4615,4615,5,2026-05-16 10:46:00,2026-05-18 11:46:00,2026-05-22 10:43:00,Completed,2026-05-16 10:46:00,2026-05-22 10:43:00
4616,4616,4,2026-03-30 14:59:00,2026-04-02 15:59:00,2026-03-30 13:53:00,Completed,2026-03-30 14:59:00,2026-04-02 15:59:00
4617,4617,5,2025-11-16 12:01:00,2025-11-17 17:01:00,2025-11-20 16:46:00,Completed,2025-11-16 12:01:00,2025-11-20 16:46:00
4618,4618,1,2026-01-02 10:11:00,2026-01-04 11:11:00,2026-01-02 10:35:00,Completed,2026-01-02 10:11:00,2026-01-04 11:11:00
4619,4619,5,2025-10-05 08:00:00,2025-10-08 08:00:00,2025-10-19 16:21:00,Completed,2025-10-05 08:00:00,2025-10-19 16:21:00
4620,4620,5,2025-09-01 12:11:00,2025-09-03 19:11:00,2025-09-07 15:41:00,Completed,2025-09-01 12:11:00,2025-09-07 15:41:00
4621,4621,4,2025-07-29 09:27:00,2025-07-30 16:27:00,2025-07-29 15:00:00,Completed,2025-07-29 09:27:00,2025-07-30 16:27:00
4622,4622,5,2025-09-26 14:10:00,2025-09-28 21:10:00,2025-09-28 08:24:00,Completed,2025-09-26 14:10:00,2025-09-28 21:10:00
4623,4623,5,2026-03-26 12:10:00,2026-03-29 14:10:00,2026-04-02 16:54:00,Completed,2026-03-26 12:10:00,2026-04-02 16:54:00
4624,4624,1,2026-02-20 12:45:00,2026-02-22 12:45:00,2026-02-20 18:28:00,Completed,2026-02-20 12:45:00,2026-02-22 12:45:00
4625,4625,2,2025-12-30 17:28:00,2026-01-01 18:28:00,2026-01-07 11:54:00,Completed,2025-12-30 17:28:00,2026-01-07 11:54:00
4626,4626,5,2026-01-08 17:28:00,2026-01-09 19:28:00,2026-01-12 13:13:00,Completed,2026-01-08 17:28:00,2026-01-12 13:13:00
4627,4627,2,2026-04-07 08:51:00,2026-04-08 16:51:00,2026-04-07 18:31:00,Completed,2026-04-07 08:51:00,2026-04-08 16:51:00
4628,4628,5,2025-08-16 14:02:00,2025-08-19 22:02:00,2025-08-25 12:25:00,Completed,2025-08-16 14:02:00,2025-08-25 12:25:00
4629,4629,3,2025-09-25 17:48:00,2025-09-28 22:48:00,2025-09-28 11:11:00,Completed,2025-09-25 17:48:00,2025-09-28 22:48:00
4630,4630,4,2025-07-14 12:10:00,2025-07-16 17:10:00,,Delivered,2025-07-14 12:10:00,2025-07-16 17:10:00
4631,4631,5,2025-08-01 14:46:00,2025-08-04 22:46:00,2025-08-17 14:53:00,Completed,2025-08-01 14:46:00,2025-08-17 14:53:00
4632,4632,1,2026-04-08 11:53:00,2026-04-10 12:53:00,2026-04-21 17:18:00,Completed,2026-04-08 11:53:00,2026-04-21 17:18:00
4633,4633,1,2026-05-06 11:43:00,2026-05-07 14:43:00,2026-05-07 14:48:00,Completed,2026-05-06 11:43:00,2026-05-07 14:48:00
4634,4634,3,2026-01-28 17:27:00,2026-01-31 21:27:00,2026-02-06 11:45:00,Completed,2026-01-28 17:27:00,2026-02-06 11:45:00
4635,4635,1,2026-04-01 09:49:00,2026-04-03 13:49:00,2026-04-08 18:06:00,Completed,2026-04-01 09:49:00,2026-04-08 18:06:00
4636,4636,2,2025-08-08 18:53:00,2025-08-10 00:53:00,2025-08-18 13:09:00,Completed,2025-08-08 18:53:00,2025-08-18 13:09:00
4637,4637,4,2026-01-16 15:21:00,2026-01-17 22:21:00,2026-01-24 18:22:00,Completed,2026-01-16 15:21:00,2026-01-24 18:22:00
4638,4638,3,2025-07-05 08:22:00,2025-07-06 12:22:00,,Delivered,2025-07-05 08:22:00,2025-07-06 12:22:00
4639,4639,3,2026-02-11 18:29:00,2026-02-14 22:29:00,2026-02-18 12:10:00,Completed,2026-02-11 18:29:00,2026-02-18 12:10:00
4640,4640,4,2026-05-11 13:42:00,2026-05-12 17:42:00,2026-05-24 08:12:00,Completed,2026-05-11 13:42:00,2026-05-24 08:12:00
4641,4641,4,2026-05-09 18:25:00,2026-05-10 23:25:00,2026-05-28 14:34:00,Completed,2026-05-09 18:25:00,2026-05-28 14:34:00
4642,4642,4,2025-10-05 11:19:00,2025-10-07 12:19:00,,Delivered,2025-10-05 11:19:00,2025-10-07 12:19:00
4643,4643,4,2026-02-06 15:46:00,2026-02-07 15:46:00,2026-02-22 11:24:00,Completed,2026-02-06 15:46:00,2026-02-22 11:24:00
4644,4644,2,2025-08-21 15:55:00,2025-08-22 18:55:00,2025-08-29 08:09:00,Completed,2025-08-21 15:55:00,2025-08-29 08:09:00
4645,4645,1,2026-05-12 10:30:00,2026-05-15 12:30:00,2026-05-17 15:23:00,Completed,2026-05-12 10:30:00,2026-05-17 15:23:00
4646,4646,1,2026-04-05 18:12:00,2026-04-09 01:12:00,2026-04-07 11:15:00,Completed,2026-04-05 18:12:00,2026-04-09 01:12:00
4647,4647,5,2025-07-14 12:49:00,2025-07-16 16:49:00,2025-07-14 12:29:00,Completed,2025-07-14 12:49:00,2025-07-16 16:49:00
4648,4648,2,2025-12-16 15:32:00,2025-12-19 23:32:00,2025-12-21 18:44:00,Completed,2025-12-16 15:32:00,2025-12-21 18:44:00
4649,4649,3,2025-11-09 18:48:00,2025-11-10 18:48:00,2025-11-15 17:43:00,Completed,2025-11-09 18:48:00,2025-11-15 17:43:00
4650,4650,2,2026-01-27 15:36:00,2026-01-30 20:36:00,2026-01-29 14:15:00,Completed,2026-01-27 15:36:00,2026-01-30 20:36:00
4651,4651,3,2026-02-27 16:15:00,2026-03-02 16:15:00,2026-02-27 08:47:00,Completed,2026-02-27 16:15:00,2026-03-02 16:15:00
4652,4652,1,2025-10-11 18:49:00,2025-10-12 19:49:00,2025-10-13 11:44:00,Completed,2025-10-11 18:49:00,2025-10-13 11:44:00
4653,4653,1,2025-08-30 18:15:00,2025-09-02 20:15:00,2025-09-01 08:31:00,Completed,2025-08-30 18:15:00,2025-09-02 20:15:00
4654,4654,5,2025-09-01 11:26:00,2025-09-03 13:26:00,2025-09-18 08:59:00,Completed,2025-09-01 11:26:00,2025-09-18 08:59:00
4655,4655,2,2026-05-27 10:29:00,2026-05-30 16:29:00,2026-05-30 08:46:00,Completed,2026-05-27 10:29:00,2026-05-30 16:29:00
4656,4656,1,2025-10-12 16:43:00,2025-10-13 22:43:00,2025-10-23 12:22:00,Completed,2025-10-12 16:43:00,2025-10-23 12:22:00
4657,4657,2,2025-10-21 15:35:00,2025-10-23 21:35:00,,Delivered,2025-10-21 15:35:00,2025-10-23 21:35:00
4658,4658,2,2026-02-13 13:19:00,2026-02-14 17:19:00,2026-02-14 17:30:00,Completed,2026-02-13 13:19:00,2026-02-14 17:30:00
4659,4659,1,2025-08-29 09:46:00,2025-08-30 09:46:00,2025-08-31 17:12:00,Completed,2025-08-29 09:46:00,2025-08-31 17:12:00
4660,4660,1,2026-03-27 17:23:00,2026-03-29 01:23:00,2026-04-13 15:02:00,Completed,2026-03-27 17:23:00,2026-04-13 15:02:00
4661,4661,1,2026-03-03 18:36:00,2026-03-06 18:36:00,2026-03-06 14:31:00,Completed,2026-03-03 18:36:00,2026-03-06 18:36:00
4662,4662,2,2026-03-25 17:40:00,2026-03-28 23:40:00,2026-04-02 14:12:00,Completed,2026-03-25 17:40:00,2026-04-02 14:12:00
4663,4663,2,2025-06-22 15:19:00,2025-06-23 19:19:00,2025-06-22 15:06:00,Completed,2025-06-22 15:19:00,2025-06-23 19:19:00
4664,4664,2,2026-01-31 14:05:00,2026-02-02 19:05:00,2026-02-10 16:43:00,Completed,2026-01-31 14:05:00,2026-02-10 16:43:00
4665,4665,4,2025-12-12 08:51:00,2025-12-15 16:51:00,,Delivered,2025-12-12 08:51:00,2025-12-15 16:51:00
4666,4666,1,2025-10-17 14:55:00,2025-10-19 19:55:00,2025-11-01 14:52:00,Completed,2025-10-17 14:55:00,2025-11-01 14:52:00
4667,4667,5,2026-05-01 14:50:00,2026-05-02 15:50:00,2026-05-07 16:03:00,Completed,2026-05-01 14:50:00,2026-05-07 16:03:00
4668,4668,1,2025-09-26 14:48:00,2025-09-29 18:48:00,2025-10-03 12:12:00,Completed,2025-09-26 14:48:00,2025-10-03 12:12:00
4669,4669,1,2025-11-10 09:53:00,2025-11-11 13:53:00,2025-11-26 09:25:00,Completed,2025-11-10 09:53:00,2025-11-26 09:25:00
4670,4670,5,2025-12-16 15:01:00,2025-12-18 22:01:00,2025-12-20 17:00:00,Completed,2025-12-16 15:01:00,2025-12-20 17:00:00
4671,4671,3,2025-10-31 18:48:00,2025-11-02 21:48:00,2025-11-07 17:22:00,Completed,2025-10-31 18:48:00,2025-11-07 17:22:00
4672,4672,5,2026-05-06 17:40:00,2026-05-09 21:40:00,2026-05-18 08:36:00,Completed,2026-05-06 17:40:00,2026-05-18 08:36:00
4673,4673,1,2025-08-05 09:47:00,2025-08-08 17:47:00,,Delivered,2025-08-05 09:47:00,2025-08-08 17:47:00
4674,4674,4,2026-05-02 14:38:00,2026-05-05 17:38:00,2026-05-06 14:47:00,Completed,2026-05-02 14:38:00,2026-05-06 14:47:00
4675,4675,4,2025-08-07 12:05:00,2025-08-10 15:05:00,2025-08-14 11:13:00,Completed,2025-08-07 12:05:00,2025-08-14 11:13:00
4676,4676,2,2025-11-09 15:50:00,2025-11-10 20:50:00,2025-11-14 18:44:00,Completed,2025-11-09 15:50:00,2025-11-14 18:44:00
4677,4677,2,2025-06-13 17:19:00,2025-06-16 01:19:00,2025-06-17 18:06:00,Completed,2025-06-13 17:19:00,2025-06-17 18:06:00
4678,4678,2,2026-02-17 18:52:00,2026-02-21 00:52:00,2026-02-22 11:53:00,Completed,2026-02-17 18:52:00,2026-02-22 11:53:00
4679,4679,1,2025-11-04 15:29:00,2025-11-07 19:29:00,2025-11-13 09:23:00,Completed,2025-11-04 15:29:00,2025-11-13 09:23:00
4680,4680,4,2025-07-26 18:51:00,2025-07-29 20:51:00,2025-08-02 08:24:00,Completed,2025-07-26 18:51:00,2025-08-02 08:24:00
4681,4681,2,2026-04-09 11:24:00,2026-04-12 18:24:00,2026-04-20 14:19:00,Completed,2026-04-09 11:24:00,2026-04-20 14:19:00
4682,4682,5,2026-05-12 16:02:00,2026-05-13 18:02:00,2026-05-18 18:39:00,Completed,2026-05-12 16:02:00,2026-05-18 18:39:00
4683,4683,5,2026-05-26 10:19:00,2026-05-28 11:19:00,2026-06-02 09:55:00,Completed,2026-05-26 10:19:00,2026-06-02 09:55:00
4684,4684,4,2025-12-25 17:54:00,2025-12-26 17:54:00,2025-12-25 12:34:00,Completed,2025-12-25 17:54:00,2025-12-26 17:54:00
4685,4685,2,2026-03-15 12:10:00,2026-03-16 15:10:00,2026-03-23 11:52:00,Completed,2026-03-15 12:10:00,2026-03-23 11:52:00
4686,4686,3,2026-01-15 18:10:00,2026-01-19 00:10:00,2026-01-30 14:36:00,Completed,2026-01-15 18:10:00,2026-01-30 14:36:00
4687,4687,4,2025-10-17 14:01:00,2025-10-20 14:01:00,2025-10-24 08:34:00,Completed,2025-10-17 14:01:00,2025-10-24 08:34:00
4688,4688,3,2025-08-08 13:52:00,2025-08-10 19:52:00,2025-08-17 09:15:00,Completed,2025-08-08 13:52:00,2025-08-17 09:15:00
4689,4689,5,2026-05-27 13:24:00,2026-05-30 20:24:00,2026-06-01 08:58:00,Completed,2026-05-27 13:24:00,2026-06-01 08:58:00
4690,4690,1,2025-06-13 17:38:00,2025-06-15 19:38:00,2025-06-18 17:12:00,Completed,2025-06-13 17:38:00,2025-06-18 17:12:00
4691,4691,2,2025-10-24 15:15:00,2025-10-27 18:15:00,2025-10-27 10:49:00,Completed,2025-10-24 15:15:00,2025-10-27 18:15:00
4692,4692,5,2026-01-12 18:10:00,2026-01-13 23:10:00,2026-01-13 16:32:00,Completed,2026-01-12 18:10:00,2026-01-13 23:10:00
4693,4693,1,2025-12-21 12:12:00,2025-12-24 14:12:00,2025-12-30 13:39:00,Completed,2025-12-21 12:12:00,2025-12-30 13:39:00
4694,4694,3,2025-12-14 12:17:00,2025-12-15 18:17:00,2025-12-22 16:39:00,Completed,2025-12-14 12:17:00,2025-12-22 16:39:00
4695,4695,5,2025-07-18 16:43:00,2025-07-19 18:43:00,2025-07-19 16:30:00,Completed,2025-07-18 16:43:00,2025-07-19 18:43:00
4696,4696,4,2025-07-10 08:21:00,2025-07-11 15:21:00,,Delivered,2025-07-10 08:21:00,2025-07-11 15:21:00
4697,4697,3,2025-10-10 10:55:00,2025-10-11 11:55:00,2025-10-15 11:12:00,Completed,2025-10-10 10:55:00,2025-10-15 11:12:00
4698,4698,3,2026-02-19 09:04:00,2026-02-21 14:04:00,2026-02-21 16:35:00,Completed,2026-02-19 09:04:00,2026-02-21 16:35:00
4699,4699,2,2025-09-24 16:20:00,2025-09-27 18:20:00,2025-09-24 16:08:00,Completed,2025-09-24 16:20:00,2025-09-27 18:20:00
4700,4700,3,2025-11-05 17:29:00,2025-11-06 21:29:00,2025-11-25 09:23:00,Completed,2025-11-05 17:29:00,2025-11-25 09:23:00
4701,4701,2,2026-04-17 14:26:00,2026-04-18 15:26:00,2026-04-25 14:04:00,Completed,2026-04-17 14:26:00,2026-04-25 14:04:00
4702,4702,5,2026-05-14 11:14:00,2026-05-16 11:14:00,2026-05-16 08:22:00,Completed,2026-05-14 11:14:00,2026-05-16 11:14:00
4703,4703,4,2026-04-06 08:41:00,2026-04-07 13:41:00,2026-04-13 10:43:00,Completed,2026-04-06 08:41:00,2026-04-13 10:43:00
4704,4704,1,2025-07-20 13:49:00,2025-07-23 18:49:00,,Delivered,2025-07-20 13:49:00,2025-07-23 18:49:00
4705,4705,1,2025-06-07 15:40:00,2025-06-09 20:40:00,2025-06-14 14:36:00,Completed,2025-06-07 15:40:00,2025-06-14 14:36:00
4706,4706,2,2025-12-21 12:42:00,2025-12-23 15:42:00,2025-12-23 18:02:00,Completed,2025-12-21 12:42:00,2025-12-23 18:02:00
4707,4707,1,2025-07-21 08:25:00,2025-07-22 14:25:00,2025-07-22 09:45:00,Completed,2025-07-21 08:25:00,2025-07-22 14:25:00
4708,4708,2,2025-10-09 18:15:00,2025-10-10 19:15:00,2025-10-20 11:52:00,Completed,2025-10-09 18:15:00,2025-10-20 11:52:00
4709,4709,2,2026-02-25 09:50:00,2026-02-28 13:50:00,2026-03-17 13:41:00,Completed,2026-02-25 09:50:00,2026-03-17 13:41:00
4710,4710,3,2025-12-25 18:10:00,2025-12-28 00:10:00,2026-01-01 18:02:00,Completed,2025-12-25 18:10:00,2026-01-01 18:02:00
4711,4711,2,2025-06-26 14:24:00,2025-06-28 16:24:00,2025-07-04 16:56:00,Completed,2025-06-26 14:24:00,2025-07-04 16:56:00
4712,4712,2,2025-12-03 11:32:00,2025-12-06 16:32:00,2025-12-05 13:25:00,Completed,2025-12-03 11:32:00,2025-12-06 16:32:00
4713,4713,4,2025-08-02 10:19:00,2025-08-04 10:19:00,2025-08-02 11:46:00,Completed,2025-08-02 10:19:00,2025-08-04 10:19:00
4714,4714,3,2025-06-25 12:38:00,2025-06-27 18:38:00,2025-06-30 15:02:00,Completed,2025-06-25 12:38:00,2025-06-30 15:02:00
4715,4715,1,2025-08-24 16:43:00,2025-08-27 16:43:00,,Delivered,2025-08-24 16:43:00,2025-08-27 16:43:00
4716,4716,4,2026-02-23 12:40:00,2026-02-26 17:40:00,2026-02-28 09:22:00,Completed,2026-02-23 12:40:00,2026-02-28 09:22:00
4717,4717,4,2026-03-16 08:56:00,2026-03-17 16:56:00,2026-03-25 10:28:00,Completed,2026-03-16 08:56:00,2026-03-25 10:28:00
4718,4718,5,2025-06-08 18:11:00,2025-06-11 02:11:00,2025-06-20 18:40:00,Completed,2025-06-08 18:11:00,2025-06-20 18:40:00
4719,4719,5,2025-08-18 13:12:00,2025-08-21 21:12:00,2025-08-20 10:23:00,Completed,2025-08-18 13:12:00,2025-08-21 21:12:00
4720,4720,4,2025-09-12 15:28:00,2025-09-13 15:28:00,2025-09-18 13:08:00,Completed,2025-09-12 15:28:00,2025-09-18 13:08:00
4721,4721,1,2025-10-14 17:29:00,2025-10-15 18:29:00,2025-10-19 14:37:00,Completed,2025-10-14 17:29:00,2025-10-19 14:37:00
4722,4722,5,2025-08-07 12:31:00,2025-08-09 14:31:00,2025-08-12 12:40:00,Completed,2025-08-07 12:31:00,2025-08-12 12:40:00
4723,4723,3,2026-04-15 17:46:00,2026-04-18 01:46:00,2026-04-21 12:45:00,Completed,2026-04-15 17:46:00,2026-04-21 12:45:00
4724,4724,5,2025-09-11 13:20:00,2025-09-13 16:20:00,2025-09-12 15:15:00,Completed,2025-09-11 13:20:00,2025-09-13 16:20:00
4725,4725,2,2025-07-31 17:17:00,2025-08-03 21:17:00,2025-08-01 15:47:00,Completed,2025-07-31 17:17:00,2025-08-03 21:17:00
4726,4726,4,2026-01-25 16:39:00,2026-01-28 19:39:00,2026-02-03 09:19:00,Completed,2026-01-25 16:39:00,2026-02-03 09:19:00
4727,4727,4,2025-11-03 15:11:00,2025-11-06 18:11:00,2025-11-10 14:37:00,Completed,2025-11-03 15:11:00,2025-11-10 14:37:00
4728,4728,1,2026-03-05 18:02:00,2026-03-08 20:02:00,2026-03-20 12:16:00,Completed,2026-03-05 18:02:00,2026-03-20 12:16:00
4729,4729,4,2025-11-01 15:03:00,2025-11-02 16:03:00,,Delivered,2025-11-01 15:03:00,2025-11-02 16:03:00
4730,4730,4,2025-10-28 11:36:00,2025-10-30 11:36:00,,Delivered,2025-10-28 11:36:00,2025-10-30 11:36:00
4731,4731,2,2025-12-30 17:29:00,2026-01-02 00:29:00,2026-01-06 13:38:00,Completed,2025-12-30 17:29:00,2026-01-06 13:38:00
4732,4732,4,2025-06-30 10:45:00,2025-07-01 17:45:00,2025-07-18 13:32:00,Completed,2025-06-30 10:45:00,2025-07-18 13:32:00
4733,4733,5,2026-01-28 18:19:00,2026-01-29 18:19:00,2026-01-28 10:42:00,Completed,2026-01-28 18:19:00,2026-01-29 18:19:00
4734,4734,2,2025-11-26 12:46:00,2025-11-27 15:46:00,2025-12-04 12:04:00,Completed,2025-11-26 12:46:00,2025-12-04 12:04:00
4735,4735,1,2026-05-03 14:48:00,2026-05-06 16:48:00,,Delivered,2026-05-03 14:48:00,2026-05-06 16:48:00
4736,4736,3,2025-08-25 13:52:00,2025-08-27 13:52:00,2025-08-29 17:41:00,Completed,2025-08-25 13:52:00,2025-08-29 17:41:00
4737,4737,3,2026-04-27 12:24:00,2026-04-29 13:24:00,2026-05-04 08:13:00,Completed,2026-04-27 12:24:00,2026-05-04 08:13:00
4738,4738,4,2025-09-15 15:52:00,2025-09-18 15:52:00,2025-10-05 17:22:00,Completed,2025-09-15 15:52:00,2025-10-05 17:22:00
4739,4739,5,2026-03-28 18:40:00,2026-03-31 19:40:00,2026-04-20 12:19:00,Completed,2026-03-28 18:40:00,2026-04-20 12:19:00
4740,4740,1,2026-04-09 13:44:00,2026-04-11 17:44:00,2026-04-09 16:05:00,Completed,2026-04-09 13:44:00,2026-04-11 17:44:00
4741,4741,1,2025-12-11 16:45:00,2025-12-12 20:45:00,2025-12-14 12:59:00,Completed,2025-12-11 16:45:00,2025-12-14 12:59:00
4742,4742,1,2025-06-17 15:10:00,2025-06-18 15:10:00,,Delivered,2025-06-17 15:10:00,2025-06-18 15:10:00
4743,4743,5,2025-12-31 13:05:00,2026-01-02 13:05:00,2026-01-14 10:01:00,Completed,2025-12-31 13:05:00,2026-01-14 10:01:00
4744,4744,3,2026-01-01 12:06:00,2026-01-03 20:06:00,2026-01-05 11:30:00,Completed,2026-01-01 12:06:00,2026-01-05 11:30:00
4745,4745,2,2025-11-18 16:12:00,2025-11-19 20:12:00,2025-11-23 17:58:00,Completed,2025-11-18 16:12:00,2025-11-23 17:58:00
4746,4746,2,2025-07-11 12:24:00,2025-07-13 17:24:00,2025-07-16 16:37:00,Completed,2025-07-11 12:24:00,2025-07-16 16:37:00
4747,4747,4,2025-07-18 08:13:00,2025-07-19 11:13:00,2025-07-28 11:56:00,Completed,2025-07-18 08:13:00,2025-07-28 11:56:00
4748,4748,2,2026-02-20 10:08:00,2026-02-23 10:08:00,2026-02-22 09:36:00,Completed,2026-02-20 10:08:00,2026-02-23 10:08:00
4749,4749,5,2025-11-17 09:14:00,2025-11-18 11:14:00,2025-11-25 13:10:00,Completed,2025-11-17 09:14:00,2025-11-25 13:10:00
4750,4750,5,2025-09-05 16:40:00,2025-09-08 20:40:00,2025-09-07 18:01:00,Completed,2025-09-05 16:40:00,2025-09-08 20:40:00
4751,4751,2,2025-07-25 15:06:00,2025-07-27 16:06:00,2025-08-01 18:02:00,Completed,2025-07-25 15:06:00,2025-08-01 18:02:00
4752,4752,3,2026-03-03 10:39:00,2026-03-06 10:39:00,,Delivered,2026-03-03 10:39:00,2026-03-06 10:39:00
4753,4753,3,2026-03-21 09:56:00,2026-03-22 12:56:00,,Delivered,2026-03-21 09:56:00,2026-03-22 12:56:00
4754,4754,3,2025-09-28 09:07:00,2025-10-01 11:07:00,2025-10-01 17:30:00,Completed,2025-09-28 09:07:00,2025-10-01 17:30:00
4755,4755,4,2025-06-25 14:12:00,2025-06-27 22:12:00,2025-07-02 13:52:00,Completed,2025-06-25 14:12:00,2025-07-02 13:52:00
4756,4756,2,2026-01-13 10:45:00,2026-01-14 12:45:00,2026-01-14 14:14:00,Completed,2026-01-13 10:45:00,2026-01-14 14:14:00
4757,4757,1,2025-10-10 12:30:00,2025-10-11 15:30:00,2025-10-12 16:19:00,Completed,2025-10-10 12:30:00,2025-10-12 16:19:00
4758,4758,4,2026-03-01 09:14:00,2026-03-02 12:14:00,2026-03-13 08:03:00,Completed,2026-03-01 09:14:00,2026-03-13 08:03:00
4759,4759,4,2026-03-01 09:51:00,2026-03-02 11:51:00,2026-03-12 18:55:00,Completed,2026-03-01 09:51:00,2026-03-12 18:55:00
4760,4760,5,2025-06-27 15:01:00,2025-06-29 15:01:00,,Delivered,2025-06-27 15:01:00,2025-06-29 15:01:00
4761,4761,3,2025-09-22 15:41:00,2025-09-23 15:41:00,2025-09-24 08:04:00,Completed,2025-09-22 15:41:00,2025-09-24 08:04:00
4762,4762,1,2025-07-10 16:18:00,2025-07-13 22:18:00,2025-07-15 12:43:00,Completed,2025-07-10 16:18:00,2025-07-15 12:43:00
4763,4763,5,2025-11-18 16:12:00,2025-11-21 20:12:00,2025-11-24 09:55:00,Completed,2025-11-18 16:12:00,2025-11-24 09:55:00
4764,4764,3,2025-10-25 16:42:00,2025-10-28 16:42:00,2025-10-28 09:21:00,Completed,2025-10-25 16:42:00,2025-10-28 16:42:00
4765,4765,5,2025-07-23 13:24:00,2025-07-26 18:24:00,2025-08-03 08:37:00,Completed,2025-07-23 13:24:00,2025-08-03 08:37:00
4766,4766,3,2025-07-28 18:57:00,2025-07-29 23:57:00,2025-07-28 08:01:00,Completed,2025-07-28 18:57:00,2025-07-29 23:57:00
4767,4767,4,2025-10-13 13:29:00,2025-10-16 19:29:00,2025-10-15 14:13:00,Completed,2025-10-13 13:29:00,2025-10-16 19:29:00
4768,4768,2,2026-04-14 10:21:00,2026-04-17 18:21:00,2026-04-25 10:06:00,Completed,2026-04-14 10:21:00,2026-04-25 10:06:00
4769,4769,5,2026-03-05 18:11:00,2026-03-07 00:11:00,2026-03-18 11:13:00,Completed,2026-03-05 18:11:00,2026-03-18 11:13:00
4770,4770,2,2026-03-29 14:05:00,2026-03-30 20:05:00,2026-04-11 15:22:00,Completed,2026-03-29 14:05:00,2026-04-11 15:22:00
4771,4771,4,2025-07-10 18:13:00,2025-07-12 20:13:00,2025-07-19 08:49:00,Completed,2025-07-10 18:13:00,2025-07-19 08:49:00
4772,4772,1,2025-08-22 16:03:00,2025-08-25 18:03:00,2025-08-25 10:25:00,Completed,2025-08-22 16:03:00,2025-08-25 18:03:00
4773,4773,3,2025-07-25 15:08:00,2025-07-28 22:08:00,2025-08-06 08:52:00,Completed,2025-07-25 15:08:00,2025-08-06 08:52:00
4774,4774,3,2025-08-30 14:50:00,2025-09-02 16:50:00,2025-09-02 09:53:00,Completed,2025-08-30 14:50:00,2025-09-02 16:50:00
4775,4775,1,2025-09-01 14:49:00,2025-09-02 20:49:00,2025-09-01 17:54:00,Completed,2025-09-01 14:49:00,2025-09-02 20:49:00
4776,4776,2,2025-12-27 15:26:00,2025-12-29 18:26:00,2026-01-01 18:52:00,Completed,2025-12-27 15:26:00,2026-01-01 18:52:00
4777,4777,2,2025-08-19 12:38:00,2025-08-20 20:38:00,2025-08-25 12:25:00,Completed,2025-08-19 12:38:00,2025-08-25 12:25:00
4778,4778,1,2026-05-03 08:08:00,2026-05-04 16:08:00,2026-05-06 09:18:00,Completed,2026-05-03 08:08:00,2026-05-06 09:18:00
4779,4779,1,2026-05-21 14:55:00,2026-05-22 16:55:00,2026-05-27 18:24:00,Completed,2026-05-21 14:55:00,2026-05-27 18:24:00
4780,4780,3,2026-02-02 10:47:00,2026-02-03 15:47:00,2026-02-11 09:52:00,Completed,2026-02-02 10:47:00,2026-02-11 09:52:00
4781,4781,2,2026-05-11 17:31:00,2026-05-13 00:31:00,2026-05-14 15:59:00,Completed,2026-05-11 17:31:00,2026-05-14 15:59:00
4782,4782,5,2026-02-16 10:03:00,2026-02-18 13:03:00,2026-02-27 18:42:00,Completed,2026-02-16 10:03:00,2026-02-27 18:42:00
4783,4783,1,2025-11-03 16:26:00,2025-11-05 18:26:00,,Delivered,2025-11-03 16:26:00,2025-11-05 18:26:00
4784,4784,3,2026-04-26 17:11:00,2026-04-29 18:11:00,2026-04-26 12:27:00,Completed,2026-04-26 17:11:00,2026-04-29 18:11:00
4785,4785,4,2026-04-15 17:10:00,2026-04-17 21:10:00,2026-04-19 12:38:00,Completed,2026-04-15 17:10:00,2026-04-19 12:38:00
4786,4786,4,2025-12-04 09:21:00,2025-12-07 15:21:00,2025-12-17 15:44:00,Completed,2025-12-04 09:21:00,2025-12-17 15:44:00
4787,4787,2,2025-10-14 16:57:00,2025-10-17 22:57:00,2025-10-16 18:39:00,Completed,2025-10-14 16:57:00,2025-10-17 22:57:00
4788,4788,4,2025-10-04 09:43:00,2025-10-07 10:43:00,2025-10-08 17:35:00,Completed,2025-10-04 09:43:00,2025-10-08 17:35:00
4789,4789,2,2025-09-11 15:17:00,2025-09-13 23:17:00,2025-09-13 12:03:00,Completed,2025-09-11 15:17:00,2025-09-13 23:17:00
4790,4790,2,2026-04-14 13:37:00,2026-04-16 16:37:00,2026-04-24 15:29:00,Completed,2026-04-14 13:37:00,2026-04-24 15:29:00
4791,4791,3,2026-04-21 16:49:00,2026-04-25 00:49:00,2026-04-25 15:27:00,Completed,2026-04-21 16:49:00,2026-04-25 15:27:00
4792,4792,1,2025-12-08 14:26:00,2025-12-11 14:26:00,2025-12-09 17:25:00,Completed,2025-12-08 14:26:00,2025-12-11 14:26:00
4793,4793,2,2026-01-14 10:49:00,2026-01-16 18:49:00,2026-01-19 12:05:00,Completed,2026-01-14 10:49:00,2026-01-19 12:05:00
4794,4794,1,2025-11-06 11:09:00,2025-11-08 14:09:00,2025-11-06 14:35:00,Completed,2025-11-06 11:09:00,2025-11-08 14:09:00
4795,4795,4,2025-11-10 14:04:00,2025-11-13 17:04:00,2025-11-23 16:29:00,Completed,2025-11-10 14:04:00,2025-11-23 16:29:00
4796,4796,5,2026-02-11 13:38:00,2026-02-13 18:38:00,2026-02-14 12:25:00,Completed,2026-02-11 13:38:00,2026-02-14 12:25:00
4797,4797,3,2025-08-03 15:37:00,2025-08-04 17:37:00,2025-08-14 17:01:00,Completed,2025-08-03 15:37:00,2025-08-14 17:01:00
4798,4798,1,2025-11-08 18:28:00,2025-11-12 02:28:00,2025-11-20 17:55:00,Completed,2025-11-08 18:28:00,2025-11-20 17:55:00
4799,4799,2,2025-10-28 08:59:00,2025-10-31 13:59:00,2025-11-08 15:00:00,Completed,2025-10-28 08:59:00,2025-11-08 15:00:00
4800,4800,1,2026-01-16 08:11:00,2026-01-18 15:11:00,2026-01-16 11:44:00,Completed,2026-01-16 08:11:00,2026-01-18 15:11:00
4801,4801,5,2025-10-28 18:10:00,2025-10-29 20:10:00,2025-11-14 17:40:00,Completed,2025-10-28 18:10:00,2025-11-14 17:40:00
4802,4802,3,2026-02-21 17:10:00,2026-02-24 19:10:00,2026-02-25 14:37:00,Completed,2026-02-21 17:10:00,2026-02-25 14:37:00
4803,4803,5,2026-05-14 15:51:00,2026-05-17 15:51:00,2026-05-20 11:28:00,Completed,2026-05-14 15:51:00,2026-05-20 11:28:00
4804,4804,4,2026-01-03 13:13:00,2026-01-05 13:13:00,2026-01-12 13:21:00,Completed,2026-01-03 13:13:00,2026-01-12 13:21:00
4805,4805,5,2025-09-18 09:26:00,2025-09-21 09:26:00,2025-09-22 14:03:00,Completed,2025-09-18 09:26:00,2025-09-22 14:03:00
4806,4806,5,2026-03-13 12:56:00,2026-03-14 14:56:00,2026-03-14 11:33:00,Completed,2026-03-13 12:56:00,2026-03-14 14:56:00
4807,4807,2,2025-08-14 14:09:00,2025-08-15 17:09:00,,Delivered,2025-08-14 14:09:00,2025-08-15 17:09:00
4808,4808,4,2026-05-15 08:32:00,2026-05-16 15:32:00,2026-05-22 15:48:00,Completed,2026-05-15 08:32:00,2026-05-22 15:48:00
4809,4809,4,2025-06-22 13:50:00,2025-06-23 13:50:00,2025-06-22 08:34:00,Completed,2025-06-22 13:50:00,2025-06-23 13:50:00
4810,4810,3,2026-05-28 15:38:00,2026-05-30 22:38:00,2026-06-03 13:43:00,Completed,2026-05-28 15:38:00,2026-06-03 13:43:00
4811,4811,5,2026-02-28 14:10:00,2026-03-02 15:10:00,2026-03-15 13:49:00,Completed,2026-02-28 14:10:00,2026-03-15 13:49:00
4812,4812,2,2026-04-05 14:02:00,2026-04-06 21:02:00,2026-04-16 18:56:00,Completed,2026-04-05 14:02:00,2026-04-16 18:56:00
4813,4813,4,2025-09-04 18:29:00,2025-09-07 20:29:00,2025-09-05 13:35:00,Completed,2025-09-04 18:29:00,2025-09-07 20:29:00
4814,4814,5,2025-11-04 13:10:00,2025-11-06 17:10:00,2025-11-05 17:01:00,Completed,2025-11-04 13:10:00,2025-11-06 17:10:00
4815,4815,4,2026-04-03 13:56:00,2026-04-05 19:56:00,,Delivered,2026-04-03 13:56:00,2026-04-05 19:56:00
4816,4816,4,2025-12-31 18:56:00,2026-01-03 02:56:00,2026-01-03 09:17:00,Completed,2025-12-31 18:56:00,2026-01-03 09:17:00
4817,4817,1,2025-07-21 12:46:00,2025-07-23 20:46:00,2025-07-26 08:55:00,Completed,2025-07-21 12:46:00,2025-07-26 08:55:00
4818,4818,4,2026-01-19 08:01:00,2026-01-20 13:01:00,2026-02-01 18:26:00,Completed,2026-01-19 08:01:00,2026-02-01 18:26:00
4819,4819,4,2026-03-31 18:18:00,2026-04-02 23:18:00,2026-04-18 17:31:00,Completed,2026-03-31 18:18:00,2026-04-18 17:31:00
4820,4820,1,2025-08-06 13:25:00,2025-08-07 14:25:00,2025-08-26 16:42:00,Completed,2025-08-06 13:25:00,2025-08-26 16:42:00
4821,4821,4,2025-06-24 08:57:00,2025-06-26 14:57:00,2025-07-10 13:40:00,Completed,2025-06-24 08:57:00,2025-07-10 13:40:00
4822,4822,4,2025-12-07 15:34:00,2025-12-10 20:34:00,2025-12-10 13:44:00,Completed,2025-12-07 15:34:00,2025-12-10 20:34:00
4823,4823,3,2025-11-22 12:02:00,2025-11-24 19:02:00,2025-12-06 17:48:00,Completed,2025-11-22 12:02:00,2025-12-06 17:48:00
4824,4824,3,2025-10-21 10:09:00,2025-10-23 10:09:00,,Delivered,2025-10-21 10:09:00,2025-10-23 10:09:00
4825,4825,5,2025-11-08 10:23:00,2025-11-10 12:23:00,2025-11-08 09:04:00,Completed,2025-11-08 10:23:00,2025-11-10 12:23:00
4826,4826,2,2026-03-24 15:55:00,2026-03-26 15:55:00,2026-03-24 16:47:00,Completed,2026-03-24 15:55:00,2026-03-26 15:55:00
4827,4827,2,2025-09-17 16:22:00,2025-09-18 22:22:00,2025-09-19 18:46:00,Completed,2025-09-17 16:22:00,2025-09-19 18:46:00
4828,4828,3,2025-11-28 18:08:00,2025-12-01 02:08:00,2025-12-17 18:26:00,Completed,2025-11-28 18:08:00,2025-12-17 18:26:00
4829,4829,3,2025-09-14 08:46:00,2025-09-17 15:46:00,,Delivered,2025-09-14 08:46:00,2025-09-17 15:46:00
4830,4830,1,2025-06-21 08:20:00,2025-06-24 13:20:00,2025-06-24 16:19:00,Completed,2025-06-21 08:20:00,2025-06-24 16:19:00
4831,4831,1,2025-06-08 10:51:00,2025-06-11 18:51:00,2025-06-13 11:35:00,Completed,2025-06-08 10:51:00,2025-06-13 11:35:00
4832,4832,3,2026-01-06 14:15:00,2026-01-08 21:15:00,2026-01-16 10:24:00,Completed,2026-01-06 14:15:00,2026-01-16 10:24:00
4833,4833,2,2026-02-01 11:52:00,2026-02-03 15:52:00,2026-02-08 15:11:00,Completed,2026-02-01 11:52:00,2026-02-08 15:11:00
4834,4834,5,2025-06-10 09:07:00,2025-06-11 17:07:00,2025-06-10 10:34:00,Completed,2025-06-10 09:07:00,2025-06-11 17:07:00
4835,4835,4,2025-07-02 16:25:00,2025-07-05 21:25:00,2025-07-03 13:45:00,Completed,2025-07-02 16:25:00,2025-07-05 21:25:00
4836,4836,5,2025-06-19 09:24:00,2025-06-21 09:24:00,2025-06-30 15:11:00,Completed,2025-06-19 09:24:00,2025-06-30 15:11:00
4837,4837,4,2025-06-10 08:35:00,2025-06-13 13:35:00,2025-06-21 10:13:00,Completed,2025-06-10 08:35:00,2025-06-21 10:13:00
4838,4838,1,2025-08-20 12:52:00,2025-08-23 16:52:00,2025-08-24 13:30:00,Completed,2025-08-20 12:52:00,2025-08-24 13:30:00
4839,4839,5,2026-03-09 13:59:00,2026-03-10 13:59:00,2026-03-12 15:48:00,Completed,2026-03-09 13:59:00,2026-03-12 15:48:00
4840,4840,3,2025-09-28 16:23:00,2025-09-30 18:23:00,2025-10-07 15:22:00,Completed,2025-09-28 16:23:00,2025-10-07 15:22:00
4841,4841,5,2026-03-19 10:27:00,2026-03-21 15:27:00,2026-03-20 15:27:00,Completed,2026-03-19 10:27:00,2026-03-21 15:27:00
4842,4842,3,2025-08-09 16:24:00,2025-08-11 23:24:00,,Delivered,2025-08-09 16:24:00,2025-08-11 23:24:00
4843,4843,3,2026-01-05 12:23:00,2026-01-07 16:23:00,2026-01-10 18:20:00,Completed,2026-01-05 12:23:00,2026-01-10 18:20:00
4844,4844,1,2025-09-01 12:33:00,2025-09-02 13:33:00,2025-09-08 18:23:00,Completed,2025-09-01 12:33:00,2025-09-08 18:23:00
4845,4845,5,2025-12-13 13:43:00,2025-12-15 20:43:00,2025-12-17 16:29:00,Completed,2025-12-13 13:43:00,2025-12-17 16:29:00
4846,4846,5,2025-10-09 10:42:00,2025-10-12 14:42:00,2025-10-13 17:30:00,Completed,2025-10-09 10:42:00,2025-10-13 17:30:00
4847,4847,1,2026-02-12 09:29:00,2026-02-14 14:29:00,2026-02-17 12:12:00,Completed,2026-02-12 09:29:00,2026-02-17 12:12:00
4848,4848,3,2026-04-08 10:05:00,2026-04-10 17:05:00,2026-04-18 15:30:00,Completed,2026-04-08 10:05:00,2026-04-18 15:30:00
4849,4849,1,2026-02-02 13:50:00,2026-02-04 20:50:00,2026-02-08 15:10:00,Completed,2026-02-02 13:50:00,2026-02-08 15:10:00
4850,4850,1,2026-04-09 17:49:00,2026-04-10 17:49:00,2026-04-16 15:32:00,Completed,2026-04-09 17:49:00,2026-04-16 15:32:00
4851,4851,5,2025-08-10 17:59:00,2025-08-13 01:59:00,2025-08-10 16:27:00,Completed,2025-08-10 17:59:00,2025-08-13 01:59:00
4852,4852,3,2025-09-05 10:31:00,2025-09-07 10:31:00,2025-09-06 12:34:00,Completed,2025-09-05 10:31:00,2025-09-07 10:31:00
4853,4853,4,2026-05-26 17:23:00,2026-05-29 23:23:00,2026-06-01 08:04:00,Completed,2026-05-26 17:23:00,2026-06-01 08:04:00
4854,4854,3,2026-03-18 11:56:00,2026-03-21 13:56:00,2026-03-29 08:33:00,Completed,2026-03-18 11:56:00,2026-03-29 08:33:00
4855,4855,4,2025-07-05 13:11:00,2025-07-07 13:11:00,2025-07-09 13:11:00,Completed,2025-07-05 13:11:00,2025-07-09 13:11:00
4856,4856,5,2025-08-17 16:05:00,2025-08-18 18:05:00,2025-08-27 09:33:00,Completed,2025-08-17 16:05:00,2025-08-27 09:33:00
4857,4857,2,2025-08-17 11:08:00,2025-08-20 15:08:00,2025-08-19 11:58:00,Completed,2025-08-17 11:08:00,2025-08-20 15:08:00
4858,4858,1,2025-09-18 09:28:00,2025-09-21 10:28:00,2025-09-22 12:55:00,Completed,2025-09-18 09:28:00,2025-09-22 12:55:00
4859,4859,1,2025-06-18 18:55:00,2025-06-20 20:55:00,2025-07-06 14:32:00,Completed,2025-06-18 18:55:00,2025-07-06 14:32:00
4860,4860,1,2026-02-06 09:10:00,2026-02-08 13:10:00,2026-02-20 08:32:00,Completed,2026-02-06 09:10:00,2026-02-20 08:32:00
4861,4861,2,2025-07-20 16:31:00,2025-07-21 20:31:00,2025-07-20 10:05:00,Completed,2025-07-20 16:31:00,2025-07-21 20:31:00
4862,4862,2,2025-08-20 08:58:00,2025-08-23 16:58:00,2025-09-08 18:54:00,Completed,2025-08-20 08:58:00,2025-09-08 18:54:00
4863,4863,3,2026-02-01 15:24:00,2026-02-02 19:24:00,2026-02-04 17:03:00,Completed,2026-02-01 15:24:00,2026-02-04 17:03:00
4864,4864,3,2026-02-16 18:08:00,2026-02-20 01:08:00,2026-02-18 09:05:00,Completed,2026-02-16 18:08:00,2026-02-20 01:08:00
4865,4865,2,2025-10-23 15:08:00,2025-10-26 21:08:00,2025-11-01 13:50:00,Completed,2025-10-23 15:08:00,2025-11-01 13:50:00
4866,4866,3,2025-11-26 18:18:00,2025-11-29 01:18:00,2025-12-09 09:49:00,Completed,2025-11-26 18:18:00,2025-12-09 09:49:00
4867,4867,2,2025-10-10 13:50:00,2025-10-12 21:50:00,2025-10-15 13:09:00,Completed,2025-10-10 13:50:00,2025-10-15 13:09:00
4868,4868,4,2025-12-06 13:56:00,2025-12-09 20:56:00,2025-12-18 12:51:00,Completed,2025-12-06 13:56:00,2025-12-18 12:51:00
4869,4869,2,2026-01-11 13:08:00,2026-01-12 15:08:00,,Delivered,2026-01-11 13:08:00,2026-01-12 15:08:00
4870,4870,3,2025-09-29 12:55:00,2025-10-02 14:55:00,2025-10-02 09:38:00,Completed,2025-09-29 12:55:00,2025-10-02 14:55:00
4871,4871,1,2025-07-01 10:28:00,2025-07-03 12:28:00,2025-07-01 15:54:00,Completed,2025-07-01 10:28:00,2025-07-03 12:28:00
4872,4872,4,2026-03-25 12:46:00,2026-03-27 14:46:00,2026-03-29 08:22:00,Completed,2026-03-25 12:46:00,2026-03-29 08:22:00
4873,4873,3,2026-05-24 18:04:00,2026-05-27 18:04:00,2026-05-25 08:07:00,Completed,2026-05-24 18:04:00,2026-05-27 18:04:00
4874,4874,2,2025-11-10 13:25:00,2025-11-13 19:25:00,2025-11-22 10:49:00,Completed,2025-11-10 13:25:00,2025-11-22 10:49:00
4875,4875,1,2025-07-13 13:49:00,2025-07-15 14:49:00,2025-07-13 10:40:00,Completed,2025-07-13 13:49:00,2025-07-15 14:49:00
4876,4876,5,2025-11-05 11:24:00,2025-11-07 11:24:00,2025-11-10 18:23:00,Completed,2025-11-05 11:24:00,2025-11-10 18:23:00
4877,4877,2,2026-01-24 08:23:00,2026-01-26 08:23:00,2026-01-24 08:45:00,Completed,2026-01-24 08:23:00,2026-01-26 08:23:00
4878,4878,2,2025-08-10 12:28:00,2025-08-13 19:28:00,,Delivered,2025-08-10 12:28:00,2025-08-13 19:28:00
4879,4879,5,2025-08-12 11:18:00,2025-08-14 14:18:00,2025-08-17 14:02:00,Completed,2025-08-12 11:18:00,2025-08-17 14:02:00
4880,4880,4,2026-02-14 10:37:00,2026-02-17 16:37:00,2026-02-22 17:08:00,Completed,2026-02-14 10:37:00,2026-02-22 17:08:00
4881,4881,2,2026-02-11 13:09:00,2026-02-13 20:09:00,2026-02-13 08:46:00,Completed,2026-02-11 13:09:00,2026-02-13 20:09:00
4882,4882,5,2025-08-14 17:15:00,2025-08-15 17:15:00,2025-08-16 11:53:00,Completed,2025-08-14 17:15:00,2025-08-16 11:53:00
4883,4883,5,2026-04-20 18:50:00,2026-04-23 21:50:00,2026-04-28 16:09:00,Completed,2026-04-20 18:50:00,2026-04-28 16:09:00
4884,4884,5,2026-04-03 16:49:00,2026-04-05 18:49:00,2026-04-09 10:17:00,Completed,2026-04-03 16:49:00,2026-04-09 10:17:00
4885,4885,2,2025-07-22 09:05:00,2025-07-23 16:05:00,2025-07-29 10:51:00,Completed,2025-07-22 09:05:00,2025-07-29 10:51:00
4886,4886,4,2026-05-21 10:35:00,2026-05-22 11:35:00,2026-05-23 18:55:00,Completed,2026-05-21 10:35:00,2026-05-23 18:55:00
4887,4887,2,2025-11-29 18:28:00,2025-12-01 01:28:00,2025-11-29 17:16:00,Completed,2025-11-29 18:28:00,2025-12-01 01:28:00
4888,4888,2,2025-08-30 08:10:00,2025-09-01 10:10:00,2025-09-13 09:15:00,Completed,2025-08-30 08:10:00,2025-09-13 09:15:00
4889,4889,4,2025-09-13 18:28:00,2025-09-16 21:28:00,2025-09-13 12:48:00,Completed,2025-09-13 18:28:00,2025-09-16 21:28:00
4890,4890,5,2026-02-17 10:05:00,2026-02-19 16:05:00,2026-02-18 16:38:00,Completed,2026-02-17 10:05:00,2026-02-19 16:05:00
4891,4891,3,2025-08-27 16:47:00,2025-08-28 19:47:00,2025-08-28 16:26:00,Completed,2025-08-27 16:47:00,2025-08-28 19:47:00
4892,4892,2,2026-03-02 08:32:00,2026-03-05 14:32:00,2026-03-06 17:02:00,Completed,2026-03-02 08:32:00,2026-03-06 17:02:00
4893,4893,1,2025-11-13 13:43:00,2025-11-14 14:43:00,2025-11-20 16:31:00,Completed,2025-11-13 13:43:00,2025-11-20 16:31:00
4894,4894,2,2026-03-15 12:55:00,2026-03-18 19:55:00,2026-03-22 18:34:00,Completed,2026-03-15 12:55:00,2026-03-22 18:34:00
4895,4895,1,2025-12-28 13:54:00,2025-12-31 19:54:00,2025-12-29 18:47:00,Completed,2025-12-28 13:54:00,2025-12-31 19:54:00
4896,4896,4,2026-04-16 09:13:00,2026-04-17 11:13:00,2026-04-20 14:24:00,Completed,2026-04-16 09:13:00,2026-04-20 14:24:00
4897,4897,1,2025-07-20 08:39:00,2025-07-23 15:39:00,2025-07-23 18:07:00,Completed,2025-07-20 08:39:00,2025-07-23 18:07:00
4898,4898,4,2025-10-03 09:03:00,2025-10-05 16:03:00,,Delivered,2025-10-03 09:03:00,2025-10-05 16:03:00
4899,4899,5,2026-05-21 18:37:00,2026-05-24 01:37:00,,Delivered,2026-05-21 18:37:00,2026-05-24 01:37:00
4900,4900,5,2025-11-15 10:38:00,2025-11-17 15:38:00,2025-11-30 16:18:00,Completed,2025-11-15 10:38:00,2025-11-30 16:18:00
4901,4901,5,2026-05-26 13:53:00,2026-05-28 18:53:00,2026-05-27 13:10:00,Completed,2026-05-26 13:53:00,2026-05-28 18:53:00
4902,4902,5,2025-11-08 08:23:00,2025-11-11 14:23:00,2025-11-10 11:22:00,Completed,2025-11-08 08:23:00,2025-11-11 14:23:00
4903,4903,2,2025-12-26 08:33:00,2025-12-27 11:33:00,2026-01-02 11:14:00,Completed,2025-12-26 08:33:00,2026-01-02 11:14:00
4904,4904,3,2026-05-07 09:47:00,2026-05-08 13:47:00,2026-05-11 08:09:00,Completed,2026-05-07 09:47:00,2026-05-11 08:09:00
4905,4905,3,2025-12-03 13:31:00,2025-12-06 19:31:00,2025-12-06 18:26:00,Completed,2025-12-03 13:31:00,2025-12-06 19:31:00
4906,4906,4,2026-02-14 15:34:00,2026-02-15 19:34:00,2026-02-23 15:53:00,Completed,2026-02-14 15:34:00,2026-02-23 15:53:00
4907,4907,1,2025-10-05 12:32:00,2025-10-08 13:32:00,2025-10-09 17:00:00,Completed,2025-10-05 12:32:00,2025-10-09 17:00:00
4908,4908,5,2025-08-31 16:58:00,2025-09-03 17:58:00,2025-09-19 09:14:00,Completed,2025-08-31 16:58:00,2025-09-19 09:14:00
4909,4909,4,2025-08-04 14:25:00,2025-08-06 21:25:00,2025-08-13 17:10:00,Completed,2025-08-04 14:25:00,2025-08-13 17:10:00
4910,4910,5,2026-03-11 08:34:00,2026-03-12 12:34:00,2026-03-13 15:20:00,Completed,2026-03-11 08:34:00,2026-03-13 15:20:00
4911,4911,4,2026-04-10 09:55:00,2026-04-12 11:55:00,2026-04-23 12:25:00,Completed,2026-04-10 09:55:00,2026-04-23 12:25:00
4912,4912,3,2025-09-12 13:00:00,2025-09-15 15:00:00,2025-09-29 12:19:00,Completed,2025-09-12 13:00:00,2025-09-29 12:19:00
4913,4913,2,2026-03-01 18:01:00,2026-03-02 22:01:00,2026-03-15 17:07:00,Completed,2026-03-01 18:01:00,2026-03-15 17:07:00
4914,4914,5,2026-01-04 08:31:00,2026-01-05 15:31:00,2026-01-04 10:45:00,Completed,2026-01-04 08:31:00,2026-01-05 15:31:00
4915,4915,3,2025-06-13 16:53:00,2025-06-14 17:53:00,2025-06-16 18:03:00,Completed,2025-06-13 16:53:00,2025-06-16 18:03:00
4916,4916,3,2025-12-07 10:05:00,2025-12-09 16:05:00,2025-12-14 17:58:00,Completed,2025-12-07 10:05:00,2025-12-14 17:58:00
4917,4917,4,2025-09-17 08:15:00,2025-09-18 09:15:00,2025-09-24 10:44:00,Completed,2025-09-17 08:15:00,2025-09-24 10:44:00
4918,4918,3,2025-12-11 16:06:00,2025-12-12 21:06:00,2025-12-24 15:36:00,Completed,2025-12-11 16:06:00,2025-12-24 15:36:00
4919,4919,2,2026-04-07 10:30:00,2026-04-08 13:30:00,2026-04-30 16:22:00,Completed,2026-04-07 10:30:00,2026-04-30 16:22:00
4920,4920,5,2025-06-22 14:44:00,2025-06-24 16:44:00,2025-06-26 17:29:00,Completed,2025-06-22 14:44:00,2025-06-26 17:29:00
4921,4921,2,2025-08-07 10:32:00,2025-08-08 11:32:00,2025-08-18 15:32:00,Completed,2025-08-07 10:32:00,2025-08-18 15:32:00
4922,4922,4,2025-09-07 13:35:00,2025-09-10 21:35:00,2025-09-07 12:43:00,Completed,2025-09-07 13:35:00,2025-09-10 21:35:00
4923,4923,1,2025-07-05 11:39:00,2025-07-08 11:39:00,2025-07-13 09:36:00,Completed,2025-07-05 11:39:00,2025-07-13 09:36:00
4924,4924,4,2026-04-28 18:13:00,2026-05-01 21:13:00,,Delivered,2026-04-28 18:13:00,2026-05-01 21:13:00
4925,4925,2,2025-11-25 18:44:00,2025-11-26 20:44:00,2025-12-05 11:51:00,Completed,2025-11-25 18:44:00,2025-12-05 11:51:00
4926,4926,3,2025-11-30 10:56:00,2025-12-01 18:56:00,,Delivered,2025-11-30 10:56:00,2025-12-01 18:56:00
4927,4927,1,2025-09-25 15:47:00,2025-09-28 21:47:00,,Delivered,2025-09-25 15:47:00,2025-09-28 21:47:00
4928,4928,1,2026-05-11 14:08:00,2026-05-14 21:08:00,2026-05-23 10:49:00,Completed,2026-05-11 14:08:00,2026-05-23 10:49:00
4929,4929,2,2025-11-27 17:07:00,2025-11-30 20:07:00,,Delivered,2025-11-27 17:07:00,2025-11-30 20:07:00
4930,4930,5,2025-06-12 12:00:00,2025-06-15 18:00:00,2025-06-21 09:22:00,Completed,2025-06-12 12:00:00,2025-06-21 09:22:00
4931,4931,2,2026-02-15 10:10:00,2026-02-17 13:10:00,2026-02-22 16:33:00,Completed,2026-02-15 10:10:00,2026-02-22 16:33:00
4932,4932,3,2025-06-10 14:54:00,2025-06-11 18:54:00,2025-06-13 14:20:00,Completed,2025-06-10 14:54:00,2025-06-13 14:20:00
4933,4933,3,2025-10-24 18:35:00,2025-10-27 02:35:00,2025-11-03 14:13:00,Completed,2025-10-24 18:35:00,2025-11-03 14:13:00
4934,4934,1,2026-01-15 16:37:00,2026-01-16 20:37:00,,Delivered,2026-01-15 16:37:00,2026-01-16 20:37:00
4935,4935,1,2026-02-05 14:18:00,2026-02-08 19:18:00,2026-02-06 12:53:00,Completed,2026-02-05 14:18:00,2026-02-08 19:18:00
4936,4936,4,2025-06-27 12:28:00,2025-06-28 15:28:00,2025-07-01 08:28:00,Completed,2025-06-27 12:28:00,2025-07-01 08:28:00
4937,4937,3,2025-11-05 13:49:00,2025-11-07 17:49:00,2025-11-21 10:46:00,Completed,2025-11-05 13:49:00,2025-11-21 10:46:00
4938,4938,2,2025-09-28 12:59:00,2025-09-29 14:59:00,2025-10-07 11:53:00,Completed,2025-09-28 12:59:00,2025-10-07 11:53:00
4939,4939,1,2025-06-07 10:26:00,2025-06-10 12:26:00,2025-06-10 12:29:00,Completed,2025-06-07 10:26:00,2025-06-10 12:29:00
4940,4940,3,2026-02-21 15:26:00,2026-02-24 19:26:00,2026-02-22 14:21:00,Completed,2026-02-21 15:26:00,2026-02-24 19:26:00
4941,4941,3,2025-12-13 08:58:00,2025-12-14 16:58:00,2025-12-24 12:29:00,Completed,2025-12-13 08:58:00,2025-12-24 12:29:00
4942,4942,2,2026-03-06 09:34:00,2026-03-07 13:34:00,2026-03-06 11:17:00,Completed,2026-03-06 09:34:00,2026-03-07 13:34:00
4943,4943,4,2025-08-31 09:26:00,2025-09-02 13:26:00,2025-09-02 10:37:00,Completed,2025-08-31 09:26:00,2025-09-02 13:26:00
4944,4944,1,2026-03-04 12:34:00,2026-03-05 16:34:00,2026-03-23 17:00:00,Completed,2026-03-04 12:34:00,2026-03-23 17:00:00
4945,4945,5,2026-03-27 17:51:00,2026-03-29 22:51:00,2026-04-01 12:13:00,Completed,2026-03-27 17:51:00,2026-04-01 12:13:00
4946,4946,3,2026-05-15 09:34:00,2026-05-17 16:34:00,2026-05-16 12:53:00,Completed,2026-05-15 09:34:00,2026-05-17 16:34:00
4947,4947,2,2026-05-13 10:03:00,2026-05-14 11:03:00,2026-05-31 14:18:00,Completed,2026-05-13 10:03:00,2026-05-31 14:18:00
4948,4948,4,2026-02-28 15:43:00,2026-03-01 20:43:00,2026-03-08 18:52:00,Completed,2026-02-28 15:43:00,2026-03-08 18:52:00
4949,4949,2,2025-09-21 17:58:00,2025-09-22 21:58:00,2025-09-30 12:25:00,Completed,2025-09-21 17:58:00,2025-09-30 12:25:00
4950,4950,1,2025-10-17 17:36:00,2025-10-19 22:36:00,,Delivered,2025-10-17 17:36:00,2025-10-19 22:36:00
4951,4951,1,2026-05-07 09:39:00,2026-05-10 14:39:00,2026-05-18 16:50:00,Completed,2026-05-07 09:39:00,2026-05-18 16:50:00
4952,4952,2,2025-08-22 16:15:00,2025-08-23 17:15:00,2025-09-02 14:28:00,Completed,2025-08-22 16:15:00,2025-09-02 14:28:00
4953,4953,2,2025-12-18 13:21:00,2025-12-19 19:21:00,2025-12-25 09:34:00,Completed,2025-12-18 13:21:00,2025-12-25 09:34:00
4954,4954,1,2026-02-07 17:51:00,2026-02-08 22:51:00,2026-02-07 11:18:00,Completed,2026-02-07 17:51:00,2026-02-08 22:51:00
4955,4955,2,2026-02-12 11:36:00,2026-02-14 13:36:00,2026-03-08 18:47:00,Completed,2026-02-12 11:36:00,2026-03-08 18:47:00
4956,4956,1,2025-06-25 08:22:00,2025-06-28 16:22:00,2025-07-02 14:18:00,Completed,2025-06-25 08:22:00,2025-07-02 14:18:00
4957,4957,1,2025-06-18 10:46:00,2025-06-19 16:46:00,2025-06-24 10:19:00,Completed,2025-06-18 10:46:00,2025-06-24 10:19:00
4958,4958,4,2025-10-28 11:34:00,2025-10-30 17:34:00,2025-11-05 17:02:00,Completed,2025-10-28 11:34:00,2025-11-05 17:02:00
4959,4959,2,2026-04-09 15:40:00,2026-04-12 23:40:00,2026-04-12 11:34:00,Completed,2026-04-09 15:40:00,2026-04-12 23:40:00
4960,4960,5,2025-12-11 08:17:00,2025-12-14 09:17:00,2025-12-31 15:34:00,Completed,2025-12-11 08:17:00,2025-12-31 15:34:00
4961,4961,3,2025-10-02 14:46:00,2025-10-05 20:46:00,2025-10-17 15:41:00,Completed,2025-10-02 14:46:00,2025-10-17 15:41:00
4962,4962,3,2026-04-18 11:55:00,2026-04-19 16:55:00,2026-04-21 16:06:00,Completed,2026-04-18 11:55:00,2026-04-21 16:06:00
4963,4963,2,2026-03-23 15:09:00,2026-03-26 19:09:00,,Delivered,2026-03-23 15:09:00,2026-03-26 19:09:00
4964,4964,3,2026-02-02 08:44:00,2026-02-05 16:44:00,2026-02-06 09:10:00,Completed,2026-02-02 08:44:00,2026-02-06 09:10:00
4965,4965,5,2026-04-23 15:51:00,2026-04-24 15:51:00,2026-05-06 13:13:00,Completed,2026-04-23 15:51:00,2026-05-06 13:13:00
4966,4966,5,2025-08-03 08:13:00,2025-08-06 16:13:00,2025-08-14 18:47:00,Completed,2025-08-03 08:13:00,2025-08-14 18:47:00
4967,4967,2,2026-05-10 17:52:00,2026-05-14 00:52:00,2026-05-13 09:47:00,Completed,2026-05-10 17:52:00,2026-05-14 00:52:00
4968,4968,5,2025-12-12 17:16:00,2025-12-15 23:16:00,2025-12-25 14:25:00,Completed,2025-12-12 17:16:00,2025-12-25 14:25:00
4969,4969,5,2025-10-06 09:05:00,2025-10-09 09:05:00,2025-10-08 13:46:00,Completed,2025-10-06 09:05:00,2025-10-09 09:05:00
4970,4970,3,2026-01-19 16:24:00,2026-01-20 16:24:00,2026-01-30 17:06:00,Completed,2026-01-19 16:24:00,2026-01-30 17:06:00
4971,4971,5,2026-01-11 18:06:00,2026-01-12 23:06:00,2026-01-30 10:29:00,Completed,2026-01-11 18:06:00,2026-01-30 10:29:00
4972,4972,4,2026-05-17 17:01:00,2026-05-18 22:01:00,2026-06-01 13:25:00,Completed,2026-05-17 17:01:00,2026-06-01 13:25:00
4973,4973,3,2025-08-12 10:09:00,2025-08-13 17:09:00,2025-08-22 18:32:00,Completed,2025-08-12 10:09:00,2025-08-22 18:32:00
4974,4974,4,2025-09-27 15:31:00,2025-09-30 19:31:00,,Delivered,2025-09-27 15:31:00,2025-09-30 19:31:00
4975,4975,3,2025-06-26 15:25:00,2025-06-28 18:25:00,2025-06-29 10:02:00,Completed,2025-06-26 15:25:00,2025-06-29 10:02:00
4976,4976,5,2026-04-23 18:52:00,2026-04-27 00:52:00,,Delivered,2026-04-23 18:52:00,2026-04-27 00:52:00
4977,4977,5,2025-09-08 10:03:00,2025-09-11 15:03:00,2025-09-12 08:39:00,Completed,2025-09-08 10:03:00,2025-09-12 08:39:00
4978,4978,4,2026-02-14 09:44:00,2026-02-15 14:44:00,2026-02-26 14:22:00,Completed,2026-02-14 09:44:00,2026-02-26 14:22:00
4979,4979,5,2025-09-30 18:46:00,2025-10-04 02:46:00,2025-10-08 08:08:00,Completed,2025-09-30 18:46:00,2025-10-08 08:08:00
4980,4980,4,2025-07-22 08:52:00,2025-07-24 16:52:00,,Delivered,2025-07-22 08:52:00,2025-07-24 16:52:00
4981,4981,5,2026-02-24 15:37:00,2026-02-25 18:37:00,2026-02-28 09:34:00,Completed,2026-02-24 15:37:00,2026-02-28 09:34:00
4982,4982,5,2025-10-05 11:06:00,2025-10-06 11:06:00,2025-10-14 17:50:00,Completed,2025-10-05 11:06:00,2025-10-14 17:50:00
4983,4983,4,2026-01-30 12:01:00,2026-02-01 13:01:00,2026-02-04 15:34:00,Completed,2026-01-30 12:01:00,2026-02-04 15:34:00
4984,4984,3,2025-06-13 12:30:00,2025-06-16 15:30:00,2025-06-20 15:15:00,Completed,2025-06-13 12:30:00,2025-06-20 15:15:00
4985,4985,3,2025-09-25 08:38:00,2025-09-26 14:38:00,2025-10-08 16:05:00,Completed,2025-09-25 08:38:00,2025-10-08 16:05:00
4986,4986,5,2025-10-14 11:26:00,2025-10-15 12:26:00,2025-10-27 10:56:00,Completed,2025-10-14 11:26:00,2025-10-27 10:56:00
4987,4987,5,2025-08-13 11:08:00,2025-08-14 15:08:00,,Delivered,2025-08-13 11:08:00,2025-08-14 15:08:00
4988,4988,2,2025-09-09 12:36:00,2025-09-10 12:36:00,2025-09-09 11:48:00,Completed,2025-09-09 12:36:00,2025-09-10 12:36:00
4989,4989,5,2026-01-09 10:01:00,2026-01-10 14:01:00,2026-01-10 15:29:00,Completed,2026-01-09 10:01:00,2026-01-10 15:29:00
4990,4990,2,2025-11-26 11:32:00,2025-11-28 13:32:00,2025-11-26 09:48:00,Completed,2025-11-26 11:32:00,2025-11-28 13:32:00
4991,4991,3,2025-06-30 10:34:00,2025-07-02 13:34:00,2025-07-06 10:11:00,Completed,2025-06-30 10:34:00,2025-07-06 10:11:00
4992,4992,4,2025-09-03 16:11:00,2025-09-04 18:11:00,2025-09-09 14:00:00,Completed,2025-09-03 16:11:00,2025-09-09 14:00:00
4993,4993,5,2025-07-04 13:59:00,2025-07-05 21:59:00,2025-07-05 16:28:00,Completed,2025-07-04 13:59:00,2025-07-05 21:59:00
4994,4994,4,2026-02-05 11:20:00,2026-02-07 17:20:00,2026-02-12 14:32:00,Completed,2026-02-05 11:20:00,2026-02-12 14:32:00
4995,4995,4,2025-08-14 08:47:00,2025-08-15 12:47:00,2025-08-19 18:13:00,Completed,2025-08-14 08:47:00,2025-08-19 18:13:00
4996,4996,5,2026-02-06 14:25:00,2026-02-07 20:25:00,2026-02-09 18:34:00,Completed,2026-02-06 14:25:00,2026-02-09 18:34:00
4997,4997,3,2025-07-24 10:58:00,2025-07-25 18:58:00,2025-08-03 12:39:00,Completed,2025-07-24 10:58:00,2025-08-03 12:39:00
4998,4998,1,2025-06-24 15:06:00,2025-06-27 18:06:00,2025-06-27 15:53:00,Completed,2025-06-24 15:06:00,2025-06-27 18:06:00
4999,4999,4,2026-03-04 10:53:00,2026-03-07 13:53:00,2026-03-06 10:22:00,Completed,2026-03-04 10:53:00,2026-03-07 13:53:00
5000,5000,2,2025-10-05 17:06:00,2025-10-06 18:06:00,2025-10-07 17:13:00,Completed,2025-10-05 17:06:00,2025-10-07 17:13:00
5001,5001,3,2025-10-13 13:22:00,2025-10-15 16:22:00,2025-10-24 11:13:00,Completed,2025-10-13 13:22:00,2025-10-24 11:13:00
5002,5002,2,2025-09-15 16:39:00,2025-09-16 16:39:00,2025-09-17 08:14:00,Completed,2025-09-15 16:39:00,2025-09-17 08:14:00
5003,5003,3,2025-11-09 10:49:00,2025-11-12 15:49:00,,Delivered,2025-11-09 10:49:00,2025-11-12 15:49:00
5004,5004,5,2025-11-20 15:53:00,2025-11-21 19:53:00,2025-12-02 14:28:00,Completed,2025-11-20 15:53:00,2025-12-02 14:28:00
5005,5005,1,2025-12-05 16:33:00,2025-12-08 21:33:00,2025-12-12 18:52:00,Completed,2025-12-05 16:33:00,2025-12-12 18:52:00
5006,5006,2,2026-01-04 08:53:00,2026-01-06 12:53:00,2026-01-06 15:09:00,Completed,2026-01-04 08:53:00,2026-01-06 15:09:00
5007,5007,5,2025-12-12 15:06:00,2025-12-13 17:06:00,2025-12-17 09:21:00,Completed,2025-12-12 15:06:00,2025-12-17 09:21:00
5008,5008,1,2026-05-11 15:56:00,2026-05-13 20:56:00,2026-05-24 12:09:00,Completed,2026-05-11 15:56:00,2026-05-24 12:09:00
5009,5009,2,2026-05-10 17:14:00,2026-05-14 00:14:00,2026-05-28 18:49:00,Completed,2026-05-10 17:14:00,2026-05-28 18:49:00
5010,5010,2,2025-06-27 10:21:00,2025-06-30 11:21:00,2025-06-28 17:06:00,Completed,2025-06-27 10:21:00,2025-06-30 11:21:00
5011,5011,1,2026-05-15 11:48:00,2026-05-17 18:48:00,2026-05-15 18:10:00,Completed,2026-05-15 11:48:00,2026-05-17 18:48:00
5012,5012,4,2025-12-11 14:26:00,2025-12-14 18:26:00,2025-12-18 13:53:00,Completed,2025-12-11 14:26:00,2025-12-18 13:53:00
5013,5013,1,2025-07-27 12:08:00,2025-07-30 18:08:00,2025-08-16 14:54:00,Completed,2025-07-27 12:08:00,2025-08-16 14:54:00
5014,5014,3,2026-04-07 13:25:00,2026-04-10 20:25:00,2026-04-09 13:41:00,Completed,2026-04-07 13:25:00,2026-04-10 20:25:00
5015,5015,1,2025-12-31 16:13:00,2026-01-02 18:13:00,2026-01-12 12:33:00,Completed,2025-12-31 16:13:00,2026-01-12 12:33:00
5016,5016,3,2026-04-07 14:24:00,2026-04-08 16:24:00,2026-04-14 10:41:00,Completed,2026-04-07 14:24:00,2026-04-14 10:41:00
5017,5017,4,2026-01-30 15:33:00,2026-01-31 18:33:00,2026-02-11 08:14:00,Completed,2026-01-30 15:33:00,2026-02-11 08:14:00
5018,5018,2,2026-03-04 12:18:00,2026-03-07 20:18:00,2026-03-26 15:46:00,Completed,2026-03-04 12:18:00,2026-03-26 15:46:00
5019,5019,3,2025-09-21 13:52:00,2025-09-24 17:52:00,2025-10-01 15:32:00,Completed,2025-09-21 13:52:00,2025-10-01 15:32:00
5020,5020,1,2026-03-09 13:46:00,2026-03-12 15:46:00,2026-03-12 12:46:00,Completed,2026-03-09 13:46:00,2026-03-12 15:46:00
5021,5021,2,2026-01-06 11:57:00,2026-01-08 13:57:00,,Delivered,2026-01-06 11:57:00,2026-01-08 13:57:00
5022,5022,4,2025-10-07 11:31:00,2025-10-08 12:31:00,2025-10-17 09:13:00,Completed,2025-10-07 11:31:00,2025-10-17 09:13:00
5023,5023,1,2026-02-06 11:35:00,2026-02-08 18:35:00,2026-02-12 08:41:00,Completed,2026-02-06 11:35:00,2026-02-12 08:41:00
5024,5024,5,2026-01-26 09:58:00,2026-01-29 16:58:00,2026-02-02 13:34:00,Completed,2026-01-26 09:58:00,2026-02-02 13:34:00
5025,5025,5,2025-12-26 11:31:00,2025-12-29 15:31:00,2026-01-09 16:14:00,Completed,2025-12-26 11:31:00,2026-01-09 16:14:00
5026,5026,1,2025-12-06 16:31:00,2025-12-08 18:31:00,2025-12-10 15:22:00,Completed,2025-12-06 16:31:00,2025-12-10 15:22:00
5027,5027,1,2026-01-02 09:32:00,2026-01-05 14:32:00,2026-01-08 16:03:00,Completed,2026-01-02 09:32:00,2026-01-08 16:03:00
5028,5028,3,2025-11-26 10:56:00,2025-11-28 15:56:00,2025-12-02 09:59:00,Completed,2025-11-26 10:56:00,2025-12-02 09:59:00
5029,5029,3,2025-07-07 09:23:00,2025-07-09 12:23:00,2025-07-22 08:48:00,Completed,2025-07-07 09:23:00,2025-07-22 08:48:00
5030,5030,5,2025-10-12 14:28:00,2025-10-15 19:28:00,,Delivered,2025-10-12 14:28:00,2025-10-15 19:28:00
5031,5031,5,2026-04-09 18:01:00,2026-04-11 19:01:00,2026-04-12 09:40:00,Completed,2026-04-09 18:01:00,2026-04-12 09:40:00
5032,5032,1,2026-05-22 12:54:00,2026-05-24 12:54:00,2026-05-24 16:45:00,Completed,2026-05-22 12:54:00,2026-05-24 16:45:00
5033,5033,2,2026-03-08 09:53:00,2026-03-11 16:53:00,2026-03-17 13:12:00,Completed,2026-03-08 09:53:00,2026-03-17 13:12:00
5034,5034,1,2025-08-10 12:06:00,2025-08-11 14:06:00,2025-08-13 10:19:00,Completed,2025-08-10 12:06:00,2025-08-13 10:19:00
5035,5035,4,2025-09-18 16:16:00,2025-09-20 17:16:00,2025-09-21 13:11:00,Completed,2025-09-18 16:16:00,2025-09-21 13:11:00
5036,5036,2,2025-12-24 08:47:00,2025-12-26 12:47:00,2026-01-17 16:09:00,Completed,2025-12-24 08:47:00,2026-01-17 16:09:00
5037,5037,5,2025-12-10 16:03:00,2025-12-12 18:03:00,2025-12-11 18:45:00,Completed,2025-12-10 16:03:00,2025-12-12 18:03:00
5038,5038,3,2025-10-29 08:03:00,2025-11-01 14:03:00,2025-11-03 11:32:00,Completed,2025-10-29 08:03:00,2025-11-03 11:32:00
5039,5039,1,2025-10-02 11:51:00,2025-10-05 13:51:00,2025-10-19 17:08:00,Completed,2025-10-02 11:51:00,2025-10-19 17:08:00
5040,5040,4,2025-11-17 16:59:00,2025-11-19 18:59:00,2025-12-07 12:27:00,Completed,2025-11-17 16:59:00,2025-12-07 12:27:00
5041,5041,4,2026-03-31 18:59:00,2026-04-02 19:59:00,2026-04-13 16:22:00,Completed,2026-03-31 18:59:00,2026-04-13 16:22:00
5042,5042,1,2025-06-19 16:23:00,2025-06-22 18:23:00,2025-06-29 09:09:00,Completed,2025-06-19 16:23:00,2025-06-29 09:09:00
5043,5043,2,2026-02-05 17:52:00,2026-02-06 17:52:00,2026-02-11 15:36:00,Completed,2026-02-05 17:52:00,2026-02-11 15:36:00
5044,5044,1,2025-11-24 16:40:00,2025-11-25 18:40:00,2025-12-01 09:16:00,Completed,2025-11-24 16:40:00,2025-12-01 09:16:00
5045,5045,4,2026-05-02 13:39:00,2026-05-03 20:39:00,2026-05-02 10:38:00,Completed,2026-05-02 13:39:00,2026-05-03 20:39:00
5046,5046,4,2025-11-13 17:15:00,2025-11-15 23:15:00,2025-11-15 13:31:00,Completed,2025-11-13 17:15:00,2025-11-15 23:15:00
5047,5047,2,2025-11-12 16:06:00,2025-11-14 19:06:00,2025-11-12 13:23:00,Completed,2025-11-12 16:06:00,2025-11-14 19:06:00
5048,5048,5,2025-12-27 08:27:00,2025-12-30 09:27:00,2026-01-01 18:18:00,Completed,2025-12-27 08:27:00,2026-01-01 18:18:00
5049,5049,2,2026-04-14 08:40:00,2026-04-15 14:40:00,2026-04-24 18:45:00,Completed,2026-04-14 08:40:00,2026-04-24 18:45:00
5050,5050,5,2026-04-03 12:00:00,2026-04-04 16:00:00,2026-04-11 16:17:00,Completed,2026-04-03 12:00:00,2026-04-11 16:17:00
5051,5051,2,2025-10-07 10:39:00,2025-10-10 15:39:00,2025-10-24 11:54:00,Completed,2025-10-07 10:39:00,2025-10-24 11:54:00
5052,5052,5,2026-02-28 16:52:00,2026-03-01 23:52:00,2026-03-06 10:10:00,Completed,2026-02-28 16:52:00,2026-03-06 10:10:00
5053,5053,5,2026-02-26 13:03:00,2026-03-01 19:03:00,2026-03-02 14:01:00,Completed,2026-02-26 13:03:00,2026-03-02 14:01:00
5054,5054,2,2025-08-09 17:33:00,2025-08-12 23:33:00,,Delivered,2025-08-09 17:33:00,2025-08-12 23:33:00
5055,5055,4,2026-05-20 08:24:00,2026-05-22 15:24:00,2026-05-29 18:52:00,Completed,2026-05-20 08:24:00,2026-05-29 18:52:00
5056,5056,3,2025-09-10 18:08:00,2025-09-11 21:08:00,2025-09-11 12:35:00,Completed,2025-09-10 18:08:00,2025-09-11 21:08:00
5057,5057,3,2026-05-19 09:05:00,2026-05-22 09:05:00,,Delivered,2026-05-19 09:05:00,2026-05-22 09:05:00
5058,5058,1,2025-11-22 16:12:00,2025-11-23 22:12:00,2025-12-02 13:03:00,Completed,2025-11-22 16:12:00,2025-12-02 13:03:00
5059,5059,3,2026-02-01 13:38:00,2026-02-03 16:38:00,2026-02-02 09:24:00,Completed,2026-02-01 13:38:00,2026-02-03 16:38:00
5060,5060,5,2026-01-04 14:14:00,2026-01-07 19:14:00,2026-01-10 14:18:00,Completed,2026-01-04 14:14:00,2026-01-10 14:18:00
5061,5061,3,2026-03-08 10:00:00,2026-03-10 17:00:00,2026-03-09 17:21:00,Completed,2026-03-08 10:00:00,2026-03-10 17:00:00
5062,5062,3,2026-04-09 15:15:00,2026-04-11 15:15:00,2026-04-11 13:14:00,Completed,2026-04-09 15:15:00,2026-04-11 15:15:00
5063,5063,1,2025-11-24 18:25:00,2025-11-28 00:25:00,2025-11-25 10:06:00,Completed,2025-11-24 18:25:00,2025-11-28 00:25:00
5064,5064,4,2025-12-07 13:18:00,2025-12-09 19:18:00,2025-12-17 09:02:00,Completed,2025-12-07 13:18:00,2025-12-17 09:02:00
5065,5065,4,2025-06-30 11:06:00,2025-07-01 11:06:00,2025-07-18 16:33:00,Completed,2025-06-30 11:06:00,2025-07-18 16:33:00
5066,5066,3,2026-05-24 14:57:00,2026-05-26 16:57:00,2026-05-26 09:11:00,Completed,2026-05-24 14:57:00,2026-05-26 16:57:00
5067,5067,1,2026-02-15 16:42:00,2026-02-16 19:42:00,2026-02-28 12:44:00,Completed,2026-02-15 16:42:00,2026-02-28 12:44:00
5068,5068,4,2026-05-08 16:01:00,2026-05-10 22:01:00,,Delivered,2026-05-08 16:01:00,2026-05-10 22:01:00
5069,5069,3,2025-12-09 17:19:00,2025-12-10 17:19:00,2025-12-21 15:54:00,Completed,2025-12-09 17:19:00,2025-12-21 15:54:00
5070,5070,2,2025-12-16 13:49:00,2025-12-19 17:49:00,2025-12-22 15:03:00,Completed,2025-12-16 13:49:00,2025-12-22 15:03:00
5071,5071,4,2025-10-22 11:18:00,2025-10-23 12:18:00,2025-10-24 08:27:00,Completed,2025-10-22 11:18:00,2025-10-24 08:27:00
5072,5072,2,2025-09-09 15:24:00,2025-09-11 22:24:00,2025-09-23 16:07:00,Completed,2025-09-09 15:24:00,2025-09-23 16:07:00
5073,5073,4,2025-07-17 08:32:00,2025-07-19 11:32:00,2025-07-24 18:32:00,Completed,2025-07-17 08:32:00,2025-07-24 18:32:00
5074,5074,5,2026-04-19 13:58:00,2026-04-22 18:58:00,,Delivered,2026-04-19 13:58:00,2026-04-22 18:58:00
5075,5075,5,2025-08-15 17:04:00,2025-08-17 01:04:00,,Delivered,2025-08-15 17:04:00,2025-08-17 01:04:00
5076,5076,2,2025-06-11 10:22:00,2025-06-14 18:22:00,2025-06-26 17:47:00,Completed,2025-06-11 10:22:00,2025-06-26 17:47:00
5077,5077,2,2025-12-15 13:07:00,2025-12-18 18:07:00,2025-12-28 18:01:00,Completed,2025-12-15 13:07:00,2025-12-28 18:01:00
5078,5078,5,2026-01-14 09:42:00,2026-01-15 16:42:00,2026-01-18 16:45:00,Completed,2026-01-14 09:42:00,2026-01-18 16:45:00
5079,5079,4,2025-12-27 16:44:00,2025-12-28 22:44:00,2025-12-28 17:14:00,Completed,2025-12-27 16:44:00,2025-12-28 22:44:00
5080,5080,1,2025-12-14 17:14:00,2025-12-15 18:14:00,2025-12-14 18:50:00,Completed,2025-12-14 17:14:00,2025-12-15 18:14:00
5081,5081,1,2025-08-17 08:02:00,2025-08-20 13:02:00,2025-08-23 18:05:00,Completed,2025-08-17 08:02:00,2025-08-23 18:05:00
5082,5082,2,2025-11-03 17:50:00,2025-11-06 20:50:00,2025-11-22 11:37:00,Completed,2025-11-03 17:50:00,2025-11-22 11:37:00
5083,5083,2,2025-11-13 17:44:00,2025-11-16 18:44:00,,Delivered,2025-11-13 17:44:00,2025-11-16 18:44:00
5084,5084,1,2025-12-16 08:43:00,2025-12-19 13:43:00,,Delivered,2025-12-16 08:43:00,2025-12-19 13:43:00
5085,5085,1,2026-02-24 14:44:00,2026-02-27 21:44:00,2026-03-05 12:36:00,Completed,2026-02-24 14:44:00,2026-03-05 12:36:00
5086,5086,5,2026-03-25 12:29:00,2026-03-26 20:29:00,2026-03-28 10:09:00,Completed,2026-03-25 12:29:00,2026-03-28 10:09:00
5087,5087,3,2025-11-15 13:25:00,2025-11-17 14:25:00,2025-11-26 11:58:00,Completed,2025-11-15 13:25:00,2025-11-26 11:58:00
5088,5088,1,2026-01-31 13:19:00,2026-02-03 15:19:00,2026-02-07 13:00:00,Completed,2026-01-31 13:19:00,2026-02-07 13:00:00
5089,5089,2,2026-04-02 10:02:00,2026-04-05 15:02:00,,Delivered,2026-04-02 10:02:00,2026-04-05 15:02:00
5090,5090,2,2025-07-30 15:09:00,2025-08-01 20:09:00,2025-08-01 11:50:00,Completed,2025-07-30 15:09:00,2025-08-01 20:09:00
5091,5091,5,2025-06-14 18:12:00,2025-06-18 02:12:00,,Delivered,2025-06-14 18:12:00,2025-06-18 02:12:00
5092,5092,2,2026-03-23 15:05:00,2026-03-24 16:05:00,2026-03-29 15:17:00,Completed,2026-03-23 15:05:00,2026-03-29 15:17:00
5093,5093,2,2026-01-16 11:37:00,2026-01-18 14:37:00,2026-01-28 17:44:00,Completed,2026-01-16 11:37:00,2026-01-28 17:44:00
5094,5094,2,2026-05-17 08:20:00,2026-05-19 09:20:00,2026-05-26 11:16:00,Completed,2026-05-17 08:20:00,2026-05-26 11:16:00
5095,5095,5,2025-06-25 16:45:00,2025-06-27 17:45:00,2025-06-25 16:37:00,Completed,2025-06-25 16:45:00,2025-06-27 17:45:00
5096,5096,1,2026-02-24 18:39:00,2026-02-27 21:39:00,2026-02-26 14:23:00,Completed,2026-02-24 18:39:00,2026-02-27 21:39:00
5097,5097,5,2025-06-16 14:48:00,2025-06-19 14:48:00,2025-06-18 08:12:00,Completed,2025-06-16 14:48:00,2025-06-19 14:48:00
5098,5098,1,2025-08-24 18:16:00,2025-08-26 21:16:00,2025-08-26 16:05:00,Completed,2025-08-24 18:16:00,2025-08-26 21:16:00
5099,5099,3,2025-10-16 17:07:00,2025-10-20 00:07:00,2025-11-05 14:22:00,Completed,2025-10-16 17:07:00,2025-11-05 14:22:00
5100,5100,1,2025-06-13 10:18:00,2025-06-16 11:18:00,2025-06-30 18:13:00,Completed,2025-06-13 10:18:00,2025-06-30 18:13:00
5101,5101,2,2026-03-11 16:44:00,2026-03-12 18:44:00,2026-03-20 12:01:00,Completed,2026-03-11 16:44:00,2026-03-20 12:01:00
5102,5102,3,2026-05-13 12:44:00,2026-05-16 16:44:00,2026-05-16 14:21:00,Completed,2026-05-13 12:44:00,2026-05-16 16:44:00
5103,5103,1,2025-09-11 13:28:00,2025-09-13 13:28:00,2025-09-25 10:21:00,Completed,2025-09-11 13:28:00,2025-09-25 10:21:00
5104,5104,5,2025-11-18 14:06:00,2025-11-19 15:06:00,2025-11-23 09:49:00,Completed,2025-11-18 14:06:00,2025-11-23 09:49:00
5105,5105,2,2025-07-03 18:51:00,2025-07-05 21:51:00,2025-07-04 18:16:00,Completed,2025-07-03 18:51:00,2025-07-05 21:51:00
5106,5106,1,2025-12-20 11:19:00,2025-12-21 18:19:00,2025-12-30 08:47:00,Completed,2025-12-20 11:19:00,2025-12-30 08:47:00
5107,5107,3,2026-04-30 10:23:00,2026-05-01 12:23:00,2026-05-06 09:27:00,Completed,2026-04-30 10:23:00,2026-05-06 09:27:00
5108,5108,3,2026-04-12 18:08:00,2026-04-16 00:08:00,,Delivered,2026-04-12 18:08:00,2026-04-16 00:08:00
5109,5109,1,2025-11-21 16:07:00,2025-11-24 21:07:00,2025-11-27 17:37:00,Completed,2025-11-21 16:07:00,2025-11-27 17:37:00
5110,5110,2,2025-08-05 14:48:00,2025-08-07 18:48:00,2025-08-13 09:36:00,Completed,2025-08-05 14:48:00,2025-08-13 09:36:00
5111,5111,1,2026-01-08 12:41:00,2026-01-10 16:41:00,2026-01-09 08:02:00,Completed,2026-01-08 12:41:00,2026-01-10 16:41:00
5112,5112,1,2025-07-05 08:37:00,2025-07-07 14:37:00,2025-07-12 14:52:00,Completed,2025-07-05 08:37:00,2025-07-12 14:52:00
5113,5113,5,2025-08-30 13:50:00,2025-08-31 21:50:00,2025-09-07 16:54:00,Completed,2025-08-30 13:50:00,2025-09-07 16:54:00
5114,5114,3,2025-08-13 16:30:00,2025-08-16 19:30:00,,Delivered,2025-08-13 16:30:00,2025-08-16 19:30:00
5115,5115,3,2025-07-04 10:10:00,2025-07-05 17:10:00,2025-07-10 18:14:00,Completed,2025-07-04 10:10:00,2025-07-10 18:14:00
5116,5116,3,2025-12-27 15:35:00,2025-12-28 18:35:00,2025-12-31 14:47:00,Completed,2025-12-27 15:35:00,2025-12-31 14:47:00
5117,5117,2,2025-09-21 10:49:00,2025-09-22 12:49:00,2025-09-27 13:02:00,Completed,2025-09-21 10:49:00,2025-09-27 13:02:00
5118,5118,5,2026-02-18 17:04:00,2026-02-20 18:04:00,2026-02-18 16:27:00,Completed,2026-02-18 17:04:00,2026-02-20 18:04:00
5119,5119,1,2025-07-07 18:46:00,2025-07-09 21:46:00,2025-07-19 10:25:00,Completed,2025-07-07 18:46:00,2025-07-19 10:25:00
5120,5120,1,2026-05-15 09:55:00,2026-05-16 10:55:00,2026-05-30 08:54:00,Completed,2026-05-15 09:55:00,2026-05-30 08:54:00
5121,5121,4,2025-06-27 13:13:00,2025-06-28 15:13:00,2025-07-04 10:50:00,Completed,2025-06-27 13:13:00,2025-07-04 10:50:00
5122,5122,3,2026-01-14 16:10:00,2026-01-17 16:10:00,2026-01-25 16:52:00,Completed,2026-01-14 16:10:00,2026-01-25 16:52:00
5123,5123,4,2026-01-25 09:41:00,2026-01-27 10:41:00,,Delivered,2026-01-25 09:41:00,2026-01-27 10:41:00
5124,5124,1,2025-10-08 10:16:00,2025-10-09 11:16:00,2025-10-24 17:18:00,Completed,2025-10-08 10:16:00,2025-10-24 17:18:00
5125,5125,4,2025-09-20 09:03:00,2025-09-23 13:03:00,2025-09-28 15:32:00,Completed,2025-09-20 09:03:00,2025-09-28 15:32:00
5126,5126,4,2026-01-09 13:20:00,2026-01-12 16:20:00,2026-01-11 08:27:00,Completed,2026-01-09 13:20:00,2026-01-12 16:20:00
5127,5127,2,2026-02-16 09:09:00,2026-02-17 11:09:00,2026-02-22 16:50:00,Completed,2026-02-16 09:09:00,2026-02-22 16:50:00
5128,5128,2,2026-03-11 11:48:00,2026-03-14 13:48:00,2026-03-21 08:49:00,Completed,2026-03-11 11:48:00,2026-03-21 08:49:00
5129,5129,2,2026-01-24 11:42:00,2026-01-27 17:42:00,2026-02-05 13:16:00,Completed,2026-01-24 11:42:00,2026-02-05 13:16:00
5130,5130,5,2026-03-07 17:06:00,2026-03-09 18:06:00,2026-03-13 17:24:00,Completed,2026-03-07 17:06:00,2026-03-13 17:24:00
5131,5131,4,2026-02-26 08:38:00,2026-02-27 16:38:00,2026-03-02 15:22:00,Completed,2026-02-26 08:38:00,2026-03-02 15:22:00
5132,5132,5,2026-05-24 17:46:00,2026-05-25 20:46:00,2026-06-07 15:18:00,Completed,2026-05-24 17:46:00,2026-06-07 15:18:00
5133,5133,1,2025-11-18 10:12:00,2025-11-19 15:12:00,2025-11-21 17:49:00,Completed,2025-11-18 10:12:00,2025-11-21 17:49:00
5134,5134,2,2026-05-26 18:49:00,2026-05-29 21:49:00,,Delivered,2026-05-26 18:49:00,2026-05-29 21:49:00
5135,5135,4,2026-04-29 14:23:00,2026-04-30 21:23:00,2026-05-05 09:56:00,Completed,2026-04-29 14:23:00,2026-05-05 09:56:00
5136,5136,4,2025-08-30 11:43:00,2025-09-01 18:43:00,2025-09-12 18:39:00,Completed,2025-08-30 11:43:00,2025-09-12 18:39:00
5137,5137,4,2025-06-24 14:44:00,2025-06-25 21:44:00,2025-07-01 17:51:00,Completed,2025-06-24 14:44:00,2025-07-01 17:51:00
5138,5138,1,2025-11-16 11:59:00,2025-11-18 19:59:00,2025-11-20 16:21:00,Completed,2025-11-16 11:59:00,2025-11-20 16:21:00
5139,5139,4,2026-03-22 13:21:00,2026-03-25 21:21:00,2026-04-02 12:24:00,Completed,2026-03-22 13:21:00,2026-04-02 12:24:00
5140,5140,1,2025-08-29 16:41:00,2025-09-01 22:41:00,,Delivered,2025-08-29 16:41:00,2025-09-01 22:41:00
5141,5141,4,2025-12-23 09:50:00,2025-12-25 11:50:00,2025-12-31 08:50:00,Completed,2025-12-23 09:50:00,2025-12-31 08:50:00
5142,5142,4,2025-12-15 08:07:00,2025-12-17 13:07:00,2025-12-15 13:59:00,Completed,2025-12-15 08:07:00,2025-12-17 13:07:00
5143,5143,4,2026-05-24 18:00:00,2026-05-26 21:00:00,2026-05-30 15:53:00,Completed,2026-05-24 18:00:00,2026-05-30 15:53:00
5144,5144,2,2026-03-23 10:41:00,2026-03-24 17:41:00,2026-03-25 09:57:00,Completed,2026-03-23 10:41:00,2026-03-25 09:57:00
5145,5145,5,2025-10-05 16:45:00,2025-10-07 16:45:00,2025-10-12 14:41:00,Completed,2025-10-05 16:45:00,2025-10-12 14:41:00
5146,5146,5,2025-11-10 18:01:00,2025-11-12 20:01:00,2025-11-24 08:28:00,Completed,2025-11-10 18:01:00,2025-11-24 08:28:00
5147,5147,1,2026-02-05 11:53:00,2026-02-07 18:53:00,2026-02-15 11:30:00,Completed,2026-02-05 11:53:00,2026-02-15 11:30:00
5148,5148,5,2026-01-23 16:07:00,2026-01-24 20:07:00,2026-02-06 17:40:00,Completed,2026-01-23 16:07:00,2026-02-06 17:40:00
5149,5149,2,2026-02-26 16:30:00,2026-02-27 21:30:00,,Delivered,2026-02-26 16:30:00,2026-02-27 21:30:00
5150,5150,1,2026-02-25 11:11:00,2026-02-26 12:11:00,2026-03-16 18:23:00,Completed,2026-02-25 11:11:00,2026-03-16 18:23:00
5151,5151,5,2026-04-06 14:31:00,2026-04-08 16:31:00,2026-04-20 17:04:00,Completed,2026-04-06 14:31:00,2026-04-20 17:04:00
5152,5152,1,2025-11-26 17:12:00,2025-11-28 19:12:00,2025-12-10 08:15:00,Completed,2025-11-26 17:12:00,2025-12-10 08:15:00
5153,5153,4,2025-12-28 18:08:00,2025-12-29 20:08:00,2026-01-10 09:55:00,Completed,2025-12-28 18:08:00,2026-01-10 09:55:00
5154,5154,1,2026-02-08 18:53:00,2026-02-10 01:53:00,2026-02-13 18:30:00,Completed,2026-02-08 18:53:00,2026-02-13 18:30:00
5155,5155,1,2025-12-24 12:57:00,2025-12-26 13:57:00,2025-12-27 09:39:00,Completed,2025-12-24 12:57:00,2025-12-27 09:39:00
5156,5156,3,2025-11-22 16:27:00,2025-11-24 21:27:00,2025-11-29 16:37:00,Completed,2025-11-22 16:27:00,2025-11-29 16:37:00
5157,5157,1,2025-12-02 08:21:00,2025-12-03 15:21:00,2025-12-16 15:22:00,Completed,2025-12-02 08:21:00,2025-12-16 15:22:00
5158,5158,4,2026-04-11 14:36:00,2026-04-14 20:36:00,2026-04-14 17:03:00,Completed,2026-04-11 14:36:00,2026-04-14 20:36:00
5159,5159,2,2026-03-23 15:13:00,2026-03-24 18:13:00,2026-04-01 17:11:00,Completed,2026-03-23 15:13:00,2026-04-01 17:11:00
5160,5160,3,2025-11-16 18:07:00,2025-11-19 19:07:00,2025-12-07 12:19:00,Completed,2025-11-16 18:07:00,2025-12-07 12:19:00
5161,5161,5,2025-08-01 18:41:00,2025-08-02 23:41:00,2025-08-02 08:51:00,Completed,2025-08-01 18:41:00,2025-08-02 23:41:00
5162,5162,5,2025-11-25 17:39:00,2025-11-28 22:39:00,2025-12-12 15:18:00,Completed,2025-11-25 17:39:00,2025-12-12 15:18:00
5163,5163,2,2026-03-27 11:21:00,2026-03-28 16:21:00,,Delivered,2026-03-27 11:21:00,2026-03-28 16:21:00
5164,5164,4,2025-11-24 08:45:00,2025-11-26 15:45:00,2025-12-11 14:12:00,Completed,2025-11-24 08:45:00,2025-12-11 14:12:00
5165,5165,3,2026-05-24 09:38:00,2026-05-27 14:38:00,2026-05-26 13:54:00,Completed,2026-05-24 09:38:00,2026-05-27 14:38:00
5166,5166,1,2026-02-08 09:24:00,2026-02-10 12:24:00,2026-02-21 12:08:00,Completed,2026-02-08 09:24:00,2026-02-21 12:08:00
5167,5167,5,2026-03-17 13:22:00,2026-03-19 21:22:00,2026-04-01 16:41:00,Completed,2026-03-17 13:22:00,2026-04-01 16:41:00
5168,5168,4,2025-09-20 11:18:00,2025-09-21 16:18:00,2025-09-30 16:20:00,Completed,2025-09-20 11:18:00,2025-09-30 16:20:00
5169,5169,5,2025-12-07 18:14:00,2025-12-08 18:14:00,2025-12-27 08:36:00,Completed,2025-12-07 18:14:00,2025-12-27 08:36:00
5170,5170,5,2026-04-08 16:50:00,2026-04-10 18:50:00,2026-04-12 16:23:00,Completed,2026-04-08 16:50:00,2026-04-12 16:23:00
5171,5171,3,2025-09-11 12:21:00,2025-09-14 15:21:00,2025-09-13 13:08:00,Completed,2025-09-11 12:21:00,2025-09-14 15:21:00
5172,5172,3,2025-06-29 11:19:00,2025-06-30 19:19:00,2025-07-11 11:46:00,Completed,2025-06-29 11:19:00,2025-07-11 11:46:00
5173,5173,5,2025-09-02 09:00:00,2025-09-03 11:00:00,2025-09-05 18:08:00,Completed,2025-09-02 09:00:00,2025-09-05 18:08:00
5174,5174,2,2025-08-16 18:09:00,2025-08-19 18:09:00,2025-08-25 11:45:00,Completed,2025-08-16 18:09:00,2025-08-25 11:45:00
5175,5175,5,2025-10-06 16:15:00,2025-10-09 19:15:00,2025-10-11 17:30:00,Completed,2025-10-06 16:15:00,2025-10-11 17:30:00
5176,5176,2,2026-05-05 09:51:00,2026-05-06 10:51:00,2026-05-09 14:59:00,Completed,2026-05-05 09:51:00,2026-05-09 14:59:00
5177,5177,1,2025-07-22 12:13:00,2025-07-23 14:13:00,2025-07-22 08:14:00,Completed,2025-07-22 12:13:00,2025-07-23 14:13:00
5178,5178,4,2025-06-07 12:22:00,2025-06-09 14:22:00,2025-06-25 13:23:00,Completed,2025-06-07 12:22:00,2025-06-25 13:23:00
5179,5179,5,2026-04-15 09:44:00,2026-04-18 14:44:00,2026-04-15 18:10:00,Completed,2026-04-15 09:44:00,2026-04-18 14:44:00
5180,5180,1,2025-08-05 08:08:00,2025-08-08 14:08:00,2025-08-07 10:07:00,Completed,2025-08-05 08:08:00,2025-08-08 14:08:00
5181,5181,2,2025-07-03 18:28:00,2025-07-05 02:28:00,,Delivered,2025-07-03 18:28:00,2025-07-05 02:28:00
5182,5182,3,2026-03-27 13:16:00,2026-03-28 16:16:00,2026-03-28 14:56:00,Completed,2026-03-27 13:16:00,2026-03-28 16:16:00
5183,5183,1,2026-04-07 15:47:00,2026-04-08 16:47:00,2026-04-07 09:58:00,Completed,2026-04-07 15:47:00,2026-04-08 16:47:00
5184,5184,3,2026-03-24 09:59:00,2026-03-25 11:59:00,2026-04-03 08:00:00,Completed,2026-03-24 09:59:00,2026-04-03 08:00:00
5185,5185,3,2026-03-31 09:38:00,2026-04-01 15:38:00,2026-04-07 08:59:00,Completed,2026-03-31 09:38:00,2026-04-07 08:59:00
5186,5186,3,2025-11-27 13:09:00,2025-11-29 18:09:00,2025-11-28 08:59:00,Completed,2025-11-27 13:09:00,2025-11-29 18:09:00
5187,5187,3,2025-12-17 16:10:00,2025-12-18 22:10:00,2025-12-24 10:32:00,Completed,2025-12-17 16:10:00,2025-12-24 10:32:00
5188,5188,2,2025-09-25 10:31:00,2025-09-28 17:31:00,2025-10-04 13:32:00,Completed,2025-09-25 10:31:00,2025-10-04 13:32:00
5189,5189,4,2025-10-15 12:13:00,2025-10-18 20:13:00,2025-10-19 13:03:00,Completed,2025-10-15 12:13:00,2025-10-19 13:03:00
5190,5190,2,2025-12-04 14:12:00,2025-12-06 20:12:00,2025-12-13 14:14:00,Completed,2025-12-04 14:12:00,2025-12-13 14:14:00
5191,5191,4,2025-11-18 14:49:00,2025-11-21 19:49:00,,Delivered,2025-11-18 14:49:00,2025-11-21 19:49:00
5192,5192,2,2026-04-01 14:45:00,2026-04-04 18:45:00,2026-04-07 13:06:00,Completed,2026-04-01 14:45:00,2026-04-07 13:06:00
5193,5193,1,2026-03-04 08:02:00,2026-03-06 08:02:00,2026-03-07 08:44:00,Completed,2026-03-04 08:02:00,2026-03-07 08:44:00
5194,5194,5,2025-07-02 09:36:00,2025-07-04 17:36:00,2025-07-05 13:23:00,Completed,2025-07-02 09:36:00,2025-07-05 13:23:00
5195,5195,5,2025-06-15 18:21:00,2025-06-18 23:21:00,2025-07-06 17:10:00,Completed,2025-06-15 18:21:00,2025-07-06 17:10:00
5196,5196,1,2025-06-19 08:15:00,2025-06-21 11:15:00,2025-06-26 14:28:00,Completed,2025-06-19 08:15:00,2025-06-26 14:28:00
5197,5197,4,2026-04-12 15:10:00,2026-04-13 22:10:00,2026-04-15 12:39:00,Completed,2026-04-12 15:10:00,2026-04-15 12:39:00
5198,5198,3,2025-12-04 16:13:00,2025-12-08 00:13:00,2025-12-10 15:34:00,Completed,2025-12-04 16:13:00,2025-12-10 15:34:00
5199,5199,4,2025-11-08 14:25:00,2025-11-09 14:25:00,2025-11-14 09:24:00,Completed,2025-11-08 14:25:00,2025-11-14 09:24:00
5200,5200,5,2025-11-02 14:19:00,2025-11-05 18:19:00,2025-11-07 10:23:00,Completed,2025-11-02 14:19:00,2025-11-07 10:23:00
5201,5201,5,2025-06-30 11:01:00,2025-07-01 16:01:00,2025-07-02 10:54:00,Completed,2025-06-30 11:01:00,2025-07-02 10:54:00
5202,5202,1,2025-10-22 10:07:00,2025-10-23 12:07:00,,Delivered,2025-10-22 10:07:00,2025-10-23 12:07:00
5203,5203,5,2025-09-02 12:35:00,2025-09-03 17:35:00,2025-09-06 16:53:00,Completed,2025-09-02 12:35:00,2025-09-06 16:53:00
5204,5204,5,2025-08-04 18:36:00,2025-08-05 20:36:00,2025-08-18 11:11:00,Completed,2025-08-04 18:36:00,2025-08-18 11:11:00
5205,5205,2,2026-02-11 14:34:00,2026-02-12 15:34:00,2026-02-20 11:06:00,Completed,2026-02-11 14:34:00,2026-02-20 11:06:00
5206,5206,4,2025-08-25 10:18:00,2025-08-27 11:18:00,2025-09-01 16:03:00,Completed,2025-08-25 10:18:00,2025-09-01 16:03:00
5207,5207,1,2026-05-14 08:25:00,2026-05-16 09:25:00,2026-05-14 08:11:00,Completed,2026-05-14 08:25:00,2026-05-16 09:25:00
5208,5208,1,2025-11-16 17:04:00,2025-11-19 17:04:00,2025-11-21 08:21:00,Completed,2025-11-16 17:04:00,2025-11-21 08:21:00
5209,5209,4,2025-07-04 16:27:00,2025-07-05 18:27:00,2025-07-08 13:33:00,Completed,2025-07-04 16:27:00,2025-07-08 13:33:00
5210,5210,4,2025-09-25 12:22:00,2025-09-26 20:22:00,2025-09-28 15:06:00,Completed,2025-09-25 12:22:00,2025-09-28 15:06:00
5211,5211,5,2025-07-28 11:28:00,2025-07-31 11:28:00,2025-07-31 13:01:00,Completed,2025-07-28 11:28:00,2025-07-31 13:01:00
5212,5212,5,2026-04-21 12:23:00,2026-04-22 17:23:00,2026-05-01 13:56:00,Completed,2026-04-21 12:23:00,2026-05-01 13:56:00
5213,5213,3,2025-10-01 11:22:00,2025-10-02 19:22:00,2025-10-02 16:18:00,Completed,2025-10-01 11:22:00,2025-10-02 19:22:00
5214,5214,2,2025-06-21 10:26:00,2025-06-24 17:26:00,2025-07-10 15:29:00,Completed,2025-06-21 10:26:00,2025-07-10 15:29:00
5215,5215,5,2026-04-25 14:53:00,2026-04-28 22:53:00,2026-05-06 10:03:00,Completed,2026-04-25 14:53:00,2026-05-06 10:03:00
5216,5216,2,2026-04-08 12:10:00,2026-04-09 18:10:00,,Delivered,2026-04-08 12:10:00,2026-04-09 18:10:00
5217,5217,4,2026-05-09 17:26:00,2026-05-11 21:26:00,2026-05-16 12:31:00,Completed,2026-05-09 17:26:00,2026-05-16 12:31:00
5218,5218,1,2025-08-10 14:01:00,2025-08-12 21:01:00,2025-08-24 17:46:00,Completed,2025-08-10 14:01:00,2025-08-24 17:46:00
5219,5219,1,2025-08-25 08:59:00,2025-08-26 13:59:00,2025-09-05 14:32:00,Completed,2025-08-25 08:59:00,2025-09-05 14:32:00
5220,5220,5,2025-07-28 12:00:00,2025-07-31 19:00:00,2025-08-15 08:43:00,Completed,2025-07-28 12:00:00,2025-08-15 08:43:00
5221,5221,5,2025-08-03 09:03:00,2025-08-05 11:03:00,2025-08-12 17:18:00,Completed,2025-08-03 09:03:00,2025-08-12 17:18:00
5222,5222,5,2026-05-23 15:17:00,2026-05-24 23:17:00,2026-05-31 08:53:00,Completed,2026-05-23 15:17:00,2026-05-31 08:53:00
5223,5223,4,2025-08-26 13:42:00,2025-08-27 13:42:00,2025-08-28 11:30:00,Completed,2025-08-26 13:42:00,2025-08-28 11:30:00
5224,5224,2,2025-07-14 15:42:00,2025-07-16 20:42:00,2025-07-24 17:54:00,Completed,2025-07-14 15:42:00,2025-07-24 17:54:00
5225,5225,5,2026-03-01 16:50:00,2026-03-03 19:50:00,2026-03-02 12:37:00,Completed,2026-03-01 16:50:00,2026-03-03 19:50:00
5226,5226,1,2025-06-22 15:23:00,2025-06-25 22:23:00,2025-06-23 13:51:00,Completed,2025-06-22 15:23:00,2025-06-25 22:23:00
5227,5227,3,2025-08-02 16:53:00,2025-08-06 00:53:00,2025-08-03 11:32:00,Completed,2025-08-02 16:53:00,2025-08-06 00:53:00
5228,5228,4,2025-10-17 10:43:00,2025-10-18 11:43:00,2025-10-25 15:55:00,Completed,2025-10-17 10:43:00,2025-10-25 15:55:00
5229,5229,5,2026-02-10 11:40:00,2026-02-11 18:40:00,2026-02-16 18:52:00,Completed,2026-02-10 11:40:00,2026-02-16 18:52:00
5230,5230,5,2025-08-24 11:04:00,2025-08-26 11:04:00,2025-09-08 16:59:00,Completed,2025-08-24 11:04:00,2025-09-08 16:59:00
5231,5231,5,2025-11-09 08:24:00,2025-11-10 09:24:00,2025-11-29 08:55:00,Completed,2025-11-09 08:24:00,2025-11-29 08:55:00
5232,5232,2,2025-06-19 16:05:00,2025-06-21 16:05:00,2025-06-21 15:05:00,Completed,2025-06-19 16:05:00,2025-06-21 16:05:00
5233,5233,4,2026-01-05 10:41:00,2026-01-07 16:41:00,2026-01-15 12:20:00,Completed,2026-01-05 10:41:00,2026-01-15 12:20:00
5234,5234,4,2026-05-03 18:53:00,2026-05-05 19:53:00,2026-05-06 11:12:00,Completed,2026-05-03 18:53:00,2026-05-06 11:12:00
5235,5235,5,2025-06-14 10:08:00,2025-06-17 14:08:00,,Delivered,2025-06-14 10:08:00,2025-06-17 14:08:00
5236,5236,1,2025-06-24 11:16:00,2025-06-25 14:16:00,2025-06-29 17:45:00,Completed,2025-06-24 11:16:00,2025-06-29 17:45:00
5237,5237,2,2025-11-25 08:24:00,2025-11-28 13:24:00,2025-11-28 08:40:00,Completed,2025-11-25 08:24:00,2025-11-28 13:24:00
5238,5238,3,2026-01-03 13:38:00,2026-01-06 13:38:00,2026-01-10 13:18:00,Completed,2026-01-03 13:38:00,2026-01-10 13:18:00
5239,5239,1,2025-10-13 17:49:00,2025-10-14 22:49:00,2025-10-20 12:24:00,Completed,2025-10-13 17:49:00,2025-10-20 12:24:00
5240,5240,1,2025-08-10 08:53:00,2025-08-12 16:53:00,2025-08-10 17:58:00,Completed,2025-08-10 08:53:00,2025-08-12 16:53:00
5241,5241,5,2026-04-07 14:54:00,2026-04-08 16:54:00,2026-04-13 15:00:00,Completed,2026-04-07 14:54:00,2026-04-13 15:00:00
5242,5242,3,2025-08-08 14:23:00,2025-08-11 18:23:00,2025-08-22 12:52:00,Completed,2025-08-08 14:23:00,2025-08-22 12:52:00
5243,5243,5,2026-01-11 18:40:00,2026-01-13 02:40:00,2026-01-25 08:38:00,Completed,2026-01-11 18:40:00,2026-01-25 08:38:00
5244,5244,3,2025-07-01 14:12:00,2025-07-04 17:12:00,2025-07-08 14:24:00,Completed,2025-07-01 14:12:00,2025-07-08 14:24:00
5245,5245,3,2025-12-20 11:45:00,2025-12-22 16:45:00,2025-12-27 15:02:00,Completed,2025-12-20 11:45:00,2025-12-27 15:02:00
5246,5246,4,2026-03-28 12:04:00,2026-03-31 19:04:00,2026-04-13 18:43:00,Completed,2026-03-28 12:04:00,2026-04-13 18:43:00
5247,5247,3,2025-07-27 14:26:00,2025-07-29 20:26:00,2025-08-19 16:40:00,Completed,2025-07-27 14:26:00,2025-08-19 16:40:00
5248,5248,5,2026-01-22 14:51:00,2026-01-24 18:51:00,2026-01-23 18:48:00,Completed,2026-01-22 14:51:00,2026-01-24 18:51:00
5249,5249,1,2026-05-11 11:33:00,2026-05-13 13:33:00,2026-05-18 15:45:00,Completed,2026-05-11 11:33:00,2026-05-18 15:45:00
5250,5250,3,2025-10-17 09:51:00,2025-10-20 15:51:00,2025-10-19 13:19:00,Completed,2025-10-17 09:51:00,2025-10-20 15:51:00
5251,5251,1,2025-10-03 16:11:00,2025-10-05 23:11:00,2025-10-07 16:23:00,Completed,2025-10-03 16:11:00,2025-10-07 16:23:00
5252,5252,5,2025-06-20 15:51:00,2025-06-21 23:51:00,2025-06-25 13:09:00,Completed,2025-06-20 15:51:00,2025-06-25 13:09:00
5253,5253,4,2025-08-14 08:46:00,2025-08-16 10:46:00,2025-08-22 12:54:00,Completed,2025-08-14 08:46:00,2025-08-22 12:54:00
5254,5254,3,2026-01-17 09:05:00,2026-01-18 09:05:00,2026-01-20 18:54:00,Completed,2026-01-17 09:05:00,2026-01-20 18:54:00
5255,5255,2,2026-03-04 14:36:00,2026-03-06 22:36:00,2026-03-08 17:01:00,Completed,2026-03-04 14:36:00,2026-03-08 17:01:00
5256,5256,1,2025-06-06 17:10:00,2025-06-07 21:10:00,2025-06-27 11:07:00,Completed,2025-06-06 17:10:00,2025-06-27 11:07:00
5257,5257,5,2025-09-28 12:02:00,2025-09-29 15:02:00,2025-09-29 10:30:00,Completed,2025-09-28 12:02:00,2025-09-29 15:02:00
5258,5258,2,2026-03-11 12:46:00,2026-03-13 20:46:00,2026-03-14 11:00:00,Completed,2026-03-11 12:46:00,2026-03-14 11:00:00
5259,5259,4,2025-08-10 18:14:00,2025-08-11 19:14:00,2025-08-11 14:03:00,Completed,2025-08-10 18:14:00,2025-08-11 19:14:00
5260,5260,5,2026-01-15 13:39:00,2026-01-18 16:39:00,2026-01-15 15:34:00,Completed,2026-01-15 13:39:00,2026-01-18 16:39:00
5261,5261,5,2025-10-18 13:21:00,2025-10-21 16:21:00,2025-10-27 15:08:00,Completed,2025-10-18 13:21:00,2025-10-27 15:08:00
5262,5262,5,2025-08-05 08:50:00,2025-08-07 16:50:00,2025-08-05 08:46:00,Completed,2025-08-05 08:50:00,2025-08-07 16:50:00
5263,5263,2,2025-10-15 08:26:00,2025-10-18 15:26:00,2025-10-21 13:24:00,Completed,2025-10-15 08:26:00,2025-10-21 13:24:00
5264,5264,4,2025-07-19 12:14:00,2025-07-20 15:14:00,2025-08-04 13:02:00,Completed,2025-07-19 12:14:00,2025-08-04 13:02:00
5265,5265,3,2025-10-30 18:46:00,2025-11-01 18:46:00,2025-10-31 08:04:00,Completed,2025-10-30 18:46:00,2025-11-01 18:46:00
5266,5266,3,2025-07-21 08:27:00,2025-07-23 13:27:00,2025-07-22 13:42:00,Completed,2025-07-21 08:27:00,2025-07-23 13:27:00
5267,5267,3,2026-03-31 09:18:00,2026-04-03 12:18:00,2026-04-03 14:45:00,Completed,2026-03-31 09:18:00,2026-04-03 14:45:00
5268,5268,1,2025-10-25 10:39:00,2025-10-28 12:39:00,2025-10-25 16:15:00,Completed,2025-10-25 10:39:00,2025-10-28 12:39:00
5269,5269,3,2025-06-06 09:25:00,2025-06-08 09:25:00,2025-06-06 15:34:00,Completed,2025-06-06 09:25:00,2025-06-08 09:25:00
5270,5270,2,2025-08-25 09:07:00,2025-08-27 11:07:00,2025-08-30 10:34:00,Completed,2025-08-25 09:07:00,2025-08-30 10:34:00
5271,5271,5,2026-05-08 17:57:00,2026-05-10 23:57:00,2026-05-12 18:01:00,Completed,2026-05-08 17:57:00,2026-05-12 18:01:00
5272,5272,1,2025-07-28 13:18:00,2025-07-29 13:18:00,2025-08-10 11:24:00,Completed,2025-07-28 13:18:00,2025-08-10 11:24:00
5273,5273,1,2026-01-02 13:02:00,2026-01-04 14:02:00,2026-01-22 18:01:00,Completed,2026-01-02 13:02:00,2026-01-22 18:01:00
5274,5274,2,2025-08-29 13:14:00,2025-08-30 20:14:00,2025-09-01 15:07:00,Completed,2025-08-29 13:14:00,2025-09-01 15:07:00
5275,5275,1,2026-02-23 15:18:00,2026-02-25 21:18:00,2026-02-23 10:17:00,Completed,2026-02-23 15:18:00,2026-02-25 21:18:00
5276,5276,1,2025-12-13 17:06:00,2025-12-16 19:06:00,2025-12-19 18:09:00,Completed,2025-12-13 17:06:00,2025-12-19 18:09:00
5277,5277,1,2025-10-10 12:09:00,2025-10-13 13:09:00,2025-10-11 17:07:00,Completed,2025-10-10 12:09:00,2025-10-13 13:09:00
5278,5278,5,2025-09-10 13:11:00,2025-09-12 19:11:00,2025-09-11 15:50:00,Completed,2025-09-10 13:11:00,2025-09-12 19:11:00
5279,5279,3,2026-04-09 12:39:00,2026-04-11 20:39:00,2026-04-12 09:18:00,Completed,2026-04-09 12:39:00,2026-04-12 09:18:00
5280,5280,4,2026-03-03 12:01:00,2026-03-06 13:01:00,2026-03-09 12:33:00,Completed,2026-03-03 12:01:00,2026-03-09 12:33:00
5281,5281,2,2025-07-26 15:35:00,2025-07-28 15:35:00,2025-08-08 18:57:00,Completed,2025-07-26 15:35:00,2025-08-08 18:57:00
5282,5282,2,2025-08-31 15:27:00,2025-09-01 23:27:00,2025-09-06 10:50:00,Completed,2025-08-31 15:27:00,2025-09-06 10:50:00
5283,5283,3,2025-11-04 17:20:00,2025-11-07 20:20:00,2025-11-06 17:01:00,Completed,2025-11-04 17:20:00,2025-11-07 20:20:00
5284,5284,2,2025-06-28 08:40:00,2025-06-30 14:40:00,2025-07-17 11:02:00,Completed,2025-06-28 08:40:00,2025-07-17 11:02:00
5285,5285,5,2026-04-19 17:43:00,2026-04-20 20:43:00,2026-04-20 12:47:00,Completed,2026-04-19 17:43:00,2026-04-20 20:43:00
5286,5286,3,2025-11-23 17:31:00,2025-11-26 17:31:00,2025-11-24 11:23:00,Completed,2025-11-23 17:31:00,2025-11-26 17:31:00
5287,5287,3,2026-04-04 17:24:00,2026-04-06 19:24:00,2026-04-15 17:58:00,Completed,2026-04-04 17:24:00,2026-04-15 17:58:00
5288,5288,1,2026-01-01 08:15:00,2026-01-03 15:15:00,2026-01-02 10:40:00,Completed,2026-01-01 08:15:00,2026-01-03 15:15:00
5289,5289,4,2026-03-22 11:38:00,2026-03-23 17:38:00,2026-04-04 17:01:00,Completed,2026-03-22 11:38:00,2026-04-04 17:01:00
5290,5290,2,2025-10-25 09:44:00,2025-10-27 15:44:00,2025-10-29 17:57:00,Completed,2025-10-25 09:44:00,2025-10-29 17:57:00
5291,5291,3,2026-03-24 10:31:00,2026-03-27 13:31:00,2026-04-05 17:21:00,Completed,2026-03-24 10:31:00,2026-04-05 17:21:00
5292,5292,4,2026-01-26 15:58:00,2026-01-27 19:58:00,2026-02-08 11:26:00,Completed,2026-01-26 15:58:00,2026-02-08 11:26:00
5293,5293,5,2025-06-17 11:13:00,2025-06-18 15:13:00,2025-06-22 13:54:00,Completed,2025-06-17 11:13:00,2025-06-22 13:54:00
5294,5294,5,2026-04-01 18:22:00,2026-04-02 21:22:00,2026-04-02 08:20:00,Completed,2026-04-01 18:22:00,2026-04-02 21:22:00
5295,5295,2,2025-06-08 12:38:00,2025-06-11 12:38:00,2025-06-11 18:22:00,Completed,2025-06-08 12:38:00,2025-06-11 18:22:00
5296,5296,2,2026-04-03 11:35:00,2026-04-06 19:35:00,2026-04-03 10:32:00,Completed,2026-04-03 11:35:00,2026-04-06 19:35:00
5297,5297,2,2026-01-11 11:19:00,2026-01-14 12:19:00,2026-01-19 13:46:00,Completed,2026-01-11 11:19:00,2026-01-19 13:46:00
5298,5298,3,2025-08-30 16:05:00,2025-09-01 18:05:00,2025-09-08 14:09:00,Completed,2025-08-30 16:05:00,2025-09-08 14:09:00
5299,5299,3,2025-06-19 14:19:00,2025-06-21 19:19:00,2025-06-21 08:44:00,Completed,2025-06-19 14:19:00,2025-06-21 19:19:00
5300,5300,3,2026-05-10 11:20:00,2026-05-13 12:20:00,2026-05-15 17:57:00,Completed,2026-05-10 11:20:00,2026-05-15 17:57:00
5301,5301,2,2025-07-24 16:09:00,2025-07-25 23:09:00,2025-07-28 11:13:00,Completed,2025-07-24 16:09:00,2025-07-28 11:13:00
5302,5302,2,2026-04-04 13:26:00,2026-04-05 14:26:00,2026-04-14 09:18:00,Completed,2026-04-04 13:26:00,2026-04-14 09:18:00
5303,5303,1,2026-04-22 12:53:00,2026-04-23 12:53:00,2026-04-24 08:04:00,Completed,2026-04-22 12:53:00,2026-04-24 08:04:00
5304,5304,3,2026-03-02 11:12:00,2026-03-03 18:12:00,2026-03-07 17:33:00,Completed,2026-03-02 11:12:00,2026-03-07 17:33:00
5305,5305,5,2025-09-01 14:52:00,2025-09-03 15:52:00,2025-09-06 18:20:00,Completed,2025-09-01 14:52:00,2025-09-06 18:20:00
5306,5306,4,2026-02-15 15:25:00,2026-02-17 17:25:00,2026-02-23 13:38:00,Completed,2026-02-15 15:25:00,2026-02-23 13:38:00
5307,5307,2,2026-05-25 13:37:00,2026-05-28 13:37:00,2026-05-30 17:04:00,Completed,2026-05-25 13:37:00,2026-05-30 17:04:00
5308,5308,1,2026-04-01 11:41:00,2026-04-03 19:41:00,2026-04-08 13:49:00,Completed,2026-04-01 11:41:00,2026-04-08 13:49:00
5309,5309,5,2025-09-17 17:03:00,2025-09-18 20:03:00,2025-10-01 13:30:00,Completed,2025-09-17 17:03:00,2025-10-01 13:30:00
5310,5310,5,2025-07-23 15:36:00,2025-07-26 19:36:00,2025-07-30 18:58:00,Completed,2025-07-23 15:36:00,2025-07-30 18:58:00
5311,5311,1,2026-02-16 16:34:00,2026-02-19 20:34:00,2026-02-23 10:01:00,Completed,2026-02-16 16:34:00,2026-02-23 10:01:00
5312,5312,4,2026-04-21 17:41:00,2026-04-24 23:41:00,2026-04-27 12:21:00,Completed,2026-04-21 17:41:00,2026-04-27 12:21:00
5313,5313,5,2026-01-22 08:31:00,2026-01-25 15:31:00,2026-02-01 13:48:00,Completed,2026-01-22 08:31:00,2026-02-01 13:48:00
5314,5314,5,2025-06-15 14:17:00,2025-06-18 20:17:00,2025-06-18 13:18:00,Completed,2025-06-15 14:17:00,2025-06-18 20:17:00
5315,5315,2,2025-08-10 12:36:00,2025-08-13 19:36:00,2025-08-17 09:35:00,Completed,2025-08-10 12:36:00,2025-08-17 09:35:00
5316,5316,5,2025-06-06 13:40:00,2025-06-08 21:40:00,2025-06-23 15:15:00,Completed,2025-06-06 13:40:00,2025-06-23 15:15:00
5317,5317,5,2025-12-02 10:56:00,2025-12-03 10:56:00,2025-12-17 08:59:00,Completed,2025-12-02 10:56:00,2025-12-17 08:59:00
5318,5318,5,2025-08-05 17:38:00,2025-08-07 22:38:00,2025-08-05 14:23:00,Completed,2025-08-05 17:38:00,2025-08-07 22:38:00
5319,5319,1,2026-03-25 10:57:00,2026-03-28 15:57:00,2026-03-27 13:47:00,Completed,2026-03-25 10:57:00,2026-03-28 15:57:00
5320,5320,4,2026-01-24 11:23:00,2026-01-27 11:23:00,2026-01-28 12:24:00,Completed,2026-01-24 11:23:00,2026-01-28 12:24:00
5321,5321,3,2025-06-09 11:34:00,2025-06-11 14:34:00,2025-06-25 16:05:00,Completed,2025-06-09 11:34:00,2025-06-25 16:05:00
5322,5322,1,2026-01-01 14:48:00,2026-01-02 15:48:00,2026-01-13 17:21:00,Completed,2026-01-01 14:48:00,2026-01-13 17:21:00
5323,5323,3,2025-09-29 18:21:00,2025-10-01 20:21:00,2025-10-06 18:33:00,Completed,2025-09-29 18:21:00,2025-10-06 18:33:00
5324,5324,5,2025-07-05 12:16:00,2025-07-07 14:16:00,2025-07-07 14:58:00,Completed,2025-07-05 12:16:00,2025-07-07 14:58:00
5325,5325,2,2026-02-11 18:14:00,2026-02-12 19:14:00,2026-02-16 13:37:00,Completed,2026-02-11 18:14:00,2026-02-16 13:37:00
5326,5326,1,2026-03-22 13:47:00,2026-03-24 14:47:00,2026-03-25 18:46:00,Completed,2026-03-22 13:47:00,2026-03-25 18:46:00
5327,5327,1,2026-04-30 15:54:00,2026-05-01 23:54:00,2026-05-12 15:08:00,Completed,2026-04-30 15:54:00,2026-05-12 15:08:00
5328,5328,3,2025-06-26 18:45:00,2025-06-28 22:45:00,,Delivered,2025-06-26 18:45:00,2025-06-28 22:45:00
5329,5329,2,2026-04-13 13:33:00,2026-04-15 15:33:00,2026-04-22 10:55:00,Completed,2026-04-13 13:33:00,2026-04-22 10:55:00
5330,5330,4,2026-02-25 14:17:00,2026-02-27 20:17:00,2026-03-07 08:14:00,Completed,2026-02-25 14:17:00,2026-03-07 08:14:00
5331,5331,2,2026-04-11 08:43:00,2026-04-12 11:43:00,2026-04-15 11:03:00,Completed,2026-04-11 08:43:00,2026-04-15 11:03:00
5332,5332,3,2026-02-07 09:53:00,2026-02-10 10:53:00,2026-02-11 16:26:00,Completed,2026-02-07 09:53:00,2026-02-11 16:26:00
5333,5333,4,2026-05-17 18:25:00,2026-05-21 00:25:00,2026-05-21 17:27:00,Completed,2026-05-17 18:25:00,2026-05-21 17:27:00
5334,5334,1,2025-09-24 12:42:00,2025-09-27 14:42:00,2025-09-30 17:04:00,Completed,2025-09-24 12:42:00,2025-09-30 17:04:00
5335,5335,2,2025-08-05 13:41:00,2025-08-08 15:41:00,2025-08-06 14:20:00,Completed,2025-08-05 13:41:00,2025-08-08 15:41:00
5336,5336,3,2025-11-23 17:30:00,2025-11-24 23:30:00,2025-11-23 15:16:00,Completed,2025-11-23 17:30:00,2025-11-24 23:30:00
5337,5337,3,2026-01-26 08:38:00,2026-01-27 09:38:00,2026-01-26 13:12:00,Completed,2026-01-26 08:38:00,2026-01-27 09:38:00
5338,5338,3,2026-03-01 11:16:00,2026-03-03 19:16:00,2026-03-11 14:21:00,Completed,2026-03-01 11:16:00,2026-03-11 14:21:00
5339,5339,5,2025-06-25 17:16:00,2025-06-26 19:16:00,2025-07-01 13:27:00,Completed,2025-06-25 17:16:00,2025-07-01 13:27:00
5340,5340,1,2026-04-16 13:19:00,2026-04-19 17:19:00,2026-04-24 15:55:00,Completed,2026-04-16 13:19:00,2026-04-24 15:55:00
5341,5341,4,2026-05-21 16:34:00,2026-05-24 18:34:00,2026-05-21 16:08:00,Completed,2026-05-21 16:34:00,2026-05-24 18:34:00
5342,5342,2,2025-11-03 10:32:00,2025-11-06 18:32:00,2025-11-22 09:04:00,Completed,2025-11-03 10:32:00,2025-11-22 09:04:00
5343,5343,2,2025-12-16 14:43:00,2025-12-19 20:43:00,2025-12-24 16:52:00,Completed,2025-12-16 14:43:00,2025-12-24 16:52:00
5344,5344,3,2026-02-22 09:19:00,2026-02-25 16:19:00,2026-02-24 16:52:00,Completed,2026-02-22 09:19:00,2026-02-25 16:19:00
5345,5345,5,2026-01-06 14:06:00,2026-01-07 18:06:00,2026-01-10 17:49:00,Completed,2026-01-06 14:06:00,2026-01-10 17:49:00
5346,5346,3,2025-07-02 11:40:00,2025-07-05 17:40:00,2025-07-14 13:43:00,Completed,2025-07-02 11:40:00,2025-07-14 13:43:00
5347,5347,4,2026-02-15 09:27:00,2026-02-16 17:27:00,2026-02-25 10:16:00,Completed,2026-02-15 09:27:00,2026-02-25 10:16:00
5348,5348,5,2025-08-31 18:26:00,2025-09-02 00:26:00,2025-09-01 18:49:00,Completed,2025-08-31 18:26:00,2025-09-02 00:26:00
5349,5349,4,2025-12-30 13:50:00,2026-01-02 14:50:00,2026-01-03 16:24:00,Completed,2025-12-30 13:50:00,2026-01-03 16:24:00
5350,5350,1,2025-08-20 18:18:00,2025-08-23 18:18:00,2025-08-20 15:08:00,Completed,2025-08-20 18:18:00,2025-08-23 18:18:00
5351,5351,3,2025-09-04 17:57:00,2025-09-07 17:57:00,2025-09-14 13:10:00,Completed,2025-09-04 17:57:00,2025-09-14 13:10:00
5352,5352,3,2026-05-20 15:28:00,2026-05-22 15:28:00,2026-05-24 12:28:00,Completed,2026-05-20 15:28:00,2026-05-24 12:28:00
5353,5353,4,2026-03-12 13:58:00,2026-03-15 15:58:00,2026-03-17 17:59:00,Completed,2026-03-12 13:58:00,2026-03-17 17:59:00
5354,5354,1,2025-12-29 12:17:00,2026-01-01 19:17:00,2025-12-31 18:41:00,Completed,2025-12-29 12:17:00,2026-01-01 19:17:00
5355,5355,2,2025-12-11 16:05:00,2025-12-12 22:05:00,2025-12-14 09:57:00,Completed,2025-12-11 16:05:00,2025-12-14 09:57:00
5356,5356,4,2025-12-18 17:10:00,2025-12-22 00:10:00,2025-12-21 15:39:00,Completed,2025-12-18 17:10:00,2025-12-22 00:10:00
5357,5357,3,2025-10-20 11:38:00,2025-10-22 19:38:00,2025-10-26 12:25:00,Completed,2025-10-20 11:38:00,2025-10-26 12:25:00
5358,5358,4,2025-10-08 09:53:00,2025-10-11 12:53:00,,Delivered,2025-10-08 09:53:00,2025-10-11 12:53:00
5359,5359,2,2026-04-28 12:23:00,2026-05-01 18:23:00,2026-04-29 12:50:00,Completed,2026-04-28 12:23:00,2026-05-01 18:23:00
5360,5360,3,2025-08-06 18:15:00,2025-08-08 01:15:00,2025-08-13 10:21:00,Completed,2025-08-06 18:15:00,2025-08-13 10:21:00
5361,5361,2,2025-11-06 18:43:00,2025-11-08 22:43:00,2025-11-19 13:21:00,Completed,2025-11-06 18:43:00,2025-11-19 13:21:00
5362,5362,4,2025-11-08 15:03:00,2025-11-10 20:03:00,2025-11-10 13:02:00,Completed,2025-11-08 15:03:00,2025-11-10 20:03:00
5363,5363,4,2026-01-18 12:42:00,2026-01-19 16:42:00,2026-01-22 12:12:00,Completed,2026-01-18 12:42:00,2026-01-22 12:12:00
5364,5364,5,2025-11-28 14:43:00,2025-11-30 22:43:00,2025-11-30 08:37:00,Completed,2025-11-28 14:43:00,2025-11-30 22:43:00
5365,5365,1,2026-02-10 18:01:00,2026-02-12 02:01:00,2026-02-10 14:52:00,Completed,2026-02-10 18:01:00,2026-02-12 02:01:00
5366,5366,2,2025-07-04 16:32:00,2025-07-06 22:32:00,2025-07-11 11:52:00,Completed,2025-07-04 16:32:00,2025-07-11 11:52:00
5367,5367,2,2025-12-02 11:12:00,2025-12-03 19:12:00,2025-12-03 15:26:00,Completed,2025-12-02 11:12:00,2025-12-03 19:12:00
5368,5368,1,2025-11-09 08:03:00,2025-11-11 10:03:00,2025-11-11 16:46:00,Completed,2025-11-09 08:03:00,2025-11-11 16:46:00
5369,5369,3,2025-11-24 16:02:00,2025-11-26 20:02:00,,Delivered,2025-11-24 16:02:00,2025-11-26 20:02:00
5370,5370,5,2026-01-05 17:57:00,2026-01-07 20:57:00,2026-01-09 14:35:00,Completed,2026-01-05 17:57:00,2026-01-09 14:35:00
5371,5371,2,2026-05-04 11:08:00,2026-05-07 12:08:00,2026-05-06 10:51:00,Completed,2026-05-04 11:08:00,2026-05-07 12:08:00
5372,5372,4,2025-07-31 10:21:00,2025-08-02 16:21:00,2025-08-03 14:01:00,Completed,2025-07-31 10:21:00,2025-08-03 14:01:00
5373,5373,3,2026-03-09 08:57:00,2026-03-11 16:57:00,2026-03-14 12:20:00,Completed,2026-03-09 08:57:00,2026-03-14 12:20:00
5374,5374,4,2025-09-27 12:24:00,2025-09-30 18:24:00,2025-09-28 09:12:00,Completed,2025-09-27 12:24:00,2025-09-30 18:24:00
5375,5375,3,2026-01-10 14:59:00,2026-01-11 21:59:00,2026-01-18 08:08:00,Completed,2026-01-10 14:59:00,2026-01-18 08:08:00
5376,5376,5,2025-11-19 14:29:00,2025-11-22 14:29:00,2025-11-20 16:20:00,Completed,2025-11-19 14:29:00,2025-11-22 14:29:00
5377,5377,1,2025-12-19 17:39:00,2025-12-21 00:39:00,2026-01-02 13:38:00,Completed,2025-12-19 17:39:00,2026-01-02 13:38:00
5378,5378,3,2025-07-17 08:00:00,2025-07-20 15:00:00,2025-07-29 17:03:00,Completed,2025-07-17 08:00:00,2025-07-29 17:03:00
5379,5379,5,2026-02-27 15:22:00,2026-03-01 21:22:00,2026-03-01 09:53:00,Completed,2026-02-27 15:22:00,2026-03-01 21:22:00
5380,5380,4,2025-11-26 15:53:00,2025-11-28 19:53:00,2025-12-03 10:58:00,Completed,2025-11-26 15:53:00,2025-12-03 10:58:00
5381,5381,4,2025-09-21 18:16:00,2025-09-24 21:16:00,2025-09-21 14:50:00,Completed,2025-09-21 18:16:00,2025-09-24 21:16:00
5382,5382,1,2026-03-01 15:41:00,2026-03-04 18:41:00,2026-03-13 15:49:00,Completed,2026-03-01 15:41:00,2026-03-13 15:49:00
5383,5383,1,2025-11-01 16:54:00,2025-11-03 19:54:00,2025-11-13 16:23:00,Completed,2025-11-01 16:54:00,2025-11-13 16:23:00
5384,5384,1,2025-12-28 15:03:00,2025-12-31 18:03:00,2025-12-30 13:14:00,Completed,2025-12-28 15:03:00,2025-12-31 18:03:00
5385,5385,4,2025-07-05 12:25:00,2025-07-06 13:25:00,2025-07-06 13:48:00,Completed,2025-07-05 12:25:00,2025-07-06 13:48:00
5386,5386,2,2025-10-29 08:52:00,2025-10-30 13:52:00,2025-11-18 16:18:00,Completed,2025-10-29 08:52:00,2025-11-18 16:18:00
5387,5387,3,2025-09-23 13:16:00,2025-09-24 14:16:00,2025-09-28 10:43:00,Completed,2025-09-23 13:16:00,2025-09-28 10:43:00
5388,5388,4,2026-03-23 18:37:00,2026-03-27 02:37:00,2026-03-23 15:29:00,Completed,2026-03-23 18:37:00,2026-03-27 02:37:00
5389,5389,4,2026-05-14 08:17:00,2026-05-16 14:17:00,2026-05-30 14:38:00,Completed,2026-05-14 08:17:00,2026-05-30 14:38:00
5390,5390,4,2026-01-14 12:09:00,2026-01-16 16:09:00,,Delivered,2026-01-14 12:09:00,2026-01-16 16:09:00
5391,5391,2,2025-07-24 16:36:00,2025-07-27 20:36:00,2025-07-31 13:19:00,Completed,2025-07-24 16:36:00,2025-07-31 13:19:00
5392,5392,4,2026-01-24 16:56:00,2026-01-26 23:56:00,2026-01-25 09:22:00,Completed,2026-01-24 16:56:00,2026-01-26 23:56:00
5393,5393,4,2026-01-10 14:16:00,2026-01-13 16:16:00,2026-01-23 10:09:00,Completed,2026-01-10 14:16:00,2026-01-23 10:09:00
5394,5394,5,2026-05-22 14:20:00,2026-05-23 15:20:00,2026-05-23 13:19:00,Completed,2026-05-22 14:20:00,2026-05-23 15:20:00
5395,5395,4,2025-11-18 08:38:00,2025-11-20 16:38:00,2025-11-18 11:28:00,Completed,2025-11-18 08:38:00,2025-11-20 16:38:00
5396,5396,5,2026-03-23 16:54:00,2026-03-24 21:54:00,2026-03-26 12:36:00,Completed,2026-03-23 16:54:00,2026-03-26 12:36:00
5397,5397,4,2026-01-21 17:04:00,2026-01-22 18:04:00,2026-01-27 11:31:00,Completed,2026-01-21 17:04:00,2026-01-27 11:31:00
5398,5398,3,2025-12-02 09:34:00,2025-12-04 15:34:00,2025-12-09 11:51:00,Completed,2025-12-02 09:34:00,2025-12-09 11:51:00
5399,5399,5,2026-02-19 10:58:00,2026-02-21 11:58:00,2026-02-22 16:55:00,Completed,2026-02-19 10:58:00,2026-02-22 16:55:00
5400,5400,4,2025-08-29 12:56:00,2025-08-30 18:56:00,2025-09-12 15:29:00,Completed,2025-08-29 12:56:00,2025-09-12 15:29:00
5401,5401,5,2026-01-04 11:25:00,2026-01-05 12:25:00,2026-01-19 12:50:00,Completed,2026-01-04 11:25:00,2026-01-19 12:50:00
5402,5402,4,2026-05-11 16:04:00,2026-05-14 17:04:00,2026-05-12 14:43:00,Completed,2026-05-11 16:04:00,2026-05-14 17:04:00
5403,5403,3,2025-09-02 09:23:00,2025-09-03 17:23:00,2025-09-07 18:52:00,Completed,2025-09-02 09:23:00,2025-09-07 18:52:00
5404,5404,3,2026-04-06 16:43:00,2026-04-09 23:43:00,2026-04-10 17:32:00,Completed,2026-04-06 16:43:00,2026-04-10 17:32:00
5405,5405,3,2025-12-20 08:18:00,2025-12-21 14:18:00,2025-12-31 08:57:00,Completed,2025-12-20 08:18:00,2025-12-31 08:57:00
5406,5406,2,2025-07-24 08:37:00,2025-07-25 10:37:00,2025-07-31 10:24:00,Completed,2025-07-24 08:37:00,2025-07-31 10:24:00
5407,5407,2,2026-01-18 10:47:00,2026-01-20 10:47:00,2026-01-22 11:08:00,Completed,2026-01-18 10:47:00,2026-01-22 11:08:00
5408,5408,3,2026-04-13 15:50:00,2026-04-14 22:50:00,2026-04-17 15:37:00,Completed,2026-04-13 15:50:00,2026-04-17 15:37:00
5409,5409,1,2025-10-01 15:32:00,2025-10-03 15:32:00,2025-10-03 09:22:00,Completed,2025-10-01 15:32:00,2025-10-03 15:32:00
5410,5410,3,2025-07-10 09:30:00,2025-07-11 17:30:00,2025-07-17 09:29:00,Completed,2025-07-10 09:30:00,2025-07-17 09:29:00
5411,5411,1,2025-07-20 10:03:00,2025-07-21 15:03:00,2025-07-27 10:45:00,Completed,2025-07-20 10:03:00,2025-07-27 10:45:00
5412,5412,1,2025-08-22 15:53:00,2025-08-25 19:53:00,2025-08-29 16:31:00,Completed,2025-08-22 15:53:00,2025-08-29 16:31:00
5413,5413,2,2025-10-18 16:03:00,2025-10-19 22:03:00,2025-10-22 10:27:00,Completed,2025-10-18 16:03:00,2025-10-22 10:27:00
5414,5414,5,2025-07-26 15:03:00,2025-07-28 20:03:00,2025-08-02 11:48:00,Completed,2025-07-26 15:03:00,2025-08-02 11:48:00
5415,5415,4,2025-07-17 18:39:00,2025-07-21 00:39:00,2025-07-29 18:47:00,Completed,2025-07-17 18:39:00,2025-07-29 18:47:00
5416,5416,3,2025-08-09 11:24:00,2025-08-12 17:24:00,2025-08-16 16:29:00,Completed,2025-08-09 11:24:00,2025-08-16 16:29:00
5417,5417,3,2026-03-05 10:15:00,2026-03-07 14:15:00,2026-03-11 13:29:00,Completed,2026-03-05 10:15:00,2026-03-11 13:29:00
5418,5418,3,2025-07-04 10:13:00,2025-07-07 10:13:00,2025-07-16 18:45:00,Completed,2025-07-04 10:13:00,2025-07-16 18:45:00
5419,5419,5,2025-10-23 18:54:00,2025-10-24 23:54:00,2025-10-31 08:42:00,Completed,2025-10-23 18:54:00,2025-10-31 08:42:00
5420,5420,1,2026-02-25 10:10:00,2026-02-27 12:10:00,2026-03-05 16:34:00,Completed,2026-02-25 10:10:00,2026-03-05 16:34:00
5421,5421,2,2025-09-07 15:57:00,2025-09-10 22:57:00,2025-09-17 15:26:00,Completed,2025-09-07 15:57:00,2025-09-17 15:26:00
5422,5422,1,2025-11-30 09:42:00,2025-12-03 11:42:00,2025-12-01 08:39:00,Completed,2025-11-30 09:42:00,2025-12-03 11:42:00
5423,5423,4,2025-06-09 12:31:00,2025-06-10 16:31:00,2025-06-17 13:02:00,Completed,2025-06-09 12:31:00,2025-06-17 13:02:00
5424,5424,3,2025-10-22 11:16:00,2025-10-24 12:16:00,2025-10-28 12:08:00,Completed,2025-10-22 11:16:00,2025-10-28 12:08:00
5425,5425,3,2026-02-23 11:13:00,2026-02-25 19:13:00,2026-02-25 18:39:00,Completed,2026-02-23 11:13:00,2026-02-25 19:13:00
5426,5426,5,2025-08-05 09:17:00,2025-08-08 13:17:00,2025-08-06 18:12:00,Completed,2025-08-05 09:17:00,2025-08-08 13:17:00
5427,5427,3,2025-10-24 13:50:00,2025-10-27 21:50:00,2025-11-02 16:03:00,Completed,2025-10-24 13:50:00,2025-11-02 16:03:00
5428,5428,1,2026-01-23 14:06:00,2026-01-24 19:06:00,2026-02-04 11:48:00,Completed,2026-01-23 14:06:00,2026-02-04 11:48:00
5429,5429,1,2025-08-25 11:01:00,2025-08-27 13:01:00,2025-08-31 15:29:00,Completed,2025-08-25 11:01:00,2025-08-31 15:29:00
5430,5430,3,2025-07-30 12:07:00,2025-07-31 19:07:00,2025-08-08 16:09:00,Completed,2025-07-30 12:07:00,2025-08-08 16:09:00
5431,5431,3,2026-02-06 17:11:00,2026-02-09 17:11:00,2026-02-06 14:44:00,Completed,2026-02-06 17:11:00,2026-02-09 17:11:00
5432,5432,4,2026-05-06 14:31:00,2026-05-08 22:31:00,2026-05-22 10:00:00,Completed,2026-05-06 14:31:00,2026-05-22 10:00:00
5433,5433,3,2026-03-17 15:47:00,2026-03-18 22:47:00,2026-03-19 18:50:00,Completed,2026-03-17 15:47:00,2026-03-19 18:50:00
5434,5434,4,2026-03-26 08:45:00,2026-03-29 11:45:00,2026-04-01 18:28:00,Completed,2026-03-26 08:45:00,2026-04-01 18:28:00
5435,5435,4,2025-07-27 12:51:00,2025-07-30 19:51:00,2025-08-06 13:21:00,Completed,2025-07-27 12:51:00,2025-08-06 13:21:00
5436,5436,4,2025-07-05 10:47:00,2025-07-06 14:47:00,2025-07-09 08:28:00,Completed,2025-07-05 10:47:00,2025-07-09 08:28:00
5437,5437,3,2026-01-28 11:56:00,2026-01-30 13:56:00,2026-02-01 11:21:00,Completed,2026-01-28 11:56:00,2026-02-01 11:21:00
5438,5438,5,2026-03-27 16:01:00,2026-03-29 20:01:00,2026-04-02 09:18:00,Completed,2026-03-27 16:01:00,2026-04-02 09:18:00
5439,5439,1,2026-03-23 09:41:00,2026-03-25 15:41:00,2026-03-30 17:30:00,Completed,2026-03-23 09:41:00,2026-03-30 17:30:00
5440,5440,1,2026-01-01 15:07:00,2026-01-03 23:07:00,2026-01-13 08:12:00,Completed,2026-01-01 15:07:00,2026-01-13 08:12:00
5441,5441,4,2026-03-19 12:31:00,2026-03-22 19:31:00,2026-04-02 16:05:00,Completed,2026-03-19 12:31:00,2026-04-02 16:05:00
5442,5442,1,2026-05-08 09:45:00,2026-05-11 16:45:00,2026-05-13 17:43:00,Completed,2026-05-08 09:45:00,2026-05-13 17:43:00
5443,5443,5,2026-01-29 12:34:00,2026-01-30 15:34:00,2026-02-04 16:36:00,Completed,2026-01-29 12:34:00,2026-02-04 16:36:00
5444,5444,4,2025-08-03 16:33:00,2025-08-05 16:33:00,2025-08-22 14:48:00,Completed,2025-08-03 16:33:00,2025-08-22 14:48:00
5445,5445,4,2025-07-27 15:32:00,2025-07-28 22:32:00,2025-07-28 18:19:00,Completed,2025-07-27 15:32:00,2025-07-28 22:32:00
5446,5446,3,2026-03-22 08:25:00,2026-03-24 09:25:00,2026-03-28 13:21:00,Completed,2026-03-22 08:25:00,2026-03-28 13:21:00
5447,5447,5,2026-04-22 13:34:00,2026-04-23 14:34:00,2026-04-29 10:08:00,Completed,2026-04-22 13:34:00,2026-04-29 10:08:00
5448,5448,4,2026-05-14 15:30:00,2026-05-17 20:30:00,2026-05-19 13:01:00,Completed,2026-05-14 15:30:00,2026-05-19 13:01:00
5449,5449,5,2025-06-17 10:33:00,2025-06-19 12:33:00,2025-06-23 08:34:00,Completed,2025-06-17 10:33:00,2025-06-23 08:34:00
5450,5450,4,2025-07-27 16:27:00,2025-07-30 22:27:00,2025-08-01 15:10:00,Completed,2025-07-27 16:27:00,2025-08-01 15:10:00
5451,5451,5,2025-10-29 17:46:00,2025-10-30 21:46:00,2025-11-03 10:52:00,Completed,2025-10-29 17:46:00,2025-11-03 10:52:00
5452,5452,1,2026-03-26 15:58:00,2026-03-28 15:58:00,2026-04-02 15:29:00,Completed,2026-03-26 15:58:00,2026-04-02 15:29:00
5453,5453,4,2025-11-10 14:00:00,2025-11-11 17:00:00,2025-11-17 16:02:00,Completed,2025-11-10 14:00:00,2025-11-17 16:02:00
5454,5454,1,2026-05-29 13:21:00,2026-05-31 14:21:00,2026-06-05 10:28:00,Completed,2026-05-29 13:21:00,2026-06-05 10:28:00
5455,5455,5,2026-02-12 17:34:00,2026-02-13 22:34:00,2026-02-15 16:37:00,Completed,2026-02-12 17:34:00,2026-02-15 16:37:00
5456,5456,4,2026-01-24 17:14:00,2026-01-26 17:14:00,2026-01-26 10:38:00,Completed,2026-01-24 17:14:00,2026-01-26 17:14:00
5457,5457,2,2025-09-27 13:01:00,2025-09-28 16:01:00,2025-10-04 13:31:00,Completed,2025-09-27 13:01:00,2025-10-04 13:31:00
5458,5458,1,2026-02-19 08:05:00,2026-02-22 08:05:00,2026-02-26 16:40:00,Completed,2026-02-19 08:05:00,2026-02-26 16:40:00
5459,5459,1,2025-06-25 13:19:00,2025-06-27 13:19:00,2025-06-25 08:00:00,Completed,2025-06-25 13:19:00,2025-06-27 13:19:00
5460,5460,4,2026-01-26 12:51:00,2026-01-27 19:51:00,2026-02-04 17:26:00,Completed,2026-01-26 12:51:00,2026-02-04 17:26:00
5461,5461,5,2025-09-11 14:01:00,2025-09-14 16:01:00,2025-09-26 08:14:00,Completed,2025-09-11 14:01:00,2025-09-26 08:14:00
5462,5462,2,2025-07-28 10:35:00,2025-07-30 10:35:00,2025-08-06 08:02:00,Completed,2025-07-28 10:35:00,2025-08-06 08:02:00
5463,5463,3,2025-10-09 08:01:00,2025-10-11 11:01:00,2025-10-19 16:13:00,Completed,2025-10-09 08:01:00,2025-10-19 16:13:00
5464,5464,1,2025-10-19 09:58:00,2025-10-21 11:58:00,2025-10-22 15:15:00,Completed,2025-10-19 09:58:00,2025-10-22 15:15:00
5465,5465,5,2026-01-03 12:08:00,2026-01-04 19:08:00,2026-01-11 09:10:00,Completed,2026-01-03 12:08:00,2026-01-11 09:10:00
5466,5466,5,2026-04-25 17:14:00,2026-04-27 00:14:00,,Delivered,2026-04-25 17:14:00,2026-04-27 00:14:00
5467,5467,5,2025-10-11 11:02:00,2025-10-14 16:02:00,2025-10-19 08:14:00,Completed,2025-10-11 11:02:00,2025-10-19 08:14:00
5468,5468,5,2025-12-19 16:55:00,2025-12-21 22:55:00,2025-12-19 17:26:00,Completed,2025-12-19 16:55:00,2025-12-21 22:55:00
5469,5469,1,2025-07-31 11:59:00,2025-08-03 13:59:00,2025-08-02 17:54:00,Completed,2025-07-31 11:59:00,2025-08-03 13:59:00
5470,5470,3,2025-11-08 08:50:00,2025-11-09 13:50:00,2025-11-22 13:19:00,Completed,2025-11-08 08:50:00,2025-11-22 13:19:00
5471,5471,3,2025-10-12 09:01:00,2025-10-13 10:01:00,2025-10-16 09:37:00,Completed,2025-10-12 09:01:00,2025-10-16 09:37:00
5472,5472,3,2025-11-15 18:48:00,2025-11-17 22:48:00,2025-11-25 10:59:00,Completed,2025-11-15 18:48:00,2025-11-25 10:59:00
5473,5473,5,2025-11-10 10:28:00,2025-11-12 18:28:00,2025-11-18 18:32:00,Completed,2025-11-10 10:28:00,2025-11-18 18:32:00
5474,5474,5,2025-10-31 11:57:00,2025-11-01 18:57:00,2025-11-01 12:25:00,Completed,2025-10-31 11:57:00,2025-11-01 18:57:00
5475,5475,3,2025-11-05 10:06:00,2025-11-06 17:06:00,2025-11-07 09:06:00,Completed,2025-11-05 10:06:00,2025-11-07 09:06:00
5476,5476,1,2026-02-05 15:23:00,2026-02-08 16:23:00,2026-03-01 12:29:00,Completed,2026-02-05 15:23:00,2026-03-01 12:29:00
5477,5477,5,2026-02-21 09:14:00,2026-02-24 12:14:00,2026-02-21 10:11:00,Completed,2026-02-21 09:14:00,2026-02-24 12:14:00
5478,5478,1,2025-07-23 16:06:00,2025-07-25 00:06:00,2025-08-01 10:42:00,Completed,2025-07-23 16:06:00,2025-08-01 10:42:00
5479,5479,4,2026-05-01 18:57:00,2026-05-02 20:57:00,2026-05-21 17:00:00,Completed,2026-05-01 18:57:00,2026-05-21 17:00:00
5480,5480,3,2025-10-01 16:00:00,2025-10-04 18:00:00,2025-10-06 11:13:00,Completed,2025-10-01 16:00:00,2025-10-06 11:13:00
5481,5481,1,2026-01-02 17:59:00,2026-01-04 23:59:00,2026-01-14 12:49:00,Completed,2026-01-02 17:59:00,2026-01-14 12:49:00
5482,5482,5,2026-04-07 16:52:00,2026-04-08 16:52:00,2026-04-09 15:45:00,Completed,2026-04-07 16:52:00,2026-04-09 15:45:00
5483,5483,4,2026-02-06 10:58:00,2026-02-07 16:58:00,2026-02-20 13:49:00,Completed,2026-02-06 10:58:00,2026-02-20 13:49:00
5484,5484,5,2025-08-01 09:01:00,2025-08-04 14:01:00,,Delivered,2025-08-01 09:01:00,2025-08-04 14:01:00
5485,5485,2,2025-11-06 17:17:00,2025-11-07 20:17:00,2025-11-11 13:41:00,Completed,2025-11-06 17:17:00,2025-11-11 13:41:00
5486,5486,4,2026-01-01 09:45:00,2026-01-04 12:45:00,2026-01-05 09:28:00,Completed,2026-01-01 09:45:00,2026-01-05 09:28:00
5487,5487,1,2025-08-19 15:48:00,2025-08-21 21:48:00,2025-08-23 12:42:00,Completed,2025-08-19 15:48:00,2025-08-23 12:42:00
5488,5488,4,2025-11-16 14:38:00,2025-11-19 18:38:00,2025-11-16 12:00:00,Completed,2025-11-16 14:38:00,2025-11-19 18:38:00
5489,5489,5,2025-06-18 18:19:00,2025-06-19 23:19:00,2025-06-20 10:06:00,Completed,2025-06-18 18:19:00,2025-06-20 10:06:00
5490,5490,1,2026-02-09 15:42:00,2026-02-11 17:42:00,2026-02-10 15:26:00,Completed,2026-02-09 15:42:00,2026-02-11 17:42:00
5491,5491,4,2026-05-16 11:38:00,2026-05-19 13:38:00,2026-06-01 10:33:00,Completed,2026-05-16 11:38:00,2026-06-01 10:33:00
5492,5492,2,2026-05-07 15:48:00,2026-05-08 22:48:00,,Delivered,2026-05-07 15:48:00,2026-05-08 22:48:00
5493,5493,3,2025-06-26 18:51:00,2025-06-29 02:51:00,2025-07-16 12:20:00,Completed,2025-06-26 18:51:00,2025-07-16 12:20:00
5494,5494,3,2025-07-08 13:47:00,2025-07-11 21:47:00,2025-07-30 08:14:00,Completed,2025-07-08 13:47:00,2025-07-30 08:14:00
5495,5495,1,2025-08-15 17:44:00,2025-08-18 19:44:00,2025-08-20 10:22:00,Completed,2025-08-15 17:44:00,2025-08-20 10:22:00
5496,5496,4,2026-01-13 15:36:00,2026-01-15 15:36:00,2026-01-18 15:15:00,Completed,2026-01-13 15:36:00,2026-01-18 15:15:00
5497,5497,4,2025-08-14 17:47:00,2025-08-17 21:47:00,2025-08-30 18:47:00,Completed,2025-08-14 17:47:00,2025-08-30 18:47:00
5498,5498,4,2026-05-09 08:05:00,2026-05-12 09:05:00,2026-05-11 10:49:00,Completed,2026-05-09 08:05:00,2026-05-12 09:05:00
5499,5499,5,2025-08-03 08:01:00,2025-08-06 10:01:00,2025-08-16 11:57:00,Completed,2025-08-03 08:01:00,2025-08-16 11:57:00
5500,5500,2,2025-09-19 16:45:00,2025-09-20 19:45:00,2025-09-22 12:58:00,Completed,2025-09-19 16:45:00,2025-09-22 12:58:00
5501,5501,4,2025-09-25 17:46:00,2025-09-28 01:46:00,2025-10-11 15:41:00,Completed,2025-09-25 17:46:00,2025-10-11 15:41:00
5502,5502,5,2025-12-07 18:35:00,2025-12-10 00:35:00,2025-12-12 15:13:00,Completed,2025-12-07 18:35:00,2025-12-12 15:13:00
5503,5503,5,2025-10-20 14:05:00,2025-10-23 20:05:00,2025-10-28 13:54:00,Completed,2025-10-20 14:05:00,2025-10-28 13:54:00
5504,5504,4,2025-12-24 08:12:00,2025-12-25 08:12:00,2025-12-24 14:03:00,Completed,2025-12-24 08:12:00,2025-12-25 08:12:00
5505,5505,3,2025-10-01 17:03:00,2025-10-04 19:03:00,2025-10-02 12:54:00,Completed,2025-10-01 17:03:00,2025-10-04 19:03:00
5506,5506,1,2026-04-28 08:52:00,2026-04-29 16:52:00,2026-04-30 12:02:00,Completed,2026-04-28 08:52:00,2026-04-30 12:02:00
5507,5507,4,2026-02-07 16:45:00,2026-02-11 00:45:00,2026-02-11 16:57:00,Completed,2026-02-07 16:45:00,2026-02-11 16:57:00
5508,5508,3,2025-12-26 18:37:00,2025-12-28 19:37:00,2026-01-03 10:04:00,Completed,2025-12-26 18:37:00,2026-01-03 10:04:00
5509,5509,3,2025-12-02 10:29:00,2025-12-04 10:29:00,2025-12-05 08:53:00,Completed,2025-12-02 10:29:00,2025-12-05 08:53:00
5510,5510,3,2025-10-11 09:55:00,2025-10-14 09:55:00,2025-10-17 16:02:00,Completed,2025-10-11 09:55:00,2025-10-17 16:02:00
5511,5511,3,2026-04-23 08:08:00,2026-04-25 15:08:00,2026-04-24 16:26:00,Completed,2026-04-23 08:08:00,2026-04-25 15:08:00
5512,5512,5,2025-09-13 11:49:00,2025-09-15 18:49:00,2025-09-22 09:10:00,Completed,2025-09-13 11:49:00,2025-09-22 09:10:00
5513,5513,4,2025-07-23 10:19:00,2025-07-24 10:19:00,2025-08-03 16:19:00,Completed,2025-07-23 10:19:00,2025-08-03 16:19:00
5514,5514,4,2026-04-02 08:49:00,2026-04-04 13:49:00,2026-04-12 15:19:00,Completed,2026-04-02 08:49:00,2026-04-12 15:19:00
5515,5515,5,2025-06-12 11:12:00,2025-06-14 19:12:00,,Delivered,2025-06-12 11:12:00,2025-06-14 19:12:00
5516,5516,3,2026-01-29 16:41:00,2026-02-01 17:41:00,,Delivered,2026-01-29 16:41:00,2026-02-01 17:41:00
5517,5517,5,2025-07-06 08:32:00,2025-07-08 15:32:00,2025-07-10 18:01:00,Completed,2025-07-06 08:32:00,2025-07-10 18:01:00
5518,5518,4,2026-02-20 15:33:00,2026-02-21 16:33:00,2026-02-24 09:57:00,Completed,2026-02-20 15:33:00,2026-02-24 09:57:00
5519,5519,1,2025-12-28 08:09:00,2025-12-30 12:09:00,2026-01-04 09:26:00,Completed,2025-12-28 08:09:00,2026-01-04 09:26:00
5520,5520,1,2025-11-04 14:09:00,2025-11-05 21:09:00,2025-11-04 12:41:00,Completed,2025-11-04 14:09:00,2025-11-05 21:09:00
5521,5521,4,2025-11-30 18:11:00,2025-12-02 20:11:00,2025-12-13 08:24:00,Completed,2025-11-30 18:11:00,2025-12-13 08:24:00
5522,5522,4,2026-03-15 11:49:00,2026-03-16 17:49:00,2026-03-29 08:08:00,Completed,2026-03-15 11:49:00,2026-03-29 08:08:00
5523,5523,4,2026-04-06 18:56:00,2026-04-09 20:56:00,2026-04-08 12:57:00,Completed,2026-04-06 18:56:00,2026-04-09 20:56:00
5524,5524,4,2025-12-22 08:24:00,2025-12-23 08:24:00,2025-12-28 16:03:00,Completed,2025-12-22 08:24:00,2025-12-28 16:03:00
5525,5525,3,2026-02-28 14:56:00,2026-03-03 17:56:00,2026-02-28 16:03:00,Completed,2026-02-28 14:56:00,2026-03-03 17:56:00
5526,5526,5,2026-05-20 18:44:00,2026-05-23 02:44:00,2026-06-01 12:43:00,Completed,2026-05-20 18:44:00,2026-06-01 12:43:00
5527,5527,5,2026-04-08 18:52:00,2026-04-11 19:52:00,2026-05-02 13:57:00,Completed,2026-04-08 18:52:00,2026-05-02 13:57:00
5528,5528,2,2025-10-20 10:12:00,2025-10-23 17:12:00,,Delivered,2025-10-20 10:12:00,2025-10-23 17:12:00
5529,5529,5,2026-04-01 09:14:00,2026-04-04 14:14:00,2026-04-11 14:15:00,Completed,2026-04-01 09:14:00,2026-04-11 14:15:00
5530,5530,4,2026-04-20 15:54:00,2026-04-21 22:54:00,2026-05-01 11:28:00,Completed,2026-04-20 15:54:00,2026-05-01 11:28:00
5531,5531,2,2025-08-09 08:44:00,2025-08-12 16:44:00,2025-08-16 12:40:00,Completed,2025-08-09 08:44:00,2025-08-16 12:40:00
5532,5532,1,2025-11-04 15:26:00,2025-11-07 15:26:00,,Delivered,2025-11-04 15:26:00,2025-11-07 15:26:00
5533,5533,1,2025-08-31 18:01:00,2025-09-01 20:01:00,2025-09-04 13:45:00,Completed,2025-08-31 18:01:00,2025-09-04 13:45:00
5534,5534,3,2025-06-12 12:30:00,2025-06-13 19:30:00,2025-06-30 12:02:00,Completed,2025-06-12 12:30:00,2025-06-30 12:02:00
5535,5535,3,2025-07-27 11:46:00,2025-07-28 18:46:00,2025-08-09 11:08:00,Completed,2025-07-27 11:46:00,2025-08-09 11:08:00
5536,5536,3,2026-02-05 15:37:00,2026-02-07 17:37:00,2026-02-07 15:08:00,Completed,2026-02-05 15:37:00,2026-02-07 17:37:00
5537,5537,4,2025-07-08 15:07:00,2025-07-11 18:07:00,2025-07-28 08:45:00,Completed,2025-07-08 15:07:00,2025-07-28 08:45:00
5538,5538,5,2026-02-01 10:44:00,2026-02-04 18:44:00,2026-02-11 14:57:00,Completed,2026-02-01 10:44:00,2026-02-11 14:57:00
5539,5539,4,2025-09-17 18:41:00,2025-09-20 01:41:00,2025-09-21 14:24:00,Completed,2025-09-17 18:41:00,2025-09-21 14:24:00
5540,5540,1,2025-09-01 08:18:00,2025-09-02 16:18:00,2025-09-06 12:51:00,Completed,2025-09-01 08:18:00,2025-09-06 12:51:00
5541,5541,2,2025-09-18 18:50:00,2025-09-19 21:50:00,2025-09-20 10:55:00,Completed,2025-09-18 18:50:00,2025-09-20 10:55:00
5542,5542,1,2026-05-16 18:46:00,2026-05-19 20:46:00,2026-05-20 16:09:00,Completed,2026-05-16 18:46:00,2026-05-20 16:09:00
5543,5543,1,2025-10-12 11:55:00,2025-10-14 13:55:00,,Delivered,2025-10-12 11:55:00,2025-10-14 13:55:00
5544,5544,5,2026-03-27 18:20:00,2026-03-30 02:20:00,2026-03-31 14:07:00,Completed,2026-03-27 18:20:00,2026-03-31 14:07:00
5545,5545,2,2026-01-17 14:57:00,2026-01-20 19:57:00,2026-01-21 13:59:00,Completed,2026-01-17 14:57:00,2026-01-21 13:59:00
5546,5546,1,2025-09-07 15:29:00,2025-09-08 20:29:00,2025-09-09 16:16:00,Completed,2025-09-07 15:29:00,2025-09-09 16:16:00
5547,5547,1,2025-09-24 15:26:00,2025-09-26 16:26:00,2025-10-02 08:45:00,Completed,2025-09-24 15:26:00,2025-10-02 08:45:00
5548,5548,1,2025-06-18 14:00:00,2025-06-20 18:00:00,2025-06-24 15:50:00,Completed,2025-06-18 14:00:00,2025-06-24 15:50:00
5549,5549,5,2025-12-03 08:29:00,2025-12-04 12:29:00,,Delivered,2025-12-03 08:29:00,2025-12-04 12:29:00
5550,5550,5,2026-04-27 13:43:00,2026-04-29 18:43:00,2026-05-01 08:15:00,Completed,2026-04-27 13:43:00,2026-05-01 08:15:00
5551,5551,4,2025-11-06 16:01:00,2025-11-08 16:01:00,2025-11-07 18:56:00,Completed,2025-11-06 16:01:00,2025-11-08 16:01:00
5552,5552,4,2025-08-10 09:31:00,2025-08-11 12:31:00,2025-08-15 09:54:00,Completed,2025-08-10 09:31:00,2025-08-15 09:54:00
5553,5553,5,2026-02-18 12:22:00,2026-02-21 16:22:00,2026-02-22 10:48:00,Completed,2026-02-18 12:22:00,2026-02-22 10:48:00
5554,5554,5,2026-04-15 11:46:00,2026-04-17 13:46:00,2026-04-17 11:49:00,Completed,2026-04-15 11:46:00,2026-04-17 13:46:00
5555,5555,3,2025-11-14 12:46:00,2025-11-15 13:46:00,,Delivered,2025-11-14 12:46:00,2025-11-15 13:46:00
5556,5556,5,2025-08-29 10:17:00,2025-08-31 15:17:00,2025-09-04 18:32:00,Completed,2025-08-29 10:17:00,2025-09-04 18:32:00
5557,5557,4,2026-04-02 18:29:00,2026-04-03 18:29:00,2026-04-03 12:49:00,Completed,2026-04-02 18:29:00,2026-04-03 18:29:00
5558,5558,2,2025-11-23 08:15:00,2025-11-25 14:15:00,2025-11-29 11:59:00,Completed,2025-11-23 08:15:00,2025-11-29 11:59:00
5559,5559,5,2025-12-11 08:17:00,2025-12-12 11:17:00,2025-12-23 13:32:00,Completed,2025-12-11 08:17:00,2025-12-23 13:32:00
5560,5560,4,2025-12-05 14:34:00,2025-12-06 22:34:00,2025-12-14 10:00:00,Completed,2025-12-05 14:34:00,2025-12-14 10:00:00
5561,5561,4,2026-01-20 15:06:00,2026-01-21 21:06:00,2026-01-20 16:20:00,Completed,2026-01-20 15:06:00,2026-01-21 21:06:00
5562,5562,4,2026-01-15 17:37:00,2026-01-18 00:37:00,2026-01-26 16:42:00,Completed,2026-01-15 17:37:00,2026-01-26 16:42:00
5563,5563,2,2026-01-01 08:46:00,2026-01-03 11:46:00,2026-01-11 14:32:00,Completed,2026-01-01 08:46:00,2026-01-11 14:32:00
5564,5564,1,2026-03-09 11:49:00,2026-03-10 18:49:00,2026-03-11 11:58:00,Completed,2026-03-09 11:49:00,2026-03-11 11:58:00
5565,5565,4,2025-06-13 09:43:00,2025-06-14 15:43:00,2025-07-06 13:07:00,Completed,2025-06-13 09:43:00,2025-07-06 13:07:00
5566,5566,4,2025-08-18 17:30:00,2025-08-22 00:30:00,2025-08-21 08:53:00,Completed,2025-08-18 17:30:00,2025-08-22 00:30:00
5567,5567,4,2026-01-01 13:45:00,2026-01-04 13:45:00,2026-01-10 15:00:00,Completed,2026-01-01 13:45:00,2026-01-10 15:00:00
5568,5568,5,2026-05-16 15:18:00,2026-05-18 16:18:00,2026-05-22 11:16:00,Completed,2026-05-16 15:18:00,2026-05-22 11:16:00
5569,5569,5,2025-06-20 10:06:00,2025-06-22 11:06:00,,Delivered,2025-06-20 10:06:00,2025-06-22 11:06:00
5570,5570,3,2025-12-03 09:48:00,2025-12-05 11:48:00,2025-12-06 10:23:00,Completed,2025-12-03 09:48:00,2025-12-06 10:23:00
5571,5571,2,2025-07-27 08:16:00,2025-07-28 08:16:00,2025-07-28 18:33:00,Completed,2025-07-27 08:16:00,2025-07-28 18:33:00
5572,5572,4,2025-06-10 08:32:00,2025-06-13 11:32:00,2025-06-18 11:12:00,Completed,2025-06-10 08:32:00,2025-06-18 11:12:00
5573,5573,1,2026-05-13 08:53:00,2026-05-14 11:53:00,2026-05-28 17:57:00,Completed,2026-05-13 08:53:00,2026-05-28 17:57:00
5574,5574,3,2025-06-08 13:11:00,2025-06-10 16:11:00,2025-06-09 09:29:00,Completed,2025-06-08 13:11:00,2025-06-10 16:11:00
5575,5575,3,2025-09-26 09:47:00,2025-09-29 16:47:00,2025-10-08 18:27:00,Completed,2025-09-26 09:47:00,2025-10-08 18:27:00
5576,5576,2,2026-01-10 08:34:00,2026-01-11 12:34:00,2026-01-20 18:19:00,Completed,2026-01-10 08:34:00,2026-01-20 18:19:00
5577,5577,4,2025-09-26 08:48:00,2025-09-27 09:48:00,2025-09-28 14:48:00,Completed,2025-09-26 08:48:00,2025-09-28 14:48:00
5578,5578,4,2025-10-20 09:18:00,2025-10-22 10:18:00,2025-10-26 12:50:00,Completed,2025-10-20 09:18:00,2025-10-26 12:50:00
5579,5579,1,2025-06-20 10:09:00,2025-06-22 12:09:00,2025-06-24 17:25:00,Completed,2025-06-20 10:09:00,2025-06-24 17:25:00
5580,5580,1,2026-05-02 11:00:00,2026-05-03 19:00:00,2026-05-07 09:54:00,Completed,2026-05-02 11:00:00,2026-05-07 09:54:00
5581,5581,5,2025-07-12 18:54:00,2025-07-15 20:54:00,2025-07-13 11:52:00,Completed,2025-07-12 18:54:00,2025-07-15 20:54:00
5582,5582,5,2025-11-07 12:27:00,2025-11-09 12:27:00,2025-11-16 09:44:00,Completed,2025-11-07 12:27:00,2025-11-16 09:44:00
5583,5583,1,2026-01-05 11:33:00,2026-01-08 13:33:00,2026-01-06 16:34:00,Completed,2026-01-05 11:33:00,2026-01-08 13:33:00
5584,5584,2,2025-09-10 14:46:00,2025-09-11 14:46:00,2025-09-13 09:09:00,Completed,2025-09-10 14:46:00,2025-09-13 09:09:00
5585,5585,1,2025-12-17 15:44:00,2025-12-20 22:44:00,2025-12-26 08:37:00,Completed,2025-12-17 15:44:00,2025-12-26 08:37:00
5586,5586,3,2025-08-20 17:01:00,2025-08-22 19:01:00,2025-09-13 18:03:00,Completed,2025-08-20 17:01:00,2025-09-13 18:03:00
5587,5587,2,2025-07-24 10:27:00,2025-07-25 17:27:00,2025-07-27 16:30:00,Completed,2025-07-24 10:27:00,2025-07-27 16:30:00
5588,5588,5,2026-01-12 15:53:00,2026-01-14 17:53:00,2026-01-13 16:30:00,Completed,2026-01-12 15:53:00,2026-01-14 17:53:00
5589,5589,4,2026-05-04 16:20:00,2026-05-05 19:20:00,2026-05-05 11:13:00,Completed,2026-05-04 16:20:00,2026-05-05 19:20:00
5590,5590,3,2025-09-03 11:58:00,2025-09-04 14:58:00,2025-09-07 18:54:00,Completed,2025-09-03 11:58:00,2025-09-07 18:54:00
5591,5591,2,2026-02-27 17:50:00,2026-02-28 18:50:00,2026-03-13 16:16:00,Completed,2026-02-27 17:50:00,2026-03-13 16:16:00
5592,5592,2,2026-02-18 16:22:00,2026-02-20 22:22:00,2026-02-20 11:16:00,Completed,2026-02-18 16:22:00,2026-02-20 22:22:00
5593,5593,2,2025-09-04 13:09:00,2025-09-06 14:09:00,2025-09-10 08:33:00,Completed,2025-09-04 13:09:00,2025-09-10 08:33:00
5594,5594,2,2026-03-04 16:35:00,2026-03-06 17:35:00,2026-03-06 12:56:00,Completed,2026-03-04 16:35:00,2026-03-06 17:35:00
5595,5595,3,2025-12-05 08:08:00,2025-12-06 08:08:00,2025-12-14 12:54:00,Completed,2025-12-05 08:08:00,2025-12-14 12:54:00
5596,5596,2,2026-03-30 15:50:00,2026-04-02 23:50:00,2026-04-05 18:02:00,Completed,2026-03-30 15:50:00,2026-04-05 18:02:00
5597,5597,2,2025-09-14 13:03:00,2025-09-16 13:03:00,2025-09-20 13:48:00,Completed,2025-09-14 13:03:00,2025-09-20 13:48:00
5598,5598,3,2025-08-12 16:59:00,2025-08-15 23:59:00,2025-08-18 10:39:00,Completed,2025-08-12 16:59:00,2025-08-18 10:39:00
5599,5599,2,2025-08-04 11:26:00,2025-08-06 19:26:00,2025-08-19 11:10:00,Completed,2025-08-04 11:26:00,2025-08-19 11:10:00
5600,5600,3,2025-10-25 18:05:00,2025-10-28 01:05:00,2025-10-27 13:10:00,Completed,2025-10-25 18:05:00,2025-10-28 01:05:00
5601,5601,5,2026-04-05 12:54:00,2026-04-08 12:54:00,2026-04-08 18:47:00,Completed,2026-04-05 12:54:00,2026-04-08 18:47:00
5602,5602,5,2026-03-09 13:13:00,2026-03-12 21:13:00,2026-03-16 17:57:00,Completed,2026-03-09 13:13:00,2026-03-16 17:57:00
5603,5603,1,2025-06-10 11:38:00,2025-06-11 12:38:00,2025-06-13 09:09:00,Completed,2025-06-10 11:38:00,2025-06-13 09:09:00
5604,5604,4,2026-05-28 08:57:00,2026-05-31 16:57:00,2026-06-09 14:40:00,Completed,2026-05-28 08:57:00,2026-06-09 14:40:00
5605,5605,4,2026-01-18 12:45:00,2026-01-21 20:45:00,2026-01-19 09:31:00,Completed,2026-01-18 12:45:00,2026-01-21 20:45:00
5606,5606,4,2026-05-10 13:59:00,2026-05-12 19:59:00,,Delivered,2026-05-10 13:59:00,2026-05-12 19:59:00
5607,5607,2,2025-09-28 08:12:00,2025-10-01 09:12:00,2025-10-12 08:03:00,Completed,2025-09-28 08:12:00,2025-10-12 08:03:00
5608,5608,2,2025-07-02 10:36:00,2025-07-04 18:36:00,2025-07-12 12:44:00,Completed,2025-07-02 10:36:00,2025-07-12 12:44:00
5609,5609,3,2025-12-28 10:20:00,2025-12-30 11:20:00,2025-12-30 17:54:00,Completed,2025-12-28 10:20:00,2025-12-30 17:54:00
5610,5610,5,2025-09-03 08:44:00,2025-09-06 10:44:00,2025-09-18 13:36:00,Completed,2025-09-03 08:44:00,2025-09-18 13:36:00
5611,5611,1,2026-04-29 14:47:00,2026-05-01 19:47:00,2026-05-06 09:14:00,Completed,2026-04-29 14:47:00,2026-05-06 09:14:00
5612,5612,5,2025-08-17 18:11:00,2025-08-19 23:11:00,2025-08-17 13:09:00,Completed,2025-08-17 18:11:00,2025-08-19 23:11:00
5613,5613,4,2025-06-16 09:56:00,2025-06-18 11:56:00,2025-06-25 10:03:00,Completed,2025-06-16 09:56:00,2025-06-25 10:03:00
5614,5614,2,2025-12-25 16:08:00,2025-12-27 17:08:00,2025-12-28 17:51:00,Completed,2025-12-25 16:08:00,2025-12-28 17:51:00
5615,5615,3,2026-05-06 12:26:00,2026-05-07 15:26:00,2026-05-14 14:18:00,Completed,2026-05-06 12:26:00,2026-05-14 14:18:00
5616,5616,4,2026-01-06 16:22:00,2026-01-08 17:22:00,2026-01-29 18:39:00,Completed,2026-01-06 16:22:00,2026-01-29 18:39:00
5617,5617,2,2025-08-02 09:08:00,2025-08-03 16:08:00,2025-08-05 15:52:00,Completed,2025-08-02 09:08:00,2025-08-05 15:52:00
5618,5618,1,2026-03-13 13:26:00,2026-03-14 19:26:00,2026-03-17 11:30:00,Completed,2026-03-13 13:26:00,2026-03-17 11:30:00
5619,5619,2,2025-09-19 10:12:00,2025-09-20 11:12:00,2025-10-01 17:28:00,Completed,2025-09-19 10:12:00,2025-10-01 17:28:00
5620,5620,4,2026-01-06 09:07:00,2026-01-09 15:07:00,2026-01-16 12:50:00,Completed,2026-01-06 09:07:00,2026-01-16 12:50:00
5621,5621,4,2026-02-13 14:36:00,2026-02-14 17:36:00,2026-02-19 14:44:00,Completed,2026-02-13 14:36:00,2026-02-19 14:44:00
5622,5622,3,2025-11-27 10:03:00,2025-11-30 10:03:00,2025-12-02 11:07:00,Completed,2025-11-27 10:03:00,2025-12-02 11:07:00
5623,5623,2,2025-10-27 08:14:00,2025-10-29 11:14:00,2025-10-31 14:27:00,Completed,2025-10-27 08:14:00,2025-10-31 14:27:00
5624,5624,1,2025-12-08 13:30:00,2025-12-11 15:30:00,2025-12-14 13:56:00,Completed,2025-12-08 13:30:00,2025-12-14 13:56:00
5625,5625,1,2025-12-07 14:02:00,2025-12-09 14:02:00,2025-12-29 14:49:00,Completed,2025-12-07 14:02:00,2025-12-29 14:49:00
5626,5626,2,2025-11-01 17:21:00,2025-11-02 21:21:00,2025-11-02 16:39:00,Completed,2025-11-01 17:21:00,2025-11-02 21:21:00
5627,5627,1,2025-12-09 09:32:00,2025-12-11 14:32:00,2025-12-09 12:47:00,Completed,2025-12-09 09:32:00,2025-12-11 14:32:00
5628,5628,3,2026-02-18 18:34:00,2026-02-21 22:34:00,2026-02-22 18:51:00,Completed,2026-02-18 18:34:00,2026-02-22 18:51:00
5629,5629,4,2025-06-22 15:40:00,2025-06-23 19:40:00,2025-07-01 09:55:00,Completed,2025-06-22 15:40:00,2025-07-01 09:55:00
5630,5630,4,2026-02-05 09:49:00,2026-02-06 14:49:00,2026-02-06 14:36:00,Completed,2026-02-05 09:49:00,2026-02-06 14:49:00
5631,5631,1,2025-06-13 17:39:00,2025-06-16 22:39:00,2025-06-27 16:34:00,Completed,2025-06-13 17:39:00,2025-06-27 16:34:00
5632,5632,1,2025-10-29 12:56:00,2025-10-31 18:56:00,2025-10-31 12:39:00,Completed,2025-10-29 12:56:00,2025-10-31 18:56:00
5633,5633,5,2025-06-29 16:13:00,2025-07-03 00:13:00,2025-07-04 16:01:00,Completed,2025-06-29 16:13:00,2025-07-04 16:01:00
5634,5634,1,2025-12-05 11:42:00,2025-12-08 18:42:00,2025-12-17 08:44:00,Completed,2025-12-05 11:42:00,2025-12-17 08:44:00
5635,5635,2,2025-12-09 17:19:00,2025-12-10 17:19:00,2025-12-18 18:51:00,Completed,2025-12-09 17:19:00,2025-12-18 18:51:00
5636,5636,2,2025-09-24 10:31:00,2025-09-25 15:31:00,2025-10-04 15:36:00,Completed,2025-09-24 10:31:00,2025-10-04 15:36:00
5637,5637,4,2025-09-08 15:50:00,2025-09-11 15:50:00,2025-09-22 10:59:00,Completed,2025-09-08 15:50:00,2025-09-22 10:59:00
5638,5638,3,2025-09-11 14:02:00,2025-09-13 14:02:00,2025-09-15 15:16:00,Completed,2025-09-11 14:02:00,2025-09-15 15:16:00
5639,5639,2,2025-11-23 08:26:00,2025-11-25 10:26:00,2025-11-25 13:31:00,Completed,2025-11-23 08:26:00,2025-11-25 13:31:00
5640,5640,4,2026-01-01 13:14:00,2026-01-02 13:14:00,2026-01-15 18:04:00,Completed,2026-01-01 13:14:00,2026-01-15 18:04:00
5641,5641,5,2026-04-23 12:15:00,2026-04-24 19:15:00,2026-05-05 17:28:00,Completed,2026-04-23 12:15:00,2026-05-05 17:28:00
5642,5642,1,2026-01-24 10:21:00,2026-01-27 14:21:00,2026-01-24 14:11:00,Completed,2026-01-24 10:21:00,2026-01-27 14:21:00
5643,5643,5,2025-08-11 11:09:00,2025-08-13 19:09:00,2025-08-15 17:42:00,Completed,2025-08-11 11:09:00,2025-08-15 17:42:00
5644,5644,5,2025-06-21 12:17:00,2025-06-24 15:17:00,2025-06-25 16:56:00,Completed,2025-06-21 12:17:00,2025-06-25 16:56:00
5645,5645,5,2026-05-06 11:32:00,2026-05-08 19:32:00,2026-05-13 13:12:00,Completed,2026-05-06 11:32:00,2026-05-13 13:12:00
5646,5646,4,2026-01-31 12:19:00,2026-02-03 16:19:00,2026-02-04 08:18:00,Completed,2026-01-31 12:19:00,2026-02-04 08:18:00
5647,5647,5,2025-07-26 12:35:00,2025-07-27 12:35:00,2025-07-28 10:14:00,Completed,2025-07-26 12:35:00,2025-07-28 10:14:00
5648,5648,2,2026-03-22 14:10:00,2026-03-23 19:10:00,2026-03-23 11:50:00,Completed,2026-03-22 14:10:00,2026-03-23 19:10:00
5649,5649,4,2025-09-01 18:49:00,2025-09-04 20:49:00,2025-09-07 09:48:00,Completed,2025-09-01 18:49:00,2025-09-07 09:48:00
5650,5650,4,2025-11-17 11:55:00,2025-11-18 17:55:00,2025-11-25 16:10:00,Completed,2025-11-17 11:55:00,2025-11-25 16:10:00
5651,5651,5,2025-07-30 09:36:00,2025-08-01 15:36:00,,Delivered,2025-07-30 09:36:00,2025-08-01 15:36:00
5652,5652,1,2026-03-14 16:27:00,2026-03-15 17:27:00,2026-03-20 10:45:00,Completed,2026-03-14 16:27:00,2026-03-20 10:45:00
5653,5653,3,2026-03-17 12:21:00,2026-03-20 15:21:00,2026-03-20 15:49:00,Completed,2026-03-17 12:21:00,2026-03-20 15:49:00
5654,5654,3,2025-06-14 15:16:00,2025-06-16 20:16:00,2025-06-25 09:13:00,Completed,2025-06-14 15:16:00,2025-06-25 09:13:00
5655,5655,4,2025-12-25 10:10:00,2025-12-28 11:10:00,2025-12-31 11:04:00,Completed,2025-12-25 10:10:00,2025-12-31 11:04:00
5656,5656,2,2025-07-24 14:46:00,2025-07-27 22:46:00,2025-08-05 11:52:00,Completed,2025-07-24 14:46:00,2025-08-05 11:52:00
5657,5657,2,2026-04-14 16:34:00,2026-04-16 23:34:00,2026-04-15 15:09:00,Completed,2026-04-14 16:34:00,2026-04-16 23:34:00
5658,5658,2,2025-12-09 17:03:00,2025-12-10 23:03:00,,Delivered,2025-12-09 17:03:00,2025-12-10 23:03:00
5659,5659,3,2026-01-03 09:20:00,2026-01-05 10:20:00,,Delivered,2026-01-03 09:20:00,2026-01-05 10:20:00
5660,5660,4,2025-08-16 13:35:00,2025-08-18 16:35:00,2025-08-25 12:16:00,Completed,2025-08-16 13:35:00,2025-08-25 12:16:00
5661,5661,1,2025-09-07 08:58:00,2025-09-08 08:58:00,,Delivered,2025-09-07 08:58:00,2025-09-08 08:58:00
5662,5662,5,2025-11-03 14:36:00,2025-11-06 20:36:00,,Delivered,2025-11-03 14:36:00,2025-11-06 20:36:00
5663,5663,5,2025-12-16 10:30:00,2025-12-17 15:30:00,2026-01-02 16:24:00,Completed,2025-12-16 10:30:00,2026-01-02 16:24:00
5664,5664,5,2026-01-28 09:57:00,2026-01-29 16:57:00,2026-01-31 18:35:00,Completed,2026-01-28 09:57:00,2026-01-31 18:35:00
5665,5665,3,2026-01-26 17:15:00,2026-01-29 19:15:00,2026-01-26 09:47:00,Completed,2026-01-26 17:15:00,2026-01-29 19:15:00
5666,5666,2,2025-06-07 11:21:00,2025-06-09 11:21:00,2025-06-14 14:53:00,Completed,2025-06-07 11:21:00,2025-06-14 14:53:00
5667,5667,1,2026-01-27 14:34:00,2026-01-28 22:34:00,2026-01-28 10:54:00,Completed,2026-01-27 14:34:00,2026-01-28 22:34:00
5668,5668,2,2025-10-13 09:24:00,2025-10-14 10:24:00,2025-10-15 08:18:00,Completed,2025-10-13 09:24:00,2025-10-15 08:18:00
5669,5669,3,2025-10-23 12:14:00,2025-10-25 13:14:00,2025-10-28 17:58:00,Completed,2025-10-23 12:14:00,2025-10-28 17:58:00
5670,5670,4,2026-01-31 08:30:00,2026-02-02 13:30:00,2026-02-01 17:20:00,Completed,2026-01-31 08:30:00,2026-02-02 13:30:00
5671,5671,4,2025-08-28 18:24:00,2025-08-30 02:24:00,2025-09-02 17:16:00,Completed,2025-08-28 18:24:00,2025-09-02 17:16:00
5672,5672,5,2026-02-12 15:52:00,2026-02-13 18:52:00,2026-02-16 18:36:00,Completed,2026-02-12 15:52:00,2026-02-16 18:36:00
5673,5673,2,2026-04-07 11:00:00,2026-04-10 16:00:00,2026-04-22 14:32:00,Completed,2026-04-07 11:00:00,2026-04-22 14:32:00
5674,5674,2,2026-01-07 16:07:00,2026-01-09 22:07:00,2026-01-21 17:58:00,Completed,2026-01-07 16:07:00,2026-01-21 17:58:00
5675,5675,5,2026-05-11 10:45:00,2026-05-13 17:45:00,2026-05-15 16:55:00,Completed,2026-05-11 10:45:00,2026-05-15 16:55:00
5676,5676,3,2025-08-25 12:22:00,2025-08-26 17:22:00,2025-08-31 18:04:00,Completed,2025-08-25 12:22:00,2025-08-31 18:04:00
5677,5677,1,2025-11-21 16:47:00,2025-11-24 18:47:00,2025-11-28 09:20:00,Completed,2025-11-21 16:47:00,2025-11-28 09:20:00
5678,5678,3,2026-04-29 18:36:00,2026-04-30 23:36:00,2026-05-14 18:11:00,Completed,2026-04-29 18:36:00,2026-05-14 18:11:00
5679,5679,3,2026-01-19 11:50:00,2026-01-22 12:50:00,2026-01-22 16:38:00,Completed,2026-01-19 11:50:00,2026-01-22 16:38:00
5680,5680,1,2026-04-28 11:01:00,2026-04-29 18:01:00,2026-04-29 12:58:00,Completed,2026-04-28 11:01:00,2026-04-29 18:01:00
5681,5681,3,2025-08-27 17:58:00,2025-08-28 18:58:00,2025-08-30 12:11:00,Completed,2025-08-27 17:58:00,2025-08-30 12:11:00
5682,5682,3,2026-03-06 17:19:00,2026-03-07 19:19:00,2026-03-14 18:19:00,Completed,2026-03-06 17:19:00,2026-03-14 18:19:00
5683,5683,1,2026-02-03 09:20:00,2026-02-04 10:20:00,2026-02-11 13:33:00,Completed,2026-02-03 09:20:00,2026-02-11 13:33:00
5684,5684,1,2025-12-18 15:43:00,2025-12-20 23:43:00,2025-12-29 18:36:00,Completed,2025-12-18 15:43:00,2025-12-29 18:36:00
5685,5685,5,2025-07-17 17:58:00,2025-07-20 01:58:00,2025-07-20 09:44:00,Completed,2025-07-17 17:58:00,2025-07-20 09:44:00
5686,5686,2,2025-09-10 15:34:00,2025-09-12 17:34:00,2025-09-21 11:27:00,Completed,2025-09-10 15:34:00,2025-09-21 11:27:00
5687,5687,5,2026-02-19 12:16:00,2026-02-22 19:16:00,2026-02-27 17:12:00,Completed,2026-02-19 12:16:00,2026-02-27 17:12:00
5688,5688,3,2025-06-07 10:15:00,2025-06-10 15:15:00,2025-06-11 13:20:00,Completed,2025-06-07 10:15:00,2025-06-11 13:20:00
5689,5689,3,2025-09-13 17:44:00,2025-09-14 17:44:00,2025-09-17 13:15:00,Completed,2025-09-13 17:44:00,2025-09-17 13:15:00
5690,5690,4,2025-07-19 18:00:00,2025-07-23 02:00:00,2025-07-19 14:18:00,Completed,2025-07-19 18:00:00,2025-07-23 02:00:00
5691,5691,1,2026-05-17 17:21:00,2026-05-20 21:21:00,2026-05-24 10:52:00,Completed,2026-05-17 17:21:00,2026-05-24 10:52:00
5692,5692,4,2025-12-08 12:56:00,2025-12-11 17:56:00,2025-12-08 15:19:00,Completed,2025-12-08 12:56:00,2025-12-11 17:56:00
5693,5693,4,2026-04-08 08:08:00,2026-04-10 09:08:00,2026-04-13 17:12:00,Completed,2026-04-08 08:08:00,2026-04-13 17:12:00
5694,5694,4,2026-02-10 15:08:00,2026-02-11 15:08:00,2026-02-25 17:37:00,Completed,2026-02-10 15:08:00,2026-02-25 17:37:00
5695,5695,1,2025-06-07 08:39:00,2025-06-10 08:39:00,2025-06-17 14:41:00,Completed,2025-06-07 08:39:00,2025-06-17 14:41:00
5696,5696,4,2026-03-20 16:53:00,2026-03-21 17:53:00,2026-03-24 13:58:00,Completed,2026-03-20 16:53:00,2026-03-24 13:58:00
5697,5697,2,2025-12-04 11:51:00,2025-12-05 12:51:00,2025-12-04 17:07:00,Completed,2025-12-04 11:51:00,2025-12-05 12:51:00
5698,5698,3,2026-03-17 18:33:00,2026-03-20 20:33:00,2026-03-21 10:36:00,Completed,2026-03-17 18:33:00,2026-03-21 10:36:00
5699,5699,4,2025-08-24 16:37:00,2025-08-25 20:37:00,2025-08-29 16:50:00,Completed,2025-08-24 16:37:00,2025-08-29 16:50:00
5700,5700,1,2025-07-25 14:32:00,2025-07-27 18:32:00,2025-07-28 14:55:00,Completed,2025-07-25 14:32:00,2025-07-28 14:55:00
5701,5701,1,2025-07-11 15:46:00,2025-07-12 16:46:00,2025-07-17 09:02:00,Completed,2025-07-11 15:46:00,2025-07-17 09:02:00
5702,5702,3,2026-01-21 12:43:00,2026-01-22 20:43:00,,Delivered,2026-01-21 12:43:00,2026-01-22 20:43:00
5703,5703,2,2025-11-07 18:12:00,2025-11-11 02:12:00,2025-11-10 09:15:00,Completed,2025-11-07 18:12:00,2025-11-11 02:12:00
5704,5704,3,2025-08-01 15:52:00,2025-08-04 15:52:00,2025-08-02 12:19:00,Completed,2025-08-01 15:52:00,2025-08-04 15:52:00
5705,5705,4,2025-06-22 08:01:00,2025-06-25 08:01:00,2025-06-26 12:45:00,Completed,2025-06-22 08:01:00,2025-06-26 12:45:00
5706,5706,2,2026-03-06 14:38:00,2026-03-09 17:38:00,2026-03-21 15:01:00,Completed,2026-03-06 14:38:00,2026-03-21 15:01:00
5707,5707,4,2026-01-26 15:39:00,2026-01-28 23:39:00,2026-02-11 16:28:00,Completed,2026-01-26 15:39:00,2026-02-11 16:28:00
5708,5708,1,2026-03-25 16:09:00,2026-03-28 16:09:00,2026-04-01 15:46:00,Completed,2026-03-25 16:09:00,2026-04-01 15:46:00
5709,5709,5,2025-06-13 16:53:00,2025-06-15 19:53:00,,Delivered,2025-06-13 16:53:00,2025-06-15 19:53:00
5710,5710,1,2025-11-03 14:11:00,2025-11-04 19:11:00,2025-11-12 13:47:00,Completed,2025-11-03 14:11:00,2025-11-12 13:47:00
5711,5711,4,2026-03-12 12:13:00,2026-03-14 17:13:00,2026-03-15 12:21:00,Completed,2026-03-12 12:13:00,2026-03-15 12:21:00
5712,5712,2,2025-12-21 14:08:00,2025-12-24 22:08:00,2026-01-04 09:56:00,Completed,2025-12-21 14:08:00,2026-01-04 09:56:00
5713,5713,1,2026-03-14 18:59:00,2026-03-18 01:59:00,2026-03-14 11:07:00,Completed,2026-03-14 18:59:00,2026-03-18 01:59:00
5714,5714,1,2025-09-24 11:37:00,2025-09-27 15:37:00,2025-09-30 18:12:00,Completed,2025-09-24 11:37:00,2025-09-30 18:12:00
5715,5715,3,2025-07-21 14:58:00,2025-07-22 22:58:00,2025-08-06 12:59:00,Completed,2025-07-21 14:58:00,2025-08-06 12:59:00
5716,5716,2,2025-07-29 13:15:00,2025-08-01 18:15:00,2025-08-02 17:35:00,Completed,2025-07-29 13:15:00,2025-08-02 17:35:00
5717,5717,1,2026-01-01 10:27:00,2026-01-04 17:27:00,2026-01-04 18:46:00,Completed,2026-01-01 10:27:00,2026-01-04 18:46:00
5718,5718,4,2025-12-03 18:28:00,2025-12-07 00:28:00,2025-12-10 13:11:00,Completed,2025-12-03 18:28:00,2025-12-10 13:11:00
5719,5719,3,2025-10-14 12:24:00,2025-10-15 13:24:00,2025-10-14 08:21:00,Completed,2025-10-14 12:24:00,2025-10-15 13:24:00
5720,5720,3,2026-04-06 11:25:00,2026-04-08 13:25:00,2026-04-13 16:47:00,Completed,2026-04-06 11:25:00,2026-04-13 16:47:00
5721,5721,4,2025-08-03 16:24:00,2025-08-06 16:24:00,2025-08-07 17:10:00,Completed,2025-08-03 16:24:00,2025-08-07 17:10:00
5722,5722,4,2025-06-10 12:56:00,2025-06-13 17:56:00,,Delivered,2025-06-10 12:56:00,2025-06-13 17:56:00
5723,5723,1,2026-05-01 12:57:00,2026-05-03 16:57:00,2026-05-11 14:52:00,Completed,2026-05-01 12:57:00,2026-05-11 14:52:00
5724,5724,1,2026-03-01 15:29:00,2026-03-04 23:29:00,2026-03-02 14:48:00,Completed,2026-03-01 15:29:00,2026-03-04 23:29:00
5725,5725,2,2026-05-12 12:03:00,2026-05-15 14:03:00,2026-05-15 11:42:00,Completed,2026-05-12 12:03:00,2026-05-15 14:03:00
5726,5726,1,2026-04-07 15:02:00,2026-04-08 18:02:00,2026-04-18 14:10:00,Completed,2026-04-07 15:02:00,2026-04-18 14:10:00
5727,5727,5,2026-03-29 09:44:00,2026-03-31 14:44:00,2026-04-05 12:17:00,Completed,2026-03-29 09:44:00,2026-04-05 12:17:00
5728,5728,1,2026-02-02 16:07:00,2026-02-03 19:07:00,2026-02-06 10:06:00,Completed,2026-02-02 16:07:00,2026-02-06 10:06:00
5729,5729,1,2025-07-04 11:14:00,2025-07-06 12:14:00,2025-07-06 17:56:00,Completed,2025-07-04 11:14:00,2025-07-06 17:56:00
5730,5730,5,2025-07-10 15:48:00,2025-07-12 18:48:00,2025-07-16 14:56:00,Completed,2025-07-10 15:48:00,2025-07-16 14:56:00
5731,5731,4,2026-04-26 10:37:00,2026-04-29 18:37:00,2026-05-01 18:02:00,Completed,2026-04-26 10:37:00,2026-05-01 18:02:00
5732,5732,4,2025-11-07 12:34:00,2025-11-10 17:34:00,,Delivered,2025-11-07 12:34:00,2025-11-10 17:34:00
5733,5733,4,2026-04-09 09:42:00,2026-04-12 15:42:00,2026-04-09 11:18:00,Completed,2026-04-09 09:42:00,2026-04-12 15:42:00
5734,5734,3,2025-10-22 12:06:00,2025-10-25 13:06:00,2025-10-28 12:29:00,Completed,2025-10-22 12:06:00,2025-10-28 12:29:00
5735,5735,4,2025-11-16 12:34:00,2025-11-17 19:34:00,2025-11-16 17:40:00,Completed,2025-11-16 12:34:00,2025-11-17 19:34:00
5736,5736,4,2026-04-11 09:31:00,2026-04-14 16:31:00,2026-04-23 16:08:00,Completed,2026-04-11 09:31:00,2026-04-23 16:08:00
5737,5737,3,2026-02-15 17:17:00,2026-02-16 19:17:00,2026-02-28 12:44:00,Completed,2026-02-15 17:17:00,2026-02-28 12:44:00
5738,5738,5,2026-03-28 12:50:00,2026-03-29 15:50:00,2026-04-02 16:46:00,Completed,2026-03-28 12:50:00,2026-04-02 16:46:00
5739,5739,4,2025-12-01 14:05:00,2025-12-04 15:05:00,2025-12-12 16:51:00,Completed,2025-12-01 14:05:00,2025-12-12 16:51:00
5740,5740,2,2025-10-11 18:56:00,2025-10-13 00:56:00,,Delivered,2025-10-11 18:56:00,2025-10-13 00:56:00
5741,5741,3,2025-09-20 14:33:00,2025-09-22 18:33:00,2025-09-27 14:44:00,Completed,2025-09-20 14:33:00,2025-09-27 14:44:00
5742,5742,2,2025-07-30 12:28:00,2025-07-31 16:28:00,,Delivered,2025-07-30 12:28:00,2025-07-31 16:28:00
5743,5743,5,2025-07-14 15:05:00,2025-07-15 16:05:00,2025-07-26 16:18:00,Completed,2025-07-14 15:05:00,2025-07-26 16:18:00
5744,5744,1,2026-01-11 11:01:00,2026-01-12 19:01:00,2026-01-27 18:44:00,Completed,2026-01-11 11:01:00,2026-01-27 18:44:00
5745,5745,3,2025-08-04 08:19:00,2025-08-06 12:19:00,2025-08-10 13:04:00,Completed,2025-08-04 08:19:00,2025-08-10 13:04:00
5746,5746,5,2025-09-29 16:00:00,2025-10-01 00:00:00,,Delivered,2025-09-29 16:00:00,2025-10-01 00:00:00
5747,5747,2,2025-07-02 15:52:00,2025-07-05 16:52:00,2025-07-03 14:02:00,Completed,2025-07-02 15:52:00,2025-07-05 16:52:00
5748,5748,5,2025-09-30 12:46:00,2025-10-03 20:46:00,2025-10-13 16:25:00,Completed,2025-09-30 12:46:00,2025-10-13 16:25:00
5749,5749,3,2026-05-07 14:11:00,2026-05-10 22:11:00,2026-05-09 11:14:00,Completed,2026-05-07 14:11:00,2026-05-10 22:11:00
5750,5750,3,2025-10-09 08:14:00,2025-10-12 09:14:00,2025-10-14 08:50:00,Completed,2025-10-09 08:14:00,2025-10-14 08:50:00
5751,5751,4,2025-07-28 14:27:00,2025-07-30 15:27:00,2025-08-01 14:41:00,Completed,2025-07-28 14:27:00,2025-08-01 14:41:00
5752,5752,5,2026-05-10 09:16:00,2026-05-12 15:16:00,2026-05-11 18:33:00,Completed,2026-05-10 09:16:00,2026-05-12 15:16:00
5753,5753,5,2025-07-25 13:20:00,2025-07-28 21:20:00,2025-07-29 10:11:00,Completed,2025-07-25 13:20:00,2025-07-29 10:11:00
5754,5754,3,2025-12-30 14:11:00,2026-01-02 16:11:00,2026-01-12 10:20:00,Completed,2025-12-30 14:11:00,2026-01-12 10:20:00
5755,5755,3,2025-11-10 14:01:00,2025-11-13 17:01:00,2025-11-18 15:03:00,Completed,2025-11-10 14:01:00,2025-11-18 15:03:00
5756,5756,1,2025-12-29 12:27:00,2025-12-30 14:27:00,2025-12-31 17:08:00,Completed,2025-12-29 12:27:00,2025-12-31 17:08:00
5757,5757,4,2026-04-28 10:13:00,2026-05-01 12:13:00,2026-05-02 12:47:00,Completed,2026-04-28 10:13:00,2026-05-02 12:47:00
5758,5758,1,2025-07-23 08:56:00,2025-07-26 11:56:00,2025-07-25 15:15:00,Completed,2025-07-23 08:56:00,2025-07-26 11:56:00
5759,5759,5,2026-01-16 13:45:00,2026-01-18 13:45:00,2026-01-20 12:31:00,Completed,2026-01-16 13:45:00,2026-01-20 12:31:00
5760,5760,4,2026-04-12 14:27:00,2026-04-15 22:27:00,2026-04-15 12:21:00,Completed,2026-04-12 14:27:00,2026-04-15 22:27:00
5761,5761,5,2026-02-25 12:13:00,2026-02-26 14:13:00,2026-03-07 16:55:00,Completed,2026-02-25 12:13:00,2026-03-07 16:55:00
5762,5762,3,2026-05-05 10:27:00,2026-05-08 18:27:00,2026-05-12 17:23:00,Completed,2026-05-05 10:27:00,2026-05-12 17:23:00
5763,5763,2,2026-01-08 12:02:00,2026-01-09 15:02:00,2026-01-09 08:05:00,Completed,2026-01-08 12:02:00,2026-01-09 15:02:00
5764,5764,4,2026-05-19 17:30:00,2026-05-23 01:30:00,2026-05-29 10:34:00,Completed,2026-05-19 17:30:00,2026-05-29 10:34:00
5765,5765,1,2025-10-15 11:55:00,2025-10-18 13:55:00,2025-10-17 14:09:00,Completed,2025-10-15 11:55:00,2025-10-18 13:55:00
5766,5766,5,2025-08-08 18:40:00,2025-08-11 22:40:00,2025-08-15 11:01:00,Completed,2025-08-08 18:40:00,2025-08-15 11:01:00
5767,5767,4,2025-10-24 12:41:00,2025-10-25 14:41:00,2025-11-02 12:23:00,Completed,2025-10-24 12:41:00,2025-11-02 12:23:00
5768,5768,3,2025-10-12 13:40:00,2025-10-14 16:40:00,2025-10-14 14:14:00,Completed,2025-10-12 13:40:00,2025-10-14 16:40:00
5769,5769,2,2026-05-10 15:02:00,2026-05-13 19:02:00,2026-05-16 11:07:00,Completed,2026-05-10 15:02:00,2026-05-16 11:07:00
5770,5770,3,2026-02-17 18:27:00,2026-02-20 21:27:00,2026-02-26 17:26:00,Completed,2026-02-17 18:27:00,2026-02-26 17:26:00
5771,5771,1,2025-08-06 08:31:00,2025-08-09 11:31:00,2025-08-16 10:44:00,Completed,2025-08-06 08:31:00,2025-08-16 10:44:00
5772,5772,3,2025-08-24 11:12:00,2025-08-25 17:12:00,2025-09-13 14:42:00,Completed,2025-08-24 11:12:00,2025-09-13 14:42:00
5773,5773,2,2025-06-21 12:26:00,2025-06-23 16:26:00,2025-06-21 08:02:00,Completed,2025-06-21 12:26:00,2025-06-23 16:26:00
5774,5774,4,2025-10-28 10:21:00,2025-10-30 11:21:00,,Delivered,2025-10-28 10:21:00,2025-10-30 11:21:00
5775,5775,3,2026-05-06 09:26:00,2026-05-08 12:26:00,2026-05-15 12:42:00,Completed,2026-05-06 09:26:00,2026-05-15 12:42:00
5776,5776,4,2025-11-06 08:49:00,2025-11-09 16:49:00,2025-11-22 11:48:00,Completed,2025-11-06 08:49:00,2025-11-22 11:48:00
5777,5777,1,2026-03-27 14:50:00,2026-03-28 17:50:00,2026-03-29 14:54:00,Completed,2026-03-27 14:50:00,2026-03-29 14:54:00
5778,5778,2,2025-07-10 17:13:00,2025-07-12 21:13:00,2025-07-16 10:00:00,Completed,2025-07-10 17:13:00,2025-07-16 10:00:00
5779,5779,1,2026-04-24 08:28:00,2026-04-26 13:28:00,2026-05-08 17:02:00,Completed,2026-04-24 08:28:00,2026-05-08 17:02:00
5780,5780,5,2026-01-09 17:33:00,2026-01-11 21:33:00,2026-01-11 18:43:00,Completed,2026-01-09 17:33:00,2026-01-11 21:33:00
5781,5781,4,2025-10-09 08:57:00,2025-10-11 10:57:00,2025-10-21 14:05:00,Completed,2025-10-09 08:57:00,2025-10-21 14:05:00
5782,5782,1,2026-03-02 11:29:00,2026-03-04 15:29:00,2026-03-26 18:37:00,Completed,2026-03-02 11:29:00,2026-03-26 18:37:00
5783,5783,5,2025-08-14 13:05:00,2025-08-15 17:05:00,2025-08-18 12:58:00,Completed,2025-08-14 13:05:00,2025-08-18 12:58:00
5784,5784,3,2025-12-21 15:17:00,2025-12-23 18:17:00,2025-12-26 13:27:00,Completed,2025-12-21 15:17:00,2025-12-26 13:27:00
5785,5785,5,2026-03-15 12:47:00,2026-03-17 19:47:00,2026-03-24 09:58:00,Completed,2026-03-15 12:47:00,2026-03-24 09:58:00
5786,5786,4,2025-08-06 16:20:00,2025-08-08 00:20:00,2025-08-12 17:19:00,Completed,2025-08-06 16:20:00,2025-08-12 17:19:00
5787,5787,1,2026-01-17 11:03:00,2026-01-18 15:03:00,,Delivered,2026-01-17 11:03:00,2026-01-18 15:03:00
5788,5788,1,2025-11-19 13:46:00,2025-11-22 14:46:00,2025-11-23 15:41:00,Completed,2025-11-19 13:46:00,2025-11-23 15:41:00
5789,5789,1,2026-04-30 08:39:00,2026-05-03 11:39:00,2026-05-14 10:06:00,Completed,2026-04-30 08:39:00,2026-05-14 10:06:00
5790,5790,2,2025-11-22 15:23:00,2025-11-23 23:23:00,2025-11-22 08:18:00,Completed,2025-11-22 15:23:00,2025-11-23 23:23:00
5791,5791,1,2025-11-18 11:52:00,2025-11-21 13:52:00,2025-12-05 14:42:00,Completed,2025-11-18 11:52:00,2025-12-05 14:42:00
5792,5792,3,2025-06-28 11:04:00,2025-07-01 12:04:00,2025-07-05 14:40:00,Completed,2025-06-28 11:04:00,2025-07-05 14:40:00
5793,5793,4,2025-11-23 13:07:00,2025-11-26 16:07:00,2025-12-01 12:17:00,Completed,2025-11-23 13:07:00,2025-12-01 12:17:00
5794,5794,4,2026-01-10 17:35:00,2026-01-12 22:35:00,2026-01-10 08:24:00,Completed,2026-01-10 17:35:00,2026-01-12 22:35:00
5795,5795,2,2025-12-03 18:25:00,2025-12-05 19:25:00,2025-12-04 12:21:00,Completed,2025-12-03 18:25:00,2025-12-05 19:25:00
5796,5796,3,2025-06-06 12:09:00,2025-06-09 14:09:00,2025-06-07 12:45:00,Completed,2025-06-06 12:09:00,2025-06-09 14:09:00
5797,5797,4,2026-05-04 16:18:00,2026-05-05 21:18:00,2026-05-11 11:20:00,Completed,2026-05-04 16:18:00,2026-05-11 11:20:00
5798,5798,2,2026-01-07 08:38:00,2026-01-10 15:38:00,2026-01-10 14:23:00,Completed,2026-01-07 08:38:00,2026-01-10 15:38:00
5799,5799,3,2026-05-08 08:27:00,2026-05-10 14:27:00,2026-05-08 14:20:00,Completed,2026-05-08 08:27:00,2026-05-10 14:27:00
5800,5800,5,2025-11-05 10:04:00,2025-11-08 16:04:00,,Delivered,2025-11-05 10:04:00,2025-11-08 16:04:00
5801,5801,2,2025-11-08 09:39:00,2025-11-09 13:39:00,2025-11-27 15:12:00,Completed,2025-11-08 09:39:00,2025-11-27 15:12:00
5802,5802,4,2026-02-13 09:36:00,2026-02-16 17:36:00,2026-02-19 13:52:00,Completed,2026-02-13 09:36:00,2026-02-19 13:52:00
5803,5803,4,2025-12-26 12:09:00,2025-12-29 15:09:00,,Delivered,2025-12-26 12:09:00,2025-12-29 15:09:00
5804,5804,2,2025-07-20 15:38:00,2025-07-23 23:38:00,2025-08-07 09:05:00,Completed,2025-07-20 15:38:00,2025-08-07 09:05:00
5805,5805,3,2025-09-18 14:28:00,2025-09-19 21:28:00,2025-09-24 12:13:00,Completed,2025-09-18 14:28:00,2025-09-24 12:13:00
5806,5806,3,2026-03-20 16:45:00,2026-03-23 00:45:00,2026-03-25 17:07:00,Completed,2026-03-20 16:45:00,2026-03-25 17:07:00
5807,5807,3,2026-05-08 14:31:00,2026-05-10 18:31:00,2026-05-17 16:05:00,Completed,2026-05-08 14:31:00,2026-05-17 16:05:00
5808,5808,2,2026-05-28 08:35:00,2026-05-30 09:35:00,2026-06-11 18:14:00,Completed,2026-05-28 08:35:00,2026-06-11 18:14:00
5809,5809,1,2026-04-04 12:11:00,2026-04-06 20:11:00,2026-04-07 10:53:00,Completed,2026-04-04 12:11:00,2026-04-07 10:53:00
5810,5810,3,2026-02-10 10:50:00,2026-02-11 10:50:00,2026-02-13 15:07:00,Completed,2026-02-10 10:50:00,2026-02-13 15:07:00
5811,5811,1,2025-06-17 16:31:00,2025-06-19 18:31:00,2025-07-05 10:59:00,Completed,2025-06-17 16:31:00,2025-07-05 10:59:00
5812,5812,5,2026-01-22 16:20:00,2026-01-24 17:20:00,2026-01-24 09:16:00,Completed,2026-01-22 16:20:00,2026-01-24 17:20:00
5813,5813,1,2026-04-30 17:24:00,2026-05-01 21:24:00,2026-05-04 10:25:00,Completed,2026-04-30 17:24:00,2026-05-04 10:25:00
5814,5814,3,2025-07-14 10:16:00,2025-07-17 11:16:00,2025-07-24 15:01:00,Completed,2025-07-14 10:16:00,2025-07-24 15:01:00
5815,5815,3,2025-11-11 11:23:00,2025-11-14 11:23:00,2025-11-22 13:04:00,Completed,2025-11-11 11:23:00,2025-11-22 13:04:00
5816,5816,5,2025-08-10 10:00:00,2025-08-11 16:00:00,2025-08-13 18:11:00,Completed,2025-08-10 10:00:00,2025-08-13 18:11:00
5817,5817,4,2025-09-15 09:56:00,2025-09-16 10:56:00,2025-09-16 15:51:00,Completed,2025-09-15 09:56:00,2025-09-16 15:51:00
5818,5818,3,2026-02-12 11:02:00,2026-02-15 12:02:00,2026-02-22 13:04:00,Completed,2026-02-12 11:02:00,2026-02-22 13:04:00
5819,5819,4,2025-11-20 09:23:00,2025-11-23 13:23:00,2025-12-04 14:26:00,Completed,2025-11-20 09:23:00,2025-12-04 14:26:00
5820,5820,4,2025-10-03 16:17:00,2025-10-06 20:17:00,2025-10-04 12:29:00,Completed,2025-10-03 16:17:00,2025-10-06 20:17:00
5821,5821,2,2025-11-10 15:38:00,2025-11-12 15:38:00,2025-11-19 14:14:00,Completed,2025-11-10 15:38:00,2025-11-19 14:14:00
5822,5822,1,2026-02-01 14:57:00,2026-02-02 19:57:00,2026-02-06 12:07:00,Completed,2026-02-01 14:57:00,2026-02-06 12:07:00
5823,5823,3,2026-05-22 15:47:00,2026-05-23 21:47:00,2026-05-23 11:46:00,Completed,2026-05-22 15:47:00,2026-05-23 21:47:00
5824,5824,2,2025-07-31 15:41:00,2025-08-01 22:41:00,2025-08-04 16:31:00,Completed,2025-07-31 15:41:00,2025-08-04 16:31:00
5825,5825,5,2026-02-01 16:50:00,2026-02-03 19:50:00,2026-02-10 18:14:00,Completed,2026-02-01 16:50:00,2026-02-10 18:14:00
5826,5826,3,2025-06-29 09:09:00,2025-07-01 17:09:00,2025-07-03 11:36:00,Completed,2025-06-29 09:09:00,2025-07-03 11:36:00
5827,5827,3,2026-01-11 12:54:00,2026-01-13 16:54:00,2026-01-13 11:58:00,Completed,2026-01-11 12:54:00,2026-01-13 16:54:00
5828,5828,4,2026-03-18 13:21:00,2026-03-20 19:21:00,2026-03-28 12:06:00,Completed,2026-03-18 13:21:00,2026-03-28 12:06:00
5829,5829,5,2025-08-14 16:38:00,2025-08-17 19:38:00,2025-08-22 12:18:00,Completed,2025-08-14 16:38:00,2025-08-22 12:18:00
5830,5830,3,2025-08-04 08:27:00,2025-08-07 10:27:00,2025-08-11 14:12:00,Completed,2025-08-04 08:27:00,2025-08-11 14:12:00
5831,5831,5,2026-01-08 14:24:00,2026-01-11 18:24:00,2026-01-14 15:55:00,Completed,2026-01-08 14:24:00,2026-01-14 15:55:00
5832,5832,5,2025-07-05 12:38:00,2025-07-06 15:38:00,2025-07-19 08:53:00,Completed,2025-07-05 12:38:00,2025-07-19 08:53:00
5833,5833,4,2025-12-13 17:40:00,2025-12-15 18:40:00,,Delivered,2025-12-13 17:40:00,2025-12-15 18:40:00
5834,5834,4,2026-01-11 14:05:00,2026-01-12 20:05:00,2026-01-14 14:09:00,Completed,2026-01-11 14:05:00,2026-01-14 14:09:00
5835,5835,3,2026-03-31 18:03:00,2026-04-04 02:03:00,2026-04-02 17:26:00,Completed,2026-03-31 18:03:00,2026-04-04 02:03:00
5836,5836,2,2025-12-07 14:55:00,2025-12-08 18:55:00,2025-12-08 16:46:00,Completed,2025-12-07 14:55:00,2025-12-08 18:55:00
5837,5837,4,2025-08-14 15:40:00,2025-08-17 16:40:00,2025-08-14 15:00:00,Completed,2025-08-14 15:40:00,2025-08-17 16:40:00
5838,5838,4,2026-05-11 11:55:00,2026-05-13 14:55:00,2026-05-15 17:53:00,Completed,2026-05-11 11:55:00,2026-05-15 17:53:00
5839,5839,4,2026-01-22 14:14:00,2026-01-24 18:14:00,,Delivered,2026-01-22 14:14:00,2026-01-24 18:14:00
5840,5840,2,2025-06-27 10:25:00,2025-06-30 10:25:00,2025-07-01 17:35:00,Completed,2025-06-27 10:25:00,2025-07-01 17:35:00
5841,5841,1,2026-01-27 16:26:00,2026-01-29 21:26:00,2026-02-03 17:12:00,Completed,2026-01-27 16:26:00,2026-02-03 17:12:00
5842,5842,3,2026-01-05 09:04:00,2026-01-07 09:04:00,2026-01-10 09:15:00,Completed,2026-01-05 09:04:00,2026-01-10 09:15:00
5843,5843,3,2026-05-04 18:40:00,2026-05-06 21:40:00,2026-05-18 15:00:00,Completed,2026-05-04 18:40:00,2026-05-18 15:00:00
5844,5844,2,2026-01-19 18:12:00,2026-01-23 02:12:00,,Delivered,2026-01-19 18:12:00,2026-01-23 02:12:00
5845,5845,3,2026-03-13 12:33:00,2026-03-16 15:33:00,2026-03-31 18:37:00,Completed,2026-03-13 12:33:00,2026-03-31 18:37:00
5846,5846,1,2025-10-01 17:59:00,2025-10-03 20:59:00,2025-10-14 17:15:00,Completed,2025-10-01 17:59:00,2025-10-14 17:15:00
5847,5847,5,2026-04-19 08:05:00,2026-04-21 10:05:00,2026-04-24 12:35:00,Completed,2026-04-19 08:05:00,2026-04-24 12:35:00
5848,5848,4,2026-04-02 15:41:00,2026-04-05 16:41:00,2026-04-05 14:08:00,Completed,2026-04-02 15:41:00,2026-04-05 16:41:00
5849,5849,2,2025-09-04 18:53:00,2025-09-06 00:53:00,2025-09-08 09:20:00,Completed,2025-09-04 18:53:00,2025-09-08 09:20:00
5850,5850,3,2026-04-23 08:12:00,2026-04-25 11:12:00,2026-04-28 18:24:00,Completed,2026-04-23 08:12:00,2026-04-28 18:24:00
5851,5851,5,2025-09-11 15:46:00,2025-09-13 20:46:00,2025-09-19 13:03:00,Completed,2025-09-11 15:46:00,2025-09-19 13:03:00
5852,5852,2,2026-04-29 17:21:00,2026-05-01 01:21:00,2026-05-04 13:21:00,Completed,2026-04-29 17:21:00,2026-05-04 13:21:00
5853,5853,4,2026-03-04 10:28:00,2026-03-06 17:28:00,,Delivered,2026-03-04 10:28:00,2026-03-06 17:28:00
5854,5854,1,2025-12-12 10:16:00,2025-12-14 18:16:00,2025-12-13 17:17:00,Completed,2025-12-12 10:16:00,2025-12-14 18:16:00
5855,5855,3,2025-10-06 18:50:00,2025-10-08 00:50:00,2025-10-14 16:16:00,Completed,2025-10-06 18:50:00,2025-10-14 16:16:00
5856,5856,2,2026-05-16 14:23:00,2026-05-19 15:23:00,2026-06-01 11:30:00,Completed,2026-05-16 14:23:00,2026-06-01 11:30:00
5857,5857,1,2025-12-02 08:41:00,2025-12-05 09:41:00,2025-12-05 11:24:00,Completed,2025-12-02 08:41:00,2025-12-05 11:24:00
5858,5858,5,2025-09-07 09:19:00,2025-09-08 12:19:00,2025-09-22 15:17:00,Completed,2025-09-07 09:19:00,2025-09-22 15:17:00
5859,5859,5,2026-04-03 13:56:00,2026-04-04 19:56:00,2026-04-16 11:06:00,Completed,2026-04-03 13:56:00,2026-04-16 11:06:00
5860,5860,5,2026-05-03 16:29:00,2026-05-05 19:29:00,2026-05-08 11:13:00,Completed,2026-05-03 16:29:00,2026-05-08 11:13:00
5861,5861,3,2025-08-26 13:55:00,2025-08-28 19:55:00,2025-08-27 18:23:00,Completed,2025-08-26 13:55:00,2025-08-28 19:55:00
5862,5862,2,2026-01-31 13:46:00,2026-02-02 19:46:00,2026-02-08 18:45:00,Completed,2026-01-31 13:46:00,2026-02-08 18:45:00
5863,5863,4,2026-01-21 16:21:00,2026-01-22 16:21:00,2026-01-24 11:35:00,Completed,2026-01-21 16:21:00,2026-01-24 11:35:00
5864,5864,1,2025-12-05 17:01:00,2025-12-07 23:01:00,2025-12-12 08:26:00,Completed,2025-12-05 17:01:00,2025-12-12 08:26:00
5865,5865,2,2026-02-28 14:53:00,2026-03-02 19:53:00,2026-03-05 16:06:00,Completed,2026-02-28 14:53:00,2026-03-05 16:06:00
5866,5866,4,2025-11-27 12:04:00,2025-11-28 13:04:00,2025-12-02 18:49:00,Completed,2025-11-27 12:04:00,2025-12-02 18:49:00
5867,5867,2,2026-04-22 15:32:00,2026-04-23 20:32:00,2026-05-02 14:08:00,Completed,2026-04-22 15:32:00,2026-05-02 14:08:00
5868,5868,2,2025-07-19 10:23:00,2025-07-22 18:23:00,2025-07-21 11:16:00,Completed,2025-07-19 10:23:00,2025-07-22 18:23:00
5869,5869,1,2026-02-15 12:43:00,2026-02-17 15:43:00,2026-02-24 13:17:00,Completed,2026-02-15 12:43:00,2026-02-24 13:17:00
5870,5870,4,2025-08-23 15:56:00,2025-08-26 23:56:00,2025-08-23 11:04:00,Completed,2025-08-23 15:56:00,2025-08-26 23:56:00
5871,5871,1,2025-12-26 14:01:00,2025-12-27 16:01:00,2025-12-27 14:18:00,Completed,2025-12-26 14:01:00,2025-12-27 16:01:00
5872,5872,5,2025-11-08 18:15:00,2025-11-09 22:15:00,2025-11-18 09:37:00,Completed,2025-11-08 18:15:00,2025-11-18 09:37:00
5873,5873,2,2026-01-26 15:23:00,2026-01-29 20:23:00,2026-02-06 14:06:00,Completed,2026-01-26 15:23:00,2026-02-06 14:06:00
5874,5874,2,2026-02-25 14:29:00,2026-02-27 14:29:00,2026-03-11 10:11:00,Completed,2026-02-25 14:29:00,2026-03-11 10:11:00
5875,5875,2,2025-12-16 13:27:00,2025-12-19 18:27:00,2025-12-16 18:51:00,Completed,2025-12-16 13:27:00,2025-12-19 18:27:00
5876,5876,3,2025-08-07 10:59:00,2025-08-09 16:59:00,2025-08-10 08:51:00,Completed,2025-08-07 10:59:00,2025-08-10 08:51:00
5877,5877,3,2026-01-09 11:51:00,2026-01-12 17:51:00,2026-01-16 11:27:00,Completed,2026-01-09 11:51:00,2026-01-16 11:27:00
5878,5878,1,2025-12-06 14:06:00,2025-12-09 16:06:00,2025-12-12 11:14:00,Completed,2025-12-06 14:06:00,2025-12-12 11:14:00
5879,5879,4,2025-11-21 14:52:00,2025-11-23 19:52:00,2025-11-24 15:55:00,Completed,2025-11-21 14:52:00,2025-11-24 15:55:00
5880,5880,1,2026-01-18 09:47:00,2026-01-19 13:47:00,2026-01-31 09:19:00,Completed,2026-01-18 09:47:00,2026-01-31 09:19:00
5881,5881,2,2025-09-12 08:53:00,2025-09-15 14:53:00,2025-09-14 17:37:00,Completed,2025-09-12 08:53:00,2025-09-15 14:53:00
5882,5882,5,2025-11-05 18:36:00,2025-11-08 21:36:00,2025-11-16 12:21:00,Completed,2025-11-05 18:36:00,2025-11-16 12:21:00
5883,5883,5,2025-10-19 18:08:00,2025-10-20 19:08:00,2025-10-27 09:46:00,Completed,2025-10-19 18:08:00,2025-10-27 09:46:00
5884,5884,3,2025-12-03 08:48:00,2025-12-05 11:48:00,2025-12-20 12:15:00,Completed,2025-12-03 08:48:00,2025-12-20 12:15:00
5885,5885,5,2025-07-06 13:30:00,2025-07-08 17:30:00,2025-07-12 17:21:00,Completed,2025-07-06 13:30:00,2025-07-12 17:21:00
5886,5886,5,2026-03-05 11:05:00,2026-03-07 19:05:00,2026-03-15 11:02:00,Completed,2026-03-05 11:05:00,2026-03-15 11:02:00
5887,5887,3,2025-07-07 09:25:00,2025-07-09 15:25:00,2025-07-20 11:22:00,Completed,2025-07-07 09:25:00,2025-07-20 11:22:00
5888,5888,1,2025-09-07 15:33:00,2025-09-09 19:33:00,2025-09-24 18:22:00,Completed,2025-09-07 15:33:00,2025-09-24 18:22:00
5889,5889,2,2026-01-10 08:56:00,2026-01-12 08:56:00,2026-01-15 10:24:00,Completed,2026-01-10 08:56:00,2026-01-15 10:24:00
5890,5890,3,2025-06-23 13:38:00,2025-06-25 16:38:00,2025-07-10 14:13:00,Completed,2025-06-23 13:38:00,2025-07-10 14:13:00
5891,5891,4,2025-06-12 11:59:00,2025-06-13 19:59:00,2025-06-18 18:40:00,Completed,2025-06-12 11:59:00,2025-06-18 18:40:00
5892,5892,2,2025-07-30 13:24:00,2025-08-02 15:24:00,2025-08-06 09:15:00,Completed,2025-07-30 13:24:00,2025-08-06 09:15:00
5893,5893,2,2025-12-16 16:18:00,2025-12-18 23:18:00,2025-12-17 15:14:00,Completed,2025-12-16 16:18:00,2025-12-18 23:18:00
5894,5894,3,2026-03-15 11:40:00,2026-03-18 16:40:00,2026-03-29 12:02:00,Completed,2026-03-15 11:40:00,2026-03-29 12:02:00
5895,5895,4,2025-08-28 15:30:00,2025-08-31 16:30:00,2025-09-04 16:46:00,Completed,2025-08-28 15:30:00,2025-09-04 16:46:00
5896,5896,3,2025-06-19 17:56:00,2025-06-20 19:56:00,2025-06-20 11:33:00,Completed,2025-06-19 17:56:00,2025-06-20 19:56:00
5897,5897,5,2026-03-16 11:31:00,2026-03-17 13:31:00,2026-04-06 09:41:00,Completed,2026-03-16 11:31:00,2026-04-06 09:41:00
5898,5898,3,2025-07-17 16:22:00,2025-07-18 21:22:00,,Delivered,2025-07-17 16:22:00,2025-07-18 21:22:00
5899,5899,3,2025-10-23 11:46:00,2025-10-25 15:46:00,2025-11-06 11:03:00,Completed,2025-10-23 11:46:00,2025-11-06 11:03:00
5900,5900,1,2025-09-25 13:00:00,2025-09-27 14:00:00,,Delivered,2025-09-25 13:00:00,2025-09-27 14:00:00
5901,5901,3,2025-12-27 10:26:00,2025-12-30 14:26:00,2026-01-04 12:42:00,Completed,2025-12-27 10:26:00,2026-01-04 12:42:00
5902,5902,4,2025-09-11 12:57:00,2025-09-14 15:57:00,,Delivered,2025-09-11 12:57:00,2025-09-14 15:57:00
5903,5903,2,2026-01-05 12:50:00,2026-01-06 19:50:00,2026-01-10 14:01:00,Completed,2026-01-05 12:50:00,2026-01-10 14:01:00
5904,5904,1,2025-11-12 13:58:00,2025-11-13 15:58:00,2025-11-19 09:26:00,Completed,2025-11-12 13:58:00,2025-11-19 09:26:00
5905,5905,4,2026-04-24 10:01:00,2026-04-27 16:01:00,2026-05-10 08:45:00,Completed,2026-04-24 10:01:00,2026-05-10 08:45:00
5906,5906,3,2025-06-12 08:36:00,2025-06-13 11:36:00,2025-06-25 08:07:00,Completed,2025-06-12 08:36:00,2025-06-25 08:07:00
5907,5907,2,2025-09-19 16:34:00,2025-09-22 18:34:00,2025-10-04 13:03:00,Completed,2025-09-19 16:34:00,2025-10-04 13:03:00
5908,5908,2,2026-01-09 16:52:00,2026-01-11 16:52:00,2026-01-12 16:06:00,Completed,2026-01-09 16:52:00,2026-01-12 16:06:00
5909,5909,2,2025-11-03 13:36:00,2025-11-05 20:36:00,2025-11-09 09:57:00,Completed,2025-11-03 13:36:00,2025-11-09 09:57:00
5910,5910,1,2025-09-17 17:21:00,2025-09-19 19:21:00,2025-09-21 14:32:00,Completed,2025-09-17 17:21:00,2025-09-21 14:32:00
5911,5911,4,2026-03-20 09:46:00,2026-03-21 16:46:00,2026-04-02 11:56:00,Completed,2026-03-20 09:46:00,2026-04-02 11:56:00
5912,5912,1,2025-10-27 17:27:00,2025-10-28 20:27:00,2025-10-29 14:07:00,Completed,2025-10-27 17:27:00,2025-10-29 14:07:00
5913,5913,1,2026-01-14 09:05:00,2026-01-17 10:05:00,2026-01-18 13:39:00,Completed,2026-01-14 09:05:00,2026-01-18 13:39:00
5914,5914,4,2025-07-03 14:32:00,2025-07-06 22:32:00,2025-07-11 09:17:00,Completed,2025-07-03 14:32:00,2025-07-11 09:17:00
5915,5915,5,2025-12-31 13:28:00,2026-01-02 17:28:00,2026-01-02 14:44:00,Completed,2025-12-31 13:28:00,2026-01-02 17:28:00
5916,5916,3,2026-02-05 08:00:00,2026-02-08 08:00:00,2026-02-09 17:03:00,Completed,2026-02-05 08:00:00,2026-02-09 17:03:00
5917,5917,1,2025-11-16 17:38:00,2025-11-17 23:38:00,2025-12-10 08:46:00,Completed,2025-11-16 17:38:00,2025-12-10 08:46:00
5918,5918,3,2026-02-24 18:28:00,2026-02-27 02:28:00,2026-03-10 13:39:00,Completed,2026-02-24 18:28:00,2026-03-10 13:39:00
5919,5919,4,2025-09-21 14:22:00,2025-09-22 20:22:00,2025-10-12 13:49:00,Completed,2025-09-21 14:22:00,2025-10-12 13:49:00
5920,5920,5,2026-04-01 11:32:00,2026-04-02 13:32:00,2026-04-17 18:58:00,Completed,2026-04-01 11:32:00,2026-04-17 18:58:00
5921,5921,5,2025-07-01 17:11:00,2025-07-03 18:11:00,2025-07-25 15:38:00,Completed,2025-07-01 17:11:00,2025-07-25 15:38:00
5922,5922,5,2025-12-04 14:31:00,2025-12-05 22:31:00,2025-12-15 14:39:00,Completed,2025-12-04 14:31:00,2025-12-15 14:39:00
5923,5923,3,2026-03-23 11:32:00,2026-03-25 18:32:00,2026-03-24 14:48:00,Completed,2026-03-23 11:32:00,2026-03-25 18:32:00
5924,5924,3,2025-07-14 12:32:00,2025-07-17 14:32:00,2025-07-17 15:29:00,Completed,2025-07-14 12:32:00,2025-07-17 15:29:00
5925,5925,4,2025-12-08 15:29:00,2025-12-09 22:29:00,2025-12-15 11:10:00,Completed,2025-12-08 15:29:00,2025-12-15 11:10:00
5926,5926,2,2026-01-04 17:42:00,2026-01-07 23:42:00,2026-01-13 09:37:00,Completed,2026-01-04 17:42:00,2026-01-13 09:37:00
5927,5927,2,2025-12-02 17:37:00,2025-12-05 00:37:00,2025-12-12 11:29:00,Completed,2025-12-02 17:37:00,2025-12-12 11:29:00
5928,5928,5,2025-11-25 15:17:00,2025-11-26 17:17:00,2025-11-29 16:07:00,Completed,2025-11-25 15:17:00,2025-11-29 16:07:00
5929,5929,4,2026-01-26 18:45:00,2026-01-30 00:45:00,,Delivered,2026-01-26 18:45:00,2026-01-30 00:45:00
5930,5930,5,2026-02-20 14:47:00,2026-02-23 18:47:00,2026-02-28 18:42:00,Completed,2026-02-20 14:47:00,2026-02-28 18:42:00
5931,5931,1,2025-06-22 14:16:00,2025-06-24 19:16:00,2025-07-02 09:56:00,Completed,2025-06-22 14:16:00,2025-07-02 09:56:00
5932,5932,1,2026-04-06 15:10:00,2026-04-09 18:10:00,2026-04-25 18:30:00,Completed,2026-04-06 15:10:00,2026-04-25 18:30:00
5933,5933,1,2025-11-10 18:04:00,2025-11-12 23:04:00,2025-11-14 16:50:00,Completed,2025-11-10 18:04:00,2025-11-14 16:50:00
5934,5934,5,2026-03-28 18:13:00,2026-03-30 23:13:00,2026-03-31 18:00:00,Completed,2026-03-28 18:13:00,2026-03-31 18:00:00
5935,5935,1,2026-05-24 17:38:00,2026-05-25 23:38:00,2026-06-01 16:34:00,Completed,2026-05-24 17:38:00,2026-06-01 16:34:00
5936,5936,4,2025-08-16 12:29:00,2025-08-17 13:29:00,2025-08-17 14:32:00,Completed,2025-08-16 12:29:00,2025-08-17 14:32:00
5937,5937,4,2026-03-30 18:42:00,2026-03-31 18:42:00,2026-04-02 14:15:00,Completed,2026-03-30 18:42:00,2026-04-02 14:15:00
5938,5938,2,2025-08-17 11:54:00,2025-08-18 13:54:00,2025-09-07 12:09:00,Completed,2025-08-17 11:54:00,2025-09-07 12:09:00
5939,5939,2,2025-09-27 15:37:00,2025-09-29 23:37:00,2025-10-12 10:22:00,Completed,2025-09-27 15:37:00,2025-10-12 10:22:00
5940,5940,1,2026-04-23 09:48:00,2026-04-25 09:48:00,2026-05-06 18:29:00,Completed,2026-04-23 09:48:00,2026-05-06 18:29:00
5941,5941,1,2026-01-15 08:28:00,2026-01-18 08:28:00,2026-01-18 08:02:00,Completed,2026-01-15 08:28:00,2026-01-18 08:28:00
5942,5942,4,2026-01-14 17:49:00,2026-01-15 18:49:00,2026-01-22 09:18:00,Completed,2026-01-14 17:49:00,2026-01-22 09:18:00
5943,5943,1,2025-10-16 13:04:00,2025-10-18 15:04:00,2025-10-18 10:47:00,Completed,2025-10-16 13:04:00,2025-10-18 15:04:00
5944,5944,1,2026-02-23 15:07:00,2026-02-24 19:07:00,2026-03-09 12:58:00,Completed,2026-02-23 15:07:00,2026-03-09 12:58:00
5945,5945,5,2025-11-23 13:54:00,2025-11-25 21:54:00,2025-11-26 16:06:00,Completed,2025-11-23 13:54:00,2025-11-26 16:06:00
5946,5946,5,2025-12-20 08:19:00,2025-12-21 11:19:00,2025-12-24 08:16:00,Completed,2025-12-20 08:19:00,2025-12-24 08:16:00
5947,5947,4,2025-07-12 18:29:00,2025-07-13 20:29:00,,Delivered,2025-07-12 18:29:00,2025-07-13 20:29:00
5948,5948,3,2026-02-12 09:47:00,2026-02-14 13:47:00,2026-02-21 13:44:00,Completed,2026-02-12 09:47:00,2026-02-21 13:44:00
5949,5949,4,2026-01-16 18:20:00,2026-01-18 21:20:00,2026-01-26 15:22:00,Completed,2026-01-16 18:20:00,2026-01-26 15:22:00
5950,5950,5,2026-01-08 13:07:00,2026-01-10 14:07:00,,Delivered,2026-01-08 13:07:00,2026-01-10 14:07:00
5951,5951,3,2026-01-15 15:51:00,2026-01-18 20:51:00,2026-01-23 14:50:00,Completed,2026-01-15 15:51:00,2026-01-23 14:50:00
5952,5952,5,2025-07-03 16:21:00,2025-07-04 19:21:00,2025-07-05 14:29:00,Completed,2025-07-03 16:21:00,2025-07-05 14:29:00
5953,5953,5,2026-05-01 09:10:00,2026-05-03 17:10:00,2026-05-03 15:43:00,Completed,2026-05-01 09:10:00,2026-05-03 17:10:00
5954,5954,1,2026-05-18 12:51:00,2026-05-20 15:51:00,2026-05-26 17:27:00,Completed,2026-05-18 12:51:00,2026-05-26 17:27:00
5955,5955,2,2025-10-15 17:55:00,2025-10-16 23:55:00,,Delivered,2025-10-15 17:55:00,2025-10-16 23:55:00
5956,5956,3,2025-10-01 09:56:00,2025-10-03 17:56:00,2025-10-05 10:47:00,Completed,2025-10-01 09:56:00,2025-10-05 10:47:00
5957,5957,2,2025-12-02 18:57:00,2025-12-05 23:57:00,2025-12-06 13:33:00,Completed,2025-12-02 18:57:00,2025-12-06 13:33:00
5958,5958,3,2025-09-05 15:48:00,2025-09-08 18:48:00,2025-09-24 13:10:00,Completed,2025-09-05 15:48:00,2025-09-24 13:10:00
5959,5959,1,2026-04-13 14:09:00,2026-04-16 15:09:00,2026-04-15 16:11:00,Completed,2026-04-13 14:09:00,2026-04-16 15:09:00
5960,5960,5,2026-03-17 18:07:00,2026-03-18 21:07:00,2026-03-19 08:25:00,Completed,2026-03-17 18:07:00,2026-03-19 08:25:00
5961,5961,1,2026-05-21 09:28:00,2026-05-24 10:28:00,2026-05-30 09:37:00,Completed,2026-05-21 09:28:00,2026-05-30 09:37:00
5962,5962,2,2025-07-07 09:46:00,2025-07-10 09:46:00,,Delivered,2025-07-07 09:46:00,2025-07-10 09:46:00
5963,5963,5,2025-06-25 17:44:00,2025-06-27 01:44:00,2025-06-28 17:09:00,Completed,2025-06-25 17:44:00,2025-06-28 17:09:00
5964,5964,1,2026-02-24 14:22:00,2026-02-26 17:22:00,2026-03-05 18:00:00,Completed,2026-02-24 14:22:00,2026-03-05 18:00:00
5965,5965,3,2026-03-19 09:03:00,2026-03-20 12:03:00,2026-03-19 09:33:00,Completed,2026-03-19 09:03:00,2026-03-20 12:03:00
5966,5966,1,2025-08-28 16:20:00,2025-08-29 17:20:00,2025-08-30 18:32:00,Completed,2025-08-28 16:20:00,2025-08-30 18:32:00
5967,5967,1,2026-03-26 12:59:00,2026-03-29 19:59:00,2026-03-30 16:41:00,Completed,2026-03-26 12:59:00,2026-03-30 16:41:00
5968,5968,5,2025-11-15 08:09:00,2025-11-17 08:09:00,,Delivered,2025-11-15 08:09:00,2025-11-17 08:09:00
5969,5969,4,2025-09-04 11:01:00,2025-09-05 14:01:00,2025-09-08 17:19:00,Completed,2025-09-04 11:01:00,2025-09-08 17:19:00
5970,5970,2,2025-10-22 10:06:00,2025-10-25 12:06:00,2025-11-04 17:20:00,Completed,2025-10-22 10:06:00,2025-11-04 17:20:00
5971,5971,4,2026-05-04 08:34:00,2026-05-06 09:34:00,2026-05-08 16:19:00,Completed,2026-05-04 08:34:00,2026-05-08 16:19:00
5972,5972,5,2026-01-30 09:53:00,2026-01-31 10:53:00,2026-01-30 18:17:00,Completed,2026-01-30 09:53:00,2026-01-31 10:53:00
5973,5973,4,2026-01-16 18:43:00,2026-01-20 00:43:00,2026-01-21 11:09:00,Completed,2026-01-16 18:43:00,2026-01-21 11:09:00
5974,5974,4,2026-04-16 15:54:00,2026-04-17 17:54:00,2026-04-19 15:09:00,Completed,2026-04-16 15:54:00,2026-04-19 15:09:00
5975,5975,5,2025-06-21 08:18:00,2025-06-22 16:18:00,2025-06-29 15:12:00,Completed,2025-06-21 08:18:00,2025-06-29 15:12:00
5976,5976,3,2026-02-19 18:12:00,2026-02-20 20:12:00,2026-02-26 14:47:00,Completed,2026-02-19 18:12:00,2026-02-26 14:47:00
5977,5977,2,2025-12-12 13:39:00,2025-12-15 14:39:00,2025-12-17 08:39:00,Completed,2025-12-12 13:39:00,2025-12-17 08:39:00
5978,5978,4,2026-03-11 15:14:00,2026-03-14 21:14:00,2026-03-12 16:02:00,Completed,2026-03-11 15:14:00,2026-03-14 21:14:00
5979,5979,2,2025-08-16 12:45:00,2025-08-19 14:45:00,2025-08-22 09:48:00,Completed,2025-08-16 12:45:00,2025-08-22 09:48:00
5980,5980,3,2026-03-17 12:25:00,2026-03-20 20:25:00,2026-03-23 09:54:00,Completed,2026-03-17 12:25:00,2026-03-23 09:54:00
5981,5981,1,2025-08-27 18:35:00,2025-08-29 23:35:00,2025-09-05 12:05:00,Completed,2025-08-27 18:35:00,2025-09-05 12:05:00
5982,5982,2,2026-03-27 08:25:00,2026-03-30 16:25:00,2026-04-08 17:07:00,Completed,2026-03-27 08:25:00,2026-04-08 17:07:00
5983,5983,2,2025-07-20 18:32:00,2025-07-21 22:32:00,2025-07-27 15:57:00,Completed,2025-07-20 18:32:00,2025-07-27 15:57:00
5984,5984,2,2025-07-17 18:13:00,2025-07-18 21:13:00,2025-07-24 10:25:00,Completed,2025-07-17 18:13:00,2025-07-24 10:25:00
5985,5985,4,2026-02-19 11:01:00,2026-02-20 14:01:00,,Delivered,2026-02-19 11:01:00,2026-02-20 14:01:00
5986,5986,3,2025-12-07 12:01:00,2025-12-08 17:01:00,2025-12-14 17:50:00,Completed,2025-12-07 12:01:00,2025-12-14 17:50:00
5987,5987,1,2026-01-08 17:55:00,2026-01-10 00:55:00,2026-01-13 13:47:00,Completed,2026-01-08 17:55:00,2026-01-13 13:47:00
5988,5988,1,2026-04-29 15:32:00,2026-05-01 16:32:00,,Delivered,2026-04-29 15:32:00,2026-05-01 16:32:00
5989,5989,5,2025-07-14 16:23:00,2025-07-15 22:23:00,2025-07-31 15:57:00,Completed,2025-07-14 16:23:00,2025-07-31 15:57:00
5990,5990,3,2025-10-12 08:16:00,2025-10-13 16:16:00,2025-10-23 11:15:00,Completed,2025-10-12 08:16:00,2025-10-23 11:15:00
5991,5991,4,2025-11-02 11:45:00,2025-11-04 18:45:00,2025-11-02 10:43:00,Completed,2025-11-02 11:45:00,2025-11-04 18:45:00
5992,5992,4,2026-03-10 09:03:00,2026-03-12 17:03:00,2026-03-19 08:04:00,Completed,2026-03-10 09:03:00,2026-03-19 08:04:00
5993,5993,2,2026-03-11 12:07:00,2026-03-12 14:07:00,2026-04-01 08:24:00,Completed,2026-03-11 12:07:00,2026-04-01 08:24:00
5994,5994,3,2025-07-07 15:31:00,2025-07-08 18:31:00,2025-07-21 17:07:00,Completed,2025-07-07 15:31:00,2025-07-21 17:07:00
5995,5995,4,2025-10-28 17:31:00,2025-10-29 20:31:00,2025-11-06 10:46:00,Completed,2025-10-28 17:31:00,2025-11-06 10:46:00
5996,5996,3,2026-01-26 12:23:00,2026-01-27 15:23:00,2026-02-12 18:12:00,Completed,2026-01-26 12:23:00,2026-02-12 18:12:00
5997,5997,3,2026-04-07 11:57:00,2026-04-10 18:57:00,,Delivered,2026-04-07 11:57:00,2026-04-10 18:57:00
5998,5998,4,2026-05-08 10:52:00,2026-05-11 12:52:00,2026-05-10 16:49:00,Completed,2026-05-08 10:52:00,2026-05-11 12:52:00
5999,5999,5,2025-12-23 13:04:00,2025-12-26 19:04:00,2025-12-31 17:38:00,Completed,2025-12-23 13:04:00,2025-12-31 17:38:00
6000,6000,3,2025-11-12 09:19:00,2025-11-14 17:19:00,2025-11-19 10:52:00,Completed,2025-11-12 09:19:00,2025-11-19 10:52:00
6001,6001,3,2025-12-25 11:44:00,2025-12-27 12:44:00,2026-01-08 12:02:00,Completed,2025-12-25 11:44:00,2026-01-08 12:02:00
6002,6002,3,2025-11-10 11:33:00,2025-11-12 14:33:00,2025-11-15 10:48:00,Completed,2025-11-10 11:33:00,2025-11-15 10:48:00
6003,6003,2,2025-09-06 09:05:00,2025-09-08 10:05:00,2025-09-11 10:58:00,Completed,2025-09-06 09:05:00,2025-09-11 10:58:00
6004,6004,5,2026-03-12 12:14:00,2026-03-15 16:14:00,,Delivered,2026-03-12 12:14:00,2026-03-15 16:14:00
6005,6005,5,2025-07-21 18:19:00,2025-07-23 01:19:00,2025-07-28 11:24:00,Completed,2025-07-21 18:19:00,2025-07-28 11:24:00
6006,6006,2,2025-11-23 13:44:00,2025-11-26 19:44:00,2025-12-03 11:10:00,Completed,2025-11-23 13:44:00,2025-12-03 11:10:00
6007,6007,1,2025-12-17 13:26:00,2025-12-18 15:26:00,2025-12-31 17:12:00,Completed,2025-12-17 13:26:00,2025-12-31 17:12:00
6008,6008,1,2025-10-23 18:28:00,2025-10-25 01:28:00,2025-11-03 15:40:00,Completed,2025-10-23 18:28:00,2025-11-03 15:40:00
6009,6009,2,2025-11-08 13:43:00,2025-11-11 17:43:00,2025-11-20 15:40:00,Completed,2025-11-08 13:43:00,2025-11-20 15:40:00
6010,6010,2,2025-06-09 13:11:00,2025-06-10 16:11:00,2025-06-11 10:09:00,Completed,2025-06-09 13:11:00,2025-06-11 10:09:00
6011,6011,5,2026-02-23 09:40:00,2026-02-25 14:40:00,2026-03-04 17:21:00,Completed,2026-02-23 09:40:00,2026-03-04 17:21:00
6012,6012,3,2025-11-12 17:03:00,2025-11-14 19:03:00,2025-11-16 12:50:00,Completed,2025-11-12 17:03:00,2025-11-16 12:50:00
6013,6013,4,2025-10-09 14:54:00,2025-10-10 18:54:00,2025-10-13 17:52:00,Completed,2025-10-09 14:54:00,2025-10-13 17:52:00
6014,6014,3,2025-08-08 13:47:00,2025-08-11 17:47:00,2025-08-26 12:14:00,Completed,2025-08-08 13:47:00,2025-08-26 12:14:00
6015,6015,5,2025-10-29 14:11:00,2025-11-01 16:11:00,2025-11-09 14:22:00,Completed,2025-10-29 14:11:00,2025-11-09 14:22:00
6016,6016,2,2025-09-20 08:51:00,2025-09-23 16:51:00,2025-09-28 09:54:00,Completed,2025-09-20 08:51:00,2025-09-28 09:54:00
6017,6017,5,2026-04-25 11:55:00,2026-04-27 13:55:00,,Delivered,2026-04-25 11:55:00,2026-04-27 13:55:00
6018,6018,4,2026-05-02 16:44:00,2026-05-03 20:44:00,2026-05-02 08:41:00,Completed,2026-05-02 16:44:00,2026-05-03 20:44:00
6019,6019,2,2025-08-19 16:20:00,2025-08-23 00:20:00,2025-09-05 17:56:00,Completed,2025-08-19 16:20:00,2025-09-05 17:56:00
6020,6020,2,2025-11-11 14:13:00,2025-11-12 16:13:00,2025-11-14 17:48:00,Completed,2025-11-11 14:13:00,2025-11-14 17:48:00
6021,6021,2,2026-05-26 10:06:00,2026-05-28 13:06:00,2026-05-30 18:20:00,Completed,2026-05-26 10:06:00,2026-05-30 18:20:00
6022,6022,3,2025-11-15 09:17:00,2025-11-18 10:17:00,2025-11-23 18:04:00,Completed,2025-11-15 09:17:00,2025-11-23 18:04:00
6023,6023,2,2025-08-27 14:08:00,2025-08-29 19:08:00,2025-09-02 15:15:00,Completed,2025-08-27 14:08:00,2025-09-02 15:15:00
6024,6024,4,2026-03-23 18:38:00,2026-03-27 01:38:00,2026-03-25 15:29:00,Completed,2026-03-23 18:38:00,2026-03-27 01:38:00
6025,6025,5,2026-01-26 08:03:00,2026-01-29 15:03:00,2026-02-09 11:07:00,Completed,2026-01-26 08:03:00,2026-02-09 11:07:00
6026,6026,3,2025-11-17 13:00:00,2025-11-20 21:00:00,2025-11-22 14:18:00,Completed,2025-11-17 13:00:00,2025-11-22 14:18:00
6027,6027,3,2025-06-06 18:59:00,2025-06-09 23:59:00,2025-06-13 14:47:00,Completed,2025-06-06 18:59:00,2025-06-13 14:47:00
6028,6028,1,2025-07-27 12:04:00,2025-07-30 18:04:00,2025-08-06 12:53:00,Completed,2025-07-27 12:04:00,2025-08-06 12:53:00
6029,6029,1,2025-12-21 10:47:00,2025-12-23 10:47:00,2025-12-24 15:15:00,Completed,2025-12-21 10:47:00,2025-12-24 15:15:00
6030,6030,5,2025-07-29 16:52:00,2025-07-31 19:52:00,2025-07-30 18:13:00,Completed,2025-07-29 16:52:00,2025-07-31 19:52:00
6031,6031,5,2026-04-09 16:14:00,2026-04-12 23:14:00,2026-04-11 17:13:00,Completed,2026-04-09 16:14:00,2026-04-12 23:14:00
6032,6032,5,2026-05-05 11:40:00,2026-05-07 16:40:00,2026-05-05 15:32:00,Completed,2026-05-05 11:40:00,2026-05-07 16:40:00
6033,6033,5,2025-07-17 16:04:00,2025-07-18 19:04:00,2025-07-19 10:07:00,Completed,2025-07-17 16:04:00,2025-07-19 10:07:00
6034,6034,4,2025-07-26 14:23:00,2025-07-29 18:23:00,2025-08-03 17:03:00,Completed,2025-07-26 14:23:00,2025-08-03 17:03:00
6035,6035,3,2026-04-17 08:10:00,2026-04-18 09:10:00,2026-04-21 17:35:00,Completed,2026-04-17 08:10:00,2026-04-21 17:35:00
6036,6036,5,2026-05-27 12:27:00,2026-05-30 15:27:00,2026-06-02 10:12:00,Completed,2026-05-27 12:27:00,2026-06-02 10:12:00
6037,6037,5,2025-09-23 14:34:00,2025-09-24 15:34:00,2025-09-24 18:41:00,Completed,2025-09-23 14:34:00,2025-09-24 18:41:00
6038,6038,3,2026-03-06 13:19:00,2026-03-08 21:19:00,2026-03-26 18:12:00,Completed,2026-03-06 13:19:00,2026-03-26 18:12:00
6039,6039,1,2025-09-06 10:14:00,2025-09-07 10:14:00,2025-09-28 14:21:00,Completed,2025-09-06 10:14:00,2025-09-28 14:21:00
6040,6040,5,2026-03-30 17:01:00,2026-04-02 20:01:00,2026-04-05 17:39:00,Completed,2026-03-30 17:01:00,2026-04-05 17:39:00
6041,6041,3,2026-02-09 17:24:00,2026-02-11 19:24:00,2026-02-16 18:39:00,Completed,2026-02-09 17:24:00,2026-02-16 18:39:00
6042,6042,1,2025-09-28 08:23:00,2025-09-30 14:23:00,2025-10-05 11:49:00,Completed,2025-09-28 08:23:00,2025-10-05 11:49:00
6043,6043,2,2025-12-29 15:11:00,2026-01-01 22:11:00,2026-01-12 09:17:00,Completed,2025-12-29 15:11:00,2026-01-12 09:17:00
6044,6044,5,2025-11-13 15:26:00,2025-11-14 18:26:00,,Delivered,2025-11-13 15:26:00,2025-11-14 18:26:00
6045,6045,3,2025-08-19 12:05:00,2025-08-20 19:05:00,2025-09-09 12:31:00,Completed,2025-08-19 12:05:00,2025-09-09 12:31:00
6046,6046,1,2026-04-11 17:58:00,2026-04-13 21:58:00,2026-04-22 17:18:00,Completed,2026-04-11 17:58:00,2026-04-22 17:18:00
6047,6047,3,2026-05-15 09:08:00,2026-05-16 15:08:00,2026-05-15 14:30:00,Completed,2026-05-15 09:08:00,2026-05-16 15:08:00
6048,6048,4,2025-10-20 18:24:00,2025-10-21 21:24:00,2025-10-20 13:01:00,Completed,2025-10-20 18:24:00,2025-10-21 21:24:00
6049,6049,5,2026-05-20 08:15:00,2026-05-21 14:15:00,2026-05-25 12:08:00,Completed,2026-05-20 08:15:00,2026-05-25 12:08:00
6050,6050,3,2026-01-21 17:17:00,2026-01-22 22:17:00,2026-01-24 14:20:00,Completed,2026-01-21 17:17:00,2026-01-24 14:20:00
6051,6051,1,2025-09-11 14:14:00,2025-09-12 16:14:00,2025-10-05 09:23:00,Completed,2025-09-11 14:14:00,2025-10-05 09:23:00
6052,6052,2,2026-04-29 09:04:00,2026-04-30 14:04:00,2026-04-29 15:35:00,Completed,2026-04-29 09:04:00,2026-04-30 14:04:00
6053,6053,1,2026-01-15 18:35:00,2026-01-17 00:35:00,2026-01-29 15:02:00,Completed,2026-01-15 18:35:00,2026-01-29 15:02:00
6054,6054,4,2025-12-26 09:25:00,2025-12-27 17:25:00,2026-01-02 17:24:00,Completed,2025-12-26 09:25:00,2026-01-02 17:24:00
6055,6055,3,2025-10-15 17:03:00,2025-10-18 22:03:00,2025-10-18 17:32:00,Completed,2025-10-15 17:03:00,2025-10-18 22:03:00
6056,6056,3,2025-08-16 08:30:00,2025-08-17 13:30:00,2025-08-16 12:31:00,Completed,2025-08-16 08:30:00,2025-08-17 13:30:00
6057,6057,2,2025-08-20 15:03:00,2025-08-21 19:03:00,2025-09-06 15:50:00,Completed,2025-08-20 15:03:00,2025-09-06 15:50:00
6058,6058,2,2025-08-30 15:15:00,2025-08-31 17:15:00,2025-09-06 11:25:00,Completed,2025-08-30 15:15:00,2025-09-06 11:25:00
6059,6059,4,2026-01-11 16:47:00,2026-01-14 16:47:00,2026-01-12 12:28:00,Completed,2026-01-11 16:47:00,2026-01-14 16:47:00
6060,6060,1,2025-12-13 08:26:00,2025-12-15 14:26:00,2025-12-16 09:00:00,Completed,2025-12-13 08:26:00,2025-12-16 09:00:00
6061,6061,4,2025-07-11 13:18:00,2025-07-12 18:18:00,2025-07-20 11:30:00,Completed,2025-07-11 13:18:00,2025-07-20 11:30:00
6062,6062,3,2025-12-14 13:15:00,2025-12-16 15:15:00,,Delivered,2025-12-14 13:15:00,2025-12-16 15:15:00
6063,6063,2,2025-08-11 09:03:00,2025-08-13 12:03:00,2025-08-15 13:48:00,Completed,2025-08-11 09:03:00,2025-08-15 13:48:00
6064,6064,4,2025-09-05 14:11:00,2025-09-06 20:11:00,2025-09-10 14:49:00,Completed,2025-09-05 14:11:00,2025-09-10 14:49:00
6065,6065,2,2026-01-08 09:56:00,2026-01-10 15:56:00,2026-01-16 16:20:00,Completed,2026-01-08 09:56:00,2026-01-16 16:20:00
6066,6066,2,2026-03-19 17:48:00,2026-03-21 21:48:00,2026-03-25 12:15:00,Completed,2026-03-19 17:48:00,2026-03-25 12:15:00
6067,6067,1,2026-01-22 11:54:00,2026-01-24 13:54:00,2026-01-26 17:00:00,Completed,2026-01-22 11:54:00,2026-01-26 17:00:00
6068,6068,4,2026-02-13 13:37:00,2026-02-14 18:37:00,2026-03-03 14:48:00,Completed,2026-02-13 13:37:00,2026-03-03 14:48:00
6069,6069,3,2025-08-12 17:27:00,2025-08-14 20:27:00,2025-08-15 16:26:00,Completed,2025-08-12 17:27:00,2025-08-15 16:26:00
6070,6070,3,2025-11-23 16:51:00,2025-11-26 00:51:00,2025-12-09 10:30:00,Completed,2025-11-23 16:51:00,2025-12-09 10:30:00
6071,6071,5,2025-06-14 12:04:00,2025-06-16 20:04:00,2025-06-22 08:48:00,Completed,2025-06-14 12:04:00,2025-06-22 08:48:00
6072,6072,1,2026-01-22 13:09:00,2026-01-25 20:09:00,2026-01-24 16:25:00,Completed,2026-01-22 13:09:00,2026-01-25 20:09:00
6073,6073,4,2025-10-21 18:36:00,2025-10-22 23:36:00,2025-10-25 15:59:00,Completed,2025-10-21 18:36:00,2025-10-25 15:59:00
6074,6074,4,2026-02-01 17:26:00,2026-02-03 22:26:00,,Delivered,2026-02-01 17:26:00,2026-02-03 22:26:00
6075,6075,2,2025-06-28 12:36:00,2025-07-01 13:36:00,2025-07-06 18:32:00,Completed,2025-06-28 12:36:00,2025-07-06 18:32:00
6076,6076,1,2026-05-13 14:31:00,2026-05-15 17:31:00,2026-05-27 14:56:00,Completed,2026-05-13 14:31:00,2026-05-27 14:56:00
6077,6077,3,2025-08-02 11:43:00,2025-08-04 18:43:00,2025-08-07 13:52:00,Completed,2025-08-02 11:43:00,2025-08-07 13:52:00
6078,6078,3,2025-08-26 08:42:00,2025-08-27 16:42:00,2025-09-07 09:51:00,Completed,2025-08-26 08:42:00,2025-09-07 09:51:00
6079,6079,5,2026-03-18 08:29:00,2026-03-20 10:29:00,2026-03-21 11:50:00,Completed,2026-03-18 08:29:00,2026-03-21 11:50:00
6080,6080,5,2026-01-17 16:43:00,2026-01-19 00:43:00,,Delivered,2026-01-17 16:43:00,2026-01-19 00:43:00
6081,6081,5,2025-09-04 18:23:00,2025-09-07 18:23:00,2025-09-13 12:25:00,Completed,2025-09-04 18:23:00,2025-09-13 12:25:00
6082,6082,5,2025-06-18 14:47:00,2025-06-19 20:47:00,,Delivered,2025-06-18 14:47:00,2025-06-19 20:47:00
6083,6083,4,2026-01-30 11:45:00,2026-01-31 17:45:00,2026-01-30 17:57:00,Completed,2026-01-30 11:45:00,2026-01-31 17:45:00
6084,6084,3,2026-01-12 16:04:00,2026-01-15 21:04:00,2026-01-18 18:28:00,Completed,2026-01-12 16:04:00,2026-01-18 18:28:00
6085,6085,2,2025-09-04 18:37:00,2025-09-05 23:37:00,2025-09-14 18:19:00,Completed,2025-09-04 18:37:00,2025-09-14 18:19:00
6086,6086,2,2025-09-26 18:26:00,2025-09-28 22:26:00,2025-09-26 09:28:00,Completed,2025-09-26 18:26:00,2025-09-28 22:26:00
6087,6087,3,2025-12-05 10:00:00,2025-12-06 13:00:00,2025-12-09 11:08:00,Completed,2025-12-05 10:00:00,2025-12-09 11:08:00
6088,6088,5,2025-12-12 14:29:00,2025-12-14 21:29:00,,Delivered,2025-12-12 14:29:00,2025-12-14 21:29:00
6089,6089,4,2025-06-17 09:44:00,2025-06-19 13:44:00,2025-06-27 14:33:00,Completed,2025-06-17 09:44:00,2025-06-27 14:33:00
6090,6090,4,2025-10-21 18:10:00,2025-10-23 02:10:00,2025-10-25 15:00:00,Completed,2025-10-21 18:10:00,2025-10-25 15:00:00
6091,6091,2,2025-07-04 18:04:00,2025-07-07 22:04:00,2025-07-13 16:55:00,Completed,2025-07-04 18:04:00,2025-07-13 16:55:00
6092,6092,1,2025-10-02 18:15:00,2025-10-05 19:15:00,2025-10-11 11:22:00,Completed,2025-10-02 18:15:00,2025-10-11 11:22:00
6093,6093,1,2025-08-14 10:20:00,2025-08-16 14:20:00,2025-08-17 12:14:00,Completed,2025-08-14 10:20:00,2025-08-17 12:14:00
6094,6094,3,2026-02-24 12:20:00,2026-02-25 17:20:00,2026-02-27 10:11:00,Completed,2026-02-24 12:20:00,2026-02-27 10:11:00
6095,6095,5,2026-01-17 15:53:00,2026-01-18 22:53:00,2026-01-17 11:09:00,Completed,2026-01-17 15:53:00,2026-01-18 22:53:00
6096,6096,2,2025-06-15 11:45:00,2025-06-18 17:45:00,2025-06-15 18:27:00,Completed,2025-06-15 11:45:00,2025-06-18 17:45:00
6097,6097,3,2026-05-19 13:10:00,2026-05-21 17:10:00,2026-05-24 16:34:00,Completed,2026-05-19 13:10:00,2026-05-24 16:34:00
6098,6098,4,2025-12-03 18:05:00,2025-12-06 21:05:00,2025-12-07 15:12:00,Completed,2025-12-03 18:05:00,2025-12-07 15:12:00
6099,6099,5,2026-01-15 08:25:00,2026-01-18 11:25:00,2026-01-24 12:53:00,Completed,2026-01-15 08:25:00,2026-01-24 12:53:00
6100,6100,1,2025-08-16 08:15:00,2025-08-19 14:15:00,2025-08-22 09:03:00,Completed,2025-08-16 08:15:00,2025-08-22 09:03:00
6101,6101,3,2026-02-01 09:52:00,2026-02-04 10:52:00,2026-02-12 15:52:00,Completed,2026-02-01 09:52:00,2026-02-12 15:52:00
6102,6102,5,2025-08-30 14:11:00,2025-09-01 21:11:00,2025-08-30 09:55:00,Completed,2025-08-30 14:11:00,2025-09-01 21:11:00
6103,6103,1,2026-04-10 14:07:00,2026-04-12 14:07:00,2026-04-18 17:29:00,Completed,2026-04-10 14:07:00,2026-04-18 17:29:00
6104,6104,2,2025-09-10 09:54:00,2025-09-13 11:54:00,2025-09-10 13:33:00,Completed,2025-09-10 09:54:00,2025-09-13 11:54:00
6105,6105,5,2026-04-17 09:41:00,2026-04-18 17:41:00,2026-04-21 14:28:00,Completed,2026-04-17 09:41:00,2026-04-21 14:28:00
6106,6106,2,2025-06-27 13:59:00,2025-06-28 17:59:00,,Delivered,2025-06-27 13:59:00,2025-06-28 17:59:00
6107,6107,5,2026-01-24 15:01:00,2026-01-27 19:01:00,2026-01-25 10:01:00,Completed,2026-01-24 15:01:00,2026-01-27 19:01:00
6108,6108,2,2025-07-14 09:28:00,2025-07-16 13:28:00,2025-07-15 08:47:00,Completed,2025-07-14 09:28:00,2025-07-16 13:28:00
6109,6109,1,2025-12-03 12:17:00,2025-12-05 16:17:00,2025-12-03 18:15:00,Completed,2025-12-03 12:17:00,2025-12-05 16:17:00
6110,6110,4,2025-09-16 15:03:00,2025-09-18 18:03:00,2025-09-19 16:37:00,Completed,2025-09-16 15:03:00,2025-09-19 16:37:00
6111,6111,4,2026-01-13 16:40:00,2026-01-16 22:40:00,2026-01-20 15:27:00,Completed,2026-01-13 16:40:00,2026-01-20 15:27:00
6112,6112,2,2025-09-15 16:27:00,2025-09-18 18:27:00,2025-10-05 08:27:00,Completed,2025-09-15 16:27:00,2025-10-05 08:27:00
6113,6113,1,2026-05-20 11:47:00,2026-05-22 12:47:00,2026-05-31 09:42:00,Completed,2026-05-20 11:47:00,2026-05-31 09:42:00
6114,6114,4,2026-04-07 09:29:00,2026-04-09 10:29:00,2026-04-12 16:11:00,Completed,2026-04-07 09:29:00,2026-04-12 16:11:00
6115,6115,5,2025-09-04 16:03:00,2025-09-06 21:03:00,2025-09-10 18:32:00,Completed,2025-09-04 16:03:00,2025-09-10 18:32:00
6116,6116,2,2025-11-26 18:28:00,2025-11-29 23:28:00,2025-11-29 15:01:00,Completed,2025-11-26 18:28:00,2025-11-29 23:28:00
6117,6117,5,2026-05-18 17:00:00,2026-05-19 18:00:00,,Delivered,2026-05-18 17:00:00,2026-05-19 18:00:00
6118,6118,3,2025-11-16 09:57:00,2025-11-18 13:57:00,2025-11-19 14:42:00,Completed,2025-11-16 09:57:00,2025-11-19 14:42:00
6119,6119,2,2026-03-07 14:34:00,2026-03-10 20:34:00,2026-03-14 08:56:00,Completed,2026-03-07 14:34:00,2026-03-14 08:56:00
6120,6120,2,2026-04-14 09:38:00,2026-04-15 17:38:00,2026-04-16 15:30:00,Completed,2026-04-14 09:38:00,2026-04-16 15:30:00
6121,6121,4,2026-02-26 10:38:00,2026-02-28 15:38:00,2026-03-02 13:56:00,Completed,2026-02-26 10:38:00,2026-03-02 13:56:00
6122,6122,2,2025-12-16 12:07:00,2025-12-19 15:07:00,2025-12-30 14:52:00,Completed,2025-12-16 12:07:00,2025-12-30 14:52:00
6123,6123,3,2026-01-26 16:21:00,2026-01-28 16:21:00,2026-01-27 09:39:00,Completed,2026-01-26 16:21:00,2026-01-28 16:21:00
6124,6124,5,2026-05-08 14:12:00,2026-05-09 17:12:00,2026-05-09 17:29:00,Completed,2026-05-08 14:12:00,2026-05-09 17:29:00
6125,6125,3,2025-11-01 14:46:00,2025-11-04 15:46:00,2025-11-07 12:11:00,Completed,2025-11-01 14:46:00,2025-11-07 12:11:00
6126,6126,1,2026-05-28 10:57:00,2026-05-30 11:57:00,2026-06-04 13:19:00,Completed,2026-05-28 10:57:00,2026-06-04 13:19:00
6127,6127,5,2025-07-31 09:43:00,2025-08-03 14:43:00,2025-08-03 08:24:00,Completed,2025-07-31 09:43:00,2025-08-03 14:43:00
6128,6128,4,2025-06-12 17:17:00,2025-06-14 20:17:00,2025-07-04 13:45:00,Completed,2025-06-12 17:17:00,2025-07-04 13:45:00
6129,6129,4,2026-04-16 14:33:00,2026-04-18 15:33:00,2026-04-16 18:18:00,Completed,2026-04-16 14:33:00,2026-04-18 15:33:00
6130,6130,1,2025-11-02 12:11:00,2025-11-03 15:11:00,2025-11-03 12:39:00,Completed,2025-11-02 12:11:00,2025-11-03 15:11:00
6131,6131,3,2026-05-23 10:21:00,2026-05-26 15:21:00,2026-06-05 13:45:00,Completed,2026-05-23 10:21:00,2026-06-05 13:45:00
6132,6132,4,2025-06-23 18:37:00,2025-06-26 18:37:00,2025-06-24 16:24:00,Completed,2025-06-23 18:37:00,2025-06-26 18:37:00
6133,6133,5,2025-12-12 14:07:00,2025-12-15 19:07:00,2025-12-15 17:51:00,Completed,2025-12-12 14:07:00,2025-12-15 19:07:00
6134,6134,1,2025-09-20 17:51:00,2025-09-23 17:51:00,2025-09-28 12:15:00,Completed,2025-09-20 17:51:00,2025-09-28 12:15:00
6135,6135,2,2025-10-07 11:50:00,2025-10-10 16:50:00,2025-10-11 13:50:00,Completed,2025-10-07 11:50:00,2025-10-11 13:50:00
6136,6136,5,2026-02-06 17:44:00,2026-02-09 19:44:00,2026-02-07 18:50:00,Completed,2026-02-06 17:44:00,2026-02-09 19:44:00
6137,6137,5,2025-06-06 14:26:00,2025-06-07 20:26:00,,Delivered,2025-06-06 14:26:00,2025-06-07 20:26:00
6138,6138,5,2026-02-11 13:28:00,2026-02-12 13:28:00,,Delivered,2026-02-11 13:28:00,2026-02-12 13:28:00
6139,6139,3,2025-10-23 15:30:00,2025-10-25 18:30:00,2025-10-24 16:26:00,Completed,2025-10-23 15:30:00,2025-10-25 18:30:00
6140,6140,1,2025-11-22 14:35:00,2025-11-23 18:35:00,2025-11-30 14:20:00,Completed,2025-11-22 14:35:00,2025-11-30 14:20:00
6141,6141,5,2025-07-20 10:21:00,2025-07-21 15:21:00,2025-07-25 17:50:00,Completed,2025-07-20 10:21:00,2025-07-25 17:50:00
6142,6142,3,2025-11-16 17:35:00,2025-11-19 22:35:00,2025-12-03 17:21:00,Completed,2025-11-16 17:35:00,2025-12-03 17:21:00
6143,6143,1,2026-04-18 11:38:00,2026-04-20 17:38:00,2026-04-24 09:20:00,Completed,2026-04-18 11:38:00,2026-04-24 09:20:00
6144,6144,3,2025-06-14 08:00:00,2025-06-15 15:00:00,2025-06-16 09:26:00,Completed,2025-06-14 08:00:00,2025-06-16 09:26:00
6145,6145,5,2026-02-20 12:38:00,2026-02-22 19:38:00,2026-02-23 17:17:00,Completed,2026-02-20 12:38:00,2026-02-23 17:17:00
6146,6146,3,2025-07-25 11:18:00,2025-07-28 16:18:00,2025-07-26 16:19:00,Completed,2025-07-25 11:18:00,2025-07-28 16:18:00
6147,6147,1,2025-11-11 10:43:00,2025-11-14 14:43:00,2025-11-25 17:55:00,Completed,2025-11-11 10:43:00,2025-11-25 17:55:00
6148,6148,4,2026-01-19 15:28:00,2026-01-22 20:28:00,2026-01-24 11:33:00,Completed,2026-01-19 15:28:00,2026-01-24 11:33:00
6149,6149,5,2026-02-17 12:33:00,2026-02-18 18:33:00,2026-02-27 18:32:00,Completed,2026-02-17 12:33:00,2026-02-27 18:32:00
6150,6150,1,2025-07-30 14:36:00,2025-07-31 18:36:00,2025-08-12 15:06:00,Completed,2025-07-30 14:36:00,2025-08-12 15:06:00
6151,6151,2,2025-11-19 14:09:00,2025-11-21 16:09:00,2025-11-24 09:32:00,Completed,2025-11-19 14:09:00,2025-11-24 09:32:00
6152,6152,1,2026-05-18 11:39:00,2026-05-20 11:39:00,2026-05-21 10:37:00,Completed,2026-05-18 11:39:00,2026-05-21 10:37:00
6153,6153,4,2025-06-08 13:54:00,2025-06-11 14:54:00,2025-06-24 09:59:00,Completed,2025-06-08 13:54:00,2025-06-24 09:59:00
6154,6154,1,2026-02-17 16:08:00,2026-02-20 16:08:00,2026-02-19 11:38:00,Completed,2026-02-17 16:08:00,2026-02-20 16:08:00
6155,6155,2,2025-12-12 14:45:00,2025-12-14 19:45:00,,Delivered,2025-12-12 14:45:00,2025-12-14 19:45:00
6156,6156,2,2026-03-09 11:19:00,2026-03-11 19:19:00,2026-03-11 13:11:00,Completed,2026-03-09 11:19:00,2026-03-11 19:19:00
6157,6157,1,2025-08-18 08:51:00,2025-08-19 08:51:00,2025-08-23 13:40:00,Completed,2025-08-18 08:51:00,2025-08-23 13:40:00
6158,6158,4,2025-07-02 17:30:00,2025-07-03 20:30:00,2025-07-05 09:01:00,Completed,2025-07-02 17:30:00,2025-07-05 09:01:00
6159,6159,1,2025-09-08 08:20:00,2025-09-09 13:20:00,2025-09-11 18:52:00,Completed,2025-09-08 08:20:00,2025-09-11 18:52:00
6160,6160,4,2026-04-09 12:29:00,2026-04-11 17:29:00,2026-04-15 09:00:00,Completed,2026-04-09 12:29:00,2026-04-15 09:00:00
6161,6161,1,2025-07-11 12:52:00,2025-07-14 14:52:00,2025-07-17 16:58:00,Completed,2025-07-11 12:52:00,2025-07-17 16:58:00
6162,6162,5,2025-08-16 16:36:00,2025-08-17 19:36:00,2025-08-21 12:09:00,Completed,2025-08-16 16:36:00,2025-08-21 12:09:00
6163,6163,1,2025-07-17 09:59:00,2025-07-19 10:59:00,2025-07-27 15:21:00,Completed,2025-07-17 09:59:00,2025-07-27 15:21:00
6164,6164,2,2025-12-09 09:49:00,2025-12-12 15:49:00,2025-12-12 17:00:00,Completed,2025-12-09 09:49:00,2025-12-12 17:00:00
6165,6165,3,2026-02-21 18:07:00,2026-02-24 21:07:00,2026-02-26 08:26:00,Completed,2026-02-21 18:07:00,2026-02-26 08:26:00
6166,6166,1,2026-05-15 09:36:00,2026-05-17 11:36:00,2026-05-23 15:02:00,Completed,2026-05-15 09:36:00,2026-05-23 15:02:00
6167,6167,2,2026-02-26 12:08:00,2026-03-01 16:08:00,2026-03-14 17:34:00,Completed,2026-02-26 12:08:00,2026-03-14 17:34:00
6168,6168,5,2025-10-15 18:10:00,2025-10-16 21:10:00,2025-10-15 08:19:00,Completed,2025-10-15 18:10:00,2025-10-16 21:10:00
6169,6169,5,2025-11-27 14:56:00,2025-11-30 16:56:00,2025-12-12 13:14:00,Completed,2025-11-27 14:56:00,2025-12-12 13:14:00
6170,6170,4,2025-09-02 10:47:00,2025-09-03 11:47:00,2025-09-10 14:09:00,Completed,2025-09-02 10:47:00,2025-09-10 14:09:00
6171,6171,4,2026-01-14 10:08:00,2026-01-16 14:08:00,2026-01-21 13:31:00,Completed,2026-01-14 10:08:00,2026-01-21 13:31:00
6172,6172,4,2026-01-16 13:21:00,2026-01-17 17:21:00,2026-01-18 12:27:00,Completed,2026-01-16 13:21:00,2026-01-18 12:27:00
6173,6173,3,2026-01-09 09:58:00,2026-01-11 15:58:00,2026-02-02 08:06:00,Completed,2026-01-09 09:58:00,2026-02-02 08:06:00
6174,6174,1,2025-11-25 09:44:00,2025-11-28 17:44:00,,Delivered,2025-11-25 09:44:00,2025-11-28 17:44:00
6175,6175,1,2025-08-23 16:31:00,2025-08-25 17:31:00,2025-09-06 14:00:00,Completed,2025-08-23 16:31:00,2025-09-06 14:00:00
6176,6176,4,2025-09-19 17:41:00,2025-09-22 22:41:00,2025-09-19 11:27:00,Completed,2025-09-19 17:41:00,2025-09-22 22:41:00
6177,6177,5,2026-04-14 15:30:00,2026-04-16 15:30:00,2026-04-27 12:22:00,Completed,2026-04-14 15:30:00,2026-04-27 12:22:00
6178,6178,2,2025-07-09 09:52:00,2025-07-10 16:52:00,2025-07-10 10:34:00,Completed,2025-07-09 09:52:00,2025-07-10 16:52:00
6179,6179,2,2026-02-01 09:19:00,2026-02-02 13:19:00,2026-02-04 15:30:00,Completed,2026-02-01 09:19:00,2026-02-04 15:30:00
6180,6180,5,2025-08-24 18:51:00,2025-08-25 20:51:00,2025-08-31 12:07:00,Completed,2025-08-24 18:51:00,2025-08-31 12:07:00
6181,6181,5,2026-03-28 10:35:00,2026-03-29 11:35:00,2026-03-31 09:21:00,Completed,2026-03-28 10:35:00,2026-03-31 09:21:00
6182,6182,1,2026-05-24 09:50:00,2026-05-26 09:50:00,2026-06-03 16:32:00,Completed,2026-05-24 09:50:00,2026-06-03 16:32:00
6183,6183,4,2026-01-21 11:09:00,2026-01-23 15:09:00,2026-01-24 15:54:00,Completed,2026-01-21 11:09:00,2026-01-24 15:54:00
6184,6184,1,2025-12-02 09:52:00,2025-12-03 13:52:00,2025-12-12 17:42:00,Completed,2025-12-02 09:52:00,2025-12-12 17:42:00
6185,6185,3,2026-02-16 13:57:00,2026-02-17 15:57:00,2026-02-20 18:49:00,Completed,2026-02-16 13:57:00,2026-02-20 18:49:00
6186,6186,1,2025-12-31 11:54:00,2026-01-01 17:54:00,2026-01-06 14:00:00,Completed,2025-12-31 11:54:00,2026-01-06 14:00:00
6187,6187,3,2026-01-22 18:57:00,2026-01-24 01:57:00,2026-01-28 14:21:00,Completed,2026-01-22 18:57:00,2026-01-28 14:21:00
6188,6188,3,2026-05-03 15:19:00,2026-05-05 19:19:00,,Delivered,2026-05-03 15:19:00,2026-05-05 19:19:00
6189,6189,1,2025-07-11 16:58:00,2025-07-13 16:58:00,2025-08-04 17:48:00,Completed,2025-07-11 16:58:00,2025-08-04 17:48:00
6190,6190,2,2026-05-11 17:42:00,2026-05-13 20:42:00,2026-05-14 10:36:00,Completed,2026-05-11 17:42:00,2026-05-14 10:36:00
6191,6191,3,2025-08-26 12:35:00,2025-08-28 20:35:00,2025-09-14 16:18:00,Completed,2025-08-26 12:35:00,2025-09-14 16:18:00
6192,6192,5,2026-05-05 11:06:00,2026-05-06 11:06:00,,Delivered,2026-05-05 11:06:00,2026-05-06 11:06:00
6193,6193,2,2025-07-25 08:53:00,2025-07-27 09:53:00,2025-07-30 09:19:00,Completed,2025-07-25 08:53:00,2025-07-30 09:19:00
6194,6194,5,2025-10-12 09:40:00,2025-10-14 11:40:00,2025-10-16 12:37:00,Completed,2025-10-12 09:40:00,2025-10-16 12:37:00
6195,6195,4,2026-05-28 14:59:00,2026-05-30 16:59:00,2026-06-08 16:03:00,Completed,2026-05-28 14:59:00,2026-06-08 16:03:00
6196,6196,3,2025-11-16 08:51:00,2025-11-18 08:51:00,2025-11-27 14:47:00,Completed,2025-11-16 08:51:00,2025-11-27 14:47:00
6197,6197,2,2025-12-14 09:47:00,2025-12-17 16:47:00,2025-12-21 09:38:00,Completed,2025-12-14 09:47:00,2025-12-21 09:38:00
6198,6198,1,2025-07-07 13:31:00,2025-07-08 14:31:00,2025-07-11 18:12:00,Completed,2025-07-07 13:31:00,2025-07-11 18:12:00
6199,6199,5,2025-06-26 18:53:00,2025-06-29 02:53:00,,Delivered,2025-06-26 18:53:00,2025-06-29 02:53:00
6200,6200,5,2026-01-24 10:14:00,2026-01-25 10:14:00,2026-01-27 10:48:00,Completed,2026-01-24 10:14:00,2026-01-27 10:48:00
6201,6201,3,2025-08-20 15:35:00,2025-08-21 16:35:00,2025-08-30 15:41:00,Completed,2025-08-20 15:35:00,2025-08-30 15:41:00
6202,6202,1,2026-03-31 17:47:00,2026-04-03 22:47:00,2026-04-05 10:47:00,Completed,2026-03-31 17:47:00,2026-04-05 10:47:00
6203,6203,5,2026-02-20 09:19:00,2026-02-21 09:19:00,2026-03-06 17:54:00,Completed,2026-02-20 09:19:00,2026-03-06 17:54:00
6204,6204,2,2025-11-21 17:57:00,2025-11-24 21:57:00,2025-11-28 15:44:00,Completed,2025-11-21 17:57:00,2025-11-28 15:44:00
6205,6205,2,2026-01-11 10:16:00,2026-01-14 14:16:00,2026-01-18 18:24:00,Completed,2026-01-11 10:16:00,2026-01-18 18:24:00
6206,6206,5,2025-07-23 16:00:00,2025-07-24 21:00:00,2025-08-02 11:47:00,Completed,2025-07-23 16:00:00,2025-08-02 11:47:00
6207,6207,2,2026-04-20 15:53:00,2026-04-22 21:53:00,2026-04-20 17:51:00,Completed,2026-04-20 15:53:00,2026-04-22 21:53:00
6208,6208,3,2025-08-18 11:40:00,2025-08-20 15:40:00,2025-08-18 15:59:00,Completed,2025-08-18 11:40:00,2025-08-20 15:40:00
6209,6209,5,2025-09-03 15:31:00,2025-09-04 15:31:00,2025-09-06 12:12:00,Completed,2025-09-03 15:31:00,2025-09-06 12:12:00
6210,6210,4,2026-01-01 16:12:00,2026-01-04 00:12:00,2026-01-07 09:13:00,Completed,2026-01-01 16:12:00,2026-01-07 09:13:00
6211,6211,2,2025-12-31 15:14:00,2026-01-03 15:14:00,2026-01-02 16:14:00,Completed,2025-12-31 15:14:00,2026-01-03 15:14:00
6212,6212,2,2026-04-24 18:00:00,2026-04-25 20:00:00,,Delivered,2026-04-24 18:00:00,2026-04-25 20:00:00
6213,6213,4,2026-01-22 11:11:00,2026-01-23 14:11:00,2026-02-01 11:13:00,Completed,2026-01-22 11:11:00,2026-02-01 11:13:00
6214,6214,3,2025-10-21 10:54:00,2025-10-23 18:54:00,2025-10-21 08:23:00,Completed,2025-10-21 10:54:00,2025-10-23 18:54:00
6215,6215,2,2025-09-09 18:12:00,2025-09-13 00:12:00,2025-09-19 11:06:00,Completed,2025-09-09 18:12:00,2025-09-19 11:06:00
6216,6216,3,2025-08-31 08:25:00,2025-09-02 14:25:00,2025-09-03 18:53:00,Completed,2025-08-31 08:25:00,2025-09-03 18:53:00
6217,6217,5,2026-05-20 09:19:00,2026-05-21 15:19:00,2026-06-01 13:03:00,Completed,2026-05-20 09:19:00,2026-06-01 13:03:00
6218,6218,1,2026-03-01 12:58:00,2026-03-03 16:58:00,2026-03-04 09:40:00,Completed,2026-03-01 12:58:00,2026-03-04 09:40:00
6219,6219,2,2025-11-09 11:58:00,2025-11-11 12:58:00,2025-11-11 11:42:00,Completed,2025-11-09 11:58:00,2025-11-11 12:58:00
6220,6220,5,2026-01-20 15:40:00,2026-01-21 20:40:00,2026-01-23 12:19:00,Completed,2026-01-20 15:40:00,2026-01-23 12:19:00
6221,6221,4,2025-11-27 17:31:00,2025-11-30 23:31:00,2025-12-09 17:43:00,Completed,2025-11-27 17:31:00,2025-12-09 17:43:00
6222,6222,4,2026-05-06 14:19:00,2026-05-08 21:19:00,2026-05-11 12:09:00,Completed,2026-05-06 14:19:00,2026-05-11 12:09:00
6223,6223,5,2025-09-20 18:45:00,2025-09-21 20:45:00,2025-09-25 10:21:00,Completed,2025-09-20 18:45:00,2025-09-25 10:21:00
6224,6224,5,2026-01-31 17:28:00,2026-02-01 22:28:00,2026-02-02 11:43:00,Completed,2026-01-31 17:28:00,2026-02-02 11:43:00
6225,6225,2,2025-09-05 10:31:00,2025-09-08 16:31:00,2025-09-05 17:06:00,Completed,2025-09-05 10:31:00,2025-09-08 16:31:00
6226,6226,4,2026-03-13 08:46:00,2026-03-15 12:46:00,2026-03-19 12:29:00,Completed,2026-03-13 08:46:00,2026-03-19 12:29:00
6227,6227,1,2025-10-14 11:08:00,2025-10-16 16:08:00,2025-10-18 14:11:00,Completed,2025-10-14 11:08:00,2025-10-18 14:11:00
6228,6228,1,2025-06-25 13:29:00,2025-06-26 14:29:00,2025-06-28 09:10:00,Completed,2025-06-25 13:29:00,2025-06-28 09:10:00
6229,6229,3,2025-07-13 10:38:00,2025-07-15 18:38:00,2025-07-20 09:11:00,Completed,2025-07-13 10:38:00,2025-07-20 09:11:00
6230,6230,2,2025-12-25 08:39:00,2025-12-26 14:39:00,2025-12-29 10:11:00,Completed,2025-12-25 08:39:00,2025-12-29 10:11:00
6231,6231,2,2026-01-25 13:18:00,2026-01-27 19:18:00,,Delivered,2026-01-25 13:18:00,2026-01-27 19:18:00
6232,6232,4,2026-02-13 15:00:00,2026-02-15 20:00:00,2026-02-23 10:47:00,Completed,2026-02-13 15:00:00,2026-02-23 10:47:00
6233,6233,2,2026-04-12 09:50:00,2026-04-14 10:50:00,2026-04-13 12:23:00,Completed,2026-04-12 09:50:00,2026-04-14 10:50:00
6234,6234,1,2025-10-30 11:02:00,2025-10-31 11:02:00,2025-11-05 08:42:00,Completed,2025-10-30 11:02:00,2025-11-05 08:42:00
6235,6235,2,2025-12-21 16:26:00,2025-12-24 23:26:00,2025-12-24 12:39:00,Completed,2025-12-21 16:26:00,2025-12-24 23:26:00
6236,6236,1,2025-06-19 09:33:00,2025-06-22 11:33:00,2025-06-24 11:57:00,Completed,2025-06-19 09:33:00,2025-06-24 11:57:00
6237,6237,5,2025-07-25 10:15:00,2025-07-26 13:15:00,2025-07-31 15:21:00,Completed,2025-07-25 10:15:00,2025-07-31 15:21:00
6238,6238,2,2026-01-03 14:39:00,2026-01-06 15:39:00,2026-01-08 17:55:00,Completed,2026-01-03 14:39:00,2026-01-08 17:55:00
6239,6239,4,2026-04-13 09:08:00,2026-04-14 16:08:00,2026-05-01 10:47:00,Completed,2026-04-13 09:08:00,2026-05-01 10:47:00
6240,6240,2,2026-01-09 17:22:00,2026-01-12 00:22:00,2026-01-13 13:31:00,Completed,2026-01-09 17:22:00,2026-01-13 13:31:00
6241,6241,2,2025-08-22 08:40:00,2025-08-25 15:40:00,2025-08-27 09:37:00,Completed,2025-08-22 08:40:00,2025-08-27 09:37:00
6242,6242,2,2026-05-19 15:15:00,2026-05-20 15:15:00,,Delivered,2026-05-19 15:15:00,2026-05-20 15:15:00
6243,6243,3,2026-03-03 18:16:00,2026-03-05 19:16:00,2026-03-07 11:11:00,Completed,2026-03-03 18:16:00,2026-03-07 11:11:00
6244,6244,5,2025-09-22 12:28:00,2025-09-23 19:28:00,2025-09-28 08:37:00,Completed,2025-09-22 12:28:00,2025-09-28 08:37:00
6245,6245,5,2026-01-31 14:28:00,2026-02-01 18:28:00,2026-02-15 11:37:00,Completed,2026-01-31 14:28:00,2026-02-15 11:37:00
6246,6246,2,2026-03-14 14:15:00,2026-03-15 22:15:00,2026-04-06 17:46:00,Completed,2026-03-14 14:15:00,2026-04-06 17:46:00
6247,6247,2,2026-05-26 08:40:00,2026-05-27 16:40:00,2026-05-26 14:51:00,Completed,2026-05-26 08:40:00,2026-05-27 16:40:00
6248,6248,2,2026-02-11 11:34:00,2026-02-14 16:34:00,2026-02-19 18:30:00,Completed,2026-02-11 11:34:00,2026-02-19 18:30:00
6249,6249,3,2026-05-19 08:22:00,2026-05-21 09:22:00,2026-06-01 09:56:00,Completed,2026-05-19 08:22:00,2026-06-01 09:56:00
6250,6250,4,2026-02-25 10:24:00,2026-02-26 11:24:00,2026-03-02 13:20:00,Completed,2026-02-25 10:24:00,2026-03-02 13:20:00
6251,6251,5,2025-06-23 14:55:00,2025-06-24 21:55:00,2025-07-06 16:02:00,Completed,2025-06-23 14:55:00,2025-07-06 16:02:00
6252,6252,5,2026-02-02 18:44:00,2026-02-03 21:44:00,2026-02-04 12:28:00,Completed,2026-02-02 18:44:00,2026-02-04 12:28:00
6253,6253,3,2026-02-05 14:25:00,2026-02-07 20:25:00,2026-02-13 08:55:00,Completed,2026-02-05 14:25:00,2026-02-13 08:55:00
6254,6254,1,2025-11-17 16:13:00,2025-11-19 23:13:00,2025-11-17 14:24:00,Completed,2025-11-17 16:13:00,2025-11-19 23:13:00
6255,6255,1,2025-09-30 16:52:00,2025-10-03 22:52:00,2025-10-06 16:26:00,Completed,2025-09-30 16:52:00,2025-10-06 16:26:00
6256,6256,1,2026-05-19 15:31:00,2026-05-20 16:31:00,2026-05-25 18:32:00,Completed,2026-05-19 15:31:00,2026-05-25 18:32:00
6257,6257,5,2026-03-17 11:29:00,2026-03-19 19:29:00,2026-03-20 13:43:00,Completed,2026-03-17 11:29:00,2026-03-20 13:43:00
6258,6258,4,2025-06-09 13:33:00,2025-06-11 18:33:00,2025-06-25 18:14:00,Completed,2025-06-09 13:33:00,2025-06-25 18:14:00
6259,6259,1,2025-07-05 18:25:00,2025-07-08 22:25:00,,Delivered,2025-07-05 18:25:00,2025-07-08 22:25:00
6260,6260,3,2025-12-05 10:14:00,2025-12-07 11:14:00,,Delivered,2025-12-05 10:14:00,2025-12-07 11:14:00
6261,6261,5,2026-01-06 09:43:00,2026-01-09 11:43:00,2026-01-07 13:39:00,Completed,2026-01-06 09:43:00,2026-01-09 11:43:00
6262,6262,2,2026-03-23 16:59:00,2026-03-26 19:59:00,2026-04-04 12:11:00,Completed,2026-03-23 16:59:00,2026-04-04 12:11:00
6263,6263,4,2025-10-06 15:06:00,2025-10-08 18:06:00,2025-10-16 10:01:00,Completed,2025-10-06 15:06:00,2025-10-16 10:01:00
6264,6264,1,2025-08-28 15:57:00,2025-08-29 23:57:00,2025-09-01 11:26:00,Completed,2025-08-28 15:57:00,2025-09-01 11:26:00
6265,6265,4,2026-02-09 18:13:00,2026-02-12 23:13:00,2026-02-20 12:19:00,Completed,2026-02-09 18:13:00,2026-02-20 12:19:00
6266,6266,3,2025-09-08 10:07:00,2025-09-10 16:07:00,2025-09-16 13:58:00,Completed,2025-09-08 10:07:00,2025-09-16 13:58:00
6267,6267,1,2025-06-27 08:20:00,2025-06-28 11:20:00,2025-07-06 13:15:00,Completed,2025-06-27 08:20:00,2025-07-06 13:15:00
6268,6268,2,2026-05-10 13:16:00,2026-05-12 19:16:00,2026-05-10 18:30:00,Completed,2026-05-10 13:16:00,2026-05-12 19:16:00
6269,6269,3,2025-10-30 09:58:00,2025-11-01 14:58:00,2025-11-06 11:41:00,Completed,2025-10-30 09:58:00,2025-11-06 11:41:00
6270,6270,2,2025-09-23 10:28:00,2025-09-24 10:28:00,2025-10-03 13:53:00,Completed,2025-09-23 10:28:00,2025-10-03 13:53:00
6271,6271,2,2026-01-10 16:18:00,2026-01-13 20:18:00,2026-01-12 18:50:00,Completed,2026-01-10 16:18:00,2026-01-13 20:18:00
6272,6272,3,2026-04-03 09:52:00,2026-04-06 10:52:00,2026-04-09 10:19:00,Completed,2026-04-03 09:52:00,2026-04-09 10:19:00
6273,6273,1,2025-12-24 08:43:00,2025-12-26 15:43:00,,Delivered,2025-12-24 08:43:00,2025-12-26 15:43:00
6274,6274,1,2025-09-14 17:28:00,2025-09-17 22:28:00,2025-09-22 08:31:00,Completed,2025-09-14 17:28:00,2025-09-22 08:31:00
6275,6275,1,2026-03-05 16:23:00,2026-03-07 18:23:00,,Delivered,2026-03-05 16:23:00,2026-03-07 18:23:00
6276,6276,1,2026-01-07 12:03:00,2026-01-08 20:03:00,2026-01-21 16:52:00,Completed,2026-01-07 12:03:00,2026-01-21 16:52:00
6277,6277,4,2026-01-10 09:09:00,2026-01-11 16:09:00,2026-01-26 15:05:00,Completed,2026-01-10 09:09:00,2026-01-26 15:05:00
6278,6278,2,2025-11-20 17:04:00,2025-11-22 18:04:00,2025-12-03 18:21:00,Completed,2025-11-20 17:04:00,2025-12-03 18:21:00
6279,6279,3,2026-05-26 17:05:00,2026-05-30 01:05:00,2026-05-28 11:19:00,Completed,2026-05-26 17:05:00,2026-05-30 01:05:00
6280,6280,1,2025-10-06 15:08:00,2025-10-09 21:08:00,2025-10-09 11:58:00,Completed,2025-10-06 15:08:00,2025-10-09 21:08:00
6281,6281,1,2026-04-30 08:37:00,2026-05-03 15:37:00,2026-04-30 09:01:00,Completed,2026-04-30 08:37:00,2026-05-03 15:37:00
6282,6282,2,2025-07-21 13:06:00,2025-07-22 19:06:00,2025-07-30 13:54:00,Completed,2025-07-21 13:06:00,2025-07-30 13:54:00
6283,6283,1,2025-09-15 17:28:00,2025-09-18 20:28:00,,Delivered,2025-09-15 17:28:00,2025-09-18 20:28:00
6284,6284,3,2026-02-23 13:04:00,2026-02-25 16:04:00,2026-03-06 10:21:00,Completed,2026-02-23 13:04:00,2026-03-06 10:21:00
6285,6285,1,2025-11-08 13:11:00,2025-11-10 18:11:00,2025-11-11 17:40:00,Completed,2025-11-08 13:11:00,2025-11-11 17:40:00
6286,6286,5,2025-08-21 11:07:00,2025-08-23 16:07:00,2025-08-26 16:13:00,Completed,2025-08-21 11:07:00,2025-08-26 16:13:00
6287,6287,1,2025-12-21 15:19:00,2025-12-23 21:19:00,2025-12-25 17:04:00,Completed,2025-12-21 15:19:00,2025-12-25 17:04:00
6288,6288,1,2026-04-19 08:44:00,2026-04-20 16:44:00,2026-04-25 11:37:00,Completed,2026-04-19 08:44:00,2026-04-25 11:37:00
6289,6289,2,2025-07-04 14:47:00,2025-07-06 17:47:00,2025-07-14 11:16:00,Completed,2025-07-04 14:47:00,2025-07-14 11:16:00
6290,6290,4,2026-03-18 09:02:00,2026-03-19 14:02:00,2026-03-31 16:23:00,Completed,2026-03-18 09:02:00,2026-03-31 16:23:00
6291,6291,1,2025-12-14 08:23:00,2025-12-16 12:23:00,2025-12-17 10:45:00,Completed,2025-12-14 08:23:00,2025-12-17 10:45:00
6292,6292,3,2026-03-08 11:22:00,2026-03-10 12:22:00,2026-03-18 12:19:00,Completed,2026-03-08 11:22:00,2026-03-18 12:19:00
6293,6293,2,2025-08-03 09:53:00,2025-08-04 13:53:00,2025-08-14 14:34:00,Completed,2025-08-03 09:53:00,2025-08-14 14:34:00
6294,6294,2,2025-08-18 09:39:00,2025-08-20 16:39:00,2025-08-31 12:44:00,Completed,2025-08-18 09:39:00,2025-08-31 12:44:00
6295,6295,4,2025-08-02 15:47:00,2025-08-04 19:47:00,2025-08-15 11:32:00,Completed,2025-08-02 15:47:00,2025-08-15 11:32:00
6296,6296,3,2025-07-18 13:58:00,2025-07-21 21:58:00,2025-07-21 10:36:00,Completed,2025-07-18 13:58:00,2025-07-21 21:58:00
6297,6297,5,2025-10-01 13:29:00,2025-10-03 17:29:00,2025-10-06 09:23:00,Completed,2025-10-01 13:29:00,2025-10-06 09:23:00
6298,6298,1,2025-11-26 12:16:00,2025-11-28 13:16:00,2025-11-26 11:18:00,Completed,2025-11-26 12:16:00,2025-11-28 13:16:00
6299,6299,4,2025-09-20 17:44:00,2025-09-23 22:44:00,2025-09-27 10:57:00,Completed,2025-09-20 17:44:00,2025-09-27 10:57:00
6300,6300,2,2026-05-02 13:33:00,2026-05-03 18:33:00,2026-05-02 15:42:00,Completed,2026-05-02 13:33:00,2026-05-03 18:33:00
6301,6301,1,2025-12-30 18:42:00,2026-01-01 20:42:00,2026-01-05 11:01:00,Completed,2025-12-30 18:42:00,2026-01-05 11:01:00
6302,6302,2,2025-07-03 09:21:00,2025-07-05 16:21:00,2025-07-07 13:34:00,Completed,2025-07-03 09:21:00,2025-07-07 13:34:00
6303,6303,5,2026-01-07 11:45:00,2026-01-09 15:45:00,2026-01-07 13:41:00,Completed,2026-01-07 11:45:00,2026-01-09 15:45:00
6304,6304,5,2025-12-06 18:26:00,2025-12-08 21:26:00,,Delivered,2025-12-06 18:26:00,2025-12-08 21:26:00
6305,6305,5,2025-10-02 11:19:00,2025-10-05 13:19:00,2025-10-04 09:22:00,Completed,2025-10-02 11:19:00,2025-10-05 13:19:00
6306,6306,4,2025-09-21 09:09:00,2025-09-24 16:09:00,2025-09-22 13:35:00,Completed,2025-09-21 09:09:00,2025-09-24 16:09:00
6307,6307,5,2025-08-11 17:11:00,2025-08-13 22:11:00,2025-08-26 13:03:00,Completed,2025-08-11 17:11:00,2025-08-26 13:03:00
6308,6308,1,2025-12-02 08:02:00,2025-12-05 10:02:00,2025-12-11 08:38:00,Completed,2025-12-02 08:02:00,2025-12-11 08:38:00
6309,6309,3,2025-12-28 12:03:00,2025-12-29 18:03:00,,Delivered,2025-12-28 12:03:00,2025-12-29 18:03:00
6310,6310,3,2025-11-23 13:27:00,2025-11-26 14:27:00,2025-12-08 09:14:00,Completed,2025-11-23 13:27:00,2025-12-08 09:14:00
6311,6311,1,2025-06-09 11:05:00,2025-06-12 13:05:00,2025-06-28 13:56:00,Completed,2025-06-09 11:05:00,2025-06-28 13:56:00
6312,6312,2,2026-04-02 14:11:00,2026-04-04 14:11:00,2026-04-06 09:06:00,Completed,2026-04-02 14:11:00,2026-04-06 09:06:00
6313,6313,3,2025-11-13 17:58:00,2025-11-16 20:58:00,2025-11-18 14:40:00,Completed,2025-11-13 17:58:00,2025-11-18 14:40:00
6314,6314,5,2025-12-01 10:04:00,2025-12-03 15:04:00,,Delivered,2025-12-01 10:04:00,2025-12-03 15:04:00
6315,6315,1,2025-06-07 14:42:00,2025-06-10 14:42:00,2025-06-23 16:14:00,Completed,2025-06-07 14:42:00,2025-06-23 16:14:00
6316,6316,1,2025-12-11 13:10:00,2025-12-13 15:10:00,2025-12-20 12:47:00,Completed,2025-12-11 13:10:00,2025-12-20 12:47:00
6317,6317,3,2025-11-26 13:26:00,2025-11-27 14:26:00,2025-12-05 10:39:00,Completed,2025-11-26 13:26:00,2025-12-05 10:39:00
6318,6318,1,2026-01-17 17:01:00,2026-01-20 21:01:00,2026-01-19 12:49:00,Completed,2026-01-17 17:01:00,2026-01-20 21:01:00
6319,6319,4,2025-06-14 09:49:00,2025-06-17 10:49:00,2025-07-04 16:22:00,Completed,2025-06-14 09:49:00,2025-07-04 16:22:00
6320,6320,2,2025-12-07 10:32:00,2025-12-09 17:32:00,2025-12-08 11:36:00,Completed,2025-12-07 10:32:00,2025-12-09 17:32:00
6321,6321,3,2025-11-13 16:27:00,2025-11-14 17:27:00,2025-11-22 10:48:00,Completed,2025-11-13 16:27:00,2025-11-22 10:48:00
6322,6322,4,2026-04-08 12:06:00,2026-04-09 19:06:00,2026-04-10 13:25:00,Completed,2026-04-08 12:06:00,2026-04-10 13:25:00
6323,6323,1,2025-10-01 10:39:00,2025-10-03 15:39:00,2025-10-18 11:54:00,Completed,2025-10-01 10:39:00,2025-10-18 11:54:00
6324,6324,1,2025-08-20 11:39:00,2025-08-22 15:39:00,2025-08-24 16:15:00,Completed,2025-08-20 11:39:00,2025-08-24 16:15:00
6325,6325,4,2025-07-20 09:21:00,2025-07-22 12:21:00,2025-07-20 18:24:00,Completed,2025-07-20 09:21:00,2025-07-22 12:21:00
6326,6326,5,2025-11-19 11:26:00,2025-11-21 13:26:00,2025-11-20 17:09:00,Completed,2025-11-19 11:26:00,2025-11-21 13:26:00
6327,6327,5,2025-08-20 16:03:00,2025-08-22 23:03:00,2025-08-22 09:08:00,Completed,2025-08-20 16:03:00,2025-08-22 23:03:00
6328,6328,2,2025-06-28 16:47:00,2025-07-02 00:47:00,2025-06-28 17:56:00,Completed,2025-06-28 16:47:00,2025-07-02 00:47:00
6329,6329,4,2025-07-31 18:42:00,2025-08-02 22:42:00,2025-08-07 10:50:00,Completed,2025-07-31 18:42:00,2025-08-07 10:50:00
6330,6330,4,2026-01-31 13:53:00,2026-02-02 20:53:00,2026-02-02 12:04:00,Completed,2026-01-31 13:53:00,2026-02-02 20:53:00
6331,6331,2,2026-02-05 14:04:00,2026-02-08 14:04:00,2026-02-13 16:56:00,Completed,2026-02-05 14:04:00,2026-02-13 16:56:00
6332,6332,1,2025-10-19 10:40:00,2025-10-22 17:40:00,2025-11-01 08:20:00,Completed,2025-10-19 10:40:00,2025-11-01 08:20:00
6333,6333,1,2025-12-20 18:03:00,2025-12-21 19:03:00,2025-12-23 14:10:00,Completed,2025-12-20 18:03:00,2025-12-23 14:10:00
6334,6334,2,2026-05-11 14:18:00,2026-05-13 22:18:00,2026-05-16 09:34:00,Completed,2026-05-11 14:18:00,2026-05-16 09:34:00
6335,6335,2,2026-04-27 14:30:00,2026-04-29 17:30:00,2026-05-01 15:00:00,Completed,2026-04-27 14:30:00,2026-05-01 15:00:00
6336,6336,1,2026-03-01 13:37:00,2026-03-04 18:37:00,2026-03-13 09:15:00,Completed,2026-03-01 13:37:00,2026-03-13 09:15:00
6337,6337,2,2025-11-30 08:03:00,2025-12-01 10:03:00,2025-12-08 17:22:00,Completed,2025-11-30 08:03:00,2025-12-08 17:22:00
6338,6338,1,2026-02-10 11:09:00,2026-02-11 16:09:00,2026-02-12 18:40:00,Completed,2026-02-10 11:09:00,2026-02-12 18:40:00
6339,6339,4,2026-05-12 18:18:00,2026-05-13 19:18:00,2026-05-13 12:48:00,Completed,2026-05-12 18:18:00,2026-05-13 19:18:00
6340,6340,2,2026-03-17 12:33:00,2026-03-19 16:33:00,2026-03-21 18:04:00,Completed,2026-03-17 12:33:00,2026-03-21 18:04:00
6341,6341,4,2025-08-17 18:53:00,2025-08-20 02:53:00,2025-08-24 11:01:00,Completed,2025-08-17 18:53:00,2025-08-24 11:01:00
6342,6342,5,2026-04-11 18:24:00,2026-04-15 00:24:00,2026-04-24 16:52:00,Completed,2026-04-11 18:24:00,2026-04-24 16:52:00
6343,6343,2,2026-03-01 13:04:00,2026-03-02 18:04:00,2026-03-09 15:59:00,Completed,2026-03-01 13:04:00,2026-03-09 15:59:00
6344,6344,5,2025-12-13 14:51:00,2025-12-15 22:51:00,2025-12-25 14:57:00,Completed,2025-12-13 14:51:00,2025-12-25 14:57:00
6345,6345,4,2025-08-07 17:05:00,2025-08-08 22:05:00,2025-08-16 18:26:00,Completed,2025-08-07 17:05:00,2025-08-16 18:26:00
6346,6346,5,2026-04-26 12:02:00,2026-04-29 16:02:00,2026-05-02 11:15:00,Completed,2026-04-26 12:02:00,2026-05-02 11:15:00
6347,6347,3,2026-04-16 12:23:00,2026-04-18 20:23:00,2026-04-21 12:48:00,Completed,2026-04-16 12:23:00,2026-04-21 12:48:00
6348,6348,5,2025-12-04 17:34:00,2025-12-06 20:34:00,2025-12-06 09:59:00,Completed,2025-12-04 17:34:00,2025-12-06 20:34:00
6349,6349,3,2025-06-26 11:52:00,2025-06-29 17:52:00,2025-06-28 18:46:00,Completed,2025-06-26 11:52:00,2025-06-29 17:52:00
6350,6350,2,2026-04-01 13:53:00,2026-04-04 15:53:00,2026-04-04 11:11:00,Completed,2026-04-01 13:53:00,2026-04-04 15:53:00
6351,6351,3,2025-06-22 14:47:00,2025-06-25 20:47:00,2025-06-30 14:35:00,Completed,2025-06-22 14:47:00,2025-06-30 14:35:00
6352,6352,4,2026-03-23 16:40:00,2026-03-25 17:40:00,2026-04-07 12:54:00,Completed,2026-03-23 16:40:00,2026-04-07 12:54:00
6353,6353,1,2025-11-04 16:36:00,2025-11-06 16:36:00,2025-11-06 16:06:00,Completed,2025-11-04 16:36:00,2025-11-06 16:36:00
6354,6354,1,2025-10-11 12:36:00,2025-10-13 17:36:00,2025-10-11 12:02:00,Completed,2025-10-11 12:36:00,2025-10-13 17:36:00
6355,6355,2,2026-03-04 08:55:00,2026-03-07 11:55:00,2026-03-11 14:03:00,Completed,2026-03-04 08:55:00,2026-03-11 14:03:00
6356,6356,5,2026-04-07 14:21:00,2026-04-10 15:21:00,2026-04-14 09:01:00,Completed,2026-04-07 14:21:00,2026-04-14 09:01:00
6357,6357,2,2025-07-17 18:06:00,2025-07-19 01:06:00,,Delivered,2025-07-17 18:06:00,2025-07-19 01:06:00
6358,6358,1,2026-04-18 14:03:00,2026-04-20 21:03:00,2026-05-01 12:29:00,Completed,2026-04-18 14:03:00,2026-05-01 12:29:00
6359,6359,5,2025-12-21 15:46:00,2025-12-22 18:46:00,2025-12-31 11:59:00,Completed,2025-12-21 15:46:00,2025-12-31 11:59:00
6360,6360,4,2026-01-10 08:00:00,2026-01-12 09:00:00,2026-01-17 16:09:00,Completed,2026-01-10 08:00:00,2026-01-17 16:09:00
6361,6361,5,2025-10-09 16:55:00,2025-10-10 19:55:00,2025-10-13 16:08:00,Completed,2025-10-09 16:55:00,2025-10-13 16:08:00
6362,6362,2,2025-08-22 10:22:00,2025-08-25 13:22:00,2025-08-26 15:42:00,Completed,2025-08-22 10:22:00,2025-08-26 15:42:00
6363,6363,1,2026-02-20 15:31:00,2026-02-22 18:31:00,2026-03-02 09:13:00,Completed,2026-02-20 15:31:00,2026-03-02 09:13:00
6364,6364,1,2026-03-25 11:16:00,2026-03-28 11:16:00,2026-04-18 15:36:00,Completed,2026-03-25 11:16:00,2026-04-18 15:36:00
6365,6365,2,2025-11-25 13:21:00,2025-11-27 15:21:00,2025-11-30 08:45:00,Completed,2025-11-25 13:21:00,2025-11-30 08:45:00
6366,6366,2,2025-07-24 11:51:00,2025-07-26 15:51:00,2025-08-03 11:01:00,Completed,2025-07-24 11:51:00,2025-08-03 11:01:00
6367,6367,4,2026-04-19 08:46:00,2026-04-20 16:46:00,2026-04-23 16:52:00,Completed,2026-04-19 08:46:00,2026-04-23 16:52:00
6368,6368,3,2026-02-04 15:05:00,2026-02-06 17:05:00,2026-02-10 17:16:00,Completed,2026-02-04 15:05:00,2026-02-10 17:16:00
6369,6369,4,2026-05-26 15:06:00,2026-05-28 21:06:00,2026-05-28 12:31:00,Completed,2026-05-26 15:06:00,2026-05-28 21:06:00
6370,6370,3,2026-02-19 09:48:00,2026-02-20 17:48:00,2026-02-22 08:33:00,Completed,2026-02-19 09:48:00,2026-02-22 08:33:00
6371,6371,4,2025-10-21 14:17:00,2025-10-23 17:17:00,2025-10-22 15:15:00,Completed,2025-10-21 14:17:00,2025-10-23 17:17:00
6372,6372,2,2025-11-08 10:56:00,2025-11-11 13:56:00,2025-11-12 17:21:00,Completed,2025-11-08 10:56:00,2025-11-12 17:21:00
6373,6373,5,2025-11-22 13:34:00,2025-11-25 16:34:00,2025-11-22 18:27:00,Completed,2025-11-22 13:34:00,2025-11-25 16:34:00
6374,6374,2,2026-04-10 08:14:00,2026-04-12 13:14:00,2026-04-10 16:07:00,Completed,2026-04-10 08:14:00,2026-04-12 13:14:00
6375,6375,1,2025-10-24 12:32:00,2025-10-27 14:32:00,,Delivered,2025-10-24 12:32:00,2025-10-27 14:32:00
6376,6376,4,2025-11-06 09:45:00,2025-11-09 11:45:00,2025-11-13 16:43:00,Completed,2025-11-06 09:45:00,2025-11-13 16:43:00
6377,6377,4,2026-04-20 13:03:00,2026-04-21 15:03:00,2026-05-09 08:47:00,Completed,2026-04-20 13:03:00,2026-05-09 08:47:00
6378,6378,1,2025-09-10 09:38:00,2025-09-13 09:38:00,2025-09-24 13:09:00,Completed,2025-09-10 09:38:00,2025-09-24 13:09:00
6379,6379,4,2026-04-09 09:31:00,2026-04-10 14:31:00,2026-04-28 18:05:00,Completed,2026-04-09 09:31:00,2026-04-28 18:05:00
6380,6380,4,2025-10-16 08:48:00,2025-10-17 10:48:00,2025-10-18 14:38:00,Completed,2025-10-16 08:48:00,2025-10-18 14:38:00
6381,6381,5,2026-03-16 08:49:00,2026-03-17 11:49:00,2026-03-21 15:03:00,Completed,2026-03-16 08:49:00,2026-03-21 15:03:00
6382,6382,2,2026-04-24 08:14:00,2026-04-27 08:14:00,2026-04-25 12:20:00,Completed,2026-04-24 08:14:00,2026-04-27 08:14:00
6383,6383,1,2025-06-15 13:30:00,2025-06-17 15:30:00,2025-06-26 10:29:00,Completed,2025-06-15 13:30:00,2025-06-26 10:29:00
6384,6384,5,2025-09-29 12:11:00,2025-09-30 17:11:00,2025-10-12 12:36:00,Completed,2025-09-29 12:11:00,2025-10-12 12:36:00
6385,6385,4,2025-08-02 16:18:00,2025-08-03 19:18:00,,Delivered,2025-08-02 16:18:00,2025-08-03 19:18:00
6386,6386,2,2025-12-09 17:50:00,2025-12-12 17:50:00,2025-12-14 13:14:00,Completed,2025-12-09 17:50:00,2025-12-14 13:14:00
6387,6387,3,2026-04-27 08:21:00,2026-04-28 09:21:00,2026-05-01 11:36:00,Completed,2026-04-27 08:21:00,2026-05-01 11:36:00
6388,6388,4,2025-10-23 15:15:00,2025-10-26 23:15:00,2025-10-28 16:51:00,Completed,2025-10-23 15:15:00,2025-10-28 16:51:00
6389,6389,5,2025-10-07 08:11:00,2025-10-10 16:11:00,2025-10-16 09:41:00,Completed,2025-10-07 08:11:00,2025-10-16 09:41:00
6390,6390,3,2025-09-25 17:15:00,2025-09-28 21:15:00,,Delivered,2025-09-25 17:15:00,2025-09-28 21:15:00
6391,6391,1,2025-06-28 18:00:00,2025-06-29 19:00:00,2025-07-12 15:43:00,Completed,2025-06-28 18:00:00,2025-07-12 15:43:00
6392,6392,2,2026-02-24 11:38:00,2026-02-25 16:38:00,2026-03-03 12:42:00,Completed,2026-02-24 11:38:00,2026-03-03 12:42:00
6393,6393,3,2025-07-27 08:18:00,2025-07-28 16:18:00,2025-07-28 14:15:00,Completed,2025-07-27 08:18:00,2025-07-28 16:18:00
6394,6394,4,2026-03-20 13:16:00,2026-03-23 17:16:00,2026-03-25 15:22:00,Completed,2026-03-20 13:16:00,2026-03-25 15:22:00
6395,6395,3,2025-09-29 15:37:00,2025-09-30 15:37:00,2025-10-10 14:39:00,Completed,2025-09-29 15:37:00,2025-10-10 14:39:00
6396,6396,5,2026-03-10 12:30:00,2026-03-13 20:30:00,2026-03-22 14:02:00,Completed,2026-03-10 12:30:00,2026-03-22 14:02:00
6397,6397,2,2026-02-17 09:26:00,2026-02-20 13:26:00,2026-02-23 08:41:00,Completed,2026-02-17 09:26:00,2026-02-23 08:41:00
6398,6398,3,2025-11-30 16:58:00,2025-12-02 19:58:00,,Delivered,2025-11-30 16:58:00,2025-12-02 19:58:00
6399,6399,4,2025-12-22 11:20:00,2025-12-24 15:20:00,2025-12-29 18:33:00,Completed,2025-12-22 11:20:00,2025-12-29 18:33:00
6400,6400,1,2025-12-29 11:32:00,2025-12-31 15:32:00,2025-12-30 18:33:00,Completed,2025-12-29 11:32:00,2025-12-31 15:32:00
6401,6401,1,2025-12-15 13:28:00,2025-12-18 16:28:00,2025-12-23 15:53:00,Completed,2025-12-15 13:28:00,2025-12-23 15:53:00
6402,6402,3,2025-11-21 11:08:00,2025-11-23 11:08:00,2025-11-22 16:33:00,Completed,2025-11-21 11:08:00,2025-11-23 11:08:00
6403,6403,5,2026-04-10 15:14:00,2026-04-12 20:14:00,2026-04-19 15:06:00,Completed,2026-04-10 15:14:00,2026-04-19 15:06:00
6404,6404,2,2025-07-30 16:29:00,2025-08-01 19:29:00,2025-07-31 16:00:00,Completed,2025-07-30 16:29:00,2025-08-01 19:29:00
6405,6405,3,2026-05-18 10:23:00,2026-05-20 12:23:00,2026-05-24 11:17:00,Completed,2026-05-18 10:23:00,2026-05-24 11:17:00
6406,6406,1,2026-04-04 13:35:00,2026-04-06 13:35:00,2026-04-24 15:13:00,Completed,2026-04-04 13:35:00,2026-04-24 15:13:00
6407,6407,5,2025-12-25 08:40:00,2025-12-26 12:40:00,2025-12-27 15:26:00,Completed,2025-12-25 08:40:00,2025-12-27 15:26:00
6408,6408,2,2025-09-22 14:01:00,2025-09-24 19:01:00,2025-10-05 08:05:00,Completed,2025-09-22 14:01:00,2025-10-05 08:05:00
6409,6409,2,2026-01-02 18:23:00,2026-01-06 02:23:00,2026-01-13 14:14:00,Completed,2026-01-02 18:23:00,2026-01-13 14:14:00
6410,6410,2,2026-01-28 08:31:00,2026-01-30 12:31:00,2026-01-31 14:53:00,Completed,2026-01-28 08:31:00,2026-01-31 14:53:00
6411,6411,1,2026-01-19 09:48:00,2026-01-21 17:48:00,2026-01-25 11:54:00,Completed,2026-01-19 09:48:00,2026-01-25 11:54:00
6412,6412,2,2025-07-26 08:19:00,2025-07-28 15:19:00,2025-07-30 15:32:00,Completed,2025-07-26 08:19:00,2025-07-30 15:32:00
6413,6413,4,2025-12-07 14:57:00,2025-12-08 22:57:00,2025-12-11 11:43:00,Completed,2025-12-07 14:57:00,2025-12-11 11:43:00
6414,6414,5,2026-04-14 12:51:00,2026-04-15 20:51:00,2026-04-17 14:37:00,Completed,2026-04-14 12:51:00,2026-04-17 14:37:00
6415,6415,3,2025-06-10 16:31:00,2025-06-13 20:31:00,,Delivered,2025-06-10 16:31:00,2025-06-13 20:31:00
6416,6416,1,2025-11-15 15:56:00,2025-11-17 22:56:00,2025-11-19 18:14:00,Completed,2025-11-15 15:56:00,2025-11-19 18:14:00
6417,6417,1,2025-07-08 17:01:00,2025-07-11 00:01:00,2025-07-12 16:39:00,Completed,2025-07-08 17:01:00,2025-07-12 16:39:00
6418,6418,3,2025-11-05 09:33:00,2025-11-08 09:33:00,2025-11-19 18:49:00,Completed,2025-11-05 09:33:00,2025-11-19 18:49:00
6419,6419,4,2025-11-23 18:48:00,2025-11-25 01:48:00,,Delivered,2025-11-23 18:48:00,2025-11-25 01:48:00
6420,6420,4,2026-02-18 15:04:00,2026-02-19 15:04:00,2026-02-27 14:20:00,Completed,2026-02-18 15:04:00,2026-02-27 14:20:00
6421,6421,2,2026-04-06 09:10:00,2026-04-09 14:10:00,2026-04-30 10:47:00,Completed,2026-04-06 09:10:00,2026-04-30 10:47:00
6422,6422,5,2025-09-17 09:30:00,2025-09-19 14:30:00,2025-09-27 14:49:00,Completed,2025-09-17 09:30:00,2025-09-27 14:49:00
6423,6423,2,2025-06-18 13:29:00,2025-06-21 14:29:00,2025-06-25 10:54:00,Completed,2025-06-18 13:29:00,2025-06-25 10:54:00
6424,6424,4,2025-08-21 12:41:00,2025-08-22 18:41:00,2025-08-21 18:57:00,Completed,2025-08-21 12:41:00,2025-08-22 18:41:00
6425,6425,5,2026-04-12 12:38:00,2026-04-13 19:38:00,2026-04-21 16:56:00,Completed,2026-04-12 12:38:00,2026-04-21 16:56:00
6426,6426,1,2025-10-10 15:34:00,2025-10-12 18:34:00,2025-10-11 10:43:00,Completed,2025-10-10 15:34:00,2025-10-12 18:34:00
6427,6427,3,2026-03-11 15:44:00,2026-03-13 17:44:00,2026-03-18 08:24:00,Completed,2026-03-11 15:44:00,2026-03-18 08:24:00
6428,6428,1,2025-12-22 12:34:00,2025-12-25 14:34:00,2026-01-04 17:50:00,Completed,2025-12-22 12:34:00,2026-01-04 17:50:00
6429,6429,2,2025-11-21 15:36:00,2025-11-23 18:36:00,2025-11-28 16:37:00,Completed,2025-11-21 15:36:00,2025-11-28 16:37:00
6430,6430,4,2025-07-20 08:47:00,2025-07-21 15:47:00,2025-07-21 15:08:00,Completed,2025-07-20 08:47:00,2025-07-21 15:47:00
6431,6431,1,2026-04-06 08:05:00,2026-04-07 11:05:00,2026-04-09 08:01:00,Completed,2026-04-06 08:05:00,2026-04-09 08:01:00
6432,6432,5,2025-07-06 15:15:00,2025-07-08 15:15:00,2025-07-07 15:23:00,Completed,2025-07-06 15:15:00,2025-07-08 15:15:00
6433,6433,2,2026-01-08 09:44:00,2026-01-10 15:44:00,2026-01-15 08:30:00,Completed,2026-01-08 09:44:00,2026-01-15 08:30:00
6434,6434,1,2026-02-21 10:22:00,2026-02-22 14:22:00,2026-03-01 14:03:00,Completed,2026-02-21 10:22:00,2026-03-01 14:03:00
6435,6435,4,2025-08-19 11:35:00,2025-08-22 19:35:00,2025-09-03 14:51:00,Completed,2025-08-19 11:35:00,2025-09-03 14:51:00
6436,6436,2,2025-11-01 08:42:00,2025-11-03 11:42:00,2025-11-15 11:32:00,Completed,2025-11-01 08:42:00,2025-11-15 11:32:00
6437,6437,3,2025-07-02 08:53:00,2025-07-05 13:53:00,2025-07-15 11:14:00,Completed,2025-07-02 08:53:00,2025-07-15 11:14:00
6438,6438,2,2025-06-26 13:02:00,2025-06-28 13:02:00,2025-07-04 14:49:00,Completed,2025-06-26 13:02:00,2025-07-04 14:49:00
6439,6439,1,2026-03-01 08:15:00,2026-03-04 11:15:00,2026-03-06 14:46:00,Completed,2026-03-01 08:15:00,2026-03-06 14:46:00
6440,6440,4,2025-08-20 12:27:00,2025-08-22 18:27:00,2025-08-25 15:51:00,Completed,2025-08-20 12:27:00,2025-08-25 15:51:00
6441,6441,2,2025-10-04 12:27:00,2025-10-07 14:27:00,2025-10-07 11:18:00,Completed,2025-10-04 12:27:00,2025-10-07 14:27:00
6442,6442,3,2026-03-30 13:57:00,2026-04-02 19:57:00,2026-03-30 18:04:00,Completed,2026-03-30 13:57:00,2026-04-02 19:57:00
6443,6443,1,2025-10-20 16:33:00,2025-10-23 00:33:00,2025-10-28 09:06:00,Completed,2025-10-20 16:33:00,2025-10-28 09:06:00
6444,6444,5,2025-08-20 09:09:00,2025-08-21 12:09:00,2025-08-25 08:25:00,Completed,2025-08-20 09:09:00,2025-08-25 08:25:00
6445,6445,3,2025-10-11 15:47:00,2025-10-12 15:47:00,2025-10-12 14:31:00,Completed,2025-10-11 15:47:00,2025-10-12 15:47:00
6446,6446,1,2025-09-24 11:02:00,2025-09-25 18:02:00,2025-10-04 12:14:00,Completed,2025-09-24 11:02:00,2025-10-04 12:14:00
6447,6447,2,2025-06-12 09:45:00,2025-06-15 14:45:00,2025-06-23 16:39:00,Completed,2025-06-12 09:45:00,2025-06-23 16:39:00
6448,6448,3,2026-05-28 15:15:00,2026-05-31 20:15:00,2026-06-01 12:52:00,Completed,2026-05-28 15:15:00,2026-06-01 12:52:00
6449,6449,3,2025-08-16 18:20:00,2025-08-18 23:20:00,2025-08-23 10:36:00,Completed,2025-08-16 18:20:00,2025-08-23 10:36:00
6450,6450,2,2025-10-13 13:35:00,2025-10-16 16:35:00,2025-10-13 16:28:00,Completed,2025-10-13 13:35:00,2025-10-16 16:35:00
6451,6451,3,2025-09-04 12:58:00,2025-09-05 17:58:00,2025-09-06 12:54:00,Completed,2025-09-04 12:58:00,2025-09-06 12:54:00
6452,6452,3,2026-03-13 09:39:00,2026-03-15 17:39:00,2026-03-19 16:40:00,Completed,2026-03-13 09:39:00,2026-03-19 16:40:00
6453,6453,5,2026-05-24 12:38:00,2026-05-26 17:38:00,2026-06-03 15:40:00,Completed,2026-05-24 12:38:00,2026-06-03 15:40:00
6454,6454,2,2025-08-10 14:21:00,2025-08-13 21:21:00,2025-08-15 13:24:00,Completed,2025-08-10 14:21:00,2025-08-15 13:24:00
6455,6455,4,2025-10-03 18:59:00,2025-10-05 01:59:00,2025-10-06 08:39:00,Completed,2025-10-03 18:59:00,2025-10-06 08:39:00
6456,6456,5,2025-06-21 12:56:00,2025-06-22 16:56:00,2025-06-24 14:03:00,Completed,2025-06-21 12:56:00,2025-06-24 14:03:00
6457,6457,1,2026-03-25 10:55:00,2026-03-27 18:55:00,2026-04-18 16:31:00,Completed,2026-03-25 10:55:00,2026-04-18 16:31:00
6458,6458,4,2025-10-02 11:43:00,2025-10-03 14:43:00,2025-10-11 13:30:00,Completed,2025-10-02 11:43:00,2025-10-11 13:30:00
6459,6459,1,2026-03-01 16:21:00,2026-03-03 17:21:00,2026-03-14 12:34:00,Completed,2026-03-01 16:21:00,2026-03-14 12:34:00
6460,6460,1,2025-07-25 11:40:00,2025-07-28 17:40:00,2025-07-27 17:36:00,Completed,2025-07-25 11:40:00,2025-07-28 17:40:00
6461,6461,3,2025-10-12 15:45:00,2025-10-15 16:45:00,2025-10-15 08:25:00,Completed,2025-10-12 15:45:00,2025-10-15 16:45:00
6462,6462,1,2026-05-23 08:27:00,2026-05-26 08:27:00,2026-05-28 09:05:00,Completed,2026-05-23 08:27:00,2026-05-28 09:05:00
6463,6463,1,2025-06-08 12:57:00,2025-06-11 12:57:00,2025-06-12 13:17:00,Completed,2025-06-08 12:57:00,2025-06-12 13:17:00
6464,6464,4,2025-11-20 16:54:00,2025-11-22 00:54:00,2025-12-10 15:09:00,Completed,2025-11-20 16:54:00,2025-12-10 15:09:00
6465,6465,3,2025-12-30 10:13:00,2025-12-31 16:13:00,2026-01-07 18:08:00,Completed,2025-12-30 10:13:00,2026-01-07 18:08:00
6466,6466,5,2025-08-04 12:58:00,2025-08-07 20:58:00,2025-08-12 09:33:00,Completed,2025-08-04 12:58:00,2025-08-12 09:33:00
6467,6467,5,2026-05-13 11:36:00,2026-05-15 16:36:00,2026-06-01 09:55:00,Completed,2026-05-13 11:36:00,2026-06-01 09:55:00
6468,6468,1,2026-01-31 10:22:00,2026-02-03 10:22:00,2026-02-03 14:00:00,Completed,2026-01-31 10:22:00,2026-02-03 14:00:00
6469,6469,4,2025-06-15 15:31:00,2025-06-18 17:31:00,2025-06-15 14:16:00,Completed,2025-06-15 15:31:00,2025-06-18 17:31:00
6470,6470,4,2025-08-21 14:46:00,2025-08-24 16:46:00,2025-09-06 08:52:00,Completed,2025-08-21 14:46:00,2025-09-06 08:52:00
6471,6471,1,2026-01-24 15:39:00,2026-01-25 16:39:00,2026-01-28 10:03:00,Completed,2026-01-24 15:39:00,2026-01-28 10:03:00
6472,6472,2,2026-05-18 09:47:00,2026-05-21 12:47:00,2026-06-01 15:39:00,Completed,2026-05-18 09:47:00,2026-06-01 15:39:00
6473,6473,5,2025-12-13 13:07:00,2025-12-16 15:07:00,2025-12-17 18:34:00,Completed,2025-12-13 13:07:00,2025-12-17 18:34:00
6474,6474,2,2025-11-11 11:01:00,2025-11-12 17:01:00,2025-11-26 13:22:00,Completed,2025-11-11 11:01:00,2025-11-26 13:22:00
6475,6475,3,2026-01-31 13:19:00,2026-02-03 14:19:00,2026-02-08 15:15:00,Completed,2026-01-31 13:19:00,2026-02-08 15:15:00
6476,6476,5,2025-07-09 11:34:00,2025-07-10 19:34:00,,Delivered,2025-07-09 11:34:00,2025-07-10 19:34:00
6477,6477,2,2025-08-27 18:04:00,2025-08-28 23:04:00,2025-09-02 13:15:00,Completed,2025-08-27 18:04:00,2025-09-02 13:15:00
6478,6478,1,2025-11-13 16:32:00,2025-11-16 21:32:00,2025-11-18 15:50:00,Completed,2025-11-13 16:32:00,2025-11-18 15:50:00
6479,6479,5,2026-04-17 15:22:00,2026-04-20 19:22:00,2026-04-20 12:49:00,Completed,2026-04-17 15:22:00,2026-04-20 19:22:00
6480,6480,3,2025-08-10 09:38:00,2025-08-12 09:38:00,2025-08-11 18:44:00,Completed,2025-08-10 09:38:00,2025-08-12 09:38:00
6481,6481,4,2026-02-17 13:09:00,2026-02-20 16:09:00,2026-02-27 10:22:00,Completed,2026-02-17 13:09:00,2026-02-27 10:22:00
6482,6482,4,2025-06-13 12:34:00,2025-06-16 13:34:00,2025-06-26 11:01:00,Completed,2025-06-13 12:34:00,2025-06-26 11:01:00
6483,6483,5,2025-08-29 18:39:00,2025-09-01 20:39:00,2025-08-31 17:27:00,Completed,2025-08-29 18:39:00,2025-09-01 20:39:00
6484,6484,4,2026-02-06 11:27:00,2026-02-07 17:27:00,2026-02-17 16:11:00,Completed,2026-02-06 11:27:00,2026-02-17 16:11:00
6485,6485,1,2025-06-19 12:36:00,2025-06-20 12:36:00,2025-06-24 09:09:00,Completed,2025-06-19 12:36:00,2025-06-24 09:09:00
6486,6486,4,2026-04-28 15:08:00,2026-04-29 20:08:00,2026-05-02 09:25:00,Completed,2026-04-28 15:08:00,2026-05-02 09:25:00
6487,6487,2,2025-12-12 11:44:00,2025-12-14 14:44:00,2025-12-21 09:07:00,Completed,2025-12-12 11:44:00,2025-12-21 09:07:00
6488,6488,3,2026-01-09 10:36:00,2026-01-10 14:36:00,2026-01-11 18:26:00,Completed,2026-01-09 10:36:00,2026-01-11 18:26:00
6489,6489,3,2025-10-18 11:02:00,2025-10-20 18:02:00,2025-10-19 18:12:00,Completed,2025-10-18 11:02:00,2025-10-20 18:02:00
6490,6490,1,2026-01-26 11:09:00,2026-01-28 12:09:00,2026-02-02 09:50:00,Completed,2026-01-26 11:09:00,2026-02-02 09:50:00
6491,6491,2,2025-10-22 18:57:00,2025-10-24 20:57:00,2025-10-26 13:30:00,Completed,2025-10-22 18:57:00,2025-10-26 13:30:00
6492,6492,1,2026-02-19 11:52:00,2026-02-20 14:52:00,2026-03-07 10:25:00,Completed,2026-02-19 11:52:00,2026-03-07 10:25:00
6493,6493,2,2026-04-16 15:59:00,2026-04-17 23:59:00,,Delivered,2026-04-16 15:59:00,2026-04-17 23:59:00
6494,6494,5,2025-11-06 10:48:00,2025-11-09 16:48:00,2025-11-11 15:21:00,Completed,2025-11-06 10:48:00,2025-11-11 15:21:00
6495,6495,3,2026-04-28 08:23:00,2026-05-01 12:23:00,2026-05-11 16:11:00,Completed,2026-04-28 08:23:00,2026-05-11 16:11:00
6496,6496,3,2026-02-17 10:41:00,2026-02-20 18:41:00,2026-02-20 08:23:00,Completed,2026-02-17 10:41:00,2026-02-20 18:41:00
6497,6497,4,2026-05-12 18:25:00,2026-05-14 22:25:00,2026-05-14 17:24:00,Completed,2026-05-12 18:25:00,2026-05-14 22:25:00
6498,6498,4,2026-01-01 09:57:00,2026-01-03 16:57:00,2026-01-01 13:53:00,Completed,2026-01-01 09:57:00,2026-01-03 16:57:00
6499,6499,1,2026-05-10 10:10:00,2026-05-13 15:10:00,2026-05-21 17:02:00,Completed,2026-05-10 10:10:00,2026-05-21 17:02:00
6500,6500,5,2025-09-25 17:00:00,2025-09-26 23:00:00,2025-09-28 15:33:00,Completed,2025-09-25 17:00:00,2025-09-28 15:33:00
