inventory_id,content_id,warehouse_id,barcode,purchase_date,item_condition,status,created_at,updated_at
1,1,1,ABC00000001,2021-09-09,New,Available,2023-05-03 16:46:56,2023-05-03 16:46:56
2,1,10,ABC00000002,2022-09-04,Good,Retired,2023-05-04 02:47:37,2023-05-04 02:47:37
3,1,10,ABC00000003,2020-07-07,Good,Rented,2023-05-04 08:14:10,2023-05-04 08:14:10
4,1,10,ABC00000004,2024-04-24,Good,Available,2024-04-24 08:22:58,2024-04-24 08:22:58
5,2,8,ABC00000005,2020-12-02,Good,Rented,2023-05-04 21:38:23,2023-05-04 21:38:23
6,2,6,ABC00000006,2022-12-31,New,Available,2023-05-03 11:55:32,2023-05-03 11:55:32
7,2,9,ABC00000007,2019-03-14,Good,Rented,2023-05-01 04:43:00,2023-05-01 04:43:00
8,2,6,ABC00000008,2020-01-08,Good,Rented,2023-05-01 13:05:50,2023-05-01 13:05:50
9,2,2,ABC00000009,2018-12-14,New,Available,2023-05-02 21:54:20,2023-05-02 21:54:20
10,2,9,ABC00000010,2022-06-19,Good,Available,2023-05-03 19:18:03,2023-05-03 19:18:03
11,3,5,ABC00000011,2023-06-15,New,Available,2023-06-15 16:43:41,2023-06-15 16:43:41
12,3,4,ABC00000012,2022-04-29,Good,Rented,2023-05-04 01:01:27,2023-05-04 01:01:27
13,3,1,ABC00000013,2021-05-18,Good,Available,2023-05-01 21:47:31,2023-05-01 21:47:31
14,3,8,ABC00000014,2022-05-06,Worn,Available,2023-05-03 05:39:56,2023-05-03 05:39:56
15,4,6,ABC00000015,2022-12-23,Good,Available,2023-05-01 07:04:20,2023-05-01 07:04:20
16,4,8,ABC00000016,2024-01-25,Good,Available,2024-01-25 23:21:44,2024-01-25 23:21:44
17,4,7,ABC00000017,2018-11-28,Good,Rented,2023-05-04 09:38:57,2023-05-04 09:38:57
18,4,8,ABC00000018,2025-06-28,Worn,Rented,2025-06-28 22:50:38,2025-06-28 22:50:38
19,4,3,ABC00000019,2024-07-26,Good,Available,2024-07-26 16:50:32,2024-07-26 16:50:32
20,4,1,ABC00000020,2019-07-01,New,Rented,2023-05-01 09:10:40,2023-05-01 09:10:40
21,5,2,ABC00000021,2020-02-18,New,Retired,2023-05-03 17:11:09,2023-05-03 17:11:09
22,5,6,ABC00000022,2023-06-14,Good,Available,2023-06-14 14:05:04,2023-06-14 14:05:04
23,5,10,ABC00000023,2018-07-16,New,Available,2023-05-01 08:03:26,2023-05-01 08:03:26
24,6,1,ABC00000024,2023-05-17,Good,Available,2023-05-17 23:01:33,2023-05-17 23:01:33
25,6,10,ABC00000025,2021-11-28,New,Rented,2023-05-02 00:56:18,2023-05-02 00:56:18
26,6,9,ABC00000026,2024-09-11,Good,Available,2024-09-11 15:57:05,2024-09-11 15:57:05
27,7,10,ABC00000027,2025-08-29,Damaged,Available,2025-08-29 10:31:24,2025-08-29 10:31:24
28,7,3,ABC00000028,2021-01-25,Good,Available,2023-05-01 08:04:06,2023-05-01 08:04:06
29,7,6,ABC00000029,2024-06-21,New,Rented,2024-06-21 10:26:46,2024-06-21 10:26:46
30,7,7,ABC00000030,2021-05-19,Good,Retired,2023-05-02 04:57:25,2023-05-02 04:57:25
31,9,7,ABC00000031,2025-06-20,Worn,Retired,2025-06-20 09:15:40,2025-06-20 09:15:40
32,9,6,ABC00000032,2019-07-08,Good,Retired,2023-05-03 01:01:39,2023-05-03 01:01:39
33,9,8,ABC00000033,2020-01-10,Good,Available,2023-05-03 05:41:54,2023-05-03 05:41:54
34,9,6,ABC00000034,2018-03-11,New,Available,2023-05-03 13:09:25,2023-05-03 13:09:25
35,12,9,ABC00000035,2019-02-03,New,Available,2023-05-04 22:40:51,2023-05-04 22:40:51
36,12,3,ABC00000036,2020-03-07,Good,Rented,2023-05-04 22:22:27,2023-05-04 22:22:27
37,12,10,ABC00000037,2024-05-11,Worn,Available,2024-05-11 07:33:20,2024-05-11 07:33:20
38,12,2,ABC00000038,2021-01-29,Good,Available,2023-05-01 22:58:24,2023-05-01 22:58:24
39,12,9,ABC00000039,2025-01-15,Worn,Available,2025-01-15 18:09:54,2025-01-15 18:09:54
40,12,3,ABC00000040,2023-07-03,Good,Available,2023-07-03 07:49:47,2023-07-03 07:49:47
41,13,9,ABC00000041,2019-12-20,Damaged,Available,2023-05-02 21:11:07,2023-05-02 21:11:07
42,13,4,ABC00000042,2026-05-08,New,Rented,2026-05-08 04:29:22,2026-05-08 04:29:22
43,14,1,ABC00000043,2020-04-24,Worn,Available,2023-05-03 17:19:19,2023-05-03 17:19:19
44,14,1,ABC00000044,2025-11-03,Good,Available,2025-11-03 13:39:24,2025-11-03 13:39:24
45,14,10,ABC00000045,2023-11-13,Good,Available,2023-11-13 07:55:16,2023-11-13 07:55:16
46,14,7,ABC00000046,2025-05-25,Worn,Rented,2025-05-25 09:05:26,2025-05-25 09:05:26
47,14,1,ABC00000047,2025-03-29,New,Rented,2025-03-29 07:52:01,2025-03-29 07:52:01
48,16,9,ABC00000048,2023-03-14,New,Rented,2023-05-01 23:43:50,2023-05-01 23:43:50
49,16,7,ABC00000049,2018-06-15,Worn,Rented,2023-05-03 12:44:16,2023-05-03 12:44:16
50,17,1,ABC00000050,2025-02-20,Worn,Retired,2025-02-20 18:52:59,2025-02-20 18:52:59
51,17,9,ABC00000051,2020-03-05,Good,Rented,2023-05-04 00:22:22,2023-05-04 00:22:22
52,17,5,ABC00000052,2024-05-24,Worn,Available,2024-05-24 21:58:20,2024-05-24 21:58:20
53,17,5,ABC00000053,2023-06-13,Good,Rented,2023-06-13 05:35:10,2023-06-13 05:35:10
54,17,1,ABC00000054,2024-12-07,New,Available,2024-12-07 16:22:56,2024-12-07 16:22:56
55,17,4,ABC00000055,2020-12-31,Good,Retired,2023-05-02 10:25:39,2023-05-02 10:25:39
56,18,9,ABC00000056,2021-03-31,New,Available,2023-05-01 19:14:09,2023-05-01 19:14:09
57,18,4,ABC00000057,2023-03-10,Good,Available,2023-05-04 11:43:18,2023-05-04 11:43:18
58,18,9,ABC00000058,2023-04-09,Good,Rented,2023-05-01 17:02:03,2023-05-01 17:02:03
59,18,7,ABC00000059,2023-08-06,New,Rented,2023-08-06 04:50:26,2023-08-06 04:50:26
60,18,9,ABC00000060,2018-08-18,Good,Available,2023-05-01 03:21:24,2023-05-01 03:21:24
61,19,6,ABC00000061,2018-07-24,Good,Rented,2023-05-03 07:09:51,2023-05-03 07:09:51
62,19,6,ABC00000062,2025-05-02,New,Available,2025-05-02 00:51:20,2025-05-02 00:51:20
63,19,10,ABC00000063,2024-01-28,New,Available,2024-01-28 20:13:12,2024-01-28 20:13:12
64,19,9,ABC00000064,2022-04-29,Good,Available,2023-05-03 13:36:52,2023-05-03 13:36:52
65,19,4,ABC00000065,2024-09-28,Good,Rented,2024-09-28 10:19:54,2024-09-28 10:19:54
66,20,8,ABC00000066,2020-09-07,Worn,Available,2023-05-03 21:09:58,2023-05-03 21:09:58
67,20,6,ABC00000067,2022-01-04,Good,Rented,2023-05-03 04:49:18,2023-05-03 04:49:18
68,20,6,ABC00000068,2025-09-17,Good,Available,2025-09-17 02:19:20,2025-09-17 02:19:20
69,20,5,ABC00000069,2021-05-20,Good,Available,2023-05-04 10:53:37,2023-05-04 10:53:37
70,20,6,ABC00000070,2024-11-17,Good,Retired,2024-11-17 17:23:58,2024-11-17 17:23:58
71,21,2,ABC00000071,2023-06-02,Good,Available,2023-06-02 22:32:47,2023-06-02 22:32:47
72,21,4,ABC00000072,2019-12-25,Good,Rented,2023-05-04 01:42:12,2023-05-04 01:42:12
73,21,9,ABC00000073,2023-01-12,Worn,Available,2023-05-03 13:20:32,2023-05-03 13:20:32
74,21,8,ABC00000074,2021-07-10,New,Available,2023-05-01 02:13:35,2023-05-01 02:13:35
75,22,6,ABC00000075,2024-08-14,Worn,Rented,2024-08-14 10:06:35,2024-08-14 10:06:35
76,22,8,ABC00000076,2024-04-07,Good,Available,2024-04-07 11:38:39,2024-04-07 11:38:39
77,22,7,ABC00000077,2018-12-19,New,Available,2023-05-01 19:04:56,2023-05-01 19:04:56
78,24,7,ABC00000078,2024-09-15,Good,Available,2024-09-15 02:04:51,2024-09-15 02:04:51
79,24,8,ABC00000079,2025-07-28,New,Available,2025-07-28 08:36:24,2025-07-28 08:36:24
80,24,3,ABC00000080,2024-09-11,Worn,Available,2024-09-11 13:29:42,2024-09-11 13:29:42
81,24,7,ABC00000081,2025-12-31,Good,Available,2025-12-31 03:02:46,2025-12-31 03:02:46
82,24,10,ABC00000082,2024-02-06,Good,Available,2024-02-06 03:47:01,2024-02-06 03:47:01
83,24,10,ABC00000083,2026-03-05,Good,Available,2026-03-05 06:09:00,2026-03-05 06:09:00
84,26,4,ABC00000084,2021-08-12,Good,Available,2023-05-02 14:23:07,2023-05-02 14:23:07
85,26,2,ABC00000085,2022-07-31,New,Available,2023-05-02 23:15:01,2023-05-02 23:15:01
86,26,2,ABC00000086,2020-04-14,New,Available,2023-05-02 19:03:57,2023-05-02 19:03:57
87,26,4,ABC00000087,2021-04-10,Good,Available,2023-05-03 08:21:46,2023-05-03 08:21:46
88,26,2,ABC00000088,2019-07-18,Good,Rented,2023-05-03 18:29:16,2023-05-03 18:29:16
89,28,5,ABC00000089,2025-04-16,Good,Rented,2025-04-16 23:39:50,2025-04-16 23:39:50
90,28,6,ABC00000090,2021-12-15,Good,Rented,2023-05-03 09:56:47,2023-05-03 09:56:47
91,28,9,ABC00000091,2024-07-19,Good,Rented,2024-07-19 14:09:09,2024-07-19 14:09:09
92,28,7,ABC00000092,2026-03-17,Worn,Available,2026-03-17 21:19:01,2026-03-17 21:19:01
93,28,5,ABC00000093,2019-11-01,New,Available,2023-05-02 03:00:04,2023-05-02 03:00:04
94,30,6,ABC00000094,2024-11-16,Good,Available,2024-11-16 15:12:41,2024-11-16 15:12:41
95,30,9,ABC00000095,2025-12-06,Good,Rented,2025-12-06 06:16:25,2025-12-06 06:16:25
96,30,4,ABC00000096,2021-08-10,Good,Available,2023-05-01 10:31:51,2023-05-01 10:31:51
97,30,9,ABC00000097,2021-03-02,Damaged,Available,2023-05-03 10:47:38,2023-05-03 10:47:38
98,30,10,ABC00000098,2021-10-08,Worn,Rented,2023-05-01 00:46:19,2023-05-01 00:46:19
99,31,8,ABC00000099,2020-05-16,Good,Available,2023-05-03 08:35:24,2023-05-03 08:35:24
100,31,6,ABC00000100,2018-08-21,Worn,Available,2023-05-02 16:25:45,2023-05-02 16:25:45
101,31,4,ABC00000101,2019-07-07,Good,Available,2023-05-01 01:22:30,2023-05-01 01:22:30
102,32,2,ABC00000102,2023-02-15,Worn,Rented,2023-05-04 07:37:19,2023-05-04 07:37:19
103,32,3,ABC00000103,2021-06-05,Good,Available,2023-05-01 01:27:57,2023-05-01 01:27:57
104,32,6,ABC00000104,2022-09-29,Good,Rented,2023-05-02 09:56:21,2023-05-02 09:56:21
105,33,6,ABC00000105,2026-03-17,Good,Available,2026-03-17 02:13:47,2026-03-17 02:13:47
106,33,6,ABC00000106,2021-09-09,Good,Available,2023-05-03 09:58:33,2023-05-03 09:58:33
107,33,9,ABC00000107,2026-01-23,Good,Available,2026-01-23 06:26:46,2026-01-23 06:26:46
108,33,6,ABC00000108,2018-02-06,Worn,Retired,2023-05-04 01:49:53,2023-05-04 01:49:53
109,34,2,ABC00000109,2020-12-05,Good,Available,2023-05-04 21:03:57,2023-05-04 21:03:57
110,34,7,ABC00000110,2024-04-16,Good,Rented,2024-04-16 02:56:29,2024-04-16 02:56:29
111,34,7,ABC00000111,2021-03-21,Good,Rented,2023-05-04 10:09:03,2023-05-04 10:09:03
112,34,9,ABC00000112,2020-04-26,Worn,Available,2023-05-03 03:22:24,2023-05-03 03:22:24
113,35,6,ABC00000113,2019-11-11,Worn,Available,2023-05-02 03:37:47,2023-05-02 03:37:47
114,35,5,ABC00000114,2022-08-13,Good,Available,2023-05-01 05:39:42,2023-05-01 05:39:42
115,35,9,ABC00000115,2021-06-26,Good,Rented,2023-05-02 10:12:03,2023-05-02 10:12:03
116,35,10,ABC00000116,2020-11-14,Good,Retired,2023-05-01 02:57:27,2023-05-01 02:57:27
117,35,2,ABC00000117,2022-12-02,Good,Rented,2023-05-01 22:07:13,2023-05-01 22:07:13
118,38,5,ABC00000118,2018-07-29,Good,Available,2023-05-03 10:00:48,2023-05-03 10:00:48
119,38,8,ABC00000119,2023-05-30,Good,Rented,2023-05-30 14:36:48,2023-05-30 14:36:48
120,38,9,ABC00000120,2026-04-21,New,Available,2026-04-21 21:18:39,2026-04-21 21:18:39
121,38,8,ABC00000121,2019-03-28,Good,Rented,2023-05-02 12:29:15,2023-05-02 12:29:15
122,38,2,ABC00000122,2025-09-13,Good,Available,2025-09-13 19:10:17,2025-09-13 19:10:17
123,39,8,ABC00000123,2022-03-07,New,Available,2023-05-01 12:07:05,2023-05-01 12:07:05
124,39,5,ABC00000124,2022-07-20,Good,Rented,2023-05-03 21:52:08,2023-05-03 21:52:08
125,42,10,ABC00000125,2018-06-14,Good,Available,2023-05-04 08:35:30,2023-05-04 08:35:30
126,42,3,ABC00000126,2020-11-22,Good,Rented,2023-05-02 14:23:20,2023-05-02 14:23:20
127,42,5,ABC00000127,2023-01-15,Good,Available,2023-05-04 19:26:23,2023-05-04 19:26:23
128,44,10,ABC00000128,2021-03-21,Worn,Rented,2023-05-01 00:55:52,2023-05-01 00:55:52
129,44,7,ABC00000129,2019-05-08,Good,Rented,2023-05-04 02:16:54,2023-05-04 02:16:54
130,46,7,ABC00000130,2022-03-18,Worn,Available,2023-05-03 19:49:48,2023-05-03 19:49:48
131,46,2,ABC00000131,2024-10-09,Good,Available,2024-10-09 08:38:47,2024-10-09 08:38:47
132,46,4,ABC00000132,2018-08-06,Damaged,Rented,2023-05-02 17:09:52,2023-05-02 17:09:52
133,46,7,ABC00000133,2023-09-26,Good,Available,2023-09-26 16:49:33,2023-09-26 16:49:33
134,46,9,ABC00000134,2019-12-25,Good,Rented,2023-05-03 19:21:59,2023-05-03 19:21:59
135,47,10,ABC00000135,2020-03-25,New,Available,2023-05-01 09:22:34,2023-05-01 09:22:34
136,47,6,ABC00000136,2026-02-16,New,Available,2026-02-16 19:15:13,2026-02-16 19:15:13
137,47,7,ABC00000137,2020-01-22,Good,Rented,2023-05-04 04:21:29,2023-05-04 04:21:29
138,47,2,ABC00000138,2019-05-07,Good,Available,2023-05-02 11:40:58,2023-05-02 11:40:58
139,48,5,ABC00000139,2019-02-17,New,Rented,2023-05-01 12:03:14,2023-05-01 12:03:14
140,48,4,ABC00000140,2024-04-12,Worn,Available,2024-04-12 21:37:02,2024-04-12 21:37:02
141,49,9,ABC00000141,2020-09-29,Good,Rented,2023-05-03 00:56:46,2023-05-03 00:56:46
142,49,6,ABC00000142,2024-12-21,New,Rented,2024-12-21 15:50:48,2024-12-21 15:50:48
143,49,7,ABC00000143,2020-01-17,New,Rented,2023-05-02 10:56:57,2023-05-02 10:56:57
144,49,4,ABC00000144,2024-09-05,Damaged,Rented,2024-09-05 05:09:41,2024-09-05 05:09:41
145,49,8,ABC00000145,2021-12-30,Good,Retired,2023-05-03 02:22:19,2023-05-03 02:22:19
146,50,1,ABC00000146,2021-02-11,New,Retired,2023-05-04 00:29:35,2023-05-04 00:29:35
147,50,3,ABC00000147,2021-03-21,Worn,Rented,2023-05-02 16:51:25,2023-05-02 16:51:25
148,50,5,ABC00000148,2024-09-17,Good,Available,2024-09-17 21:30:53,2024-09-17 21:30:53
149,50,6,ABC00000149,2022-05-16,Good,Available,2023-05-02 20:41:07,2023-05-02 20:41:07
150,50,6,ABC00000150,2025-09-06,Good,Available,2025-09-06 00:12:52,2025-09-06 00:12:52
151,51,2,ABC00000151,2026-04-27,New,Available,2026-04-27 21:19:09,2026-04-27 21:19:09
152,51,10,ABC00000152,2024-08-31,New,Rented,2024-08-31 20:06:35,2024-08-31 20:06:35
153,51,1,ABC00000153,2024-05-18,Good,Rented,2024-05-18 08:01:03,2024-05-18 08:01:03
154,51,6,ABC00000154,2020-08-14,New,Rented,2023-05-01 08:53:45,2023-05-01 08:53:45
155,51,3,ABC00000155,2024-12-12,New,Rented,2024-12-12 12:25:04,2024-12-12 12:25:04
156,52,10,ABC00000156,2023-12-09,Good,Rented,2023-12-09 09:11:21,2023-12-09 09:11:21
157,52,7,ABC00000157,2024-03-02,Good,Available,2024-03-02 10:25:40,2024-03-02 10:25:40
158,52,5,ABC00000158,2024-04-13,Worn,Retired,2024-04-13 05:11:05,2024-04-13 05:11:05
159,53,10,ABC00000159,2024-05-31,Good,Rented,2024-05-31 09:54:46,2024-05-31 09:54:46
160,53,10,ABC00000160,2024-08-28,Worn,Available,2024-08-28 22:38:06,2024-08-28 22:38:06
161,53,3,ABC00000161,2018-01-25,Worn,Available,2023-05-04 13:24:41,2023-05-04 13:24:41
162,53,4,ABC00000162,2022-08-07,Good,Rented,2023-05-03 23:37:46,2023-05-03 23:37:46
163,53,7,ABC00000163,2019-01-04,Good,Available,2023-05-02 10:57:36,2023-05-02 10:57:36
164,56,1,ABC00000164,2024-02-24,Good,Available,2024-02-24 15:56:19,2024-02-24 15:56:19
165,56,7,ABC00000165,2024-02-05,Good,Available,2024-02-05 11:04:33,2024-02-05 11:04:33
166,56,7,ABC00000166,2024-06-17,Good,Rented,2024-06-17 09:12:40,2024-06-17 09:12:40
167,56,6,ABC00000167,2023-01-20,New,Available,2023-05-01 08:39:02,2023-05-01 08:39:02
168,56,2,ABC00000168,2019-05-01,New,Available,2023-05-01 15:38:06,2023-05-01 15:38:06
169,56,10,ABC00000169,2025-07-19,New,Rented,2025-07-19 02:31:31,2025-07-19 02:31:31
170,57,1,ABC00000170,2023-12-09,Good,Available,2023-12-09 11:54:21,2023-12-09 11:54:21
171,57,3,ABC00000171,2021-01-14,Good,Available,2023-05-04 11:55:31,2023-05-04 11:55:31
172,57,3,ABC00000172,2024-01-20,Good,Available,2024-01-20 03:49:12,2024-01-20 03:49:12
173,59,10,ABC00000173,2023-12-12,Good,Available,2023-12-12 19:25:16,2023-12-12 19:25:16
174,59,9,ABC00000174,2024-11-19,New,Rented,2024-11-19 18:45:57,2024-11-19 18:45:57
175,59,10,ABC00000175,2025-09-21,New,Available,2025-09-21 06:41:48,2025-09-21 06:41:48
176,59,1,ABC00000176,2020-04-29,Good,Rented,2023-05-04 21:18:29,2023-05-04 21:18:29
177,64,9,ABC00000177,2019-07-18,New,Rented,2023-05-01 06:17:13,2023-05-01 06:17:13
178,64,4,ABC00000178,2019-01-27,Good,Available,2023-05-02 22:55:04,2023-05-02 22:55:04
179,65,7,ABC00000179,2024-06-16,Good,Available,2024-06-16 09:12:34,2024-06-16 09:12:34
180,65,8,ABC00000180,2025-03-27,New,Available,2025-03-27 09:32:48,2025-03-27 09:32:48
181,65,10,ABC00000181,2020-08-17,New,Available,2023-05-02 00:15:37,2023-05-02 00:15:37
182,65,9,ABC00000182,2023-05-26,New,Available,2023-05-26 11:44:55,2023-05-26 11:44:55
183,65,3,ABC00000183,2020-09-30,Good,Available,2023-05-01 12:18:24,2023-05-01 12:18:24
184,65,6,ABC00000184,2024-12-28,Good,Available,2024-12-28 19:21:16,2024-12-28 19:21:16
185,66,6,ABC00000185,2021-04-13,Worn,Available,2023-05-04 08:31:33,2023-05-04 08:31:33
186,66,4,ABC00000186,2018-04-03,New,Rented,2023-05-04 03:18:34,2023-05-04 03:18:34
187,66,6,ABC00000187,2022-01-10,Worn,Available,2023-05-03 02:35:56,2023-05-03 02:35:56
188,66,9,ABC00000188,2020-03-15,New,Available,2023-05-04 01:57:27,2023-05-04 01:57:27
189,67,3,ABC00000189,2025-02-07,New,Rented,2025-02-07 10:55:06,2025-02-07 10:55:06
190,67,5,ABC00000190,2022-01-10,Good,Available,2023-05-04 07:41:29,2023-05-04 07:41:29
191,67,10,ABC00000191,2019-09-22,Worn,Available,2023-05-04 15:07:34,2023-05-04 15:07:34
192,68,9,ABC00000192,2019-09-27,New,Available,2023-05-02 04:57:23,2023-05-02 04:57:23
193,68,1,ABC00000193,2023-05-29,Good,Rented,2023-05-29 17:38:33,2023-05-29 17:38:33
194,68,10,ABC00000194,2025-09-13,New,Available,2025-09-13 14:45:00,2025-09-13 14:45:00
195,68,2,ABC00000195,2021-05-30,Good,Rented,2023-05-03 14:33:44,2023-05-03 14:33:44
196,68,3,ABC00000196,2018-04-12,Good,Available,2023-05-04 13:34:38,2023-05-04 13:34:38
197,68,6,ABC00000197,2020-09-25,Worn,Rented,2023-05-01 09:26:12,2023-05-01 09:26:12
198,69,8,ABC00000198,2020-09-03,Good,Available,2023-05-01 14:50:58,2023-05-01 14:50:58
199,69,8,ABC00000199,2022-10-03,Good,Rented,2023-05-03 23:38:11,2023-05-03 23:38:11
200,69,2,ABC00000200,2019-09-04,Good,Available,2023-05-04 03:58:22,2023-05-04 03:58:22
201,69,1,ABC00000201,2018-01-15,Good,Rented,2023-05-02 20:51:08,2023-05-02 20:51:08
202,72,10,ABC00000202,2024-10-03,Good,Rented,2024-10-03 21:32:27,2024-10-03 21:32:27
203,72,6,ABC00000203,2018-09-25,New,Available,2023-05-04 01:45:23,2023-05-04 01:45:23
204,72,7,ABC00000204,2018-05-03,New,Available,2023-05-01 04:02:53,2023-05-01 04:02:53
205,73,8,ABC00000205,2020-01-08,Worn,Available,2023-05-03 03:19:52,2023-05-03 03:19:52
206,73,4,ABC00000206,2023-06-08,Good,Rented,2023-06-08 03:06:41,2023-06-08 03:06:41
207,74,1,ABC00000207,2022-02-10,Good,Rented,2023-05-02 23:37:05,2023-05-02 23:37:05
208,74,6,ABC00000208,2021-01-12,New,Rented,2023-05-02 23:50:42,2023-05-02 23:50:42
209,74,6,ABC00000209,2021-10-31,Worn,Available,2023-05-01 19:31:16,2023-05-01 19:31:16
210,74,5,ABC00000210,2022-02-05,Worn,Rented,2023-05-04 17:20:31,2023-05-04 17:20:31
211,76,8,ABC00000211,2024-10-21,Good,Available,2024-10-21 16:38:29,2024-10-21 16:38:29
212,76,1,ABC00000212,2024-12-31,Good,Rented,2024-12-31 23:32:49,2024-12-31 23:32:49
213,76,4,ABC00000213,2023-12-26,Good,Available,2023-12-26 22:27:53,2023-12-26 22:27:53
214,78,3,ABC00000214,2024-11-30,New,Retired,2024-11-30 22:03:36,2024-11-30 22:03:36
215,78,3,ABC00000215,2024-02-01,Damaged,Retired,2024-02-01 13:57:57,2024-02-01 13:57:57
216,78,1,ABC00000216,2024-10-02,Good,Available,2024-10-02 02:58:05,2024-10-02 02:58:05
217,78,8,ABC00000217,2019-02-01,Good,Available,2023-05-01 06:45:17,2023-05-01 06:45:17
218,78,7,ABC00000218,2020-05-20,Good,Rented,2023-05-02 16:22:04,2023-05-02 16:22:04
219,78,5,ABC00000219,2018-05-08,New,Available,2023-05-02 22:35:09,2023-05-02 22:35:09
220,80,1,ABC00000220,2021-05-26,Good,Available,2023-05-01 22:34:43,2023-05-01 22:34:43
221,80,3,ABC00000221,2025-04-01,Good,Available,2025-04-01 03:58:32,2025-04-01 03:58:32
222,80,4,ABC00000222,2020-10-09,Good,Available,2023-05-02 14:20:18,2023-05-02 14:20:18
223,82,3,ABC00000223,2025-06-16,New,Available,2025-06-16 07:26:27,2025-06-16 07:26:27
224,82,5,ABC00000224,2023-10-01,Worn,Rented,2023-10-01 14:44:55,2023-10-01 14:44:55
225,82,8,ABC00000225,2018-01-15,Good,Available,2023-05-03 18:00:43,2023-05-03 18:00:43
226,82,5,ABC00000226,2025-08-21,Good,Retired,2025-08-21 05:43:25,2025-08-21 05:43:25
227,82,8,ABC00000227,2022-11-15,New,Available,2023-05-02 17:29:16,2023-05-02 17:29:16
228,83,5,ABC00000228,2024-05-04,New,Available,2024-05-04 02:20:27,2024-05-04 02:20:27
229,83,4,ABC00000229,2024-10-05,Good,Available,2024-10-05 22:15:47,2024-10-05 22:15:47
230,83,3,ABC00000230,2018-11-26,Damaged,Available,2023-05-04 12:07:30,2023-05-04 12:07:30
231,83,7,ABC00000231,2023-03-10,Good,Available,2023-05-04 14:04:32,2023-05-04 14:04:32
232,84,2,ABC00000232,2018-07-05,Good,Available,2023-05-02 02:52:21,2023-05-02 02:52:21
233,84,9,ABC00000233,2019-06-06,Good,Available,2023-05-04 10:28:11,2023-05-04 10:28:11
234,84,8,ABC00000234,2022-11-02,Good,Available,2023-05-04 11:01:07,2023-05-04 11:01:07
235,84,6,ABC00000235,2024-01-29,Good,Available,2024-01-29 11:59:59,2024-01-29 11:59:59
236,85,5,ABC00000236,2022-01-23,New,Rented,2023-05-01 03:39:18,2023-05-01 03:39:18
237,85,9,ABC00000237,2018-08-06,New,Available,2023-05-02 16:28:31,2023-05-02 16:28:31
238,85,8,ABC00000238,2025-10-21,New,Available,2025-10-21 02:20:07,2025-10-21 02:20:07
239,85,6,ABC00000239,2026-01-08,Good,Available,2026-01-08 23:29:23,2026-01-08 23:29:23
240,86,10,ABC00000240,2023-11-30,New,Rented,2023-11-30 09:22:05,2023-11-30 09:22:05
241,86,2,ABC00000241,2019-10-19,New,Retired,2023-05-03 03:59:18,2023-05-03 03:59:18
242,86,3,ABC00000242,2025-05-27,Good,Available,2025-05-27 16:21:44,2025-05-27 16:21:44
243,86,2,ABC00000243,2022-11-18,Good,Rented,2023-05-04 12:09:00,2023-05-04 12:09:00
244,86,2,ABC00000244,2022-11-04,Worn,Rented,2023-05-02 10:20:55,2023-05-02 10:20:55
245,86,7,ABC00000245,2018-03-08,Worn,Rented,2023-05-03 14:58:45,2023-05-03 14:58:45
246,88,1,ABC00000246,2018-03-25,Worn,Retired,2023-05-03 21:46:42,2023-05-03 21:46:42
247,88,3,ABC00000247,2018-08-26,New,Rented,2023-05-02 17:48:10,2023-05-02 17:48:10
248,89,8,ABC00000248,2024-08-09,Good,Available,2024-08-09 10:21:38,2024-08-09 10:21:38
249,89,9,ABC00000249,2020-01-23,Good,Retired,2023-05-03 00:29:50,2023-05-03 00:29:50
250,89,3,ABC00000250,2024-12-29,Good,Rented,2024-12-29 03:33:49,2024-12-29 03:33:49
251,89,1,ABC00000251,2023-03-23,Worn,Rented,2023-05-02 10:40:49,2023-05-02 10:40:49
252,90,3,ABC00000252,2022-11-17,Good,Rented,2023-05-03 07:56:43,2023-05-03 07:56:43
253,90,4,ABC00000253,2019-07-11,Worn,Available,2023-05-04 11:26:17,2023-05-04 11:26:17
254,90,8,ABC00000254,2025-12-09,Good,Available,2025-12-09 07:43:55,2025-12-09 07:43:55
255,90,1,ABC00000255,2022-01-31,New,Rented,2023-05-01 14:03:46,2023-05-01 14:03:46
256,91,9,ABC00000256,2020-01-05,Good,Rented,2023-05-03 06:30:22,2023-05-03 06:30:22
257,91,6,ABC00000257,2022-09-07,Damaged,Rented,2023-05-02 10:12:02,2023-05-02 10:12:02
258,93,7,ABC00000258,2026-04-20,New,Available,2026-04-20 06:44:52,2026-04-20 06:44:52
259,93,2,ABC00000259,2020-06-26,New,Available,2023-05-04 09:44:26,2023-05-04 09:44:26
260,93,7,ABC00000260,2023-12-03,Good,Rented,2023-12-03 20:38:55,2023-12-03 20:38:55
261,93,5,ABC00000261,2023-07-16,Worn,Rented,2023-07-16 14:26:47,2023-07-16 14:26:47
262,93,3,ABC00000262,2025-07-13,Good,Available,2025-07-13 18:33:29,2025-07-13 18:33:29
263,93,6,ABC00000263,2020-10-29,Good,Available,2023-05-02 05:20:47,2023-05-02 05:20:47
264,94,5,ABC00000264,2021-10-12,New,Available,2023-05-02 04:05:34,2023-05-02 04:05:34
265,94,4,ABC00000265,2023-03-05,Good,Available,2023-05-01 06:56:02,2023-05-01 06:56:02
266,95,3,ABC00000266,2020-01-06,Good,Rented,2023-05-04 02:27:32,2023-05-04 02:27:32
267,95,3,ABC00000267,2023-05-07,New,Available,2023-05-07 09:01:47,2023-05-07 09:01:47
268,95,10,ABC00000268,2024-11-01,Good,Available,2024-11-01 15:25:14,2024-11-01 15:25:14
269,95,8,ABC00000269,2021-07-17,Good,Available,2023-05-04 09:01:52,2023-05-04 09:01:52
270,95,1,ABC00000270,2019-08-05,New,Available,2023-05-04 14:52:57,2023-05-04 14:52:57
271,96,8,ABC00000271,2024-02-05,New,Available,2024-02-05 09:37:05,2024-02-05 09:37:05
272,96,3,ABC00000272,2019-06-28,Good,Available,2023-05-03 16:41:01,2023-05-03 16:41:01
273,97,2,ABC00000273,2018-05-08,New,Rented,2023-05-04 12:24:31,2023-05-04 12:24:31
274,97,6,ABC00000274,2020-05-26,New,Available,2023-05-04 01:40:05,2023-05-04 01:40:05
275,97,9,ABC00000275,2025-02-12,New,Rented,2025-02-12 14:02:24,2025-02-12 14:02:24
276,98,2,ABC00000276,2022-04-08,Worn,Available,2023-05-03 15:49:58,2023-05-03 15:49:58
277,98,9,ABC00000277,2021-08-24,Good,Available,2023-05-01 21:46:42,2023-05-01 21:46:42
278,99,2,ABC00000278,2024-01-26,Worn,Rented,2024-01-26 20:28:00,2024-01-26 20:28:00
279,99,5,ABC00000279,2024-03-04,Good,Rented,2024-03-04 13:44:28,2024-03-04 13:44:28
280,99,9,ABC00000280,2023-01-25,New,Rented,2023-05-01 18:19:01,2023-05-01 18:19:01
281,100,3,ABC00000281,2018-04-16,New,Rented,2023-05-03 14:56:51,2023-05-03 14:56:51
282,100,10,ABC00000282,2018-10-28,Worn,Available,2023-05-01 08:43:41,2023-05-01 08:43:41
283,100,5,ABC00000283,2024-11-26,Good,Available,2024-11-26 22:26:54,2024-11-26 22:26:54
284,100,8,ABC00000284,2025-11-10,Good,Available,2025-11-10 20:28:01,2025-11-10 20:28:01
285,102,2,ABC00000285,2020-08-04,Worn,Rented,2023-05-02 01:22:59,2023-05-02 01:22:59
286,102,3,ABC00000286,2023-05-13,Damaged,Available,2023-05-13 11:35:07,2023-05-13 11:35:07
287,102,8,ABC00000287,2019-04-16,Good,Rented,2023-05-02 02:27:35,2023-05-02 02:27:35
288,102,4,ABC00000288,2026-03-06,Good,Rented,2026-03-06 12:02:49,2026-03-06 12:02:49
289,102,5,ABC00000289,2018-01-24,Good,Rented,2023-05-04 07:45:51,2023-05-04 07:45:51
290,102,7,ABC00000290,2025-03-13,New,Available,2025-03-13 09:54:38,2025-03-13 09:54:38
291,103,1,ABC00000291,2020-03-17,Good,Available,2023-05-04 08:42:29,2023-05-04 08:42:29
292,103,1,ABC00000292,2022-04-22,Good,Available,2023-05-03 22:25:49,2023-05-03 22:25:49
293,103,9,ABC00000293,2026-04-20,Good,Rented,2026-04-20 16:40:00,2026-04-20 16:40:00
294,103,9,ABC00000294,2022-05-28,Good,Available,2023-05-01 05:19:51,2023-05-01 05:19:51
295,103,5,ABC00000295,2021-07-17,Good,Available,2023-05-03 09:11:24,2023-05-03 09:11:24
296,104,3,ABC00000296,2025-01-28,Good,Available,2025-01-28 00:19:50,2025-01-28 00:19:50
297,104,7,ABC00000297,2024-07-01,Good,Rented,2024-07-01 08:16:07,2024-07-01 08:16:07
298,104,5,ABC00000298,2018-07-10,Good,Retired,2023-05-02 07:02:25,2023-05-02 07:02:25
299,105,8,ABC00000299,2020-07-26,New,Rented,2023-05-03 22:05:16,2023-05-03 22:05:16
300,105,1,ABC00000300,2019-03-18,New,Rented,2023-05-02 13:43:43,2023-05-02 13:43:43
301,105,3,ABC00000301,2024-07-11,New,Rented,2024-07-11 07:05:47,2024-07-11 07:05:47
302,105,3,ABC00000302,2025-06-25,Good,Available,2025-06-25 23:12:47,2025-06-25 23:12:47
303,105,4,ABC00000303,2025-05-25,Good,Available,2025-05-25 14:05:10,2025-05-25 14:05:10
304,105,5,ABC00000304,2025-02-16,Worn,Available,2025-02-16 00:18:00,2025-02-16 00:18:00
305,108,1,ABC00000305,2018-02-08,Good,Available,2023-05-02 16:52:58,2023-05-02 16:52:58
306,108,2,ABC00000306,2023-11-22,Worn,Available,2023-11-22 07:32:15,2023-11-22 07:32:15
307,108,7,ABC00000307,2019-04-20,New,Rented,2023-05-02 00:00:16,2023-05-02 00:00:16
308,108,9,ABC00000308,2024-06-09,New,Available,2024-06-09 16:05:20,2024-06-09 16:05:20
309,108,8,ABC00000309,2025-05-15,Good,Available,2025-05-15 13:40:58,2025-05-15 13:40:58
310,109,2,ABC00000310,2018-07-23,Good,Available,2023-05-02 14:53:52,2023-05-02 14:53:52
311,109,9,ABC00000311,2021-05-29,Good,Available,2023-05-03 13:24:14,2023-05-03 13:24:14
312,109,9,ABC00000312,2019-03-17,Good,Available,2023-05-04 18:05:48,2023-05-04 18:05:48
313,109,2,ABC00000313,2018-11-07,Good,Rented,2023-05-04 11:31:25,2023-05-04 11:31:25
314,111,6,ABC00000314,2018-10-15,New,Available,2023-05-01 23:28:19,2023-05-01 23:28:19
315,111,5,ABC00000315,2023-04-26,Good,Rented,2023-05-01 17:10:44,2023-05-01 17:10:44
316,111,3,ABC00000316,2024-06-22,Good,Available,2024-06-22 15:10:08,2024-06-22 15:10:08
317,111,3,ABC00000317,2025-04-01,New,Retired,2025-04-01 14:05:46,2025-04-01 14:05:46
318,112,8,ABC00000318,2018-12-14,New,Available,2023-05-04 02:12:45,2023-05-04 02:12:45
319,112,10,ABC00000319,2021-05-31,Good,Rented,2023-05-02 23:50:57,2023-05-02 23:50:57
320,112,7,ABC00000320,2020-06-14,Worn,Available,2023-05-03 03:36:58,2023-05-03 03:36:58
321,112,10,ABC00000321,2026-03-31,New,Available,2026-03-31 04:47:16,2026-03-31 04:47:16
322,112,6,ABC00000322,2024-09-06,New,Available,2024-09-06 04:14:01,2024-09-06 04:14:01
323,112,10,ABC00000323,2018-06-22,Damaged,Rented,2023-05-02 07:57:34,2023-05-02 07:57:34
324,113,8,ABC00000324,2023-10-10,Damaged,Rented,2023-10-10 18:45:08,2023-10-10 18:45:08
325,113,10,ABC00000325,2024-07-23,Worn,Available,2024-07-23 03:28:49,2024-07-23 03:28:49
326,113,2,ABC00000326,2023-04-22,Worn,Available,2023-05-02 10:47:42,2023-05-02 10:47:42
327,113,3,ABC00000327,2024-07-15,Good,Available,2024-07-15 09:33:58,2024-07-15 09:33:58
328,113,6,ABC00000328,2022-05-14,New,Available,2023-05-03 07:51:58,2023-05-03 07:51:58
329,113,5,ABC00000329,2022-06-03,New,Available,2023-05-04 09:05:33,2023-05-04 09:05:33
330,114,4,ABC00000330,2019-12-14,Worn,Available,2023-05-02 21:15:45,2023-05-02 21:15:45
331,114,4,ABC00000331,2018-01-28,Worn,Available,2023-05-04 00:33:51,2023-05-04 00:33:51
332,114,10,ABC00000332,2020-12-29,Good,Rented,2023-05-04 14:36:04,2023-05-04 14:36:04
333,114,5,ABC00000333,2021-08-29,New,Rented,2023-05-01 12:51:33,2023-05-01 12:51:33
334,114,10,ABC00000334,2019-05-01,Good,Rented,2023-05-02 07:03:14,2023-05-02 07:03:14
335,114,1,ABC00000335,2025-03-07,Damaged,Available,2025-03-07 03:18:46,2025-03-07 03:18:46
336,115,5,ABC00000336,2018-10-19,Good,Retired,2023-05-01 02:08:26,2023-05-01 02:08:26
337,115,8,ABC00000337,2024-09-24,Good,Rented,2024-09-24 11:54:44,2024-09-24 11:54:44
338,115,6,ABC00000338,2018-01-01,Worn,Available,2023-05-04 21:47:05,2023-05-04 21:47:05
339,115,9,ABC00000339,2024-08-12,Good,Available,2024-08-12 06:38:09,2024-08-12 06:38:09
340,115,10,ABC00000340,2020-01-21,New,Available,2023-05-03 06:59:37,2023-05-03 06:59:37
341,115,10,ABC00000341,2020-12-11,Good,Available,2023-05-01 22:44:22,2023-05-01 22:44:22
342,116,4,ABC00000342,2024-11-21,Good,Available,2024-11-21 08:45:00,2024-11-21 08:45:00
343,116,8,ABC00000343,2024-03-29,Good,Available,2024-03-29 22:06:16,2024-03-29 22:06:16
344,116,7,ABC00000344,2023-10-26,New,Available,2023-10-26 08:06:42,2023-10-26 08:06:42
345,116,2,ABC00000345,2018-11-05,New,Available,2023-05-04 14:42:11,2023-05-04 14:42:11
346,116,3,ABC00000346,2025-02-10,Good,Available,2025-02-10 02:27:34,2025-02-10 02:27:34
347,117,4,ABC00000347,2018-11-26,Good,Available,2023-05-02 07:28:35,2023-05-02 07:28:35
348,117,3,ABC00000348,2025-02-11,Good,Available,2025-02-11 10:11:50,2025-02-11 10:11:50
349,117,7,ABC00000349,2021-06-21,Good,Available,2023-05-04 10:53:59,2023-05-04 10:53:59
350,117,10,ABC00000350,2023-10-29,Good,Available,2023-10-29 10:02:48,2023-10-29 10:02:48
351,119,6,ABC00000351,2021-09-02,Good,Available,2023-05-03 16:17:13,2023-05-03 16:17:13
352,119,8,ABC00000352,2023-09-17,Good,Retired,2023-09-17 23:25:15,2023-09-17 23:25:15
353,119,9,ABC00000353,2024-09-01,Good,Rented,2024-09-01 06:14:54,2024-09-01 06:14:54
354,120,3,ABC00000354,2023-07-05,Good,Available,2023-07-05 01:11:44,2023-07-05 01:11:44
355,120,9,ABC00000355,2021-12-18,Good,Available,2023-05-04 22:22:14,2023-05-04 22:22:14
356,120,6,ABC00000356,2020-12-26,Good,Available,2023-05-02 14:20:14,2023-05-02 14:20:14
357,120,1,ABC00000357,2019-02-12,Good,Available,2023-05-03 21:52:09,2023-05-03 21:52:09
358,120,7,ABC00000358,2019-04-25,Good,Rented,2023-05-04 06:02:52,2023-05-04 06:02:52
359,120,2,ABC00000359,2020-01-15,Good,Rented,2023-05-03 01:26:02,2023-05-03 01:26:02
360,121,1,ABC00000360,2023-11-11,Good,Rented,2023-11-11 16:09:09,2023-11-11 16:09:09
361,121,8,ABC00000361,2020-07-03,Good,Available,2023-05-02 03:01:52,2023-05-02 03:01:52
362,121,5,ABC00000362,2024-05-03,Good,Rented,2024-05-03 00:20:28,2024-05-03 00:20:28
363,121,10,ABC00000363,2021-11-10,New,Rented,2023-05-04 20:03:04,2023-05-04 20:03:04
364,123,5,ABC00000364,2023-06-14,Good,Available,2023-06-14 05:24:57,2023-06-14 05:24:57
365,123,9,ABC00000365,2022-11-12,Good,Rented,2023-05-03 17:23:56,2023-05-03 17:23:56
366,123,3,ABC00000366,2018-11-13,Good,Available,2023-05-01 11:20:55,2023-05-01 11:20:55
367,123,7,ABC00000367,2019-07-09,Good,Rented,2023-05-04 04:44:10,2023-05-04 04:44:10
368,123,1,ABC00000368,2021-11-06,Good,Available,2023-05-02 08:13:04,2023-05-02 08:13:04
369,123,6,ABC00000369,2024-10-18,Good,Available,2024-10-18 05:27:10,2024-10-18 05:27:10
370,124,1,ABC00000370,2026-04-11,Good,Rented,2026-04-11 08:51:59,2026-04-11 08:51:59
371,124,3,ABC00000371,2023-07-13,New,Available,2023-07-13 15:12:51,2023-07-13 15:12:51
372,124,5,ABC00000372,2025-09-14,Good,Available,2025-09-14 15:46:20,2025-09-14 15:46:20
373,124,1,ABC00000373,2026-02-10,Good,Rented,2026-02-10 07:12:46,2026-02-10 07:12:46
374,124,5,ABC00000374,2018-09-21,Worn,Available,2023-05-03 04:16:49,2023-05-03 04:16:49
375,126,2,ABC00000375,2023-09-07,Good,Rented,2023-09-07 20:19:56,2023-09-07 20:19:56
376,126,4,ABC00000376,2021-12-15,Good,Rented,2023-05-01 16:26:57,2023-05-01 16:26:57
377,126,1,ABC00000377,2024-10-26,New,Rented,2024-10-26 17:57:09,2024-10-26 17:57:09
378,126,1,ABC00000378,2018-12-05,Good,Available,2023-05-03 10:06:42,2023-05-03 10:06:42
379,126,1,ABC00000379,2018-12-23,Good,Available,2023-05-02 04:11:42,2023-05-02 04:11:42
380,126,6,ABC00000380,2019-01-20,Worn,Available,2023-05-02 17:35:01,2023-05-02 17:35:01
381,128,1,ABC00000381,2018-05-02,Good,Rented,2023-05-03 11:05:17,2023-05-03 11:05:17
382,128,3,ABC00000382,2022-06-12,Good,Rented,2023-05-04 06:48:56,2023-05-04 06:48:56
383,128,1,ABC00000383,2021-10-28,Good,Available,2023-05-01 01:10:21,2023-05-01 01:10:21
384,128,10,ABC00000384,2020-02-27,Good,Rented,2023-05-04 12:10:05,2023-05-04 12:10:05
385,129,10,ABC00000385,2019-01-10,Good,Rented,2023-05-01 07:10:12,2023-05-01 07:10:12
386,129,4,ABC00000386,2026-04-30,New,Rented,2026-04-30 21:19:54,2026-04-30 21:19:54
387,129,4,ABC00000387,2024-08-02,Good,Rented,2024-08-02 07:33:28,2024-08-02 07:33:28
388,129,9,ABC00000388,2024-08-06,Good,Rented,2024-08-06 19:33:15,2024-08-06 19:33:15
389,129,9,ABC00000389,2024-05-09,Good,Available,2024-05-09 18:53:09,2024-05-09 18:53:09
390,129,7,ABC00000390,2018-11-10,Good,Available,2023-05-01 15:54:17,2023-05-01 15:54:17
391,131,4,ABC00000391,2018-08-09,Good,Available,2023-05-04 18:02:06,2023-05-04 18:02:06
392,131,6,ABC00000392,2020-11-29,New,Retired,2023-05-01 16:40:22,2023-05-01 16:40:22
393,131,9,ABC00000393,2023-10-22,Worn,Rented,2023-10-22 05:03:00,2023-10-22 05:03:00
394,131,8,ABC00000394,2020-11-23,Good,Available,2023-05-03 16:21:25,2023-05-03 16:21:25
395,131,8,ABC00000395,2022-01-31,Good,Rented,2023-05-02 22:27:25,2023-05-02 22:27:25
396,131,10,ABC00000396,2018-06-27,Good,Rented,2023-05-02 00:11:58,2023-05-02 00:11:58
397,132,2,ABC00000397,2022-11-18,Good,Rented,2023-05-02 07:13:54,2023-05-02 07:13:54
398,132,8,ABC00000398,2018-11-02,New,Available,2023-05-01 23:29:17,2023-05-01 23:29:17
399,132,3,ABC00000399,2023-09-21,New,Available,2023-09-21 08:15:07,2023-09-21 08:15:07
400,132,7,ABC00000400,2025-05-17,Damaged,Available,2025-05-17 14:07:06,2025-05-17 14:07:06
401,133,5,ABC00000401,2018-04-29,Good,Rented,2023-05-01 10:19:04,2023-05-01 10:19:04
402,133,7,ABC00000402,2025-09-28,Good,Retired,2025-09-28 18:03:04,2025-09-28 18:03:04
403,133,4,ABC00000403,2020-08-07,Worn,Available,2023-05-01 14:31:42,2023-05-01 14:31:42
404,133,3,ABC00000404,2020-11-01,New,Available,2023-05-03 20:41:07,2023-05-03 20:41:07
405,133,5,ABC00000405,2019-06-09,Good,Available,2023-05-03 07:26:29,2023-05-03 07:26:29
406,134,4,ABC00000406,2025-01-13,New,Rented,2025-01-13 15:19:35,2025-01-13 15:19:35
407,134,2,ABC00000407,2019-08-28,Good,Available,2023-05-02 09:42:26,2023-05-02 09:42:26
408,134,4,ABC00000408,2022-11-08,Good,Rented,2023-05-04 07:07:03,2023-05-04 07:07:03
409,134,9,ABC00000409,2022-11-24,Worn,Rented,2023-05-01 00:40:57,2023-05-01 00:40:57
410,134,6,ABC00000410,2022-08-19,New,Available,2023-05-03 20:02:19,2023-05-03 20:02:19
411,134,3,ABC00000411,2020-11-30,New,Rented,2023-05-04 13:58:43,2023-05-04 13:58:43
412,137,8,ABC00000412,2024-02-23,New,Available,2024-02-23 09:08:01,2024-02-23 09:08:01
413,137,7,ABC00000413,2018-09-03,Worn,Available,2023-05-02 01:16:48,2023-05-02 01:16:48
414,137,9,ABC00000414,2023-12-23,Good,Available,2023-12-23 03:37:45,2023-12-23 03:37:45
415,137,2,ABC00000415,2018-12-06,New,Rented,2023-05-01 01:41:53,2023-05-01 01:41:53
416,137,5,ABC00000416,2026-04-28,Good,Available,2026-04-28 06:38:17,2026-04-28 06:38:17
417,137,1,ABC00000417,2025-03-16,Good,Available,2025-03-16 02:45:06,2025-03-16 02:45:06
418,139,1,ABC00000418,2021-07-23,Damaged,Rented,2023-05-04 00:19:27,2023-05-04 00:19:27
419,139,10,ABC00000419,2024-05-26,Worn,Available,2024-05-26 03:55:07,2024-05-26 03:55:07
420,139,2,ABC00000420,2018-01-19,New,Rented,2023-05-01 11:09:42,2023-05-01 11:09:42
421,139,10,ABC00000421,2025-02-23,Damaged,Available,2025-02-23 14:39:10,2025-02-23 14:39:10
422,139,6,ABC00000422,2023-10-03,Good,Rented,2023-10-03 07:17:59,2023-10-03 07:17:59
423,140,10,ABC00000423,2024-09-25,Worn,Rented,2024-09-25 06:59:43,2024-09-25 06:59:43
424,140,4,ABC00000424,2018-10-13,New,Available,2023-05-04 09:35:05,2023-05-04 09:35:05
425,140,1,ABC00000425,2024-05-28,Good,Available,2024-05-28 19:51:13,2024-05-28 19:51:13
426,142,4,ABC00000426,2022-02-04,Damaged,Rented,2023-05-02 07:33:52,2023-05-02 07:33:52
427,142,6,ABC00000427,2019-03-22,New,Available,2023-05-02 00:34:35,2023-05-02 00:34:35
428,144,8,ABC00000428,2018-12-20,Good,Available,2023-05-02 08:44:41,2023-05-02 08:44:41
429,144,3,ABC00000429,2022-11-28,Good,Available,2023-05-02 08:18:43,2023-05-02 08:18:43
430,144,5,ABC00000430,2019-09-15,New,Available,2023-05-02 05:31:01,2023-05-02 05:31:01
431,144,2,ABC00000431,2023-09-01,New,Available,2023-09-01 04:12:56,2023-09-01 04:12:56
432,144,10,ABC00000432,2025-04-21,Worn,Available,2025-04-21 18:50:59,2025-04-21 18:50:59
433,144,5,ABC00000433,2024-08-18,Worn,Available,2024-08-18 02:01:15,2024-08-18 02:01:15
434,146,9,ABC00000434,2022-08-12,Good,Available,2023-05-01 08:06:05,2023-05-01 08:06:05
435,146,10,ABC00000435,2020-07-15,Good,Available,2023-05-01 04:12:45,2023-05-01 04:12:45
436,146,7,ABC00000436,2018-01-31,Damaged,Retired,2023-05-03 04:21:26,2023-05-03 04:21:26
437,146,9,ABC00000437,2024-01-12,Good,Retired,2024-01-12 07:31:48,2024-01-12 07:31:48
438,146,7,ABC00000438,2019-09-05,Worn,Rented,2023-05-03 02:09:54,2023-05-03 02:09:54
439,147,2,ABC00000439,2023-08-24,Worn,Retired,2023-08-24 03:08:27,2023-08-24 03:08:27
440,147,1,ABC00000440,2019-07-30,Good,Rented,2023-05-03 20:18:32,2023-05-03 20:18:32
441,147,1,ABC00000441,2024-05-13,Good,Rented,2024-05-13 04:38:13,2024-05-13 04:38:13
442,147,10,ABC00000442,2022-03-13,Good,Available,2023-05-01 20:02:19,2023-05-01 20:02:19
443,147,7,ABC00000443,2021-02-21,New,Rented,2023-05-04 12:02:09,2023-05-04 12:02:09
444,148,2,ABC00000444,2025-03-19,Good,Rented,2025-03-19 05:01:13,2025-03-19 05:01:13
445,148,7,ABC00000445,2018-05-11,Good,Available,2023-05-01 03:38:07,2023-05-01 03:38:07
446,148,6,ABC00000446,2018-05-06,Good,Available,2023-05-02 00:16:30,2023-05-02 00:16:30
447,148,9,ABC00000447,2018-12-01,Good,Rented,2023-05-02 22:31:24,2023-05-02 22:31:24
448,148,4,ABC00000448,2018-12-07,Worn,Rented,2023-05-03 21:26:27,2023-05-03 21:26:27
449,148,2,ABC00000449,2024-01-30,Worn,Rented,2024-01-30 07:57:13,2024-01-30 07:57:13
450,149,4,ABC00000450,2024-09-08,New,Rented,2024-09-08 06:55:53,2024-09-08 06:55:53
451,149,2,ABC00000451,2019-07-13,Good,Rented,2023-05-01 04:21:13,2023-05-01 04:21:13
452,149,3,ABC00000452,2025-05-02,Worn,Available,2025-05-02 07:58:42,2025-05-02 07:58:42
453,149,10,ABC00000453,2020-06-14,Good,Available,2023-05-03 15:28:16,2023-05-03 15:28:16
454,149,3,ABC00000454,2026-04-24,Good,Available,2026-04-24 18:11:05,2026-04-24 18:11:05
455,149,9,ABC00000455,2025-04-22,Good,Rented,2025-04-22 19:53:13,2025-04-22 19:53:13
456,150,8,ABC00000456,2023-09-28,Worn,Available,2023-09-28 13:02:50,2023-09-28 13:02:50
457,150,10,ABC00000457,2021-06-08,Worn,Rented,2023-05-02 19:50:45,2023-05-02 19:50:45
458,150,7,ABC00000458,2022-11-28,New,Rented,2023-05-04 20:44:33,2023-05-04 20:44:33
459,150,5,ABC00000459,2018-05-30,Good,Available,2023-05-04 01:37:25,2023-05-04 01:37:25
460,150,10,ABC00000460,2024-06-22,Good,Retired,2024-06-22 16:07:32,2024-06-22 16:07:32
461,151,1,ABC00000461,2025-12-04,Good,Available,2025-12-04 20:59:52,2025-12-04 20:59:52
462,151,8,ABC00000462,2022-11-25,Good,Rented,2023-05-04 08:18:09,2023-05-04 08:18:09
463,151,9,ABC00000463,2019-04-04,New,Available,2023-05-01 06:06:52,2023-05-01 06:06:52
464,151,1,ABC00000464,2022-12-25,Good,Rented,2023-05-02 04:02:03,2023-05-02 04:02:03
465,152,2,ABC00000465,2024-04-18,Worn,Rented,2024-04-18 08:24:26,2024-04-18 08:24:26
466,152,9,ABC00000466,2025-10-08,Good,Available,2025-10-08 17:51:33,2025-10-08 17:51:33
467,152,9,ABC00000467,2026-05-20,Good,Available,2026-05-20 15:57:41,2026-05-20 15:57:41
468,152,9,ABC00000468,2025-02-27,Worn,Available,2025-02-27 09:52:56,2025-02-27 09:52:56
469,152,6,ABC00000469,2023-02-26,Good,Available,2023-05-03 22:56:27,2023-05-03 22:56:27
470,154,8,ABC00000470,2022-07-15,Good,Rented,2023-05-01 16:45:13,2023-05-01 16:45:13
471,154,6,ABC00000471,2018-10-31,Good,Available,2023-05-03 23:55:02,2023-05-03 23:55:02
472,154,7,ABC00000472,2019-09-13,Good,Available,2023-05-02 19:44:41,2023-05-02 19:44:41
473,156,5,ABC00000473,2018-10-31,Worn,Retired,2023-05-03 23:51:23,2023-05-03 23:51:23
474,156,1,ABC00000474,2018-06-11,Good,Available,2023-05-01 21:11:50,2023-05-01 21:11:50
475,159,8,ABC00000475,2025-07-06,Good,Available,2025-07-06 04:34:59,2025-07-06 04:34:59
476,159,9,ABC00000476,2019-09-30,Good,Rented,2023-05-04 22:17:32,2023-05-04 22:17:32
477,159,9,ABC00000477,2018-04-22,Worn,Retired,2023-05-04 23:14:44,2023-05-04 23:14:44
478,159,6,ABC00000478,2018-05-15,Good,Rented,2023-05-02 01:47:54,2023-05-02 01:47:54
479,159,4,ABC00000479,2018-10-03,Worn,Available,2023-05-01 11:20:00,2023-05-01 11:20:00
480,160,10,ABC00000480,2019-04-23,Damaged,Rented,2023-05-03 12:06:56,2023-05-03 12:06:56
481,160,8,ABC00000481,2026-03-04,New,Rented,2026-03-04 03:02:55,2026-03-04 03:02:55
482,160,4,ABC00000482,2018-11-11,Good,Rented,2023-05-01 08:43:30,2023-05-01 08:43:30
483,160,3,ABC00000483,2020-02-02,Good,Available,2023-05-04 17:08:28,2023-05-04 17:08:28
484,160,5,ABC00000484,2019-03-24,Worn,Available,2023-05-02 18:51:59,2023-05-02 18:51:59
485,160,5,ABC00000485,2022-01-09,Good,Available,2023-05-01 12:17:55,2023-05-01 12:17:55
486,161,6,ABC00000486,2025-10-13,Good,Available,2025-10-13 09:07:57,2025-10-13 09:07:57
487,161,10,ABC00000487,2023-02-08,Good,Available,2023-05-02 09:07:17,2023-05-02 09:07:17
488,161,6,ABC00000488,2023-04-25,Worn,Available,2023-05-01 02:12:53,2023-05-01 02:12:53
489,161,5,ABC00000489,2025-06-25,Good,Rented,2025-06-25 21:27:51,2025-06-25 21:27:51
490,163,4,ABC00000490,2018-07-26,Good,Available,2023-05-04 01:05:21,2023-05-04 01:05:21
491,163,1,ABC00000491,2022-11-22,New,Available,2023-05-01 22:37:43,2023-05-01 22:37:43
492,163,7,ABC00000492,2020-03-17,New,Rented,2023-05-04 15:33:31,2023-05-04 15:33:31
493,163,1,ABC00000493,2020-09-16,Good,Available,2023-05-01 03:36:02,2023-05-01 03:36:02
494,166,4,ABC00000494,2020-02-12,New,Available,2023-05-01 23:26:09,2023-05-01 23:26:09
495,166,8,ABC00000495,2023-09-01,New,Available,2023-09-01 21:11:03,2023-09-01 21:11:03
496,166,1,ABC00000496,2020-02-11,New,Rented,2023-05-04 17:42:57,2023-05-04 17:42:57
497,166,7,ABC00000497,2022-01-01,Good,Available,2023-05-02 02:51:55,2023-05-02 02:51:55
498,166,10,ABC00000498,2022-09-17,Good,Available,2023-05-01 04:19:17,2023-05-01 04:19:17
499,167,2,ABC00000499,2021-02-12,New,Retired,2023-05-03 05:02:55,2023-05-03 05:02:55
500,167,5,ABC00000500,2019-06-13,Good,Available,2023-05-04 05:24:38,2023-05-04 05:24:38
501,167,7,ABC00000501,2026-02-06,New,Available,2026-02-06 04:21:29,2026-02-06 04:21:29
502,167,7,ABC00000502,2019-03-07,New,Available,2023-05-02 01:01:22,2023-05-02 01:01:22
503,167,3,ABC00000503,2022-01-02,Worn,Rented,2023-05-03 00:20:15,2023-05-03 00:20:15
504,168,3,ABC00000504,2022-01-05,Good,Available,2023-05-02 10:42:33,2023-05-02 10:42:33
505,168,1,ABC00000505,2024-01-15,Good,Available,2024-01-15 03:17:32,2024-01-15 03:17:32
506,168,8,ABC00000506,2023-12-28,Good,Available,2023-12-28 11:29:38,2023-12-28 11:29:38
507,168,4,ABC00000507,2021-03-19,Good,Available,2023-05-03 11:18:45,2023-05-03 11:18:45
508,169,8,ABC00000508,2024-09-08,Good,Rented,2024-09-08 05:52:00,2024-09-08 05:52:00
509,169,4,ABC00000509,2026-02-13,Good,Available,2026-02-13 18:13:42,2026-02-13 18:13:42
510,169,9,ABC00000510,2024-03-10,New,Rented,2024-03-10 06:24:24,2024-03-10 06:24:24
511,170,2,ABC00000511,2020-02-08,Good,Available,2023-05-02 08:52:20,2023-05-02 08:52:20
512,170,3,ABC00000512,2018-10-30,Damaged,Rented,2023-05-01 13:00:45,2023-05-01 13:00:45
513,173,7,ABC00000513,2022-05-08,New,Retired,2023-05-03 11:13:53,2023-05-03 11:13:53
514,173,6,ABC00000514,2026-05-05,Good,Rented,2026-05-05 15:34:47,2026-05-05 15:34:47
515,173,6,ABC00000515,2019-03-17,Good,Rented,2023-05-01 20:49:02,2023-05-01 20:49:02
516,173,2,ABC00000516,2018-05-28,New,Available,2023-05-04 18:44:11,2023-05-04 18:44:11
517,173,2,ABC00000517,2023-10-20,New,Rented,2023-10-20 23:23:54,2023-10-20 23:23:54
518,173,8,ABC00000518,2018-02-23,New,Available,2023-05-03 00:48:26,2023-05-03 00:48:26
519,174,3,ABC00000519,2020-12-07,Good,Available,2023-05-02 17:04:02,2023-05-02 17:04:02
520,174,6,ABC00000520,2025-03-16,New,Rented,2025-03-16 08:25:30,2025-03-16 08:25:30
521,174,8,ABC00000521,2021-11-17,Good,Available,2023-05-02 02:16:44,2023-05-02 02:16:44
522,174,6,ABC00000522,2025-11-05,Good,Available,2025-11-05 23:11:34,2025-11-05 23:11:34
523,174,2,ABC00000523,2021-11-21,New,Rented,2023-05-02 14:43:59,2023-05-02 14:43:59
524,175,2,ABC00000524,2018-02-09,Good,Rented,2023-05-04 15:01:15,2023-05-04 15:01:15
525,175,4,ABC00000525,2020-01-21,New,Available,2023-05-02 23:15:49,2023-05-02 23:15:49
526,176,7,ABC00000526,2022-06-03,Good,Available,2023-05-03 06:35:24,2023-05-03 06:35:24
527,176,5,ABC00000527,2019-01-14,New,Rented,2023-05-01 03:46:45,2023-05-01 03:46:45
528,177,9,ABC00000528,2024-01-17,Good,Available,2024-01-17 03:21:54,2024-01-17 03:21:54
529,177,9,ABC00000529,2021-05-20,New,Available,2023-05-04 17:08:13,2023-05-04 17:08:13
530,177,7,ABC00000530,2024-11-20,New,Available,2024-11-20 14:28:16,2024-11-20 14:28:16
531,177,1,ABC00000531,2025-06-02,New,Rented,2025-06-02 08:19:21,2025-06-02 08:19:21
532,178,3,ABC00000532,2025-11-21,Worn,Rented,2025-11-21 22:08:07,2025-11-21 22:08:07
533,178,6,ABC00000533,2026-02-13,New,Rented,2026-02-13 05:54:00,2026-02-13 05:54:00
534,178,9,ABC00000534,2020-08-09,New,Retired,2023-05-02 10:25:47,2023-05-02 10:25:47
535,178,9,ABC00000535,2019-05-21,Worn,Available,2023-05-02 15:08:02,2023-05-02 15:08:02
536,179,10,ABC00000536,2021-10-04,Good,Available,2023-05-02 06:43:33,2023-05-02 06:43:33
537,179,4,ABC00000537,2022-06-23,Worn,Available,2023-05-02 21:25:04,2023-05-02 21:25:04
538,180,1,ABC00000538,2023-10-24,New,Available,2023-10-24 04:03:18,2023-10-24 04:03:18
539,180,4,ABC00000539,2021-04-30,Good,Available,2023-05-04 02:54:19,2023-05-04 02:54:19
540,181,8,ABC00000540,2021-01-19,Worn,Available,2023-05-01 05:24:42,2023-05-01 05:24:42
541,181,9,ABC00000541,2021-07-02,Good,Available,2023-05-02 01:33:37,2023-05-02 01:33:37
542,181,7,ABC00000542,2018-11-10,Good,Rented,2023-05-02 06:51:09,2023-05-02 06:51:09
543,182,7,ABC00000543,2026-03-02,Good,Available,2026-03-02 10:00:47,2026-03-02 10:00:47
544,182,4,ABC00000544,2022-01-03,Good,Retired,2023-05-04 07:54:55,2023-05-04 07:54:55
545,182,1,ABC00000545,2020-06-18,Good,Rented,2023-05-04 19:13:57,2023-05-04 19:13:57
546,183,1,ABC00000546,2026-02-22,Good,Available,2026-02-22 10:56:35,2026-02-22 10:56:35
547,183,2,ABC00000547,2020-08-12,Good,Available,2023-05-03 23:27:24,2023-05-03 23:27:24
548,183,3,ABC00000548,2020-08-05,Good,Available,2023-05-04 11:05:29,2023-05-04 11:05:29
549,183,3,ABC00000549,2020-06-25,Worn,Available,2023-05-03 05:09:10,2023-05-03 05:09:10
550,183,7,ABC00000550,2018-10-22,New,Retired,2023-05-01 01:03:30,2023-05-01 01:03:30
551,184,6,ABC00000551,2023-02-22,New,Retired,2023-05-02 08:44:47,2023-05-02 08:44:47
552,184,1,ABC00000552,2020-05-13,Good,Retired,2023-05-03 21:07:16,2023-05-03 21:07:16
553,184,3,ABC00000553,2023-06-26,Good,Available,2023-06-26 23:50:57,2023-06-26 23:50:57
554,185,8,ABC00000554,2024-12-14,Good,Available,2024-12-14 06:11:27,2024-12-14 06:11:27
555,185,7,ABC00000555,2019-06-07,Good,Available,2023-05-01 12:17:47,2023-05-01 12:17:47
556,185,10,ABC00000556,2024-07-26,Good,Rented,2024-07-26 08:17:02,2024-07-26 08:17:02
557,186,3,ABC00000557,2021-06-29,New,Rented,2023-05-02 13:50:37,2023-05-02 13:50:37
558,186,2,ABC00000558,2021-03-13,Good,Rented,2023-05-03 10:03:30,2023-05-03 10:03:30
559,186,4,ABC00000559,2024-05-12,Worn,Retired,2024-05-12 17:41:52,2024-05-12 17:41:52
560,187,3,ABC00000560,2020-10-08,New,Available,2023-05-03 19:32:50,2023-05-03 19:32:50
561,187,8,ABC00000561,2024-10-06,Worn,Retired,2024-10-06 07:31:34,2024-10-06 07:31:34
562,187,2,ABC00000562,2025-06-26,Damaged,Available,2025-06-26 18:19:04,2025-06-26 18:19:04
563,188,3,ABC00000563,2022-06-15,Good,Rented,2023-05-02 20:10:32,2023-05-02 20:10:32
564,188,3,ABC00000564,2023-02-12,New,Rented,2023-05-04 11:58:34,2023-05-04 11:58:34
565,188,9,ABC00000565,2022-07-13,Damaged,Available,2023-05-03 05:56:28,2023-05-03 05:56:28
566,188,3,ABC00000566,2024-04-17,Good,Available,2024-04-17 17:27:42,2024-04-17 17:27:42
567,188,1,ABC00000567,2024-03-05,New,Rented,2024-03-05 17:51:36,2024-03-05 17:51:36
568,189,3,ABC00000568,2025-03-05,New,Available,2025-03-05 17:05:59,2025-03-05 17:05:59
569,189,9,ABC00000569,2019-03-20,Good,Available,2023-05-03 04:14:10,2023-05-03 04:14:10
570,189,3,ABC00000570,2024-11-18,Good,Available,2024-11-18 21:10:32,2024-11-18 21:10:32
571,191,4,ABC00000571,2018-11-27,Good,Available,2023-05-03 05:43:53,2023-05-03 05:43:53
572,191,1,ABC00000572,2021-02-18,Damaged,Available,2023-05-03 12:31:57,2023-05-03 12:31:57
573,191,5,ABC00000573,2021-10-01,Good,Available,2023-05-02 00:25:05,2023-05-02 00:25:05
574,191,1,ABC00000574,2018-09-08,New,Available,2023-05-01 02:56:57,2023-05-01 02:56:57
575,191,1,ABC00000575,2024-09-18,Worn,Rented,2024-09-18 16:42:06,2024-09-18 16:42:06
576,191,7,ABC00000576,2019-10-12,Damaged,Available,2023-05-03 12:35:01,2023-05-03 12:35:01
577,193,4,ABC00000577,2025-04-04,Good,Available,2025-04-04 09:04:53,2025-04-04 09:04:53
578,193,8,ABC00000578,2021-05-04,Damaged,Available,2023-05-02 23:46:42,2023-05-02 23:46:42
579,195,6,ABC00000579,2018-01-09,Good,Available,2023-05-03 13:52:07,2023-05-03 13:52:07
580,195,10,ABC00000580,2023-11-03,New,Rented,2023-11-03 19:56:15,2023-11-03 19:56:15
581,195,5,ABC00000581,2021-12-28,Good,Retired,2023-05-04 01:26:58,2023-05-04 01:26:58
582,196,4,ABC00000582,2020-01-21,Good,Available,2023-05-04 05:25:37,2023-05-04 05:25:37
583,196,7,ABC00000583,2023-06-28,Good,Retired,2023-06-28 14:33:12,2023-06-28 14:33:12
584,196,4,ABC00000584,2018-09-03,Good,Available,2023-05-03 22:19:50,2023-05-03 22:19:50
585,196,9,ABC00000585,2021-10-05,Worn,Rented,2023-05-02 11:38:38,2023-05-02 11:38:38
586,196,10,ABC00000586,2019-10-13,Good,Available,2023-05-03 03:15:21,2023-05-03 03:15:21
587,197,6,ABC00000587,2019-10-09,Good,Rented,2023-05-03 12:11:34,2023-05-03 12:11:34
588,197,1,ABC00000588,2018-12-01,New,Available,2023-05-01 15:50:41,2023-05-01 15:50:41
589,197,8,ABC00000589,2019-03-29,New,Available,2023-05-01 22:17:25,2023-05-01 22:17:25
590,197,3,ABC00000590,2021-08-15,New,Available,2023-05-03 23:43:18,2023-05-03 23:43:18
591,197,2,ABC00000591,2022-03-25,Good,Available,2023-05-01 10:27:05,2023-05-01 10:27:05
592,197,4,ABC00000592,2019-04-10,New,Available,2023-05-01 06:02:27,2023-05-01 06:02:27
593,198,4,ABC00000593,2019-08-15,New,Available,2023-05-04 09:54:28,2023-05-04 09:54:28
594,198,9,ABC00000594,2021-03-09,New,Rented,2023-05-02 14:45:22,2023-05-02 14:45:22
595,200,2,ABC00000595,2022-02-20,Good,Rented,2023-05-03 02:33:24,2023-05-03 02:33:24
596,200,10,ABC00000596,2019-04-16,Worn,Available,2023-05-02 18:39:00,2023-05-02 18:39:00
597,200,10,ABC00000597,2024-04-26,New,Rented,2024-04-26 04:36:07,2024-04-26 04:36:07
598,201,1,ABC00000598,2026-04-25,New,Rented,2026-04-25 11:54:18,2026-04-25 11:54:18
599,201,1,ABC00000599,2018-04-02,Worn,Rented,2023-05-03 02:32:36,2023-05-03 02:32:36
600,201,9,ABC00000600,2018-02-03,Good,Available,2023-05-01 06:17:37,2023-05-01 06:17:37
601,204,8,ABC00000601,2020-06-09,Good,Rented,2023-05-02 23:36:02,2023-05-02 23:36:02
602,204,7,ABC00000602,2018-02-28,Worn,Rented,2023-05-04 04:18:54,2023-05-04 04:18:54
603,206,3,ABC00000603,2023-03-07,Good,Available,2023-05-01 03:31:51,2023-05-01 03:31:51
604,206,2,ABC00000604,2021-10-17,Worn,Available,2023-05-03 02:54:18,2023-05-03 02:54:18
605,206,9,ABC00000605,2019-10-29,Good,Available,2023-05-01 10:13:58,2023-05-01 10:13:58
606,206,6,ABC00000606,2020-07-07,New,Rented,2023-05-03 09:08:41,2023-05-03 09:08:41
607,206,1,ABC00000607,2023-05-11,Good,Available,2023-05-11 21:26:58,2023-05-11 21:26:58
608,206,2,ABC00000608,2020-12-12,Good,Available,2023-05-01 03:20:59,2023-05-01 03:20:59
609,207,4,ABC00000609,2025-08-03,Good,Rented,2025-08-03 13:40:49,2025-08-03 13:40:49
610,207,8,ABC00000610,2018-04-23,Good,Available,2023-05-02 17:25:59,2023-05-02 17:25:59
611,207,3,ABC00000611,2021-04-19,Good,Rented,2023-05-03 17:21:47,2023-05-03 17:21:47
612,207,5,ABC00000612,2023-06-22,New,Available,2023-06-22 22:35:17,2023-06-22 22:35:17
613,207,2,ABC00000613,2023-06-04,Good,Rented,2023-06-04 10:29:38,2023-06-04 10:29:38
614,207,8,ABC00000614,2020-10-26,Worn,Retired,2023-05-02 17:09:35,2023-05-02 17:09:35
615,208,8,ABC00000615,2019-09-18,New,Available,2023-05-04 03:23:36,2023-05-04 03:23:36
616,208,5,ABC00000616,2024-03-27,Good,Rented,2024-03-27 11:24:55,2024-03-27 11:24:55
617,208,7,ABC00000617,2024-03-05,New,Rented,2024-03-05 19:44:32,2024-03-05 19:44:32
618,208,3,ABC00000618,2022-06-23,Good,Retired,2023-05-03 08:27:11,2023-05-03 08:27:11
619,208,9,ABC00000619,2019-05-31,Good,Available,2023-05-03 04:12:27,2023-05-03 04:12:27
620,209,6,ABC00000620,2023-10-31,Good,Rented,2023-10-31 02:53:09,2023-10-31 02:53:09
621,209,7,ABC00000621,2022-01-25,Good,Available,2023-05-01 02:18:02,2023-05-01 02:18:02
622,209,1,ABC00000622,2022-03-09,New,Available,2023-05-04 06:31:23,2023-05-04 06:31:23
623,212,7,ABC00000623,2023-04-12,Worn,Available,2023-05-04 13:16:28,2023-05-04 13:16:28
624,212,3,ABC00000624,2024-09-21,Good,Rented,2024-09-21 03:34:40,2024-09-21 03:34:40
625,212,4,ABC00000625,2024-07-12,New,Rented,2024-07-12 14:12:08,2024-07-12 14:12:08
626,213,2,ABC00000626,2025-05-02,Good,Rented,2025-05-02 14:12:29,2025-05-02 14:12:29
627,213,8,ABC00000627,2025-07-22,Good,Available,2025-07-22 20:20:39,2025-07-22 20:20:39
628,213,10,ABC00000628,2026-02-06,Worn,Available,2026-02-06 12:58:44,2026-02-06 12:58:44
629,213,9,ABC00000629,2022-08-08,New,Available,2023-05-02 09:14:57,2023-05-02 09:14:57
630,213,2,ABC00000630,2020-09-24,Good,Rented,2023-05-01 03:13:21,2023-05-01 03:13:21
631,215,9,ABC00000631,2023-03-22,Damaged,Available,2023-05-01 01:19:27,2023-05-01 01:19:27
632,215,6,ABC00000632,2019-02-16,Good,Available,2023-05-01 17:43:29,2023-05-01 17:43:29
633,215,4,ABC00000633,2023-05-04,New,Available,2023-05-04 15:34:36,2023-05-04 15:34:36
634,215,10,ABC00000634,2023-09-18,Good,Available,2023-09-18 15:24:11,2023-09-18 15:24:11
635,216,3,ABC00000635,2018-07-18,Good,Available,2023-05-02 06:27:16,2023-05-02 06:27:16
636,216,7,ABC00000636,2020-09-29,Good,Available,2023-05-01 15:21:57,2023-05-01 15:21:57
637,216,2,ABC00000637,2026-01-11,Worn,Rented,2026-01-11 11:27:29,2026-01-11 11:27:29
638,216,2,ABC00000638,2020-05-11,Good,Available,2023-05-01 21:18:03,2023-05-01 21:18:03
639,216,7,ABC00000639,2025-07-27,Worn,Available,2025-07-27 03:43:24,2025-07-27 03:43:24
640,217,6,ABC00000640,2021-06-13,Good,Rented,2023-05-03 09:09:38,2023-05-03 09:09:38
641,217,3,ABC00000641,2022-04-03,New,Rented,2023-05-03 12:53:56,2023-05-03 12:53:56
642,217,2,ABC00000642,2024-02-24,Good,Available,2024-02-24 06:54:18,2024-02-24 06:54:18
643,217,4,ABC00000643,2020-03-07,Good,Available,2023-05-02 12:44:13,2023-05-02 12:44:13
644,217,5,ABC00000644,2025-04-25,New,Available,2025-04-25 12:42:11,2025-04-25 12:42:11
645,218,7,ABC00000645,2022-02-11,Good,Rented,2023-05-02 20:09:19,2023-05-02 20:09:19
646,218,4,ABC00000646,2021-11-30,New,Rented,2023-05-04 06:10:31,2023-05-04 06:10:31
647,218,5,ABC00000647,2021-07-31,Worn,Available,2023-05-02 15:30:02,2023-05-02 15:30:02
648,218,7,ABC00000648,2020-04-12,Good,Available,2023-05-01 01:04:12,2023-05-01 01:04:12
649,220,1,ABC00000649,2018-09-23,Good,Rented,2023-05-02 19:03:15,2023-05-02 19:03:15
650,220,6,ABC00000650,2026-01-12,Good,Available,2026-01-12 23:55:34,2026-01-12 23:55:34
651,220,9,ABC00000651,2026-03-23,Good,Rented,2026-03-23 12:01:58,2026-03-23 12:01:58
652,220,10,ABC00000652,2019-06-02,Good,Available,2023-05-03 07:52:28,2023-05-03 07:52:28
653,220,8,ABC00000653,2020-01-12,Good,Available,2023-05-03 12:27:43,2023-05-03 12:27:43
654,220,6,ABC00000654,2024-04-26,Good,Rented,2024-04-26 11:36:34,2024-04-26 11:36:34
655,221,4,ABC00000655,2023-03-30,Damaged,Rented,2023-05-03 02:00:00,2023-05-03 02:00:00
656,221,8,ABC00000656,2020-07-29,Good,Available,2023-05-02 07:32:23,2023-05-02 07:32:23
657,221,5,ABC00000657,2023-04-01,Good,Available,2023-05-02 14:08:21,2023-05-02 14:08:21
658,221,6,ABC00000658,2020-01-15,New,Rented,2023-05-01 14:42:40,2023-05-01 14:42:40
659,222,9,ABC00000659,2025-09-18,New,Rented,2025-09-18 02:16:52,2025-09-18 02:16:52
660,222,9,ABC00000660,2024-07-31,New,Rented,2024-07-31 16:03:33,2024-07-31 16:03:33
661,222,1,ABC00000661,2019-07-25,Good,Rented,2023-05-02 12:43:38,2023-05-02 12:43:38
662,222,4,ABC00000662,2019-01-21,Worn,Rented,2023-05-04 22:26:33,2023-05-04 22:26:33
663,223,10,ABC00000663,2019-11-15,Good,Rented,2023-05-01 01:04:32,2023-05-01 01:04:32
664,223,6,ABC00000664,2020-06-22,Good,Retired,2023-05-03 13:34:54,2023-05-03 13:34:54
665,223,7,ABC00000665,2024-10-24,Good,Available,2024-10-24 13:25:55,2024-10-24 13:25:55
666,224,3,ABC00000666,2019-08-25,Good,Retired,2023-05-03 18:35:57,2023-05-03 18:35:57
667,224,5,ABC00000667,2021-06-26,New,Rented,2023-05-01 08:39:31,2023-05-01 08:39:31
668,225,3,ABC00000668,2022-04-21,Good,Available,2023-05-01 18:22:18,2023-05-01 18:22:18
669,225,5,ABC00000669,2021-06-23,Worn,Rented,2023-05-03 09:17:01,2023-05-03 09:17:01
670,225,1,ABC00000670,2019-07-17,Good,Rented,2023-05-03 07:56:25,2023-05-03 07:56:25
671,228,1,ABC00000671,2019-06-10,Good,Rented,2023-05-04 16:42:59,2023-05-04 16:42:59
672,228,3,ABC00000672,2019-07-03,Good,Available,2023-05-02 06:30:10,2023-05-02 06:30:10
673,228,5,ABC00000673,2021-02-16,Good,Rented,2023-05-02 17:14:39,2023-05-02 17:14:39
674,229,6,ABC00000674,2024-01-08,Worn,Retired,2024-01-08 01:36:28,2024-01-08 01:36:28
675,229,10,ABC00000675,2024-12-24,Good,Available,2024-12-24 19:05:28,2024-12-24 19:05:28
676,229,10,ABC00000676,2022-11-21,Good,Available,2023-05-03 08:18:29,2023-05-03 08:18:29
677,229,5,ABC00000677,2023-02-21,Good,Available,2023-05-01 02:04:26,2023-05-01 02:04:26
678,230,6,ABC00000678,2020-03-02,Good,Rented,2023-05-02 02:09:34,2023-05-02 02:09:34
679,230,9,ABC00000679,2025-07-01,Good,Available,2025-07-01 13:54:42,2025-07-01 13:54:42
680,230,3,ABC00000680,2025-11-19,New,Rented,2025-11-19 04:46:59,2025-11-19 04:46:59
681,230,8,ABC00000681,2018-04-10,Good,Available,2023-05-02 05:23:59,2023-05-02 05:23:59
682,230,2,ABC00000682,2021-03-11,Good,Rented,2023-05-03 12:23:10,2023-05-03 12:23:10
683,230,1,ABC00000683,2023-05-15,Damaged,Available,2023-05-15 01:34:44,2023-05-15 01:34:44
684,232,10,ABC00000684,2020-11-22,Worn,Rented,2023-05-01 21:03:06,2023-05-01 21:03:06
685,232,5,ABC00000685,2026-02-05,Good,Available,2026-02-05 14:46:46,2026-02-05 14:46:46
686,232,8,ABC00000686,2025-06-30,New,Rented,2025-06-30 01:01:53,2025-06-30 01:01:53
687,233,4,ABC00000687,2024-10-05,New,Rented,2024-10-05 17:15:31,2024-10-05 17:15:31
688,233,3,ABC00000688,2023-03-15,New,Available,2023-05-01 05:29:39,2023-05-01 05:29:39
689,233,9,ABC00000689,2025-12-10,Worn,Rented,2025-12-10 11:21:12,2025-12-10 11:21:12
690,233,7,ABC00000690,2023-12-19,Good,Available,2023-12-19 20:14:13,2023-12-19 20:14:13
691,233,4,ABC00000691,2019-11-23,Worn,Available,2023-05-02 15:14:37,2023-05-02 15:14:37
692,233,8,ABC00000692,2026-02-17,Good,Available,2026-02-17 07:34:48,2026-02-17 07:34:48
693,234,3,ABC00000693,2024-08-31,New,Rented,2024-08-31 05:58:50,2024-08-31 05:58:50
694,234,3,ABC00000694,2021-09-08,Damaged,Available,2023-05-03 06:11:01,2023-05-03 06:11:01
695,234,4,ABC00000695,2018-08-15,Good,Available,2023-05-01 12:14:29,2023-05-01 12:14:29
696,234,3,ABC00000696,2022-06-16,Good,Available,2023-05-04 14:03:20,2023-05-04 14:03:20
697,234,8,ABC00000697,2025-08-02,New,Available,2025-08-02 12:06:47,2025-08-02 12:06:47
698,234,6,ABC00000698,2022-03-25,Good,Available,2023-05-01 15:23:35,2023-05-01 15:23:35
699,235,4,ABC00000699,2021-08-31,New,Available,2023-05-03 19:59:44,2023-05-03 19:59:44
700,235,6,ABC00000700,2019-04-24,New,Rented,2023-05-04 09:48:12,2023-05-04 09:48:12
701,235,1,ABC00000701,2025-06-30,Good,Available,2025-06-30 03:41:48,2025-06-30 03:41:48
702,237,10,ABC00000702,2020-01-02,Good,Rented,2023-05-04 16:53:10,2023-05-04 16:53:10
703,237,5,ABC00000703,2022-03-14,New,Available,2023-05-03 03:36:07,2023-05-03 03:36:07
704,237,8,ABC00000704,2024-11-15,New,Rented,2024-11-15 12:20:28,2024-11-15 12:20:28
705,240,6,ABC00000705,2020-05-04,Good,Available,2023-05-03 23:07:06,2023-05-03 23:07:06
706,240,9,ABC00000706,2021-03-16,New,Available,2023-05-03 22:03:24,2023-05-03 22:03:24
707,240,1,ABC00000707,2020-07-23,Good,Available,2023-05-02 19:22:23,2023-05-02 19:22:23
708,240,9,ABC00000708,2019-11-19,New,Available,2023-05-04 01:37:31,2023-05-04 01:37:31
709,241,8,ABC00000709,2023-02-05,Good,Available,2023-05-02 15:55:14,2023-05-02 15:55:14
710,241,6,ABC00000710,2018-06-17,Worn,Available,2023-05-03 05:51:57,2023-05-03 05:51:57
711,242,5,ABC00000711,2018-05-16,Good,Available,2023-05-03 22:14:04,2023-05-03 22:14:04
712,242,8,ABC00000712,2023-09-27,Damaged,Available,2023-09-27 07:03:53,2023-09-27 07:03:53
713,243,1,ABC00000713,2018-01-05,New,Available,2023-05-03 20:36:50,2023-05-03 20:36:50
714,243,7,ABC00000714,2024-01-12,Good,Available,2024-01-12 10:00:44,2024-01-12 10:00:44
715,243,3,ABC00000715,2019-11-23,Good,Rented,2023-05-04 16:12:16,2023-05-04 16:12:16
716,243,2,ABC00000716,2018-05-06,Good,Available,2023-05-02 18:52:08,2023-05-02 18:52:08
717,243,2,ABC00000717,2021-07-23,Good,Available,2023-05-02 03:27:26,2023-05-02 03:27:26
718,243,7,ABC00000718,2022-07-28,New,Retired,2023-05-04 12:19:06,2023-05-04 12:19:06
719,244,5,ABC00000719,2024-09-10,New,Available,2024-09-10 05:14:21,2024-09-10 05:14:21
720,244,2,ABC00000720,2025-09-20,Good,Available,2025-09-20 09:41:26,2025-09-20 09:41:26
721,245,2,ABC00000721,2025-08-21,Good,Available,2025-08-21 07:26:54,2025-08-21 07:26:54
722,245,4,ABC00000722,2018-05-06,Good,Available,2023-05-02 19:18:43,2023-05-02 19:18:43
723,245,1,ABC00000723,2018-02-22,Worn,Rented,2023-05-02 19:42:39,2023-05-02 19:42:39
724,246,1,ABC00000724,2025-08-27,New,Rented,2025-08-27 20:53:34,2025-08-27 20:53:34
725,246,8,ABC00000725,2020-09-07,New,Available,2023-05-02 20:57:41,2023-05-02 20:57:41
726,246,3,ABC00000726,2023-06-21,New,Available,2023-06-21 08:14:21,2023-06-21 08:14:21
727,246,8,ABC00000727,2019-08-20,New,Available,2023-05-03 03:17:54,2023-05-03 03:17:54
728,246,3,ABC00000728,2019-11-11,New,Rented,2023-05-01 03:35:48,2023-05-01 03:35:48
729,247,2,ABC00000729,2026-03-08,Good,Available,2026-03-08 10:45:59,2026-03-08 10:45:59
730,247,6,ABC00000730,2018-11-20,Good,Rented,2023-05-02 16:16:37,2023-05-02 16:16:37
731,247,3,ABC00000731,2024-06-07,Good,Available,2024-06-07 17:25:09,2024-06-07 17:25:09
732,247,5,ABC00000732,2024-10-28,Good,Rented,2024-10-28 12:02:01,2024-10-28 12:02:01
733,247,1,ABC00000733,2021-04-14,New,Rented,2023-05-01 11:35:53,2023-05-01 11:35:53
734,247,8,ABC00000734,2026-04-03,Good,Rented,2026-04-03 13:12:35,2026-04-03 13:12:35
735,248,4,ABC00000735,2026-03-03,Good,Available,2026-03-03 07:03:35,2026-03-03 07:03:35
736,248,6,ABC00000736,2019-07-22,New,Rented,2023-05-04 20:03:10,2023-05-04 20:03:10
737,249,2,ABC00000737,2021-05-10,Good,Available,2023-05-01 04:16:57,2023-05-01 04:16:57
738,249,10,ABC00000738,2023-01-07,Good,Available,2023-05-04 06:58:10,2023-05-04 06:58:10
739,249,7,ABC00000739,2019-11-16,Worn,Rented,2023-05-03 16:06:41,2023-05-03 16:06:41
740,249,1,ABC00000740,2021-07-30,Good,Rented,2023-05-04 13:10:57,2023-05-04 13:10:57
741,250,1,ABC00000741,2019-02-04,Good,Available,2023-05-02 19:20:00,2023-05-02 19:20:00
742,250,8,ABC00000742,2022-11-19,Good,Rented,2023-05-02 19:35:50,2023-05-02 19:35:50
743,250,7,ABC00000743,2023-03-16,Worn,Available,2023-05-03 16:48:20,2023-05-03 16:48:20
744,250,10,ABC00000744,2020-05-05,Good,Retired,2023-05-02 15:13:12,2023-05-02 15:13:12
745,251,7,ABC00000745,2022-06-20,New,Retired,2023-05-03 11:08:28,2023-05-03 11:08:28
746,251,5,ABC00000746,2020-08-18,Worn,Available,2023-05-03 04:35:58,2023-05-03 04:35:58
747,251,7,ABC00000747,2022-10-28,New,Available,2023-05-01 23:23:36,2023-05-01 23:23:36
748,251,4,ABC00000748,2024-08-05,Worn,Rented,2024-08-05 16:44:41,2024-08-05 16:44:41
749,251,8,ABC00000749,2025-12-06,Good,Available,2025-12-06 13:45:32,2025-12-06 13:45:32
750,254,6,ABC00000750,2018-03-06,Good,Available,2023-05-04 23:28:02,2023-05-04 23:28:02
751,254,5,ABC00000751,2019-08-18,New,Rented,2023-05-04 02:10:33,2023-05-04 02:10:33
752,257,9,ABC00000752,2023-03-30,Worn,Available,2023-05-04 01:29:28,2023-05-04 01:29:28
753,257,9,ABC00000753,2018-04-21,Worn,Rented,2023-05-01 22:49:39,2023-05-01 22:49:39
754,257,9,ABC00000754,2024-11-24,Good,Rented,2024-11-24 11:53:32,2024-11-24 11:53:32
755,257,3,ABC00000755,2026-05-06,New,Rented,2026-05-06 10:25:29,2026-05-06 10:25:29
756,257,8,ABC00000756,2025-04-17,Good,Available,2025-04-17 15:09:53,2025-04-17 15:09:53
757,260,2,ABC00000757,2020-07-15,Damaged,Retired,2023-05-02 17:41:51,2023-05-02 17:41:51
758,260,10,ABC00000758,2019-11-08,New,Available,2023-05-02 01:02:05,2023-05-02 01:02:05
759,260,10,ABC00000759,2021-01-13,Worn,Rented,2023-05-02 10:07:36,2023-05-02 10:07:36
760,260,2,ABC00000760,2019-09-24,New,Rented,2023-05-03 11:49:00,2023-05-03 11:49:00
761,261,9,ABC00000761,2020-01-15,Good,Rented,2023-05-02 10:11:26,2023-05-02 10:11:26
762,261,1,ABC00000762,2021-08-19,Good,Retired,2023-05-03 00:33:03,2023-05-03 00:33:03
763,261,2,ABC00000763,2020-12-16,Good,Available,2023-05-04 11:27:36,2023-05-04 11:27:36
764,261,8,ABC00000764,2021-08-25,Good,Rented,2023-05-02 01:23:05,2023-05-02 01:23:05
765,261,10,ABC00000765,2021-08-09,New,Available,2023-05-03 11:00:41,2023-05-03 11:00:41
766,262,4,ABC00000766,2022-10-30,Worn,Available,2023-05-04 20:49:09,2023-05-04 20:49:09
767,262,9,ABC00000767,2019-07-25,Good,Rented,2023-05-04 12:03:52,2023-05-04 12:03:52
768,262,3,ABC00000768,2024-08-11,Good,Available,2024-08-11 19:58:16,2024-08-11 19:58:16
769,263,3,ABC00000769,2024-08-08,Good,Available,2024-08-08 03:15:09,2024-08-08 03:15:09
770,263,8,ABC00000770,2024-11-03,New,Rented,2024-11-03 05:32:35,2024-11-03 05:32:35
771,263,1,ABC00000771,2018-08-11,New,Rented,2023-05-02 05:59:14,2023-05-02 05:59:14
772,263,8,ABC00000772,2019-01-02,New,Available,2023-05-01 17:40:26,2023-05-01 17:40:26
773,264,4,ABC00000773,2021-01-02,Worn,Available,2023-05-03 01:45:31,2023-05-03 01:45:31
774,264,9,ABC00000774,2021-01-23,Good,Rented,2023-05-03 10:31:11,2023-05-03 10:31:11
775,264,7,ABC00000775,2023-06-10,New,Available,2023-06-10 19:22:17,2023-06-10 19:22:17
776,264,7,ABC00000776,2022-04-23,New,Rented,2023-05-03 05:22:24,2023-05-03 05:22:24
777,267,7,ABC00000777,2025-12-05,New,Available,2025-12-05 09:25:49,2025-12-05 09:25:49
778,267,10,ABC00000778,2023-10-03,Good,Rented,2023-10-03 15:06:43,2023-10-03 15:06:43
779,267,5,ABC00000779,2025-03-22,Good,Available,2025-03-22 23:16:21,2025-03-22 23:16:21
780,267,3,ABC00000780,2022-04-01,New,Available,2023-05-03 17:27:48,2023-05-03 17:27:48
781,267,4,ABC00000781,2021-01-12,New,Rented,2023-05-02 10:02:51,2023-05-02 10:02:51
782,267,5,ABC00000782,2018-01-15,Good,Rented,2023-05-03 16:09:57,2023-05-03 16:09:57
783,268,10,ABC00000783,2019-05-13,Good,Available,2023-05-03 09:16:26,2023-05-03 09:16:26
784,268,10,ABC00000784,2018-02-08,New,Rented,2023-05-03 18:04:56,2023-05-03 18:04:56
785,268,4,ABC00000785,2021-07-09,Good,Rented,2023-05-04 03:42:58,2023-05-04 03:42:58
786,268,1,ABC00000786,2021-08-13,Good,Available,2023-05-02 01:07:39,2023-05-02 01:07:39
787,268,8,ABC00000787,2022-07-29,New,Retired,2023-05-01 15:52:15,2023-05-01 15:52:15
788,268,9,ABC00000788,2021-04-26,Good,Rented,2023-05-04 02:30:34,2023-05-04 02:30:34
789,269,8,ABC00000789,2020-07-31,Good,Available,2023-05-01 05:22:33,2023-05-01 05:22:33
790,269,10,ABC00000790,2023-07-05,Good,Rented,2023-07-05 10:24:54,2023-07-05 10:24:54
791,269,4,ABC00000791,2020-09-23,New,Rented,2023-05-03 01:37:29,2023-05-03 01:37:29
792,269,6,ABC00000792,2018-01-08,Good,Rented,2023-05-03 17:14:04,2023-05-03 17:14:04
793,270,2,ABC00000793,2022-09-04,Good,Available,2023-05-03 05:34:01,2023-05-03 05:34:01
794,270,8,ABC00000794,2020-05-11,Good,Available,2023-05-03 00:39:33,2023-05-03 00:39:33
795,270,7,ABC00000795,2019-04-17,Good,Available,2023-05-04 08:26:06,2023-05-04 08:26:06
796,270,1,ABC00000796,2018-04-01,Good,Rented,2023-05-01 08:08:50,2023-05-01 08:08:50
797,271,5,ABC00000797,2022-02-26,Good,Retired,2023-05-03 04:50:44,2023-05-03 04:50:44
798,271,5,ABC00000798,2024-01-18,Good,Available,2024-01-18 15:00:20,2024-01-18 15:00:20
799,272,8,ABC00000799,2020-02-26,Good,Available,2023-05-03 19:21:20,2023-05-03 19:21:20
800,272,1,ABC00000800,2025-09-27,Good,Rented,2025-09-27 20:39:21,2025-09-27 20:39:21
801,272,4,ABC00000801,2023-05-16,New,Available,2023-05-16 15:43:18,2023-05-16 15:43:18
802,272,3,ABC00000802,2026-02-22,New,Available,2026-02-22 14:41:09,2026-02-22 14:41:09
803,272,5,ABC00000803,2023-12-26,Worn,Rented,2023-12-26 20:21:54,2023-12-26 20:21:54
804,272,1,ABC00000804,2018-08-06,New,Available,2023-05-02 12:36:41,2023-05-02 12:36:41
805,273,6,ABC00000805,2018-03-16,Good,Rented,2023-05-01 11:55:09,2023-05-01 11:55:09
806,273,10,ABC00000806,2018-05-08,New,Rented,2023-05-01 15:47:44,2023-05-01 15:47:44
807,274,9,ABC00000807,2025-04-30,Damaged,Available,2025-04-30 23:57:12,2025-04-30 23:57:12
808,274,10,ABC00000808,2023-05-13,Good,Available,2023-05-13 07:08:48,2023-05-13 07:08:48
809,274,10,ABC00000809,2023-06-08,New,Rented,2023-06-08 23:56:24,2023-06-08 23:56:24
810,275,5,ABC00000810,2019-06-29,Good,Rented,2023-05-03 04:51:59,2023-05-03 04:51:59
811,275,8,ABC00000811,2024-04-06,Good,Retired,2024-04-06 22:08:58,2024-04-06 22:08:58
812,275,7,ABC00000812,2021-03-18,New,Available,2023-05-04 06:09:08,2023-05-04 06:09:08
813,275,6,ABC00000813,2018-12-20,Good,Available,2023-05-03 15:53:27,2023-05-03 15:53:27
814,276,9,ABC00000814,2022-11-10,Good,Rented,2023-05-02 13:11:28,2023-05-02 13:11:28
815,276,4,ABC00000815,2021-08-20,Worn,Rented,2023-05-04 17:21:29,2023-05-04 17:21:29
816,276,3,ABC00000816,2023-04-06,Good,Available,2023-05-02 10:35:33,2023-05-02 10:35:33
817,276,10,ABC00000817,2023-04-10,Worn,Available,2023-05-01 23:04:58,2023-05-01 23:04:58
818,278,5,ABC00000818,2019-10-01,Good,Available,2023-05-04 13:21:25,2023-05-04 13:21:25
819,278,7,ABC00000819,2020-06-19,Worn,Rented,2023-05-02 06:22:14,2023-05-02 06:22:14
820,278,6,ABC00000820,2023-09-30,Damaged,Available,2023-09-30 03:46:25,2023-09-30 03:46:25
821,278,9,ABC00000821,2026-05-18,Good,Available,2026-05-18 20:57:37,2026-05-18 20:57:37
822,279,10,ABC00000822,2019-09-17,Good,Rented,2023-05-03 22:01:20,2023-05-03 22:01:20
823,279,5,ABC00000823,2021-08-14,Worn,Available,2023-05-03 05:41:46,2023-05-03 05:41:46
824,279,5,ABC00000824,2022-03-01,Good,Rented,2023-05-03 20:11:45,2023-05-03 20:11:45
825,279,7,ABC00000825,2026-04-02,New,Available,2026-04-02 09:32:13,2026-04-02 09:32:13
826,279,4,ABC00000826,2019-12-23,Worn,Rented,2023-05-03 00:54:53,2023-05-03 00:54:53
827,279,9,ABC00000827,2023-07-01,New,Available,2023-07-01 22:17:56,2023-07-01 22:17:56
828,280,3,ABC00000828,2019-07-13,Good,Retired,2023-05-02 10:49:01,2023-05-02 10:49:01
829,280,6,ABC00000829,2019-03-25,Good,Available,2023-05-01 01:55:41,2023-05-01 01:55:41
830,280,8,ABC00000830,2023-01-08,Good,Retired,2023-05-02 08:13:08,2023-05-02 08:13:08
831,281,10,ABC00000831,2019-01-29,Good,Available,2023-05-03 09:44:30,2023-05-03 09:44:30
832,281,8,ABC00000832,2025-09-26,New,Available,2025-09-26 18:26:13,2025-09-26 18:26:13
833,281,4,ABC00000833,2025-11-01,Good,Available,2025-11-01 03:11:28,2025-11-01 03:11:28
834,282,2,ABC00000834,2024-03-27,Good,Available,2024-03-27 03:14:10,2024-03-27 03:14:10
835,282,8,ABC00000835,2024-07-31,New,Available,2024-07-31 12:56:31,2024-07-31 12:56:31
836,282,4,ABC00000836,2019-09-30,New,Available,2023-05-02 16:47:42,2023-05-02 16:47:42
837,282,9,ABC00000837,2020-08-31,Good,Rented,2023-05-01 11:37:35,2023-05-01 11:37:35
838,282,9,ABC00000838,2023-03-01,Good,Rented,2023-05-02 03:19:39,2023-05-02 03:19:39
839,283,3,ABC00000839,2022-07-18,Good,Retired,2023-05-03 01:08:35,2023-05-03 01:08:35
840,283,4,ABC00000840,2019-12-30,Good,Rented,2023-05-04 04:23:04,2023-05-04 04:23:04
841,283,2,ABC00000841,2025-03-28,Good,Rented,2025-03-28 05:32:45,2025-03-28 05:32:45
842,283,5,ABC00000842,2020-05-06,New,Available,2023-05-03 15:31:16,2023-05-03 15:31:16
843,284,2,ABC00000843,2019-02-05,Good,Rented,2023-05-03 20:36:46,2023-05-03 20:36:46
844,284,1,ABC00000844,2024-01-14,New,Available,2024-01-14 19:31:55,2024-01-14 19:31:55
845,284,4,ABC00000845,2018-09-24,Worn,Available,2023-05-01 04:57:08,2023-05-01 04:57:08
846,284,7,ABC00000846,2026-05-01,New,Available,2026-05-01 07:45:56,2026-05-01 07:45:56
847,284,9,ABC00000847,2021-09-26,Good,Available,2023-05-01 10:55:08,2023-05-01 10:55:08
848,284,9,ABC00000848,2018-04-10,Good,Available,2023-05-04 03:09:24,2023-05-04 03:09:24
849,285,9,ABC00000849,2019-04-29,Good,Available,2023-05-01 13:48:28,2023-05-01 13:48:28
850,285,9,ABC00000850,2019-08-26,Good,Available,2023-05-01 21:21:55,2023-05-01 21:21:55
851,285,8,ABC00000851,2026-03-05,Good,Rented,2026-03-05 01:46:53,2026-03-05 01:46:53
852,290,6,ABC00000852,2022-07-10,Worn,Retired,2023-05-03 11:05:37,2023-05-03 11:05:37
853,290,4,ABC00000853,2019-09-26,Good,Available,2023-05-02 18:22:51,2023-05-02 18:22:51
854,291,2,ABC00000854,2020-10-14,Worn,Available,2023-05-01 01:23:10,2023-05-01 01:23:10
855,291,3,ABC00000855,2019-05-05,Good,Available,2023-05-03 18:02:21,2023-05-03 18:02:21
856,291,9,ABC00000856,2019-01-28,Worn,Available,2023-05-04 04:33:46,2023-05-04 04:33:46
857,292,4,ABC00000857,2018-08-03,Worn,Rented,2023-05-04 00:31:10,2023-05-04 00:31:10
858,292,2,ABC00000858,2020-05-06,Good,Available,2023-05-04 14:16:57,2023-05-04 14:16:57
859,292,9,ABC00000859,2021-03-17,Worn,Available,2023-05-03 09:50:55,2023-05-03 09:50:55
860,292,2,ABC00000860,2021-12-13,Good,Rented,2023-05-02 12:46:07,2023-05-02 12:46:07
861,292,10,ABC00000861,2026-03-30,Good,Available,2026-03-30 07:23:56,2026-03-30 07:23:56
862,293,1,ABC00000862,2022-05-06,New,Rented,2023-05-01 15:24:37,2023-05-01 15:24:37
863,293,6,ABC00000863,2023-11-30,New,Available,2023-11-30 23:19:56,2023-11-30 23:19:56
864,293,2,ABC00000864,2021-06-11,Good,Available,2023-05-01 23:00:56,2023-05-01 23:00:56
865,293,5,ABC00000865,2019-02-25,Damaged,Available,2023-05-01 11:55:20,2023-05-01 11:55:20
866,293,8,ABC00000866,2024-03-30,Worn,Rented,2024-03-30 04:33:26,2024-03-30 04:33:26
867,295,2,ABC00000867,2021-02-08,Good,Available,2023-05-04 06:29:55,2023-05-04 06:29:55
868,295,6,ABC00000868,2019-12-29,Good,Available,2023-05-03 20:28:26,2023-05-03 20:28:26
869,295,3,ABC00000869,2024-12-22,Good,Available,2024-12-22 19:20:03,2024-12-22 19:20:03
870,296,2,ABC00000870,2019-07-20,Good,Rented,2023-05-01 18:08:59,2023-05-01 18:08:59
871,296,9,ABC00000871,2023-04-15,New,Rented,2023-05-03 23:24:08,2023-05-03 23:24:08
872,296,9,ABC00000872,2024-11-06,Good,Rented,2024-11-06 03:20:17,2024-11-06 03:20:17
873,296,10,ABC00000873,2024-07-07,Worn,Rented,2024-07-07 00:29:42,2024-07-07 00:29:42
874,297,9,ABC00000874,2022-02-17,Damaged,Available,2023-05-04 16:12:22,2023-05-04 16:12:22
875,297,4,ABC00000875,2025-08-17,New,Available,2025-08-17 14:07:44,2025-08-17 14:07:44
876,297,8,ABC00000876,2024-09-24,Good,Available,2024-09-24 17:54:55,2024-09-24 17:54:55
877,297,6,ABC00000877,2020-07-30,Good,Rented,2023-05-02 06:16:33,2023-05-02 06:16:33
878,297,2,ABC00000878,2024-10-21,New,Rented,2024-10-21 23:38:52,2024-10-21 23:38:52
879,298,10,ABC00000879,2018-11-06,Worn,Rented,2023-05-02 23:20:05,2023-05-02 23:20:05
880,298,6,ABC00000880,2026-01-05,Damaged,Rented,2026-01-05 01:49:07,2026-01-05 01:49:07
881,298,2,ABC00000881,2023-09-04,New,Rented,2023-09-04 21:10:21,2023-09-04 21:10:21
882,298,6,ABC00000882,2025-09-25,Good,Available,2025-09-25 11:40:19,2025-09-25 11:40:19
883,298,4,ABC00000883,2021-08-12,New,Rented,2023-05-04 14:56:11,2023-05-04 14:56:11
884,300,10,ABC00000884,2018-02-18,New,Available,2023-05-02 03:23:13,2023-05-02 03:23:13
885,300,10,ABC00000885,2019-08-28,Good,Rented,2023-05-01 10:47:12,2023-05-01 10:47:12
886,300,9,ABC00000886,2025-08-07,Worn,Available,2025-08-07 19:35:02,2025-08-07 19:35:02
887,300,3,ABC00000887,2026-05-07,Good,Available,2026-05-07 09:21:06,2026-05-07 09:21:06
888,300,8,ABC00000888,2018-07-16,Good,Rented,2023-05-03 17:26:36,2023-05-03 17:26:36
889,300,6,ABC00000889,2020-07-23,Good,Available,2023-05-02 16:08:57,2023-05-02 16:08:57
890,301,4,ABC00000890,2022-02-05,New,Rented,2023-05-01 16:21:18,2023-05-01 16:21:18
891,301,7,ABC00000891,2024-08-17,Good,Retired,2024-08-17 07:34:25,2024-08-17 07:34:25
892,301,5,ABC00000892,2022-07-18,Good,Available,2023-05-04 12:59:24,2023-05-04 12:59:24
893,302,9,ABC00000893,2019-03-06,Good,Available,2023-05-02 05:46:17,2023-05-02 05:46:17
894,302,7,ABC00000894,2020-09-30,New,Rented,2023-05-04 05:02:09,2023-05-04 05:02:09
895,302,1,ABC00000895,2024-02-17,Damaged,Available,2024-02-17 21:14:24,2024-02-17 21:14:24
896,302,8,ABC00000896,2023-04-07,Good,Rented,2023-05-04 19:27:09,2023-05-04 19:27:09
897,302,3,ABC00000897,2022-10-14,Good,Rented,2023-05-03 05:06:08,2023-05-03 05:06:08
898,304,2,ABC00000898,2022-05-13,New,Rented,2023-05-02 10:30:39,2023-05-02 10:30:39
899,304,1,ABC00000899,2018-06-07,Good,Available,2023-05-02 09:14:22,2023-05-02 09:14:22
900,304,9,ABC00000900,2019-06-13,Worn,Available,2023-05-03 10:11:24,2023-05-03 10:11:24
901,304,1,ABC00000901,2025-11-30,New,Available,2025-11-30 05:48:19,2025-11-30 05:48:19
902,304,6,ABC00000902,2024-10-11,Good,Rented,2024-10-11 19:28:11,2024-10-11 19:28:11
903,304,3,ABC00000903,2024-05-29,Good,Rented,2024-05-29 17:44:15,2024-05-29 17:44:15
904,305,6,ABC00000904,2021-10-05,New,Rented,2023-05-03 19:13:44,2023-05-03 19:13:44
905,305,10,ABC00000905,2018-03-23,New,Available,2023-05-03 11:57:54,2023-05-03 11:57:54
906,305,10,ABC00000906,2020-09-13,Good,Available,2023-05-04 01:31:30,2023-05-04 01:31:30
907,305,5,ABC00000907,2022-11-25,Damaged,Available,2023-05-04 21:50:03,2023-05-04 21:50:03
908,305,5,ABC00000908,2019-12-13,Worn,Available,2023-05-03 16:02:34,2023-05-03 16:02:34
909,305,8,ABC00000909,2020-12-01,Good,Rented,2023-05-04 03:55:38,2023-05-04 03:55:38
910,306,6,ABC00000910,2022-11-19,New,Available,2023-05-02 12:48:48,2023-05-02 12:48:48
911,306,10,ABC00000911,2019-12-31,Worn,Retired,2023-05-02 21:41:51,2023-05-02 21:41:51
912,307,1,ABC00000912,2024-05-25,Good,Rented,2024-05-25 07:48:30,2024-05-25 07:48:30
913,307,2,ABC00000913,2025-10-01,Good,Available,2025-10-01 07:24:20,2025-10-01 07:24:20
914,307,7,ABC00000914,2024-04-29,Good,Retired,2024-04-29 01:03:38,2024-04-29 01:03:38
915,307,1,ABC00000915,2025-01-20,Good,Rented,2025-01-20 18:04:10,2025-01-20 18:04:10
916,307,9,ABC00000916,2018-09-20,Good,Available,2023-05-02 12:22:19,2023-05-02 12:22:19
917,307,8,ABC00000917,2024-04-27,Good,Rented,2024-04-27 16:28:39,2024-04-27 16:28:39
918,308,6,ABC00000918,2018-08-07,Good,Rented,2023-05-03 06:16:07,2023-05-03 06:16:07
919,308,5,ABC00000919,2019-12-14,Damaged,Rented,2023-05-04 09:15:40,2023-05-04 09:15:40
920,308,10,ABC00000920,2019-07-14,Good,Available,2023-05-04 06:20:14,2023-05-04 06:20:14
921,308,7,ABC00000921,2024-03-13,Good,Rented,2024-03-13 03:35:59,2024-03-13 03:35:59
922,308,3,ABC00000922,2023-09-08,Good,Available,2023-09-08 14:18:44,2023-09-08 14:18:44
923,309,5,ABC00000923,2023-08-18,New,Available,2023-08-18 15:29:22,2023-08-18 15:29:22
924,309,9,ABC00000924,2020-10-04,New,Rented,2023-05-04 15:06:50,2023-05-04 15:06:50
925,309,3,ABC00000925,2018-01-27,New,Available,2023-05-01 18:09:27,2023-05-01 18:09:27
926,309,2,ABC00000926,2018-04-13,Good,Rented,2023-05-03 12:22:45,2023-05-03 12:22:45
927,309,5,ABC00000927,2019-03-24,New,Rented,2023-05-03 11:58:07,2023-05-03 11:58:07
928,309,9,ABC00000928,2022-05-04,Good,Rented,2023-05-04 08:09:47,2023-05-04 08:09:47
929,310,10,ABC00000929,2026-03-03,Good,Available,2026-03-03 20:46:40,2026-03-03 20:46:40
930,310,3,ABC00000930,2024-02-08,Worn,Available,2024-02-08 05:26:05,2024-02-08 05:26:05
931,311,6,ABC00000931,2025-06-27,Good,Available,2025-06-27 13:51:33,2025-06-27 13:51:33
932,311,6,ABC00000932,2022-01-26,New,Retired,2023-05-03 23:57:10,2023-05-03 23:57:10
933,311,6,ABC00000933,2023-03-16,New,Rented,2023-05-04 12:58:01,2023-05-04 12:58:01
934,311,10,ABC00000934,2023-05-14,Worn,Rented,2023-05-14 11:42:10,2023-05-14 11:42:10
935,312,5,ABC00000935,2022-01-16,Good,Rented,2023-05-02 03:55:51,2023-05-02 03:55:51
936,312,8,ABC00000936,2025-10-18,Good,Available,2025-10-18 12:02:59,2025-10-18 12:02:59
937,312,10,ABC00000937,2021-10-30,Good,Available,2023-05-01 17:54:45,2023-05-01 17:54:45
938,314,7,ABC00000938,2022-05-20,New,Available,2023-05-04 22:01:37,2023-05-04 22:01:37
939,314,1,ABC00000939,2024-05-28,Good,Rented,2024-05-28 02:54:57,2024-05-28 02:54:57
940,314,4,ABC00000940,2021-02-03,Good,Rented,2023-05-02 18:30:58,2023-05-02 18:30:58
941,315,10,ABC00000941,2024-09-20,New,Available,2024-09-20 17:30:39,2024-09-20 17:30:39
942,315,2,ABC00000942,2021-03-31,Worn,Available,2023-05-04 16:36:35,2023-05-04 16:36:35
943,315,10,ABC00000943,2019-01-06,Good,Available,2023-05-04 21:01:59,2023-05-04 21:01:59
944,315,7,ABC00000944,2023-03-27,Good,Available,2023-05-01 16:50:55,2023-05-01 16:50:55
945,315,4,ABC00000945,2019-10-06,Good,Available,2023-05-02 18:56:24,2023-05-02 18:56:24
946,316,6,ABC00000946,2020-04-23,Good,Available,2023-05-04 00:38:18,2023-05-04 00:38:18
947,316,8,ABC00000947,2021-05-21,Good,Rented,2023-05-02 07:38:29,2023-05-02 07:38:29
948,316,7,ABC00000948,2020-09-24,Good,Rented,2023-05-03 01:43:54,2023-05-03 01:43:54
949,317,2,ABC00000949,2018-02-08,Good,Rented,2023-05-01 04:34:19,2023-05-01 04:34:19
950,317,8,ABC00000950,2025-03-01,Good,Rented,2025-03-01 19:31:40,2025-03-01 19:31:40
951,317,8,ABC00000951,2020-04-09,New,Available,2023-05-04 21:27:02,2023-05-04 21:27:02
952,317,3,ABC00000952,2019-03-30,New,Available,2023-05-03 00:32:18,2023-05-03 00:32:18
953,317,1,ABC00000953,2020-08-16,New,Retired,2023-05-02 06:26:22,2023-05-02 06:26:22
954,317,2,ABC00000954,2020-05-15,Good,Rented,2023-05-04 00:43:49,2023-05-04 00:43:49
955,318,2,ABC00000955,2023-09-02,Good,Rented,2023-09-02 00:35:54,2023-09-02 00:35:54
956,318,3,ABC00000956,2018-05-07,New,Available,2023-05-01 18:19:51,2023-05-01 18:19:51
957,318,8,ABC00000957,2021-06-03,Good,Available,2023-05-01 03:54:16,2023-05-01 03:54:16
958,318,4,ABC00000958,2018-11-05,Good,Available,2023-05-03 20:19:26,2023-05-03 20:19:26
959,318,1,ABC00000959,2025-04-12,New,Rented,2025-04-12 01:32:58,2025-04-12 01:32:58
960,318,5,ABC00000960,2021-05-16,New,Available,2023-05-01 10:42:34,2023-05-01 10:42:34
961,320,10,ABC00000961,2024-12-06,Worn,Rented,2024-12-06 06:26:59,2024-12-06 06:26:59
962,320,7,ABC00000962,2025-08-11,Good,Available,2025-08-11 22:00:09,2025-08-11 22:00:09
963,320,9,ABC00000963,2021-10-04,New,Available,2023-05-04 17:41:10,2023-05-04 17:41:10
964,320,9,ABC00000964,2023-08-31,New,Rented,2023-08-31 19:39:30,2023-08-31 19:39:30
965,321,6,ABC00000965,2018-11-25,Damaged,Rented,2023-05-02 17:17:01,2023-05-02 17:17:01
966,321,1,ABC00000966,2024-06-10,Worn,Available,2024-06-10 18:42:20,2024-06-10 18:42:20
967,321,10,ABC00000967,2018-11-07,Good,Rented,2023-05-03 10:23:45,2023-05-03 10:23:45
968,321,7,ABC00000968,2025-01-08,Good,Rented,2025-01-08 00:42:14,2025-01-08 00:42:14
969,321,1,ABC00000969,2020-05-19,Good,Rented,2023-05-01 21:57:00,2023-05-01 21:57:00
970,322,6,ABC00000970,2019-08-23,New,Available,2023-05-01 00:00:29,2023-05-01 00:00:29
971,322,9,ABC00000971,2023-08-05,New,Retired,2023-08-05 12:21:32,2023-08-05 12:21:32
972,322,1,ABC00000972,2022-03-16,Good,Rented,2023-05-04 10:51:33,2023-05-04 10:51:33
973,323,2,ABC00000973,2025-09-22,Damaged,Available,2025-09-22 04:27:13,2025-09-22 04:27:13
974,323,5,ABC00000974,2023-06-24,Good,Available,2023-06-24 06:13:01,2023-06-24 06:13:01
975,323,2,ABC00000975,2019-07-26,Worn,Rented,2023-05-01 03:23:26,2023-05-01 03:23:26
976,324,9,ABC00000976,2023-05-11,Good,Rented,2023-05-11 05:50:28,2023-05-11 05:50:28
977,324,8,ABC00000977,2025-05-15,Good,Available,2025-05-15 22:52:35,2025-05-15 22:52:35
978,324,1,ABC00000978,2025-07-05,Good,Retired,2025-07-05 04:43:12,2025-07-05 04:43:12
979,324,4,ABC00000979,2021-01-07,New,Rented,2023-05-03 14:14:05,2023-05-03 14:14:05
980,325,7,ABC00000980,2021-07-27,Damaged,Available,2023-05-01 01:37:38,2023-05-01 01:37:38
981,325,3,ABC00000981,2020-08-07,Worn,Rented,2023-05-03 05:23:19,2023-05-03 05:23:19
982,325,8,ABC00000982,2023-06-07,Good,Rented,2023-06-07 16:57:48,2023-06-07 16:57:48
983,325,10,ABC00000983,2019-02-24,Good,Rented,2023-05-03 05:31:28,2023-05-03 05:31:28
984,325,6,ABC00000984,2018-05-25,Good,Available,2023-05-02 15:19:01,2023-05-02 15:19:01
985,326,2,ABC00000985,2021-01-08,New,Available,2023-05-03 21:54:17,2023-05-03 21:54:17
986,326,5,ABC00000986,2021-09-18,Good,Available,2023-05-04 09:16:41,2023-05-04 09:16:41
987,326,8,ABC00000987,2023-01-11,Worn,Rented,2023-05-02 10:51:15,2023-05-02 10:51:15
988,326,8,ABC00000988,2024-10-09,Good,Retired,2024-10-09 05:49:18,2024-10-09 05:49:18
989,326,7,ABC00000989,2018-02-09,Worn,Retired,2023-05-02 13:42:35,2023-05-02 13:42:35
990,326,3,ABC00000990,2019-05-11,Good,Rented,2023-05-01 08:00:43,2023-05-01 08:00:43
991,327,10,ABC00000991,2022-07-15,New,Rented,2023-05-03 19:15:43,2023-05-03 19:15:43
992,327,6,ABC00000992,2022-01-17,Good,Available,2023-05-02 18:27:05,2023-05-02 18:27:05
993,328,8,ABC00000993,2022-04-05,Good,Available,2023-05-01 17:37:08,2023-05-01 17:37:08
994,328,5,ABC00000994,2018-01-10,Good,Retired,2023-05-04 21:34:34,2023-05-04 21:34:34
995,328,6,ABC00000995,2019-05-25,Worn,Rented,2023-05-02 23:21:33,2023-05-02 23:21:33
996,328,9,ABC00000996,2023-12-28,Good,Rented,2023-12-28 21:32:12,2023-12-28 21:32:12
997,328,1,ABC00000997,2018-12-01,Worn,Rented,2023-05-04 12:11:49,2023-05-04 12:11:49
998,329,3,ABC00000998,2024-04-21,Good,Rented,2024-04-21 09:02:15,2024-04-21 09:02:15
999,329,5,ABC00000999,2026-04-14,Worn,Available,2026-04-14 01:56:29,2026-04-14 01:56:29
1000,329,10,ABC00001000,2022-06-16,New,Retired,2023-05-01 13:34:29,2023-05-01 13:34:29
1001,331,4,ABC00001001,2019-04-09,Good,Available,2023-05-01 10:56:24,2023-05-01 10:56:24
1002,331,1,ABC00001002,2025-11-08,Damaged,Available,2025-11-08 04:22:17,2025-11-08 04:22:17
1003,331,9,ABC00001003,2025-10-16,Good,Rented,2025-10-16 09:41:59,2025-10-16 09:41:59
1004,331,7,ABC00001004,2025-07-01,Good,Rented,2025-07-01 02:42:01,2025-07-01 02:42:01
1005,331,6,ABC00001005,2019-05-19,New,Rented,2023-05-03 02:35:17,2023-05-03 02:35:17
1006,331,8,ABC00001006,2021-07-12,New,Available,2023-05-02 21:28:06,2023-05-02 21:28:06
1007,332,1,ABC00001007,2019-12-18,Worn,Available,2023-05-04 17:09:07,2023-05-04 17:09:07
1008,332,2,ABC00001008,2025-11-13,Good,Rented,2025-11-13 00:10:26,2025-11-13 00:10:26
1009,332,1,ABC00001009,2018-11-25,Worn,Available,2023-05-04 09:02:33,2023-05-04 09:02:33
1010,332,9,ABC00001010,2019-03-19,Good,Rented,2023-05-01 01:20:51,2023-05-01 01:20:51
1011,332,10,ABC00001011,2018-05-21,Good,Available,2023-05-01 06:15:13,2023-05-01 06:15:13
1012,332,2,ABC00001012,2022-08-23,Good,Available,2023-05-02 08:24:11,2023-05-02 08:24:11
1013,333,6,ABC00001013,2019-10-11,Good,Rented,2023-05-03 02:00:38,2023-05-03 02:00:38
1014,333,7,ABC00001014,2023-10-08,New,Available,2023-10-08 10:32:58,2023-10-08 10:32:58
1015,333,9,ABC00001015,2022-06-28,Good,Rented,2023-05-02 13:27:04,2023-05-02 13:27:04
1016,336,9,ABC00001016,2018-07-26,Good,Rented,2023-05-03 18:26:03,2023-05-03 18:26:03
1017,336,6,ABC00001017,2024-04-03,Damaged,Available,2024-04-03 11:10:22,2024-04-03 11:10:22
1018,336,7,ABC00001018,2026-02-06,New,Available,2026-02-06 17:58:54,2026-02-06 17:58:54
1019,336,4,ABC00001019,2018-09-01,New,Available,2023-05-04 02:36:44,2023-05-04 02:36:44
1020,336,7,ABC00001020,2024-12-15,Worn,Rented,2024-12-15 09:10:55,2024-12-15 09:10:55
1021,336,1,ABC00001021,2026-03-12,Good,Rented,2026-03-12 03:27:39,2026-03-12 03:27:39
1022,337,3,ABC00001022,2022-12-03,New,Available,2023-05-01 11:49:12,2023-05-01 11:49:12
1023,337,6,ABC00001023,2022-04-05,Good,Rented,2023-05-02 05:40:48,2023-05-02 05:40:48
1024,337,8,ABC00001024,2021-10-08,New,Available,2023-05-04 03:54:26,2023-05-04 03:54:26
1025,337,7,ABC00001025,2023-01-29,Damaged,Rented,2023-05-02 19:31:03,2023-05-02 19:31:03
1026,339,10,ABC00001026,2022-12-10,Good,Available,2023-05-03 22:34:16,2023-05-03 22:34:16
1027,339,9,ABC00001027,2018-02-06,Worn,Rented,2023-05-03 23:18:42,2023-05-03 23:18:42
1028,339,6,ABC00001028,2021-10-19,Good,Rented,2023-05-04 09:59:34,2023-05-04 09:59:34
1029,339,2,ABC00001029,2023-09-03,Good,Available,2023-09-03 15:44:05,2023-09-03 15:44:05
1030,339,8,ABC00001030,2022-05-17,Good,Available,2023-05-04 16:34:52,2023-05-04 16:34:52
1031,339,9,ABC00001031,2021-02-20,Worn,Rented,2023-05-04 05:47:43,2023-05-04 05:47:43
1032,341,5,ABC00001032,2025-07-16,Worn,Available,2025-07-16 13:53:35,2025-07-16 13:53:35
1033,341,7,ABC00001033,2020-07-29,Good,Rented,2023-05-04 14:08:45,2023-05-04 14:08:45
1034,341,5,ABC00001034,2022-10-22,New,Rented,2023-05-04 03:55:50,2023-05-04 03:55:50
1035,341,4,ABC00001035,2025-03-07,Worn,Rented,2025-03-07 01:36:10,2025-03-07 01:36:10
1036,341,7,ABC00001036,2023-09-17,Good,Rented,2023-09-17 00:28:07,2023-09-17 00:28:07
1037,343,5,ABC00001037,2025-05-31,Good,Rented,2025-05-31 20:32:55,2025-05-31 20:32:55
1038,343,2,ABC00001038,2023-07-07,New,Rented,2023-07-07 05:36:17,2023-07-07 05:36:17
1039,343,1,ABC00001039,2022-07-04,Good,Available,2023-05-04 16:30:52,2023-05-04 16:30:52
1040,344,4,ABC00001040,2018-05-26,Good,Rented,2023-05-01 03:46:22,2023-05-01 03:46:22
1041,344,5,ABC00001041,2026-03-13,New,Available,2026-03-13 15:05:32,2026-03-13 15:05:32
1042,344,3,ABC00001042,2020-07-28,Good,Available,2023-05-04 20:02:33,2023-05-04 20:02:33
1043,344,4,ABC00001043,2021-12-09,Damaged,Rented,2023-05-04 16:11:44,2023-05-04 16:11:44
1044,345,6,ABC00001044,2022-08-29,Good,Rented,2023-05-02 19:54:49,2023-05-02 19:54:49
1045,345,2,ABC00001045,2025-09-06,New,Available,2025-09-06 17:30:28,2025-09-06 17:30:28
1046,345,9,ABC00001046,2019-02-27,Worn,Available,2023-05-03 17:44:41,2023-05-03 17:44:41
1047,345,6,ABC00001047,2024-05-01,Good,Rented,2024-05-01 08:12:53,2024-05-01 08:12:53
1048,345,9,ABC00001048,2021-01-23,Good,Rented,2023-05-04 04:20:44,2023-05-04 04:20:44
1049,346,2,ABC00001049,2024-05-21,Worn,Rented,2024-05-21 14:30:41,2024-05-21 14:30:41
1050,346,1,ABC00001050,2022-09-17,Worn,Available,2023-05-01 07:53:02,2023-05-01 07:53:02
1051,346,1,ABC00001051,2025-11-24,New,Available,2025-11-24 03:00:12,2025-11-24 03:00:12
1052,346,8,ABC00001052,2025-09-28,Worn,Rented,2025-09-28 02:09:12,2025-09-28 02:09:12
1053,346,7,ABC00001053,2020-03-02,Good,Available,2023-05-03 10:05:14,2023-05-03 10:05:14
1054,347,10,ABC00001054,2019-05-30,Worn,Rented,2023-05-01 12:06:21,2023-05-01 12:06:21
1055,347,6,ABC00001055,2020-12-11,Good,Rented,2023-05-01 16:24:57,2023-05-01 16:24:57
1056,347,9,ABC00001056,2024-11-23,Good,Available,2024-11-23 05:16:06,2024-11-23 05:16:06
1057,347,4,ABC00001057,2020-09-30,Worn,Rented,2023-05-01 18:31:08,2023-05-01 18:31:08
1058,348,2,ABC00001058,2022-01-20,Good,Rented,2023-05-04 18:08:16,2023-05-04 18:08:16
1059,348,5,ABC00001059,2019-01-18,New,Available,2023-05-02 06:29:26,2023-05-02 06:29:26
1060,348,3,ABC00001060,2022-11-24,Good,Available,2023-05-03 04:43:08,2023-05-03 04:43:08
1061,348,3,ABC00001061,2025-11-14,Good,Rented,2025-11-14 03:54:54,2025-11-14 03:54:54
1062,349,2,ABC00001062,2018-10-02,Good,Retired,2023-05-04 11:30:29,2023-05-04 11:30:29
1063,349,5,ABC00001063,2018-05-22,Good,Available,2023-05-04 05:22:35,2023-05-04 05:22:35
1064,355,6,ABC00001064,2022-10-04,New,Available,2023-05-03 04:44:56,2023-05-03 04:44:56
1065,355,3,ABC00001065,2025-08-20,Good,Available,2025-08-20 12:11:30,2025-08-20 12:11:30
1066,356,3,ABC00001066,2020-07-03,New,Available,2023-05-03 02:31:05,2023-05-03 02:31:05
1067,356,3,ABC00001067,2021-02-12,Worn,Available,2023-05-01 17:57:46,2023-05-01 17:57:46
1068,356,4,ABC00001068,2023-07-14,Good,Available,2023-07-14 06:59:12,2023-07-14 06:59:12
1069,356,1,ABC00001069,2019-10-09,New,Rented,2023-05-02 23:48:26,2023-05-02 23:48:26
1070,356,5,ABC00001070,2023-04-10,New,Available,2023-05-03 17:13:55,2023-05-03 17:13:55
1071,357,2,ABC00001071,2020-07-16,New,Available,2023-05-04 03:02:47,2023-05-04 03:02:47
1072,357,7,ABC00001072,2023-12-17,New,Available,2023-12-17 14:37:55,2023-12-17 14:37:55
1073,357,4,ABC00001073,2023-08-20,Worn,Rented,2023-08-20 00:22:29,2023-08-20 00:22:29
1074,357,9,ABC00001074,2025-02-07,Good,Available,2025-02-07 06:05:10,2025-02-07 06:05:10
1075,357,9,ABC00001075,2025-06-01,New,Available,2025-06-01 09:59:43,2025-06-01 09:59:43
1076,357,1,ABC00001076,2026-03-14,New,Rented,2026-03-14 12:52:03,2026-03-14 12:52:03
1077,359,8,ABC00001077,2023-07-18,New,Available,2023-07-18 01:53:52,2023-07-18 01:53:52
1078,359,10,ABC00001078,2025-04-18,Good,Available,2025-04-18 23:02:32,2025-04-18 23:02:32
1079,359,7,ABC00001079,2022-10-20,New,Rented,2023-05-04 16:49:04,2023-05-04 16:49:04
1080,360,1,ABC00001080,2025-07-17,Worn,Available,2025-07-17 13:54:42,2025-07-17 13:54:42
1081,360,5,ABC00001081,2023-05-27,New,Available,2023-05-27 08:56:05,2023-05-27 08:56:05
1082,360,2,ABC00001082,2024-12-22,New,Available,2024-12-22 11:25:16,2024-12-22 11:25:16
1083,361,1,ABC00001083,2020-02-22,New,Available,2023-05-04 22:06:02,2023-05-04 22:06:02
1084,361,2,ABC00001084,2020-03-08,Good,Available,2023-05-04 17:35:46,2023-05-04 17:35:46
1085,361,4,ABC00001085,2018-09-01,Good,Available,2023-05-04 20:42:48,2023-05-04 20:42:48
1086,362,5,ABC00001086,2019-08-18,Good,Available,2023-05-04 14:10:45,2023-05-04 14:10:45
1087,362,4,ABC00001087,2020-07-01,Good,Rented,2023-05-02 13:45:01,2023-05-02 13:45:01
1088,365,5,ABC00001088,2024-11-26,New,Available,2024-11-26 17:36:12,2024-11-26 17:36:12
1089,365,9,ABC00001089,2024-03-28,Good,Rented,2024-03-28 14:36:05,2024-03-28 14:36:05
1090,365,6,ABC00001090,2023-09-26,New,Available,2023-09-26 21:13:53,2023-09-26 21:13:53
1091,365,10,ABC00001091,2023-02-27,New,Available,2023-05-04 04:40:26,2023-05-04 04:40:26
1092,366,10,ABC00001092,2025-02-09,Good,Available,2025-02-09 21:14:22,2025-02-09 21:14:22
1093,366,9,ABC00001093,2022-03-03,New,Retired,2023-05-02 15:59:56,2023-05-02 15:59:56
1094,366,7,ABC00001094,2024-12-20,New,Available,2024-12-20 04:55:16,2024-12-20 04:55:16
1095,366,5,ABC00001095,2025-04-19,Good,Rented,2025-04-19 09:39:11,2025-04-19 09:39:11
1096,369,3,ABC00001096,2021-03-16,Good,Available,2023-05-04 18:49:01,2023-05-04 18:49:01
1097,369,10,ABC00001097,2025-04-21,Good,Available,2025-04-21 01:33:09,2025-04-21 01:33:09
1098,369,8,ABC00001098,2024-08-24,Good,Available,2024-08-24 18:15:15,2024-08-24 18:15:15
1099,369,9,ABC00001099,2025-05-04,Worn,Available,2025-05-04 16:10:52,2025-05-04 16:10:52
1100,369,9,ABC00001100,2018-02-04,Good,Available,2023-05-02 02:07:19,2023-05-02 02:07:19
1101,370,8,ABC00001101,2025-02-10,Good,Available,2025-02-10 19:33:29,2025-02-10 19:33:29
1102,370,6,ABC00001102,2024-07-23,Worn,Rented,2024-07-23 17:51:17,2024-07-23 17:51:17
1103,372,3,ABC00001103,2025-06-18,Good,Rented,2025-06-18 22:10:01,2025-06-18 22:10:01
1104,372,8,ABC00001104,2018-02-04,Worn,Available,2023-05-04 22:55:47,2023-05-04 22:55:47
1105,372,9,ABC00001105,2022-12-18,Good,Rented,2023-05-03 05:41:19,2023-05-03 05:41:19
1106,372,10,ABC00001106,2022-11-10,Good,Available,2023-05-04 07:06:58,2023-05-04 07:06:58
1107,372,3,ABC00001107,2021-10-05,Good,Available,2023-05-02 08:45:55,2023-05-02 08:45:55
1108,372,1,ABC00001108,2023-01-20,Damaged,Rented,2023-05-02 07:04:14,2023-05-02 07:04:14
1109,373,8,ABC00001109,2022-01-09,Worn,Available,2023-05-01 11:49:24,2023-05-01 11:49:24
1110,373,3,ABC00001110,2023-04-21,New,Available,2023-05-04 20:30:53,2023-05-04 20:30:53
1111,373,5,ABC00001111,2019-01-14,Good,Rented,2023-05-01 23:44:30,2023-05-01 23:44:30
1112,373,3,ABC00001112,2020-10-08,Good,Available,2023-05-01 17:53:15,2023-05-01 17:53:15
1113,373,5,ABC00001113,2018-05-21,Good,Available,2023-05-02 18:57:45,2023-05-02 18:57:45
1114,373,2,ABC00001114,2025-06-14,Damaged,Retired,2025-06-14 04:52:08,2025-06-14 04:52:08
1115,375,2,ABC00001115,2022-01-16,Good,Available,2023-05-04 04:02:32,2023-05-04 04:02:32
1116,375,4,ABC00001116,2026-01-25,Good,Available,2026-01-25 05:58:07,2026-01-25 05:58:07
1117,375,3,ABC00001117,2020-01-01,Good,Rented,2023-05-04 02:14:20,2023-05-04 02:14:20
1118,375,6,ABC00001118,2022-04-29,Good,Available,2023-05-03 19:57:07,2023-05-03 19:57:07
1119,375,5,ABC00001119,2020-09-30,Good,Available,2023-05-04 08:22:20,2023-05-04 08:22:20
1120,378,5,ABC00001120,2025-08-09,New,Available,2025-08-09 19:08:55,2025-08-09 19:08:55
1121,378,1,ABC00001121,2022-07-26,Good,Available,2023-05-04 19:58:54,2023-05-04 19:58:54
1122,378,6,ABC00001122,2024-05-01,New,Rented,2024-05-01 03:03:23,2024-05-01 03:03:23
1123,378,6,ABC00001123,2019-11-06,New,Rented,2023-05-03 08:27:16,2023-05-03 08:27:16
1124,378,3,ABC00001124,2022-11-09,Good,Rented,2023-05-02 08:40:41,2023-05-02 08:40:41
1125,379,2,ABC00001125,2020-10-09,New,Rented,2023-05-01 22:35:02,2023-05-01 22:35:02
1126,379,7,ABC00001126,2023-05-29,New,Rented,2023-05-29 14:05:25,2023-05-29 14:05:25
1127,379,1,ABC00001127,2022-09-12,Damaged,Available,2023-05-04 09:43:02,2023-05-04 09:43:02
1128,379,9,ABC00001128,2019-03-22,New,Rented,2023-05-02 05:41:12,2023-05-02 05:41:12
1129,380,1,ABC00001129,2021-11-11,Good,Available,2023-05-01 13:06:49,2023-05-01 13:06:49
1130,380,9,ABC00001130,2023-08-07,Worn,Retired,2023-08-07 14:09:39,2023-08-07 14:09:39
1131,380,5,ABC00001131,2021-11-07,Good,Available,2023-05-04 15:47:42,2023-05-04 15:47:42
1132,380,4,ABC00001132,2018-09-08,Good,Rented,2023-05-03 00:37:02,2023-05-03 00:37:02
1133,380,5,ABC00001133,2026-03-11,Good,Available,2026-03-11 19:42:51,2026-03-11 19:42:51
1134,380,2,ABC00001134,2020-07-07,Worn,Available,2023-05-03 07:28:53,2023-05-03 07:28:53
1135,381,8,ABC00001135,2018-04-11,New,Rented,2023-05-02 11:07:02,2023-05-02 11:07:02
1136,381,9,ABC00001136,2018-05-28,Good,Available,2023-05-04 18:40:56,2023-05-04 18:40:56
1137,381,3,ABC00001137,2024-12-17,Good,Rented,2024-12-17 09:38:39,2024-12-17 09:38:39
1138,381,4,ABC00001138,2018-04-30,Good,Rented,2023-05-01 10:55:57,2023-05-01 10:55:57
1139,381,10,ABC00001139,2019-07-04,New,Rented,2023-05-01 06:34:55,2023-05-01 06:34:55
1140,382,9,ABC00001140,2020-09-11,Good,Available,2023-05-02 22:27:25,2023-05-02 22:27:25
1141,382,7,ABC00001141,2019-06-14,Good,Rented,2023-05-01 22:02:04,2023-05-01 22:02:04
1142,382,2,ABC00001142,2018-08-25,Good,Available,2023-05-01 22:13:08,2023-05-01 22:13:08
1143,382,1,ABC00001143,2024-07-16,New,Rented,2024-07-16 15:43:38,2024-07-16 15:43:38
1144,382,6,ABC00001144,2018-12-19,Damaged,Available,2023-05-01 20:10:47,2023-05-01 20:10:47
1145,382,5,ABC00001145,2023-07-22,Worn,Rented,2023-07-22 01:50:29,2023-07-22 01:50:29
1146,383,2,ABC00001146,2019-02-04,Good,Available,2023-05-02 11:53:19,2023-05-02 11:53:19
1147,383,8,ABC00001147,2019-08-29,Good,Available,2023-05-03 09:57:03,2023-05-03 09:57:03
1148,383,8,ABC00001148,2026-01-06,Good,Available,2026-01-06 23:04:12,2026-01-06 23:04:12
1149,383,4,ABC00001149,2020-07-04,Good,Rented,2023-05-01 09:04:58,2023-05-01 09:04:58
1150,384,5,ABC00001150,2020-02-26,Good,Available,2023-05-04 11:12:40,2023-05-04 11:12:40
1151,384,1,ABC00001151,2025-02-05,Good,Rented,2025-02-05 14:50:55,2025-02-05 14:50:55
1152,385,7,ABC00001152,2020-03-28,New,Available,2023-05-02 14:52:59,2023-05-02 14:52:59
1153,385,5,ABC00001153,2024-12-12,New,Available,2024-12-12 22:46:44,2024-12-12 22:46:44
1154,387,10,ABC00001154,2021-01-23,New,Rented,2023-05-03 08:40:02,2023-05-03 08:40:02
1155,387,9,ABC00001155,2025-09-24,Good,Rented,2025-09-24 16:46:15,2025-09-24 16:46:15
1156,387,10,ABC00001156,2022-03-11,Good,Available,2023-05-01 14:51:47,2023-05-01 14:51:47
1157,387,10,ABC00001157,2026-04-15,Damaged,Available,2026-04-15 13:24:35,2026-04-15 13:24:35
1158,387,9,ABC00001158,2020-02-21,Good,Available,2023-05-01 12:43:48,2023-05-01 12:43:48
1159,387,5,ABC00001159,2018-04-10,Good,Rented,2023-05-03 21:06:44,2023-05-03 21:06:44
1160,388,8,ABC00001160,2022-04-18,Good,Rented,2023-05-01 22:00:51,2023-05-01 22:00:51
1161,388,10,ABC00001161,2020-01-15,Good,Rented,2023-05-02 11:59:14,2023-05-02 11:59:14
1162,389,6,ABC00001162,2020-07-22,New,Available,2023-05-01 09:36:50,2023-05-01 09:36:50
1163,389,4,ABC00001163,2025-07-15,New,Rented,2025-07-15 22:36:20,2025-07-15 22:36:20
1164,389,5,ABC00001164,2020-06-17,Good,Available,2023-05-01 05:39:33,2023-05-01 05:39:33
1165,389,3,ABC00001165,2021-07-01,Damaged,Rented,2023-05-01 19:52:44,2023-05-01 19:52:44
1166,389,6,ABC00001166,2021-09-07,Good,Available,2023-05-03 15:25:23,2023-05-03 15:25:23
1167,389,1,ABC00001167,2025-01-23,New,Rented,2025-01-23 07:47:58,2025-01-23 07:47:58
1168,391,1,ABC00001168,2025-11-16,New,Retired,2025-11-16 14:18:33,2025-11-16 14:18:33
1169,391,6,ABC00001169,2020-05-05,Good,Available,2023-05-03 11:56:59,2023-05-03 11:56:59
1170,391,1,ABC00001170,2018-11-23,Good,Available,2023-05-01 03:41:53,2023-05-01 03:41:53
1171,391,3,ABC00001171,2019-09-24,New,Rented,2023-05-02 07:11:28,2023-05-02 07:11:28
1172,391,7,ABC00001172,2021-07-06,Worn,Available,2023-05-01 07:16:33,2023-05-01 07:16:33
1173,393,7,ABC00001173,2022-07-15,Good,Available,2023-05-03 15:49:11,2023-05-03 15:49:11
1174,393,7,ABC00001174,2018-08-19,Worn,Available,2023-05-03 05:40:03,2023-05-03 05:40:03
1175,393,2,ABC00001175,2020-08-14,Good,Rented,2023-05-02 01:23:51,2023-05-02 01:23:51
1176,393,8,ABC00001176,2023-07-18,Good,Available,2023-07-18 13:44:00,2023-07-18 13:44:00
1177,393,7,ABC00001177,2025-04-07,Good,Available,2025-04-07 03:44:53,2025-04-07 03:44:53
1178,394,5,ABC00001178,2018-05-02,New,Available,2023-05-01 16:21:00,2023-05-01 16:21:00
1179,394,9,ABC00001179,2020-10-04,Good,Rented,2023-05-01 21:23:22,2023-05-01 21:23:22
1180,394,6,ABC00001180,2024-10-02,New,Available,2024-10-02 16:32:33,2024-10-02 16:32:33
1181,394,5,ABC00001181,2019-10-14,Good,Available,2023-05-03 23:18:07,2023-05-03 23:18:07
1182,394,9,ABC00001182,2025-12-19,Worn,Available,2025-12-19 14:46:21,2025-12-19 14:46:21
1183,394,2,ABC00001183,2025-08-07,Good,Rented,2025-08-07 14:03:53,2025-08-07 14:03:53
1184,395,3,ABC00001184,2019-08-16,Good,Available,2023-05-02 13:05:33,2023-05-02 13:05:33
1185,395,5,ABC00001185,2023-09-23,New,Rented,2023-09-23 00:34:52,2023-09-23 00:34:52
1186,395,6,ABC00001186,2020-01-04,Good,Available,2023-05-01 18:28:17,2023-05-01 18:28:17
1187,395,10,ABC00001187,2021-08-29,New,Rented,2023-05-03 21:04:00,2023-05-03 21:04:00
1188,395,1,ABC00001188,2021-04-05,New,Available,2023-05-03 08:37:17,2023-05-03 08:37:17
1189,395,9,ABC00001189,2026-05-21,Damaged,Available,2026-05-21 11:29:42,2026-05-21 11:29:42
1190,396,7,ABC00001190,2026-03-19,New,Rented,2026-03-19 07:48:00,2026-03-19 07:48:00
1191,396,10,ABC00001191,2019-04-03,Good,Rented,2023-05-02 11:42:16,2023-05-02 11:42:16
1192,396,8,ABC00001192,2026-05-02,Damaged,Rented,2026-05-02 02:27:22,2026-05-02 02:27:22
1193,397,9,ABC00001193,2025-07-31,New,Available,2025-07-31 14:13:12,2025-07-31 14:13:12
1194,397,4,ABC00001194,2025-03-10,Good,Rented,2025-03-10 03:46:20,2025-03-10 03:46:20
1195,397,4,ABC00001195,2020-12-24,Good,Available,2023-05-02 10:43:43,2023-05-02 10:43:43
1196,398,3,ABC00001196,2021-12-16,New,Available,2023-05-03 00:01:39,2023-05-03 00:01:39
1197,398,5,ABC00001197,2025-07-16,Good,Rented,2025-07-16 02:46:48,2025-07-16 02:46:48
1198,398,6,ABC00001198,2026-01-24,New,Rented,2026-01-24 05:30:46,2026-01-24 05:30:46
1199,398,9,ABC00001199,2018-11-10,Good,Available,2023-05-01 19:08:59,2023-05-01 19:08:59
1200,398,1,ABC00001200,2024-12-13,Good,Rented,2024-12-13 05:45:07,2024-12-13 05:45:07
1201,398,6,ABC00001201,2021-08-11,Good,Rented,2023-05-01 02:07:36,2023-05-01 02:07:36
1202,399,4,ABC00001202,2019-02-20,Good,Available,2023-05-02 05:12:46,2023-05-02 05:12:46
1203,399,10,ABC00001203,2022-01-04,Worn,Rented,2023-05-01 12:16:07,2023-05-01 12:16:07
1204,399,3,ABC00001204,2022-01-31,Good,Available,2023-05-02 06:47:26,2023-05-02 06:47:26
1205,401,4,ABC00001205,2023-06-01,Good,Available,2023-06-01 14:21:24,2023-06-01 14:21:24
1206,401,2,ABC00001206,2021-03-27,New,Rented,2023-05-02 05:33:21,2023-05-02 05:33:21
1207,401,7,ABC00001207,2019-06-01,Good,Rented,2023-05-01 07:53:25,2023-05-01 07:53:25
1208,402,10,ABC00001208,2025-05-15,Good,Available,2025-05-15 16:25:43,2025-05-15 16:25:43
1209,402,1,ABC00001209,2025-01-20,Good,Available,2025-01-20 17:33:39,2025-01-20 17:33:39
1210,402,5,ABC00001210,2025-09-24,Good,Rented,2025-09-24 17:11:06,2025-09-24 17:11:06
1211,404,2,ABC00001211,2021-10-05,New,Rented,2023-05-03 13:01:45,2023-05-03 13:01:45
1212,404,9,ABC00001212,2023-07-25,Good,Rented,2023-07-25 10:28:16,2023-07-25 10:28:16
1213,405,1,ABC00001213,2022-06-03,Good,Rented,2023-05-03 01:34:30,2023-05-03 01:34:30
1214,405,5,ABC00001214,2022-11-24,Good,Rented,2023-05-01 22:56:04,2023-05-01 22:56:04
1215,405,7,ABC00001215,2024-11-06,New,Retired,2024-11-06 05:05:13,2024-11-06 05:05:13
1216,405,1,ABC00001216,2024-08-29,New,Rented,2024-08-29 14:28:03,2024-08-29 14:28:03
1217,405,3,ABC00001217,2025-10-11,Damaged,Available,2025-10-11 11:53:21,2025-10-11 11:53:21
1218,406,1,ABC00001218,2024-10-18,Good,Available,2024-10-18 11:47:51,2024-10-18 11:47:51
1219,406,3,ABC00001219,2025-11-16,Good,Available,2025-11-16 21:41:14,2025-11-16 21:41:14
1220,406,1,ABC00001220,2025-10-02,Worn,Rented,2025-10-02 12:54:55,2025-10-02 12:54:55
1221,406,6,ABC00001221,2023-08-17,Good,Rented,2023-08-17 17:41:53,2023-08-17 17:41:53
1222,407,1,ABC00001222,2020-01-28,New,Available,2023-05-03 01:33:39,2023-05-03 01:33:39
1223,407,3,ABC00001223,2025-12-17,Good,Available,2025-12-17 12:21:25,2025-12-17 12:21:25
1224,407,9,ABC00001224,2020-12-06,Good,Available,2023-05-03 11:09:41,2023-05-03 11:09:41
1225,407,7,ABC00001225,2024-09-30,Good,Available,2024-09-30 13:18:35,2024-09-30 13:18:35
1226,407,3,ABC00001226,2019-05-31,New,Retired,2023-05-02 07:15:12,2023-05-02 07:15:12
1227,408,1,ABC00001227,2023-09-21,Worn,Available,2023-09-21 00:31:27,2023-09-21 00:31:27
1228,408,7,ABC00001228,2018-06-01,Good,Available,2023-05-04 04:15:48,2023-05-04 04:15:48
1229,408,5,ABC00001229,2020-07-13,Damaged,Available,2023-05-03 11:39:19,2023-05-03 11:39:19
1230,408,9,ABC00001230,2026-01-28,Good,Available,2026-01-28 09:54:17,2026-01-28 09:54:17
1231,408,2,ABC00001231,2021-06-06,Worn,Rented,2023-05-04 04:22:12,2023-05-04 04:22:12
1232,408,5,ABC00001232,2018-10-25,New,Rented,2023-05-02 21:41:02,2023-05-02 21:41:02
1233,410,3,ABC00001233,2021-08-15,Good,Available,2023-05-02 13:20:05,2023-05-02 13:20:05
1234,410,2,ABC00001234,2022-06-01,Worn,Rented,2023-05-01 12:31:24,2023-05-01 12:31:24
1235,410,9,ABC00001235,2023-09-07,Worn,Rented,2023-09-07 08:45:57,2023-09-07 08:45:57
1236,410,6,ABC00001236,2022-02-07,Good,Available,2023-05-03 11:06:53,2023-05-03 11:06:53
1237,411,7,ABC00001237,2018-08-23,New,Available,2023-05-02 07:40:15,2023-05-02 07:40:15
1238,411,1,ABC00001238,2022-05-07,New,Rented,2023-05-03 14:07:19,2023-05-03 14:07:19
1239,411,3,ABC00001239,2022-03-13,Good,Rented,2023-05-01 09:34:27,2023-05-01 09:34:27
1240,413,5,ABC00001240,2024-08-23,Good,Available,2024-08-23 00:52:03,2024-08-23 00:52:03
1241,413,1,ABC00001241,2019-10-08,Good,Available,2023-05-01 17:23:56,2023-05-01 17:23:56
1242,413,10,ABC00001242,2019-09-07,Good,Available,2023-05-01 17:15:15,2023-05-01 17:15:15
1243,413,5,ABC00001243,2021-06-19,New,Available,2023-05-02 10:21:08,2023-05-02 10:21:08
1244,413,9,ABC00001244,2022-09-19,Good,Available,2023-05-02 02:43:06,2023-05-02 02:43:06
1245,413,8,ABC00001245,2020-10-23,New,Rented,2023-05-01 03:43:17,2023-05-01 03:43:17
1246,414,5,ABC00001246,2026-04-13,Good,Rented,2026-04-13 06:35:18,2026-04-13 06:35:18
1247,414,4,ABC00001247,2018-11-29,Worn,Rented,2023-05-01 22:46:05,2023-05-01 22:46:05
1248,415,5,ABC00001248,2019-07-09,Good,Available,2023-05-01 00:21:18,2023-05-01 00:21:18
1249,415,10,ABC00001249,2020-05-28,Good,Available,2023-05-03 21:47:51,2023-05-03 21:47:51
1250,415,4,ABC00001250,2020-06-13,Worn,Retired,2023-05-04 16:32:32,2023-05-04 16:32:32
1251,416,10,ABC00001251,2025-09-03,Good,Rented,2025-09-03 20:54:33,2025-09-03 20:54:33
1252,416,7,ABC00001252,2021-03-19,New,Available,2023-05-03 11:23:28,2023-05-03 11:23:28
1253,416,5,ABC00001253,2018-02-06,Worn,Available,2023-05-01 12:50:29,2023-05-01 12:50:29
1254,417,4,ABC00001254,2023-05-30,Good,Available,2023-05-30 10:04:55,2023-05-30 10:04:55
1255,417,1,ABC00001255,2018-06-03,New,Rented,2023-05-03 07:33:36,2023-05-03 07:33:36
1256,417,4,ABC00001256,2019-06-12,Damaged,Rented,2023-05-04 14:38:48,2023-05-04 14:38:48
1257,417,5,ABC00001257,2018-06-10,Worn,Rented,2023-05-03 18:46:14,2023-05-03 18:46:14
1258,419,4,ABC00001258,2022-09-09,Good,Available,2023-05-04 03:09:16,2023-05-04 03:09:16
1259,419,10,ABC00001259,2019-07-15,Good,Available,2023-05-04 18:46:09,2023-05-04 18:46:09
1260,419,9,ABC00001260,2019-12-02,New,Retired,2023-05-03 14:16:31,2023-05-03 14:16:31
1261,420,4,ABC00001261,2022-01-27,Good,Rented,2023-05-03 12:28:41,2023-05-03 12:28:41
1262,420,10,ABC00001262,2020-08-15,Good,Rented,2023-05-03 15:57:04,2023-05-03 15:57:04
1263,420,6,ABC00001263,2019-05-05,New,Rented,2023-05-02 05:36:58,2023-05-02 05:36:58
1264,420,2,ABC00001264,2021-01-26,New,Available,2023-05-03 00:39:32,2023-05-03 00:39:32
1265,421,4,ABC00001265,2024-05-28,Good,Available,2024-05-28 04:11:08,2024-05-28 04:11:08
1266,421,7,ABC00001266,2022-04-25,Good,Available,2023-05-01 22:44:43,2023-05-01 22:44:43
1267,422,10,ABC00001267,2025-10-27,Damaged,Available,2025-10-27 02:48:22,2025-10-27 02:48:22
1268,422,7,ABC00001268,2019-03-23,Good,Available,2023-05-04 08:21:42,2023-05-04 08:21:42
1269,422,5,ABC00001269,2018-01-07,Good,Available,2023-05-01 16:29:03,2023-05-01 16:29:03
1270,423,10,ABC00001270,2018-09-22,New,Rented,2023-05-02 04:17:41,2023-05-02 04:17:41
1271,423,8,ABC00001271,2021-08-24,Good,Rented,2023-05-01 07:07:31,2023-05-01 07:07:31
1272,423,2,ABC00001272,2021-04-05,New,Rented,2023-05-04 05:18:58,2023-05-04 05:18:58
1273,425,6,ABC00001273,2021-06-19,Good,Available,2023-05-04 20:48:43,2023-05-04 20:48:43
1274,425,5,ABC00001274,2025-04-15,Good,Available,2025-04-15 16:39:09,2025-04-15 16:39:09
1275,426,10,ABC00001275,2026-03-07,New,Available,2026-03-07 23:01:06,2026-03-07 23:01:06
1276,426,1,ABC00001276,2023-03-25,Good,Available,2023-05-04 16:57:59,2023-05-04 16:57:59
1277,426,8,ABC00001277,2022-10-02,Good,Available,2023-05-03 22:57:46,2023-05-03 22:57:46
1278,427,10,ABC00001278,2022-02-25,New,Rented,2023-05-02 16:08:00,2023-05-02 16:08:00
1279,427,10,ABC00001279,2018-10-16,Worn,Available,2023-05-03 18:00:09,2023-05-03 18:00:09
1280,427,1,ABC00001280,2021-05-27,New,Available,2023-05-02 09:26:49,2023-05-02 09:26:49
1281,427,7,ABC00001281,2023-02-24,Good,Available,2023-05-01 13:08:28,2023-05-01 13:08:28
1282,427,10,ABC00001282,2018-02-19,Good,Rented,2023-05-02 20:08:36,2023-05-02 20:08:36
1283,427,4,ABC00001283,2023-04-11,Worn,Available,2023-05-01 16:46:25,2023-05-01 16:46:25
1284,428,8,ABC00001284,2022-08-08,Good,Rented,2023-05-04 01:21:28,2023-05-04 01:21:28
1285,428,5,ABC00001285,2024-04-12,Good,Rented,2024-04-12 21:15:44,2024-04-12 21:15:44
1286,428,1,ABC00001286,2022-10-06,Good,Available,2023-05-04 07:54:24,2023-05-04 07:54:24
1287,428,6,ABC00001287,2022-06-13,New,Available,2023-05-04 20:46:30,2023-05-04 20:46:30
1288,428,3,ABC00001288,2022-03-16,Good,Available,2023-05-01 03:26:32,2023-05-01 03:26:32
1289,430,9,ABC00001289,2020-04-25,Good,Rented,2023-05-03 17:21:21,2023-05-03 17:21:21
1290,430,2,ABC00001290,2022-07-16,New,Rented,2023-05-03 04:23:39,2023-05-03 04:23:39
1291,430,7,ABC00001291,2020-11-14,Good,Available,2023-05-02 18:17:25,2023-05-02 18:17:25
1292,430,4,ABC00001292,2020-07-08,Good,Rented,2023-05-04 10:12:17,2023-05-04 10:12:17
1293,431,10,ABC00001293,2022-11-27,Good,Available,2023-05-01 09:54:57,2023-05-01 09:54:57
1294,431,8,ABC00001294,2019-12-24,Worn,Available,2023-05-01 06:05:38,2023-05-01 06:05:38
1295,432,10,ABC00001295,2019-04-04,Worn,Available,2023-05-03 01:20:59,2023-05-03 01:20:59
1296,432,4,ABC00001296,2018-08-06,New,Rented,2023-05-02 15:15:10,2023-05-02 15:15:10
1297,432,7,ABC00001297,2025-08-26,New,Retired,2025-08-26 04:39:50,2025-08-26 04:39:50
1298,432,4,ABC00001298,2023-03-06,Good,Available,2023-05-02 21:27:48,2023-05-02 21:27:48
1299,433,9,ABC00001299,2026-03-27,Good,Available,2026-03-27 22:42:45,2026-03-27 22:42:45
1300,433,9,ABC00001300,2024-07-28,New,Retired,2024-07-28 09:37:12,2024-07-28 09:37:12
1301,433,1,ABC00001301,2022-07-10,Worn,Rented,2023-05-03 10:34:22,2023-05-03 10:34:22
1302,433,2,ABC00001302,2026-01-22,New,Available,2026-01-22 01:43:51,2026-01-22 01:43:51
1303,433,6,ABC00001303,2018-04-20,Good,Available,2023-05-04 01:47:54,2023-05-04 01:47:54
1304,434,7,ABC00001304,2021-04-04,Good,Rented,2023-05-02 21:58:23,2023-05-02 21:58:23
1305,434,4,ABC00001305,2019-12-28,Good,Rented,2023-05-02 20:08:58,2023-05-02 20:08:58
1306,434,8,ABC00001306,2020-04-09,Good,Available,2023-05-03 07:47:39,2023-05-03 07:47:39
1307,434,5,ABC00001307,2020-11-19,Good,Available,2023-05-02 21:54:07,2023-05-02 21:54:07
1308,435,1,ABC00001308,2021-07-17,New,Available,2023-05-01 22:42:27,2023-05-01 22:42:27
1309,435,9,ABC00001309,2020-10-20,New,Rented,2023-05-04 11:10:49,2023-05-04 11:10:49
1310,435,2,ABC00001310,2020-01-22,Worn,Available,2023-05-03 16:43:15,2023-05-03 16:43:15
1311,437,2,ABC00001311,2018-11-20,Good,Available,2023-05-01 06:33:14,2023-05-01 06:33:14
1312,437,8,ABC00001312,2021-08-23,Good,Rented,2023-05-03 08:45:02,2023-05-03 08:45:02
1313,437,2,ABC00001313,2025-09-07,Worn,Rented,2025-09-07 20:35:30,2025-09-07 20:35:30
1314,437,3,ABC00001314,2018-02-17,Worn,Rented,2023-05-04 23:31:28,2023-05-04 23:31:28
1315,437,8,ABC00001315,2021-02-14,Good,Available,2023-05-01 09:22:29,2023-05-01 09:22:29
1316,438,9,ABC00001316,2022-05-22,Worn,Available,2023-05-04 17:10:58,2023-05-04 17:10:58
1317,438,10,ABC00001317,2020-10-27,New,Rented,2023-05-03 12:52:26,2023-05-03 12:52:26
1318,438,7,ABC00001318,2018-02-24,Good,Available,2023-05-02 15:54:34,2023-05-02 15:54:34
1319,438,6,ABC00001319,2026-02-27,Good,Rented,2026-02-27 03:59:16,2026-02-27 03:59:16
1320,438,8,ABC00001320,2022-01-01,Damaged,Rented,2023-05-01 03:31:28,2023-05-01 03:31:28
1321,439,10,ABC00001321,2021-08-20,Worn,Rented,2023-05-02 09:06:34,2023-05-02 09:06:34
1322,439,8,ABC00001322,2025-11-07,Good,Available,2025-11-07 04:36:18,2025-11-07 04:36:18
1323,439,8,ABC00001323,2018-01-06,Damaged,Retired,2023-05-02 13:36:42,2023-05-02 13:36:42
1324,439,8,ABC00001324,2023-08-27,Good,Rented,2023-08-27 19:53:01,2023-08-27 19:53:01
1325,441,6,ABC00001325,2023-07-19,Good,Rented,2023-07-19 16:08:04,2023-07-19 16:08:04
1326,441,6,ABC00001326,2024-04-08,Good,Available,2024-04-08 00:58:14,2024-04-08 00:58:14
1327,441,3,ABC00001327,2018-09-19,New,Available,2023-05-01 13:08:13,2023-05-01 13:08:13
1328,441,2,ABC00001328,2019-07-18,Good,Rented,2023-05-02 23:36:26,2023-05-02 23:36:26
1329,442,8,ABC00001329,2024-11-11,Good,Available,2024-11-11 16:13:59,2024-11-11 16:13:59
1330,442,5,ABC00001330,2022-04-02,Worn,Rented,2023-05-01 10:27:00,2023-05-01 10:27:00
1331,442,2,ABC00001331,2019-01-09,Worn,Rented,2023-05-04 12:58:44,2023-05-04 12:58:44
1332,442,8,ABC00001332,2023-08-07,Good,Rented,2023-08-07 17:20:35,2023-08-07 17:20:35
1333,442,3,ABC00001333,2026-05-11,Good,Available,2026-05-11 13:37:32,2026-05-11 13:37:32
1334,442,2,ABC00001334,2025-10-18,New,Retired,2025-10-18 03:12:58,2025-10-18 03:12:58
1335,443,3,ABC00001335,2021-06-14,Good,Rented,2023-05-01 18:20:45,2023-05-01 18:20:45
1336,443,1,ABC00001336,2021-05-25,New,Available,2023-05-03 05:59:08,2023-05-03 05:59:08
1337,443,7,ABC00001337,2025-11-08,Good,Rented,2025-11-08 11:43:46,2025-11-08 11:43:46
1338,443,6,ABC00001338,2019-06-29,Good,Available,2023-05-02 22:04:00,2023-05-02 22:04:00
1339,443,2,ABC00001339,2020-01-05,New,Available,2023-05-02 20:35:11,2023-05-02 20:35:11
1340,444,9,ABC00001340,2019-04-22,Good,Available,2023-05-03 03:09:43,2023-05-03 03:09:43
1341,444,10,ABC00001341,2025-02-19,Good,Available,2025-02-19 04:15:21,2025-02-19 04:15:21
1342,444,8,ABC00001342,2019-11-16,Good,Available,2023-05-03 20:53:36,2023-05-03 20:53:36
1343,444,8,ABC00001343,2023-03-31,New,Rented,2023-05-01 03:16:21,2023-05-01 03:16:21
1344,444,2,ABC00001344,2019-04-25,New,Rented,2023-05-03 04:10:54,2023-05-03 04:10:54
1345,444,7,ABC00001345,2021-07-20,Worn,Rented,2023-05-01 16:54:57,2023-05-01 16:54:57
1346,445,4,ABC00001346,2026-05-22,Worn,Available,2026-05-22 14:18:46,2026-05-22 14:18:46
1347,445,5,ABC00001347,2018-07-27,New,Rented,2023-05-02 12:47:53,2023-05-02 12:47:53
1348,445,6,ABC00001348,2023-01-03,Good,Rented,2023-05-03 04:05:11,2023-05-03 04:05:11
1349,445,9,ABC00001349,2019-09-18,Worn,Available,2023-05-04 14:18:50,2023-05-04 14:18:50
1350,445,3,ABC00001350,2019-06-06,New,Available,2023-05-03 10:04:27,2023-05-03 10:04:27
1351,446,1,ABC00001351,2019-09-12,Worn,Available,2023-05-01 10:01:43,2023-05-01 10:01:43
1352,446,4,ABC00001352,2026-04-02,Worn,Available,2026-04-02 16:57:20,2026-04-02 16:57:20
1353,446,1,ABC00001353,2019-12-22,Good,Rented,2023-05-02 01:46:49,2023-05-02 01:46:49
1354,446,9,ABC00001354,2023-04-09,Good,Rented,2023-05-04 19:19:30,2023-05-04 19:19:30
1355,446,5,ABC00001355,2018-05-21,Good,Rented,2023-05-04 18:20:41,2023-05-04 18:20:41
1356,446,3,ABC00001356,2026-05-12,Worn,Rented,2026-05-12 05:06:53,2026-05-12 05:06:53
1357,447,10,ABC00001357,2018-03-21,New,Rented,2023-05-01 17:31:10,2023-05-01 17:31:10
1358,447,7,ABC00001358,2025-07-03,Good,Rented,2025-07-03 11:29:51,2025-07-03 11:29:51
1359,447,6,ABC00001359,2025-06-22,Good,Available,2025-06-22 21:39:23,2025-06-22 21:39:23
1360,447,8,ABC00001360,2022-05-11,Good,Available,2023-05-03 06:23:38,2023-05-03 06:23:38
1361,447,1,ABC00001361,2024-02-02,New,Rented,2024-02-02 10:41:31,2024-02-02 10:41:31
1362,448,8,ABC00001362,2019-04-22,Good,Rented,2023-05-02 04:47:29,2023-05-02 04:47:29
1363,448,1,ABC00001363,2019-04-13,New,Rented,2023-05-04 22:58:30,2023-05-04 22:58:30
1364,449,4,ABC00001364,2019-01-29,New,Rented,2023-05-01 22:46:04,2023-05-01 22:46:04
1365,449,9,ABC00001365,2019-07-01,Worn,Available,2023-05-04 05:44:48,2023-05-04 05:44:48
1366,450,9,ABC00001366,2018-07-31,Damaged,Available,2023-05-03 12:52:35,2023-05-03 12:52:35
1367,450,2,ABC00001367,2024-12-03,Good,Rented,2024-12-03 20:51:58,2024-12-03 20:51:58
1368,450,6,ABC00001368,2019-06-23,Good,Rented,2023-05-02 06:29:32,2023-05-02 06:29:32
1369,452,8,ABC00001369,2019-12-14,Good,Retired,2023-05-03 04:53:59,2023-05-03 04:53:59
1370,452,1,ABC00001370,2020-06-06,Good,Available,2023-05-02 20:07:21,2023-05-02 20:07:21
1371,453,10,ABC00001371,2022-11-04,Good,Available,2023-05-04 14:26:19,2023-05-04 14:26:19
1372,453,7,ABC00001372,2023-11-25,Good,Rented,2023-11-25 03:54:45,2023-11-25 03:54:45
1373,453,7,ABC00001373,2019-05-27,New,Available,2023-05-01 19:27:23,2023-05-01 19:27:23
1374,453,8,ABC00001374,2020-07-14,New,Available,2023-05-03 18:37:20,2023-05-03 18:37:20
1375,454,2,ABC00001375,2025-12-23,Good,Available,2025-12-23 13:22:28,2025-12-23 13:22:28
1376,454,1,ABC00001376,2023-05-09,Good,Rented,2023-05-09 02:23:19,2023-05-09 02:23:19
1377,454,7,ABC00001377,2024-12-22,New,Available,2024-12-22 17:09:10,2024-12-22 17:09:10
1378,456,7,ABC00001378,2025-08-31,Good,Rented,2025-08-31 09:22:35,2025-08-31 09:22:35
1379,456,5,ABC00001379,2023-03-02,New,Rented,2023-05-02 00:20:37,2023-05-02 00:20:37
1380,456,2,ABC00001380,2023-03-18,Good,Available,2023-05-03 23:29:50,2023-05-03 23:29:50
1381,456,3,ABC00001381,2021-05-18,Good,Rented,2023-05-02 03:23:22,2023-05-02 03:23:22
1382,457,3,ABC00001382,2023-06-25,Worn,Available,2023-06-25 13:51:50,2023-06-25 13:51:50
1383,457,9,ABC00001383,2021-02-26,Worn,Available,2023-05-03 15:16:48,2023-05-03 15:16:48
1384,457,6,ABC00001384,2021-09-18,Good,Available,2023-05-03 20:53:33,2023-05-03 20:53:33
1385,457,5,ABC00001385,2019-03-06,Good,Rented,2023-05-04 09:01:10,2023-05-04 09:01:10
1386,458,7,ABC00001386,2021-06-14,Good,Available,2023-05-02 18:47:04,2023-05-02 18:47:04
1387,458,10,ABC00001387,2020-12-20,Good,Available,2023-05-03 19:31:56,2023-05-03 19:31:56
1388,458,3,ABC00001388,2018-06-28,New,Available,2023-05-04 08:21:57,2023-05-04 08:21:57
1389,458,3,ABC00001389,2022-10-24,Worn,Rented,2023-05-02 13:58:16,2023-05-02 13:58:16
1390,458,9,ABC00001390,2023-08-27,Worn,Available,2023-08-27 09:21:44,2023-08-27 09:21:44
1391,459,2,ABC00001391,2024-08-09,Good,Rented,2024-08-09 08:53:41,2024-08-09 08:53:41
1392,459,2,ABC00001392,2018-04-16,Good,Available,2023-05-04 23:38:40,2023-05-04 23:38:40
1393,459,10,ABC00001393,2020-03-10,Good,Rented,2023-05-02 11:02:00,2023-05-02 11:02:00
1394,459,10,ABC00001394,2018-09-01,Good,Available,2023-05-02 22:50:58,2023-05-02 22:50:58
1395,459,10,ABC00001395,2023-10-28,Good,Available,2023-10-28 11:27:21,2023-10-28 11:27:21
1396,460,8,ABC00001396,2021-05-05,Damaged,Retired,2023-05-04 20:48:46,2023-05-04 20:48:46
1397,460,4,ABC00001397,2022-10-06,New,Available,2023-05-03 21:06:34,2023-05-03 21:06:34
1398,460,7,ABC00001398,2019-12-18,Good,Available,2023-05-02 15:16:41,2023-05-02 15:16:41
1399,460,5,ABC00001399,2018-02-16,Good,Available,2023-05-04 03:36:43,2023-05-04 03:36:43
1400,462,2,ABC00001400,2024-12-09,Good,Rented,2024-12-09 22:03:03,2024-12-09 22:03:03
1401,462,8,ABC00001401,2023-04-16,Good,Retired,2023-05-02 19:12:04,2023-05-02 19:12:04
1402,463,4,ABC00001402,2023-08-08,Good,Available,2023-08-08 18:29:27,2023-08-08 18:29:27
1403,463,7,ABC00001403,2018-10-08,Good,Rented,2023-05-03 13:48:53,2023-05-03 13:48:53
1404,463,8,ABC00001404,2020-05-15,New,Available,2023-05-03 15:18:40,2023-05-03 15:18:40
1405,463,9,ABC00001405,2022-08-10,Good,Available,2023-05-01 08:52:01,2023-05-01 08:52:01
1406,464,2,ABC00001406,2025-09-15,Good,Available,2025-09-15 10:09:57,2025-09-15 10:09:57
1407,464,10,ABC00001407,2022-08-27,Good,Rented,2023-05-01 08:40:15,2023-05-01 08:40:15
1408,464,4,ABC00001408,2024-03-19,Good,Available,2024-03-19 03:26:32,2024-03-19 03:26:32
1409,464,4,ABC00001409,2023-04-25,New,Rented,2023-05-04 15:16:42,2023-05-04 15:16:42
1410,466,2,ABC00001410,2026-04-09,Good,Available,2026-04-09 19:36:06,2026-04-09 19:36:06
1411,466,5,ABC00001411,2024-10-21,Good,Rented,2024-10-21 10:06:16,2024-10-21 10:06:16
1412,466,4,ABC00001412,2025-08-11,Good,Available,2025-08-11 04:53:48,2025-08-11 04:53:48
1413,468,10,ABC00001413,2018-08-18,New,Rented,2023-05-03 18:52:54,2023-05-03 18:52:54
1414,468,6,ABC00001414,2018-09-10,Good,Available,2023-05-01 12:03:11,2023-05-01 12:03:11
1415,470,5,ABC00001415,2025-10-01,Good,Available,2025-10-01 03:08:33,2025-10-01 03:08:33
1416,470,9,ABC00001416,2025-03-02,Good,Available,2025-03-02 16:02:18,2025-03-02 16:02:18
1417,470,3,ABC00001417,2022-07-20,Good,Available,2023-05-02 17:26:20,2023-05-02 17:26:20
1418,471,8,ABC00001418,2020-04-16,New,Available,2023-05-02 22:25:41,2023-05-02 22:25:41
1419,471,5,ABC00001419,2019-05-25,New,Available,2023-05-04 13:27:36,2023-05-04 13:27:36
1420,471,8,ABC00001420,2020-12-23,Good,Available,2023-05-03 18:15:49,2023-05-03 18:15:49
1421,471,3,ABC00001421,2019-11-10,Good,Available,2023-05-02 21:21:15,2023-05-02 21:21:15
1422,471,5,ABC00001422,2019-02-26,New,Rented,2023-05-03 17:33:31,2023-05-03 17:33:31
1423,472,2,ABC00001423,2022-08-31,Good,Available,2023-05-03 09:02:36,2023-05-03 09:02:36
1424,472,8,ABC00001424,2023-04-12,New,Available,2023-05-02 03:48:38,2023-05-02 03:48:38
1425,472,9,ABC00001425,2024-10-08,Worn,Rented,2024-10-08 12:22:05,2024-10-08 12:22:05
1426,472,3,ABC00001426,2020-11-01,New,Rented,2023-05-01 23:01:49,2023-05-01 23:01:49
1427,472,2,ABC00001427,2020-09-08,Good,Available,2023-05-01 22:09:28,2023-05-01 22:09:28
1428,474,10,ABC00001428,2026-04-10,New,Available,2026-04-10 22:23:05,2026-04-10 22:23:05
1429,474,7,ABC00001429,2023-09-07,New,Rented,2023-09-07 08:02:14,2023-09-07 08:02:14
1430,474,2,ABC00001430,2019-12-24,Good,Available,2023-05-01 09:15:11,2023-05-01 09:15:11
1431,474,8,ABC00001431,2021-08-29,New,Rented,2023-05-02 10:44:23,2023-05-02 10:44:23
1432,474,1,ABC00001432,2025-02-05,Good,Available,2025-02-05 02:59:35,2025-02-05 02:59:35
1433,475,10,ABC00001433,2021-09-16,Good,Rented,2023-05-02 01:33:14,2023-05-02 01:33:14
1434,475,4,ABC00001434,2021-03-16,Good,Rented,2023-05-02 22:17:56,2023-05-02 22:17:56
1435,476,6,ABC00001435,2022-03-01,Good,Rented,2023-05-02 19:30:36,2023-05-02 19:30:36
1436,476,7,ABC00001436,2020-10-29,Good,Available,2023-05-02 08:35:05,2023-05-02 08:35:05
1437,476,4,ABC00001437,2021-06-18,Good,Rented,2023-05-02 07:55:00,2023-05-02 07:55:00
1438,477,6,ABC00001438,2018-08-03,New,Rented,2023-05-03 12:29:34,2023-05-03 12:29:34
1439,477,2,ABC00001439,2019-08-20,New,Available,2023-05-04 23:10:03,2023-05-04 23:10:03
1440,477,9,ABC00001440,2022-02-28,Good,Rented,2023-05-04 10:57:06,2023-05-04 10:57:06
1441,478,9,ABC00001441,2023-11-22,Worn,Rented,2023-11-22 04:34:00,2023-11-22 04:34:00
1442,478,5,ABC00001442,2018-09-28,Good,Rented,2023-05-03 10:30:12,2023-05-03 10:30:12
1443,478,5,ABC00001443,2024-09-26,Worn,Available,2024-09-26 13:02:28,2024-09-26 13:02:28
1444,478,5,ABC00001444,2024-10-20,Worn,Rented,2024-10-20 17:48:51,2024-10-20 17:48:51
1445,480,3,ABC00001445,2022-08-20,Good,Available,2023-05-03 08:55:44,2023-05-03 08:55:44
1446,480,5,ABC00001446,2019-10-26,Good,Available,2023-05-03 20:11:26,2023-05-03 20:11:26
1447,481,1,ABC00001447,2020-06-11,Worn,Rented,2023-05-01 01:21:04,2023-05-01 01:21:04
1448,481,1,ABC00001448,2024-04-06,Good,Rented,2024-04-06 14:18:15,2024-04-06 14:18:15
1449,481,3,ABC00001449,2021-01-02,Good,Available,2023-05-04 01:11:39,2023-05-04 01:11:39
1450,481,1,ABC00001450,2021-09-11,Good,Available,2023-05-03 09:01:32,2023-05-03 09:01:32
1451,481,1,ABC00001451,2024-07-01,Good,Rented,2024-07-01 00:07:27,2024-07-01 00:07:27
1452,481,10,ABC00001452,2024-12-27,Good,Rented,2024-12-27 08:58:00,2024-12-27 08:58:00
1453,482,8,ABC00001453,2019-01-14,Good,Rented,2023-05-04 07:31:31,2023-05-04 07:31:31
1454,482,10,ABC00001454,2024-02-14,New,Available,2024-02-14 14:48:27,2024-02-14 14:48:27
1455,482,3,ABC00001455,2020-05-27,Good,Available,2023-05-03 10:23:16,2023-05-03 10:23:16
1456,485,5,ABC00001456,2018-05-13,Good,Retired,2023-05-02 23:27:20,2023-05-02 23:27:20
1457,485,7,ABC00001457,2018-02-06,Worn,Available,2023-05-03 12:12:09,2023-05-03 12:12:09
1458,485,8,ABC00001458,2020-11-09,Good,Available,2023-05-03 15:28:42,2023-05-03 15:28:42
1459,488,3,ABC00001459,2019-09-16,Good,Available,2023-05-02 14:12:18,2023-05-02 14:12:18
1460,488,8,ABC00001460,2018-07-29,New,Available,2023-05-01 12:50:47,2023-05-01 12:50:47
1461,488,5,ABC00001461,2020-11-08,Damaged,Rented,2023-05-02 05:41:02,2023-05-02 05:41:02
1462,488,5,ABC00001462,2023-08-15,Good,Available,2023-08-15 05:26:34,2023-08-15 05:26:34
1463,489,5,ABC00001463,2022-10-10,Good,Retired,2023-05-04 04:59:14,2023-05-04 04:59:14
1464,489,7,ABC00001464,2022-10-14,New,Rented,2023-05-01 08:33:50,2023-05-01 08:33:50
1465,489,8,ABC00001465,2021-06-07,Good,Rented,2023-05-04 11:45:53,2023-05-04 11:45:53
1466,489,9,ABC00001466,2021-11-09,Worn,Available,2023-05-01 15:43:44,2023-05-01 15:43:44
1467,490,4,ABC00001467,2019-05-19,Good,Available,2023-05-03 21:09:29,2023-05-03 21:09:29
1468,490,8,ABC00001468,2018-09-21,Good,Rented,2023-05-02 10:29:45,2023-05-02 10:29:45
1469,490,8,ABC00001469,2021-02-01,Good,Rented,2023-05-04 10:31:36,2023-05-04 10:31:36
1470,492,5,ABC00001470,2025-04-19,Good,Rented,2025-04-19 17:05:35,2025-04-19 17:05:35
1471,492,2,ABC00001471,2020-05-30,Worn,Rented,2023-05-01 01:30:36,2023-05-01 01:30:36
1472,492,9,ABC00001472,2022-07-28,Worn,Rented,2023-05-01 13:42:19,2023-05-01 13:42:19
1473,492,7,ABC00001473,2026-04-23,Good,Available,2026-04-23 13:24:00,2026-04-23 13:24:00
1474,493,4,ABC00001474,2020-12-01,Good,Available,2023-05-03 18:33:17,2023-05-03 18:33:17
1475,493,3,ABC00001475,2018-09-28,Good,Rented,2023-05-02 20:30:03,2023-05-02 20:30:03
1476,493,2,ABC00001476,2022-11-28,Good,Available,2023-05-04 08:19:50,2023-05-04 08:19:50
1477,495,3,ABC00001477,2023-12-29,Good,Available,2023-12-29 12:40:12,2023-12-29 12:40:12
1478,495,6,ABC00001478,2020-06-30,Good,Available,2023-05-03 19:46:33,2023-05-03 19:46:33
1479,495,6,ABC00001479,2021-06-05,Good,Available,2023-05-02 03:51:06,2023-05-02 03:51:06
1480,495,1,ABC00001480,2018-01-14,Damaged,Available,2023-05-02 15:37:54,2023-05-02 15:37:54
1481,495,6,ABC00001481,2021-11-25,Good,Rented,2023-05-03 03:47:46,2023-05-03 03:47:46
1482,495,3,ABC00001482,2019-04-29,Good,Rented,2023-05-01 02:43:46,2023-05-01 02:43:46
1483,497,7,ABC00001483,2025-10-13,Good,Available,2025-10-13 19:01:49,2025-10-13 19:01:49
1484,497,8,ABC00001484,2025-09-08,Good,Rented,2025-09-08 22:44:25,2025-09-08 22:44:25
1485,497,5,ABC00001485,2020-10-14,Damaged,Rented,2023-05-02 10:11:52,2023-05-02 10:11:52
1486,497,4,ABC00001486,2025-11-27,Good,Rented,2025-11-27 21:16:50,2025-11-27 21:16:50
1487,497,7,ABC00001487,2025-09-19,Good,Rented,2025-09-19 02:03:43,2025-09-19 02:03:43
1488,497,6,ABC00001488,2025-05-26,Worn,Available,2025-05-26 04:27:40,2025-05-26 04:27:40
1489,498,4,ABC00001489,2020-08-03,New,Available,2023-05-03 03:28:43,2023-05-03 03:28:43
1490,498,4,ABC00001490,2022-03-29,Good,Available,2023-05-03 10:31:49,2023-05-03 10:31:49
1491,498,1,ABC00001491,2021-08-18,New,Rented,2023-05-02 13:09:22,2023-05-02 13:09:22
1492,498,10,ABC00001492,2025-01-12,Good,Rented,2025-01-12 10:50:08,2025-01-12 10:50:08
1493,499,9,ABC00001493,2020-05-07,Worn,Available,2023-05-03 06:16:00,2023-05-03 06:16:00
1494,499,8,ABC00001494,2018-12-05,New,Available,2023-05-03 22:18:44,2023-05-03 22:18:44
1495,502,3,ABC00001495,2018-12-22,New,Available,2023-05-04 21:47:28,2023-05-04 21:47:28
1496,502,6,ABC00001496,2023-02-22,New,Rented,2023-05-04 23:18:09,2023-05-04 23:18:09
1497,503,3,ABC00001497,2025-07-27,New,Available,2025-07-27 17:51:25,2025-07-27 17:51:25
1498,503,7,ABC00001498,2024-10-17,Good,Available,2024-10-17 05:06:32,2024-10-17 05:06:32
1499,503,2,ABC00001499,2022-06-10,Good,Available,2023-05-02 19:47:35,2023-05-02 19:47:35
1500,503,8,ABC00001500,2019-08-27,Worn,Available,2023-05-02 19:34:03,2023-05-02 19:34:03
1501,503,4,ABC00001501,2018-08-05,Worn,Available,2023-05-04 17:58:13,2023-05-04 17:58:13
1502,504,10,ABC00001502,2024-06-30,New,Available,2024-06-30 23:09:59,2024-06-30 23:09:59
1503,504,1,ABC00001503,2025-03-21,New,Rented,2025-03-21 10:24:07,2025-03-21 10:24:07
1504,504,10,ABC00001504,2021-05-21,Good,Available,2023-05-02 01:12:19,2023-05-02 01:12:19
1505,505,2,ABC00001505,2025-03-12,New,Available,2025-03-12 07:34:59,2025-03-12 07:34:59
1506,505,9,ABC00001506,2022-04-20,Worn,Available,2023-05-02 08:54:53,2023-05-02 08:54:53
1507,505,2,ABC00001507,2018-09-04,Damaged,Rented,2023-05-04 23:15:56,2023-05-04 23:15:56
1508,505,5,ABC00001508,2025-08-06,Good,Rented,2025-08-06 06:25:16,2025-08-06 06:25:16
1509,505,5,ABC00001509,2021-03-20,New,Rented,2023-05-04 03:48:33,2023-05-04 03:48:33
1510,506,4,ABC00001510,2020-05-19,Good,Available,2023-05-01 12:32:36,2023-05-01 12:32:36
1511,506,1,ABC00001511,2019-04-04,Worn,Available,2023-05-02 13:38:00,2023-05-02 13:38:00
1512,506,9,ABC00001512,2025-06-09,Good,Available,2025-06-09 22:13:04,2025-06-09 22:13:04
1513,507,4,ABC00001513,2020-02-07,Worn,Available,2023-05-02 21:35:12,2023-05-02 21:35:12
1514,507,7,ABC00001514,2018-07-03,Good,Available,2023-05-02 10:05:04,2023-05-02 10:05:04
1515,507,8,ABC00001515,2018-12-03,Good,Rented,2023-05-02 02:09:37,2023-05-02 02:09:37
1516,507,5,ABC00001516,2019-07-22,Good,Rented,2023-05-01 16:12:06,2023-05-01 16:12:06
1517,508,5,ABC00001517,2018-11-27,Good,Available,2023-05-03 21:19:35,2023-05-03 21:19:35
1518,508,6,ABC00001518,2019-10-03,Good,Available,2023-05-04 01:52:51,2023-05-04 01:52:51
1519,508,1,ABC00001519,2026-02-07,Good,Available,2026-02-07 03:26:42,2026-02-07 03:26:42
1520,508,7,ABC00001520,2020-03-28,Good,Available,2023-05-04 20:19:15,2023-05-04 20:19:15
1521,508,7,ABC00001521,2021-12-11,Good,Rented,2023-05-03 19:50:15,2023-05-03 19:50:15
1522,509,6,ABC00001522,2018-01-29,New,Rented,2023-05-03 12:47:19,2023-05-03 12:47:19
1523,509,3,ABC00001523,2019-09-05,Good,Retired,2023-05-04 15:23:38,2023-05-04 15:23:38
1524,509,2,ABC00001524,2026-01-18,Good,Available,2026-01-18 03:35:21,2026-01-18 03:35:21
1525,509,4,ABC00001525,2019-07-05,Good,Available,2023-05-04 18:16:09,2023-05-04 18:16:09
1526,512,10,ABC00001526,2019-02-09,Damaged,Rented,2023-05-01 09:13:51,2023-05-01 09:13:51
1527,512,4,ABC00001527,2020-06-16,Worn,Rented,2023-05-02 11:36:57,2023-05-02 11:36:57
1528,512,1,ABC00001528,2024-10-06,New,Rented,2024-10-06 16:15:04,2024-10-06 16:15:04
1529,512,5,ABC00001529,2023-04-23,New,Available,2023-05-03 06:39:23,2023-05-03 06:39:23
1530,514,7,ABC00001530,2018-04-20,Good,Rented,2023-05-03 16:26:51,2023-05-03 16:26:51
1531,514,8,ABC00001531,2022-03-22,Good,Available,2023-05-02 08:40:23,2023-05-02 08:40:23
1532,514,1,ABC00001532,2018-10-11,New,Rented,2023-05-04 15:43:51,2023-05-04 15:43:51
1533,514,9,ABC00001533,2026-02-24,Worn,Rented,2026-02-24 01:27:50,2026-02-24 01:27:50
1534,514,4,ABC00001534,2018-07-07,Good,Available,2023-05-02 03:29:36,2023-05-02 03:29:36
1535,519,10,ABC00001535,2019-11-14,Good,Rented,2023-05-01 03:20:04,2023-05-01 03:20:04
1536,519,9,ABC00001536,2025-03-08,Good,Rented,2025-03-08 08:52:36,2025-03-08 08:52:36
1537,519,6,ABC00001537,2025-09-02,New,Rented,2025-09-02 23:06:32,2025-09-02 23:06:32
1538,520,2,ABC00001538,2020-04-04,Good,Available,2023-05-04 15:26:22,2023-05-04 15:26:22
1539,520,6,ABC00001539,2020-03-12,New,Available,2023-05-01 22:37:56,2023-05-01 22:37:56
1540,520,8,ABC00001540,2021-03-24,Good,Rented,2023-05-01 03:40:10,2023-05-01 03:40:10
1541,520,5,ABC00001541,2018-03-23,New,Available,2023-05-01 23:21:34,2023-05-01 23:21:34
1542,520,10,ABC00001542,2019-12-30,New,Available,2023-05-01 12:06:23,2023-05-01 12:06:23
1543,521,8,ABC00001543,2022-02-10,New,Available,2023-05-03 15:12:43,2023-05-03 15:12:43
1544,521,7,ABC00001544,2022-07-12,Good,Rented,2023-05-01 16:59:20,2023-05-01 16:59:20
1545,521,2,ABC00001545,2019-03-25,Good,Rented,2023-05-02 08:38:15,2023-05-02 08:38:15
1546,521,1,ABC00001546,2022-01-27,Good,Rented,2023-05-01 10:56:28,2023-05-01 10:56:28
1547,522,4,ABC00001547,2021-07-14,Good,Rented,2023-05-02 01:13:02,2023-05-02 01:13:02
1548,522,1,ABC00001548,2021-09-05,Good,Rented,2023-05-02 16:25:53,2023-05-02 16:25:53
1549,522,1,ABC00001549,2025-08-02,Damaged,Rented,2025-08-02 10:45:55,2025-08-02 10:45:55
1550,523,3,ABC00001550,2023-11-08,New,Available,2023-11-08 22:37:09,2023-11-08 22:37:09
1551,523,1,ABC00001551,2024-05-21,New,Available,2024-05-21 14:39:28,2024-05-21 14:39:28
1552,523,7,ABC00001552,2021-07-18,Good,Available,2023-05-02 18:29:54,2023-05-02 18:29:54
1553,525,7,ABC00001553,2025-06-23,Good,Retired,2025-06-23 07:10:24,2025-06-23 07:10:24
1554,525,7,ABC00001554,2023-05-24,New,Available,2023-05-24 03:12:06,2023-05-24 03:12:06
1555,525,5,ABC00001555,2018-03-08,Good,Available,2023-05-02 17:01:25,2023-05-02 17:01:25
1556,525,1,ABC00001556,2022-07-04,Good,Available,2023-05-03 12:16:15,2023-05-03 12:16:15
1557,526,4,ABC00001557,2023-06-29,Good,Available,2023-06-29 21:34:14,2023-06-29 21:34:14
1558,526,10,ABC00001558,2018-06-22,Worn,Rented,2023-05-01 12:10:06,2023-05-01 12:10:06
1559,526,2,ABC00001559,2021-08-10,Good,Rented,2023-05-03 00:59:00,2023-05-03 00:59:00
1560,526,8,ABC00001560,2024-03-08,Good,Available,2024-03-08 08:27:07,2024-03-08 08:27:07
1561,527,1,ABC00001561,2019-06-13,Good,Available,2023-05-01 13:16:42,2023-05-01 13:16:42
1562,527,5,ABC00001562,2025-09-29,Worn,Rented,2025-09-29 14:21:02,2025-09-29 14:21:02
1563,527,10,ABC00001563,2026-01-31,New,Rented,2026-01-31 06:51:09,2026-01-31 06:51:09
1564,527,2,ABC00001564,2023-12-12,Good,Rented,2023-12-12 00:48:48,2023-12-12 00:48:48
1565,527,2,ABC00001565,2022-02-26,Worn,Rented,2023-05-04 18:19:16,2023-05-04 18:19:16
1566,527,5,ABC00001566,2025-08-31,Worn,Available,2025-08-31 03:41:17,2025-08-31 03:41:17
1567,528,9,ABC00001567,2023-07-02,Damaged,Available,2023-07-02 12:23:36,2023-07-02 12:23:36
1568,528,3,ABC00001568,2023-09-12,Good,Rented,2023-09-12 01:20:43,2023-09-12 01:20:43
1569,528,1,ABC00001569,2021-08-07,Good,Available,2023-05-01 11:55:48,2023-05-01 11:55:48
1570,528,9,ABC00001570,2019-08-09,Good,Rented,2023-05-04 07:04:11,2023-05-04 07:04:11
1571,528,3,ABC00001571,2024-07-22,Good,Rented,2024-07-22 20:34:22,2024-07-22 20:34:22
1572,529,2,ABC00001572,2019-11-06,Damaged,Available,2023-05-02 00:27:49,2023-05-02 00:27:49
1573,529,2,ABC00001573,2021-10-22,Good,Rented,2023-05-01 10:47:33,2023-05-01 10:47:33
1574,529,1,ABC00001574,2018-04-15,Good,Available,2023-05-04 10:54:02,2023-05-04 10:54:02
1575,531,1,ABC00001575,2019-04-17,Good,Rented,2023-05-02 20:09:39,2023-05-02 20:09:39
1576,531,8,ABC00001576,2020-12-05,Good,Rented,2023-05-03 20:35:02,2023-05-03 20:35:02
1577,532,5,ABC00001577,2021-09-06,New,Rented,2023-05-02 13:47:33,2023-05-02 13:47:33
1578,532,1,ABC00001578,2021-03-04,New,Rented,2023-05-02 13:35:20,2023-05-02 13:35:20
1579,532,4,ABC00001579,2025-04-22,Good,Available,2025-04-22 00:16:27,2025-04-22 00:16:27
1580,532,3,ABC00001580,2025-01-06,Good,Rented,2025-01-06 02:30:49,2025-01-06 02:30:49
1581,533,6,ABC00001581,2021-09-01,New,Available,2023-05-02 19:27:28,2023-05-02 19:27:28
1582,533,3,ABC00001582,2020-09-13,Good,Available,2023-05-04 08:37:29,2023-05-04 08:37:29
1583,533,2,ABC00001583,2025-04-13,Good,Rented,2025-04-13 03:25:36,2025-04-13 03:25:36
1584,533,4,ABC00001584,2025-08-18,Good,Retired,2025-08-18 23:00:18,2025-08-18 23:00:18
1585,539,9,ABC00001585,2024-08-05,Good,Rented,2024-08-05 10:47:42,2024-08-05 10:47:42
1586,539,6,ABC00001586,2020-05-29,New,Available,2023-05-04 03:05:27,2023-05-04 03:05:27
1587,539,7,ABC00001587,2020-05-02,Good,Rented,2023-05-03 07:26:31,2023-05-03 07:26:31
1588,539,9,ABC00001588,2020-03-20,Good,Available,2023-05-04 12:42:55,2023-05-04 12:42:55
1589,539,6,ABC00001589,2020-09-29,Good,Rented,2023-05-01 05:57:31,2023-05-01 05:57:31
1590,539,8,ABC00001590,2018-02-25,New,Rented,2023-05-03 05:43:47,2023-05-03 05:43:47
1591,540,1,ABC00001591,2022-05-01,Good,Available,2023-05-03 11:06:58,2023-05-03 11:06:58
1592,540,7,ABC00001592,2020-12-05,Worn,Available,2023-05-04 17:00:36,2023-05-04 17:00:36
1593,540,8,ABC00001593,2024-07-18,Worn,Available,2024-07-18 22:47:18,2024-07-18 22:47:18
1594,540,2,ABC00001594,2026-01-07,Good,Available,2026-01-07 03:05:07,2026-01-07 03:05:07
1595,541,8,ABC00001595,2023-04-11,Good,Available,2023-05-01 21:06:18,2023-05-01 21:06:18
1596,541,6,ABC00001596,2021-06-07,New,Available,2023-05-04 12:41:06,2023-05-04 12:41:06
1597,542,5,ABC00001597,2020-04-08,New,Available,2023-05-03 09:17:47,2023-05-03 09:17:47
1598,542,7,ABC00001598,2021-08-16,Damaged,Available,2023-05-02 18:41:48,2023-05-02 18:41:48
1599,542,5,ABC00001599,2024-02-06,Good,Retired,2024-02-06 16:59:27,2024-02-06 16:59:27
1600,542,4,ABC00001600,2024-03-23,Good,Available,2024-03-23 22:38:46,2024-03-23 22:38:46
1601,542,4,ABC00001601,2020-09-29,Good,Available,2023-05-04 04:54:03,2023-05-04 04:54:03
1602,542,6,ABC00001602,2024-12-07,New,Available,2024-12-07 16:13:45,2024-12-07 16:13:45
1603,543,3,ABC00001603,2019-11-18,Good,Available,2023-05-01 02:40:03,2023-05-01 02:40:03
1604,543,10,ABC00001604,2020-04-30,New,Available,2023-05-01 19:55:50,2023-05-01 19:55:50
1605,543,10,ABC00001605,2025-07-04,Good,Available,2025-07-04 02:45:49,2025-07-04 02:45:49
1606,544,4,ABC00001606,2024-10-21,New,Available,2024-10-21 04:50:46,2024-10-21 04:50:46
1607,544,10,ABC00001607,2023-04-18,Good,Available,2023-05-02 03:47:21,2023-05-02 03:47:21
1608,544,4,ABC00001608,2024-05-14,Good,Rented,2024-05-14 22:31:32,2024-05-14 22:31:32
1609,544,9,ABC00001609,2026-01-09,Good,Available,2026-01-09 12:33:22,2026-01-09 12:33:22
1610,544,6,ABC00001610,2020-12-15,Good,Rented,2023-05-03 14:20:54,2023-05-03 14:20:54
1611,545,2,ABC00001611,2022-11-19,Good,Available,2023-05-04 05:10:33,2023-05-04 05:10:33
1612,545,10,ABC00001612,2025-07-04,Worn,Available,2025-07-04 17:49:31,2025-07-04 17:49:31
1613,545,9,ABC00001613,2026-01-19,New,Available,2026-01-19 06:54:02,2026-01-19 06:54:02
1614,545,2,ABC00001614,2018-07-23,Good,Available,2023-05-01 08:38:00,2023-05-01 08:38:00
1615,548,3,ABC00001615,2025-10-20,New,Available,2025-10-20 16:05:00,2025-10-20 16:05:00
1616,548,10,ABC00001616,2024-03-21,Good,Available,2024-03-21 00:49:47,2024-03-21 00:49:47
1617,550,3,ABC00001617,2026-03-17,Good,Rented,2026-03-17 20:54:01,2026-03-17 20:54:01
1618,550,8,ABC00001618,2022-03-17,Good,Available,2023-05-02 21:50:02,2023-05-02 21:50:02
1619,550,8,ABC00001619,2025-02-16,Good,Available,2025-02-16 12:57:28,2025-02-16 12:57:28
1620,550,3,ABC00001620,2025-09-24,Good,Available,2025-09-24 05:38:33,2025-09-24 05:38:33
1621,550,8,ABC00001621,2026-01-11,Damaged,Available,2026-01-11 01:36:05,2026-01-11 01:36:05
1622,552,1,ABC00001622,2020-06-19,Good,Available,2023-05-02 04:50:39,2023-05-02 04:50:39
1623,552,8,ABC00001623,2019-06-20,Good,Available,2023-05-01 15:11:57,2023-05-01 15:11:57
1624,553,4,ABC00001624,2019-10-26,Good,Rented,2023-05-03 02:43:37,2023-05-03 02:43:37
1625,553,6,ABC00001625,2023-05-29,Good,Available,2023-05-29 22:18:23,2023-05-29 22:18:23
1626,554,8,ABC00001626,2018-10-25,Good,Available,2023-05-02 04:59:01,2023-05-02 04:59:01
1627,554,2,ABC00001627,2021-08-22,Good,Rented,2023-05-04 08:05:45,2023-05-04 08:05:45
1628,554,3,ABC00001628,2023-12-10,Good,Available,2023-12-10 10:31:51,2023-12-10 10:31:51
1629,554,6,ABC00001629,2018-09-26,New,Rented,2023-05-01 13:04:10,2023-05-01 13:04:10
1630,554,6,ABC00001630,2024-07-31,Good,Available,2024-07-31 04:35:44,2024-07-31 04:35:44
1631,554,9,ABC00001631,2025-07-10,Worn,Available,2025-07-10 15:45:53,2025-07-10 15:45:53
1632,555,1,ABC00001632,2024-10-10,Good,Available,2024-10-10 13:32:52,2024-10-10 13:32:52
1633,555,1,ABC00001633,2023-06-01,Good,Available,2023-06-01 01:12:13,2023-06-01 01:12:13
1634,556,3,ABC00001634,2026-01-12,New,Rented,2026-01-12 02:34:23,2026-01-12 02:34:23
1635,556,8,ABC00001635,2026-02-28,Good,Rented,2026-02-28 02:53:27,2026-02-28 02:53:27
1636,556,8,ABC00001636,2024-07-30,Good,Available,2024-07-30 15:32:33,2024-07-30 15:32:33
1637,556,6,ABC00001637,2019-08-06,New,Retired,2023-05-03 15:22:04,2023-05-03 15:22:04
1638,558,9,ABC00001638,2021-01-17,New,Rented,2023-05-04 13:06:45,2023-05-04 13:06:45
1639,558,6,ABC00001639,2024-03-08,New,Available,2024-03-08 18:01:21,2024-03-08 18:01:21
1640,559,9,ABC00001640,2023-05-15,New,Rented,2023-05-15 00:19:41,2023-05-15 00:19:41
1641,559,1,ABC00001641,2024-05-25,Good,Available,2024-05-25 05:53:34,2024-05-25 05:53:34
1642,559,4,ABC00001642,2019-03-21,Worn,Rented,2023-05-04 18:10:05,2023-05-04 18:10:05
1643,559,10,ABC00001643,2018-06-26,Good,Rented,2023-05-01 14:56:03,2023-05-01 14:56:03
1644,559,8,ABC00001644,2018-04-21,Good,Available,2023-05-02 07:51:15,2023-05-02 07:51:15
1645,560,4,ABC00001645,2018-10-12,New,Rented,2023-05-04 03:10:46,2023-05-04 03:10:46
1646,560,4,ABC00001646,2021-11-03,Worn,Rented,2023-05-04 05:34:55,2023-05-04 05:34:55
1647,562,1,ABC00001647,2022-03-10,Good,Available,2023-05-02 14:14:35,2023-05-02 14:14:35
1648,562,6,ABC00001648,2023-03-06,Good,Available,2023-05-01 14:33:17,2023-05-01 14:33:17
1649,562,2,ABC00001649,2023-08-19,Good,Available,2023-08-19 07:27:14,2023-08-19 07:27:14
1650,563,5,ABC00001650,2023-05-10,Good,Available,2023-05-10 12:46:08,2023-05-10 12:46:08
1651,563,8,ABC00001651,2020-09-08,Good,Available,2023-05-03 21:04:26,2023-05-03 21:04:26
1652,563,4,ABC00001652,2019-01-30,Good,Available,2023-05-04 09:46:53,2023-05-04 09:46:53
1653,563,9,ABC00001653,2024-05-07,New,Available,2024-05-07 06:24:46,2024-05-07 06:24:46
1654,563,10,ABC00001654,2025-05-06,Good,Available,2025-05-06 02:12:32,2025-05-06 02:12:32
1655,565,8,ABC00001655,2021-10-02,New,Rented,2023-05-03 00:37:24,2023-05-03 00:37:24
1656,565,1,ABC00001656,2025-04-07,Worn,Available,2025-04-07 10:10:56,2025-04-07 10:10:56
1657,565,7,ABC00001657,2018-05-02,Good,Available,2023-05-03 12:34:37,2023-05-03 12:34:37
1658,565,7,ABC00001658,2020-05-31,Good,Available,2023-05-03 01:08:36,2023-05-03 01:08:36
1659,566,1,ABC00001659,2022-08-01,Worn,Rented,2023-05-02 17:02:12,2023-05-02 17:02:12
1660,566,5,ABC00001660,2024-02-22,Good,Available,2024-02-22 22:15:16,2024-02-22 22:15:16
1661,566,10,ABC00001661,2024-01-24,Good,Rented,2024-01-24 08:04:26,2024-01-24 08:04:26
1662,566,5,ABC00001662,2023-10-06,Good,Available,2023-10-06 20:51:16,2023-10-06 20:51:16
1663,566,7,ABC00001663,2021-05-16,Damaged,Rented,2023-05-03 08:23:23,2023-05-03 08:23:23
1664,566,7,ABC00001664,2025-02-07,Good,Rented,2025-02-07 13:31:49,2025-02-07 13:31:49
1665,567,7,ABC00001665,2026-01-08,New,Retired,2026-01-08 15:38:47,2026-01-08 15:38:47
1666,567,7,ABC00001666,2026-03-25,Good,Rented,2026-03-25 12:48:33,2026-03-25 12:48:33
1667,567,1,ABC00001667,2022-09-27,Worn,Rented,2023-05-01 20:11:01,2023-05-01 20:11:01
1668,567,9,ABC00001668,2025-03-09,New,Available,2025-03-09 20:14:22,2025-03-09 20:14:22
1669,567,3,ABC00001669,2022-11-15,Good,Available,2023-05-03 11:19:53,2023-05-03 11:19:53
1670,568,6,ABC00001670,2019-01-02,Good,Rented,2023-05-03 00:39:43,2023-05-03 00:39:43
1671,568,5,ABC00001671,2019-12-20,New,Rented,2023-05-01 23:34:30,2023-05-01 23:34:30
1672,568,2,ABC00001672,2026-04-17,Worn,Available,2026-04-17 21:05:05,2026-04-17 21:05:05
1673,569,6,ABC00001673,2023-03-19,New,Available,2023-05-04 05:56:14,2023-05-04 05:56:14
1674,569,4,ABC00001674,2025-07-08,Worn,Available,2025-07-08 12:03:04,2025-07-08 12:03:04
1675,571,5,ABC00001675,2023-11-02,New,Rented,2023-11-02 22:03:23,2023-11-02 22:03:23
1676,571,6,ABC00001676,2026-03-20,New,Available,2026-03-20 10:45:05,2026-03-20 10:45:05
1677,571,1,ABC00001677,2021-10-18,Good,Available,2023-05-04 09:54:03,2023-05-04 09:54:03
1678,571,5,ABC00001678,2018-11-17,Good,Rented,2023-05-02 11:18:26,2023-05-02 11:18:26
1679,571,10,ABC00001679,2019-01-05,Good,Rented,2023-05-02 17:15:31,2023-05-02 17:15:31
1680,573,6,ABC00001680,2024-06-23,New,Available,2024-06-23 19:43:21,2024-06-23 19:43:21
1681,573,7,ABC00001681,2018-05-11,Worn,Rented,2023-05-03 10:54:28,2023-05-03 10:54:28
1682,573,10,ABC00001682,2025-07-11,Good,Available,2025-07-11 18:42:24,2025-07-11 18:42:24
1683,573,1,ABC00001683,2022-12-03,Good,Available,2023-05-02 01:29:51,2023-05-02 01:29:51
1684,573,3,ABC00001684,2021-12-22,New,Rented,2023-05-03 23:50:17,2023-05-03 23:50:17
1685,574,8,ABC00001685,2022-09-09,Good,Rented,2023-05-03 20:28:07,2023-05-03 20:28:07
1686,574,8,ABC00001686,2024-10-01,Good,Available,2024-10-01 08:13:29,2024-10-01 08:13:29
1687,574,2,ABC00001687,2019-09-05,New,Available,2023-05-01 20:24:07,2023-05-01 20:24:07
1688,574,5,ABC00001688,2025-09-05,Good,Available,2025-09-05 07:39:19,2025-09-05 07:39:19
1689,574,6,ABC00001689,2024-01-12,Good,Available,2024-01-12 22:10:22,2024-01-12 22:10:22
1690,574,4,ABC00001690,2020-12-06,New,Rented,2023-05-04 15:35:03,2023-05-04 15:35:03
1691,575,10,ABC00001691,2020-06-28,Worn,Rented,2023-05-02 03:09:11,2023-05-02 03:09:11
1692,575,8,ABC00001692,2020-02-06,Good,Retired,2023-05-01 18:31:07,2023-05-01 18:31:07
1693,575,1,ABC00001693,2018-03-28,Good,Retired,2023-05-03 23:50:59,2023-05-03 23:50:59
1694,576,10,ABC00001694,2026-05-10,Good,Available,2026-05-10 21:37:06,2026-05-10 21:37:06
1695,576,3,ABC00001695,2022-04-07,New,Available,2023-05-03 23:33:47,2023-05-03 23:33:47
1696,576,4,ABC00001696,2023-07-04,Damaged,Rented,2023-07-04 09:21:56,2023-07-04 09:21:56
1697,576,3,ABC00001697,2025-02-03,Good,Rented,2025-02-03 05:45:43,2025-02-03 05:45:43
1698,576,3,ABC00001698,2025-10-20,Worn,Retired,2025-10-20 11:08:52,2025-10-20 11:08:52
1699,576,9,ABC00001699,2026-01-26,Good,Rented,2026-01-26 00:17:42,2026-01-26 00:17:42
1700,578,1,ABC00001700,2023-03-10,New,Rented,2023-05-03 18:44:54,2023-05-03 18:44:54
1701,578,2,ABC00001701,2019-11-02,Good,Rented,2023-05-01 13:51:26,2023-05-01 13:51:26
1702,578,3,ABC00001702,2023-12-20,Good,Available,2023-12-20 11:17:54,2023-12-20 11:17:54
1703,578,7,ABC00001703,2021-08-02,Good,Available,2023-05-03 07:35:36,2023-05-03 07:35:36
1704,578,2,ABC00001704,2020-06-05,Good,Rented,2023-05-02 22:36:40,2023-05-02 22:36:40
1705,579,8,ABC00001705,2025-10-13,Good,Rented,2025-10-13 20:42:57,2025-10-13 20:42:57
1706,579,9,ABC00001706,2020-08-07,New,Rented,2023-05-02 14:03:05,2023-05-02 14:03:05
1707,579,8,ABC00001707,2025-08-21,Damaged,Available,2025-08-21 23:56:41,2025-08-21 23:56:41
1708,580,9,ABC00001708,2020-10-23,Good,Available,2023-05-01 17:57:00,2023-05-01 17:57:00
1709,580,5,ABC00001709,2018-06-06,Worn,Available,2023-05-04 01:36:35,2023-05-04 01:36:35
1710,580,10,ABC00001710,2024-02-22,Good,Rented,2024-02-22 11:23:04,2024-02-22 11:23:04
1711,581,4,ABC00001711,2022-11-02,Good,Available,2023-05-01 08:05:29,2023-05-01 08:05:29
1712,581,9,ABC00001712,2021-01-29,Good,Rented,2023-05-02 12:02:20,2023-05-02 12:02:20
1713,581,1,ABC00001713,2018-11-01,Damaged,Available,2023-05-02 02:08:06,2023-05-02 02:08:06
1714,581,3,ABC00001714,2023-08-29,Worn,Available,2023-08-29 22:14:49,2023-08-29 22:14:49
1715,581,3,ABC00001715,2018-09-20,New,Rented,2023-05-01 08:22:26,2023-05-01 08:22:26
1716,581,6,ABC00001716,2023-10-23,Damaged,Available,2023-10-23 11:43:00,2023-10-23 11:43:00
1717,582,2,ABC00001717,2019-09-07,Good,Rented,2023-05-02 13:48:18,2023-05-02 13:48:18
1718,582,6,ABC00001718,2021-08-03,New,Available,2023-05-02 15:11:46,2023-05-02 15:11:46
1719,582,10,ABC00001719,2021-08-15,Good,Available,2023-05-02 03:37:41,2023-05-02 03:37:41
1720,582,3,ABC00001720,2021-01-28,Good,Available,2023-05-02 04:28:52,2023-05-02 04:28:52
1721,582,2,ABC00001721,2026-01-13,Good,Available,2026-01-13 10:45:43,2026-01-13 10:45:43
1722,582,8,ABC00001722,2024-01-18,New,Available,2024-01-18 22:02:42,2024-01-18 22:02:42
1723,583,10,ABC00001723,2024-08-28,Good,Rented,2024-08-28 03:24:09,2024-08-28 03:24:09
1724,583,1,ABC00001724,2022-05-03,New,Rented,2023-05-04 01:06:02,2023-05-04 01:06:02
1725,585,3,ABC00001725,2019-05-29,Damaged,Available,2023-05-04 06:17:37,2023-05-04 06:17:37
1726,585,7,ABC00001726,2025-10-23,Good,Available,2025-10-23 03:56:56,2025-10-23 03:56:56
1727,586,5,ABC00001727,2019-08-19,Worn,Rented,2023-05-04 12:52:49,2023-05-04 12:52:49
1728,586,9,ABC00001728,2021-06-16,Good,Rented,2023-05-03 06:17:21,2023-05-03 06:17:21
1729,586,10,ABC00001729,2024-10-31,Good,Available,2024-10-31 02:47:44,2024-10-31 02:47:44
1730,586,6,ABC00001730,2021-12-19,Worn,Available,2023-05-04 20:18:07,2023-05-04 20:18:07
1731,586,2,ABC00001731,2021-11-17,Good,Available,2023-05-02 20:15:33,2023-05-02 20:15:33
1732,586,2,ABC00001732,2022-10-31,Good,Available,2023-05-02 15:45:43,2023-05-02 15:45:43
1733,587,5,ABC00001733,2026-04-07,Good,Rented,2026-04-07 16:01:34,2026-04-07 16:01:34
1734,587,7,ABC00001734,2026-02-05,New,Available,2026-02-05 18:38:00,2026-02-05 18:38:00
1735,587,6,ABC00001735,2022-04-27,Worn,Available,2023-05-03 12:04:25,2023-05-03 12:04:25
1736,587,9,ABC00001736,2021-09-06,Good,Available,2023-05-02 01:12:32,2023-05-02 01:12:32
1737,587,10,ABC00001737,2024-01-23,Good,Available,2024-01-23 10:16:16,2024-01-23 10:16:16
1738,587,4,ABC00001738,2025-01-23,Good,Available,2025-01-23 20:19:01,2025-01-23 20:19:01
1739,588,10,ABC00001739,2025-02-27,Good,Retired,2025-02-27 19:58:54,2025-02-27 19:58:54
1740,588,6,ABC00001740,2023-06-08,Good,Available,2023-06-08 16:04:30,2023-06-08 16:04:30
1741,588,6,ABC00001741,2025-07-31,Good,Rented,2025-07-31 16:42:13,2025-07-31 16:42:13
1742,588,10,ABC00001742,2018-04-15,Good,Available,2023-05-03 20:07:46,2023-05-03 20:07:46
1743,588,10,ABC00001743,2025-09-13,Worn,Available,2025-09-13 19:32:11,2025-09-13 19:32:11
1744,589,2,ABC00001744,2023-08-16,Good,Rented,2023-08-16 07:50:11,2023-08-16 07:50:11
1745,589,8,ABC00001745,2021-11-24,Good,Available,2023-05-01 03:04:35,2023-05-01 03:04:35
1746,589,6,ABC00001746,2019-11-12,Worn,Available,2023-05-04 00:04:02,2023-05-04 00:04:02
1747,589,3,ABC00001747,2019-07-18,New,Rented,2023-05-02 06:58:09,2023-05-02 06:58:09
1748,590,2,ABC00001748,2019-03-13,New,Rented,2023-05-04 16:25:26,2023-05-04 16:25:26
1749,590,10,ABC00001749,2021-02-19,Good,Available,2023-05-03 06:22:46,2023-05-03 06:22:46
1750,590,7,ABC00001750,2021-02-23,Good,Rented,2023-05-04 04:40:04,2023-05-04 04:40:04
1751,591,4,ABC00001751,2018-11-25,New,Rented,2023-05-01 12:09:49,2023-05-01 12:09:49
1752,591,6,ABC00001752,2021-08-30,New,Rented,2023-05-01 02:33:10,2023-05-01 02:33:10
1753,592,2,ABC00001753,2025-01-03,New,Rented,2025-01-03 00:58:30,2025-01-03 00:58:30
1754,592,7,ABC00001754,2019-05-24,Damaged,Available,2023-05-02 08:50:16,2023-05-02 08:50:16
1755,593,2,ABC00001755,2020-03-05,New,Rented,2023-05-02 04:11:58,2023-05-02 04:11:58
1756,593,10,ABC00001756,2021-09-21,Good,Rented,2023-05-01 00:57:40,2023-05-01 00:57:40
1757,593,2,ABC00001757,2024-11-26,Good,Available,2024-11-26 21:58:43,2024-11-26 21:58:43
1758,593,6,ABC00001758,2022-03-28,Good,Rented,2023-05-02 03:34:41,2023-05-02 03:34:41
1759,593,1,ABC00001759,2024-09-18,New,Available,2024-09-18 04:23:32,2024-09-18 04:23:32
1760,593,6,ABC00001760,2024-02-24,New,Retired,2024-02-24 21:02:34,2024-02-24 21:02:34
1761,594,7,ABC00001761,2023-06-26,Good,Rented,2023-06-26 19:22:03,2023-06-26 19:22:03
1762,594,5,ABC00001762,2022-07-31,Good,Available,2023-05-04 13:39:04,2023-05-04 13:39:04
1763,594,2,ABC00001763,2024-04-11,New,Available,2024-04-11 23:41:44,2024-04-11 23:41:44
1764,594,1,ABC00001764,2023-09-27,Damaged,Available,2023-09-27 04:53:24,2023-09-27 04:53:24
1765,594,10,ABC00001765,2022-11-01,Good,Rented,2023-05-04 23:02:29,2023-05-04 23:02:29
1766,594,4,ABC00001766,2020-11-12,Good,Rented,2023-05-04 03:10:14,2023-05-04 03:10:14
1767,595,1,ABC00001767,2018-10-05,Good,Rented,2023-05-04 23:19:20,2023-05-04 23:19:20
1768,595,5,ABC00001768,2026-01-16,Good,Available,2026-01-16 04:33:07,2026-01-16 04:33:07
1769,596,5,ABC00001769,2018-02-25,New,Available,2023-05-03 06:25:27,2023-05-03 06:25:27
1770,596,4,ABC00001770,2023-07-07,Good,Rented,2023-07-07 11:07:53,2023-07-07 11:07:53
1771,596,8,ABC00001771,2022-10-14,Worn,Rented,2023-05-01 08:41:08,2023-05-01 08:41:08
1772,596,10,ABC00001772,2020-08-08,New,Available,2023-05-03 03:12:15,2023-05-03 03:12:15
1773,597,3,ABC00001773,2022-04-17,Good,Retired,2023-05-01 18:24:11,2023-05-01 18:24:11
1774,597,8,ABC00001774,2021-12-06,New,Rented,2023-05-04 03:54:48,2023-05-04 03:54:48
1775,597,1,ABC00001775,2024-03-09,Damaged,Available,2024-03-09 14:26:16,2024-03-09 14:26:16
1776,597,9,ABC00001776,2021-10-16,Worn,Available,2023-05-01 20:06:43,2023-05-01 20:06:43
1777,597,4,ABC00001777,2019-09-03,Good,Available,2023-05-01 01:00:33,2023-05-01 01:00:33
1778,597,7,ABC00001778,2026-04-28,Worn,Available,2026-04-28 06:58:41,2026-04-28 06:58:41
1779,598,10,ABC00001779,2024-12-07,Worn,Rented,2024-12-07 22:54:22,2024-12-07 22:54:22
1780,598,5,ABC00001780,2020-06-23,New,Available,2023-05-03 16:04:13,2023-05-03 16:04:13
1781,598,4,ABC00001781,2023-11-08,Good,Rented,2023-11-08 04:56:48,2023-11-08 04:56:48
1782,599,8,ABC00001782,2023-09-07,New,Rented,2023-09-07 14:37:55,2023-09-07 14:37:55
1783,599,1,ABC00001783,2025-01-26,Worn,Available,2025-01-26 13:23:39,2025-01-26 13:23:39
1784,600,10,ABC00001784,2023-07-10,Good,Rented,2023-07-10 20:43:06,2023-07-10 20:43:06
1785,600,2,ABC00001785,2019-07-11,New,Retired,2023-05-03 11:04:06,2023-05-03 11:04:06
