recommendation_id,customer_id,content_id,recommendation_date,algorithm_version,clicked,created_at,updated_at
1,351,134,2025-06-10 12:21:57,content-based-v2.0,True,2025-06-10 12:21:57,2025-06-10 12:21:57
2,649,371,2025-09-10 03:28:10,content-based-v2.0,True,2025-09-10 03:28:10,2025-09-10 03:28:10
3,177,35,2026-04-20 22:07:54,collab-v1.3,False,2026-04-20 22:07:54,2026-04-20 22:07:54
4,380,541,2026-03-27 19:02:05,collab-v1.3,False,2026-03-27 19:02:05,2026-03-27 19:02:05
5,908,437,2026-03-24 12:54:35,content-based-v2.0,False,2026-03-24 12:54:35,2026-03-24 12:54:35
6,521,239,2026-05-24 16:10:13,collab-v1.2,False,2026-05-24 16:10:13,2026-05-24 16:10:13
7,899,215,2025-12-15 09:23:01,content-based-v2.0,False,2025-12-15 09:23:01,2025-12-15 09:23:01
8,461,395,2025-09-08 10:19:39,hybrid-v1.0,False,2025-09-08 10:19:39,2025-09-08 10:19:39
9,770,165,2025-07-30 04:54:29,collab-v1.2,False,2025-07-30 04:54:29,2025-07-30 04:54:29
10,280,230,2026-05-14 04:29:59,collab-v1.3,False,2026-05-14 04:29:59,2026-05-14 04:29:59
11,872,362,2025-12-14 14:13:49,content-based-v2.0,False,2025-12-14 14:13:49,2025-12-14 14:13:49
12,366,420,2026-02-08 04:43:35,collab-v1.2,False,2026-02-08 04:43:35,2026-02-08 04:43:35
13,401,458,2025-09-09 08:33:33,hybrid-v1.0,False,2025-09-09 08:33:33,2025-09-09 08:33:33
14,424,353,2025-12-08 21:16:29,hybrid-v1.0,False,2025-12-08 21:16:29,2025-12-08 21:16:29
15,342,255,2026-05-05 03:32:35,hybrid-v1.0,False,2026-05-05 03:32:35,2026-05-05 03:32:35
16,558,263,2025-08-02 10:27:15,collab-v1.2,False,2025-08-02 10:27:15,2025-08-02 10:27:15
17,743,591,2025-10-25 23:23:57,hybrid-v1.0,False,2025-10-25 23:23:57,2025-10-25 23:23:57
18,719,503,2026-03-09 03:53:51,hybrid-v1.0,False,2026-03-09 03:53:51,2026-03-09 03:53:51
19,158,90,2026-04-01 08:03:27,collab-v1.2,False,2026-04-01 08:03:27,2026-04-01 08:03:27
20,542,138,2026-02-07 04:20:20,collab-v1.3,False,2026-02-07 04:20:20,2026-02-07 04:20:20
21,569,57,2026-05-22 01:52:09,hybrid-v1.0,True,2026-05-22 01:52:09,2026-05-22 01:52:09
22,782,516,2026-02-23 03:11:41,hybrid-v1.0,False,2026-02-23 03:11:41,2026-02-23 03:11:41
23,323,174,2025-06-13 11:04:12,collab-v1.3,False,2025-06-13 11:04:12,2025-06-13 11:04:12
24,968,441,2026-01-28 07:27:01,collab-v1.2,False,2026-01-28 07:27:01,2026-01-28 07:27:01
25,326,56,2026-02-02 01:10:45,collab-v1.3,True,2026-02-02 01:10:45,2026-02-02 01:10:45
26,439,78,2026-04-11 11:34:29,collab-v1.2,False,2026-04-11 11:34:29,2026-04-11 11:34:29
27,820,43,2026-01-01 07:39:00,hybrid-v1.0,False,2026-01-01 07:39:00,2026-01-01 07:39:00
28,524,540,2025-12-13 19:42:09,collab-v1.2,False,2025-12-13 19:42:09,2025-12-13 19:42:09
29,569,564,2025-12-28 09:28:51,collab-v1.3,False,2025-12-28 09:28:51,2025-12-28 09:28:51
30,652,373,2026-05-04 17:15:41,content-based-v2.0,False,2026-05-04 17:15:41,2026-05-04 17:15:41
31,483,215,2026-05-25 10:07:32,collab-v1.2,False,2026-05-25 10:07:32,2026-05-25 10:07:32
32,84,550,2026-04-24 17:44:33,collab-v1.2,True,2026-04-24 17:44:33,2026-04-24 17:44:33
33,425,180,2026-01-17 16:44:13,collab-v1.2,True,2026-01-17 16:44:13,2026-01-17 16:44:13
34,174,100,2026-01-24 05:32:02,collab-v1.3,False,2026-01-24 05:32:02,2026-01-24 05:32:02
35,816,488,2025-10-14 11:58:07,content-based-v2.0,True,2025-10-14 11:58:07,2025-10-14 11:58:07
36,579,57,2025-11-12 20:18:19,hybrid-v1.0,False,2025-11-12 20:18:19,2025-11-12 20:18:19
37,517,209,2026-05-02 11:29:41,collab-v1.2,False,2026-05-02 11:29:41,2026-05-02 11:29:41
38,122,349,2026-02-09 06:06:24,hybrid-v1.0,False,2026-02-09 06:06:24,2026-02-09 06:06:24
39,754,355,2025-09-03 06:21:05,collab-v1.2,False,2025-09-03 06:21:05,2025-09-03 06:21:05
40,408,108,2025-09-09 08:51:24,collab-v1.2,False,2025-09-09 08:51:24,2025-09-09 08:51:24
41,740,297,2025-06-15 13:35:09,hybrid-v1.0,True,2025-06-15 13:35:09,2025-06-15 13:35:09
42,282,406,2026-01-21 16:05:14,collab-v1.3,False,2026-01-21 16:05:14,2026-01-21 16:05:14
43,562,577,2025-08-13 03:30:12,collab-v1.3,False,2025-08-13 03:30:12,2025-08-13 03:30:12
44,668,266,2025-09-02 08:11:26,hybrid-v1.0,False,2025-09-02 08:11:26,2025-09-02 08:11:26
45,382,550,2025-08-29 16:23:58,collab-v1.2,True,2025-08-29 16:23:58,2025-08-29 16:23:58
46,122,573,2025-10-03 07:16:28,collab-v1.3,False,2025-10-03 07:16:28,2025-10-03 07:16:28
47,901,579,2025-11-14 08:21:19,collab-v1.2,False,2025-11-14 08:21:19,2025-11-14 08:21:19
48,227,81,2025-12-07 11:06:51,content-based-v2.0,True,2025-12-07 11:06:51,2025-12-07 11:06:51
49,73,396,2026-02-14 00:09:26,hybrid-v1.0,False,2026-02-14 00:09:26,2026-02-14 00:09:26
50,489,453,2025-10-15 21:20:15,collab-v1.2,False,2025-10-15 21:20:15,2025-10-15 21:20:15
51,13,551,2025-07-09 11:53:42,collab-v1.2,False,2025-07-09 11:53:42,2025-07-09 11:53:42
52,473,327,2026-05-09 05:21:49,hybrid-v1.0,True,2026-05-09 05:21:49,2026-05-09 05:21:49
53,220,105,2026-04-23 17:41:47,content-based-v2.0,False,2026-04-23 17:41:47,2026-04-23 17:41:47
54,29,273,2026-03-29 02:02:13,hybrid-v1.0,False,2026-03-29 02:02:13,2026-03-29 02:02:13
55,723,279,2026-03-17 01:35:25,content-based-v2.0,False,2026-03-17 01:35:25,2026-03-17 01:35:25
56,377,484,2026-01-10 12:00:15,content-based-v2.0,False,2026-01-10 12:00:15,2026-01-10 12:00:15
57,526,138,2026-01-24 18:37:15,content-based-v2.0,False,2026-01-24 18:37:15,2026-01-24 18:37:15
58,469,52,2026-04-10 03:54:05,hybrid-v1.0,False,2026-04-10 03:54:05,2026-04-10 03:54:05
59,587,51,2025-06-21 23:58:43,collab-v1.3,True,2025-06-21 23:58:43,2025-06-21 23:58:43
60,622,267,2026-04-27 12:52:45,collab-v1.3,False,2026-04-27 12:52:45,2026-04-27 12:52:45
61,208,125,2025-12-30 11:08:07,hybrid-v1.0,True,2025-12-30 11:08:07,2025-12-30 11:08:07
62,670,523,2026-02-24 06:02:19,collab-v1.3,False,2026-02-24 06:02:19,2026-02-24 06:02:19
63,200,311,2025-12-26 03:58:37,hybrid-v1.0,False,2025-12-26 03:58:37,2025-12-26 03:58:37
64,956,252,2025-10-27 17:54:21,content-based-v2.0,False,2025-10-27 17:54:21,2025-10-27 17:54:21
65,599,5,2025-06-17 23:19:38,hybrid-v1.0,False,2025-06-17 23:19:38,2025-06-17 23:19:38
66,795,546,2026-03-09 06:55:47,content-based-v2.0,False,2026-03-09 06:55:47,2026-03-09 06:55:47
67,72,482,2026-03-05 17:54:16,hybrid-v1.0,False,2026-03-05 17:54:16,2026-03-05 17:54:16
68,85,134,2025-11-29 20:43:19,hybrid-v1.0,True,2025-11-29 20:43:19,2025-11-29 20:43:19
69,225,465,2026-01-01 16:34:11,collab-v1.2,False,2026-01-01 16:34:11,2026-01-01 16:34:11
70,779,590,2026-05-20 02:28:59,content-based-v2.0,False,2026-05-20 02:28:59,2026-05-20 02:28:59
71,527,399,2026-04-17 17:57:09,hybrid-v1.0,False,2026-04-17 17:57:09,2026-04-17 17:57:09
72,6,504,2025-08-01 15:58:45,collab-v1.3,True,2025-08-01 15:58:45,2025-08-01 15:58:45
73,529,461,2026-02-12 06:42:03,collab-v1.2,False,2026-02-12 06:42:03,2026-02-12 06:42:03
74,468,265,2026-05-08 20:20:31,content-based-v2.0,True,2026-05-08 20:20:31,2026-05-08 20:20:31
75,840,489,2025-08-08 13:28:07,hybrid-v1.0,False,2025-08-08 13:28:07,2025-08-08 13:28:07
76,442,206,2025-08-06 00:10:32,hybrid-v1.0,False,2025-08-06 00:10:32,2025-08-06 00:10:32
77,369,336,2026-03-10 03:18:06,collab-v1.2,False,2026-03-10 03:18:06,2026-03-10 03:18:06
78,765,199,2025-06-10 10:42:01,content-based-v2.0,False,2025-06-10 10:42:01,2025-06-10 10:42:01
79,849,203,2025-12-08 23:16:47,hybrid-v1.0,False,2025-12-08 23:16:47,2025-12-08 23:16:47
80,941,148,2026-05-15 16:39:54,collab-v1.2,False,2026-05-15 16:39:54,2026-05-15 16:39:54
81,535,193,2026-02-19 09:13:41,content-based-v2.0,True,2026-02-19 09:13:41,2026-02-19 09:13:41
82,991,260,2025-12-16 01:23:42,collab-v1.3,False,2025-12-16 01:23:42,2025-12-16 01:23:42
83,611,568,2026-05-22 10:44:36,collab-v1.2,False,2026-05-22 10:44:36,2026-05-22 10:44:36
84,709,425,2026-03-31 20:47:51,hybrid-v1.0,True,2026-03-31 20:47:51,2026-03-31 20:47:51
85,96,121,2025-09-21 00:36:33,hybrid-v1.0,False,2025-09-21 00:36:33,2025-09-21 00:36:33
86,636,565,2026-02-28 16:43:42,content-based-v2.0,False,2026-02-28 16:43:42,2026-02-28 16:43:42
87,759,231,2026-03-02 03:21:03,collab-v1.3,False,2026-03-02 03:21:03,2026-03-02 03:21:03
88,796,507,2026-03-22 18:53:36,collab-v1.3,False,2026-03-22 18:53:36,2026-03-22 18:53:36
89,95,478,2025-10-03 00:34:27,collab-v1.2,False,2025-10-03 00:34:27,2025-10-03 00:34:27
90,305,289,2026-03-29 08:54:31,collab-v1.3,True,2026-03-29 08:54:31,2026-03-29 08:54:31
91,208,5,2025-08-21 02:34:15,content-based-v2.0,False,2025-08-21 02:34:15,2025-08-21 02:34:15
92,896,9,2026-05-17 14:13:10,collab-v1.3,False,2026-05-17 14:13:10,2026-05-17 14:13:10
93,596,530,2026-05-17 16:24:32,collab-v1.2,False,2026-05-17 16:24:32,2026-05-17 16:24:32
94,985,265,2026-05-26 10:40:30,content-based-v2.0,False,2026-05-26 10:40:30,2026-05-26 10:40:30
95,424,282,2026-02-03 14:57:25,collab-v1.3,False,2026-02-03 14:57:25,2026-02-03 14:57:25
96,654,308,2025-09-29 08:08:50,hybrid-v1.0,False,2025-09-29 08:08:50,2025-09-29 08:08:50
97,701,197,2025-07-21 06:20:34,collab-v1.2,True,2025-07-21 06:20:34,2025-07-21 06:20:34
98,92,171,2025-08-10 11:51:18,collab-v1.2,False,2025-08-10 11:51:18,2025-08-10 11:51:18
99,140,203,2025-07-24 04:49:02,hybrid-v1.0,False,2025-07-24 04:49:02,2025-07-24 04:49:02
100,944,555,2025-10-07 18:01:13,hybrid-v1.0,False,2025-10-07 18:01:13,2025-10-07 18:01:13
101,999,172,2026-02-23 23:02:59,collab-v1.3,False,2026-02-23 23:02:59,2026-02-23 23:02:59
102,191,512,2025-10-19 07:40:18,hybrid-v1.0,False,2025-10-19 07:40:18,2025-10-19 07:40:18
103,347,265,2026-05-01 18:25:04,collab-v1.2,False,2026-05-01 18:25:04,2026-05-01 18:25:04
104,42,39,2026-02-09 10:11:28,collab-v1.3,False,2026-02-09 10:11:28,2026-02-09 10:11:28
105,444,366,2025-09-12 23:19:13,collab-v1.2,False,2025-09-12 23:19:13,2025-09-12 23:19:13
106,457,538,2026-02-21 03:30:52,content-based-v2.0,False,2026-02-21 03:30:52,2026-02-21 03:30:52
107,414,20,2025-07-29 06:33:05,hybrid-v1.0,True,2025-07-29 06:33:05,2025-07-29 06:33:05
108,819,197,2025-12-19 13:45:35,hybrid-v1.0,False,2025-12-19 13:45:35,2025-12-19 13:45:35
109,505,366,2026-04-12 08:15:21,hybrid-v1.0,False,2026-04-12 08:15:21,2026-04-12 08:15:21
110,214,16,2025-11-11 08:49:32,content-based-v2.0,False,2025-11-11 08:49:32,2025-11-11 08:49:32
111,879,428,2025-12-13 02:02:17,hybrid-v1.0,False,2025-12-13 02:02:17,2025-12-13 02:02:17
112,22,334,2025-07-26 18:54:16,collab-v1.2,False,2025-07-26 18:54:16,2025-07-26 18:54:16
113,786,366,2025-10-19 07:31:19,content-based-v2.0,False,2025-10-19 07:31:19,2025-10-19 07:31:19
114,923,100,2026-02-19 04:55:05,collab-v1.3,False,2026-02-19 04:55:05,2026-02-19 04:55:05
115,925,383,2026-04-23 11:28:02,collab-v1.2,False,2026-04-23 11:28:02,2026-04-23 11:28:02
116,46,422,2025-12-12 22:30:59,collab-v1.3,False,2025-12-12 22:30:59,2025-12-12 22:30:59
117,702,494,2025-11-24 06:36:00,collab-v1.2,False,2025-11-24 06:36:00,2025-11-24 06:36:00
118,180,328,2026-01-28 14:25:13,collab-v1.3,True,2026-01-28 14:25:13,2026-01-28 14:25:13
119,950,514,2025-09-14 21:15:52,content-based-v2.0,False,2025-09-14 21:15:52,2025-09-14 21:15:52
120,71,144,2025-12-31 09:06:01,collab-v1.2,False,2025-12-31 09:06:01,2025-12-31 09:06:01
121,558,370,2025-09-18 06:47:28,hybrid-v1.0,False,2025-09-18 06:47:28,2025-09-18 06:47:28
122,517,570,2026-04-04 04:07:25,collab-v1.3,True,2026-04-04 04:07:25,2026-04-04 04:07:25
123,929,248,2025-09-12 03:05:34,content-based-v2.0,True,2025-09-12 03:05:34,2025-09-12 03:05:34
124,961,477,2025-10-24 09:04:56,collab-v1.3,False,2025-10-24 09:04:56,2025-10-24 09:04:56
125,838,476,2025-08-15 14:43:26,collab-v1.3,False,2025-08-15 14:43:26,2025-08-15 14:43:26
126,116,59,2026-02-04 09:12:28,hybrid-v1.0,False,2026-02-04 09:12:28,2026-02-04 09:12:28
127,610,247,2026-05-08 20:45:35,hybrid-v1.0,False,2026-05-08 20:45:35,2026-05-08 20:45:35
128,523,290,2025-10-17 18:56:01,content-based-v2.0,False,2025-10-17 18:56:01,2025-10-17 18:56:01
129,309,200,2026-04-02 20:52:12,collab-v1.2,False,2026-04-02 20:52:12,2026-04-02 20:52:12
130,291,324,2025-11-28 10:04:57,hybrid-v1.0,True,2025-11-28 10:04:57,2025-11-28 10:04:57
131,429,11,2025-09-28 11:46:26,content-based-v2.0,False,2025-09-28 11:46:26,2025-09-28 11:46:26
132,802,493,2025-07-16 02:11:01,content-based-v2.0,True,2025-07-16 02:11:01,2025-07-16 02:11:01
133,275,26,2025-10-09 13:14:22,hybrid-v1.0,False,2025-10-09 13:14:22,2025-10-09 13:14:22
134,270,104,2026-02-12 07:16:32,collab-v1.3,False,2026-02-12 07:16:32,2026-02-12 07:16:32
135,704,411,2025-06-14 03:23:09,hybrid-v1.0,False,2025-06-14 03:23:09,2025-06-14 03:23:09
136,642,585,2025-10-21 08:46:20,collab-v1.3,False,2025-10-21 08:46:20,2025-10-21 08:46:20
137,49,208,2025-06-17 12:14:32,hybrid-v1.0,True,2025-06-17 12:14:32,2025-06-17 12:14:32
138,142,306,2025-10-31 06:31:50,content-based-v2.0,False,2025-10-31 06:31:50,2025-10-31 06:31:50
139,760,108,2026-02-01 23:10:01,collab-v1.3,False,2026-02-01 23:10:01,2026-02-01 23:10:01
140,531,368,2025-10-21 01:20:15,collab-v1.2,False,2025-10-21 01:20:15,2025-10-21 01:20:15
141,54,314,2025-08-25 14:20:44,collab-v1.2,False,2025-08-25 14:20:44,2025-08-25 14:20:44
142,198,84,2026-03-07 23:15:23,content-based-v2.0,False,2026-03-07 23:15:23,2026-03-07 23:15:23
143,2,211,2026-02-20 04:51:59,collab-v1.3,False,2026-02-20 04:51:59,2026-02-20 04:51:59
144,968,475,2025-11-17 12:32:17,collab-v1.3,False,2025-11-17 12:32:17,2025-11-17 12:32:17
145,659,285,2025-08-17 13:48:46,collab-v1.3,True,2025-08-17 13:48:46,2025-08-17 13:48:46
146,420,176,2025-06-14 04:22:42,collab-v1.2,True,2025-06-14 04:22:42,2025-06-14 04:22:42
147,586,556,2026-03-29 18:19:11,hybrid-v1.0,False,2026-03-29 18:19:11,2026-03-29 18:19:11
148,279,192,2026-04-26 13:41:57,collab-v1.3,False,2026-04-26 13:41:57,2026-04-26 13:41:57
149,169,89,2026-04-04 20:51:46,content-based-v2.0,False,2026-04-04 20:51:46,2026-04-04 20:51:46
150,426,318,2026-04-16 04:27:58,collab-v1.3,False,2026-04-16 04:27:58,2026-04-16 04:27:58
151,475,440,2026-04-04 23:06:15,hybrid-v1.0,False,2026-04-04 23:06:15,2026-04-04 23:06:15
152,885,335,2026-03-05 11:30:19,collab-v1.3,False,2026-03-05 11:30:19,2026-03-05 11:30:19
153,663,539,2025-12-08 09:14:38,hybrid-v1.0,False,2025-12-08 09:14:38,2025-12-08 09:14:38
154,690,55,2025-11-15 17:24:23,hybrid-v1.0,False,2025-11-15 17:24:23,2025-11-15 17:24:23
155,422,288,2025-06-25 13:56:23,collab-v1.2,False,2025-06-25 13:56:23,2025-06-25 13:56:23
156,326,58,2025-12-27 03:31:00,content-based-v2.0,False,2025-12-27 03:31:00,2025-12-27 03:31:00
157,752,199,2025-08-01 21:43:41,content-based-v2.0,False,2025-08-01 21:43:41,2025-08-01 21:43:41
158,430,112,2026-04-05 00:16:45,collab-v1.2,False,2026-04-05 00:16:45,2026-04-05 00:16:45
159,255,219,2025-11-19 16:26:13,collab-v1.3,False,2025-11-19 16:26:13,2025-11-19 16:26:13
160,383,165,2026-01-04 05:06:17,collab-v1.3,False,2026-01-04 05:06:17,2026-01-04 05:06:17
161,656,331,2025-08-30 06:01:23,hybrid-v1.0,False,2025-08-30 06:01:23,2025-08-30 06:01:23
162,149,333,2025-06-12 19:17:05,collab-v1.3,True,2025-06-12 19:17:05,2025-06-12 19:17:05
163,26,596,2025-08-14 07:17:12,collab-v1.2,False,2025-08-14 07:17:12,2025-08-14 07:17:12
164,620,335,2026-05-31 03:27:46,collab-v1.2,False,2026-05-31 03:27:46,2026-05-31 03:27:46
165,424,420,2026-05-04 21:13:31,hybrid-v1.0,False,2026-05-04 21:13:31,2026-05-04 21:13:31
166,943,163,2025-10-26 20:27:33,content-based-v2.0,False,2025-10-26 20:27:33,2025-10-26 20:27:33
167,961,138,2025-12-12 00:54:44,collab-v1.2,False,2025-12-12 00:54:44,2025-12-12 00:54:44
168,927,322,2025-12-14 22:30:09,collab-v1.2,False,2025-12-14 22:30:09,2025-12-14 22:30:09
169,621,260,2025-12-04 18:19:34,hybrid-v1.0,True,2025-12-04 18:19:34,2025-12-04 18:19:34
170,40,586,2026-04-25 22:54:15,hybrid-v1.0,False,2026-04-25 22:54:15,2026-04-25 22:54:15
171,901,551,2025-12-29 03:47:45,content-based-v2.0,False,2025-12-29 03:47:45,2025-12-29 03:47:45
172,763,438,2025-10-29 05:32:16,collab-v1.2,False,2025-10-29 05:32:16,2025-10-29 05:32:16
173,5,211,2025-07-10 22:46:37,collab-v1.3,False,2025-07-10 22:46:37,2025-07-10 22:46:37
174,254,180,2026-03-24 10:43:22,content-based-v2.0,False,2026-03-24 10:43:22,2026-03-24 10:43:22
175,573,345,2026-04-04 09:17:43,collab-v1.2,False,2026-04-04 09:17:43,2026-04-04 09:17:43
176,317,43,2026-04-05 11:28:22,hybrid-v1.0,True,2026-04-05 11:28:22,2026-04-05 11:28:22
177,271,479,2025-09-07 02:35:04,collab-v1.2,True,2025-09-07 02:35:04,2025-09-07 02:35:04
178,982,245,2026-06-01 20:22:00,content-based-v2.0,False,2026-06-01 20:22:00,2026-06-01 20:22:00
179,646,593,2026-02-20 07:57:16,content-based-v2.0,False,2026-02-20 07:57:16,2026-02-20 07:57:16
180,11,177,2026-01-14 19:13:38,hybrid-v1.0,False,2026-01-14 19:13:38,2026-01-14 19:13:38
181,784,227,2025-07-23 18:55:13,hybrid-v1.0,False,2025-07-23 18:55:13,2025-07-23 18:55:13
182,417,166,2026-04-08 05:27:25,collab-v1.2,True,2026-04-08 05:27:25,2026-04-08 05:27:25
183,342,562,2026-05-10 13:51:39,hybrid-v1.0,False,2026-05-10 13:51:39,2026-05-10 13:51:39
184,412,62,2026-04-18 11:48:25,collab-v1.2,False,2026-04-18 11:48:25,2026-04-18 11:48:25
185,319,215,2026-02-03 00:57:38,collab-v1.3,False,2026-02-03 00:57:38,2026-02-03 00:57:38
186,512,162,2025-11-24 20:03:57,content-based-v2.0,False,2025-11-24 20:03:57,2025-11-24 20:03:57
187,197,184,2026-04-25 11:57:15,content-based-v2.0,False,2026-04-25 11:57:15,2026-04-25 11:57:15
188,218,530,2026-05-31 01:05:36,collab-v1.2,False,2026-05-31 01:05:36,2026-05-31 01:05:36
189,800,98,2026-01-18 15:00:46,content-based-v2.0,False,2026-01-18 15:00:46,2026-01-18 15:00:46
190,62,460,2026-05-22 17:15:34,content-based-v2.0,True,2026-05-22 17:15:34,2026-05-22 17:15:34
191,205,371,2025-10-21 21:25:49,content-based-v2.0,False,2025-10-21 21:25:49,2025-10-21 21:25:49
192,615,310,2025-11-13 05:43:39,hybrid-v1.0,False,2025-11-13 05:43:39,2025-11-13 05:43:39
193,950,97,2026-02-16 20:10:24,collab-v1.2,False,2026-02-16 20:10:24,2026-02-16 20:10:24
194,197,273,2026-01-01 13:47:20,collab-v1.3,True,2026-01-01 13:47:20,2026-01-01 13:47:20
195,466,537,2026-04-14 21:56:34,collab-v1.3,False,2026-04-14 21:56:34,2026-04-14 21:56:34
196,332,511,2026-03-28 06:40:26,collab-v1.3,False,2026-03-28 06:40:26,2026-03-28 06:40:26
197,99,180,2026-04-04 08:59:29,hybrid-v1.0,False,2026-04-04 08:59:29,2026-04-04 08:59:29
198,38,66,2025-11-10 16:05:49,content-based-v2.0,False,2025-11-10 16:05:49,2025-11-10 16:05:49
199,231,432,2026-03-16 23:02:50,collab-v1.3,False,2026-03-16 23:02:50,2026-03-16 23:02:50
200,759,478,2025-10-27 10:11:01,collab-v1.2,False,2025-10-27 10:11:01,2025-10-27 10:11:01
201,251,542,2025-09-14 11:46:49,hybrid-v1.0,False,2025-09-14 11:46:49,2025-09-14 11:46:49
202,620,339,2025-11-11 06:46:06,hybrid-v1.0,False,2025-11-11 06:46:06,2025-11-11 06:46:06
203,938,87,2025-09-04 19:03:10,content-based-v2.0,True,2025-09-04 19:03:10,2025-09-04 19:03:10
204,814,521,2026-01-27 04:16:06,collab-v1.2,False,2026-01-27 04:16:06,2026-01-27 04:16:06
205,755,370,2025-08-18 18:51:57,collab-v1.2,False,2025-08-18 18:51:57,2025-08-18 18:51:57
206,819,72,2025-09-20 09:06:02,collab-v1.2,False,2025-09-20 09:06:02,2025-09-20 09:06:02
207,547,541,2025-12-29 17:42:48,content-based-v2.0,False,2025-12-29 17:42:48,2025-12-29 17:42:48
208,908,46,2025-06-08 15:50:42,hybrid-v1.0,False,2025-06-08 15:50:42,2025-06-08 15:50:42
209,318,126,2026-05-06 14:50:43,hybrid-v1.0,False,2026-05-06 14:50:43,2026-05-06 14:50:43
210,740,596,2025-06-20 03:31:44,collab-v1.2,True,2025-06-20 03:31:44,2025-06-20 03:31:44
211,924,497,2025-07-24 16:04:21,collab-v1.3,True,2025-07-24 16:04:21,2025-07-24 16:04:21
212,40,63,2026-03-17 04:08:31,collab-v1.3,False,2026-03-17 04:08:31,2026-03-17 04:08:31
213,24,268,2025-10-12 23:18:38,hybrid-v1.0,False,2025-10-12 23:18:38,2025-10-12 23:18:38
214,211,287,2025-12-02 02:15:57,collab-v1.2,False,2025-12-02 02:15:57,2025-12-02 02:15:57
215,788,281,2026-05-21 15:49:34,content-based-v2.0,False,2026-05-21 15:49:34,2026-05-21 15:49:34
216,445,131,2026-01-28 14:56:17,content-based-v2.0,False,2026-01-28 14:56:17,2026-01-28 14:56:17
217,862,258,2025-08-05 13:47:59,hybrid-v1.0,False,2025-08-05 13:47:59,2025-08-05 13:47:59
218,25,63,2025-08-17 07:24:32,collab-v1.2,False,2025-08-17 07:24:32,2025-08-17 07:24:32
219,312,143,2025-10-13 05:06:31,content-based-v2.0,True,2025-10-13 05:06:31,2025-10-13 05:06:31
220,260,469,2026-03-26 16:05:35,hybrid-v1.0,False,2026-03-26 16:05:35,2026-03-26 16:05:35
221,733,284,2025-07-18 18:21:25,collab-v1.2,False,2025-07-18 18:21:25,2025-07-18 18:21:25
222,576,245,2026-04-05 19:48:25,collab-v1.3,False,2026-04-05 19:48:25,2026-04-05 19:48:25
223,645,485,2025-09-18 04:24:56,collab-v1.3,False,2025-09-18 04:24:56,2025-09-18 04:24:56
224,760,336,2025-12-22 05:37:48,collab-v1.2,False,2025-12-22 05:37:48,2025-12-22 05:37:48
225,670,372,2025-12-02 04:14:26,hybrid-v1.0,True,2025-12-02 04:14:26,2025-12-02 04:14:26
226,395,464,2025-12-27 05:02:22,collab-v1.2,True,2025-12-27 05:02:22,2025-12-27 05:02:22
227,772,455,2025-10-01 07:43:23,collab-v1.3,False,2025-10-01 07:43:23,2025-10-01 07:43:23
228,792,221,2025-11-22 22:49:41,content-based-v2.0,False,2025-11-22 22:49:41,2025-11-22 22:49:41
229,477,354,2025-07-30 23:39:40,hybrid-v1.0,False,2025-07-30 23:39:40,2025-07-30 23:39:40
230,108,264,2026-04-22 17:06:33,collab-v1.3,False,2026-04-22 17:06:33,2026-04-22 17:06:33
231,889,496,2025-06-29 16:44:16,collab-v1.2,False,2025-06-29 16:44:16,2025-06-29 16:44:16
232,473,96,2025-12-25 04:29:28,collab-v1.2,False,2025-12-25 04:29:28,2025-12-25 04:29:28
233,183,19,2025-06-24 13:24:34,content-based-v2.0,True,2025-06-24 13:24:34,2025-06-24 13:24:34
234,159,138,2025-08-18 03:10:36,hybrid-v1.0,True,2025-08-18 03:10:36,2025-08-18 03:10:36
235,441,554,2026-05-12 23:09:25,hybrid-v1.0,False,2026-05-12 23:09:25,2026-05-12 23:09:25
236,716,132,2026-05-22 00:03:42,hybrid-v1.0,False,2026-05-22 00:03:42,2026-05-22 00:03:42
237,11,571,2025-10-29 16:58:26,collab-v1.3,True,2025-10-29 16:58:26,2025-10-29 16:58:26
238,717,171,2026-04-04 00:45:32,collab-v1.2,False,2026-04-04 00:45:32,2026-04-04 00:45:32
239,382,578,2026-05-26 09:50:40,content-based-v2.0,False,2026-05-26 09:50:40,2026-05-26 09:50:40
240,508,226,2026-05-14 03:10:16,collab-v1.2,False,2026-05-14 03:10:16,2026-05-14 03:10:16
241,474,317,2026-03-24 05:19:17,collab-v1.3,False,2026-03-24 05:19:17,2026-03-24 05:19:17
242,461,137,2026-02-18 09:36:34,collab-v1.2,False,2026-02-18 09:36:34,2026-02-18 09:36:34
243,598,577,2025-09-08 03:09:36,content-based-v2.0,False,2025-09-08 03:09:36,2025-09-08 03:09:36
244,715,30,2025-06-22 19:07:58,collab-v1.2,False,2025-06-22 19:07:58,2025-06-22 19:07:58
245,79,406,2025-08-08 21:06:11,hybrid-v1.0,False,2025-08-08 21:06:11,2025-08-08 21:06:11
246,914,319,2026-02-25 02:30:03,collab-v1.2,False,2026-02-25 02:30:03,2026-02-25 02:30:03
247,195,337,2025-11-18 01:31:06,collab-v1.3,False,2025-11-18 01:31:06,2025-11-18 01:31:06
248,126,554,2025-07-15 19:01:33,hybrid-v1.0,False,2025-07-15 19:01:33,2025-07-15 19:01:33
249,113,276,2025-07-08 15:01:47,collab-v1.2,False,2025-07-08 15:01:47,2025-07-08 15:01:47
250,362,9,2026-02-15 05:29:15,content-based-v2.0,False,2026-02-15 05:29:15,2026-02-15 05:29:15
251,29,22,2025-09-09 00:41:45,hybrid-v1.0,False,2025-09-09 00:41:45,2025-09-09 00:41:45
252,416,594,2025-08-15 07:49:01,hybrid-v1.0,False,2025-08-15 07:49:01,2025-08-15 07:49:01
253,780,569,2025-06-22 19:05:02,collab-v1.2,True,2025-06-22 19:05:02,2025-06-22 19:05:02
254,73,360,2025-10-09 15:53:48,hybrid-v1.0,False,2025-10-09 15:53:48,2025-10-09 15:53:48
255,489,302,2026-01-28 01:06:14,collab-v1.2,False,2026-01-28 01:06:14,2026-01-28 01:06:14
256,243,541,2025-12-20 21:52:07,collab-v1.3,False,2025-12-20 21:52:07,2025-12-20 21:52:07
257,879,203,2025-07-20 10:06:46,collab-v1.2,True,2025-07-20 10:06:46,2025-07-20 10:06:46
258,76,111,2025-06-06 15:01:46,collab-v1.3,False,2025-06-06 15:01:46,2025-06-06 15:01:46
259,317,145,2026-04-07 04:16:46,hybrid-v1.0,True,2026-04-07 04:16:46,2026-04-07 04:16:46
260,851,594,2025-06-11 04:10:49,collab-v1.3,False,2025-06-11 04:10:49,2025-06-11 04:10:49
261,650,495,2026-01-11 22:29:47,collab-v1.3,False,2026-01-11 22:29:47,2026-01-11 22:29:47
262,503,253,2026-04-20 05:50:00,hybrid-v1.0,True,2026-04-20 05:50:00,2026-04-20 05:50:00
263,125,578,2025-07-03 12:53:17,content-based-v2.0,False,2025-07-03 12:53:17,2025-07-03 12:53:17
264,727,259,2025-10-04 08:59:18,hybrid-v1.0,False,2025-10-04 08:59:18,2025-10-04 08:59:18
265,776,464,2025-08-08 19:22:22,collab-v1.3,False,2025-08-08 19:22:22,2025-08-08 19:22:22
266,157,495,2025-08-10 04:43:14,collab-v1.3,False,2025-08-10 04:43:14,2025-08-10 04:43:14
267,632,166,2025-11-24 20:40:07,collab-v1.3,False,2025-11-24 20:40:07,2025-11-24 20:40:07
268,877,18,2025-11-14 06:35:34,content-based-v2.0,False,2025-11-14 06:35:34,2025-11-14 06:35:34
269,92,138,2026-02-05 17:26:43,content-based-v2.0,False,2026-02-05 17:26:43,2026-02-05 17:26:43
270,441,223,2025-08-26 22:20:04,content-based-v2.0,True,2025-08-26 22:20:04,2025-08-26 22:20:04
271,217,523,2025-07-10 03:21:53,collab-v1.2,False,2025-07-10 03:21:53,2025-07-10 03:21:53
272,167,236,2026-05-04 16:44:53,hybrid-v1.0,False,2026-05-04 16:44:53,2026-05-04 16:44:53
273,691,124,2026-03-24 01:41:49,content-based-v2.0,False,2026-03-24 01:41:49,2026-03-24 01:41:49
274,516,351,2026-04-17 18:43:04,collab-v1.3,False,2026-04-17 18:43:04,2026-04-17 18:43:04
275,650,318,2025-10-20 16:47:35,collab-v1.3,False,2025-10-20 16:47:35,2025-10-20 16:47:35
276,931,530,2026-04-25 22:28:20,collab-v1.2,False,2026-04-25 22:28:20,2026-04-25 22:28:20
277,455,587,2026-02-13 13:23:51,collab-v1.2,False,2026-02-13 13:23:51,2026-02-13 13:23:51
278,46,284,2026-04-22 17:11:20,hybrid-v1.0,True,2026-04-22 17:11:20,2026-04-22 17:11:20
279,886,216,2025-11-06 12:32:37,collab-v1.2,False,2025-11-06 12:32:37,2025-11-06 12:32:37
280,539,511,2025-10-30 10:08:33,collab-v1.2,False,2025-10-30 10:08:33,2025-10-30 10:08:33
281,273,68,2025-08-31 21:53:47,collab-v1.3,True,2025-08-31 21:53:47,2025-08-31 21:53:47
282,632,509,2026-01-31 06:57:31,collab-v1.2,False,2026-01-31 06:57:31,2026-01-31 06:57:31
283,57,88,2025-10-28 03:27:11,hybrid-v1.0,False,2025-10-28 03:27:11,2025-10-28 03:27:11
284,244,598,2026-01-12 03:49:23,collab-v1.3,False,2026-01-12 03:49:23,2026-01-12 03:49:23
285,20,256,2026-01-05 20:29:56,hybrid-v1.0,False,2026-01-05 20:29:56,2026-01-05 20:29:56
286,381,135,2026-02-23 11:05:59,collab-v1.2,False,2026-02-23 11:05:59,2026-02-23 11:05:59
287,892,197,2025-08-13 10:35:10,hybrid-v1.0,False,2025-08-13 10:35:10,2025-08-13 10:35:10
288,591,231,2025-10-12 03:09:41,hybrid-v1.0,False,2025-10-12 03:09:41,2025-10-12 03:09:41
289,287,278,2025-11-30 16:21:00,collab-v1.2,False,2025-11-30 16:21:00,2025-11-30 16:21:00
290,197,577,2025-09-10 06:25:25,hybrid-v1.0,True,2025-09-10 06:25:25,2025-09-10 06:25:25
291,336,410,2026-03-17 09:34:51,content-based-v2.0,True,2026-03-17 09:34:51,2026-03-17 09:34:51
292,528,22,2026-05-03 08:33:38,collab-v1.2,False,2026-05-03 08:33:38,2026-05-03 08:33:38
293,905,540,2025-06-24 02:52:17,hybrid-v1.0,False,2025-06-24 02:52:17,2025-06-24 02:52:17
294,274,579,2026-01-11 04:30:51,collab-v1.3,False,2026-01-11 04:30:51,2026-01-11 04:30:51
295,933,293,2026-04-16 01:05:05,collab-v1.2,False,2026-04-16 01:05:05,2026-04-16 01:05:05
296,875,18,2026-05-31 20:59:42,collab-v1.3,True,2026-05-31 20:59:42,2026-05-31 20:59:42
297,863,439,2025-09-01 17:40:20,content-based-v2.0,False,2025-09-01 17:40:20,2025-09-01 17:40:20
298,781,34,2026-02-06 06:52:56,collab-v1.3,False,2026-02-06 06:52:56,2026-02-06 06:52:56
299,27,228,2026-05-13 20:58:27,collab-v1.2,False,2026-05-13 20:58:27,2026-05-13 20:58:27
300,890,7,2025-07-25 09:07:44,content-based-v2.0,False,2025-07-25 09:07:44,2025-07-25 09:07:44
301,597,89,2025-07-02 12:03:44,collab-v1.3,False,2025-07-02 12:03:44,2025-07-02 12:03:44
302,284,151,2025-12-20 01:38:01,content-based-v2.0,False,2025-12-20 01:38:01,2025-12-20 01:38:01
303,247,226,2025-06-15 11:28:39,collab-v1.2,False,2025-06-15 11:28:39,2025-06-15 11:28:39
304,691,397,2025-07-22 08:19:40,collab-v1.3,False,2025-07-22 08:19:40,2025-07-22 08:19:40
305,683,524,2025-12-23 22:58:04,collab-v1.3,False,2025-12-23 22:58:04,2025-12-23 22:58:04
306,725,217,2025-09-13 20:13:06,collab-v1.3,False,2025-09-13 20:13:06,2025-09-13 20:13:06
307,478,546,2025-11-11 08:01:36,collab-v1.3,False,2025-11-11 08:01:36,2025-11-11 08:01:36
308,826,593,2025-10-17 21:07:03,hybrid-v1.0,True,2025-10-17 21:07:03,2025-10-17 21:07:03
309,668,297,2026-04-16 17:19:34,collab-v1.3,False,2026-04-16 17:19:34,2026-04-16 17:19:34
310,555,280,2025-12-09 21:18:20,collab-v1.3,False,2025-12-09 21:18:20,2025-12-09 21:18:20
311,472,286,2026-02-28 13:32:58,hybrid-v1.0,False,2026-02-28 13:32:58,2026-02-28 13:32:58
312,952,300,2025-08-20 01:04:34,collab-v1.3,True,2025-08-20 01:04:34,2025-08-20 01:04:34
313,708,23,2026-03-22 17:12:57,collab-v1.2,False,2026-03-22 17:12:57,2026-03-22 17:12:57
314,684,419,2025-11-26 17:12:45,collab-v1.2,False,2025-11-26 17:12:45,2025-11-26 17:12:45
315,650,162,2025-06-12 06:50:16,collab-v1.2,False,2025-06-12 06:50:16,2025-06-12 06:50:16
316,292,512,2025-11-04 14:50:34,content-based-v2.0,False,2025-11-04 14:50:34,2025-11-04 14:50:34
317,268,89,2026-05-01 01:55:07,collab-v1.3,False,2026-05-01 01:55:07,2026-05-01 01:55:07
318,368,582,2025-10-14 13:27:05,hybrid-v1.0,False,2025-10-14 13:27:05,2025-10-14 13:27:05
319,290,80,2025-12-05 18:39:12,collab-v1.3,False,2025-12-05 18:39:12,2025-12-05 18:39:12
320,260,588,2025-07-23 23:16:29,content-based-v2.0,False,2025-07-23 23:16:29,2025-07-23 23:16:29
321,321,358,2025-06-30 16:09:10,collab-v1.3,False,2025-06-30 16:09:10,2025-06-30 16:09:10
322,527,176,2025-10-29 12:37:27,collab-v1.2,False,2025-10-29 12:37:27,2025-10-29 12:37:27
323,531,164,2025-06-19 04:00:23,content-based-v2.0,False,2025-06-19 04:00:23,2025-06-19 04:00:23
324,564,167,2026-01-17 04:06:01,content-based-v2.0,True,2026-01-17 04:06:01,2026-01-17 04:06:01
325,178,371,2025-11-15 22:13:16,collab-v1.2,False,2025-11-15 22:13:16,2025-11-15 22:13:16
326,99,68,2026-05-12 10:42:59,collab-v1.3,True,2026-05-12 10:42:59,2026-05-12 10:42:59
327,496,540,2026-01-07 16:20:25,content-based-v2.0,True,2026-01-07 16:20:25,2026-01-07 16:20:25
328,503,532,2026-04-23 19:46:45,content-based-v2.0,True,2026-04-23 19:46:45,2026-04-23 19:46:45
329,694,517,2026-01-18 20:40:38,hybrid-v1.0,False,2026-01-18 20:40:38,2026-01-18 20:40:38
330,745,442,2025-08-13 20:49:40,hybrid-v1.0,False,2025-08-13 20:49:40,2025-08-13 20:49:40
331,838,185,2026-01-25 09:11:05,content-based-v2.0,False,2026-01-25 09:11:05,2026-01-25 09:11:05
332,897,238,2025-12-02 15:21:02,collab-v1.2,False,2025-12-02 15:21:02,2025-12-02 15:21:02
333,304,337,2025-08-11 11:34:21,content-based-v2.0,False,2025-08-11 11:34:21,2025-08-11 11:34:21
334,356,222,2025-10-14 09:14:47,collab-v1.3,False,2025-10-14 09:14:47,2025-10-14 09:14:47
335,622,119,2025-09-19 15:23:15,hybrid-v1.0,False,2025-09-19 15:23:15,2025-09-19 15:23:15
336,84,145,2026-04-13 12:46:31,hybrid-v1.0,False,2026-04-13 12:46:31,2026-04-13 12:46:31
337,462,69,2026-01-21 11:17:59,content-based-v2.0,False,2026-01-21 11:17:59,2026-01-21 11:17:59
338,232,377,2026-03-02 11:27:23,hybrid-v1.0,False,2026-03-02 11:27:23,2026-03-02 11:27:23
339,625,598,2025-11-25 13:45:08,content-based-v2.0,False,2025-11-25 13:45:08,2025-11-25 13:45:08
340,384,338,2025-08-19 15:08:27,hybrid-v1.0,False,2025-08-19 15:08:27,2025-08-19 15:08:27
341,465,255,2025-09-18 12:00:55,content-based-v2.0,True,2025-09-18 12:00:55,2025-09-18 12:00:55
342,739,217,2026-04-27 13:19:46,content-based-v2.0,True,2026-04-27 13:19:46,2026-04-27 13:19:46
343,989,188,2025-08-14 01:31:39,collab-v1.3,False,2025-08-14 01:31:39,2025-08-14 01:31:39
344,151,207,2026-05-07 17:43:13,hybrid-v1.0,False,2026-05-07 17:43:13,2026-05-07 17:43:13
345,59,156,2026-01-02 17:34:01,content-based-v2.0,False,2026-01-02 17:34:01,2026-01-02 17:34:01
346,83,429,2026-05-06 07:18:29,hybrid-v1.0,False,2026-05-06 07:18:29,2026-05-06 07:18:29
347,133,16,2026-03-24 05:58:03,content-based-v2.0,False,2026-03-24 05:58:03,2026-03-24 05:58:03
348,650,576,2025-10-17 17:34:36,collab-v1.3,False,2025-10-17 17:34:36,2025-10-17 17:34:36
349,604,507,2026-02-17 14:45:25,collab-v1.2,True,2026-02-17 14:45:25,2026-02-17 14:45:25
350,922,9,2026-04-13 10:21:30,content-based-v2.0,False,2026-04-13 10:21:30,2026-04-13 10:21:30
351,776,390,2025-07-02 01:42:24,content-based-v2.0,False,2025-07-02 01:42:24,2025-07-02 01:42:24
352,821,63,2025-12-09 12:09:13,content-based-v2.0,True,2025-12-09 12:09:13,2025-12-09 12:09:13
353,511,38,2025-08-28 07:41:26,collab-v1.3,False,2025-08-28 07:41:26,2025-08-28 07:41:26
354,518,144,2025-08-01 03:08:37,collab-v1.2,False,2025-08-01 03:08:37,2025-08-01 03:08:37
355,884,141,2026-04-27 16:52:03,content-based-v2.0,False,2026-04-27 16:52:03,2026-04-27 16:52:03
356,248,564,2025-08-09 11:59:15,hybrid-v1.0,False,2025-08-09 11:59:15,2025-08-09 11:59:15
357,930,528,2025-08-14 08:01:24,hybrid-v1.0,False,2025-08-14 08:01:24,2025-08-14 08:01:24
358,109,528,2025-11-21 04:00:13,content-based-v2.0,False,2025-11-21 04:00:13,2025-11-21 04:00:13
359,738,374,2025-08-15 15:52:24,collab-v1.3,False,2025-08-15 15:52:24,2025-08-15 15:52:24
360,605,593,2026-01-26 17:36:57,collab-v1.2,True,2026-01-26 17:36:57,2026-01-26 17:36:57
361,127,572,2026-02-24 09:21:01,content-based-v2.0,False,2026-02-24 09:21:01,2026-02-24 09:21:01
362,354,557,2026-01-19 05:30:44,content-based-v2.0,False,2026-01-19 05:30:44,2026-01-19 05:30:44
363,233,168,2026-05-23 09:26:24,collab-v1.3,False,2026-05-23 09:26:24,2026-05-23 09:26:24
364,517,208,2026-01-27 15:04:34,hybrid-v1.0,False,2026-01-27 15:04:34,2026-01-27 15:04:34
365,562,139,2025-07-27 22:31:20,hybrid-v1.0,False,2025-07-27 22:31:20,2025-07-27 22:31:20
366,718,301,2025-10-09 10:13:10,hybrid-v1.0,False,2025-10-09 10:13:10,2025-10-09 10:13:10
367,580,293,2025-11-11 07:48:23,hybrid-v1.0,False,2025-11-11 07:48:23,2025-11-11 07:48:23
368,908,541,2025-08-20 12:16:38,collab-v1.2,False,2025-08-20 12:16:38,2025-08-20 12:16:38
369,590,313,2026-01-07 13:14:02,hybrid-v1.0,True,2026-01-07 13:14:02,2026-01-07 13:14:02
370,335,268,2026-05-29 12:48:56,collab-v1.3,False,2026-05-29 12:48:56,2026-05-29 12:48:56
371,282,238,2026-02-24 07:24:19,collab-v1.3,False,2026-02-24 07:24:19,2026-02-24 07:24:19
372,91,166,2026-04-05 04:29:26,hybrid-v1.0,False,2026-04-05 04:29:26,2026-04-05 04:29:26
373,709,331,2026-01-29 02:29:00,hybrid-v1.0,False,2026-01-29 02:29:00,2026-01-29 02:29:00
374,143,332,2026-03-14 00:49:54,hybrid-v1.0,False,2026-03-14 00:49:54,2026-03-14 00:49:54
375,165,206,2025-09-27 06:53:00,collab-v1.2,False,2025-09-27 06:53:00,2025-09-27 06:53:00
376,825,172,2025-11-18 19:23:55,hybrid-v1.0,False,2025-11-18 19:23:55,2025-11-18 19:23:55
377,811,56,2026-04-03 01:08:46,collab-v1.3,False,2026-04-03 01:08:46,2026-04-03 01:08:46
378,314,161,2025-10-18 01:01:28,content-based-v2.0,False,2025-10-18 01:01:28,2025-10-18 01:01:28
379,726,190,2026-05-15 01:17:52,collab-v1.2,False,2026-05-15 01:17:52,2026-05-15 01:17:52
380,543,103,2025-09-28 13:54:13,content-based-v2.0,False,2025-09-28 13:54:13,2025-09-28 13:54:13
381,217,268,2026-04-20 01:00:06,collab-v1.2,False,2026-04-20 01:00:06,2026-04-20 01:00:06
382,849,471,2025-09-04 21:03:51,collab-v1.3,False,2025-09-04 21:03:51,2025-09-04 21:03:51
383,63,324,2025-11-21 18:53:39,collab-v1.3,False,2025-11-21 18:53:39,2025-11-21 18:53:39
384,866,137,2025-11-10 20:24:52,content-based-v2.0,False,2025-11-10 20:24:52,2025-11-10 20:24:52
385,187,447,2025-12-06 18:07:56,content-based-v2.0,True,2025-12-06 18:07:56,2025-12-06 18:07:56
386,45,370,2026-02-08 23:10:45,collab-v1.3,False,2026-02-08 23:10:45,2026-02-08 23:10:45
387,705,114,2025-08-19 12:59:55,hybrid-v1.0,False,2025-08-19 12:59:55,2025-08-19 12:59:55
388,858,376,2025-09-25 17:17:57,collab-v1.3,False,2025-09-25 17:17:57,2025-09-25 17:17:57
389,77,561,2025-10-20 18:28:27,collab-v1.3,False,2025-10-20 18:28:27,2025-10-20 18:28:27
390,106,210,2025-09-03 11:09:36,collab-v1.3,False,2025-09-03 11:09:36,2025-09-03 11:09:36
391,52,229,2026-04-19 08:29:16,content-based-v2.0,True,2026-04-19 08:29:16,2026-04-19 08:29:16
392,164,201,2025-09-29 15:15:35,collab-v1.3,False,2025-09-29 15:15:35,2025-09-29 15:15:35
393,996,531,2026-03-30 06:50:29,hybrid-v1.0,False,2026-03-30 06:50:29,2026-03-30 06:50:29
394,412,568,2025-07-30 13:09:54,collab-v1.3,True,2025-07-30 13:09:54,2025-07-30 13:09:54
395,980,355,2025-12-31 03:51:59,content-based-v2.0,False,2025-12-31 03:51:59,2025-12-31 03:51:59
396,959,452,2025-11-01 08:48:06,collab-v1.2,False,2025-11-01 08:48:06,2025-11-01 08:48:06
397,96,426,2025-07-15 02:31:10,collab-v1.3,False,2025-07-15 02:31:10,2025-07-15 02:31:10
398,777,224,2025-12-17 15:33:49,content-based-v2.0,False,2025-12-17 15:33:49,2025-12-17 15:33:49
399,682,350,2025-12-23 10:15:44,collab-v1.2,False,2025-12-23 10:15:44,2025-12-23 10:15:44
400,184,474,2026-02-07 18:31:40,content-based-v2.0,False,2026-02-07 18:31:40,2026-02-07 18:31:40
401,488,42,2026-04-27 22:21:39,content-based-v2.0,False,2026-04-27 22:21:39,2026-04-27 22:21:39
402,477,390,2025-09-05 15:05:07,content-based-v2.0,False,2025-09-05 15:05:07,2025-09-05 15:05:07
403,78,512,2025-08-19 21:35:34,content-based-v2.0,False,2025-08-19 21:35:34,2025-08-19 21:35:34
404,591,51,2025-10-10 16:16:51,collab-v1.3,False,2025-10-10 16:16:51,2025-10-10 16:16:51
405,986,102,2025-06-13 04:26:02,content-based-v2.0,True,2025-06-13 04:26:02,2025-06-13 04:26:02
406,889,281,2025-11-20 08:26:00,content-based-v2.0,False,2025-11-20 08:26:00,2025-11-20 08:26:00
407,418,135,2025-08-04 16:18:00,collab-v1.3,False,2025-08-04 16:18:00,2025-08-04 16:18:00
408,515,289,2025-06-16 01:08:25,collab-v1.2,False,2025-06-16 01:08:25,2025-06-16 01:08:25
409,700,270,2025-08-01 00:13:22,hybrid-v1.0,True,2025-08-01 00:13:22,2025-08-01 00:13:22
410,316,511,2026-01-21 04:20:55,collab-v1.2,False,2026-01-21 04:20:55,2026-01-21 04:20:55
411,867,320,2026-03-19 23:28:38,collab-v1.2,True,2026-03-19 23:28:38,2026-03-19 23:28:38
412,699,45,2025-08-24 13:40:37,collab-v1.2,False,2025-08-24 13:40:37,2025-08-24 13:40:37
413,564,524,2026-05-05 21:39:54,collab-v1.3,False,2026-05-05 21:39:54,2026-05-05 21:39:54
414,67,536,2025-09-02 13:58:48,content-based-v2.0,False,2025-09-02 13:58:48,2025-09-02 13:58:48
415,447,286,2026-01-25 05:10:29,content-based-v2.0,False,2026-01-25 05:10:29,2026-01-25 05:10:29
416,443,372,2026-03-24 10:32:37,hybrid-v1.0,True,2026-03-24 10:32:37,2026-03-24 10:32:37
417,525,82,2025-08-14 22:26:54,hybrid-v1.0,False,2025-08-14 22:26:54,2025-08-14 22:26:54
418,514,295,2025-12-04 02:43:25,hybrid-v1.0,True,2025-12-04 02:43:25,2025-12-04 02:43:25
419,181,15,2025-10-31 22:07:15,hybrid-v1.0,False,2025-10-31 22:07:15,2025-10-31 22:07:15
420,787,306,2025-09-15 16:01:11,hybrid-v1.0,False,2025-09-15 16:01:11,2025-09-15 16:01:11
421,535,316,2026-03-07 14:07:22,collab-v1.2,False,2026-03-07 14:07:22,2026-03-07 14:07:22
422,72,178,2026-02-09 06:46:16,hybrid-v1.0,False,2026-02-09 06:46:16,2026-02-09 06:46:16
423,517,559,2025-11-06 13:31:21,collab-v1.3,False,2025-11-06 13:31:21,2025-11-06 13:31:21
424,849,111,2026-05-22 05:42:13,content-based-v2.0,False,2026-05-22 05:42:13,2026-05-22 05:42:13
425,339,157,2025-11-09 20:50:46,content-based-v2.0,True,2025-11-09 20:50:46,2025-11-09 20:50:46
426,520,191,2026-03-18 06:50:15,content-based-v2.0,True,2026-03-18 06:50:15,2026-03-18 06:50:15
427,759,8,2026-03-17 21:17:42,content-based-v2.0,False,2026-03-17 21:17:42,2026-03-17 21:17:42
428,77,23,2026-01-11 20:04:29,collab-v1.3,False,2026-01-11 20:04:29,2026-01-11 20:04:29
429,74,509,2025-11-12 10:36:20,hybrid-v1.0,False,2025-11-12 10:36:20,2025-11-12 10:36:20
430,816,148,2025-08-02 02:37:06,content-based-v2.0,False,2025-08-02 02:37:06,2025-08-02 02:37:06
431,498,324,2026-04-07 21:06:14,collab-v1.2,False,2026-04-07 21:06:14,2026-04-07 21:06:14
432,472,212,2025-12-01 12:44:25,collab-v1.2,False,2025-12-01 12:44:25,2025-12-01 12:44:25
433,136,98,2026-04-19 22:28:55,content-based-v2.0,True,2026-04-19 22:28:55,2026-04-19 22:28:55
434,895,223,2025-07-16 20:23:22,collab-v1.3,False,2025-07-16 20:23:22,2025-07-16 20:23:22
435,527,362,2025-07-31 15:00:36,content-based-v2.0,False,2025-07-31 15:00:36,2025-07-31 15:00:36
436,151,392,2025-09-03 19:13:18,collab-v1.3,False,2025-09-03 19:13:18,2025-09-03 19:13:18
437,860,210,2025-09-30 21:40:08,collab-v1.2,False,2025-09-30 21:40:08,2025-09-30 21:40:08
438,967,299,2026-03-23 17:42:27,collab-v1.2,True,2026-03-23 17:42:27,2026-03-23 17:42:27
439,985,419,2026-02-23 06:56:17,content-based-v2.0,False,2026-02-23 06:56:17,2026-02-23 06:56:17
440,191,361,2025-06-10 00:40:05,collab-v1.3,False,2025-06-10 00:40:05,2025-06-10 00:40:05
441,716,82,2026-04-02 08:35:21,collab-v1.3,False,2026-04-02 08:35:21,2026-04-02 08:35:21
442,877,400,2025-08-22 18:15:23,content-based-v2.0,False,2025-08-22 18:15:23,2025-08-22 18:15:23
443,843,267,2025-09-05 00:40:15,collab-v1.3,False,2025-09-05 00:40:15,2025-09-05 00:40:15
444,241,491,2026-02-14 17:35:00,collab-v1.3,False,2026-02-14 17:35:00,2026-02-14 17:35:00
445,935,242,2026-02-08 11:38:07,collab-v1.3,False,2026-02-08 11:38:07,2026-02-08 11:38:07
446,820,405,2025-06-09 01:41:58,collab-v1.3,True,2025-06-09 01:41:58,2025-06-09 01:41:58
447,139,515,2025-10-20 16:30:35,content-based-v2.0,False,2025-10-20 16:30:35,2025-10-20 16:30:35
448,990,536,2025-06-26 11:58:08,collab-v1.2,False,2025-06-26 11:58:08,2025-06-26 11:58:08
449,988,168,2025-08-11 09:00:57,collab-v1.2,False,2025-08-11 09:00:57,2025-08-11 09:00:57
450,988,266,2026-02-14 15:33:49,collab-v1.3,False,2026-02-14 15:33:49,2026-02-14 15:33:49
451,339,252,2025-12-02 20:08:31,collab-v1.2,False,2025-12-02 20:08:31,2025-12-02 20:08:31
452,146,563,2025-12-05 19:20:50,hybrid-v1.0,False,2025-12-05 19:20:50,2025-12-05 19:20:50
453,221,91,2025-12-22 14:55:44,collab-v1.2,False,2025-12-22 14:55:44,2025-12-22 14:55:44
454,390,172,2026-01-28 15:42:40,content-based-v2.0,False,2026-01-28 15:42:40,2026-01-28 15:42:40
455,551,360,2026-03-21 10:53:34,hybrid-v1.0,False,2026-03-21 10:53:34,2026-03-21 10:53:34
456,622,527,2025-06-20 23:36:08,collab-v1.3,False,2025-06-20 23:36:08,2025-06-20 23:36:08
457,895,434,2025-12-13 01:40:53,collab-v1.3,False,2025-12-13 01:40:53,2025-12-13 01:40:53
458,144,415,2026-05-09 22:58:20,content-based-v2.0,False,2026-05-09 22:58:20,2026-05-09 22:58:20
459,112,577,2026-01-26 01:11:26,content-based-v2.0,False,2026-01-26 01:11:26,2026-01-26 01:11:26
460,593,162,2025-06-08 09:17:23,content-based-v2.0,True,2025-06-08 09:17:23,2025-06-08 09:17:23
461,158,205,2025-07-28 22:03:44,collab-v1.2,False,2025-07-28 22:03:44,2025-07-28 22:03:44
462,834,252,2025-11-12 15:10:38,collab-v1.2,True,2025-11-12 15:10:38,2025-11-12 15:10:38
463,780,26,2025-07-21 16:25:57,content-based-v2.0,True,2025-07-21 16:25:57,2025-07-21 16:25:57
464,216,418,2026-03-23 09:50:58,content-based-v2.0,False,2026-03-23 09:50:58,2026-03-23 09:50:58
465,322,172,2026-02-06 04:19:05,content-based-v2.0,False,2026-02-06 04:19:05,2026-02-06 04:19:05
466,688,508,2026-04-30 22:17:10,collab-v1.3,True,2026-04-30 22:17:10,2026-04-30 22:17:10
467,61,36,2026-05-31 19:52:05,content-based-v2.0,False,2026-05-31 19:52:05,2026-05-31 19:52:05
468,579,398,2025-11-20 19:35:14,collab-v1.3,False,2025-11-20 19:35:14,2025-11-20 19:35:14
469,572,67,2025-12-10 13:50:42,content-based-v2.0,False,2025-12-10 13:50:42,2025-12-10 13:50:42
470,679,268,2026-02-20 04:24:04,collab-v1.3,False,2026-02-20 04:24:04,2026-02-20 04:24:04
471,252,416,2026-02-07 07:14:37,collab-v1.2,True,2026-02-07 07:14:37,2026-02-07 07:14:37
472,225,248,2026-02-07 18:11:38,collab-v1.3,False,2026-02-07 18:11:38,2026-02-07 18:11:38
473,450,139,2026-04-29 03:22:01,hybrid-v1.0,False,2026-04-29 03:22:01,2026-04-29 03:22:01
474,325,4,2026-05-18 20:24:57,content-based-v2.0,False,2026-05-18 20:24:57,2026-05-18 20:24:57
475,903,551,2026-01-16 08:39:35,collab-v1.2,True,2026-01-16 08:39:35,2026-01-16 08:39:35
476,11,403,2025-08-26 06:24:59,content-based-v2.0,False,2025-08-26 06:24:59,2025-08-26 06:24:59
477,635,356,2026-02-24 06:22:22,content-based-v2.0,False,2026-02-24 06:22:22,2026-02-24 06:22:22
478,669,176,2025-06-09 00:34:31,collab-v1.3,False,2025-06-09 00:34:31,2025-06-09 00:34:31
479,527,548,2026-04-30 23:44:18,collab-v1.3,False,2026-04-30 23:44:18,2026-04-30 23:44:18
480,368,280,2026-03-16 00:54:38,content-based-v2.0,False,2026-03-16 00:54:38,2026-03-16 00:54:38
481,797,111,2026-03-29 04:46:34,collab-v1.3,False,2026-03-29 04:46:34,2026-03-29 04:46:34
482,279,221,2026-04-12 08:20:11,collab-v1.3,False,2026-04-12 08:20:11,2026-04-12 08:20:11
483,289,489,2025-06-12 08:24:29,collab-v1.2,False,2025-06-12 08:24:29,2025-06-12 08:24:29
484,645,564,2026-05-19 11:47:52,collab-v1.3,False,2026-05-19 11:47:52,2026-05-19 11:47:52
485,471,506,2026-01-27 16:28:54,content-based-v2.0,False,2026-01-27 16:28:54,2026-01-27 16:28:54
486,765,392,2025-12-26 03:27:08,collab-v1.3,False,2025-12-26 03:27:08,2025-12-26 03:27:08
487,719,403,2026-02-21 14:44:10,collab-v1.3,False,2026-02-21 14:44:10,2026-02-21 14:44:10
488,692,232,2025-06-11 12:25:55,collab-v1.2,False,2025-06-11 12:25:55,2025-06-11 12:25:55
489,392,396,2025-11-01 22:50:04,collab-v1.2,False,2025-11-01 22:50:04,2025-11-01 22:50:04
490,795,480,2025-06-19 02:41:05,hybrid-v1.0,True,2025-06-19 02:41:05,2025-06-19 02:41:05
491,568,404,2025-11-18 22:06:32,content-based-v2.0,False,2025-11-18 22:06:32,2025-11-18 22:06:32
492,190,60,2025-06-10 02:35:52,hybrid-v1.0,False,2025-06-10 02:35:52,2025-06-10 02:35:52
493,510,420,2025-12-27 07:31:16,hybrid-v1.0,False,2025-12-27 07:31:16,2025-12-27 07:31:16
494,61,564,2025-12-14 22:45:46,collab-v1.3,False,2025-12-14 22:45:46,2025-12-14 22:45:46
495,413,375,2025-10-22 14:20:02,collab-v1.2,False,2025-10-22 14:20:02,2025-10-22 14:20:02
496,425,242,2025-09-23 08:51:42,hybrid-v1.0,False,2025-09-23 08:51:42,2025-09-23 08:51:42
497,12,159,2025-06-22 14:51:28,collab-v1.3,False,2025-06-22 14:51:28,2025-06-22 14:51:28
498,835,257,2025-11-06 23:07:36,content-based-v2.0,True,2025-11-06 23:07:36,2025-11-06 23:07:36
499,167,526,2025-08-11 21:28:01,hybrid-v1.0,True,2025-08-11 21:28:01,2025-08-11 21:28:01
500,727,14,2026-05-11 04:53:30,hybrid-v1.0,False,2026-05-11 04:53:30,2026-05-11 04:53:30
501,499,435,2026-01-27 09:50:55,collab-v1.3,True,2026-01-27 09:50:55,2026-01-27 09:50:55
502,890,440,2025-10-30 10:52:39,collab-v1.2,False,2025-10-30 10:52:39,2025-10-30 10:52:39
503,862,97,2025-12-16 04:43:47,collab-v1.2,False,2025-12-16 04:43:47,2025-12-16 04:43:47
504,309,408,2025-06-07 02:25:08,hybrid-v1.0,False,2025-06-07 02:25:08,2025-06-07 02:25:08
505,528,101,2026-03-18 05:01:42,collab-v1.2,False,2026-03-18 05:01:42,2026-03-18 05:01:42
506,692,294,2025-10-12 11:17:45,collab-v1.2,False,2025-10-12 11:17:45,2025-10-12 11:17:45
507,668,323,2025-08-10 07:49:45,content-based-v2.0,False,2025-08-10 07:49:45,2025-08-10 07:49:45
508,212,398,2025-09-27 11:53:13,content-based-v2.0,False,2025-09-27 11:53:13,2025-09-27 11:53:13
509,41,567,2025-09-11 03:55:08,collab-v1.3,True,2025-09-11 03:55:08,2025-09-11 03:55:08
510,339,128,2025-07-10 07:43:52,hybrid-v1.0,False,2025-07-10 07:43:52,2025-07-10 07:43:52
511,769,272,2025-06-08 11:42:24,collab-v1.3,False,2025-06-08 11:42:24,2025-06-08 11:42:24
512,170,500,2025-10-01 02:43:57,collab-v1.3,True,2025-10-01 02:43:57,2025-10-01 02:43:57
513,637,214,2026-05-12 15:46:17,collab-v1.2,False,2026-05-12 15:46:17,2026-05-12 15:46:17
514,302,237,2025-08-20 04:43:14,collab-v1.2,False,2025-08-20 04:43:14,2025-08-20 04:43:14
515,602,533,2025-07-09 05:22:28,content-based-v2.0,False,2025-07-09 05:22:28,2025-07-09 05:22:28
516,624,365,2025-08-23 19:00:39,collab-v1.2,False,2025-08-23 19:00:39,2025-08-23 19:00:39
517,17,326,2025-12-02 10:17:25,collab-v1.3,False,2025-12-02 10:17:25,2025-12-02 10:17:25
518,949,326,2026-05-16 21:44:10,hybrid-v1.0,False,2026-05-16 21:44:10,2026-05-16 21:44:10
519,774,436,2025-09-07 13:31:28,hybrid-v1.0,True,2025-09-07 13:31:28,2025-09-07 13:31:28
520,611,250,2025-12-21 07:45:32,content-based-v2.0,False,2025-12-21 07:45:32,2025-12-21 07:45:32
521,757,90,2026-05-28 11:47:15,hybrid-v1.0,False,2026-05-28 11:47:15,2026-05-28 11:47:15
522,369,359,2025-10-06 05:22:36,collab-v1.3,False,2025-10-06 05:22:36,2025-10-06 05:22:36
523,386,106,2026-03-01 18:13:06,collab-v1.3,False,2026-03-01 18:13:06,2026-03-01 18:13:06
524,143,35,2025-12-01 02:59:41,hybrid-v1.0,False,2025-12-01 02:59:41,2025-12-01 02:59:41
525,906,582,2025-07-16 14:55:49,content-based-v2.0,False,2025-07-16 14:55:49,2025-07-16 14:55:49
526,426,6,2025-06-25 05:16:17,content-based-v2.0,False,2025-06-25 05:16:17,2025-06-25 05:16:17
527,444,175,2026-03-10 09:20:12,collab-v1.3,False,2026-03-10 09:20:12,2026-03-10 09:20:12
528,121,380,2025-10-18 11:59:11,collab-v1.3,False,2025-10-18 11:59:11,2025-10-18 11:59:11
529,58,574,2025-07-17 02:00:07,collab-v1.2,False,2025-07-17 02:00:07,2025-07-17 02:00:07
530,87,4,2026-04-12 10:43:56,content-based-v2.0,False,2026-04-12 10:43:56,2026-04-12 10:43:56
531,631,548,2026-02-14 21:39:21,content-based-v2.0,False,2026-02-14 21:39:21,2026-02-14 21:39:21
532,607,541,2025-06-16 13:06:27,collab-v1.3,False,2025-06-16 13:06:27,2025-06-16 13:06:27
533,343,371,2025-11-15 07:05:26,content-based-v2.0,True,2025-11-15 07:05:26,2025-11-15 07:05:26
534,710,597,2026-03-07 00:33:01,content-based-v2.0,False,2026-03-07 00:33:01,2026-03-07 00:33:01
535,577,73,2026-02-02 09:12:34,collab-v1.3,False,2026-02-02 09:12:34,2026-02-02 09:12:34
536,59,2,2026-04-23 23:34:32,hybrid-v1.0,False,2026-04-23 23:34:32,2026-04-23 23:34:32
537,973,530,2026-03-21 13:36:22,content-based-v2.0,False,2026-03-21 13:36:22,2026-03-21 13:36:22
538,294,62,2025-07-22 00:22:36,content-based-v2.0,False,2025-07-22 00:22:36,2025-07-22 00:22:36
539,901,100,2025-10-23 21:38:13,collab-v1.2,False,2025-10-23 21:38:13,2025-10-23 21:38:13
540,926,69,2026-03-23 10:46:44,collab-v1.2,False,2026-03-23 10:46:44,2026-03-23 10:46:44
541,820,371,2025-09-01 20:20:25,content-based-v2.0,False,2025-09-01 20:20:25,2025-09-01 20:20:25
542,342,235,2025-11-12 08:00:29,content-based-v2.0,True,2025-11-12 08:00:29,2025-11-12 08:00:29
543,798,34,2025-10-09 00:17:38,collab-v1.3,False,2025-10-09 00:17:38,2025-10-09 00:17:38
544,518,521,2025-12-01 18:54:25,collab-v1.2,False,2025-12-01 18:54:25,2025-12-01 18:54:25
545,180,310,2026-02-08 21:10:10,content-based-v2.0,False,2026-02-08 21:10:10,2026-02-08 21:10:10
546,89,133,2025-09-15 13:54:40,content-based-v2.0,True,2025-09-15 13:54:40,2025-09-15 13:54:40
547,958,592,2025-12-06 04:14:14,collab-v1.3,False,2025-12-06 04:14:14,2025-12-06 04:14:14
548,2,438,2025-10-23 10:09:22,collab-v1.3,False,2025-10-23 10:09:22,2025-10-23 10:09:22
549,964,92,2025-08-03 17:59:05,collab-v1.2,False,2025-08-03 17:59:05,2025-08-03 17:59:05
550,235,110,2026-03-28 04:01:41,content-based-v2.0,False,2026-03-28 04:01:41,2026-03-28 04:01:41
551,602,106,2025-12-19 13:27:46,hybrid-v1.0,False,2025-12-19 13:27:46,2025-12-19 13:27:46
552,936,376,2025-08-01 20:17:25,hybrid-v1.0,True,2025-08-01 20:17:25,2025-08-01 20:17:25
553,654,412,2025-10-05 15:02:40,collab-v1.2,False,2025-10-05 15:02:40,2025-10-05 15:02:40
554,803,536,2026-02-24 20:28:33,content-based-v2.0,False,2026-02-24 20:28:33,2026-02-24 20:28:33
555,995,193,2026-01-15 23:17:49,collab-v1.3,False,2026-01-15 23:17:49,2026-01-15 23:17:49
556,889,298,2025-10-25 23:14:29,content-based-v2.0,True,2025-10-25 23:14:29,2025-10-25 23:14:29
557,329,7,2026-05-29 06:56:31,collab-v1.3,False,2026-05-29 06:56:31,2026-05-29 06:56:31
558,25,296,2025-06-21 13:02:01,collab-v1.2,False,2025-06-21 13:02:01,2025-06-21 13:02:01
559,37,258,2026-02-28 11:59:34,hybrid-v1.0,False,2026-02-28 11:59:34,2026-02-28 11:59:34
560,467,348,2025-06-17 19:24:17,collab-v1.2,False,2025-06-17 19:24:17,2025-06-17 19:24:17
561,371,396,2025-10-16 04:20:33,collab-v1.2,False,2025-10-16 04:20:33,2025-10-16 04:20:33
562,771,281,2025-08-08 19:23:49,collab-v1.3,True,2025-08-08 19:23:49,2025-08-08 19:23:49
563,280,576,2025-11-30 10:03:07,collab-v1.2,False,2025-11-30 10:03:07,2025-11-30 10:03:07
564,350,258,2025-09-22 12:11:05,hybrid-v1.0,False,2025-09-22 12:11:05,2025-09-22 12:11:05
565,56,530,2026-02-10 10:39:29,content-based-v2.0,False,2026-02-10 10:39:29,2026-02-10 10:39:29
566,416,390,2025-09-16 23:12:36,collab-v1.3,False,2025-09-16 23:12:36,2025-09-16 23:12:36
567,913,105,2025-06-07 22:16:21,content-based-v2.0,False,2025-06-07 22:16:21,2025-06-07 22:16:21
568,574,110,2026-01-01 03:13:10,hybrid-v1.0,False,2026-01-01 03:13:10,2026-01-01 03:13:10
569,216,329,2025-12-04 16:22:12,hybrid-v1.0,False,2025-12-04 16:22:12,2025-12-04 16:22:12
570,121,266,2025-11-05 15:30:33,collab-v1.3,True,2025-11-05 15:30:33,2025-11-05 15:30:33
571,547,200,2025-07-14 16:01:26,collab-v1.2,False,2025-07-14 16:01:26,2025-07-14 16:01:26
572,168,594,2026-02-24 04:54:03,content-based-v2.0,False,2026-02-24 04:54:03,2026-02-24 04:54:03
573,228,427,2026-01-15 23:09:50,content-based-v2.0,False,2026-01-15 23:09:50,2026-01-15 23:09:50
574,308,513,2026-03-21 12:06:01,content-based-v2.0,True,2026-03-21 12:06:01,2026-03-21 12:06:01
575,972,105,2026-04-03 04:25:11,content-based-v2.0,False,2026-04-03 04:25:11,2026-04-03 04:25:11
576,387,354,2025-11-06 05:35:39,content-based-v2.0,False,2025-11-06 05:35:39,2025-11-06 05:35:39
577,87,404,2025-08-21 05:18:35,hybrid-v1.0,True,2025-08-21 05:18:35,2025-08-21 05:18:35
578,752,551,2025-09-25 03:51:03,content-based-v2.0,False,2025-09-25 03:51:03,2025-09-25 03:51:03
579,838,592,2026-03-05 12:25:22,collab-v1.2,False,2026-03-05 12:25:22,2026-03-05 12:25:22
580,738,583,2025-10-06 15:53:43,content-based-v2.0,False,2025-10-06 15:53:43,2025-10-06 15:53:43
581,818,405,2025-07-20 15:46:59,collab-v1.3,False,2025-07-20 15:46:59,2025-07-20 15:46:59
582,778,183,2026-03-09 06:00:10,collab-v1.3,False,2026-03-09 06:00:10,2026-03-09 06:00:10
583,778,269,2025-11-19 09:14:26,hybrid-v1.0,False,2025-11-19 09:14:26,2025-11-19 09:14:26
584,439,560,2025-10-01 13:34:39,hybrid-v1.0,False,2025-10-01 13:34:39,2025-10-01 13:34:39
585,515,443,2025-08-24 09:41:09,hybrid-v1.0,False,2025-08-24 09:41:09,2025-08-24 09:41:09
586,147,491,2025-07-09 16:03:24,collab-v1.2,True,2025-07-09 16:03:24,2025-07-09 16:03:24
587,95,11,2025-12-26 09:36:50,content-based-v2.0,False,2025-12-26 09:36:50,2025-12-26 09:36:50
588,11,551,2026-04-09 15:13:20,collab-v1.2,False,2026-04-09 15:13:20,2026-04-09 15:13:20
589,953,141,2025-12-24 10:10:40,collab-v1.3,True,2025-12-24 10:10:40,2025-12-24 10:10:40
590,281,237,2026-02-06 05:14:11,hybrid-v1.0,False,2026-02-06 05:14:11,2026-02-06 05:14:11
591,662,543,2025-12-19 01:40:45,content-based-v2.0,False,2025-12-19 01:40:45,2025-12-19 01:40:45
592,702,408,2026-04-03 03:46:30,collab-v1.3,False,2026-04-03 03:46:30,2026-04-03 03:46:30
593,976,244,2025-06-11 18:32:49,collab-v1.3,False,2025-06-11 18:32:49,2025-06-11 18:32:49
594,807,490,2025-11-24 17:40:41,content-based-v2.0,False,2025-11-24 17:40:41,2025-11-24 17:40:41
595,943,384,2025-09-25 23:53:41,collab-v1.3,True,2025-09-25 23:53:41,2025-09-25 23:53:41
596,446,560,2025-07-10 00:31:50,content-based-v2.0,False,2025-07-10 00:31:50,2025-07-10 00:31:50
597,185,38,2025-06-15 01:18:52,hybrid-v1.0,False,2025-06-15 01:18:52,2025-06-15 01:18:52
598,777,199,2025-06-25 01:03:11,content-based-v2.0,True,2025-06-25 01:03:11,2025-06-25 01:03:11
599,981,390,2025-11-06 05:56:44,collab-v1.2,False,2025-11-06 05:56:44,2025-11-06 05:56:44
600,153,186,2026-01-15 16:09:41,collab-v1.2,False,2026-01-15 16:09:41,2026-01-15 16:09:41
601,968,11,2026-01-16 02:48:09,collab-v1.2,False,2026-01-16 02:48:09,2026-01-16 02:48:09
602,79,257,2025-08-04 10:03:14,collab-v1.3,False,2025-08-04 10:03:14,2025-08-04 10:03:14
603,840,81,2025-06-16 16:54:56,hybrid-v1.0,False,2025-06-16 16:54:56,2025-06-16 16:54:56
604,624,336,2025-11-16 18:41:57,content-based-v2.0,False,2025-11-16 18:41:57,2025-11-16 18:41:57
605,428,28,2026-05-23 21:40:12,collab-v1.2,False,2026-05-23 21:40:12,2026-05-23 21:40:12
606,718,176,2026-01-23 05:00:19,content-based-v2.0,True,2026-01-23 05:00:19,2026-01-23 05:00:19
607,515,61,2026-01-15 12:36:09,collab-v1.2,False,2026-01-15 12:36:09,2026-01-15 12:36:09
608,88,173,2026-05-11 04:10:01,content-based-v2.0,True,2026-05-11 04:10:01,2026-05-11 04:10:01
609,319,111,2026-05-09 02:44:30,hybrid-v1.0,False,2026-05-09 02:44:30,2026-05-09 02:44:30
610,209,420,2025-09-01 23:48:12,content-based-v2.0,False,2025-09-01 23:48:12,2025-09-01 23:48:12
611,464,164,2025-12-07 14:39:09,hybrid-v1.0,False,2025-12-07 14:39:09,2025-12-07 14:39:09
612,909,380,2026-02-06 04:04:20,content-based-v2.0,False,2026-02-06 04:04:20,2026-02-06 04:04:20
613,47,98,2025-06-08 10:23:30,content-based-v2.0,False,2025-06-08 10:23:30,2025-06-08 10:23:30
614,29,171,2025-06-15 17:36:03,collab-v1.3,True,2025-06-15 17:36:03,2025-06-15 17:36:03
615,138,21,2026-01-31 13:06:12,collab-v1.2,True,2026-01-31 13:06:12,2026-01-31 13:06:12
616,598,140,2026-01-22 17:09:48,collab-v1.2,True,2026-01-22 17:09:48,2026-01-22 17:09:48
617,121,438,2025-06-08 22:13:20,hybrid-v1.0,False,2025-06-08 22:13:20,2025-06-08 22:13:20
618,613,507,2025-07-08 06:13:04,hybrid-v1.0,False,2025-07-08 06:13:04,2025-07-08 06:13:04
619,582,336,2025-06-18 08:08:34,collab-v1.2,False,2025-06-18 08:08:34,2025-06-18 08:08:34
620,115,117,2026-01-03 08:44:38,content-based-v2.0,False,2026-01-03 08:44:38,2026-01-03 08:44:38
621,557,98,2026-04-01 18:01:58,hybrid-v1.0,False,2026-04-01 18:01:58,2026-04-01 18:01:58
622,846,17,2025-06-23 18:19:20,hybrid-v1.0,False,2025-06-23 18:19:20,2025-06-23 18:19:20
623,571,238,2026-03-15 04:17:04,collab-v1.3,False,2026-03-15 04:17:04,2026-03-15 04:17:04
624,413,364,2026-03-14 14:57:40,hybrid-v1.0,False,2026-03-14 14:57:40,2026-03-14 14:57:40
625,578,168,2026-02-19 18:39:32,collab-v1.2,False,2026-02-19 18:39:32,2026-02-19 18:39:32
626,806,9,2026-05-04 18:15:15,collab-v1.3,False,2026-05-04 18:15:15,2026-05-04 18:15:15
627,274,80,2026-06-01 07:55:36,collab-v1.3,False,2026-06-01 07:55:36,2026-06-01 07:55:36
628,571,201,2025-09-22 06:57:57,hybrid-v1.0,False,2025-09-22 06:57:57,2025-09-22 06:57:57
629,302,355,2026-04-04 00:23:48,collab-v1.2,True,2026-04-04 00:23:48,2026-04-04 00:23:48
630,860,62,2025-08-11 20:55:45,collab-v1.2,False,2025-08-11 20:55:45,2025-08-11 20:55:45
631,166,388,2026-03-21 15:09:12,hybrid-v1.0,False,2026-03-21 15:09:12,2026-03-21 15:09:12
632,874,233,2026-01-12 00:08:27,content-based-v2.0,False,2026-01-12 00:08:27,2026-01-12 00:08:27
633,242,530,2026-01-12 05:54:47,collab-v1.3,False,2026-01-12 05:54:47,2026-01-12 05:54:47
634,214,520,2025-06-16 09:20:41,collab-v1.3,False,2025-06-16 09:20:41,2025-06-16 09:20:41
635,959,210,2026-01-27 08:05:17,collab-v1.3,False,2026-01-27 08:05:17,2026-01-27 08:05:17
636,407,141,2026-02-26 20:23:41,content-based-v2.0,True,2026-02-26 20:23:41,2026-02-26 20:23:41
637,995,425,2026-02-19 11:36:19,hybrid-v1.0,True,2026-02-19 11:36:19,2026-02-19 11:36:19
638,474,325,2026-01-01 14:29:33,content-based-v2.0,False,2026-01-01 14:29:33,2026-01-01 14:29:33
639,813,454,2025-11-08 12:17:05,collab-v1.3,False,2025-11-08 12:17:05,2025-11-08 12:17:05
640,251,17,2025-10-14 19:14:02,content-based-v2.0,False,2025-10-14 19:14:02,2025-10-14 19:14:02
641,433,510,2025-07-13 16:19:28,collab-v1.2,False,2025-07-13 16:19:28,2025-07-13 16:19:28
642,363,591,2025-12-30 18:20:55,collab-v1.2,False,2025-12-30 18:20:55,2025-12-30 18:20:55
643,724,89,2025-08-23 14:58:37,hybrid-v1.0,False,2025-08-23 14:58:37,2025-08-23 14:58:37
644,721,159,2026-02-12 23:37:41,content-based-v2.0,False,2026-02-12 23:37:41,2026-02-12 23:37:41
645,337,211,2026-03-19 05:35:14,collab-v1.2,False,2026-03-19 05:35:14,2026-03-19 05:35:14
646,19,188,2025-06-16 08:02:09,hybrid-v1.0,False,2025-06-16 08:02:09,2025-06-16 08:02:09
647,337,281,2026-04-12 15:07:56,content-based-v2.0,True,2026-04-12 15:07:56,2026-04-12 15:07:56
648,127,46,2026-03-27 23:28:03,hybrid-v1.0,False,2026-03-27 23:28:03,2026-03-27 23:28:03
649,92,437,2026-05-26 23:31:39,collab-v1.3,False,2026-05-26 23:31:39,2026-05-26 23:31:39
650,189,494,2025-07-20 16:10:01,collab-v1.3,False,2025-07-20 16:10:01,2025-07-20 16:10:01
651,365,481,2025-08-08 06:15:22,hybrid-v1.0,False,2025-08-08 06:15:22,2025-08-08 06:15:22
652,715,414,2026-01-07 09:57:29,content-based-v2.0,False,2026-01-07 09:57:29,2026-01-07 09:57:29
653,752,151,2025-08-06 15:20:35,collab-v1.2,False,2025-08-06 15:20:35,2025-08-06 15:20:35
654,351,508,2025-07-22 22:38:20,content-based-v2.0,False,2025-07-22 22:38:20,2025-07-22 22:38:20
655,61,241,2025-11-08 19:22:30,collab-v1.3,False,2025-11-08 19:22:30,2025-11-08 19:22:30
656,958,38,2026-04-16 21:49:24,content-based-v2.0,False,2026-04-16 21:49:24,2026-04-16 21:49:24
657,959,281,2025-10-31 21:00:33,hybrid-v1.0,False,2025-10-31 21:00:33,2025-10-31 21:00:33
658,743,69,2026-03-15 00:21:51,content-based-v2.0,False,2026-03-15 00:21:51,2026-03-15 00:21:51
659,649,27,2025-09-26 08:43:38,content-based-v2.0,False,2025-09-26 08:43:38,2025-09-26 08:43:38
660,870,580,2025-07-22 08:50:34,content-based-v2.0,False,2025-07-22 08:50:34,2025-07-22 08:50:34
661,825,313,2025-08-09 15:48:08,hybrid-v1.0,True,2025-08-09 15:48:08,2025-08-09 15:48:08
662,902,269,2026-01-04 22:36:57,hybrid-v1.0,False,2026-01-04 22:36:57,2026-01-04 22:36:57
663,436,333,2025-07-21 07:46:03,content-based-v2.0,False,2025-07-21 07:46:03,2025-07-21 07:46:03
664,819,241,2025-09-27 11:23:43,collab-v1.2,True,2025-09-27 11:23:43,2025-09-27 11:23:43
665,552,87,2025-11-20 10:20:33,content-based-v2.0,False,2025-11-20 10:20:33,2025-11-20 10:20:33
666,283,153,2025-09-28 22:49:21,collab-v1.3,False,2025-09-28 22:49:21,2025-09-28 22:49:21
667,332,167,2025-08-13 19:42:34,collab-v1.3,False,2025-08-13 19:42:34,2025-08-13 19:42:34
668,968,512,2025-08-19 04:19:41,hybrid-v1.0,False,2025-08-19 04:19:41,2025-08-19 04:19:41
669,462,244,2025-11-01 00:13:55,hybrid-v1.0,False,2025-11-01 00:13:55,2025-11-01 00:13:55
670,431,304,2025-06-08 03:15:30,collab-v1.2,False,2025-06-08 03:15:30,2025-06-08 03:15:30
671,851,173,2025-08-12 02:45:54,content-based-v2.0,False,2025-08-12 02:45:54,2025-08-12 02:45:54
672,738,510,2025-07-23 16:20:13,collab-v1.2,False,2025-07-23 16:20:13,2025-07-23 16:20:13
673,989,298,2026-03-11 00:05:38,collab-v1.2,False,2026-03-11 00:05:38,2026-03-11 00:05:38
674,263,200,2026-01-21 01:31:50,collab-v1.3,True,2026-01-21 01:31:50,2026-01-21 01:31:50
675,83,468,2025-11-03 11:14:38,collab-v1.3,False,2025-11-03 11:14:38,2025-11-03 11:14:38
676,114,330,2025-06-09 01:53:03,collab-v1.2,False,2025-06-09 01:53:03,2025-06-09 01:53:03
677,556,62,2025-10-01 16:11:24,collab-v1.3,False,2025-10-01 16:11:24,2025-10-01 16:11:24
678,711,311,2025-07-07 17:40:02,collab-v1.3,False,2025-07-07 17:40:02,2025-07-07 17:40:02
679,366,395,2026-03-01 02:21:35,collab-v1.3,False,2026-03-01 02:21:35,2026-03-01 02:21:35
680,406,261,2025-07-27 13:14:01,collab-v1.3,False,2025-07-27 13:14:01,2025-07-27 13:14:01
681,489,562,2025-08-23 04:47:51,hybrid-v1.0,False,2025-08-23 04:47:51,2025-08-23 04:47:51
682,374,407,2026-05-16 04:18:16,hybrid-v1.0,False,2026-05-16 04:18:16,2026-05-16 04:18:16
683,490,154,2026-02-15 07:36:44,collab-v1.3,False,2026-02-15 07:36:44,2026-02-15 07:36:44
684,749,600,2026-01-19 02:59:13,content-based-v2.0,False,2026-01-19 02:59:13,2026-01-19 02:59:13
685,225,190,2025-09-22 01:19:56,collab-v1.3,False,2025-09-22 01:19:56,2025-09-22 01:19:56
686,304,284,2026-02-26 03:33:05,collab-v1.2,False,2026-02-26 03:33:05,2026-02-26 03:33:05
687,816,38,2025-09-03 22:46:17,hybrid-v1.0,False,2025-09-03 22:46:17,2025-09-03 22:46:17
688,710,580,2025-08-04 15:52:59,content-based-v2.0,False,2025-08-04 15:52:59,2025-08-04 15:52:59
689,687,65,2025-08-08 19:21:41,content-based-v2.0,False,2025-08-08 19:21:41,2025-08-08 19:21:41
690,212,136,2026-03-02 10:40:56,hybrid-v1.0,True,2026-03-02 10:40:56,2026-03-02 10:40:56
691,273,4,2025-11-17 00:12:13,content-based-v2.0,True,2025-11-17 00:12:13,2025-11-17 00:12:13
692,999,462,2025-12-19 14:07:24,hybrid-v1.0,False,2025-12-19 14:07:24,2025-12-19 14:07:24
693,564,503,2025-06-27 05:00:06,collab-v1.3,True,2025-06-27 05:00:06,2025-06-27 05:00:06
694,95,3,2025-11-18 12:58:10,content-based-v2.0,False,2025-11-18 12:58:10,2025-11-18 12:58:10
695,485,582,2026-05-09 17:58:15,content-based-v2.0,False,2026-05-09 17:58:15,2026-05-09 17:58:15
696,411,114,2026-01-06 18:06:38,content-based-v2.0,False,2026-01-06 18:06:38,2026-01-06 18:06:38
697,590,378,2026-04-29 13:00:58,collab-v1.2,True,2026-04-29 13:00:58,2026-04-29 13:00:58
698,302,584,2025-10-05 20:59:11,collab-v1.3,False,2025-10-05 20:59:11,2025-10-05 20:59:11
699,480,446,2025-10-25 00:43:25,content-based-v2.0,False,2025-10-25 00:43:25,2025-10-25 00:43:25
700,833,528,2025-09-13 21:59:58,collab-v1.2,False,2025-09-13 21:59:58,2025-09-13 21:59:58
701,839,402,2025-07-01 11:01:20,content-based-v2.0,False,2025-07-01 11:01:20,2025-07-01 11:01:20
702,625,21,2025-09-29 09:25:20,collab-v1.3,False,2025-09-29 09:25:20,2025-09-29 09:25:20
703,680,448,2026-04-28 23:55:38,hybrid-v1.0,False,2026-04-28 23:55:38,2026-04-28 23:55:38
704,571,269,2025-06-28 19:47:19,hybrid-v1.0,True,2025-06-28 19:47:19,2025-06-28 19:47:19
705,950,71,2026-01-17 22:44:53,collab-v1.3,True,2026-01-17 22:44:53,2026-01-17 22:44:53
706,443,100,2026-03-15 06:06:49,collab-v1.3,False,2026-03-15 06:06:49,2026-03-15 06:06:49
707,329,365,2025-09-03 00:47:19,hybrid-v1.0,False,2025-09-03 00:47:19,2025-09-03 00:47:19
708,906,254,2025-06-16 01:16:06,collab-v1.2,True,2025-06-16 01:16:06,2025-06-16 01:16:06
709,682,298,2025-06-27 11:37:12,collab-v1.2,False,2025-06-27 11:37:12,2025-06-27 11:37:12
710,276,277,2026-03-17 04:42:46,content-based-v2.0,False,2026-03-17 04:42:46,2026-03-17 04:42:46
711,635,582,2025-08-19 16:29:49,collab-v1.2,True,2025-08-19 16:29:49,2025-08-19 16:29:49
712,602,246,2025-09-12 06:50:21,collab-v1.2,False,2025-09-12 06:50:21,2025-09-12 06:50:21
713,250,549,2026-03-27 20:24:14,collab-v1.3,False,2026-03-27 20:24:14,2026-03-27 20:24:14
714,151,38,2025-12-19 23:42:07,hybrid-v1.0,False,2025-12-19 23:42:07,2025-12-19 23:42:07
715,820,258,2025-07-08 06:49:42,hybrid-v1.0,False,2025-07-08 06:49:42,2025-07-08 06:49:42
716,100,581,2026-01-25 12:21:33,collab-v1.3,False,2026-01-25 12:21:33,2026-01-25 12:21:33
717,301,385,2025-07-03 14:24:00,content-based-v2.0,True,2025-07-03 14:24:00,2025-07-03 14:24:00
718,251,327,2025-10-13 09:59:55,collab-v1.2,False,2025-10-13 09:59:55,2025-10-13 09:59:55
719,217,330,2025-10-12 15:36:18,content-based-v2.0,True,2025-10-12 15:36:18,2025-10-12 15:36:18
720,885,91,2026-02-12 09:29:58,collab-v1.2,False,2026-02-12 09:29:58,2026-02-12 09:29:58
721,874,112,2026-01-17 10:00:02,collab-v1.2,False,2026-01-17 10:00:02,2026-01-17 10:00:02
722,988,69,2026-02-09 07:59:24,content-based-v2.0,False,2026-02-09 07:59:24,2026-02-09 07:59:24
723,719,482,2025-07-30 09:59:48,collab-v1.2,False,2025-07-30 09:59:48,2025-07-30 09:59:48
724,715,477,2025-10-02 15:40:05,collab-v1.2,False,2025-10-02 15:40:05,2025-10-02 15:40:05
725,871,353,2026-05-11 03:53:27,collab-v1.3,False,2026-05-11 03:53:27,2026-05-11 03:53:27
726,478,260,2025-12-28 15:30:40,collab-v1.3,True,2025-12-28 15:30:40,2025-12-28 15:30:40
727,424,510,2025-07-30 00:32:06,collab-v1.3,True,2025-07-30 00:32:06,2025-07-30 00:32:06
728,756,109,2026-02-18 20:09:26,content-based-v2.0,False,2026-02-18 20:09:26,2026-02-18 20:09:26
729,549,535,2026-04-12 00:19:58,hybrid-v1.0,False,2026-04-12 00:19:58,2026-04-12 00:19:58
730,712,552,2026-02-01 22:42:28,content-based-v2.0,False,2026-02-01 22:42:28,2026-02-01 22:42:28
731,668,40,2026-01-29 20:19:33,content-based-v2.0,False,2026-01-29 20:19:33,2026-01-29 20:19:33
732,988,524,2025-06-29 05:14:39,hybrid-v1.0,False,2025-06-29 05:14:39,2025-06-29 05:14:39
733,148,428,2026-05-08 17:11:30,content-based-v2.0,False,2026-05-08 17:11:30,2026-05-08 17:11:30
734,830,228,2026-02-25 00:03:04,collab-v1.3,False,2026-02-25 00:03:04,2026-02-25 00:03:04
735,301,107,2025-11-13 22:22:02,hybrid-v1.0,False,2025-11-13 22:22:02,2025-11-13 22:22:02
736,868,523,2025-06-27 14:23:54,content-based-v2.0,False,2025-06-27 14:23:54,2025-06-27 14:23:54
737,670,484,2026-01-28 06:25:00,collab-v1.2,False,2026-01-28 06:25:00,2026-01-28 06:25:00
738,58,28,2026-03-31 00:38:16,collab-v1.3,False,2026-03-31 00:38:16,2026-03-31 00:38:16
739,642,559,2026-01-21 17:37:52,content-based-v2.0,False,2026-01-21 17:37:52,2026-01-21 17:37:52
740,756,419,2025-12-16 07:35:50,content-based-v2.0,True,2025-12-16 07:35:50,2025-12-16 07:35:50
741,37,534,2025-11-29 17:15:10,hybrid-v1.0,False,2025-11-29 17:15:10,2025-11-29 17:15:10
742,205,86,2026-04-05 10:38:53,content-based-v2.0,True,2026-04-05 10:38:53,2026-04-05 10:38:53
743,314,404,2026-01-10 16:21:13,content-based-v2.0,False,2026-01-10 16:21:13,2026-01-10 16:21:13
744,133,238,2026-02-24 21:58:23,collab-v1.2,True,2026-02-24 21:58:23,2026-02-24 21:58:23
745,863,578,2026-03-12 22:13:42,hybrid-v1.0,True,2026-03-12 22:13:42,2026-03-12 22:13:42
746,859,17,2026-02-17 04:58:21,content-based-v2.0,False,2026-02-17 04:58:21,2026-02-17 04:58:21
747,544,140,2026-04-28 15:29:34,content-based-v2.0,True,2026-04-28 15:29:34,2026-04-28 15:29:34
748,728,9,2026-04-17 08:41:41,hybrid-v1.0,True,2026-04-17 08:41:41,2026-04-17 08:41:41
749,1,519,2025-06-23 15:09:32,collab-v1.2,False,2025-06-23 15:09:32,2025-06-23 15:09:32
750,680,104,2026-02-13 01:49:33,hybrid-v1.0,False,2026-02-13 01:49:33,2026-02-13 01:49:33
751,402,525,2025-10-09 03:30:14,collab-v1.2,False,2025-10-09 03:30:14,2025-10-09 03:30:14
752,885,392,2026-05-07 12:33:50,content-based-v2.0,False,2026-05-07 12:33:50,2026-05-07 12:33:50
753,381,141,2026-05-27 19:25:06,content-based-v2.0,False,2026-05-27 19:25:06,2026-05-27 19:25:06
754,381,26,2026-02-09 04:33:52,collab-v1.2,False,2026-02-09 04:33:52,2026-02-09 04:33:52
755,313,39,2026-04-13 11:59:31,collab-v1.2,False,2026-04-13 11:59:31,2026-04-13 11:59:31
756,445,446,2026-04-27 00:34:15,content-based-v2.0,False,2026-04-27 00:34:15,2026-04-27 00:34:15
757,587,490,2025-11-10 05:48:09,content-based-v2.0,False,2025-11-10 05:48:09,2025-11-10 05:48:09
758,26,540,2025-12-24 04:31:11,hybrid-v1.0,False,2025-12-24 04:31:11,2025-12-24 04:31:11
759,152,155,2025-12-24 09:03:10,content-based-v2.0,False,2025-12-24 09:03:10,2025-12-24 09:03:10
760,377,542,2026-03-23 22:02:15,hybrid-v1.0,False,2026-03-23 22:02:15,2026-03-23 22:02:15
761,491,477,2025-12-14 14:44:42,hybrid-v1.0,False,2025-12-14 14:44:42,2025-12-14 14:44:42
762,522,327,2025-10-09 02:20:33,content-based-v2.0,False,2025-10-09 02:20:33,2025-10-09 02:20:33
763,740,287,2026-05-12 23:34:18,content-based-v2.0,False,2026-05-12 23:34:18,2026-05-12 23:34:18
764,128,572,2026-01-24 08:02:15,collab-v1.3,False,2026-01-24 08:02:15,2026-01-24 08:02:15
765,526,456,2026-04-28 10:11:09,hybrid-v1.0,False,2026-04-28 10:11:09,2026-04-28 10:11:09
766,79,245,2025-12-05 08:19:50,content-based-v2.0,False,2025-12-05 08:19:50,2025-12-05 08:19:50
767,468,226,2026-04-30 01:16:56,collab-v1.3,False,2026-04-30 01:16:56,2026-04-30 01:16:56
768,461,550,2025-11-02 05:15:11,collab-v1.3,False,2025-11-02 05:15:11,2025-11-02 05:15:11
769,428,565,2026-02-23 13:57:09,collab-v1.3,False,2026-02-23 13:57:09,2026-02-23 13:57:09
770,54,409,2025-06-12 11:26:30,hybrid-v1.0,False,2025-06-12 11:26:30,2025-06-12 11:26:30
771,278,506,2025-10-20 07:37:05,collab-v1.2,False,2025-10-20 07:37:05,2025-10-20 07:37:05
772,599,244,2025-10-15 06:04:19,collab-v1.2,False,2025-10-15 06:04:19,2025-10-15 06:04:19
773,227,532,2025-08-08 09:16:13,content-based-v2.0,False,2025-08-08 09:16:13,2025-08-08 09:16:13
774,730,282,2025-09-09 04:27:35,content-based-v2.0,False,2025-09-09 04:27:35,2025-09-09 04:27:35
775,878,212,2026-05-13 02:11:38,collab-v1.2,False,2026-05-13 02:11:38,2026-05-13 02:11:38
776,380,42,2026-03-13 10:04:08,collab-v1.3,False,2026-03-13 10:04:08,2026-03-13 10:04:08
777,817,539,2026-02-12 03:44:39,content-based-v2.0,False,2026-02-12 03:44:39,2026-02-12 03:44:39
778,297,588,2025-09-20 03:29:00,hybrid-v1.0,False,2025-09-20 03:29:00,2025-09-20 03:29:00
779,132,84,2026-04-27 08:37:46,collab-v1.3,False,2026-04-27 08:37:46,2026-04-27 08:37:46
780,653,386,2026-05-05 04:30:01,collab-v1.3,False,2026-05-05 04:30:01,2026-05-05 04:30:01
781,540,55,2026-03-23 16:23:32,hybrid-v1.0,False,2026-03-23 16:23:32,2026-03-23 16:23:32
782,734,337,2025-11-27 01:53:44,collab-v1.2,True,2025-11-27 01:53:44,2025-11-27 01:53:44
783,460,147,2026-02-09 02:22:54,collab-v1.2,False,2026-02-09 02:22:54,2026-02-09 02:22:54
784,645,91,2026-04-21 13:46:30,collab-v1.3,False,2026-04-21 13:46:30,2026-04-21 13:46:30
785,35,341,2025-09-05 23:29:51,content-based-v2.0,False,2025-09-05 23:29:51,2025-09-05 23:29:51
786,286,378,2025-06-17 14:19:18,content-based-v2.0,False,2025-06-17 14:19:18,2025-06-17 14:19:18
787,605,455,2025-07-25 08:55:37,collab-v1.3,False,2025-07-25 08:55:37,2025-07-25 08:55:37
788,636,315,2025-12-19 20:07:13,content-based-v2.0,False,2025-12-19 20:07:13,2025-12-19 20:07:13
789,143,50,2025-12-30 07:39:33,collab-v1.2,False,2025-12-30 07:39:33,2025-12-30 07:39:33
790,568,304,2025-08-11 09:56:28,hybrid-v1.0,True,2025-08-11 09:56:28,2025-08-11 09:56:28
791,544,580,2025-12-07 16:33:56,content-based-v2.0,False,2025-12-07 16:33:56,2025-12-07 16:33:56
792,638,49,2026-04-11 06:41:57,hybrid-v1.0,False,2026-04-11 06:41:57,2026-04-11 06:41:57
793,581,42,2026-04-10 10:58:46,collab-v1.3,False,2026-04-10 10:58:46,2026-04-10 10:58:46
794,93,438,2026-03-01 01:38:19,collab-v1.2,False,2026-03-01 01:38:19,2026-03-01 01:38:19
795,750,492,2025-08-12 12:08:54,content-based-v2.0,False,2025-08-12 12:08:54,2025-08-12 12:08:54
796,793,318,2025-10-22 10:47:36,collab-v1.2,False,2025-10-22 10:47:36,2025-10-22 10:47:36
797,46,458,2026-01-16 05:03:24,hybrid-v1.0,False,2026-01-16 05:03:24,2026-01-16 05:03:24
798,326,333,2026-05-22 16:02:14,collab-v1.3,False,2026-05-22 16:02:14,2026-05-22 16:02:14
799,680,6,2026-03-25 18:37:04,content-based-v2.0,False,2026-03-25 18:37:04,2026-03-25 18:37:04
800,763,552,2026-02-23 11:06:02,hybrid-v1.0,True,2026-02-23 11:06:02,2026-02-23 11:06:02
801,624,576,2025-10-15 13:08:25,hybrid-v1.0,False,2025-10-15 13:08:25,2025-10-15 13:08:25
802,63,322,2025-12-16 08:35:42,collab-v1.2,False,2025-12-16 08:35:42,2025-12-16 08:35:42
803,459,132,2025-07-21 21:14:29,hybrid-v1.0,False,2025-07-21 21:14:29,2025-07-21 21:14:29
804,895,594,2025-07-27 07:38:38,content-based-v2.0,False,2025-07-27 07:38:38,2025-07-27 07:38:38
805,184,421,2025-07-12 02:32:01,collab-v1.2,False,2025-07-12 02:32:01,2025-07-12 02:32:01
806,456,445,2025-10-10 21:34:14,collab-v1.3,False,2025-10-10 21:34:14,2025-10-10 21:34:14
807,985,176,2025-08-25 04:49:32,collab-v1.3,False,2025-08-25 04:49:32,2025-08-25 04:49:32
808,998,53,2025-07-29 20:18:56,content-based-v2.0,False,2025-07-29 20:18:56,2025-07-29 20:18:56
809,350,343,2025-08-13 06:13:34,collab-v1.3,True,2025-08-13 06:13:34,2025-08-13 06:13:34
810,256,553,2025-09-09 19:43:51,content-based-v2.0,False,2025-09-09 19:43:51,2025-09-09 19:43:51
811,929,398,2025-12-17 01:58:55,content-based-v2.0,False,2025-12-17 01:58:55,2025-12-17 01:58:55
812,104,445,2026-05-23 13:14:01,hybrid-v1.0,False,2026-05-23 13:14:01,2026-05-23 13:14:01
813,993,254,2025-08-10 11:28:57,hybrid-v1.0,False,2025-08-10 11:28:57,2025-08-10 11:28:57
814,995,189,2025-07-13 07:24:05,collab-v1.3,False,2025-07-13 07:24:05,2025-07-13 07:24:05
815,873,313,2025-10-30 01:29:12,content-based-v2.0,False,2025-10-30 01:29:12,2025-10-30 01:29:12
816,371,43,2026-04-10 11:37:09,content-based-v2.0,False,2026-04-10 11:37:09,2026-04-10 11:37:09
817,392,461,2026-01-22 10:24:17,collab-v1.2,False,2026-01-22 10:24:17,2026-01-22 10:24:17
818,447,189,2025-06-20 04:46:01,collab-v1.3,False,2025-06-20 04:46:01,2025-06-20 04:46:01
819,62,386,2026-04-08 02:18:15,content-based-v2.0,False,2026-04-08 02:18:15,2026-04-08 02:18:15
820,349,381,2025-06-17 16:58:42,hybrid-v1.0,False,2025-06-17 16:58:42,2025-06-17 16:58:42
821,9,470,2025-10-04 14:28:53,hybrid-v1.0,False,2025-10-04 14:28:53,2025-10-04 14:28:53
822,965,407,2025-08-16 07:33:00,content-based-v2.0,False,2025-08-16 07:33:00,2025-08-16 07:33:00
823,585,334,2026-04-27 02:13:33,collab-v1.3,True,2026-04-27 02:13:33,2026-04-27 02:13:33
824,751,338,2025-08-25 21:59:51,hybrid-v1.0,False,2025-08-25 21:59:51,2025-08-25 21:59:51
825,358,344,2025-09-16 06:22:18,collab-v1.3,False,2025-09-16 06:22:18,2025-09-16 06:22:18
826,777,511,2026-05-25 01:10:45,hybrid-v1.0,False,2026-05-25 01:10:45,2026-05-25 01:10:45
827,651,564,2025-10-28 14:22:33,collab-v1.2,False,2025-10-28 14:22:33,2025-10-28 14:22:33
828,445,562,2025-08-22 14:18:28,content-based-v2.0,False,2025-08-22 14:18:28,2025-08-22 14:18:28
829,773,20,2025-07-02 02:39:15,collab-v1.3,False,2025-07-02 02:39:15,2025-07-02 02:39:15
830,543,451,2026-05-10 22:40:53,collab-v1.2,True,2026-05-10 22:40:53,2026-05-10 22:40:53
831,485,76,2026-03-23 10:52:28,collab-v1.3,False,2026-03-23 10:52:28,2026-03-23 10:52:28
832,201,244,2025-11-04 19:51:36,content-based-v2.0,False,2025-11-04 19:51:36,2025-11-04 19:51:36
833,463,27,2025-07-26 20:19:13,collab-v1.2,False,2025-07-26 20:19:13,2025-07-26 20:19:13
834,728,517,2025-09-02 09:23:58,hybrid-v1.0,False,2025-09-02 09:23:58,2025-09-02 09:23:58
835,151,417,2025-11-30 19:38:35,collab-v1.2,False,2025-11-30 19:38:35,2025-11-30 19:38:35
836,722,218,2025-10-22 05:04:39,hybrid-v1.0,False,2025-10-22 05:04:39,2025-10-22 05:04:39
837,759,165,2025-08-05 09:05:49,content-based-v2.0,False,2025-08-05 09:05:49,2025-08-05 09:05:49
838,747,151,2025-09-13 18:21:29,hybrid-v1.0,True,2025-09-13 18:21:29,2025-09-13 18:21:29
839,390,315,2025-06-28 06:46:47,collab-v1.2,True,2025-06-28 06:46:47,2025-06-28 06:46:47
840,195,288,2026-02-05 23:22:06,content-based-v2.0,True,2026-02-05 23:22:06,2026-02-05 23:22:06
841,85,70,2025-09-27 12:07:21,collab-v1.3,False,2025-09-27 12:07:21,2025-09-27 12:07:21
842,652,496,2026-02-27 21:53:46,collab-v1.2,False,2026-02-27 21:53:46,2026-02-27 21:53:46
843,240,24,2025-08-30 01:28:15,collab-v1.3,True,2025-08-30 01:28:15,2025-08-30 01:28:15
844,390,344,2026-05-27 03:42:41,collab-v1.2,True,2026-05-27 03:42:41,2026-05-27 03:42:41
845,156,27,2025-12-17 11:43:00,collab-v1.3,False,2025-12-17 11:43:00,2025-12-17 11:43:00
846,713,521,2026-03-27 08:04:25,hybrid-v1.0,False,2026-03-27 08:04:25,2026-03-27 08:04:25
847,839,410,2025-09-18 07:50:35,collab-v1.2,False,2025-09-18 07:50:35,2025-09-18 07:50:35
848,711,164,2026-03-19 13:45:30,hybrid-v1.0,True,2026-03-19 13:45:30,2026-03-19 13:45:30
849,938,298,2026-01-03 08:15:20,collab-v1.3,True,2026-01-03 08:15:20,2026-01-03 08:15:20
850,472,164,2025-08-28 06:54:46,collab-v1.3,False,2025-08-28 06:54:46,2025-08-28 06:54:46
851,571,502,2025-08-12 09:14:46,collab-v1.2,True,2025-08-12 09:14:46,2025-08-12 09:14:46
852,141,133,2025-12-29 07:40:08,hybrid-v1.0,False,2025-12-29 07:40:08,2025-12-29 07:40:08
853,796,172,2025-08-20 20:55:50,collab-v1.2,False,2025-08-20 20:55:50,2025-08-20 20:55:50
854,270,543,2025-10-08 05:56:00,content-based-v2.0,False,2025-10-08 05:56:00,2025-10-08 05:56:00
855,959,144,2026-01-11 07:23:47,content-based-v2.0,False,2026-01-11 07:23:47,2026-01-11 07:23:47
856,198,216,2025-09-26 16:10:56,content-based-v2.0,False,2025-09-26 16:10:56,2025-09-26 16:10:56
857,347,558,2025-08-22 04:28:34,collab-v1.2,False,2025-08-22 04:28:34,2025-08-22 04:28:34
858,331,145,2026-01-01 02:46:53,collab-v1.3,False,2026-01-01 02:46:53,2026-01-01 02:46:53
859,989,509,2025-08-16 14:36:15,collab-v1.2,True,2025-08-16 14:36:15,2025-08-16 14:36:15
860,598,294,2026-01-22 22:49:35,collab-v1.2,True,2026-01-22 22:49:35,2026-01-22 22:49:35
861,870,49,2026-01-23 22:18:37,collab-v1.2,False,2026-01-23 22:18:37,2026-01-23 22:18:37
862,415,319,2025-10-06 16:49:03,hybrid-v1.0,False,2025-10-06 16:49:03,2025-10-06 16:49:03
863,76,494,2025-09-10 02:47:51,hybrid-v1.0,False,2025-09-10 02:47:51,2025-09-10 02:47:51
864,524,429,2026-01-15 05:41:03,hybrid-v1.0,False,2026-01-15 05:41:03,2026-01-15 05:41:03
865,47,150,2026-03-12 13:40:48,collab-v1.3,True,2026-03-12 13:40:48,2026-03-12 13:40:48
866,690,3,2026-01-19 23:54:03,content-based-v2.0,False,2026-01-19 23:54:03,2026-01-19 23:54:03
867,920,568,2026-05-23 18:00:14,collab-v1.3,False,2026-05-23 18:00:14,2026-05-23 18:00:14
868,688,1,2025-09-16 05:44:38,collab-v1.2,False,2025-09-16 05:44:38,2025-09-16 05:44:38
869,361,193,2025-11-19 00:47:36,content-based-v2.0,True,2025-11-19 00:47:36,2025-11-19 00:47:36
870,227,527,2025-07-03 10:54:38,collab-v1.2,False,2025-07-03 10:54:38,2025-07-03 10:54:38
871,497,505,2026-04-17 20:20:56,collab-v1.3,False,2026-04-17 20:20:56,2026-04-17 20:20:56
872,604,358,2026-05-19 17:52:33,collab-v1.2,False,2026-05-19 17:52:33,2026-05-19 17:52:33
873,961,513,2025-11-01 20:19:25,collab-v1.2,False,2025-11-01 20:19:25,2025-11-01 20:19:25
874,506,347,2025-07-01 23:53:05,content-based-v2.0,False,2025-07-01 23:53:05,2025-07-01 23:53:05
875,320,366,2026-01-19 00:15:43,content-based-v2.0,False,2026-01-19 00:15:43,2026-01-19 00:15:43
876,197,384,2025-10-16 06:04:30,collab-v1.3,True,2025-10-16 06:04:30,2025-10-16 06:04:30
877,503,460,2025-09-22 08:40:37,hybrid-v1.0,False,2025-09-22 08:40:37,2025-09-22 08:40:37
878,518,547,2026-01-29 03:38:33,collab-v1.3,False,2026-01-29 03:38:33,2026-01-29 03:38:33
879,988,504,2026-01-02 11:34:37,content-based-v2.0,False,2026-01-02 11:34:37,2026-01-02 11:34:37
880,743,282,2026-02-22 18:09:09,collab-v1.3,False,2026-02-22 18:09:09,2026-02-22 18:09:09
881,856,377,2026-02-04 07:55:09,collab-v1.3,True,2026-02-04 07:55:09,2026-02-04 07:55:09
882,430,19,2025-12-17 01:22:06,collab-v1.3,False,2025-12-17 01:22:06,2025-12-17 01:22:06
883,770,534,2026-05-09 13:59:06,collab-v1.2,False,2026-05-09 13:59:06,2026-05-09 13:59:06
884,533,444,2025-07-15 17:17:55,content-based-v2.0,True,2025-07-15 17:17:55,2025-07-15 17:17:55
885,274,303,2025-12-28 17:58:28,content-based-v2.0,False,2025-12-28 17:58:28,2025-12-28 17:58:28
886,332,302,2025-07-04 02:13:14,content-based-v2.0,False,2025-07-04 02:13:14,2025-07-04 02:13:14
887,50,139,2026-03-25 16:48:04,collab-v1.2,False,2026-03-25 16:48:04,2026-03-25 16:48:04
888,529,477,2025-07-11 21:19:47,collab-v1.2,False,2025-07-11 21:19:47,2025-07-11 21:19:47
889,830,551,2025-12-04 11:42:32,collab-v1.2,False,2025-12-04 11:42:32,2025-12-04 11:42:32
890,884,74,2025-08-14 07:23:56,content-based-v2.0,True,2025-08-14 07:23:56,2025-08-14 07:23:56
891,986,104,2025-09-07 06:25:16,collab-v1.3,False,2025-09-07 06:25:16,2025-09-07 06:25:16
892,237,461,2025-06-28 18:22:24,content-based-v2.0,False,2025-06-28 18:22:24,2025-06-28 18:22:24
893,227,260,2026-04-18 03:09:16,collab-v1.3,False,2026-04-18 03:09:16,2026-04-18 03:09:16
894,616,238,2025-08-08 13:11:32,hybrid-v1.0,False,2025-08-08 13:11:32,2025-08-08 13:11:32
895,305,562,2025-07-28 21:18:00,collab-v1.3,False,2025-07-28 21:18:00,2025-07-28 21:18:00
896,916,252,2026-02-07 10:07:59,content-based-v2.0,False,2026-02-07 10:07:59,2026-02-07 10:07:59
897,421,51,2025-07-20 21:46:03,collab-v1.3,False,2025-07-20 21:46:03,2025-07-20 21:46:03
898,54,367,2026-02-16 06:43:35,hybrid-v1.0,True,2026-02-16 06:43:35,2026-02-16 06:43:35
899,983,76,2026-05-25 16:53:11,content-based-v2.0,False,2026-05-25 16:53:11,2026-05-25 16:53:11
900,339,551,2026-05-23 00:49:26,hybrid-v1.0,False,2026-05-23 00:49:26,2026-05-23 00:49:26
901,919,571,2026-06-01 07:28:48,hybrid-v1.0,False,2026-06-01 07:28:48,2026-06-01 07:28:48
902,871,48,2025-07-13 16:45:17,hybrid-v1.0,False,2025-07-13 16:45:17,2025-07-13 16:45:17
903,595,493,2026-02-15 09:06:43,collab-v1.3,False,2026-02-15 09:06:43,2026-02-15 09:06:43
904,355,152,2025-07-11 16:52:08,content-based-v2.0,False,2025-07-11 16:52:08,2025-07-11 16:52:08
905,614,11,2025-07-11 06:49:34,collab-v1.3,False,2025-07-11 06:49:34,2025-07-11 06:49:34
906,703,333,2026-05-19 19:34:19,collab-v1.2,False,2026-05-19 19:34:19,2026-05-19 19:34:19
907,683,130,2026-05-30 09:10:59,collab-v1.3,False,2026-05-30 09:10:59,2026-05-30 09:10:59
908,592,388,2025-08-01 16:56:23,collab-v1.2,False,2025-08-01 16:56:23,2025-08-01 16:56:23
909,969,583,2025-12-03 04:44:17,collab-v1.3,False,2025-12-03 04:44:17,2025-12-03 04:44:17
910,416,128,2026-04-06 06:49:48,collab-v1.2,True,2026-04-06 06:49:48,2026-04-06 06:49:48
911,317,311,2025-12-28 06:51:10,hybrid-v1.0,False,2025-12-28 06:51:10,2025-12-28 06:51:10
912,123,555,2026-03-18 17:06:10,content-based-v2.0,False,2026-03-18 17:06:10,2026-03-18 17:06:10
913,135,598,2025-06-06 00:18:48,content-based-v2.0,False,2025-06-06 00:18:48,2025-06-06 00:18:48
914,944,477,2025-07-11 18:57:46,collab-v1.3,True,2025-07-11 18:57:46,2025-07-11 18:57:46
915,338,265,2025-12-31 00:44:48,hybrid-v1.0,False,2025-12-31 00:44:48,2025-12-31 00:44:48
916,202,549,2026-02-02 20:32:48,collab-v1.2,False,2026-02-02 20:32:48,2026-02-02 20:32:48
917,154,140,2025-08-02 13:50:55,collab-v1.2,False,2025-08-02 13:50:55,2025-08-02 13:50:55
918,315,79,2026-01-05 11:55:59,hybrid-v1.0,False,2026-01-05 11:55:59,2026-01-05 11:55:59
919,923,84,2025-12-11 00:46:21,content-based-v2.0,False,2025-12-11 00:46:21,2025-12-11 00:46:21
920,635,200,2025-09-29 06:33:28,hybrid-v1.0,False,2025-09-29 06:33:28,2025-09-29 06:33:28
921,626,217,2025-08-27 11:55:41,collab-v1.3,True,2025-08-27 11:55:41,2025-08-27 11:55:41
922,356,21,2025-12-18 10:10:25,collab-v1.3,False,2025-12-18 10:10:25,2025-12-18 10:10:25
923,712,176,2025-08-07 15:53:55,collab-v1.3,False,2025-08-07 15:53:55,2025-08-07 15:53:55
924,831,13,2025-08-19 13:37:13,collab-v1.2,False,2025-08-19 13:37:13,2025-08-19 13:37:13
925,435,541,2025-06-11 01:15:03,collab-v1.2,False,2025-06-11 01:15:03,2025-06-11 01:15:03
926,945,536,2025-09-12 06:56:49,collab-v1.2,False,2025-09-12 06:56:49,2025-09-12 06:56:49
927,710,108,2026-04-30 21:07:06,collab-v1.3,True,2026-04-30 21:07:06,2026-04-30 21:07:06
928,902,125,2025-06-24 06:29:21,hybrid-v1.0,False,2025-06-24 06:29:21,2025-06-24 06:29:21
929,57,500,2026-04-11 06:55:18,collab-v1.3,False,2026-04-11 06:55:18,2026-04-11 06:55:18
930,55,63,2025-07-04 19:40:42,hybrid-v1.0,False,2025-07-04 19:40:42,2025-07-04 19:40:42
931,746,495,2025-10-21 13:06:37,collab-v1.3,False,2025-10-21 13:06:37,2025-10-21 13:06:37
932,382,78,2026-01-17 17:22:33,collab-v1.3,False,2026-01-17 17:22:33,2026-01-17 17:22:33
933,969,405,2026-05-25 11:32:53,collab-v1.3,False,2026-05-25 11:32:53,2026-05-25 11:32:53
934,740,470,2026-03-22 18:49:04,collab-v1.2,False,2026-03-22 18:49:04,2026-03-22 18:49:04
935,469,230,2025-07-02 07:22:52,hybrid-v1.0,False,2025-07-02 07:22:52,2025-07-02 07:22:52
936,758,112,2026-04-07 00:50:25,collab-v1.2,False,2026-04-07 00:50:25,2026-04-07 00:50:25
937,78,235,2025-12-21 17:43:41,collab-v1.3,False,2025-12-21 17:43:41,2025-12-21 17:43:41
938,801,273,2025-07-27 09:43:52,hybrid-v1.0,False,2025-07-27 09:43:52,2025-07-27 09:43:52
939,359,508,2025-09-24 17:44:44,collab-v1.2,False,2025-09-24 17:44:44,2025-09-24 17:44:44
940,171,228,2026-03-04 04:28:44,collab-v1.3,False,2026-03-04 04:28:44,2026-03-04 04:28:44
941,14,553,2025-10-02 03:57:57,hybrid-v1.0,False,2025-10-02 03:57:57,2025-10-02 03:57:57
942,605,561,2026-02-10 09:11:42,content-based-v2.0,False,2026-02-10 09:11:42,2026-02-10 09:11:42
943,929,494,2025-12-12 03:26:09,collab-v1.2,False,2025-12-12 03:26:09,2025-12-12 03:26:09
944,672,123,2025-08-31 19:28:26,content-based-v2.0,False,2025-08-31 19:28:26,2025-08-31 19:28:26
945,223,224,2025-12-29 04:46:31,collab-v1.2,False,2025-12-29 04:46:31,2025-12-29 04:46:31
946,950,186,2026-02-06 03:37:39,content-based-v2.0,True,2026-02-06 03:37:39,2026-02-06 03:37:39
947,817,182,2025-11-20 07:39:06,collab-v1.2,False,2025-11-20 07:39:06,2025-11-20 07:39:06
948,633,501,2026-05-31 09:25:27,collab-v1.2,True,2026-05-31 09:25:27,2026-05-31 09:25:27
949,439,361,2025-07-24 19:50:39,collab-v1.3,False,2025-07-24 19:50:39,2025-07-24 19:50:39
950,21,450,2026-01-26 20:21:59,collab-v1.2,False,2026-01-26 20:21:59,2026-01-26 20:21:59
951,617,574,2026-03-08 03:03:42,collab-v1.3,False,2026-03-08 03:03:42,2026-03-08 03:03:42
952,64,160,2026-01-07 05:23:07,collab-v1.3,True,2026-01-07 05:23:07,2026-01-07 05:23:07
953,335,573,2026-03-17 12:45:06,hybrid-v1.0,False,2026-03-17 12:45:06,2026-03-17 12:45:06
954,317,479,2026-04-16 14:06:24,collab-v1.3,True,2026-04-16 14:06:24,2026-04-16 14:06:24
955,853,267,2025-08-07 23:08:56,collab-v1.2,False,2025-08-07 23:08:56,2025-08-07 23:08:56
956,307,252,2026-05-16 16:37:52,collab-v1.3,False,2026-05-16 16:37:52,2026-05-16 16:37:52
957,418,166,2026-04-29 23:19:17,collab-v1.3,True,2026-04-29 23:19:17,2026-04-29 23:19:17
958,256,452,2026-04-27 05:09:48,collab-v1.2,False,2026-04-27 05:09:48,2026-04-27 05:09:48
959,985,315,2025-09-16 01:11:24,collab-v1.3,False,2025-09-16 01:11:24,2025-09-16 01:11:24
960,286,206,2025-10-05 23:03:42,collab-v1.2,False,2025-10-05 23:03:42,2025-10-05 23:03:42
961,218,488,2025-08-25 21:29:09,content-based-v2.0,True,2025-08-25 21:29:09,2025-08-25 21:29:09
962,98,105,2025-11-29 21:58:54,collab-v1.2,True,2025-11-29 21:58:54,2025-11-29 21:58:54
963,295,88,2026-04-20 00:41:58,collab-v1.2,False,2026-04-20 00:41:58,2026-04-20 00:41:58
964,76,455,2025-10-22 19:25:52,collab-v1.3,False,2025-10-22 19:25:52,2025-10-22 19:25:52
965,40,491,2026-02-01 18:02:47,collab-v1.3,False,2026-02-01 18:02:47,2026-02-01 18:02:47
966,498,9,2025-07-18 06:44:00,hybrid-v1.0,True,2025-07-18 06:44:00,2025-07-18 06:44:00
967,475,416,2026-02-07 00:10:05,content-based-v2.0,False,2026-02-07 00:10:05,2026-02-07 00:10:05
968,242,261,2025-10-16 09:40:39,hybrid-v1.0,False,2025-10-16 09:40:39,2025-10-16 09:40:39
969,980,322,2025-12-09 07:12:51,collab-v1.3,False,2025-12-09 07:12:51,2025-12-09 07:12:51
970,964,146,2026-04-27 09:40:46,hybrid-v1.0,False,2026-04-27 09:40:46,2026-04-27 09:40:46
971,697,534,2025-11-21 14:21:20,content-based-v2.0,False,2025-11-21 14:21:20,2025-11-21 14:21:20
972,174,138,2025-09-23 20:09:12,collab-v1.3,False,2025-09-23 20:09:12,2025-09-23 20:09:12
973,320,513,2025-07-16 10:23:13,hybrid-v1.0,False,2025-07-16 10:23:13,2025-07-16 10:23:13
974,909,550,2025-06-07 12:25:09,content-based-v2.0,False,2025-06-07 12:25:09,2025-06-07 12:25:09
975,238,370,2025-07-12 10:53:33,collab-v1.3,False,2025-07-12 10:53:33,2025-07-12 10:53:33
976,372,393,2025-06-27 12:25:24,collab-v1.2,False,2025-06-27 12:25:24,2025-06-27 12:25:24
977,844,519,2026-05-23 02:40:26,collab-v1.3,False,2026-05-23 02:40:26,2026-05-23 02:40:26
978,73,13,2025-09-27 04:49:44,collab-v1.3,False,2025-09-27 04:49:44,2025-09-27 04:49:44
979,684,499,2026-01-09 20:08:38,hybrid-v1.0,False,2026-01-09 20:08:38,2026-01-09 20:08:38
980,261,231,2025-07-30 05:23:04,collab-v1.3,False,2025-07-30 05:23:04,2025-07-30 05:23:04
981,1,398,2025-08-21 15:12:15,content-based-v2.0,True,2025-08-21 15:12:15,2025-08-21 15:12:15
982,53,453,2026-05-31 06:33:01,collab-v1.3,False,2026-05-31 06:33:01,2026-05-31 06:33:01
983,899,539,2025-06-09 02:04:50,collab-v1.2,False,2025-06-09 02:04:50,2025-06-09 02:04:50
984,808,442,2025-09-19 15:08:06,content-based-v2.0,False,2025-09-19 15:08:06,2025-09-19 15:08:06
985,487,222,2026-05-12 09:17:35,hybrid-v1.0,False,2026-05-12 09:17:35,2026-05-12 09:17:35
986,913,99,2025-12-15 06:33:24,collab-v1.3,False,2025-12-15 06:33:24,2025-12-15 06:33:24
987,542,102,2025-10-10 20:19:53,content-based-v2.0,False,2025-10-10 20:19:53,2025-10-10 20:19:53
988,9,3,2025-10-13 08:38:47,content-based-v2.0,True,2025-10-13 08:38:47,2025-10-13 08:38:47
989,322,456,2025-09-20 01:34:24,collab-v1.2,False,2025-09-20 01:34:24,2025-09-20 01:34:24
990,809,518,2025-11-23 14:13:29,collab-v1.3,True,2025-11-23 14:13:29,2025-11-23 14:13:29
991,924,92,2026-01-12 15:43:50,hybrid-v1.0,True,2026-01-12 15:43:50,2026-01-12 15:43:50
992,252,361,2025-10-25 19:30:00,collab-v1.2,False,2025-10-25 19:30:00,2025-10-25 19:30:00
993,466,314,2025-06-06 22:10:29,hybrid-v1.0,False,2025-06-06 22:10:29,2025-06-06 22:10:29
994,811,183,2026-05-09 05:44:29,collab-v1.3,False,2026-05-09 05:44:29,2026-05-09 05:44:29
995,995,132,2026-03-30 17:47:40,hybrid-v1.0,False,2026-03-30 17:47:40,2026-03-30 17:47:40
996,880,166,2025-06-17 13:46:12,content-based-v2.0,False,2025-06-17 13:46:12,2025-06-17 13:46:12
997,978,307,2026-03-05 07:26:37,content-based-v2.0,False,2026-03-05 07:26:37,2026-03-05 07:26:37
998,781,110,2026-03-03 20:36:04,content-based-v2.0,False,2026-03-03 20:36:04,2026-03-03 20:36:04
999,355,75,2025-09-03 20:49:56,content-based-v2.0,False,2025-09-03 20:49:56,2025-09-03 20:49:56
1000,385,433,2025-06-18 16:45:01,hybrid-v1.0,True,2025-06-18 16:45:01,2025-06-18 16:45:01
1001,137,129,2025-06-23 11:55:34,content-based-v2.0,False,2025-06-23 11:55:34,2025-06-23 11:55:34
1002,336,119,2025-07-16 12:26:36,collab-v1.3,False,2025-07-16 12:26:36,2025-07-16 12:26:36
1003,298,28,2026-05-08 09:44:09,content-based-v2.0,False,2026-05-08 09:44:09,2026-05-08 09:44:09
1004,152,133,2025-09-01 11:11:14,collab-v1.2,True,2025-09-01 11:11:14,2025-09-01 11:11:14
1005,862,251,2025-10-13 18:40:57,hybrid-v1.0,True,2025-10-13 18:40:57,2025-10-13 18:40:57
1006,294,362,2026-01-11 20:38:32,collab-v1.2,False,2026-01-11 20:38:32,2026-01-11 20:38:32
1007,790,173,2025-11-17 16:56:55,content-based-v2.0,True,2025-11-17 16:56:55,2025-11-17 16:56:55
1008,23,23,2026-05-18 01:04:48,collab-v1.2,False,2026-05-18 01:04:48,2026-05-18 01:04:48
1009,595,457,2026-02-27 05:35:31,collab-v1.2,False,2026-02-27 05:35:31,2026-02-27 05:35:31
1010,815,93,2025-12-13 03:30:57,collab-v1.3,False,2025-12-13 03:30:57,2025-12-13 03:30:57
1011,119,211,2025-08-09 08:18:28,collab-v1.2,True,2025-08-09 08:18:28,2025-08-09 08:18:28
1012,799,572,2025-08-26 23:26:23,collab-v1.3,True,2025-08-26 23:26:23,2025-08-26 23:26:23
1013,319,479,2026-04-15 00:10:36,collab-v1.3,False,2026-04-15 00:10:36,2026-04-15 00:10:36
1014,137,579,2025-11-03 10:44:44,content-based-v2.0,True,2025-11-03 10:44:44,2025-11-03 10:44:44
1015,803,137,2025-08-09 18:31:32,collab-v1.3,True,2025-08-09 18:31:32,2025-08-09 18:31:32
1016,516,286,2025-11-03 08:52:24,hybrid-v1.0,False,2025-11-03 08:52:24,2025-11-03 08:52:24
1017,322,316,2026-04-02 13:29:56,hybrid-v1.0,True,2026-04-02 13:29:56,2026-04-02 13:29:56
1018,897,387,2025-10-05 21:41:58,collab-v1.3,False,2025-10-05 21:41:58,2025-10-05 21:41:58
1019,957,320,2026-03-09 20:13:00,content-based-v2.0,False,2026-03-09 20:13:00,2026-03-09 20:13:00
1020,441,219,2026-05-19 03:24:50,content-based-v2.0,True,2026-05-19 03:24:50,2026-05-19 03:24:50
1021,963,45,2026-04-08 19:23:00,collab-v1.2,False,2026-04-08 19:23:00,2026-04-08 19:23:00
1022,243,85,2025-11-17 20:25:46,hybrid-v1.0,False,2025-11-17 20:25:46,2025-11-17 20:25:46
1023,400,332,2025-12-18 11:44:54,content-based-v2.0,False,2025-12-18 11:44:54,2025-12-18 11:44:54
1024,103,136,2025-08-20 08:19:18,collab-v1.2,False,2025-08-20 08:19:18,2025-08-20 08:19:18
1025,163,52,2026-04-22 11:00:37,hybrid-v1.0,True,2026-04-22 11:00:37,2026-04-22 11:00:37
1026,234,548,2025-06-30 23:34:11,hybrid-v1.0,False,2025-06-30 23:34:11,2025-06-30 23:34:11
1027,896,583,2025-12-30 02:38:11,hybrid-v1.0,False,2025-12-30 02:38:11,2025-12-30 02:38:11
1028,823,88,2026-03-05 02:50:21,collab-v1.2,False,2026-03-05 02:50:21,2026-03-05 02:50:21
1029,914,578,2026-05-11 14:15:59,collab-v1.2,False,2026-05-11 14:15:59,2026-05-11 14:15:59
1030,509,300,2026-02-11 17:33:06,collab-v1.3,False,2026-02-11 17:33:06,2026-02-11 17:33:06
1031,407,547,2026-04-29 01:16:03,hybrid-v1.0,False,2026-04-29 01:16:03,2026-04-29 01:16:03
1032,492,188,2025-09-16 13:17:03,content-based-v2.0,False,2025-09-16 13:17:03,2025-09-16 13:17:03
1033,832,382,2025-10-22 03:23:42,collab-v1.3,False,2025-10-22 03:23:42,2025-10-22 03:23:42
1034,255,354,2025-08-18 11:21:51,collab-v1.2,False,2025-08-18 11:21:51,2025-08-18 11:21:51
1035,338,161,2025-07-30 13:46:36,content-based-v2.0,False,2025-07-30 13:46:36,2025-07-30 13:46:36
1036,154,3,2026-01-23 03:42:30,content-based-v2.0,False,2026-01-23 03:42:30,2026-01-23 03:42:30
1037,136,460,2026-04-08 15:18:23,collab-v1.2,True,2026-04-08 15:18:23,2026-04-08 15:18:23
1038,763,284,2025-08-09 18:08:53,hybrid-v1.0,False,2025-08-09 18:08:53,2025-08-09 18:08:53
1039,932,587,2025-07-14 03:48:35,collab-v1.2,True,2025-07-14 03:48:35,2025-07-14 03:48:35
1040,364,551,2026-02-10 13:09:54,hybrid-v1.0,False,2026-02-10 13:09:54,2026-02-10 13:09:54
1041,529,389,2025-10-22 22:51:18,content-based-v2.0,False,2025-10-22 22:51:18,2025-10-22 22:51:18
1042,920,313,2025-11-29 06:51:36,content-based-v2.0,True,2025-11-29 06:51:36,2025-11-29 06:51:36
1043,616,55,2025-08-26 12:14:24,collab-v1.3,False,2025-08-26 12:14:24,2025-08-26 12:14:24
1044,421,18,2026-01-16 22:51:59,collab-v1.3,True,2026-01-16 22:51:59,2026-01-16 22:51:59
1045,314,411,2025-11-25 01:48:25,hybrid-v1.0,True,2025-11-25 01:48:25,2025-11-25 01:48:25
1046,207,368,2025-08-11 07:46:54,hybrid-v1.0,False,2025-08-11 07:46:54,2025-08-11 07:46:54
1047,463,116,2026-06-01 14:47:18,hybrid-v1.0,True,2026-06-01 14:47:18,2026-06-01 14:47:18
1048,169,109,2026-05-11 15:43:32,content-based-v2.0,False,2026-05-11 15:43:32,2026-05-11 15:43:32
1049,308,439,2025-08-29 15:42:21,content-based-v2.0,False,2025-08-29 15:42:21,2025-08-29 15:42:21
1050,678,250,2026-04-18 22:32:01,collab-v1.3,False,2026-04-18 22:32:01,2026-04-18 22:32:01
1051,105,366,2026-06-01 06:11:52,collab-v1.2,False,2026-06-01 06:11:52,2026-06-01 06:11:52
1052,363,135,2025-08-21 02:54:59,collab-v1.2,False,2025-08-21 02:54:59,2025-08-21 02:54:59
1053,496,297,2025-09-28 15:35:22,hybrid-v1.0,True,2025-09-28 15:35:22,2025-09-28 15:35:22
1054,985,513,2025-12-13 07:46:12,collab-v1.2,False,2025-12-13 07:46:12,2025-12-13 07:46:12
1055,435,496,2025-08-10 07:52:44,collab-v1.3,True,2025-08-10 07:52:44,2025-08-10 07:52:44
1056,476,484,2026-02-14 19:01:48,hybrid-v1.0,False,2026-02-14 19:01:48,2026-02-14 19:01:48
1057,857,561,2026-04-02 06:36:06,collab-v1.2,False,2026-04-02 06:36:06,2026-04-02 06:36:06
1058,681,413,2026-05-31 09:52:51,content-based-v2.0,True,2026-05-31 09:52:51,2026-05-31 09:52:51
1059,690,414,2026-04-19 11:31:32,content-based-v2.0,False,2026-04-19 11:31:32,2026-04-19 11:31:32
1060,75,243,2025-09-10 22:45:42,hybrid-v1.0,False,2025-09-10 22:45:42,2025-09-10 22:45:42
1061,255,388,2026-02-10 03:51:47,collab-v1.3,False,2026-02-10 03:51:47,2026-02-10 03:51:47
1062,472,559,2026-05-27 04:35:53,collab-v1.2,False,2026-05-27 04:35:53,2026-05-27 04:35:53
1063,864,503,2025-09-18 10:45:32,hybrid-v1.0,False,2025-09-18 10:45:32,2025-09-18 10:45:32
1064,474,312,2026-01-02 21:51:27,collab-v1.3,False,2026-01-02 21:51:27,2026-01-02 21:51:27
1065,811,410,2025-08-13 00:32:48,content-based-v2.0,False,2025-08-13 00:32:48,2025-08-13 00:32:48
1066,509,119,2025-10-31 07:56:58,hybrid-v1.0,False,2025-10-31 07:56:58,2025-10-31 07:56:58
1067,904,505,2026-05-29 07:47:51,hybrid-v1.0,True,2026-05-29 07:47:51,2026-05-29 07:47:51
1068,467,412,2025-12-15 01:53:25,collab-v1.3,True,2025-12-15 01:53:25,2025-12-15 01:53:25
1069,369,478,2026-01-23 23:11:36,hybrid-v1.0,False,2026-01-23 23:11:36,2026-01-23 23:11:36
1070,869,507,2025-08-01 00:38:54,content-based-v2.0,False,2025-08-01 00:38:54,2025-08-01 00:38:54
1071,488,93,2025-08-17 10:49:08,content-based-v2.0,False,2025-08-17 10:49:08,2025-08-17 10:49:08
1072,903,28,2025-12-13 04:24:33,content-based-v2.0,False,2025-12-13 04:24:33,2025-12-13 04:24:33
1073,92,335,2026-04-24 18:08:30,collab-v1.2,False,2026-04-24 18:08:30,2026-04-24 18:08:30
1074,895,331,2025-07-08 15:22:08,hybrid-v1.0,False,2025-07-08 15:22:08,2025-07-08 15:22:08
1075,787,446,2025-12-18 11:52:52,collab-v1.3,False,2025-12-18 11:52:52,2025-12-18 11:52:52
1076,54,434,2026-02-13 12:58:26,collab-v1.2,False,2026-02-13 12:58:26,2026-02-13 12:58:26
1077,115,474,2025-08-29 02:01:24,collab-v1.2,False,2025-08-29 02:01:24,2025-08-29 02:01:24
1078,190,398,2025-10-27 05:25:29,hybrid-v1.0,False,2025-10-27 05:25:29,2025-10-27 05:25:29
1079,467,440,2025-11-20 05:55:24,content-based-v2.0,False,2025-11-20 05:55:24,2025-11-20 05:55:24
1080,801,145,2026-03-13 11:14:11,content-based-v2.0,False,2026-03-13 11:14:11,2026-03-13 11:14:11
1081,774,92,2026-05-12 03:15:42,collab-v1.3,True,2026-05-12 03:15:42,2026-05-12 03:15:42
1082,41,136,2026-03-15 06:24:42,collab-v1.2,True,2026-03-15 06:24:42,2026-03-15 06:24:42
1083,808,364,2025-08-04 08:29:07,collab-v1.2,False,2025-08-04 08:29:07,2025-08-04 08:29:07
1084,498,132,2026-03-14 00:13:42,collab-v1.2,False,2026-03-14 00:13:42,2026-03-14 00:13:42
1085,552,453,2025-09-23 18:13:29,collab-v1.3,False,2025-09-23 18:13:29,2025-09-23 18:13:29
1086,324,218,2026-01-15 16:21:47,collab-v1.3,False,2026-01-15 16:21:47,2026-01-15 16:21:47
1087,740,535,2026-02-06 04:21:51,collab-v1.2,False,2026-02-06 04:21:51,2026-02-06 04:21:51
1088,677,8,2025-10-27 01:19:38,collab-v1.2,False,2025-10-27 01:19:38,2025-10-27 01:19:38
1089,246,60,2026-04-23 19:53:26,collab-v1.3,False,2026-04-23 19:53:26,2026-04-23 19:53:26
1090,548,112,2025-07-11 20:45:59,hybrid-v1.0,False,2025-07-11 20:45:59,2025-07-11 20:45:59
1091,56,537,2026-01-27 21:14:26,collab-v1.2,False,2026-01-27 21:14:26,2026-01-27 21:14:26
1092,516,186,2025-07-23 07:32:10,hybrid-v1.0,False,2025-07-23 07:32:10,2025-07-23 07:32:10
1093,271,3,2025-10-16 22:40:42,collab-v1.3,False,2025-10-16 22:40:42,2025-10-16 22:40:42
1094,664,187,2025-06-24 11:36:43,collab-v1.3,True,2025-06-24 11:36:43,2025-06-24 11:36:43
1095,311,85,2026-05-25 05:28:08,content-based-v2.0,True,2026-05-25 05:28:08,2026-05-25 05:28:08
1096,357,151,2026-05-17 00:59:23,hybrid-v1.0,False,2026-05-17 00:59:23,2026-05-17 00:59:23
1097,767,222,2025-09-06 19:52:56,hybrid-v1.0,False,2025-09-06 19:52:56,2025-09-06 19:52:56
1098,649,458,2026-04-09 05:53:36,collab-v1.3,False,2026-04-09 05:53:36,2026-04-09 05:53:36
1099,210,354,2025-08-31 02:42:22,content-based-v2.0,False,2025-08-31 02:42:22,2025-08-31 02:42:22
1100,257,55,2025-12-11 07:42:43,collab-v1.3,False,2025-12-11 07:42:43,2025-12-11 07:42:43
1101,858,475,2025-11-15 21:06:34,hybrid-v1.0,False,2025-11-15 21:06:34,2025-11-15 21:06:34
1102,446,599,2025-08-15 09:55:44,collab-v1.2,False,2025-08-15 09:55:44,2025-08-15 09:55:44
1103,842,229,2026-05-07 20:28:45,collab-v1.2,False,2026-05-07 20:28:45,2026-05-07 20:28:45
1104,418,371,2026-03-22 15:38:35,content-based-v2.0,False,2026-03-22 15:38:35,2026-03-22 15:38:35
1105,292,359,2026-05-26 09:32:23,content-based-v2.0,True,2026-05-26 09:32:23,2026-05-26 09:32:23
1106,886,480,2025-12-31 05:11:57,hybrid-v1.0,True,2025-12-31 05:11:57,2025-12-31 05:11:57
1107,388,35,2026-03-23 07:26:44,collab-v1.2,False,2026-03-23 07:26:44,2026-03-23 07:26:44
1108,903,343,2025-06-20 12:50:35,collab-v1.2,False,2025-06-20 12:50:35,2025-06-20 12:50:35
1109,86,560,2025-09-02 17:24:49,content-based-v2.0,False,2025-09-02 17:24:49,2025-09-02 17:24:49
1110,968,12,2025-11-11 05:37:08,collab-v1.3,False,2025-11-11 05:37:08,2025-11-11 05:37:08
1111,644,4,2026-03-05 08:54:22,hybrid-v1.0,False,2026-03-05 08:54:22,2026-03-05 08:54:22
1112,549,502,2025-09-08 14:25:43,collab-v1.3,False,2025-09-08 14:25:43,2025-09-08 14:25:43
1113,801,359,2025-09-01 07:32:52,hybrid-v1.0,False,2025-09-01 07:32:52,2025-09-01 07:32:52
1114,405,49,2026-04-30 22:00:20,collab-v1.2,False,2026-04-30 22:00:20,2026-04-30 22:00:20
1115,754,239,2025-06-15 12:00:39,content-based-v2.0,False,2025-06-15 12:00:39,2025-06-15 12:00:39
1116,320,565,2025-10-24 06:55:06,hybrid-v1.0,False,2025-10-24 06:55:06,2025-10-24 06:55:06
1117,748,434,2025-07-04 01:28:11,content-based-v2.0,False,2025-07-04 01:28:11,2025-07-04 01:28:11
1118,810,246,2026-01-19 19:37:28,hybrid-v1.0,False,2026-01-19 19:37:28,2026-01-19 19:37:28
1119,741,278,2025-08-16 08:51:24,collab-v1.3,False,2025-08-16 08:51:24,2025-08-16 08:51:24
1120,328,197,2025-10-19 13:01:45,collab-v1.2,False,2025-10-19 13:01:45,2025-10-19 13:01:45
1121,874,514,2025-10-31 12:01:57,collab-v1.3,True,2025-10-31 12:01:57,2025-10-31 12:01:57
1122,882,73,2026-04-01 13:54:00,hybrid-v1.0,False,2026-04-01 13:54:00,2026-04-01 13:54:00
1123,743,512,2026-04-26 23:34:00,hybrid-v1.0,False,2026-04-26 23:34:00,2026-04-26 23:34:00
1124,457,292,2026-05-18 09:43:21,collab-v1.3,False,2026-05-18 09:43:21,2026-05-18 09:43:21
1125,304,303,2026-04-07 15:17:14,content-based-v2.0,False,2026-04-07 15:17:14,2026-04-07 15:17:14
1126,720,294,2026-02-17 16:25:27,content-based-v2.0,True,2026-02-17 16:25:27,2026-02-17 16:25:27
1127,674,475,2026-04-01 09:46:08,collab-v1.3,False,2026-04-01 09:46:08,2026-04-01 09:46:08
1128,444,95,2025-12-07 03:39:08,collab-v1.2,False,2025-12-07 03:39:08,2025-12-07 03:39:08
1129,488,209,2025-09-19 23:08:09,collab-v1.2,False,2025-09-19 23:08:09,2025-09-19 23:08:09
1130,951,334,2026-01-17 16:06:45,content-based-v2.0,True,2026-01-17 16:06:45,2026-01-17 16:06:45
1131,713,518,2025-10-07 10:29:21,content-based-v2.0,False,2025-10-07 10:29:21,2025-10-07 10:29:21
1132,427,511,2025-10-29 16:39:42,content-based-v2.0,True,2025-10-29 16:39:42,2025-10-29 16:39:42
1133,375,225,2025-10-25 16:08:16,collab-v1.2,True,2025-10-25 16:08:16,2025-10-25 16:08:16
1134,912,436,2025-11-24 13:00:46,collab-v1.3,False,2025-11-24 13:00:46,2025-11-24 13:00:46
1135,648,33,2025-07-20 12:02:44,hybrid-v1.0,False,2025-07-20 12:02:44,2025-07-20 12:02:44
1136,616,247,2025-09-16 11:37:07,collab-v1.2,False,2025-09-16 11:37:07,2025-09-16 11:37:07
1137,784,427,2025-11-05 20:40:08,hybrid-v1.0,False,2025-11-05 20:40:08,2025-11-05 20:40:08
1138,265,382,2026-02-12 03:25:39,collab-v1.2,True,2026-02-12 03:25:39,2026-02-12 03:25:39
1139,480,279,2026-01-07 05:04:16,collab-v1.2,False,2026-01-07 05:04:16,2026-01-07 05:04:16
1140,57,435,2025-06-28 05:39:58,content-based-v2.0,False,2025-06-28 05:39:58,2025-06-28 05:39:58
1141,888,505,2025-09-30 19:18:36,collab-v1.2,True,2025-09-30 19:18:36,2025-09-30 19:18:36
1142,895,368,2026-04-16 06:37:17,collab-v1.3,False,2026-04-16 06:37:17,2026-04-16 06:37:17
1143,24,95,2025-10-08 17:46:57,hybrid-v1.0,False,2025-10-08 17:46:57,2025-10-08 17:46:57
1144,98,183,2025-09-29 18:42:41,content-based-v2.0,False,2025-09-29 18:42:41,2025-09-29 18:42:41
1145,412,235,2026-02-13 23:24:19,hybrid-v1.0,True,2026-02-13 23:24:19,2026-02-13 23:24:19
1146,957,261,2026-04-09 00:09:37,hybrid-v1.0,False,2026-04-09 00:09:37,2026-04-09 00:09:37
1147,430,267,2026-01-25 14:10:20,collab-v1.2,False,2026-01-25 14:10:20,2026-01-25 14:10:20
1148,127,428,2025-09-07 20:17:54,collab-v1.3,False,2025-09-07 20:17:54,2025-09-07 20:17:54
1149,437,126,2025-12-31 12:01:10,collab-v1.3,False,2025-12-31 12:01:10,2025-12-31 12:01:10
1150,899,421,2025-12-20 01:26:37,hybrid-v1.0,True,2025-12-20 01:26:37,2025-12-20 01:26:37
1151,945,353,2025-10-06 07:46:45,content-based-v2.0,False,2025-10-06 07:46:45,2025-10-06 07:46:45
1152,557,496,2025-08-28 12:51:08,hybrid-v1.0,False,2025-08-28 12:51:08,2025-08-28 12:51:08
1153,507,570,2025-07-30 03:31:58,collab-v1.3,False,2025-07-30 03:31:58,2025-07-30 03:31:58
1154,334,68,2026-01-02 03:40:07,hybrid-v1.0,True,2026-01-02 03:40:07,2026-01-02 03:40:07
1155,32,40,2026-05-03 22:10:05,collab-v1.2,True,2026-05-03 22:10:05,2026-05-03 22:10:05
1156,131,112,2025-07-19 12:46:25,collab-v1.3,False,2025-07-19 12:46:25,2025-07-19 12:46:25
1157,627,171,2026-01-01 07:58:18,collab-v1.2,False,2026-01-01 07:58:18,2026-01-01 07:58:18
1158,620,568,2026-03-29 08:00:55,content-based-v2.0,False,2026-03-29 08:00:55,2026-03-29 08:00:55
1159,878,210,2025-08-20 20:00:19,collab-v1.2,False,2025-08-20 20:00:19,2025-08-20 20:00:19
1160,426,169,2025-08-20 07:15:51,collab-v1.3,False,2025-08-20 07:15:51,2025-08-20 07:15:51
1161,893,285,2026-01-26 00:57:05,hybrid-v1.0,False,2026-01-26 00:57:05,2026-01-26 00:57:05
1162,357,50,2025-07-07 11:37:22,collab-v1.3,True,2025-07-07 11:37:22,2025-07-07 11:37:22
1163,306,335,2025-08-10 16:09:54,content-based-v2.0,False,2025-08-10 16:09:54,2025-08-10 16:09:54
1164,701,116,2025-10-13 14:10:06,collab-v1.3,True,2025-10-13 14:10:06,2025-10-13 14:10:06
1165,659,270,2026-05-04 19:02:53,collab-v1.2,False,2026-05-04 19:02:53,2026-05-04 19:02:53
1166,698,252,2025-12-13 18:23:03,hybrid-v1.0,True,2025-12-13 18:23:03,2025-12-13 18:23:03
1167,968,325,2026-04-04 21:06:31,hybrid-v1.0,False,2026-04-04 21:06:31,2026-04-04 21:06:31
1168,176,52,2025-08-04 15:39:44,collab-v1.3,True,2025-08-04 15:39:44,2025-08-04 15:39:44
1169,659,168,2026-02-21 06:01:26,hybrid-v1.0,False,2026-02-21 06:01:26,2026-02-21 06:01:26
1170,347,228,2026-04-04 22:51:46,content-based-v2.0,False,2026-04-04 22:51:46,2026-04-04 22:51:46
1171,729,296,2025-09-28 15:28:39,hybrid-v1.0,False,2025-09-28 15:28:39,2025-09-28 15:28:39
1172,791,350,2025-08-25 21:09:15,collab-v1.2,True,2025-08-25 21:09:15,2025-08-25 21:09:15
1173,549,54,2025-06-19 12:34:04,content-based-v2.0,False,2025-06-19 12:34:04,2025-06-19 12:34:04
1174,698,450,2026-03-16 12:58:01,hybrid-v1.0,False,2026-03-16 12:58:01,2026-03-16 12:58:01
1175,655,258,2025-06-23 12:42:19,collab-v1.3,False,2025-06-23 12:42:19,2025-06-23 12:42:19
1176,685,366,2026-04-13 03:20:49,collab-v1.3,False,2026-04-13 03:20:49,2026-04-13 03:20:49
1177,904,132,2025-08-14 18:07:16,content-based-v2.0,False,2025-08-14 18:07:16,2025-08-14 18:07:16
1178,784,419,2025-07-16 07:13:07,collab-v1.2,False,2025-07-16 07:13:07,2025-07-16 07:13:07
1179,640,348,2026-05-13 15:39:28,content-based-v2.0,False,2026-05-13 15:39:28,2026-05-13 15:39:28
1180,186,192,2026-02-04 20:49:20,collab-v1.3,False,2026-02-04 20:49:20,2026-02-04 20:49:20
1181,156,502,2026-03-26 22:19:32,collab-v1.3,True,2026-03-26 22:19:32,2026-03-26 22:19:32
1182,253,200,2026-01-02 03:47:46,collab-v1.2,True,2026-01-02 03:47:46,2026-01-02 03:47:46
1183,38,202,2025-12-07 18:47:10,collab-v1.2,False,2025-12-07 18:47:10,2025-12-07 18:47:10
1184,465,405,2025-12-05 09:09:05,collab-v1.3,False,2025-12-05 09:09:05,2025-12-05 09:09:05
1185,517,146,2025-09-15 23:56:38,hybrid-v1.0,False,2025-09-15 23:56:38,2025-09-15 23:56:38
1186,982,116,2025-10-12 17:50:40,content-based-v2.0,True,2025-10-12 17:50:40,2025-10-12 17:50:40
1187,465,47,2025-12-08 14:54:30,collab-v1.3,False,2025-12-08 14:54:30,2025-12-08 14:54:30
1188,201,272,2025-10-14 01:36:56,collab-v1.2,False,2025-10-14 01:36:56,2025-10-14 01:36:56
1189,925,155,2025-08-25 08:48:34,collab-v1.3,False,2025-08-25 08:48:34,2025-08-25 08:48:34
1190,824,134,2025-11-20 06:26:02,hybrid-v1.0,False,2025-11-20 06:26:02,2025-11-20 06:26:02
1191,433,351,2025-07-09 04:18:20,hybrid-v1.0,False,2025-07-09 04:18:20,2025-07-09 04:18:20
1192,40,313,2026-02-10 00:37:01,content-based-v2.0,False,2026-02-10 00:37:01,2026-02-10 00:37:01
1193,50,403,2025-11-16 11:49:16,content-based-v2.0,False,2025-11-16 11:49:16,2025-11-16 11:49:16
1194,618,408,2025-08-13 15:02:13,collab-v1.3,False,2025-08-13 15:02:13,2025-08-13 15:02:13
1195,789,282,2025-06-11 15:00:58,hybrid-v1.0,False,2025-06-11 15:00:58,2025-06-11 15:00:58
1196,61,152,2025-10-31 23:09:59,collab-v1.3,False,2025-10-31 23:09:59,2025-10-31 23:09:59
1197,605,309,2025-09-01 01:07:41,collab-v1.2,False,2025-09-01 01:07:41,2025-09-01 01:07:41
1198,296,51,2026-03-25 08:52:11,hybrid-v1.0,True,2026-03-25 08:52:11,2026-03-25 08:52:11
1199,469,433,2026-04-24 22:15:13,content-based-v2.0,False,2026-04-24 22:15:13,2026-04-24 22:15:13
1200,183,521,2025-09-28 06:38:33,content-based-v2.0,False,2025-09-28 06:38:33,2025-09-28 06:38:33
1201,40,325,2025-10-21 21:36:17,collab-v1.3,True,2025-10-21 21:36:17,2025-10-21 21:36:17
1202,824,76,2026-01-23 04:27:43,collab-v1.3,False,2026-01-23 04:27:43,2026-01-23 04:27:43
1203,443,341,2025-11-26 00:30:39,content-based-v2.0,False,2025-11-26 00:30:39,2025-11-26 00:30:39
1204,588,29,2025-12-02 22:04:22,hybrid-v1.0,False,2025-12-02 22:04:22,2025-12-02 22:04:22
1205,979,393,2025-06-30 15:22:23,content-based-v2.0,True,2025-06-30 15:22:23,2025-06-30 15:22:23
1206,102,486,2025-08-01 02:22:48,collab-v1.3,False,2025-08-01 02:22:48,2025-08-01 02:22:48
1207,590,364,2026-03-22 06:55:35,collab-v1.3,False,2026-03-22 06:55:35,2026-03-22 06:55:35
1208,465,448,2026-02-12 09:31:39,hybrid-v1.0,False,2026-02-12 09:31:39,2026-02-12 09:31:39
1209,274,28,2025-08-21 12:24:27,collab-v1.3,False,2025-08-21 12:24:27,2025-08-21 12:24:27
1210,912,109,2025-11-18 23:35:22,collab-v1.2,False,2025-11-18 23:35:22,2025-11-18 23:35:22
1211,106,70,2025-09-10 05:42:03,collab-v1.2,False,2025-09-10 05:42:03,2025-09-10 05:42:03
1212,760,60,2025-09-19 14:57:36,content-based-v2.0,False,2025-09-19 14:57:36,2025-09-19 14:57:36
1213,875,412,2026-05-05 05:47:38,collab-v1.2,False,2026-05-05 05:47:38,2026-05-05 05:47:38
1214,288,265,2026-02-15 13:43:31,collab-v1.3,False,2026-02-15 13:43:31,2026-02-15 13:43:31
1215,347,207,2025-07-15 20:37:39,content-based-v2.0,False,2025-07-15 20:37:39,2025-07-15 20:37:39
1216,512,26,2026-03-06 18:21:48,content-based-v2.0,False,2026-03-06 18:21:48,2026-03-06 18:21:48
1217,347,10,2025-06-08 22:11:35,collab-v1.3,False,2025-06-08 22:11:35,2025-06-08 22:11:35
1218,333,599,2025-11-17 18:28:27,hybrid-v1.0,False,2025-11-17 18:28:27,2025-11-17 18:28:27
1219,252,110,2025-11-09 01:24:23,content-based-v2.0,False,2025-11-09 01:24:23,2025-11-09 01:24:23
1220,485,426,2025-10-22 16:14:00,content-based-v2.0,False,2025-10-22 16:14:00,2025-10-22 16:14:00
1221,666,72,2025-09-10 10:47:44,collab-v1.3,False,2025-09-10 10:47:44,2025-09-10 10:47:44
1222,404,386,2025-06-13 22:31:04,collab-v1.2,False,2025-06-13 22:31:04,2025-06-13 22:31:04
1223,833,581,2026-05-13 13:55:57,content-based-v2.0,False,2026-05-13 13:55:57,2026-05-13 13:55:57
1224,589,458,2026-03-14 18:27:37,content-based-v2.0,False,2026-03-14 18:27:37,2026-03-14 18:27:37
1225,928,133,2026-05-26 10:56:13,collab-v1.3,False,2026-05-26 10:56:13,2026-05-26 10:56:13
1226,286,411,2025-10-12 11:47:13,hybrid-v1.0,False,2025-10-12 11:47:13,2025-10-12 11:47:13
1227,751,61,2026-03-10 10:34:53,collab-v1.3,False,2026-03-10 10:34:53,2026-03-10 10:34:53
1228,765,225,2025-10-24 05:23:45,collab-v1.2,True,2025-10-24 05:23:45,2025-10-24 05:23:45
1229,213,80,2025-08-26 12:11:27,collab-v1.3,False,2025-08-26 12:11:27,2025-08-26 12:11:27
1230,783,66,2025-07-23 05:22:47,collab-v1.2,False,2025-07-23 05:22:47,2025-07-23 05:22:47
1231,705,296,2025-09-08 15:46:21,content-based-v2.0,False,2025-09-08 15:46:21,2025-09-08 15:46:21
1232,821,53,2026-01-14 23:10:46,content-based-v2.0,True,2026-01-14 23:10:46,2026-01-14 23:10:46
1233,234,40,2026-04-15 16:21:20,collab-v1.2,True,2026-04-15 16:21:20,2026-04-15 16:21:20
1234,761,115,2025-09-29 05:31:33,collab-v1.2,True,2025-09-29 05:31:33,2025-09-29 05:31:33
1235,329,162,2025-08-29 18:00:06,collab-v1.3,False,2025-08-29 18:00:06,2025-08-29 18:00:06
1236,850,461,2025-07-11 20:11:27,collab-v1.3,False,2025-07-11 20:11:27,2025-07-11 20:11:27
1237,780,350,2026-01-11 18:06:44,hybrid-v1.0,False,2026-01-11 18:06:44,2026-01-11 18:06:44
1238,990,214,2026-05-15 12:27:51,hybrid-v1.0,False,2026-05-15 12:27:51,2026-05-15 12:27:51
1239,961,467,2025-11-06 13:06:58,collab-v1.3,False,2025-11-06 13:06:58,2025-11-06 13:06:58
1240,228,484,2025-07-23 23:00:44,content-based-v2.0,False,2025-07-23 23:00:44,2025-07-23 23:00:44
1241,317,393,2026-04-16 03:17:28,collab-v1.2,False,2026-04-16 03:17:28,2026-04-16 03:17:28
1242,43,484,2025-06-08 01:17:54,collab-v1.3,False,2025-06-08 01:17:54,2025-06-08 01:17:54
1243,608,543,2025-10-16 05:11:40,collab-v1.3,False,2025-10-16 05:11:40,2025-10-16 05:11:40
1244,74,535,2025-10-01 15:43:15,hybrid-v1.0,False,2025-10-01 15:43:15,2025-10-01 15:43:15
1245,469,57,2025-09-29 12:57:40,hybrid-v1.0,False,2025-09-29 12:57:40,2025-09-29 12:57:40
1246,727,1,2026-01-23 15:49:36,collab-v1.3,True,2026-01-23 15:49:36,2026-01-23 15:49:36
1247,923,429,2025-07-04 14:23:27,content-based-v2.0,False,2025-07-04 14:23:27,2025-07-04 14:23:27
1248,230,476,2025-11-15 08:26:08,collab-v1.2,False,2025-11-15 08:26:08,2025-11-15 08:26:08
1249,378,434,2025-11-06 10:54:21,content-based-v2.0,True,2025-11-06 10:54:21,2025-11-06 10:54:21
1250,17,83,2025-12-03 07:36:04,hybrid-v1.0,False,2025-12-03 07:36:04,2025-12-03 07:36:04
1251,23,255,2025-07-11 07:22:53,hybrid-v1.0,False,2025-07-11 07:22:53,2025-07-11 07:22:53
1252,450,131,2025-10-08 17:59:00,collab-v1.3,False,2025-10-08 17:59:00,2025-10-08 17:59:00
1253,700,560,2026-04-20 07:33:28,hybrid-v1.0,True,2026-04-20 07:33:28,2026-04-20 07:33:28
1254,484,12,2026-03-08 00:00:57,collab-v1.2,False,2026-03-08 00:00:57,2026-03-08 00:00:57
1255,730,72,2025-07-04 13:33:18,collab-v1.2,False,2025-07-04 13:33:18,2025-07-04 13:33:18
1256,26,454,2026-01-01 11:08:31,collab-v1.2,False,2026-01-01 11:08:31,2026-01-01 11:08:31
1257,310,461,2025-09-12 13:43:00,collab-v1.2,True,2025-09-12 13:43:00,2025-09-12 13:43:00
1258,723,98,2026-02-06 09:32:08,collab-v1.2,True,2026-02-06 09:32:08,2026-02-06 09:32:08
1259,691,100,2026-05-29 06:32:00,hybrid-v1.0,False,2026-05-29 06:32:00,2026-05-29 06:32:00
1260,888,194,2026-01-06 08:19:25,collab-v1.3,True,2026-01-06 08:19:25,2026-01-06 08:19:25
1261,788,37,2025-12-16 17:21:04,collab-v1.2,False,2025-12-16 17:21:04,2025-12-16 17:21:04
1262,231,37,2025-10-30 13:02:55,content-based-v2.0,True,2025-10-30 13:02:55,2025-10-30 13:02:55
1263,656,39,2026-02-27 19:33:50,collab-v1.3,False,2026-02-27 19:33:50,2026-02-27 19:33:50
1264,754,183,2025-12-05 10:25:14,collab-v1.3,True,2025-12-05 10:25:14,2025-12-05 10:25:14
1265,636,488,2025-08-31 21:15:24,collab-v1.3,False,2025-08-31 21:15:24,2025-08-31 21:15:24
1266,611,103,2025-06-11 03:14:25,content-based-v2.0,False,2025-06-11 03:14:25,2025-06-11 03:14:25
1267,206,139,2025-09-01 19:21:31,collab-v1.3,False,2025-09-01 19:21:31,2025-09-01 19:21:31
1268,250,215,2026-02-16 23:00:27,collab-v1.2,False,2026-02-16 23:00:27,2026-02-16 23:00:27
1269,507,128,2025-07-14 09:58:09,collab-v1.2,False,2025-07-14 09:58:09,2025-07-14 09:58:09
1270,771,437,2025-12-07 23:42:26,collab-v1.3,False,2025-12-07 23:42:26,2025-12-07 23:42:26
1271,746,28,2026-02-15 02:32:44,content-based-v2.0,False,2026-02-15 02:32:44,2026-02-15 02:32:44
1272,163,209,2025-09-28 04:17:27,content-based-v2.0,False,2025-09-28 04:17:27,2025-09-28 04:17:27
1273,789,322,2026-02-26 13:48:40,hybrid-v1.0,False,2026-02-26 13:48:40,2026-02-26 13:48:40
1274,553,451,2025-09-14 09:05:57,collab-v1.2,False,2025-09-14 09:05:57,2025-09-14 09:05:57
1275,52,139,2026-01-26 04:02:28,content-based-v2.0,False,2026-01-26 04:02:28,2026-01-26 04:02:28
1276,895,431,2025-06-22 12:10:01,collab-v1.3,True,2025-06-22 12:10:01,2025-06-22 12:10:01
1277,118,215,2025-10-04 14:22:26,content-based-v2.0,True,2025-10-04 14:22:26,2025-10-04 14:22:26
1278,493,257,2025-11-18 02:59:18,hybrid-v1.0,True,2025-11-18 02:59:18,2025-11-18 02:59:18
1279,479,574,2026-01-08 06:04:42,collab-v1.3,False,2026-01-08 06:04:42,2026-01-08 06:04:42
1280,775,497,2026-03-21 08:41:32,content-based-v2.0,False,2026-03-21 08:41:32,2026-03-21 08:41:32
1281,354,142,2025-11-27 07:11:27,collab-v1.2,False,2025-11-27 07:11:27,2025-11-27 07:11:27
1282,143,325,2025-11-20 08:25:06,content-based-v2.0,False,2025-11-20 08:25:06,2025-11-20 08:25:06
1283,21,117,2025-08-25 17:13:20,collab-v1.2,True,2025-08-25 17:13:20,2025-08-25 17:13:20
1284,275,233,2025-12-13 07:41:27,content-based-v2.0,False,2025-12-13 07:41:27,2025-12-13 07:41:27
1285,799,402,2025-10-27 02:16:44,hybrid-v1.0,False,2025-10-27 02:16:44,2025-10-27 02:16:44
1286,311,243,2025-10-25 04:18:12,collab-v1.2,False,2025-10-25 04:18:12,2025-10-25 04:18:12
1287,398,367,2025-07-04 11:42:13,hybrid-v1.0,False,2025-07-04 11:42:13,2025-07-04 11:42:13
1288,197,135,2026-01-14 05:34:39,content-based-v2.0,False,2026-01-14 05:34:39,2026-01-14 05:34:39
1289,178,77,2025-09-30 10:16:51,collab-v1.3,True,2025-09-30 10:16:51,2025-09-30 10:16:51
1290,906,512,2025-06-27 22:43:31,collab-v1.2,True,2025-06-27 22:43:31,2025-06-27 22:43:31
1291,208,432,2025-10-16 14:47:28,collab-v1.2,False,2025-10-16 14:47:28,2025-10-16 14:47:28
1292,776,571,2025-11-30 10:45:48,collab-v1.3,False,2025-11-30 10:45:48,2025-11-30 10:45:48
1293,654,96,2026-01-13 17:28:40,collab-v1.3,False,2026-01-13 17:28:40,2026-01-13 17:28:40
1294,843,97,2026-04-29 17:23:49,collab-v1.3,False,2026-04-29 17:23:49,2026-04-29 17:23:49
1295,53,41,2025-11-12 08:45:21,collab-v1.2,False,2025-11-12 08:45:21,2025-11-12 08:45:21
1296,243,366,2025-10-30 21:48:02,content-based-v2.0,False,2025-10-30 21:48:02,2025-10-30 21:48:02
1297,787,67,2025-11-21 09:05:58,hybrid-v1.0,True,2025-11-21 09:05:58,2025-11-21 09:05:58
1298,160,160,2025-07-08 13:23:00,collab-v1.3,False,2025-07-08 13:23:00,2025-07-08 13:23:00
1299,121,291,2025-11-22 03:33:57,collab-v1.3,False,2025-11-22 03:33:57,2025-11-22 03:33:57
1300,92,225,2025-09-04 09:45:45,content-based-v2.0,False,2025-09-04 09:45:45,2025-09-04 09:45:45
1301,774,166,2026-05-13 18:40:18,collab-v1.3,False,2026-05-13 18:40:18,2026-05-13 18:40:18
1302,113,11,2026-02-10 15:11:16,collab-v1.2,False,2026-02-10 15:11:16,2026-02-10 15:11:16
1303,696,218,2025-12-10 08:13:54,hybrid-v1.0,False,2025-12-10 08:13:54,2025-12-10 08:13:54
1304,788,71,2025-12-15 16:57:01,collab-v1.2,False,2025-12-15 16:57:01,2025-12-15 16:57:01
1305,214,355,2026-01-25 13:49:08,content-based-v2.0,True,2026-01-25 13:49:08,2026-01-25 13:49:08
1306,696,87,2025-06-29 20:19:10,content-based-v2.0,False,2025-06-29 20:19:10,2025-06-29 20:19:10
1307,401,385,2025-10-20 17:22:53,content-based-v2.0,False,2025-10-20 17:22:53,2025-10-20 17:22:53
1308,833,62,2025-08-11 21:11:44,content-based-v2.0,True,2025-08-11 21:11:44,2025-08-11 21:11:44
1309,862,223,2025-08-26 10:54:15,content-based-v2.0,False,2025-08-26 10:54:15,2025-08-26 10:54:15
1310,64,398,2025-11-23 06:23:14,collab-v1.3,False,2025-11-23 06:23:14,2025-11-23 06:23:14
1311,520,455,2025-09-06 13:33:57,collab-v1.3,False,2025-09-06 13:33:57,2025-09-06 13:33:57
1312,325,391,2025-08-02 16:38:08,hybrid-v1.0,False,2025-08-02 16:38:08,2025-08-02 16:38:08
1313,941,524,2025-12-01 05:30:16,content-based-v2.0,True,2025-12-01 05:30:16,2025-12-01 05:30:16
1314,870,542,2025-10-02 07:24:49,hybrid-v1.0,False,2025-10-02 07:24:49,2025-10-02 07:24:49
1315,260,326,2025-10-17 00:59:33,collab-v1.2,True,2025-10-17 00:59:33,2025-10-17 00:59:33
1316,654,574,2026-01-28 01:01:37,collab-v1.2,False,2026-01-28 01:01:37,2026-01-28 01:01:37
1317,882,101,2026-01-11 03:45:26,collab-v1.2,True,2026-01-11 03:45:26,2026-01-11 03:45:26
1318,857,498,2025-09-04 18:49:14,collab-v1.2,False,2025-09-04 18:49:14,2025-09-04 18:49:14
1319,152,357,2025-12-26 02:13:08,content-based-v2.0,False,2025-12-26 02:13:08,2025-12-26 02:13:08
1320,226,175,2026-01-09 16:32:11,collab-v1.3,False,2026-01-09 16:32:11,2026-01-09 16:32:11
1321,79,373,2025-06-11 18:17:37,hybrid-v1.0,False,2025-06-11 18:17:37,2025-06-11 18:17:37
1322,134,437,2025-09-19 04:54:52,hybrid-v1.0,False,2025-09-19 04:54:52,2025-09-19 04:54:52
1323,283,270,2026-04-07 23:36:59,content-based-v2.0,False,2026-04-07 23:36:59,2026-04-07 23:36:59
1324,396,453,2026-04-27 03:24:51,hybrid-v1.0,False,2026-04-27 03:24:51,2026-04-27 03:24:51
1325,700,167,2026-05-01 07:33:39,hybrid-v1.0,False,2026-05-01 07:33:39,2026-05-01 07:33:39
1326,636,396,2025-09-15 23:34:08,collab-v1.2,False,2025-09-15 23:34:08,2025-09-15 23:34:08
1327,815,540,2025-12-14 00:36:13,collab-v1.2,False,2025-12-14 00:36:13,2025-12-14 00:36:13
1328,858,549,2025-07-04 18:30:57,content-based-v2.0,False,2025-07-04 18:30:57,2025-07-04 18:30:57
1329,374,496,2026-01-12 03:15:27,content-based-v2.0,False,2026-01-12 03:15:27,2026-01-12 03:15:27
1330,886,486,2026-03-23 05:08:14,hybrid-v1.0,False,2026-03-23 05:08:14,2026-03-23 05:08:14
1331,709,365,2025-12-12 17:13:58,content-based-v2.0,False,2025-12-12 17:13:58,2025-12-12 17:13:58
1332,677,50,2026-01-24 03:46:10,hybrid-v1.0,False,2026-01-24 03:46:10,2026-01-24 03:46:10
1333,69,222,2026-02-06 14:59:26,collab-v1.2,False,2026-02-06 14:59:26,2026-02-06 14:59:26
1334,190,472,2026-03-25 16:14:43,collab-v1.3,False,2026-03-25 16:14:43,2026-03-25 16:14:43
1335,966,452,2025-12-13 22:23:20,collab-v1.2,False,2025-12-13 22:23:20,2025-12-13 22:23:20
1336,359,590,2026-01-21 05:36:21,content-based-v2.0,False,2026-01-21 05:36:21,2026-01-21 05:36:21
1337,125,552,2026-01-04 14:28:15,content-based-v2.0,True,2026-01-04 14:28:15,2026-01-04 14:28:15
1338,36,229,2025-09-03 03:03:02,collab-v1.3,False,2025-09-03 03:03:02,2025-09-03 03:03:02
1339,47,567,2025-10-18 23:09:18,collab-v1.2,False,2025-10-18 23:09:18,2025-10-18 23:09:18
1340,971,571,2025-07-20 04:26:23,content-based-v2.0,True,2025-07-20 04:26:23,2025-07-20 04:26:23
1341,578,10,2025-11-09 18:05:52,collab-v1.3,True,2025-11-09 18:05:52,2025-11-09 18:05:52
1342,562,445,2026-03-13 17:43:51,hybrid-v1.0,False,2026-03-13 17:43:51,2026-03-13 17:43:51
1343,438,209,2025-08-19 01:22:29,collab-v1.2,False,2025-08-19 01:22:29,2025-08-19 01:22:29
1344,570,592,2025-07-29 03:10:56,collab-v1.2,False,2025-07-29 03:10:56,2025-07-29 03:10:56
1345,239,168,2025-10-29 08:55:43,collab-v1.2,False,2025-10-29 08:55:43,2025-10-29 08:55:43
1346,84,274,2025-10-14 16:18:20,collab-v1.2,True,2025-10-14 16:18:20,2025-10-14 16:18:20
1347,874,377,2026-03-24 17:39:04,collab-v1.2,False,2026-03-24 17:39:04,2026-03-24 17:39:04
1348,312,305,2025-08-23 13:14:16,content-based-v2.0,False,2025-08-23 13:14:16,2025-08-23 13:14:16
1349,16,130,2025-12-09 07:46:56,content-based-v2.0,False,2025-12-09 07:46:56,2025-12-09 07:46:56
1350,807,416,2025-11-03 20:04:56,collab-v1.2,False,2025-11-03 20:04:56,2025-11-03 20:04:56
1351,660,443,2026-01-04 00:30:20,content-based-v2.0,False,2026-01-04 00:30:20,2026-01-04 00:30:20
1352,717,58,2026-01-20 05:16:36,collab-v1.2,False,2026-01-20 05:16:36,2026-01-20 05:16:36
1353,381,266,2025-09-08 02:45:28,hybrid-v1.0,True,2025-09-08 02:45:28,2025-09-08 02:45:28
1354,425,421,2026-05-25 17:18:35,content-based-v2.0,True,2026-05-25 17:18:35,2026-05-25 17:18:35
1355,484,258,2025-09-29 02:47:07,collab-v1.2,False,2025-09-29 02:47:07,2025-09-29 02:47:07
1356,215,142,2025-10-29 10:00:15,collab-v1.3,False,2025-10-29 10:00:15,2025-10-29 10:00:15
1357,168,162,2025-09-02 19:49:42,collab-v1.3,True,2025-09-02 19:49:42,2025-09-02 19:49:42
1358,915,200,2025-10-19 00:51:06,collab-v1.3,False,2025-10-19 00:51:06,2025-10-19 00:51:06
1359,834,593,2025-09-05 19:51:45,collab-v1.2,False,2025-09-05 19:51:45,2025-09-05 19:51:45
1360,145,479,2025-07-11 17:27:31,hybrid-v1.0,False,2025-07-11 17:27:31,2025-07-11 17:27:31
1361,306,292,2025-06-26 11:28:47,content-based-v2.0,False,2025-06-26 11:28:47,2025-06-26 11:28:47
1362,151,559,2025-11-11 07:02:18,collab-v1.2,False,2025-11-11 07:02:18,2025-11-11 07:02:18
1363,66,503,2025-09-04 07:32:21,content-based-v2.0,True,2025-09-04 07:32:21,2025-09-04 07:32:21
1364,727,145,2025-11-26 00:02:19,collab-v1.3,False,2025-11-26 00:02:19,2025-11-26 00:02:19
1365,977,572,2026-05-09 15:38:51,collab-v1.2,False,2026-05-09 15:38:51,2026-05-09 15:38:51
1366,661,417,2025-12-29 01:10:44,hybrid-v1.0,False,2025-12-29 01:10:44,2025-12-29 01:10:44
1367,2,237,2026-02-09 08:52:42,collab-v1.2,False,2026-02-09 08:52:42,2026-02-09 08:52:42
1368,673,106,2025-10-23 11:12:43,hybrid-v1.0,False,2025-10-23 11:12:43,2025-10-23 11:12:43
1369,165,370,2025-07-07 10:10:36,content-based-v2.0,True,2025-07-07 10:10:36,2025-07-07 10:10:36
1370,883,243,2025-08-24 01:14:42,collab-v1.3,False,2025-08-24 01:14:42,2025-08-24 01:14:42
1371,489,329,2026-01-24 02:07:24,collab-v1.2,False,2026-01-24 02:07:24,2026-01-24 02:07:24
1372,206,98,2026-04-12 22:36:43,collab-v1.3,True,2026-04-12 22:36:43,2026-04-12 22:36:43
1373,970,469,2025-11-28 05:57:41,hybrid-v1.0,True,2025-11-28 05:57:41,2025-11-28 05:57:41
1374,786,66,2025-11-10 08:46:52,collab-v1.3,False,2025-11-10 08:46:52,2025-11-10 08:46:52
1375,241,81,2025-07-28 05:40:00,content-based-v2.0,True,2025-07-28 05:40:00,2025-07-28 05:40:00
1376,118,180,2026-02-15 11:03:27,content-based-v2.0,False,2026-02-15 11:03:27,2026-02-15 11:03:27
1377,645,30,2026-04-07 13:00:59,content-based-v2.0,True,2026-04-07 13:00:59,2026-04-07 13:00:59
1378,451,469,2025-07-10 19:02:47,hybrid-v1.0,False,2025-07-10 19:02:47,2025-07-10 19:02:47
1379,672,126,2025-12-22 07:06:20,hybrid-v1.0,False,2025-12-22 07:06:20,2025-12-22 07:06:20
1380,738,39,2026-03-28 11:54:01,hybrid-v1.0,True,2026-03-28 11:54:01,2026-03-28 11:54:01
1381,720,452,2026-03-22 07:32:19,collab-v1.3,False,2026-03-22 07:32:19,2026-03-22 07:32:19
1382,405,408,2026-03-25 18:00:29,hybrid-v1.0,False,2026-03-25 18:00:29,2026-03-25 18:00:29
1383,254,311,2025-11-17 22:04:38,collab-v1.3,False,2025-11-17 22:04:38,2025-11-17 22:04:38
1384,822,342,2025-08-31 06:12:02,collab-v1.3,False,2025-08-31 06:12:02,2025-08-31 06:12:02
1385,895,519,2026-04-01 16:54:23,collab-v1.3,False,2026-04-01 16:54:23,2026-04-01 16:54:23
1386,371,39,2026-03-04 23:43:44,collab-v1.2,False,2026-03-04 23:43:44,2026-03-04 23:43:44
1387,885,355,2026-01-15 18:59:34,collab-v1.3,False,2026-01-15 18:59:34,2026-01-15 18:59:34
1388,333,458,2026-03-13 22:15:58,content-based-v2.0,False,2026-03-13 22:15:58,2026-03-13 22:15:58
1389,925,294,2026-02-28 06:04:04,collab-v1.2,False,2026-02-28 06:04:04,2026-02-28 06:04:04
1390,997,487,2025-09-20 16:57:45,collab-v1.2,False,2025-09-20 16:57:45,2025-09-20 16:57:45
1391,956,149,2025-07-24 13:11:50,hybrid-v1.0,True,2025-07-24 13:11:50,2025-07-24 13:11:50
1392,736,349,2025-06-18 22:10:15,collab-v1.2,False,2025-06-18 22:10:15,2025-06-18 22:10:15
1393,284,482,2025-07-14 07:33:07,collab-v1.2,False,2025-07-14 07:33:07,2025-07-14 07:33:07
1394,608,410,2025-08-03 23:42:52,hybrid-v1.0,False,2025-08-03 23:42:52,2025-08-03 23:42:52
1395,803,272,2025-12-11 04:29:03,hybrid-v1.0,False,2025-12-11 04:29:03,2025-12-11 04:29:03
1396,520,273,2026-05-04 20:52:58,collab-v1.3,True,2026-05-04 20:52:58,2026-05-04 20:52:58
1397,898,233,2025-12-21 23:36:35,collab-v1.3,False,2025-12-21 23:36:35,2025-12-21 23:36:35
1398,606,136,2025-11-04 10:00:15,content-based-v2.0,False,2025-11-04 10:00:15,2025-11-04 10:00:15
1399,894,29,2026-04-03 04:48:30,content-based-v2.0,False,2026-04-03 04:48:30,2026-04-03 04:48:30
1400,347,481,2026-03-06 03:59:52,collab-v1.2,False,2026-03-06 03:59:52,2026-03-06 03:59:52
1401,404,574,2025-09-18 01:32:11,hybrid-v1.0,True,2025-09-18 01:32:11,2025-09-18 01:32:11
1402,394,457,2025-06-15 04:36:24,collab-v1.2,False,2025-06-15 04:36:24,2025-06-15 04:36:24
1403,230,38,2025-09-10 13:38:23,content-based-v2.0,False,2025-09-10 13:38:23,2025-09-10 13:38:23
1404,842,195,2025-06-26 06:20:03,collab-v1.2,True,2025-06-26 06:20:03,2025-06-26 06:20:03
1405,910,337,2025-12-21 01:38:53,content-based-v2.0,False,2025-12-21 01:38:53,2025-12-21 01:38:53
1406,998,45,2026-05-22 16:12:55,content-based-v2.0,True,2026-05-22 16:12:55,2026-05-22 16:12:55
1407,864,119,2025-12-02 20:43:55,collab-v1.2,False,2025-12-02 20:43:55,2025-12-02 20:43:55
1408,808,536,2025-09-16 08:53:04,content-based-v2.0,False,2025-09-16 08:53:04,2025-09-16 08:53:04
1409,961,566,2025-07-24 10:50:37,content-based-v2.0,False,2025-07-24 10:50:37,2025-07-24 10:50:37
1410,492,367,2025-06-23 12:22:17,collab-v1.2,False,2025-06-23 12:22:17,2025-06-23 12:22:17
1411,71,310,2025-10-25 21:22:57,collab-v1.3,False,2025-10-25 21:22:57,2025-10-25 21:22:57
1412,824,459,2025-10-20 02:47:52,content-based-v2.0,False,2025-10-20 02:47:52,2025-10-20 02:47:52
1413,619,422,2026-04-28 12:46:31,collab-v1.3,False,2026-04-28 12:46:31,2026-04-28 12:46:31
1414,904,412,2025-11-19 12:08:42,content-based-v2.0,False,2025-11-19 12:08:42,2025-11-19 12:08:42
1415,2,548,2025-06-17 03:41:10,content-based-v2.0,False,2025-06-17 03:41:10,2025-06-17 03:41:10
1416,85,226,2025-07-06 06:26:33,collab-v1.3,False,2025-07-06 06:26:33,2025-07-06 06:26:33
1417,977,212,2025-11-07 08:29:57,collab-v1.2,False,2025-11-07 08:29:57,2025-11-07 08:29:57
1418,927,529,2026-01-16 18:55:20,collab-v1.3,False,2026-01-16 18:55:20,2026-01-16 18:55:20
1419,498,408,2026-04-06 20:43:23,collab-v1.2,False,2026-04-06 20:43:23,2026-04-06 20:43:23
1420,99,90,2026-05-15 13:51:33,content-based-v2.0,True,2026-05-15 13:51:33,2026-05-15 13:51:33
1421,383,232,2026-05-12 23:13:15,hybrid-v1.0,False,2026-05-12 23:13:15,2026-05-12 23:13:15
1422,347,15,2025-09-08 04:16:28,content-based-v2.0,False,2025-09-08 04:16:28,2025-09-08 04:16:28
1423,13,455,2025-12-11 19:48:44,collab-v1.3,False,2025-12-11 19:48:44,2025-12-11 19:48:44
1424,624,28,2025-08-04 09:48:39,collab-v1.3,False,2025-08-04 09:48:39,2025-08-04 09:48:39
1425,572,234,2026-06-01 01:24:49,hybrid-v1.0,True,2026-06-01 01:24:49,2026-06-01 01:24:49
1426,581,227,2025-08-03 22:37:42,collab-v1.3,False,2025-08-03 22:37:42,2025-08-03 22:37:42
1427,642,334,2025-06-29 17:15:32,collab-v1.2,True,2025-06-29 17:15:32,2025-06-29 17:15:32
1428,451,227,2025-10-06 06:07:14,collab-v1.2,True,2025-10-06 06:07:14,2025-10-06 06:07:14
1429,845,65,2025-12-19 00:51:47,hybrid-v1.0,False,2025-12-19 00:51:47,2025-12-19 00:51:47
1430,110,121,2025-07-21 11:47:52,content-based-v2.0,False,2025-07-21 11:47:52,2025-07-21 11:47:52
1431,163,486,2025-11-16 07:31:20,content-based-v2.0,False,2025-11-16 07:31:20,2025-11-16 07:31:20
1432,851,116,2026-04-27 14:33:17,collab-v1.3,False,2026-04-27 14:33:17,2026-04-27 14:33:17
1433,218,293,2025-11-24 08:38:05,content-based-v2.0,False,2025-11-24 08:38:05,2025-11-24 08:38:05
1434,685,464,2026-05-07 02:45:13,collab-v1.3,True,2026-05-07 02:45:13,2026-05-07 02:45:13
1435,524,434,2025-12-20 04:00:04,collab-v1.3,False,2025-12-20 04:00:04,2025-12-20 04:00:04
1436,122,15,2025-07-11 09:44:50,collab-v1.3,False,2025-07-11 09:44:50,2025-07-11 09:44:50
1437,354,8,2025-12-23 18:54:33,collab-v1.3,False,2025-12-23 18:54:33,2025-12-23 18:54:33
1438,510,518,2025-07-18 15:24:14,collab-v1.3,False,2025-07-18 15:24:14,2025-07-18 15:24:14
1439,245,323,2025-09-07 17:52:07,hybrid-v1.0,False,2025-09-07 17:52:07,2025-09-07 17:52:07
1440,41,441,2025-07-28 14:55:05,content-based-v2.0,False,2025-07-28 14:55:05,2025-07-28 14:55:05
1441,994,566,2025-08-24 07:59:20,collab-v1.3,False,2025-08-24 07:59:20,2025-08-24 07:59:20
1442,485,455,2025-09-30 01:07:22,content-based-v2.0,False,2025-09-30 01:07:22,2025-09-30 01:07:22
1443,363,35,2026-05-28 23:28:29,collab-v1.2,False,2026-05-28 23:28:29,2026-05-28 23:28:29
1444,303,593,2026-01-01 08:20:30,collab-v1.3,False,2026-01-01 08:20:30,2026-01-01 08:20:30
1445,546,591,2025-11-10 15:21:55,collab-v1.2,False,2025-11-10 15:21:55,2025-11-10 15:21:55
1446,384,216,2025-12-28 03:32:36,collab-v1.3,True,2025-12-28 03:32:36,2025-12-28 03:32:36
1447,371,493,2025-06-21 15:18:13,content-based-v2.0,False,2025-06-21 15:18:13,2025-06-21 15:18:13
1448,856,9,2025-08-19 20:41:16,collab-v1.2,False,2025-08-19 20:41:16,2025-08-19 20:41:16
1449,586,96,2025-10-03 03:47:38,collab-v1.2,False,2025-10-03 03:47:38,2025-10-03 03:47:38
1450,61,594,2025-07-10 05:03:07,content-based-v2.0,False,2025-07-10 05:03:07,2025-07-10 05:03:07
1451,522,437,2025-11-14 09:05:08,content-based-v2.0,False,2025-11-14 09:05:08,2025-11-14 09:05:08
1452,980,123,2026-01-16 11:13:17,collab-v1.2,False,2026-01-16 11:13:17,2026-01-16 11:13:17
1453,905,7,2026-05-09 12:49:04,hybrid-v1.0,False,2026-05-09 12:49:04,2026-05-09 12:49:04
1454,861,166,2025-07-08 18:53:12,collab-v1.3,False,2025-07-08 18:53:12,2025-07-08 18:53:12
1455,280,427,2025-08-24 01:07:36,collab-v1.3,False,2025-08-24 01:07:36,2025-08-24 01:07:36
1456,405,12,2025-10-17 18:38:46,content-based-v2.0,False,2025-10-17 18:38:46,2025-10-17 18:38:46
1457,8,149,2025-12-09 01:53:44,collab-v1.3,False,2025-12-09 01:53:44,2025-12-09 01:53:44
1458,646,39,2026-02-08 21:56:58,collab-v1.3,False,2026-02-08 21:56:58,2026-02-08 21:56:58
1459,698,433,2026-03-19 11:26:44,hybrid-v1.0,True,2026-03-19 11:26:44,2026-03-19 11:26:44
1460,773,52,2026-02-09 02:34:32,collab-v1.2,False,2026-02-09 02:34:32,2026-02-09 02:34:32
1461,257,55,2025-06-27 11:47:25,collab-v1.2,False,2025-06-27 11:47:25,2025-06-27 11:47:25
1462,354,592,2026-01-19 09:07:44,collab-v1.3,False,2026-01-19 09:07:44,2026-01-19 09:07:44
1463,409,134,2025-08-05 06:02:00,collab-v1.2,False,2025-08-05 06:02:00,2025-08-05 06:02:00
1464,222,331,2026-04-15 15:25:31,collab-v1.3,False,2026-04-15 15:25:31,2026-04-15 15:25:31
1465,468,225,2025-09-11 10:48:24,content-based-v2.0,False,2025-09-11 10:48:24,2025-09-11 10:48:24
1466,520,473,2026-03-07 00:27:31,content-based-v2.0,False,2026-03-07 00:27:31,2026-03-07 00:27:31
1467,595,103,2025-07-01 14:22:48,hybrid-v1.0,False,2025-07-01 14:22:48,2025-07-01 14:22:48
1468,882,17,2026-02-23 21:51:07,collab-v1.2,False,2026-02-23 21:51:07,2026-02-23 21:51:07
1469,353,138,2025-06-06 14:10:49,content-based-v2.0,True,2025-06-06 14:10:49,2025-06-06 14:10:49
1470,197,174,2025-07-29 19:36:39,collab-v1.2,False,2025-07-29 19:36:39,2025-07-29 19:36:39
1471,515,115,2025-10-21 20:01:46,collab-v1.2,False,2025-10-21 20:01:46,2025-10-21 20:01:46
1472,622,395,2026-04-18 12:47:33,content-based-v2.0,False,2026-04-18 12:47:33,2026-04-18 12:47:33
1473,756,473,2026-04-06 01:24:53,collab-v1.3,False,2026-04-06 01:24:53,2026-04-06 01:24:53
1474,200,271,2026-03-14 23:47:25,collab-v1.3,False,2026-03-14 23:47:25,2026-03-14 23:47:25
1475,40,520,2025-09-02 23:06:55,hybrid-v1.0,False,2025-09-02 23:06:55,2025-09-02 23:06:55
1476,625,273,2025-06-06 09:22:58,collab-v1.3,False,2025-06-06 09:22:58,2025-06-06 09:22:58
1477,428,551,2026-02-27 04:28:09,collab-v1.3,False,2026-02-27 04:28:09,2026-02-27 04:28:09
1478,102,560,2026-03-01 01:32:17,collab-v1.2,False,2026-03-01 01:32:17,2026-03-01 01:32:17
1479,299,440,2025-06-11 14:33:42,hybrid-v1.0,True,2025-06-11 14:33:42,2025-06-11 14:33:42
1480,350,157,2026-01-02 00:50:34,collab-v1.3,False,2026-01-02 00:50:34,2026-01-02 00:50:34
1481,894,386,2025-09-18 08:55:10,content-based-v2.0,False,2025-09-18 08:55:10,2025-09-18 08:55:10
1482,742,581,2025-07-19 15:09:18,content-based-v2.0,True,2025-07-19 15:09:18,2025-07-19 15:09:18
1483,600,593,2025-09-20 02:39:23,content-based-v2.0,False,2025-09-20 02:39:23,2025-09-20 02:39:23
1484,911,341,2026-03-25 09:17:07,collab-v1.2,False,2026-03-25 09:17:07,2026-03-25 09:17:07
1485,620,288,2026-05-21 18:17:12,content-based-v2.0,False,2026-05-21 18:17:12,2026-05-21 18:17:12
1486,755,240,2025-08-24 11:07:11,collab-v1.3,False,2025-08-24 11:07:11,2025-08-24 11:07:11
1487,947,324,2025-09-16 10:24:33,collab-v1.2,True,2025-09-16 10:24:33,2025-09-16 10:24:33
1488,914,449,2025-12-16 09:54:37,collab-v1.3,False,2025-12-16 09:54:37,2025-12-16 09:54:37
1489,220,360,2025-06-24 17:43:59,hybrid-v1.0,False,2025-06-24 17:43:59,2025-06-24 17:43:59
1490,450,577,2025-08-08 15:31:54,hybrid-v1.0,False,2025-08-08 15:31:54,2025-08-08 15:31:54
1491,149,353,2025-10-18 15:13:27,collab-v1.2,False,2025-10-18 15:13:27,2025-10-18 15:13:27
1492,540,249,2025-07-30 10:59:55,collab-v1.2,False,2025-07-30 10:59:55,2025-07-30 10:59:55
1493,412,113,2025-12-04 13:19:41,collab-v1.2,False,2025-12-04 13:19:41,2025-12-04 13:19:41
1494,689,49,2025-12-12 23:06:37,collab-v1.2,False,2025-12-12 23:06:37,2025-12-12 23:06:37
1495,731,485,2025-10-09 03:34:22,collab-v1.2,False,2025-10-09 03:34:22,2025-10-09 03:34:22
1496,7,342,2026-03-24 17:31:46,collab-v1.2,False,2026-03-24 17:31:46,2026-03-24 17:31:46
1497,664,87,2025-09-25 16:44:04,collab-v1.3,False,2025-09-25 16:44:04,2025-09-25 16:44:04
1498,117,446,2025-11-24 11:14:26,content-based-v2.0,False,2025-11-24 11:14:26,2025-11-24 11:14:26
1499,19,457,2025-06-08 14:23:02,collab-v1.2,True,2025-06-08 14:23:02,2025-06-08 14:23:02
1500,600,556,2025-10-27 11:38:21,hybrid-v1.0,False,2025-10-27 11:38:21,2025-10-27 11:38:21
1501,33,377,2025-12-19 19:19:23,collab-v1.3,False,2025-12-19 19:19:23,2025-12-19 19:19:23
1502,693,256,2025-11-20 05:32:00,hybrid-v1.0,True,2025-11-20 05:32:00,2025-11-20 05:32:00
1503,526,309,2025-07-25 17:53:23,content-based-v2.0,False,2025-07-25 17:53:23,2025-07-25 17:53:23
1504,929,188,2026-05-30 17:31:57,collab-v1.2,True,2026-05-30 17:31:57,2026-05-30 17:31:57
1505,139,161,2025-08-05 03:37:13,collab-v1.3,False,2025-08-05 03:37:13,2025-08-05 03:37:13
1506,416,456,2026-03-31 23:44:14,collab-v1.2,False,2026-03-31 23:44:14,2026-03-31 23:44:14
1507,803,78,2025-06-20 17:24:12,content-based-v2.0,False,2025-06-20 17:24:12,2025-06-20 17:24:12
1508,787,404,2026-03-18 04:41:19,collab-v1.2,False,2026-03-18 04:41:19,2026-03-18 04:41:19
1509,532,587,2026-02-15 04:10:15,collab-v1.3,False,2026-02-15 04:10:15,2026-02-15 04:10:15
1510,885,37,2026-05-03 07:35:06,collab-v1.2,False,2026-05-03 07:35:06,2026-05-03 07:35:06
1511,429,459,2026-05-05 16:06:31,content-based-v2.0,False,2026-05-05 16:06:31,2026-05-05 16:06:31
1512,479,19,2025-06-18 16:12:30,collab-v1.3,False,2025-06-18 16:12:30,2025-06-18 16:12:30
1513,594,526,2025-12-14 07:31:32,collab-v1.2,True,2025-12-14 07:31:32,2025-12-14 07:31:32
1514,907,444,2026-01-06 17:44:17,content-based-v2.0,False,2026-01-06 17:44:17,2026-01-06 17:44:17
1515,628,519,2025-09-15 03:14:32,hybrid-v1.0,False,2025-09-15 03:14:32,2025-09-15 03:14:32
1516,204,232,2026-05-27 10:35:56,collab-v1.2,False,2026-05-27 10:35:56,2026-05-27 10:35:56
1517,158,475,2026-03-11 04:33:44,collab-v1.2,False,2026-03-11 04:33:44,2026-03-11 04:33:44
1518,281,168,2026-01-02 06:01:19,collab-v1.2,False,2026-01-02 06:01:19,2026-01-02 06:01:19
1519,684,489,2025-12-07 19:42:59,collab-v1.2,False,2025-12-07 19:42:59,2025-12-07 19:42:59
1520,459,270,2026-03-20 09:10:11,content-based-v2.0,False,2026-03-20 09:10:11,2026-03-20 09:10:11
1521,126,597,2026-04-02 22:00:47,collab-v1.3,False,2026-04-02 22:00:47,2026-04-02 22:00:47
1522,626,145,2026-03-25 11:40:42,collab-v1.2,False,2026-03-25 11:40:42,2026-03-25 11:40:42
1523,7,203,2026-01-07 19:01:54,collab-v1.2,False,2026-01-07 19:01:54,2026-01-07 19:01:54
1524,101,1,2025-09-10 21:11:13,hybrid-v1.0,True,2025-09-10 21:11:13,2025-09-10 21:11:13
1525,19,600,2025-12-08 12:59:29,collab-v1.2,True,2025-12-08 12:59:29,2025-12-08 12:59:29
1526,640,571,2025-10-03 02:22:04,content-based-v2.0,False,2025-10-03 02:22:04,2025-10-03 02:22:04
1527,31,105,2025-06-12 01:39:50,content-based-v2.0,False,2025-06-12 01:39:50,2025-06-12 01:39:50
1528,846,295,2025-09-23 20:05:12,hybrid-v1.0,False,2025-09-23 20:05:12,2025-09-23 20:05:12
1529,30,92,2025-06-06 20:54:34,collab-v1.2,False,2025-06-06 20:54:34,2025-06-06 20:54:34
1530,405,13,2026-02-28 17:01:45,collab-v1.2,False,2026-02-28 17:01:45,2026-02-28 17:01:45
1531,477,158,2025-08-10 00:00:27,hybrid-v1.0,True,2025-08-10 00:00:27,2025-08-10 00:00:27
1532,781,499,2026-02-08 22:01:11,collab-v1.3,False,2026-02-08 22:01:11,2026-02-08 22:01:11
1533,565,303,2025-06-16 05:46:05,collab-v1.2,False,2025-06-16 05:46:05,2025-06-16 05:46:05
1534,874,509,2025-10-28 00:40:35,collab-v1.2,False,2025-10-28 00:40:35,2025-10-28 00:40:35
1535,266,530,2026-03-07 06:08:22,collab-v1.2,True,2026-03-07 06:08:22,2026-03-07 06:08:22
1536,855,219,2026-01-11 09:15:13,hybrid-v1.0,False,2026-01-11 09:15:13,2026-01-11 09:15:13
1537,220,483,2026-02-10 17:24:19,content-based-v2.0,False,2026-02-10 17:24:19,2026-02-10 17:24:19
1538,931,298,2025-08-28 03:32:51,content-based-v2.0,False,2025-08-28 03:32:51,2025-08-28 03:32:51
1539,183,172,2026-03-12 12:00:32,content-based-v2.0,False,2026-03-12 12:00:32,2026-03-12 12:00:32
1540,745,9,2025-07-15 10:44:51,content-based-v2.0,True,2025-07-15 10:44:51,2025-07-15 10:44:51
1541,245,367,2025-09-22 13:44:11,content-based-v2.0,False,2025-09-22 13:44:11,2025-09-22 13:44:11
1542,293,263,2025-07-14 03:24:58,collab-v1.3,True,2025-07-14 03:24:58,2025-07-14 03:24:58
1543,493,287,2026-04-06 00:05:31,content-based-v2.0,False,2026-04-06 00:05:31,2026-04-06 00:05:31
1544,996,59,2025-07-17 04:31:36,collab-v1.2,False,2025-07-17 04:31:36,2025-07-17 04:31:36
1545,753,596,2025-09-24 21:55:36,collab-v1.3,True,2025-09-24 21:55:36,2025-09-24 21:55:36
1546,482,276,2026-02-13 03:24:30,collab-v1.2,False,2026-02-13 03:24:30,2026-02-13 03:24:30
1547,976,14,2026-01-01 22:16:49,collab-v1.3,False,2026-01-01 22:16:49,2026-01-01 22:16:49
1548,319,301,2025-10-16 13:17:21,collab-v1.2,False,2025-10-16 13:17:21,2025-10-16 13:17:21
1549,543,317,2025-10-20 11:54:08,hybrid-v1.0,False,2025-10-20 11:54:08,2025-10-20 11:54:08
1550,164,166,2025-11-10 17:12:48,collab-v1.2,False,2025-11-10 17:12:48,2025-11-10 17:12:48
1551,574,51,2026-04-16 22:39:49,content-based-v2.0,False,2026-04-16 22:39:49,2026-04-16 22:39:49
1552,162,144,2025-06-19 23:11:10,hybrid-v1.0,False,2025-06-19 23:11:10,2025-06-19 23:11:10
1553,994,231,2026-01-11 00:55:55,collab-v1.3,False,2026-01-11 00:55:55,2026-01-11 00:55:55
1554,910,570,2025-06-23 14:22:46,content-based-v2.0,True,2025-06-23 14:22:46,2025-06-23 14:22:46
1555,413,325,2025-08-10 20:36:41,collab-v1.2,False,2025-08-10 20:36:41,2025-08-10 20:36:41
1556,683,17,2026-03-26 01:07:43,collab-v1.2,False,2026-03-26 01:07:43,2026-03-26 01:07:43
1557,769,593,2025-11-01 13:22:51,collab-v1.3,False,2025-11-01 13:22:51,2025-11-01 13:22:51
1558,856,359,2025-12-05 13:20:05,content-based-v2.0,False,2025-12-05 13:20:05,2025-12-05 13:20:05
1559,586,483,2025-07-02 17:49:46,collab-v1.3,False,2025-07-02 17:49:46,2025-07-02 17:49:46
1560,680,586,2025-11-06 06:11:52,collab-v1.2,False,2025-11-06 06:11:52,2025-11-06 06:11:52
1561,567,200,2026-02-09 07:57:28,collab-v1.2,False,2026-02-09 07:57:28,2026-02-09 07:57:28
1562,832,449,2025-09-14 09:33:48,collab-v1.3,True,2025-09-14 09:33:48,2025-09-14 09:33:48
1563,116,579,2026-02-13 03:25:28,collab-v1.2,False,2026-02-13 03:25:28,2026-02-13 03:25:28
1564,697,52,2026-01-15 22:38:00,collab-v1.3,False,2026-01-15 22:38:00,2026-01-15 22:38:00
1565,947,400,2025-10-30 20:53:55,collab-v1.3,False,2025-10-30 20:53:55,2025-10-30 20:53:55
1566,415,580,2025-08-26 02:41:45,hybrid-v1.0,False,2025-08-26 02:41:45,2025-08-26 02:41:45
1567,136,326,2025-10-06 12:02:28,content-based-v2.0,False,2025-10-06 12:02:28,2025-10-06 12:02:28
1568,549,553,2025-11-14 11:52:57,hybrid-v1.0,False,2025-11-14 11:52:57,2025-11-14 11:52:57
1569,63,334,2025-09-01 20:32:36,collab-v1.2,False,2025-09-01 20:32:36,2025-09-01 20:32:36
1570,13,241,2026-01-30 14:02:34,collab-v1.3,False,2026-01-30 14:02:34,2026-01-30 14:02:34
1571,553,42,2025-07-30 15:29:11,collab-v1.2,False,2025-07-30 15:29:11,2025-07-30 15:29:11
1572,452,240,2026-02-03 05:11:09,collab-v1.3,False,2026-02-03 05:11:09,2026-02-03 05:11:09
1573,807,589,2025-08-30 23:11:58,hybrid-v1.0,True,2025-08-30 23:11:58,2025-08-30 23:11:58
1574,371,64,2025-07-14 03:57:09,hybrid-v1.0,False,2025-07-14 03:57:09,2025-07-14 03:57:09
1575,839,161,2026-05-10 22:25:54,collab-v1.2,False,2026-05-10 22:25:54,2026-05-10 22:25:54
1576,236,175,2026-03-13 08:57:28,collab-v1.2,True,2026-03-13 08:57:28,2026-03-13 08:57:28
1577,865,42,2026-05-02 02:23:57,collab-v1.2,False,2026-05-02 02:23:57,2026-05-02 02:23:57
1578,692,479,2025-08-06 11:17:02,hybrid-v1.0,False,2025-08-06 11:17:02,2025-08-06 11:17:02
1579,339,94,2025-10-19 20:48:03,collab-v1.2,False,2025-10-19 20:48:03,2025-10-19 20:48:03
1580,994,277,2026-03-29 21:43:46,hybrid-v1.0,False,2026-03-29 21:43:46,2026-03-29 21:43:46
1581,985,175,2025-09-05 02:46:40,content-based-v2.0,False,2025-09-05 02:46:40,2025-09-05 02:46:40
1582,904,380,2025-07-23 01:53:21,hybrid-v1.0,False,2025-07-23 01:53:21,2025-07-23 01:53:21
1583,402,565,2026-03-08 06:18:54,content-based-v2.0,False,2026-03-08 06:18:54,2026-03-08 06:18:54
1584,639,60,2025-09-07 16:07:00,content-based-v2.0,False,2025-09-07 16:07:00,2025-09-07 16:07:00
1585,305,385,2026-05-01 15:02:22,hybrid-v1.0,True,2026-05-01 15:02:22,2026-05-01 15:02:22
1586,931,502,2025-11-19 09:46:47,collab-v1.3,False,2025-11-19 09:46:47,2025-11-19 09:46:47
1587,622,539,2025-08-12 22:42:45,collab-v1.3,False,2025-08-12 22:42:45,2025-08-12 22:42:45
1588,792,540,2025-08-18 14:55:39,collab-v1.3,False,2025-08-18 14:55:39,2025-08-18 14:55:39
1589,495,539,2025-08-20 07:04:45,collab-v1.3,False,2025-08-20 07:04:45,2025-08-20 07:04:45
1590,386,110,2026-05-06 02:01:31,content-based-v2.0,False,2026-05-06 02:01:31,2026-05-06 02:01:31
1591,838,371,2025-11-27 15:25:26,hybrid-v1.0,False,2025-11-27 15:25:26,2025-11-27 15:25:26
1592,223,241,2025-10-08 20:01:19,collab-v1.2,False,2025-10-08 20:01:19,2025-10-08 20:01:19
1593,552,354,2025-11-13 02:14:19,hybrid-v1.0,False,2025-11-13 02:14:19,2025-11-13 02:14:19
1594,457,330,2025-10-03 03:43:03,content-based-v2.0,False,2025-10-03 03:43:03,2025-10-03 03:43:03
1595,890,557,2025-09-06 19:14:59,content-based-v2.0,True,2025-09-06 19:14:59,2025-09-06 19:14:59
1596,293,15,2025-06-23 14:17:34,hybrid-v1.0,False,2025-06-23 14:17:34,2025-06-23 14:17:34
1597,731,438,2025-07-24 21:31:14,collab-v1.3,False,2025-07-24 21:31:14,2025-07-24 21:31:14
1598,878,448,2025-11-03 15:04:57,content-based-v2.0,False,2025-11-03 15:04:57,2025-11-03 15:04:57
1599,728,339,2026-03-13 14:52:45,collab-v1.3,False,2026-03-13 14:52:45,2026-03-13 14:52:45
1600,834,223,2025-11-16 05:13:54,content-based-v2.0,False,2025-11-16 05:13:54,2025-11-16 05:13:54
1601,915,509,2025-08-11 19:54:04,content-based-v2.0,False,2025-08-11 19:54:04,2025-08-11 19:54:04
1602,10,405,2026-04-08 14:26:54,collab-v1.2,False,2026-04-08 14:26:54,2026-04-08 14:26:54
1603,629,267,2025-06-30 23:50:10,collab-v1.3,False,2025-06-30 23:50:10,2025-06-30 23:50:10
1604,284,385,2025-10-05 02:51:06,collab-v1.3,False,2025-10-05 02:51:06,2025-10-05 02:51:06
1605,816,462,2026-04-06 12:03:06,collab-v1.2,True,2026-04-06 12:03:06,2026-04-06 12:03:06
1606,838,591,2025-07-04 19:28:46,collab-v1.3,False,2025-07-04 19:28:46,2025-07-04 19:28:46
1607,683,34,2025-10-25 21:33:07,collab-v1.2,True,2025-10-25 21:33:07,2025-10-25 21:33:07
1608,1000,296,2025-09-19 21:41:40,content-based-v2.0,False,2025-09-19 21:41:40,2025-09-19 21:41:40
1609,830,32,2026-01-03 12:34:46,collab-v1.2,False,2026-01-03 12:34:46,2026-01-03 12:34:46
1610,577,418,2025-10-07 00:49:49,hybrid-v1.0,False,2025-10-07 00:49:49,2025-10-07 00:49:49
1611,664,72,2025-06-15 22:20:34,content-based-v2.0,False,2025-06-15 22:20:34,2025-06-15 22:20:34
1612,711,64,2025-12-05 11:58:03,collab-v1.3,False,2025-12-05 11:58:03,2025-12-05 11:58:03
1613,80,544,2025-09-30 06:14:29,hybrid-v1.0,False,2025-09-30 06:14:29,2025-09-30 06:14:29
1614,153,509,2026-02-19 03:40:16,hybrid-v1.0,False,2026-02-19 03:40:16,2026-02-19 03:40:16
1615,725,62,2025-09-24 14:17:06,collab-v1.2,True,2025-09-24 14:17:06,2025-09-24 14:17:06
1616,162,300,2025-09-07 07:27:33,collab-v1.3,False,2025-09-07 07:27:33,2025-09-07 07:27:33
1617,974,469,2025-10-27 06:51:55,content-based-v2.0,False,2025-10-27 06:51:55,2025-10-27 06:51:55
1618,79,542,2026-02-19 05:12:01,collab-v1.3,False,2026-02-19 05:12:01,2026-02-19 05:12:01
1619,122,59,2025-12-12 21:04:18,collab-v1.3,False,2025-12-12 21:04:18,2025-12-12 21:04:18
1620,889,241,2025-06-10 06:16:36,collab-v1.3,True,2025-06-10 06:16:36,2025-06-10 06:16:36
1621,167,307,2026-04-09 22:05:12,content-based-v2.0,True,2026-04-09 22:05:12,2026-04-09 22:05:12
1622,806,111,2025-09-18 23:44:23,collab-v1.2,True,2025-09-18 23:44:23,2025-09-18 23:44:23
1623,812,224,2026-01-09 18:01:16,collab-v1.3,True,2026-01-09 18:01:16,2026-01-09 18:01:16
1624,43,87,2026-03-07 12:45:03,collab-v1.2,False,2026-03-07 12:45:03,2026-03-07 12:45:03
1625,821,179,2025-11-28 02:42:45,collab-v1.2,False,2025-11-28 02:42:45,2025-11-28 02:42:45
1626,745,399,2025-11-22 02:16:56,hybrid-v1.0,False,2025-11-22 02:16:56,2025-11-22 02:16:56
1627,39,595,2025-06-16 07:31:16,collab-v1.2,False,2025-06-16 07:31:16,2025-06-16 07:31:16
1628,154,139,2025-08-03 00:57:52,hybrid-v1.0,False,2025-08-03 00:57:52,2025-08-03 00:57:52
1629,559,550,2026-05-26 06:42:36,hybrid-v1.0,False,2026-05-26 06:42:36,2026-05-26 06:42:36
1630,243,590,2026-02-23 15:53:26,collab-v1.2,False,2026-02-23 15:53:26,2026-02-23 15:53:26
1631,357,261,2025-11-05 22:09:30,collab-v1.3,False,2025-11-05 22:09:30,2025-11-05 22:09:30
1632,642,185,2025-06-06 10:14:36,content-based-v2.0,True,2025-06-06 10:14:36,2025-06-06 10:14:36
1633,790,217,2025-12-22 21:07:25,content-based-v2.0,False,2025-12-22 21:07:25,2025-12-22 21:07:25
1634,353,163,2025-09-07 06:06:05,hybrid-v1.0,False,2025-09-07 06:06:05,2025-09-07 06:06:05
1635,764,528,2025-07-02 10:10:16,collab-v1.2,False,2025-07-02 10:10:16,2025-07-02 10:10:16
1636,204,210,2025-12-28 11:58:54,content-based-v2.0,False,2025-12-28 11:58:54,2025-12-28 11:58:54
1637,39,65,2025-07-01 17:32:17,content-based-v2.0,False,2025-07-01 17:32:17,2025-07-01 17:32:17
1638,643,520,2025-12-19 11:00:54,collab-v1.2,False,2025-12-19 11:00:54,2025-12-19 11:00:54
1639,588,414,2026-03-24 23:00:02,collab-v1.2,False,2026-03-24 23:00:02,2026-03-24 23:00:02
1640,579,545,2025-11-28 20:07:58,hybrid-v1.0,False,2025-11-28 20:07:58,2025-11-28 20:07:58
1641,651,53,2025-09-11 22:58:09,collab-v1.3,False,2025-09-11 22:58:09,2025-09-11 22:58:09
1642,273,45,2026-01-28 17:24:44,content-based-v2.0,False,2026-01-28 17:24:44,2026-01-28 17:24:44
1643,603,336,2025-07-21 06:07:25,hybrid-v1.0,False,2025-07-21 06:07:25,2025-07-21 06:07:25
1644,967,486,2025-12-13 15:40:14,collab-v1.3,False,2025-12-13 15:40:14,2025-12-13 15:40:14
1645,293,527,2026-02-28 00:28:51,collab-v1.2,False,2026-02-28 00:28:51,2026-02-28 00:28:51
1646,168,33,2026-05-13 10:53:47,collab-v1.3,False,2026-05-13 10:53:47,2026-05-13 10:53:47
1647,873,293,2026-05-07 23:41:01,content-based-v2.0,False,2026-05-07 23:41:01,2026-05-07 23:41:01
1648,429,206,2026-03-09 18:24:17,hybrid-v1.0,False,2026-03-09 18:24:17,2026-03-09 18:24:17
1649,728,570,2026-04-10 18:13:19,content-based-v2.0,False,2026-04-10 18:13:19,2026-04-10 18:13:19
1650,581,424,2025-11-13 12:00:04,collab-v1.2,False,2025-11-13 12:00:04,2025-11-13 12:00:04
1651,753,459,2025-11-01 13:43:52,collab-v1.2,True,2025-11-01 13:43:52,2025-11-01 13:43:52
1652,475,497,2025-11-25 01:30:50,content-based-v2.0,False,2025-11-25 01:30:50,2025-11-25 01:30:50
1653,384,410,2025-10-08 02:09:16,collab-v1.2,False,2025-10-08 02:09:16,2025-10-08 02:09:16
1654,159,134,2026-04-04 20:57:06,collab-v1.2,False,2026-04-04 20:57:06,2026-04-04 20:57:06
1655,9,350,2025-11-21 07:00:04,collab-v1.3,False,2025-11-21 07:00:04,2025-11-21 07:00:04
1656,8,236,2025-12-15 20:13:24,hybrid-v1.0,True,2025-12-15 20:13:24,2025-12-15 20:13:24
1657,756,345,2025-07-02 08:59:54,collab-v1.3,False,2025-07-02 08:59:54,2025-07-02 08:59:54
1658,277,594,2026-01-11 22:41:47,content-based-v2.0,False,2026-01-11 22:41:47,2026-01-11 22:41:47
1659,135,151,2025-07-16 02:44:56,collab-v1.2,False,2025-07-16 02:44:56,2025-07-16 02:44:56
1660,667,125,2026-03-03 07:13:58,collab-v1.2,False,2026-03-03 07:13:58,2026-03-03 07:13:58
1661,278,538,2025-12-22 17:21:42,hybrid-v1.0,False,2025-12-22 17:21:42,2025-12-22 17:21:42
1662,739,477,2026-05-13 11:11:11,collab-v1.2,False,2026-05-13 11:11:11,2026-05-13 11:11:11
1663,255,576,2025-10-25 21:41:10,collab-v1.3,False,2025-10-25 21:41:10,2025-10-25 21:41:10
1664,884,162,2025-07-26 20:48:43,collab-v1.2,False,2025-07-26 20:48:43,2025-07-26 20:48:43
1665,434,251,2025-10-07 01:51:35,collab-v1.2,False,2025-10-07 01:51:35,2025-10-07 01:51:35
1666,949,213,2026-01-03 07:40:02,content-based-v2.0,True,2026-01-03 07:40:02,2026-01-03 07:40:02
1667,432,582,2025-11-08 23:14:08,collab-v1.3,False,2025-11-08 23:14:08,2025-11-08 23:14:08
1668,663,60,2025-07-16 22:54:47,hybrid-v1.0,True,2025-07-16 22:54:47,2025-07-16 22:54:47
1669,557,491,2025-12-28 22:54:21,hybrid-v1.0,False,2025-12-28 22:54:21,2025-12-28 22:54:21
1670,804,573,2026-05-27 08:31:12,collab-v1.3,False,2026-05-27 08:31:12,2026-05-27 08:31:12
1671,309,299,2025-07-14 11:03:26,hybrid-v1.0,False,2025-07-14 11:03:26,2025-07-14 11:03:26
1672,591,472,2026-02-16 21:22:02,collab-v1.3,True,2026-02-16 21:22:02,2026-02-16 21:22:02
1673,471,443,2025-09-22 01:26:49,collab-v1.2,False,2025-09-22 01:26:49,2025-09-22 01:26:49
1674,287,423,2026-02-02 10:11:06,collab-v1.3,False,2026-02-02 10:11:06,2026-02-02 10:11:06
1675,664,84,2026-03-12 06:28:49,hybrid-v1.0,False,2026-03-12 06:28:49,2026-03-12 06:28:49
1676,411,11,2025-07-04 12:54:53,content-based-v2.0,False,2025-07-04 12:54:53,2025-07-04 12:54:53
1677,90,124,2026-01-27 12:44:24,content-based-v2.0,False,2026-01-27 12:44:24,2026-01-27 12:44:24
1678,964,535,2026-04-15 19:50:58,collab-v1.2,False,2026-04-15 19:50:58,2026-04-15 19:50:58
1679,281,392,2025-12-09 19:06:11,collab-v1.2,False,2025-12-09 19:06:11,2025-12-09 19:06:11
1680,374,314,2025-06-11 13:36:19,content-based-v2.0,False,2025-06-11 13:36:19,2025-06-11 13:36:19
1681,998,243,2025-06-28 00:57:05,content-based-v2.0,True,2025-06-28 00:57:05,2025-06-28 00:57:05
1682,601,330,2025-09-26 07:04:17,collab-v1.2,False,2025-09-26 07:04:17,2025-09-26 07:04:17
1683,771,571,2026-01-20 12:33:56,hybrid-v1.0,False,2026-01-20 12:33:56,2026-01-20 12:33:56
1684,730,29,2025-12-08 09:45:30,collab-v1.2,False,2025-12-08 09:45:30,2025-12-08 09:45:30
1685,191,578,2025-09-23 11:47:54,hybrid-v1.0,False,2025-09-23 11:47:54,2025-09-23 11:47:54
1686,251,561,2025-09-09 21:47:47,content-based-v2.0,False,2025-09-09 21:47:47,2025-09-09 21:47:47
1687,162,571,2026-04-29 20:04:26,hybrid-v1.0,False,2026-04-29 20:04:26,2026-04-29 20:04:26
1688,793,28,2025-06-09 18:23:11,content-based-v2.0,False,2025-06-09 18:23:11,2025-06-09 18:23:11
1689,995,409,2026-04-08 08:51:16,collab-v1.3,False,2026-04-08 08:51:16,2026-04-08 08:51:16
1690,199,81,2026-05-31 20:18:08,collab-v1.2,False,2026-05-31 20:18:08,2026-05-31 20:18:08
1691,290,23,2025-09-18 08:50:22,content-based-v2.0,True,2025-09-18 08:50:22,2025-09-18 08:50:22
1692,782,32,2025-07-28 10:05:03,content-based-v2.0,False,2025-07-28 10:05:03,2025-07-28 10:05:03
1693,613,529,2025-08-17 01:21:37,content-based-v2.0,False,2025-08-17 01:21:37,2025-08-17 01:21:37
1694,577,524,2025-08-02 13:36:06,content-based-v2.0,False,2025-08-02 13:36:06,2025-08-02 13:36:06
1695,94,522,2025-11-03 12:30:09,hybrid-v1.0,False,2025-11-03 12:30:09,2025-11-03 12:30:09
1696,840,268,2026-03-22 04:34:49,content-based-v2.0,True,2026-03-22 04:34:49,2026-03-22 04:34:49
1697,237,348,2025-07-25 13:55:23,collab-v1.3,True,2025-07-25 13:55:23,2025-07-25 13:55:23
1698,340,243,2025-12-14 18:10:46,collab-v1.2,False,2025-12-14 18:10:46,2025-12-14 18:10:46
1699,645,444,2026-02-17 08:55:25,content-based-v2.0,False,2026-02-17 08:55:25,2026-02-17 08:55:25
1700,788,174,2025-07-22 15:36:45,collab-v1.2,False,2025-07-22 15:36:45,2025-07-22 15:36:45
1701,242,543,2025-07-04 14:06:13,hybrid-v1.0,False,2025-07-04 14:06:13,2025-07-04 14:06:13
1702,202,307,2025-07-10 01:37:28,collab-v1.2,False,2025-07-10 01:37:28,2025-07-10 01:37:28
1703,360,261,2025-12-11 08:37:26,collab-v1.3,False,2025-12-11 08:37:26,2025-12-11 08:37:26
1704,170,215,2026-05-12 10:02:40,hybrid-v1.0,False,2026-05-12 10:02:40,2026-05-12 10:02:40
1705,502,254,2025-11-24 00:08:51,collab-v1.3,True,2025-11-24 00:08:51,2025-11-24 00:08:51
1706,977,200,2026-01-31 03:27:28,collab-v1.3,False,2026-01-31 03:27:28,2026-01-31 03:27:28
1707,201,411,2025-09-15 07:34:18,hybrid-v1.0,True,2025-09-15 07:34:18,2025-09-15 07:34:18
1708,178,474,2025-07-20 23:30:02,collab-v1.2,False,2025-07-20 23:30:02,2025-07-20 23:30:02
1709,217,561,2026-04-07 09:09:03,collab-v1.2,False,2026-04-07 09:09:03,2026-04-07 09:09:03
1710,702,355,2026-03-01 04:54:03,collab-v1.3,False,2026-03-01 04:54:03,2026-03-01 04:54:03
1711,946,478,2025-12-17 16:32:17,collab-v1.3,False,2025-12-17 16:32:17,2025-12-17 16:32:17
1712,378,426,2025-08-28 06:03:51,content-based-v2.0,True,2025-08-28 06:03:51,2025-08-28 06:03:51
1713,49,183,2025-10-14 04:38:36,collab-v1.3,False,2025-10-14 04:38:36,2025-10-14 04:38:36
1714,883,208,2025-11-16 02:00:55,collab-v1.3,False,2025-11-16 02:00:55,2025-11-16 02:00:55
1715,394,584,2025-07-07 23:45:04,collab-v1.2,True,2025-07-07 23:45:04,2025-07-07 23:45:04
1716,237,75,2026-04-19 23:40:01,collab-v1.2,False,2026-04-19 23:40:01,2026-04-19 23:40:01
1717,249,127,2025-12-03 06:01:21,collab-v1.2,False,2025-12-03 06:01:21,2025-12-03 06:01:21
1718,330,592,2026-02-11 15:55:10,collab-v1.2,False,2026-02-11 15:55:10,2026-02-11 15:55:10
1719,874,226,2025-07-26 11:57:55,collab-v1.2,True,2025-07-26 11:57:55,2025-07-26 11:57:55
1720,793,33,2025-08-15 17:25:21,content-based-v2.0,False,2025-08-15 17:25:21,2025-08-15 17:25:21
1721,512,279,2026-05-20 02:53:49,collab-v1.2,False,2026-05-20 02:53:49,2026-05-20 02:53:49
1722,367,108,2026-05-26 19:09:37,collab-v1.2,False,2026-05-26 19:09:37,2026-05-26 19:09:37
1723,592,504,2025-09-05 01:27:13,content-based-v2.0,False,2025-09-05 01:27:13,2025-09-05 01:27:13
1724,184,254,2025-09-20 21:12:39,content-based-v2.0,False,2025-09-20 21:12:39,2025-09-20 21:12:39
1725,559,392,2025-12-30 18:35:22,hybrid-v1.0,False,2025-12-30 18:35:22,2025-12-30 18:35:22
1726,377,283,2025-07-19 07:21:43,collab-v1.3,False,2025-07-19 07:21:43,2025-07-19 07:21:43
1727,496,320,2025-08-07 13:40:57,hybrid-v1.0,True,2025-08-07 13:40:57,2025-08-07 13:40:57
1728,990,462,2025-10-22 02:23:36,collab-v1.3,False,2025-10-22 02:23:36,2025-10-22 02:23:36
1729,62,558,2025-10-29 10:25:07,collab-v1.3,False,2025-10-29 10:25:07,2025-10-29 10:25:07
1730,645,235,2026-05-28 05:38:42,collab-v1.3,True,2026-05-28 05:38:42,2026-05-28 05:38:42
1731,433,582,2026-05-20 22:36:02,content-based-v2.0,False,2026-05-20 22:36:02,2026-05-20 22:36:02
1732,258,570,2026-05-13 12:25:37,collab-v1.3,False,2026-05-13 12:25:37,2026-05-13 12:25:37
1733,191,95,2026-03-24 15:18:05,content-based-v2.0,False,2026-03-24 15:18:05,2026-03-24 15:18:05
1734,563,349,2026-04-20 02:56:59,content-based-v2.0,True,2026-04-20 02:56:59,2026-04-20 02:56:59
1735,430,276,2026-04-29 12:04:19,collab-v1.3,False,2026-04-29 12:04:19,2026-04-29 12:04:19
1736,221,186,2026-03-16 18:54:31,hybrid-v1.0,False,2026-03-16 18:54:31,2026-03-16 18:54:31
1737,569,482,2025-11-21 11:34:02,content-based-v2.0,False,2025-11-21 11:34:02,2025-11-21 11:34:02
1738,317,468,2025-10-25 23:11:48,hybrid-v1.0,False,2025-10-25 23:11:48,2025-10-25 23:11:48
1739,937,72,2026-04-03 01:18:40,hybrid-v1.0,False,2026-04-03 01:18:40,2026-04-03 01:18:40
1740,164,474,2026-03-07 01:24:49,collab-v1.3,False,2026-03-07 01:24:49,2026-03-07 01:24:49
1741,854,338,2025-06-29 22:09:14,hybrid-v1.0,False,2025-06-29 22:09:14,2025-06-29 22:09:14
1742,810,477,2025-09-16 20:13:21,collab-v1.2,False,2025-09-16 20:13:21,2025-09-16 20:13:21
1743,481,70,2025-06-17 19:52:14,collab-v1.3,False,2025-06-17 19:52:14,2025-06-17 19:52:14
1744,883,486,2025-10-08 15:24:44,collab-v1.3,True,2025-10-08 15:24:44,2025-10-08 15:24:44
1745,917,436,2025-12-27 18:39:37,collab-v1.2,False,2025-12-27 18:39:37,2025-12-27 18:39:37
1746,697,258,2026-05-22 22:40:25,hybrid-v1.0,False,2026-05-22 22:40:25,2026-05-22 22:40:25
1747,642,137,2025-07-26 14:25:23,hybrid-v1.0,False,2025-07-26 14:25:23,2025-07-26 14:25:23
1748,699,404,2025-09-02 10:25:38,hybrid-v1.0,False,2025-09-02 10:25:38,2025-09-02 10:25:38
1749,895,304,2025-06-14 07:23:44,collab-v1.2,False,2025-06-14 07:23:44,2025-06-14 07:23:44
1750,149,485,2026-03-18 20:20:55,collab-v1.3,False,2026-03-18 20:20:55,2026-03-18 20:20:55
1751,804,34,2025-11-21 14:36:57,content-based-v2.0,False,2025-11-21 14:36:57,2025-11-21 14:36:57
1752,637,436,2025-08-25 04:23:27,hybrid-v1.0,False,2025-08-25 04:23:27,2025-08-25 04:23:27
1753,400,287,2025-07-04 16:16:09,content-based-v2.0,True,2025-07-04 16:16:09,2025-07-04 16:16:09
1754,218,403,2026-02-05 15:42:46,collab-v1.3,False,2026-02-05 15:42:46,2026-02-05 15:42:46
1755,427,454,2025-11-26 22:50:23,collab-v1.2,False,2025-11-26 22:50:23,2025-11-26 22:50:23
1756,760,230,2026-04-25 01:26:47,hybrid-v1.0,False,2026-04-25 01:26:47,2026-04-25 01:26:47
1757,469,203,2026-05-05 14:48:11,collab-v1.3,False,2026-05-05 14:48:11,2026-05-05 14:48:11
1758,898,236,2026-05-31 16:50:47,hybrid-v1.0,True,2026-05-31 16:50:47,2026-05-31 16:50:47
1759,233,519,2025-11-01 13:06:43,hybrid-v1.0,False,2025-11-01 13:06:43,2025-11-01 13:06:43
1760,772,200,2025-06-23 08:13:09,collab-v1.3,True,2025-06-23 08:13:09,2025-06-23 08:13:09
1761,590,481,2025-11-01 20:01:52,hybrid-v1.0,False,2025-11-01 20:01:52,2025-11-01 20:01:52
1762,431,387,2026-02-18 02:56:09,content-based-v2.0,False,2026-02-18 02:56:09,2026-02-18 02:56:09
1763,320,328,2025-10-06 10:58:53,collab-v1.3,False,2025-10-06 10:58:53,2025-10-06 10:58:53
1764,424,391,2026-04-10 14:00:40,hybrid-v1.0,False,2026-04-10 14:00:40,2026-04-10 14:00:40
1765,88,174,2025-07-12 08:58:05,collab-v1.2,True,2025-07-12 08:58:05,2025-07-12 08:58:05
1766,177,445,2025-12-02 18:34:18,collab-v1.2,False,2025-12-02 18:34:18,2025-12-02 18:34:18
1767,746,8,2026-03-25 18:13:05,collab-v1.2,False,2026-03-25 18:13:05,2026-03-25 18:13:05
1768,40,498,2026-01-10 23:37:56,collab-v1.3,False,2026-01-10 23:37:56,2026-01-10 23:37:56
1769,609,548,2025-11-16 01:50:25,hybrid-v1.0,False,2025-11-16 01:50:25,2025-11-16 01:50:25
1770,246,44,2025-09-20 23:23:23,content-based-v2.0,False,2025-09-20 23:23:23,2025-09-20 23:23:23
1771,47,567,2026-01-13 08:46:49,collab-v1.2,False,2026-01-13 08:46:49,2026-01-13 08:46:49
1772,505,149,2025-10-15 08:54:09,collab-v1.3,True,2025-10-15 08:54:09,2025-10-15 08:54:09
1773,907,295,2025-07-06 15:36:56,collab-v1.2,False,2025-07-06 15:36:56,2025-07-06 15:36:56
1774,292,539,2025-10-02 22:12:59,collab-v1.2,False,2025-10-02 22:12:59,2025-10-02 22:12:59
1775,823,65,2025-10-03 22:30:02,collab-v1.3,True,2025-10-03 22:30:02,2025-10-03 22:30:02
1776,261,365,2025-12-08 10:43:08,collab-v1.3,False,2025-12-08 10:43:08,2025-12-08 10:43:08
1777,574,501,2025-06-30 17:27:51,content-based-v2.0,False,2025-06-30 17:27:51,2025-06-30 17:27:51
1778,547,562,2025-09-27 08:27:22,collab-v1.2,True,2025-09-27 08:27:22,2025-09-27 08:27:22
1779,413,312,2026-02-01 09:32:12,hybrid-v1.0,False,2026-02-01 09:32:12,2026-02-01 09:32:12
1780,762,283,2025-10-12 18:59:43,collab-v1.3,False,2025-10-12 18:59:43,2025-10-12 18:59:43
1781,369,423,2026-04-09 12:29:05,content-based-v2.0,False,2026-04-09 12:29:05,2026-04-09 12:29:05
1782,276,595,2025-07-15 07:37:34,content-based-v2.0,True,2025-07-15 07:37:34,2025-07-15 07:37:34
1783,253,287,2026-05-16 13:29:29,collab-v1.2,False,2026-05-16 13:29:29,2026-05-16 13:29:29
1784,728,59,2025-12-25 11:22:58,content-based-v2.0,False,2025-12-25 11:22:58,2025-12-25 11:22:58
1785,217,279,2025-11-21 00:56:06,content-based-v2.0,False,2025-11-21 00:56:06,2025-11-21 00:56:06
1786,619,107,2025-09-19 02:22:26,collab-v1.2,True,2025-09-19 02:22:26,2025-09-19 02:22:26
1787,176,319,2026-05-04 06:33:01,hybrid-v1.0,True,2026-05-04 06:33:01,2026-05-04 06:33:01
1788,735,408,2025-07-13 20:05:28,collab-v1.2,True,2025-07-13 20:05:28,2025-07-13 20:05:28
1789,892,404,2025-09-23 05:08:02,content-based-v2.0,False,2025-09-23 05:08:02,2025-09-23 05:08:02
1790,556,141,2026-04-21 22:18:10,hybrid-v1.0,False,2026-04-21 22:18:10,2026-04-21 22:18:10
1791,678,70,2025-09-03 08:20:51,collab-v1.2,True,2025-09-03 08:20:51,2025-09-03 08:20:51
1792,985,330,2026-01-24 19:02:32,collab-v1.2,False,2026-01-24 19:02:32,2026-01-24 19:02:32
1793,962,225,2026-01-26 02:01:49,collab-v1.2,False,2026-01-26 02:01:49,2026-01-26 02:01:49
1794,782,293,2025-10-24 10:05:07,collab-v1.3,False,2025-10-24 10:05:07,2025-10-24 10:05:07
1795,423,200,2026-04-04 17:08:26,content-based-v2.0,False,2026-04-04 17:08:26,2026-04-04 17:08:26
1796,189,196,2025-07-19 00:20:44,collab-v1.3,False,2025-07-19 00:20:44,2025-07-19 00:20:44
1797,499,169,2026-05-29 13:28:13,collab-v1.3,True,2026-05-29 13:28:13,2026-05-29 13:28:13
1798,126,394,2025-11-30 15:02:36,collab-v1.3,False,2025-11-30 15:02:36,2025-11-30 15:02:36
1799,237,201,2026-04-30 07:23:00,hybrid-v1.0,False,2026-04-30 07:23:00,2026-04-30 07:23:00
1800,25,553,2025-07-19 06:48:19,hybrid-v1.0,False,2025-07-19 06:48:19,2025-07-19 06:48:19
1801,370,326,2025-10-18 23:29:12,content-based-v2.0,False,2025-10-18 23:29:12,2025-10-18 23:29:12
1802,805,184,2025-09-20 16:43:00,collab-v1.3,False,2025-09-20 16:43:00,2025-09-20 16:43:00
1803,543,526,2025-09-14 20:54:41,hybrid-v1.0,False,2025-09-14 20:54:41,2025-09-14 20:54:41
1804,811,20,2026-03-07 16:53:51,content-based-v2.0,False,2026-03-07 16:53:51,2026-03-07 16:53:51
1805,605,164,2026-04-09 13:52:49,content-based-v2.0,False,2026-04-09 13:52:49,2026-04-09 13:52:49
1806,212,270,2026-05-19 08:50:52,collab-v1.3,False,2026-05-19 08:50:52,2026-05-19 08:50:52
1807,233,323,2026-05-09 12:48:05,collab-v1.2,False,2026-05-09 12:48:05,2026-05-09 12:48:05
1808,635,106,2025-12-29 15:24:49,hybrid-v1.0,False,2025-12-29 15:24:49,2025-12-29 15:24:49
1809,269,2,2026-01-21 16:47:09,collab-v1.2,False,2026-01-21 16:47:09,2026-01-21 16:47:09
1810,408,8,2025-06-20 04:41:42,collab-v1.3,False,2025-06-20 04:41:42,2025-06-20 04:41:42
1811,325,321,2025-07-02 13:13:47,collab-v1.2,False,2025-07-02 13:13:47,2025-07-02 13:13:47
1812,884,497,2025-10-28 20:07:25,hybrid-v1.0,False,2025-10-28 20:07:25,2025-10-28 20:07:25
1813,950,182,2025-07-06 20:53:10,collab-v1.2,False,2025-07-06 20:53:10,2025-07-06 20:53:10
1814,102,55,2026-04-06 07:59:21,collab-v1.2,False,2026-04-06 07:59:21,2026-04-06 07:59:21
1815,102,551,2026-03-08 21:03:59,collab-v1.3,True,2026-03-08 21:03:59,2026-03-08 21:03:59
1816,711,505,2025-08-20 00:51:44,content-based-v2.0,False,2025-08-20 00:51:44,2025-08-20 00:51:44
1817,569,481,2026-01-08 01:36:28,content-based-v2.0,False,2026-01-08 01:36:28,2026-01-08 01:36:28
1818,62,591,2025-07-17 15:26:08,collab-v1.2,False,2025-07-17 15:26:08,2025-07-17 15:26:08
1819,780,535,2026-03-03 18:12:26,collab-v1.3,False,2026-03-03 18:12:26,2026-03-03 18:12:26
1820,486,555,2025-11-22 11:18:59,collab-v1.2,False,2025-11-22 11:18:59,2025-11-22 11:18:59
1821,552,556,2025-06-29 12:31:24,collab-v1.3,False,2025-06-29 12:31:24,2025-06-29 12:31:24
1822,403,424,2026-01-02 01:14:40,content-based-v2.0,False,2026-01-02 01:14:40,2026-01-02 01:14:40
1823,989,147,2025-12-28 02:31:45,collab-v1.2,False,2025-12-28 02:31:45,2025-12-28 02:31:45
1824,155,298,2026-02-28 22:36:57,content-based-v2.0,False,2026-02-28 22:36:57,2026-02-28 22:36:57
1825,645,561,2025-06-29 00:06:46,collab-v1.3,False,2025-06-29 00:06:46,2025-06-29 00:06:46
1826,743,451,2025-11-02 12:25:51,collab-v1.2,False,2025-11-02 12:25:51,2025-11-02 12:25:51
1827,107,77,2025-09-08 20:18:24,collab-v1.2,False,2025-09-08 20:18:24,2025-09-08 20:18:24
1828,238,571,2025-09-02 16:49:22,collab-v1.2,False,2025-09-02 16:49:22,2025-09-02 16:49:22
1829,68,216,2025-09-14 06:26:19,content-based-v2.0,False,2025-09-14 06:26:19,2025-09-14 06:26:19
1830,692,123,2026-02-16 08:54:46,hybrid-v1.0,False,2026-02-16 08:54:46,2026-02-16 08:54:46
1831,194,100,2026-03-02 02:24:20,content-based-v2.0,False,2026-03-02 02:24:20,2026-03-02 02:24:20
1832,756,416,2026-01-31 10:03:35,hybrid-v1.0,True,2026-01-31 10:03:35,2026-01-31 10:03:35
1833,239,13,2026-04-17 10:20:30,hybrid-v1.0,False,2026-04-17 10:20:30,2026-04-17 10:20:30
1834,456,173,2025-11-30 21:07:17,content-based-v2.0,False,2025-11-30 21:07:17,2025-11-30 21:07:17
1835,318,78,2025-09-04 22:02:39,collab-v1.2,False,2025-09-04 22:02:39,2025-09-04 22:02:39
1836,713,496,2025-10-27 01:35:23,collab-v1.3,False,2025-10-27 01:35:23,2025-10-27 01:35:23
1837,244,471,2025-09-05 13:28:41,collab-v1.2,False,2025-09-05 13:28:41,2025-09-05 13:28:41
1838,123,127,2025-12-20 17:15:35,content-based-v2.0,False,2025-12-20 17:15:35,2025-12-20 17:15:35
1839,704,40,2025-07-31 20:01:33,collab-v1.3,False,2025-07-31 20:01:33,2025-07-31 20:01:33
1840,847,233,2025-12-28 03:25:33,collab-v1.2,False,2025-12-28 03:25:33,2025-12-28 03:25:33
1841,470,352,2026-05-26 22:52:16,content-based-v2.0,False,2026-05-26 22:52:16,2026-05-26 22:52:16
1842,451,6,2026-02-28 06:45:56,content-based-v2.0,False,2026-02-28 06:45:56,2026-02-28 06:45:56
1843,845,359,2026-01-04 01:17:13,collab-v1.2,False,2026-01-04 01:17:13,2026-01-04 01:17:13
1844,208,392,2025-06-25 09:31:07,hybrid-v1.0,False,2025-06-25 09:31:07,2025-06-25 09:31:07
1845,910,13,2025-10-23 03:16:41,collab-v1.3,False,2025-10-23 03:16:41,2025-10-23 03:16:41
1846,863,251,2025-08-27 02:31:43,collab-v1.3,False,2025-08-27 02:31:43,2025-08-27 02:31:43
1847,24,71,2026-05-25 23:06:30,hybrid-v1.0,False,2026-05-25 23:06:30,2026-05-25 23:06:30
1848,573,29,2025-09-05 07:33:00,collab-v1.2,False,2025-09-05 07:33:00,2025-09-05 07:33:00
1849,972,502,2026-04-11 06:47:35,collab-v1.2,False,2026-04-11 06:47:35,2026-04-11 06:47:35
1850,271,597,2026-03-15 21:21:24,collab-v1.2,False,2026-03-15 21:21:24,2026-03-15 21:21:24
1851,747,315,2026-03-08 08:01:35,content-based-v2.0,False,2026-03-08 08:01:35,2026-03-08 08:01:35
1852,702,62,2025-08-16 13:10:31,content-based-v2.0,False,2025-08-16 13:10:31,2025-08-16 13:10:31
1853,141,572,2026-03-01 16:31:42,collab-v1.2,False,2026-03-01 16:31:42,2026-03-01 16:31:42
1854,452,31,2025-08-22 10:53:44,hybrid-v1.0,True,2025-08-22 10:53:44,2025-08-22 10:53:44
1855,57,311,2025-08-13 19:52:37,content-based-v2.0,False,2025-08-13 19:52:37,2025-08-13 19:52:37
1856,971,394,2025-07-27 16:53:28,content-based-v2.0,True,2025-07-27 16:53:28,2025-07-27 16:53:28
1857,392,218,2025-08-29 12:09:21,collab-v1.3,False,2025-08-29 12:09:21,2025-08-29 12:09:21
1858,555,190,2026-03-03 13:08:10,collab-v1.2,False,2026-03-03 13:08:10,2026-03-03 13:08:10
1859,971,412,2025-07-15 08:23:00,content-based-v2.0,False,2025-07-15 08:23:00,2025-07-15 08:23:00
1860,499,502,2025-07-03 01:51:08,collab-v1.2,False,2025-07-03 01:51:08,2025-07-03 01:51:08
1861,619,112,2025-08-21 07:05:27,collab-v1.3,False,2025-08-21 07:05:27,2025-08-21 07:05:27
1862,861,36,2025-09-01 15:49:36,collab-v1.3,False,2025-09-01 15:49:36,2025-09-01 15:49:36
1863,592,233,2025-10-20 14:08:19,collab-v1.2,False,2025-10-20 14:08:19,2025-10-20 14:08:19
1864,414,33,2025-07-13 20:34:51,content-based-v2.0,False,2025-07-13 20:34:51,2025-07-13 20:34:51
1865,444,53,2025-11-19 12:34:09,content-based-v2.0,False,2025-11-19 12:34:09,2025-11-19 12:34:09
1866,598,463,2026-03-17 15:49:56,collab-v1.2,False,2026-03-17 15:49:56,2026-03-17 15:49:56
1867,566,406,2026-01-10 05:21:32,collab-v1.3,True,2026-01-10 05:21:32,2026-01-10 05:21:32
1868,224,431,2025-09-20 09:39:04,hybrid-v1.0,False,2025-09-20 09:39:04,2025-09-20 09:39:04
1869,912,261,2025-09-27 15:31:20,hybrid-v1.0,False,2025-09-27 15:31:20,2025-09-27 15:31:20
1870,60,550,2026-02-07 21:07:14,content-based-v2.0,False,2026-02-07 21:07:14,2026-02-07 21:07:14
1871,396,32,2026-01-15 18:17:21,collab-v1.2,False,2026-01-15 18:17:21,2026-01-15 18:17:21
1872,251,460,2026-05-23 21:19:28,collab-v1.3,True,2026-05-23 21:19:28,2026-05-23 21:19:28
1873,366,98,2025-10-20 02:44:13,collab-v1.3,False,2025-10-20 02:44:13,2025-10-20 02:44:13
1874,969,308,2026-05-21 13:36:58,collab-v1.2,False,2026-05-21 13:36:58,2026-05-21 13:36:58
1875,244,354,2026-01-11 07:26:02,collab-v1.3,False,2026-01-11 07:26:02,2026-01-11 07:26:02
1876,903,353,2026-01-05 08:16:53,content-based-v2.0,False,2026-01-05 08:16:53,2026-01-05 08:16:53
1877,401,49,2026-01-11 08:12:41,content-based-v2.0,False,2026-01-11 08:12:41,2026-01-11 08:12:41
1878,975,77,2026-03-29 12:45:37,hybrid-v1.0,False,2026-03-29 12:45:37,2026-03-29 12:45:37
1879,22,398,2026-01-20 05:32:28,collab-v1.3,False,2026-01-20 05:32:28,2026-01-20 05:32:28
1880,792,422,2026-05-05 03:39:52,content-based-v2.0,False,2026-05-05 03:39:52,2026-05-05 03:39:52
1881,858,56,2025-11-20 14:12:38,hybrid-v1.0,False,2025-11-20 14:12:38,2025-11-20 14:12:38
1882,791,384,2025-12-24 20:55:15,collab-v1.3,False,2025-12-24 20:55:15,2025-12-24 20:55:15
1883,540,228,2026-01-23 04:36:26,hybrid-v1.0,True,2026-01-23 04:36:26,2026-01-23 04:36:26
1884,825,353,2025-11-11 15:19:46,collab-v1.2,False,2025-11-11 15:19:46,2025-11-11 15:19:46
1885,166,443,2025-06-26 06:13:47,collab-v1.2,True,2025-06-26 06:13:47,2025-06-26 06:13:47
1886,343,216,2025-09-17 01:53:45,content-based-v2.0,False,2025-09-17 01:53:45,2025-09-17 01:53:45
1887,95,44,2026-01-10 10:47:46,collab-v1.3,False,2026-01-10 10:47:46,2026-01-10 10:47:46
1888,362,100,2026-04-24 14:36:32,collab-v1.3,False,2026-04-24 14:36:32,2026-04-24 14:36:32
1889,880,435,2025-09-07 07:33:16,content-based-v2.0,False,2025-09-07 07:33:16,2025-09-07 07:33:16
1890,955,484,2025-07-31 08:39:48,hybrid-v1.0,True,2025-07-31 08:39:48,2025-07-31 08:39:48
1891,389,599,2025-12-15 10:49:52,hybrid-v1.0,False,2025-12-15 10:49:52,2025-12-15 10:49:52
1892,777,149,2026-01-28 20:51:56,content-based-v2.0,True,2026-01-28 20:51:56,2026-01-28 20:51:56
1893,525,48,2025-09-23 09:08:03,content-based-v2.0,False,2025-09-23 09:08:03,2025-09-23 09:08:03
1894,733,117,2026-05-14 13:38:11,content-based-v2.0,True,2026-05-14 13:38:11,2026-05-14 13:38:11
1895,561,146,2026-05-25 05:08:38,hybrid-v1.0,False,2026-05-25 05:08:38,2026-05-25 05:08:38
1896,376,149,2025-08-21 17:34:24,content-based-v2.0,False,2025-08-21 17:34:24,2025-08-21 17:34:24
1897,543,477,2026-05-25 01:30:17,collab-v1.2,False,2026-05-25 01:30:17,2026-05-25 01:30:17
1898,96,524,2025-12-29 17:10:48,collab-v1.3,False,2025-12-29 17:10:48,2025-12-29 17:10:48
1899,355,549,2026-02-11 17:35:39,collab-v1.3,False,2026-02-11 17:35:39,2026-02-11 17:35:39
1900,415,447,2026-03-31 15:36:09,hybrid-v1.0,False,2026-03-31 15:36:09,2026-03-31 15:36:09
1901,192,2,2025-06-25 13:44:15,collab-v1.2,False,2025-06-25 13:44:15,2025-06-25 13:44:15
1902,495,261,2025-09-09 19:14:00,collab-v1.3,True,2025-09-09 19:14:00,2025-09-09 19:14:00
1903,43,166,2025-08-16 02:40:10,collab-v1.3,False,2025-08-16 02:40:10,2025-08-16 02:40:10
1904,899,567,2026-03-31 18:52:22,content-based-v2.0,False,2026-03-31 18:52:22,2026-03-31 18:52:22
1905,116,266,2025-11-29 14:43:00,collab-v1.2,True,2025-11-29 14:43:00,2025-11-29 14:43:00
1906,24,574,2025-10-11 06:50:06,hybrid-v1.0,False,2025-10-11 06:50:06,2025-10-11 06:50:06
1907,962,107,2026-05-10 00:10:57,collab-v1.3,True,2026-05-10 00:10:57,2026-05-10 00:10:57
1908,620,462,2025-10-16 22:04:27,hybrid-v1.0,False,2025-10-16 22:04:27,2025-10-16 22:04:27
1909,819,430,2026-03-27 12:36:58,collab-v1.3,False,2026-03-27 12:36:58,2026-03-27 12:36:58
1910,847,359,2026-02-05 04:57:50,content-based-v2.0,False,2026-02-05 04:57:50,2026-02-05 04:57:50
1911,407,332,2025-07-24 23:45:47,collab-v1.2,False,2025-07-24 23:45:47,2025-07-24 23:45:47
1912,659,476,2026-04-18 09:35:13,collab-v1.3,False,2026-04-18 09:35:13,2026-04-18 09:35:13
1913,624,539,2025-10-28 21:53:53,collab-v1.3,False,2025-10-28 21:53:53,2025-10-28 21:53:53
1914,410,110,2026-04-02 04:07:39,hybrid-v1.0,True,2026-04-02 04:07:39,2026-04-02 04:07:39
1915,753,554,2025-11-10 09:37:46,collab-v1.3,False,2025-11-10 09:37:46,2025-11-10 09:37:46
1916,744,128,2026-02-11 23:30:38,collab-v1.2,True,2026-02-11 23:30:38,2026-02-11 23:30:38
1917,886,303,2025-06-07 10:07:34,collab-v1.2,False,2025-06-07 10:07:34,2025-06-07 10:07:34
1918,20,138,2025-10-02 23:16:02,content-based-v2.0,False,2025-10-02 23:16:02,2025-10-02 23:16:02
1919,589,264,2025-12-20 20:48:32,hybrid-v1.0,False,2025-12-20 20:48:32,2025-12-20 20:48:32
1920,341,187,2025-12-01 20:36:06,collab-v1.3,False,2025-12-01 20:36:06,2025-12-01 20:36:06
1921,304,411,2025-10-10 06:52:36,hybrid-v1.0,True,2025-10-10 06:52:36,2025-10-10 06:52:36
1922,635,88,2025-07-05 05:06:32,collab-v1.3,False,2025-07-05 05:06:32,2025-07-05 05:06:32
1923,87,383,2026-03-09 20:54:14,collab-v1.3,False,2026-03-09 20:54:14,2026-03-09 20:54:14
1924,363,76,2025-08-31 01:35:30,content-based-v2.0,False,2025-08-31 01:35:30,2025-08-31 01:35:30
1925,350,329,2026-05-05 16:15:50,hybrid-v1.0,False,2026-05-05 16:15:50,2026-05-05 16:15:50
1926,187,439,2026-01-05 16:44:40,collab-v1.2,False,2026-01-05 16:44:40,2026-01-05 16:44:40
1927,181,382,2026-01-16 23:21:33,collab-v1.3,False,2026-01-16 23:21:33,2026-01-16 23:21:33
1928,965,220,2026-04-14 18:04:14,collab-v1.3,True,2026-04-14 18:04:14,2026-04-14 18:04:14
1929,717,199,2026-05-20 10:43:27,hybrid-v1.0,False,2026-05-20 10:43:27,2026-05-20 10:43:27
1930,488,62,2026-04-12 14:14:40,hybrid-v1.0,False,2026-04-12 14:14:40,2026-04-12 14:14:40
1931,243,558,2026-04-19 00:58:25,content-based-v2.0,False,2026-04-19 00:58:25,2026-04-19 00:58:25
1932,609,248,2025-08-25 11:04:06,collab-v1.2,False,2025-08-25 11:04:06,2025-08-25 11:04:06
1933,787,460,2026-05-12 23:37:35,hybrid-v1.0,True,2026-05-12 23:37:35,2026-05-12 23:37:35
1934,851,177,2026-01-01 06:59:56,collab-v1.3,False,2026-01-01 06:59:56,2026-01-01 06:59:56
1935,17,250,2025-07-28 17:02:30,hybrid-v1.0,False,2025-07-28 17:02:30,2025-07-28 17:02:30
1936,527,343,2025-12-13 11:44:04,hybrid-v1.0,False,2025-12-13 11:44:04,2025-12-13 11:44:04
1937,36,39,2025-09-04 16:54:23,content-based-v2.0,False,2025-09-04 16:54:23,2025-09-04 16:54:23
1938,488,440,2025-12-11 21:46:05,content-based-v2.0,False,2025-12-11 21:46:05,2025-12-11 21:46:05
1939,145,73,2026-05-02 23:01:50,content-based-v2.0,False,2026-05-02 23:01:50,2026-05-02 23:01:50
1940,490,554,2025-12-28 16:12:02,content-based-v2.0,False,2025-12-28 16:12:02,2025-12-28 16:12:02
1941,932,68,2026-04-07 08:31:08,collab-v1.2,False,2026-04-07 08:31:08,2026-04-07 08:31:08
1942,741,234,2026-04-12 15:18:16,hybrid-v1.0,False,2026-04-12 15:18:16,2026-04-12 15:18:16
1943,704,111,2025-12-15 02:50:00,collab-v1.3,False,2025-12-15 02:50:00,2025-12-15 02:50:00
1944,116,581,2026-02-15 22:50:50,collab-v1.2,False,2026-02-15 22:50:50,2026-02-15 22:50:50
1945,576,405,2026-02-07 11:59:39,collab-v1.2,False,2026-02-07 11:59:39,2026-02-07 11:59:39
1946,747,475,2026-02-16 16:59:49,collab-v1.3,False,2026-02-16 16:59:49,2026-02-16 16:59:49
1947,57,540,2025-11-22 04:55:59,hybrid-v1.0,False,2025-11-22 04:55:59,2025-11-22 04:55:59
1948,888,122,2025-07-04 07:12:11,hybrid-v1.0,True,2025-07-04 07:12:11,2025-07-04 07:12:11
1949,456,487,2025-09-12 17:31:41,hybrid-v1.0,False,2025-09-12 17:31:41,2025-09-12 17:31:41
1950,432,346,2026-03-20 18:00:35,collab-v1.2,False,2026-03-20 18:00:35,2026-03-20 18:00:35
1951,156,53,2025-09-11 06:50:28,hybrid-v1.0,False,2025-09-11 06:50:28,2025-09-11 06:50:28
1952,27,358,2025-06-20 02:43:09,collab-v1.2,False,2025-06-20 02:43:09,2025-06-20 02:43:09
1953,411,513,2025-12-24 10:00:53,collab-v1.2,False,2025-12-24 10:00:53,2025-12-24 10:00:53
1954,268,518,2025-06-27 21:10:49,content-based-v2.0,False,2025-06-27 21:10:49,2025-06-27 21:10:49
1955,669,71,2026-04-04 13:39:43,content-based-v2.0,False,2026-04-04 13:39:43,2026-04-04 13:39:43
1956,147,449,2026-01-22 10:27:55,collab-v1.2,False,2026-01-22 10:27:55,2026-01-22 10:27:55
1957,648,48,2026-05-21 04:39:14,collab-v1.2,False,2026-05-21 04:39:14,2026-05-21 04:39:14
1958,147,58,2025-08-16 12:46:35,hybrid-v1.0,False,2025-08-16 12:46:35,2025-08-16 12:46:35
1959,787,362,2026-02-21 20:58:24,hybrid-v1.0,False,2026-02-21 20:58:24,2026-02-21 20:58:24
1960,119,90,2026-01-23 19:37:37,collab-v1.3,False,2026-01-23 19:37:37,2026-01-23 19:37:37
1961,866,5,2026-05-09 07:43:26,content-based-v2.0,False,2026-05-09 07:43:26,2026-05-09 07:43:26
1962,764,88,2026-04-18 06:40:55,hybrid-v1.0,False,2026-04-18 06:40:55,2026-04-18 06:40:55
1963,578,401,2026-02-05 02:09:18,collab-v1.3,False,2026-02-05 02:09:18,2026-02-05 02:09:18
1964,383,480,2026-03-24 06:57:19,hybrid-v1.0,False,2026-03-24 06:57:19,2026-03-24 06:57:19
1965,224,110,2025-06-28 04:49:26,content-based-v2.0,True,2025-06-28 04:49:26,2025-06-28 04:49:26
1966,692,377,2025-07-25 18:06:11,hybrid-v1.0,False,2025-07-25 18:06:11,2025-07-25 18:06:11
1967,139,203,2025-06-25 09:05:54,content-based-v2.0,False,2025-06-25 09:05:54,2025-06-25 09:05:54
1968,912,55,2025-09-03 15:23:14,collab-v1.2,False,2025-09-03 15:23:14,2025-09-03 15:23:14
1969,515,277,2025-12-26 06:43:44,collab-v1.3,False,2025-12-26 06:43:44,2025-12-26 06:43:44
1970,440,211,2026-04-25 18:21:28,hybrid-v1.0,False,2026-04-25 18:21:28,2026-04-25 18:21:28
1971,158,425,2026-04-22 23:05:54,collab-v1.3,True,2026-04-22 23:05:54,2026-04-22 23:05:54
1972,222,555,2025-06-18 03:20:44,collab-v1.2,False,2025-06-18 03:20:44,2025-06-18 03:20:44
1973,860,515,2026-04-04 13:48:19,hybrid-v1.0,False,2026-04-04 13:48:19,2026-04-04 13:48:19
1974,918,190,2025-12-16 20:26:54,hybrid-v1.0,True,2025-12-16 20:26:54,2025-12-16 20:26:54
1975,220,170,2026-05-09 18:01:42,collab-v1.3,False,2026-05-09 18:01:42,2026-05-09 18:01:42
1976,304,59,2025-11-21 11:21:15,collab-v1.3,False,2025-11-21 11:21:15,2025-11-21 11:21:15
1977,278,53,2026-01-02 08:20:39,content-based-v2.0,True,2026-01-02 08:20:39,2026-01-02 08:20:39
1978,293,482,2025-12-07 10:10:21,collab-v1.2,False,2025-12-07 10:10:21,2025-12-07 10:10:21
1979,449,53,2025-07-08 05:43:27,collab-v1.3,False,2025-07-08 05:43:27,2025-07-08 05:43:27
1980,887,130,2026-02-10 10:36:49,hybrid-v1.0,False,2026-02-10 10:36:49,2026-02-10 10:36:49
1981,404,347,2025-11-18 06:23:04,hybrid-v1.0,False,2025-11-18 06:23:04,2025-11-18 06:23:04
1982,361,153,2025-11-08 17:26:25,hybrid-v1.0,False,2025-11-08 17:26:25,2025-11-08 17:26:25
1983,910,206,2026-05-26 01:31:35,collab-v1.2,False,2026-05-26 01:31:35,2026-05-26 01:31:35
1984,866,533,2026-03-28 10:51:48,content-based-v2.0,False,2026-03-28 10:51:48,2026-03-28 10:51:48
1985,276,248,2025-10-05 16:48:56,collab-v1.3,True,2025-10-05 16:48:56,2025-10-05 16:48:56
1986,254,212,2025-07-12 17:47:17,collab-v1.3,False,2025-07-12 17:47:17,2025-07-12 17:47:17
1987,393,164,2025-07-06 02:41:34,content-based-v2.0,False,2025-07-06 02:41:34,2025-07-06 02:41:34
1988,384,195,2025-11-14 05:40:43,collab-v1.3,False,2025-11-14 05:40:43,2025-11-14 05:40:43
1989,484,242,2026-02-26 00:38:53,collab-v1.2,False,2026-02-26 00:38:53,2026-02-26 00:38:53
1990,620,147,2026-01-06 18:00:39,collab-v1.2,False,2026-01-06 18:00:39,2026-01-06 18:00:39
1991,630,292,2026-03-25 20:22:06,hybrid-v1.0,False,2026-03-25 20:22:06,2026-03-25 20:22:06
1992,44,566,2025-06-08 21:24:06,collab-v1.3,False,2025-06-08 21:24:06,2025-06-08 21:24:06
1993,995,10,2025-06-16 18:57:00,content-based-v2.0,False,2025-06-16 18:57:00,2025-06-16 18:57:00
1994,340,337,2025-09-22 11:29:45,hybrid-v1.0,False,2025-09-22 11:29:45,2025-09-22 11:29:45
1995,274,326,2025-09-04 08:55:33,collab-v1.2,True,2025-09-04 08:55:33,2025-09-04 08:55:33
1996,431,227,2025-06-23 22:42:38,collab-v1.3,False,2025-06-23 22:42:38,2025-06-23 22:42:38
1997,927,164,2025-10-04 21:39:06,content-based-v2.0,False,2025-10-04 21:39:06,2025-10-04 21:39:06
1998,606,58,2025-11-19 15:04:30,collab-v1.2,True,2025-11-19 15:04:30,2025-11-19 15:04:30
1999,745,213,2025-08-21 13:12:56,content-based-v2.0,False,2025-08-21 13:12:56,2025-08-21 13:12:56
2000,408,156,2026-03-17 03:38:48,collab-v1.3,False,2026-03-17 03:38:48,2026-03-17 03:38:48
2001,666,559,2025-11-29 19:52:02,collab-v1.3,False,2025-11-29 19:52:02,2025-11-29 19:52:02
2002,813,366,2026-01-16 15:22:01,hybrid-v1.0,False,2026-01-16 15:22:01,2026-01-16 15:22:01
2003,660,375,2026-05-23 09:44:13,collab-v1.2,True,2026-05-23 09:44:13,2026-05-23 09:44:13
2004,158,79,2026-05-03 14:31:09,content-based-v2.0,False,2026-05-03 14:31:09,2026-05-03 14:31:09
2005,57,72,2025-12-08 20:06:10,content-based-v2.0,False,2025-12-08 20:06:10,2025-12-08 20:06:10
2006,770,145,2025-12-06 12:23:56,hybrid-v1.0,False,2025-12-06 12:23:56,2025-12-06 12:23:56
2007,228,351,2026-01-12 11:22:21,collab-v1.3,False,2026-01-12 11:22:21,2026-01-12 11:22:21
2008,942,239,2026-02-14 10:31:40,collab-v1.2,True,2026-02-14 10:31:40,2026-02-14 10:31:40
2009,347,369,2025-06-24 00:00:20,content-based-v2.0,False,2025-06-24 00:00:20,2025-06-24 00:00:20
2010,16,193,2025-11-17 07:49:49,hybrid-v1.0,False,2025-11-17 07:49:49,2025-11-17 07:49:49
2011,194,297,2025-08-15 22:01:31,collab-v1.2,False,2025-08-15 22:01:31,2025-08-15 22:01:31
2012,208,527,2026-03-08 22:01:00,content-based-v2.0,False,2026-03-08 22:01:00,2026-03-08 22:01:00
2013,359,596,2025-11-09 11:12:05,hybrid-v1.0,False,2025-11-09 11:12:05,2025-11-09 11:12:05
2014,34,331,2025-06-11 04:43:31,collab-v1.3,True,2025-06-11 04:43:31,2025-06-11 04:43:31
2015,546,431,2026-01-07 22:26:23,hybrid-v1.0,False,2026-01-07 22:26:23,2026-01-07 22:26:23
2016,617,37,2026-01-31 00:16:51,hybrid-v1.0,False,2026-01-31 00:16:51,2026-01-31 00:16:51
2017,749,258,2026-02-28 02:54:36,collab-v1.2,False,2026-02-28 02:54:36,2026-02-28 02:54:36
2018,229,102,2026-01-17 23:04:32,collab-v1.3,False,2026-01-17 23:04:32,2026-01-17 23:04:32
2019,80,160,2026-05-21 05:50:12,hybrid-v1.0,False,2026-05-21 05:50:12,2026-05-21 05:50:12
2020,818,291,2025-07-05 01:51:50,collab-v1.2,False,2025-07-05 01:51:50,2025-07-05 01:51:50
2021,324,494,2025-11-11 03:57:59,collab-v1.2,False,2025-11-11 03:57:59,2025-11-11 03:57:59
2022,205,505,2025-08-09 13:00:24,collab-v1.2,False,2025-08-09 13:00:24,2025-08-09 13:00:24
2023,25,78,2026-05-08 05:00:25,collab-v1.3,False,2026-05-08 05:00:25,2026-05-08 05:00:25
2024,143,130,2026-04-29 14:25:44,content-based-v2.0,False,2026-04-29 14:25:44,2026-04-29 14:25:44
2025,470,21,2026-01-12 07:30:35,collab-v1.2,True,2026-01-12 07:30:35,2026-01-12 07:30:35
2026,295,375,2025-09-30 23:02:10,hybrid-v1.0,False,2025-09-30 23:02:10,2025-09-30 23:02:10
2027,621,239,2026-04-21 13:34:50,collab-v1.3,False,2026-04-21 13:34:50,2026-04-21 13:34:50
2028,377,433,2025-12-09 22:02:12,collab-v1.2,False,2025-12-09 22:02:12,2025-12-09 22:02:12
2029,595,61,2025-09-12 19:53:17,hybrid-v1.0,True,2025-09-12 19:53:17,2025-09-12 19:53:17
2030,265,295,2025-12-15 19:44:23,collab-v1.3,False,2025-12-15 19:44:23,2025-12-15 19:44:23
2031,770,449,2026-01-03 14:46:59,hybrid-v1.0,False,2026-01-03 14:46:59,2026-01-03 14:46:59
2032,276,266,2026-04-10 08:54:33,content-based-v2.0,False,2026-04-10 08:54:33,2026-04-10 08:54:33
2033,767,417,2026-04-28 16:53:47,collab-v1.3,False,2026-04-28 16:53:47,2026-04-28 16:53:47
2034,666,370,2026-05-16 05:24:20,collab-v1.3,False,2026-05-16 05:24:20,2026-05-16 05:24:20
2035,69,9,2025-08-09 23:35:08,hybrid-v1.0,True,2025-08-09 23:35:08,2025-08-09 23:35:08
2036,835,476,2026-04-25 20:00:22,collab-v1.3,False,2026-04-25 20:00:22,2026-04-25 20:00:22
2037,763,26,2025-10-26 05:00:53,content-based-v2.0,False,2025-10-26 05:00:53,2025-10-26 05:00:53
2038,549,543,2025-06-20 15:30:12,collab-v1.2,True,2025-06-20 15:30:12,2025-06-20 15:30:12
2039,50,80,2026-03-19 05:33:43,collab-v1.3,False,2026-03-19 05:33:43,2026-03-19 05:33:43
2040,328,104,2025-08-11 10:07:36,hybrid-v1.0,True,2025-08-11 10:07:36,2025-08-11 10:07:36
2041,1,44,2025-07-01 12:08:44,content-based-v2.0,False,2025-07-01 12:08:44,2025-07-01 12:08:44
2042,254,238,2025-11-17 16:21:13,content-based-v2.0,True,2025-11-17 16:21:13,2025-11-17 16:21:13
2043,602,4,2026-02-24 23:35:01,collab-v1.3,False,2026-02-24 23:35:01,2026-02-24 23:35:01
2044,676,46,2026-01-08 16:48:58,collab-v1.2,False,2026-01-08 16:48:58,2026-01-08 16:48:58
2045,239,257,2025-11-13 16:28:59,hybrid-v1.0,False,2025-11-13 16:28:59,2025-11-13 16:28:59
2046,802,325,2025-11-03 00:58:16,hybrid-v1.0,False,2025-11-03 00:58:16,2025-11-03 00:58:16
2047,876,485,2025-10-24 11:05:05,collab-v1.3,False,2025-10-24 11:05:05,2025-10-24 11:05:05
2048,920,379,2026-05-22 05:10:35,content-based-v2.0,False,2026-05-22 05:10:35,2026-05-22 05:10:35
2049,666,346,2025-08-07 18:54:27,collab-v1.2,False,2025-08-07 18:54:27,2025-08-07 18:54:27
2050,789,523,2025-06-23 02:05:29,collab-v1.3,False,2025-06-23 02:05:29,2025-06-23 02:05:29
2051,120,36,2026-01-24 14:20:46,collab-v1.2,False,2026-01-24 14:20:46,2026-01-24 14:20:46
2052,537,578,2026-04-22 01:07:01,collab-v1.2,False,2026-04-22 01:07:01,2026-04-22 01:07:01
2053,232,83,2026-02-16 10:14:26,content-based-v2.0,True,2026-02-16 10:14:26,2026-02-16 10:14:26
2054,430,97,2025-12-27 17:37:37,hybrid-v1.0,True,2025-12-27 17:37:37,2025-12-27 17:37:37
2055,252,281,2025-09-06 09:42:57,collab-v1.3,True,2025-09-06 09:42:57,2025-09-06 09:42:57
2056,746,369,2026-04-16 07:44:39,collab-v1.3,False,2026-04-16 07:44:39,2026-04-16 07:44:39
2057,910,580,2026-01-03 08:13:36,content-based-v2.0,False,2026-01-03 08:13:36,2026-01-03 08:13:36
2058,106,215,2026-05-16 01:51:59,collab-v1.2,False,2026-05-16 01:51:59,2026-05-16 01:51:59
2059,669,206,2025-09-13 07:20:18,hybrid-v1.0,False,2025-09-13 07:20:18,2025-09-13 07:20:18
2060,556,274,2025-08-27 21:29:18,content-based-v2.0,True,2025-08-27 21:29:18,2025-08-27 21:29:18
2061,814,519,2025-08-10 01:36:26,content-based-v2.0,False,2025-08-10 01:36:26,2025-08-10 01:36:26
2062,326,539,2026-02-27 14:54:36,collab-v1.2,False,2026-02-27 14:54:36,2026-02-27 14:54:36
2063,526,121,2025-09-05 08:06:17,collab-v1.2,False,2025-09-05 08:06:17,2025-09-05 08:06:17
2064,978,329,2025-06-14 01:40:37,content-based-v2.0,False,2025-06-14 01:40:37,2025-06-14 01:40:37
2065,271,48,2026-02-08 10:37:54,collab-v1.2,False,2026-02-08 10:37:54,2026-02-08 10:37:54
2066,694,456,2025-08-20 18:10:57,content-based-v2.0,False,2025-08-20 18:10:57,2025-08-20 18:10:57
2067,895,244,2025-09-29 00:49:36,collab-v1.2,False,2025-09-29 00:49:36,2025-09-29 00:49:36
2068,500,500,2025-06-17 13:20:24,collab-v1.3,True,2025-06-17 13:20:24,2025-06-17 13:20:24
2069,453,96,2025-11-23 01:22:28,content-based-v2.0,False,2025-11-23 01:22:28,2025-11-23 01:22:28
2070,677,50,2025-09-20 07:03:59,content-based-v2.0,True,2025-09-20 07:03:59,2025-09-20 07:03:59
2071,418,314,2025-06-25 03:19:26,hybrid-v1.0,False,2025-06-25 03:19:26,2025-06-25 03:19:26
2072,247,263,2025-07-12 12:11:44,hybrid-v1.0,False,2025-07-12 12:11:44,2025-07-12 12:11:44
2073,542,242,2025-09-20 06:41:23,collab-v1.3,False,2025-09-20 06:41:23,2025-09-20 06:41:23
2074,80,460,2026-01-15 15:37:30,collab-v1.2,False,2026-01-15 15:37:30,2026-01-15 15:37:30
2075,93,472,2025-09-24 05:25:55,content-based-v2.0,False,2025-09-24 05:25:55,2025-09-24 05:25:55
2076,209,414,2025-08-03 09:08:34,hybrid-v1.0,False,2025-08-03 09:08:34,2025-08-03 09:08:34
2077,545,403,2025-08-23 13:58:00,collab-v1.3,False,2025-08-23 13:58:00,2025-08-23 13:58:00
2078,636,16,2026-04-17 15:28:58,hybrid-v1.0,False,2026-04-17 15:28:58,2026-04-17 15:28:58
2079,263,173,2026-04-23 23:52:15,collab-v1.2,False,2026-04-23 23:52:15,2026-04-23 23:52:15
2080,280,348,2025-08-30 18:31:00,hybrid-v1.0,False,2025-08-30 18:31:00,2025-08-30 18:31:00
2081,547,185,2026-02-06 00:10:13,collab-v1.2,False,2026-02-06 00:10:13,2026-02-06 00:10:13
2082,785,280,2025-07-23 17:14:02,hybrid-v1.0,True,2025-07-23 17:14:02,2025-07-23 17:14:02
2083,296,272,2025-11-17 19:44:33,collab-v1.3,False,2025-11-17 19:44:33,2025-11-17 19:44:33
2084,860,592,2026-01-28 01:39:13,content-based-v2.0,False,2026-01-28 01:39:13,2026-01-28 01:39:13
2085,412,36,2025-08-16 08:37:55,collab-v1.3,False,2025-08-16 08:37:55,2025-08-16 08:37:55
2086,549,102,2026-02-22 02:34:41,collab-v1.2,True,2026-02-22 02:34:41,2026-02-22 02:34:41
2087,942,421,2025-10-24 12:31:59,collab-v1.2,False,2025-10-24 12:31:59,2025-10-24 12:31:59
2088,149,206,2026-01-10 11:41:30,collab-v1.3,True,2026-01-10 11:41:30,2026-01-10 11:41:30
2089,124,272,2025-06-15 20:15:57,content-based-v2.0,False,2025-06-15 20:15:57,2025-06-15 20:15:57
2090,991,305,2026-03-27 06:28:27,collab-v1.3,True,2026-03-27 06:28:27,2026-03-27 06:28:27
2091,903,493,2025-07-02 23:16:33,content-based-v2.0,False,2025-07-02 23:16:33,2025-07-02 23:16:33
2092,1000,373,2026-03-24 12:41:46,content-based-v2.0,False,2026-03-24 12:41:46,2026-03-24 12:41:46
2093,507,323,2025-10-08 11:24:59,content-based-v2.0,True,2025-10-08 11:24:59,2025-10-08 11:24:59
2094,448,304,2026-05-18 00:55:47,collab-v1.2,True,2026-05-18 00:55:47,2026-05-18 00:55:47
2095,682,530,2025-12-03 10:33:43,collab-v1.3,False,2025-12-03 10:33:43,2025-12-03 10:33:43
2096,413,600,2026-01-03 22:31:36,hybrid-v1.0,True,2026-01-03 22:31:36,2026-01-03 22:31:36
2097,555,494,2026-04-26 23:44:31,content-based-v2.0,False,2026-04-26 23:44:31,2026-04-26 23:44:31
2098,109,392,2025-06-28 20:05:26,collab-v1.2,False,2025-06-28 20:05:26,2025-06-28 20:05:26
2099,917,23,2025-07-10 19:59:06,collab-v1.2,False,2025-07-10 19:59:06,2025-07-10 19:59:06
2100,654,131,2026-05-10 00:31:03,content-based-v2.0,False,2026-05-10 00:31:03,2026-05-10 00:31:03
2101,249,262,2026-01-15 06:18:10,hybrid-v1.0,False,2026-01-15 06:18:10,2026-01-15 06:18:10
2102,17,118,2025-10-14 17:07:10,collab-v1.3,False,2025-10-14 17:07:10,2025-10-14 17:07:10
2103,644,25,2026-02-21 12:14:33,collab-v1.2,False,2026-02-21 12:14:33,2026-02-21 12:14:33
2104,510,566,2026-02-15 07:32:48,hybrid-v1.0,False,2026-02-15 07:32:48,2026-02-15 07:32:48
2105,181,399,2026-03-30 18:29:05,collab-v1.2,False,2026-03-30 18:29:05,2026-03-30 18:29:05
2106,833,330,2025-07-12 03:16:43,collab-v1.2,False,2025-07-12 03:16:43,2025-07-12 03:16:43
2107,74,35,2025-11-19 18:45:27,hybrid-v1.0,False,2025-11-19 18:45:27,2025-11-19 18:45:27
2108,375,224,2026-05-30 14:51:39,content-based-v2.0,False,2026-05-30 14:51:39,2026-05-30 14:51:39
2109,551,90,2026-05-03 18:31:14,hybrid-v1.0,False,2026-05-03 18:31:14,2026-05-03 18:31:14
2110,748,210,2026-03-15 21:02:09,collab-v1.3,False,2026-03-15 21:02:09,2026-03-15 21:02:09
2111,485,283,2026-01-06 18:39:43,collab-v1.2,False,2026-01-06 18:39:43,2026-01-06 18:39:43
2112,621,157,2025-12-16 21:51:50,collab-v1.2,False,2025-12-16 21:51:50,2025-12-16 21:51:50
2113,414,515,2026-02-13 08:13:34,hybrid-v1.0,False,2026-02-13 08:13:34,2026-02-13 08:13:34
2114,486,384,2025-12-19 03:25:22,collab-v1.3,False,2025-12-19 03:25:22,2025-12-19 03:25:22
2115,815,225,2025-09-22 18:25:26,collab-v1.2,False,2025-09-22 18:25:26,2025-09-22 18:25:26
2116,389,419,2025-11-06 10:48:57,collab-v1.3,False,2025-11-06 10:48:57,2025-11-06 10:48:57
2117,576,88,2025-07-11 08:06:16,content-based-v2.0,True,2025-07-11 08:06:16,2025-07-11 08:06:16
2118,981,577,2026-04-15 07:09:42,hybrid-v1.0,False,2026-04-15 07:09:42,2026-04-15 07:09:42
2119,947,384,2025-10-06 11:06:09,collab-v1.3,False,2025-10-06 11:06:09,2025-10-06 11:06:09
2120,215,430,2025-10-02 01:04:13,hybrid-v1.0,False,2025-10-02 01:04:13,2025-10-02 01:04:13
2121,541,236,2025-08-11 13:50:56,hybrid-v1.0,False,2025-08-11 13:50:56,2025-08-11 13:50:56
2122,665,4,2025-10-25 14:59:05,content-based-v2.0,False,2025-10-25 14:59:05,2025-10-25 14:59:05
2123,924,86,2026-03-24 02:11:46,collab-v1.3,False,2026-03-24 02:11:46,2026-03-24 02:11:46
2124,376,490,2025-08-23 05:30:54,hybrid-v1.0,False,2025-08-23 05:30:54,2025-08-23 05:30:54
2125,768,356,2026-02-17 03:31:14,collab-v1.2,False,2026-02-17 03:31:14,2026-02-17 03:31:14
2126,79,256,2025-09-24 04:56:22,hybrid-v1.0,False,2025-09-24 04:56:22,2025-09-24 04:56:22
2127,55,422,2025-08-17 22:02:13,collab-v1.3,False,2025-08-17 22:02:13,2025-08-17 22:02:13
2128,432,200,2026-03-05 04:49:40,hybrid-v1.0,False,2026-03-05 04:49:40,2026-03-05 04:49:40
2129,454,388,2025-08-04 01:17:21,hybrid-v1.0,True,2025-08-04 01:17:21,2025-08-04 01:17:21
2130,822,360,2026-04-04 13:21:44,content-based-v2.0,False,2026-04-04 13:21:44,2026-04-04 13:21:44
2131,380,467,2025-07-15 07:05:28,hybrid-v1.0,False,2025-07-15 07:05:28,2025-07-15 07:05:28
2132,224,117,2025-07-23 19:40:28,collab-v1.3,True,2025-07-23 19:40:28,2025-07-23 19:40:28
2133,333,243,2025-06-15 02:00:06,content-based-v2.0,False,2025-06-15 02:00:06,2025-06-15 02:00:06
2134,123,271,2025-09-14 19:11:37,collab-v1.3,False,2025-09-14 19:11:37,2025-09-14 19:11:37
2135,573,234,2026-01-29 22:27:30,hybrid-v1.0,True,2026-01-29 22:27:30,2026-01-29 22:27:30
2136,924,94,2026-05-14 11:54:58,collab-v1.2,False,2026-05-14 11:54:58,2026-05-14 11:54:58
2137,226,543,2026-01-07 18:37:06,hybrid-v1.0,True,2026-01-07 18:37:06,2026-01-07 18:37:06
2138,504,187,2025-11-02 16:31:27,collab-v1.3,False,2025-11-02 16:31:27,2025-11-02 16:31:27
2139,552,11,2026-01-07 11:11:42,content-based-v2.0,False,2026-01-07 11:11:42,2026-01-07 11:11:42
2140,46,172,2025-06-25 13:01:26,collab-v1.2,False,2025-06-25 13:01:26,2025-06-25 13:01:26
2141,522,443,2026-03-22 21:34:17,content-based-v2.0,False,2026-03-22 21:34:17,2026-03-22 21:34:17
2142,544,195,2025-07-18 21:34:00,collab-v1.2,False,2025-07-18 21:34:00,2025-07-18 21:34:00
2143,520,434,2025-09-08 04:25:43,content-based-v2.0,False,2025-09-08 04:25:43,2025-09-08 04:25:43
2144,867,335,2025-08-03 06:38:42,hybrid-v1.0,True,2025-08-03 06:38:42,2025-08-03 06:38:42
2145,794,408,2025-07-10 07:17:54,content-based-v2.0,False,2025-07-10 07:17:54,2025-07-10 07:17:54
2146,111,488,2026-02-24 00:35:43,collab-v1.3,False,2026-02-24 00:35:43,2026-02-24 00:35:43
2147,197,73,2026-04-07 17:48:30,collab-v1.3,False,2026-04-07 17:48:30,2026-04-07 17:48:30
2148,988,543,2025-09-12 06:45:33,hybrid-v1.0,False,2025-09-12 06:45:33,2025-09-12 06:45:33
2149,934,143,2025-07-08 12:17:17,collab-v1.3,True,2025-07-08 12:17:17,2025-07-08 12:17:17
2150,179,586,2026-01-22 19:53:25,hybrid-v1.0,False,2026-01-22 19:53:25,2026-01-22 19:53:25
2151,338,294,2025-08-20 12:13:11,collab-v1.2,True,2025-08-20 12:13:11,2025-08-20 12:13:11
2152,101,450,2026-01-16 17:43:39,content-based-v2.0,False,2026-01-16 17:43:39,2026-01-16 17:43:39
2153,750,109,2026-04-22 12:25:33,collab-v1.3,True,2026-04-22 12:25:33,2026-04-22 12:25:33
2154,142,75,2025-08-31 01:09:12,content-based-v2.0,False,2025-08-31 01:09:12,2025-08-31 01:09:12
2155,877,451,2026-01-14 00:47:17,collab-v1.2,False,2026-01-14 00:47:17,2026-01-14 00:47:17
2156,524,561,2025-07-17 15:40:55,collab-v1.3,False,2025-07-17 15:40:55,2025-07-17 15:40:55
2157,911,297,2025-07-15 23:14:39,content-based-v2.0,False,2025-07-15 23:14:39,2025-07-15 23:14:39
2158,701,168,2025-09-30 04:54:04,content-based-v2.0,False,2025-09-30 04:54:04,2025-09-30 04:54:04
2159,351,43,2025-11-17 19:07:46,hybrid-v1.0,False,2025-11-17 19:07:46,2025-11-17 19:07:46
2160,341,572,2025-10-05 07:33:38,content-based-v2.0,False,2025-10-05 07:33:38,2025-10-05 07:33:38
2161,121,454,2026-02-14 17:53:35,content-based-v2.0,False,2026-02-14 17:53:35,2026-02-14 17:53:35
2162,92,421,2025-11-01 07:33:15,collab-v1.3,True,2025-11-01 07:33:15,2025-11-01 07:33:15
2163,216,160,2026-03-19 19:54:54,collab-v1.2,False,2026-03-19 19:54:54,2026-03-19 19:54:54
2164,23,358,2025-07-28 14:32:29,content-based-v2.0,False,2025-07-28 14:32:29,2025-07-28 14:32:29
2165,661,202,2026-01-08 00:03:29,hybrid-v1.0,False,2026-01-08 00:03:29,2026-01-08 00:03:29
2166,879,270,2026-04-28 17:06:44,content-based-v2.0,False,2026-04-28 17:06:44,2026-04-28 17:06:44
2167,587,57,2026-04-17 05:04:37,hybrid-v1.0,False,2026-04-17 05:04:37,2026-04-17 05:04:37
2168,285,49,2026-02-18 00:22:17,content-based-v2.0,True,2026-02-18 00:22:17,2026-02-18 00:22:17
2169,458,75,2026-03-24 14:24:59,hybrid-v1.0,False,2026-03-24 14:24:59,2026-03-24 14:24:59
2170,134,552,2025-06-11 11:10:22,collab-v1.3,False,2025-06-11 11:10:22,2025-06-11 11:10:22
2171,961,142,2025-07-12 05:28:01,collab-v1.3,True,2025-07-12 05:28:01,2025-07-12 05:28:01
2172,410,277,2025-09-04 19:22:22,collab-v1.3,False,2025-09-04 19:22:22,2025-09-04 19:22:22
2173,166,440,2025-11-18 13:06:45,collab-v1.2,False,2025-11-18 13:06:45,2025-11-18 13:06:45
2174,584,239,2025-06-30 06:26:15,collab-v1.2,False,2025-06-30 06:26:15,2025-06-30 06:26:15
2175,990,65,2026-02-15 11:10:16,hybrid-v1.0,False,2026-02-15 11:10:16,2026-02-15 11:10:16
2176,457,306,2025-12-07 16:14:28,collab-v1.2,True,2025-12-07 16:14:28,2025-12-07 16:14:28
2177,700,271,2025-11-08 16:26:20,collab-v1.3,False,2025-11-08 16:26:20,2025-11-08 16:26:20
2178,770,168,2026-02-04 05:09:51,hybrid-v1.0,False,2026-02-04 05:09:51,2026-02-04 05:09:51
2179,943,237,2026-05-23 23:36:32,content-based-v2.0,False,2026-05-23 23:36:32,2026-05-23 23:36:32
2180,927,577,2025-06-17 23:20:25,collab-v1.3,False,2025-06-17 23:20:25,2025-06-17 23:20:25
2181,227,516,2025-12-28 10:31:24,hybrid-v1.0,True,2025-12-28 10:31:24,2025-12-28 10:31:24
2182,28,121,2025-11-09 10:41:33,content-based-v2.0,False,2025-11-09 10:41:33,2025-11-09 10:41:33
2183,208,420,2026-05-30 06:57:40,content-based-v2.0,False,2026-05-30 06:57:40,2026-05-30 06:57:40
2184,308,219,2025-07-04 19:37:37,collab-v1.3,True,2025-07-04 19:37:37,2025-07-04 19:37:37
2185,103,292,2025-09-24 14:33:52,hybrid-v1.0,False,2025-09-24 14:33:52,2025-09-24 14:33:52
2186,250,5,2025-07-05 23:57:20,collab-v1.3,False,2025-07-05 23:57:20,2025-07-05 23:57:20
2187,734,591,2025-12-05 03:27:23,content-based-v2.0,False,2025-12-05 03:27:23,2025-12-05 03:27:23
2188,774,335,2026-02-08 00:59:54,collab-v1.2,False,2026-02-08 00:59:54,2026-02-08 00:59:54
2189,548,313,2025-12-15 05:16:04,hybrid-v1.0,False,2025-12-15 05:16:04,2025-12-15 05:16:04
2190,235,475,2026-02-01 08:10:24,content-based-v2.0,False,2026-02-01 08:10:24,2026-02-01 08:10:24
2191,996,10,2025-08-12 17:31:40,collab-v1.2,False,2025-08-12 17:31:40,2025-08-12 17:31:40
2192,948,56,2025-09-27 01:28:42,hybrid-v1.0,False,2025-09-27 01:28:42,2025-09-27 01:28:42
2193,173,427,2025-07-18 00:18:58,content-based-v2.0,False,2025-07-18 00:18:58,2025-07-18 00:18:58
2194,370,450,2025-12-18 01:53:18,content-based-v2.0,False,2025-12-18 01:53:18,2025-12-18 01:53:18
2195,705,474,2025-07-22 12:18:44,collab-v1.3,True,2025-07-22 12:18:44,2025-07-22 12:18:44
2196,413,545,2026-03-07 22:56:10,hybrid-v1.0,False,2026-03-07 22:56:10,2026-03-07 22:56:10
2197,609,423,2025-10-01 17:33:07,collab-v1.3,True,2025-10-01 17:33:07,2025-10-01 17:33:07
2198,586,262,2025-11-03 15:56:53,content-based-v2.0,False,2025-11-03 15:56:53,2025-11-03 15:56:53
2199,567,581,2025-09-23 19:55:47,collab-v1.2,False,2025-09-23 19:55:47,2025-09-23 19:55:47
2200,346,561,2026-04-10 18:46:25,hybrid-v1.0,False,2026-04-10 18:46:25,2026-04-10 18:46:25
2201,328,338,2026-05-23 13:04:29,collab-v1.3,False,2026-05-23 13:04:29,2026-05-23 13:04:29
2202,64,343,2025-06-23 08:45:47,content-based-v2.0,False,2025-06-23 08:45:47,2025-06-23 08:45:47
2203,236,259,2025-07-22 21:14:42,content-based-v2.0,False,2025-07-22 21:14:42,2025-07-22 21:14:42
2204,870,556,2025-08-20 08:48:56,collab-v1.2,False,2025-08-20 08:48:56,2025-08-20 08:48:56
2205,635,33,2025-09-08 11:12:17,collab-v1.2,False,2025-09-08 11:12:17,2025-09-08 11:12:17
2206,325,519,2025-10-26 07:44:26,content-based-v2.0,False,2025-10-26 07:44:26,2025-10-26 07:44:26
2207,591,116,2025-10-12 18:01:26,collab-v1.2,False,2025-10-12 18:01:26,2025-10-12 18:01:26
2208,193,485,2025-10-19 01:38:58,collab-v1.3,False,2025-10-19 01:38:58,2025-10-19 01:38:58
2209,781,146,2026-03-10 13:44:51,collab-v1.3,True,2026-03-10 13:44:51,2026-03-10 13:44:51
2210,992,253,2026-05-16 17:17:48,collab-v1.2,False,2026-05-16 17:17:48,2026-05-16 17:17:48
2211,137,130,2025-12-06 21:31:21,hybrid-v1.0,False,2025-12-06 21:31:21,2025-12-06 21:31:21
2212,588,262,2025-09-29 14:33:38,content-based-v2.0,False,2025-09-29 14:33:38,2025-09-29 14:33:38
2213,999,402,2026-01-07 08:22:01,collab-v1.3,False,2026-01-07 08:22:01,2026-01-07 08:22:01
2214,489,551,2025-10-23 11:13:09,collab-v1.2,False,2025-10-23 11:13:09,2025-10-23 11:13:09
2215,244,542,2025-12-14 01:54:48,hybrid-v1.0,False,2025-12-14 01:54:48,2025-12-14 01:54:48
2216,268,266,2026-05-15 10:04:41,collab-v1.2,False,2026-05-15 10:04:41,2026-05-15 10:04:41
2217,744,441,2026-03-09 03:01:51,hybrid-v1.0,False,2026-03-09 03:01:51,2026-03-09 03:01:51
2218,215,594,2025-11-23 18:12:06,collab-v1.3,False,2025-11-23 18:12:06,2025-11-23 18:12:06
2219,669,16,2026-01-18 01:00:37,collab-v1.3,False,2026-01-18 01:00:37,2026-01-18 01:00:37
2220,394,378,2025-10-12 11:24:47,collab-v1.3,False,2025-10-12 11:24:47,2025-10-12 11:24:47
2221,21,80,2026-03-24 22:55:30,content-based-v2.0,False,2026-03-24 22:55:30,2026-03-24 22:55:30
2222,594,55,2025-12-15 11:26:41,hybrid-v1.0,False,2025-12-15 11:26:41,2025-12-15 11:26:41
2223,269,315,2025-07-20 02:12:29,collab-v1.2,True,2025-07-20 02:12:29,2025-07-20 02:12:29
2224,26,42,2025-09-15 22:54:51,hybrid-v1.0,False,2025-09-15 22:54:51,2025-09-15 22:54:51
2225,320,595,2025-09-21 01:56:32,collab-v1.3,False,2025-09-21 01:56:32,2025-09-21 01:56:32
2226,147,514,2025-07-25 14:05:19,hybrid-v1.0,False,2025-07-25 14:05:19,2025-07-25 14:05:19
2227,543,534,2025-09-24 16:37:16,collab-v1.2,False,2025-09-24 16:37:16,2025-09-24 16:37:16
2228,441,291,2025-11-15 10:54:02,hybrid-v1.0,False,2025-11-15 10:54:02,2025-11-15 10:54:02
2229,30,161,2025-07-26 17:15:43,hybrid-v1.0,False,2025-07-26 17:15:43,2025-07-26 17:15:43
2230,440,372,2026-05-17 00:51:10,collab-v1.3,False,2026-05-17 00:51:10,2026-05-17 00:51:10
2231,740,376,2025-10-24 05:42:39,hybrid-v1.0,True,2025-10-24 05:42:39,2025-10-24 05:42:39
2232,577,272,2026-02-26 05:25:02,content-based-v2.0,False,2026-02-26 05:25:02,2026-02-26 05:25:02
2233,640,466,2026-01-20 10:51:47,collab-v1.3,False,2026-01-20 10:51:47,2026-01-20 10:51:47
2234,356,494,2025-06-16 00:58:44,hybrid-v1.0,False,2025-06-16 00:58:44,2025-06-16 00:58:44
2235,774,253,2026-04-30 12:37:30,collab-v1.3,False,2026-04-30 12:37:30,2026-04-30 12:37:30
2236,553,284,2025-10-04 09:52:16,content-based-v2.0,False,2025-10-04 09:52:16,2025-10-04 09:52:16
2237,343,219,2026-02-27 01:54:00,collab-v1.3,False,2026-02-27 01:54:00,2026-02-27 01:54:00
2238,658,423,2026-01-30 21:16:04,hybrid-v1.0,False,2026-01-30 21:16:04,2026-01-30 21:16:04
2239,469,495,2025-12-23 06:39:03,hybrid-v1.0,False,2025-12-23 06:39:03,2025-12-23 06:39:03
2240,449,93,2026-05-26 00:58:47,content-based-v2.0,False,2026-05-26 00:58:47,2026-05-26 00:58:47
2241,809,526,2025-07-21 20:10:36,content-based-v2.0,False,2025-07-21 20:10:36,2025-07-21 20:10:36
2242,177,303,2025-08-13 03:19:17,content-based-v2.0,False,2025-08-13 03:19:17,2025-08-13 03:19:17
2243,826,111,2026-02-23 13:04:46,collab-v1.2,False,2026-02-23 13:04:46,2026-02-23 13:04:46
2244,241,360,2026-01-04 14:41:38,collab-v1.2,True,2026-01-04 14:41:38,2026-01-04 14:41:38
2245,560,213,2026-03-22 23:10:02,content-based-v2.0,True,2026-03-22 23:10:02,2026-03-22 23:10:02
2246,631,536,2026-02-08 11:34:43,content-based-v2.0,False,2026-02-08 11:34:43,2026-02-08 11:34:43
2247,825,175,2025-07-17 05:00:55,content-based-v2.0,False,2025-07-17 05:00:55,2025-07-17 05:00:55
2248,878,54,2025-06-14 15:47:07,collab-v1.2,True,2025-06-14 15:47:07,2025-06-14 15:47:07
2249,310,224,2026-04-18 07:03:05,collab-v1.2,False,2026-04-18 07:03:05,2026-04-18 07:03:05
2250,474,400,2025-06-14 15:39:21,content-based-v2.0,False,2025-06-14 15:39:21,2025-06-14 15:39:21
2251,28,457,2026-01-12 10:53:01,collab-v1.2,True,2026-01-12 10:53:01,2026-01-12 10:53:01
2252,909,528,2026-03-11 22:08:27,content-based-v2.0,False,2026-03-11 22:08:27,2026-03-11 22:08:27
2253,372,576,2026-05-22 02:36:31,hybrid-v1.0,False,2026-05-22 02:36:31,2026-05-22 02:36:31
2254,770,184,2025-09-21 05:15:44,hybrid-v1.0,True,2025-09-21 05:15:44,2025-09-21 05:15:44
2255,214,230,2025-08-04 03:42:20,content-based-v2.0,False,2025-08-04 03:42:20,2025-08-04 03:42:20
2256,143,458,2026-04-11 07:06:16,collab-v1.2,False,2026-04-11 07:06:16,2026-04-11 07:06:16
2257,499,160,2025-09-07 19:49:56,hybrid-v1.0,False,2025-09-07 19:49:56,2025-09-07 19:49:56
2258,998,133,2025-08-14 17:09:07,hybrid-v1.0,False,2025-08-14 17:09:07,2025-08-14 17:09:07
2259,927,489,2026-05-10 15:21:54,hybrid-v1.0,False,2026-05-10 15:21:54,2026-05-10 15:21:54
2260,501,319,2025-10-30 04:50:01,hybrid-v1.0,False,2025-10-30 04:50:01,2025-10-30 04:50:01
2261,814,184,2026-01-14 18:29:25,hybrid-v1.0,False,2026-01-14 18:29:25,2026-01-14 18:29:25
2262,377,437,2025-11-02 10:32:52,collab-v1.2,True,2025-11-02 10:32:52,2025-11-02 10:32:52
2263,429,185,2025-06-30 12:34:02,collab-v1.3,False,2025-06-30 12:34:02,2025-06-30 12:34:02
2264,72,525,2025-08-05 11:03:40,collab-v1.2,True,2025-08-05 11:03:40,2025-08-05 11:03:40
2265,637,535,2026-03-11 17:21:10,hybrid-v1.0,False,2026-03-11 17:21:10,2026-03-11 17:21:10
2266,826,139,2026-02-28 23:22:39,hybrid-v1.0,False,2026-02-28 23:22:39,2026-02-28 23:22:39
2267,118,278,2026-05-30 13:27:09,content-based-v2.0,False,2026-05-30 13:27:09,2026-05-30 13:27:09
2268,681,373,2025-07-21 05:17:51,content-based-v2.0,False,2025-07-21 05:17:51,2025-07-21 05:17:51
2269,189,62,2025-09-19 12:22:19,hybrid-v1.0,True,2025-09-19 12:22:19,2025-09-19 12:22:19
2270,933,315,2025-10-18 04:58:34,collab-v1.3,True,2025-10-18 04:58:34,2025-10-18 04:58:34
2271,223,143,2025-12-21 23:37:37,collab-v1.2,False,2025-12-21 23:37:37,2025-12-21 23:37:37
2272,559,247,2026-02-16 21:24:11,content-based-v2.0,False,2026-02-16 21:24:11,2026-02-16 21:24:11
2273,240,406,2025-09-30 20:26:11,collab-v1.2,False,2025-09-30 20:26:11,2025-09-30 20:26:11
2274,678,263,2025-09-19 12:43:15,hybrid-v1.0,False,2025-09-19 12:43:15,2025-09-19 12:43:15
2275,794,65,2025-10-11 19:45:39,collab-v1.2,False,2025-10-11 19:45:39,2025-10-11 19:45:39
2276,211,79,2025-08-25 03:06:31,content-based-v2.0,False,2025-08-25 03:06:31,2025-08-25 03:06:31
2277,854,471,2026-01-18 02:08:11,content-based-v2.0,False,2026-01-18 02:08:11,2026-01-18 02:08:11
2278,981,594,2025-08-11 13:00:52,collab-v1.2,False,2025-08-11 13:00:52,2025-08-11 13:00:52
2279,650,270,2025-07-14 22:50:50,content-based-v2.0,False,2025-07-14 22:50:50,2025-07-14 22:50:50
2280,811,125,2026-05-20 10:08:25,collab-v1.2,False,2026-05-20 10:08:25,2026-05-20 10:08:25
2281,859,233,2025-09-03 21:28:58,content-based-v2.0,False,2025-09-03 21:28:58,2025-09-03 21:28:58
2282,991,178,2025-07-31 01:16:57,collab-v1.2,False,2025-07-31 01:16:57,2025-07-31 01:16:57
2283,305,229,2025-11-06 13:27:47,content-based-v2.0,False,2025-11-06 13:27:47,2025-11-06 13:27:47
2284,670,335,2026-05-19 02:46:07,hybrid-v1.0,False,2026-05-19 02:46:07,2026-05-19 02:46:07
2285,519,161,2026-01-31 12:28:18,collab-v1.2,False,2026-01-31 12:28:18,2026-01-31 12:28:18
2286,504,155,2025-11-10 20:09:34,collab-v1.2,False,2025-11-10 20:09:34,2025-11-10 20:09:34
2287,653,33,2025-10-12 10:11:32,collab-v1.3,False,2025-10-12 10:11:32,2025-10-12 10:11:32
2288,382,373,2026-03-22 07:36:52,collab-v1.3,True,2026-03-22 07:36:52,2026-03-22 07:36:52
2289,513,171,2025-09-29 13:22:24,collab-v1.3,False,2025-09-29 13:22:24,2025-09-29 13:22:24
2290,25,281,2025-08-29 21:02:19,collab-v1.2,False,2025-08-29 21:02:19,2025-08-29 21:02:19
2291,163,53,2025-06-14 16:17:07,collab-v1.3,False,2025-06-14 16:17:07,2025-06-14 16:17:07
2292,262,382,2026-04-22 04:52:43,collab-v1.3,False,2026-04-22 04:52:43,2026-04-22 04:52:43
2293,807,241,2025-06-19 22:45:20,content-based-v2.0,False,2025-06-19 22:45:20,2025-06-19 22:45:20
2294,953,586,2026-01-14 00:44:46,collab-v1.3,False,2026-01-14 00:44:46,2026-01-14 00:44:46
2295,113,481,2025-12-02 04:49:48,content-based-v2.0,False,2025-12-02 04:49:48,2025-12-02 04:49:48
2296,808,519,2025-12-15 02:04:13,content-based-v2.0,False,2025-12-15 02:04:13,2025-12-15 02:04:13
2297,929,522,2025-07-11 20:15:32,content-based-v2.0,False,2025-07-11 20:15:32,2025-07-11 20:15:32
2298,650,530,2026-01-31 21:09:31,hybrid-v1.0,False,2026-01-31 21:09:31,2026-01-31 21:09:31
2299,847,503,2025-10-19 14:23:40,collab-v1.3,True,2025-10-19 14:23:40,2025-10-19 14:23:40
2300,216,30,2025-08-19 01:26:56,hybrid-v1.0,False,2025-08-19 01:26:56,2025-08-19 01:26:56
2301,671,85,2025-09-01 21:55:04,hybrid-v1.0,False,2025-09-01 21:55:04,2025-09-01 21:55:04
2302,664,381,2025-09-28 09:21:37,collab-v1.3,False,2025-09-28 09:21:37,2025-09-28 09:21:37
2303,988,412,2026-02-16 07:53:01,collab-v1.2,False,2026-02-16 07:53:01,2026-02-16 07:53:01
2304,511,356,2026-04-04 11:43:45,collab-v1.3,False,2026-04-04 11:43:45,2026-04-04 11:43:45
2305,322,478,2025-11-22 20:26:55,content-based-v2.0,False,2025-11-22 20:26:55,2025-11-22 20:26:55
2306,613,33,2026-01-23 07:20:00,content-based-v2.0,False,2026-01-23 07:20:00,2026-01-23 07:20:00
2307,22,72,2025-06-16 20:29:51,collab-v1.2,True,2025-06-16 20:29:51,2025-06-16 20:29:51
2308,790,364,2026-05-07 14:54:09,hybrid-v1.0,False,2026-05-07 14:54:09,2026-05-07 14:54:09
2309,817,80,2025-11-18 23:40:34,collab-v1.3,False,2025-11-18 23:40:34,2025-11-18 23:40:34
2310,840,398,2025-07-08 23:15:55,content-based-v2.0,False,2025-07-08 23:15:55,2025-07-08 23:15:55
2311,885,398,2025-07-12 06:08:02,collab-v1.2,False,2025-07-12 06:08:02,2025-07-12 06:08:02
2312,642,498,2026-03-09 18:37:16,collab-v1.3,False,2026-03-09 18:37:16,2026-03-09 18:37:16
2313,640,211,2026-04-29 05:34:47,hybrid-v1.0,False,2026-04-29 05:34:47,2026-04-29 05:34:47
2314,99,558,2026-03-30 14:57:52,hybrid-v1.0,False,2026-03-30 14:57:52,2026-03-30 14:57:52
2315,507,547,2025-09-08 07:52:44,collab-v1.2,False,2025-09-08 07:52:44,2025-09-08 07:52:44
2316,603,361,2026-01-02 03:02:25,collab-v1.2,True,2026-01-02 03:02:25,2026-01-02 03:02:25
2317,848,349,2026-01-31 04:49:23,collab-v1.2,False,2026-01-31 04:49:23,2026-01-31 04:49:23
2318,269,509,2025-08-13 19:39:36,collab-v1.3,False,2025-08-13 19:39:36,2025-08-13 19:39:36
2319,45,546,2026-01-27 20:53:36,content-based-v2.0,False,2026-01-27 20:53:36,2026-01-27 20:53:36
2320,750,77,2025-10-03 23:00:08,collab-v1.2,False,2025-10-03 23:00:08,2025-10-03 23:00:08
2321,39,424,2025-10-22 14:23:41,hybrid-v1.0,False,2025-10-22 14:23:41,2025-10-22 14:23:41
2322,449,33,2025-06-13 23:38:51,hybrid-v1.0,False,2025-06-13 23:38:51,2025-06-13 23:38:51
2323,845,220,2025-10-31 19:03:12,hybrid-v1.0,False,2025-10-31 19:03:12,2025-10-31 19:03:12
2324,299,461,2025-12-21 17:59:30,content-based-v2.0,False,2025-12-21 17:59:30,2025-12-21 17:59:30
2325,180,573,2025-09-29 05:53:29,collab-v1.2,False,2025-09-29 05:53:29,2025-09-29 05:53:29
2326,248,59,2026-01-09 05:42:24,collab-v1.2,False,2026-01-09 05:42:24,2026-01-09 05:42:24
2327,320,58,2025-07-06 23:21:33,collab-v1.3,False,2025-07-06 23:21:33,2025-07-06 23:21:33
2328,844,222,2025-08-24 07:45:41,collab-v1.3,True,2025-08-24 07:45:41,2025-08-24 07:45:41
2329,953,433,2026-02-06 09:23:14,collab-v1.3,False,2026-02-06 09:23:14,2026-02-06 09:23:14
2330,223,405,2025-10-16 16:04:16,collab-v1.3,False,2025-10-16 16:04:16,2025-10-16 16:04:16
2331,145,306,2025-08-24 11:42:32,collab-v1.3,False,2025-08-24 11:42:32,2025-08-24 11:42:32
2332,650,486,2025-12-03 12:23:35,collab-v1.2,False,2025-12-03 12:23:35,2025-12-03 12:23:35
2333,390,442,2026-03-07 16:56:14,collab-v1.3,False,2026-03-07 16:56:14,2026-03-07 16:56:14
2334,710,398,2025-12-29 17:27:18,collab-v1.3,False,2025-12-29 17:27:18,2025-12-29 17:27:18
2335,236,9,2026-02-04 13:17:43,collab-v1.2,False,2026-02-04 13:17:43,2026-02-04 13:17:43
2336,232,163,2025-06-25 19:26:13,hybrid-v1.0,False,2025-06-25 19:26:13,2025-06-25 19:26:13
2337,482,185,2025-07-29 03:11:16,hybrid-v1.0,False,2025-07-29 03:11:16,2025-07-29 03:11:16
2338,266,43,2026-03-23 23:56:41,collab-v1.3,False,2026-03-23 23:56:41,2026-03-23 23:56:41
2339,549,241,2026-05-01 17:53:48,collab-v1.3,False,2026-05-01 17:53:48,2026-05-01 17:53:48
2340,171,231,2025-06-19 16:56:49,content-based-v2.0,False,2025-06-19 16:56:49,2025-06-19 16:56:49
2341,776,216,2025-12-30 03:37:54,content-based-v2.0,False,2025-12-30 03:37:54,2025-12-30 03:37:54
2342,559,531,2026-04-19 08:10:56,collab-v1.3,False,2026-04-19 08:10:56,2026-04-19 08:10:56
2343,590,435,2026-03-07 04:01:31,content-based-v2.0,False,2026-03-07 04:01:31,2026-03-07 04:01:31
2344,6,104,2025-07-24 09:07:33,collab-v1.3,False,2025-07-24 09:07:33,2025-07-24 09:07:33
2345,574,278,2025-11-20 22:20:40,collab-v1.2,False,2025-11-20 22:20:40,2025-11-20 22:20:40
2346,547,434,2025-08-17 08:58:51,hybrid-v1.0,False,2025-08-17 08:58:51,2025-08-17 08:58:51
2347,737,136,2025-10-28 10:06:45,hybrid-v1.0,True,2025-10-28 10:06:45,2025-10-28 10:06:45
2348,149,575,2026-04-06 05:58:01,hybrid-v1.0,False,2026-04-06 05:58:01,2026-04-06 05:58:01
2349,897,300,2025-07-27 00:25:39,hybrid-v1.0,False,2025-07-27 00:25:39,2025-07-27 00:25:39
2350,172,145,2026-04-01 21:55:34,collab-v1.2,False,2026-04-01 21:55:34,2026-04-01 21:55:34
2351,812,133,2026-01-17 14:57:32,collab-v1.3,False,2026-01-17 14:57:32,2026-01-17 14:57:32
2352,693,551,2025-08-19 19:16:11,collab-v1.2,False,2025-08-19 19:16:11,2025-08-19 19:16:11
2353,486,137,2025-07-20 13:36:29,collab-v1.2,False,2025-07-20 13:36:29,2025-07-20 13:36:29
2354,905,226,2025-12-10 04:42:54,content-based-v2.0,False,2025-12-10 04:42:54,2025-12-10 04:42:54
2355,714,290,2026-04-03 10:03:44,collab-v1.3,False,2026-04-03 10:03:44,2026-04-03 10:03:44
2356,858,229,2025-08-21 07:45:15,content-based-v2.0,False,2025-08-21 07:45:15,2025-08-21 07:45:15
2357,419,202,2026-03-14 13:25:26,collab-v1.2,False,2026-03-14 13:25:26,2026-03-14 13:25:26
2358,761,107,2025-10-08 15:13:10,hybrid-v1.0,True,2025-10-08 15:13:10,2025-10-08 15:13:10
2359,978,293,2025-10-31 22:30:58,content-based-v2.0,False,2025-10-31 22:30:58,2025-10-31 22:30:58
2360,170,400,2026-04-20 12:37:54,collab-v1.2,False,2026-04-20 12:37:54,2026-04-20 12:37:54
2361,792,323,2026-02-07 23:25:44,collab-v1.3,False,2026-02-07 23:25:44,2026-02-07 23:25:44
2362,350,254,2025-12-20 21:06:27,content-based-v2.0,False,2025-12-20 21:06:27,2025-12-20 21:06:27
2363,242,468,2025-09-15 15:14:42,collab-v1.2,False,2025-09-15 15:14:42,2025-09-15 15:14:42
2364,7,191,2025-10-26 05:46:44,collab-v1.3,False,2025-10-26 05:46:44,2025-10-26 05:46:44
2365,10,87,2026-01-17 06:51:09,collab-v1.2,False,2026-01-17 06:51:09,2026-01-17 06:51:09
2366,934,508,2025-06-20 01:03:24,collab-v1.2,False,2025-06-20 01:03:24,2025-06-20 01:03:24
2367,630,240,2026-01-25 19:48:18,collab-v1.3,False,2026-01-25 19:48:18,2026-01-25 19:48:18
2368,416,404,2025-09-05 21:13:53,collab-v1.3,False,2025-09-05 21:13:53,2025-09-05 21:13:53
2369,861,318,2026-06-01 23:15:01,content-based-v2.0,False,2026-06-01 23:15:01,2026-06-01 23:15:01
2370,412,499,2025-11-10 19:27:17,hybrid-v1.0,False,2025-11-10 19:27:17,2025-11-10 19:27:17
2371,504,128,2025-06-22 16:29:46,collab-v1.2,False,2025-06-22 16:29:46,2025-06-22 16:29:46
2372,953,43,2025-08-09 20:14:54,hybrid-v1.0,True,2025-08-09 20:14:54,2025-08-09 20:14:54
2373,91,421,2026-04-29 19:04:27,content-based-v2.0,False,2026-04-29 19:04:27,2026-04-29 19:04:27
2374,292,463,2026-03-16 10:04:26,hybrid-v1.0,True,2026-03-16 10:04:26,2026-03-16 10:04:26
2375,699,446,2025-08-22 02:15:29,hybrid-v1.0,False,2025-08-22 02:15:29,2025-08-22 02:15:29
2376,466,258,2025-07-01 09:22:24,content-based-v2.0,False,2025-07-01 09:22:24,2025-07-01 09:22:24
2377,618,145,2026-04-11 11:59:30,collab-v1.2,False,2026-04-11 11:59:30,2026-04-11 11:59:30
2378,150,33,2025-08-05 20:03:51,collab-v1.2,False,2025-08-05 20:03:51,2025-08-05 20:03:51
2379,919,302,2025-08-25 02:26:22,content-based-v2.0,False,2025-08-25 02:26:22,2025-08-25 02:26:22
2380,945,566,2025-10-31 20:32:39,collab-v1.3,True,2025-10-31 20:32:39,2025-10-31 20:32:39
2381,148,468,2025-08-03 04:42:29,hybrid-v1.0,True,2025-08-03 04:42:29,2025-08-03 04:42:29
2382,118,518,2025-10-06 10:31:43,hybrid-v1.0,False,2025-10-06 10:31:43,2025-10-06 10:31:43
2383,942,559,2025-08-04 00:30:12,content-based-v2.0,False,2025-08-04 00:30:12,2025-08-04 00:30:12
2384,969,383,2025-10-20 03:02:02,collab-v1.2,False,2025-10-20 03:02:02,2025-10-20 03:02:02
2385,461,424,2026-04-04 13:40:41,hybrid-v1.0,False,2026-04-04 13:40:41,2026-04-04 13:40:41
2386,333,451,2026-04-23 14:35:12,collab-v1.2,False,2026-04-23 14:35:12,2026-04-23 14:35:12
2387,115,325,2025-06-25 09:04:47,collab-v1.3,False,2025-06-25 09:04:47,2025-06-25 09:04:47
2388,419,598,2026-04-06 19:38:48,collab-v1.3,False,2026-04-06 19:38:48,2026-04-06 19:38:48
2389,208,45,2026-01-28 21:59:11,hybrid-v1.0,False,2026-01-28 21:59:11,2026-01-28 21:59:11
2390,285,80,2025-12-23 02:54:35,content-based-v2.0,False,2025-12-23 02:54:35,2025-12-23 02:54:35
2391,108,328,2025-12-01 21:21:42,collab-v1.2,False,2025-12-01 21:21:42,2025-12-01 21:21:42
2392,716,571,2026-04-05 05:52:56,collab-v1.3,False,2026-04-05 05:52:56,2026-04-05 05:52:56
2393,252,323,2025-09-24 22:31:20,content-based-v2.0,False,2025-09-24 22:31:20,2025-09-24 22:31:20
2394,978,110,2026-01-15 04:08:58,hybrid-v1.0,False,2026-01-15 04:08:58,2026-01-15 04:08:58
2395,457,44,2025-11-05 10:57:46,hybrid-v1.0,False,2025-11-05 10:57:46,2025-11-05 10:57:46
2396,989,301,2025-06-27 01:48:41,hybrid-v1.0,False,2025-06-27 01:48:41,2025-06-27 01:48:41
2397,39,241,2026-02-03 20:12:59,hybrid-v1.0,False,2026-02-03 20:12:59,2026-02-03 20:12:59
2398,398,66,2026-04-20 19:23:25,collab-v1.2,False,2026-04-20 19:23:25,2026-04-20 19:23:25
2399,483,353,2026-01-17 22:07:59,hybrid-v1.0,False,2026-01-17 22:07:59,2026-01-17 22:07:59
2400,521,267,2026-04-05 09:51:16,collab-v1.2,False,2026-04-05 09:51:16,2026-04-05 09:51:16
2401,576,434,2025-08-04 11:58:45,collab-v1.3,False,2025-08-04 11:58:45,2025-08-04 11:58:45
2402,407,585,2026-01-04 10:07:05,collab-v1.2,False,2026-01-04 10:07:05,2026-01-04 10:07:05
2403,513,454,2025-10-21 09:28:04,collab-v1.2,True,2025-10-21 09:28:04,2025-10-21 09:28:04
2404,723,186,2025-06-29 14:46:53,hybrid-v1.0,False,2025-06-29 14:46:53,2025-06-29 14:46:53
2405,173,453,2026-03-21 20:09:38,collab-v1.3,False,2026-03-21 20:09:38,2026-03-21 20:09:38
2406,370,334,2026-01-10 14:08:26,collab-v1.3,False,2026-01-10 14:08:26,2026-01-10 14:08:26
2407,101,208,2025-11-26 15:21:15,collab-v1.3,False,2025-11-26 15:21:15,2025-11-26 15:21:15
2408,973,16,2026-04-22 17:56:05,collab-v1.3,False,2026-04-22 17:56:05,2026-04-22 17:56:05
2409,1000,122,2026-01-24 20:32:10,hybrid-v1.0,False,2026-01-24 20:32:10,2026-01-24 20:32:10
2410,362,481,2026-05-24 01:28:16,collab-v1.2,False,2026-05-24 01:28:16,2026-05-24 01:28:16
2411,376,198,2026-01-28 21:02:29,collab-v1.2,False,2026-01-28 21:02:29,2026-01-28 21:02:29
2412,265,144,2026-04-02 23:38:14,hybrid-v1.0,True,2026-04-02 23:38:14,2026-04-02 23:38:14
2413,778,212,2026-05-19 21:12:46,collab-v1.2,False,2026-05-19 21:12:46,2026-05-19 21:12:46
2414,44,317,2025-10-03 03:55:08,content-based-v2.0,False,2025-10-03 03:55:08,2025-10-03 03:55:08
2415,6,76,2025-07-26 00:57:51,content-based-v2.0,False,2025-07-26 00:57:51,2025-07-26 00:57:51
2416,304,71,2026-02-14 00:15:29,hybrid-v1.0,False,2026-02-14 00:15:29,2026-02-14 00:15:29
2417,82,53,2026-02-10 17:10:44,hybrid-v1.0,False,2026-02-10 17:10:44,2026-02-10 17:10:44
2418,551,143,2025-12-13 15:30:21,collab-v1.2,True,2025-12-13 15:30:21,2025-12-13 15:30:21
2419,533,217,2026-01-13 04:58:04,collab-v1.2,False,2026-01-13 04:58:04,2026-01-13 04:58:04
2420,597,532,2025-11-01 11:45:20,collab-v1.3,False,2025-11-01 11:45:20,2025-11-01 11:45:20
2421,627,444,2025-12-04 01:41:06,collab-v1.2,False,2025-12-04 01:41:06,2025-12-04 01:41:06
2422,271,117,2026-01-30 08:51:25,content-based-v2.0,False,2026-01-30 08:51:25,2026-01-30 08:51:25
2423,124,530,2025-07-26 16:18:46,collab-v1.2,False,2025-07-26 16:18:46,2025-07-26 16:18:46
2424,752,257,2025-11-15 19:17:23,content-based-v2.0,False,2025-11-15 19:17:23,2025-11-15 19:17:23
2425,245,330,2026-03-18 09:42:57,content-based-v2.0,False,2026-03-18 09:42:57,2026-03-18 09:42:57
2426,805,505,2025-11-06 14:34:19,collab-v1.2,False,2025-11-06 14:34:19,2025-11-06 14:34:19
2427,256,197,2025-07-31 23:18:37,hybrid-v1.0,False,2025-07-31 23:18:37,2025-07-31 23:18:37
2428,789,311,2025-10-12 01:34:31,collab-v1.2,False,2025-10-12 01:34:31,2025-10-12 01:34:31
2429,418,134,2025-09-12 16:07:02,content-based-v2.0,False,2025-09-12 16:07:02,2025-09-12 16:07:02
2430,910,37,2025-10-27 01:03:29,hybrid-v1.0,False,2025-10-27 01:03:29,2025-10-27 01:03:29
2431,75,20,2025-11-09 07:51:03,collab-v1.3,False,2025-11-09 07:51:03,2025-11-09 07:51:03
2432,915,440,2025-09-15 14:08:53,hybrid-v1.0,False,2025-09-15 14:08:53,2025-09-15 14:08:53
2433,495,300,2026-02-02 20:16:10,collab-v1.3,False,2026-02-02 20:16:10,2026-02-02 20:16:10
2434,710,121,2026-03-24 04:16:43,collab-v1.3,False,2026-03-24 04:16:43,2026-03-24 04:16:43
2435,826,350,2025-06-08 04:05:29,content-based-v2.0,False,2025-06-08 04:05:29,2025-06-08 04:05:29
2436,150,301,2026-02-22 18:12:46,collab-v1.2,False,2026-02-22 18:12:46,2026-02-22 18:12:46
2437,410,62,2025-12-24 17:00:25,content-based-v2.0,False,2025-12-24 17:00:25,2025-12-24 17:00:25
2438,804,555,2025-08-24 13:45:52,collab-v1.2,True,2025-08-24 13:45:52,2025-08-24 13:45:52
2439,169,448,2026-04-28 06:48:19,collab-v1.3,False,2026-04-28 06:48:19,2026-04-28 06:48:19
2440,179,444,2026-03-11 04:14:23,hybrid-v1.0,False,2026-03-11 04:14:23,2026-03-11 04:14:23
2441,654,48,2026-01-05 12:04:57,collab-v1.2,False,2026-01-05 12:04:57,2026-01-05 12:04:57
2442,143,438,2025-09-25 15:18:23,collab-v1.3,True,2025-09-25 15:18:23,2025-09-25 15:18:23
2443,89,546,2025-09-08 07:44:33,content-based-v2.0,False,2025-09-08 07:44:33,2025-09-08 07:44:33
2444,698,372,2026-04-19 02:39:29,hybrid-v1.0,False,2026-04-19 02:39:29,2026-04-19 02:39:29
2445,26,372,2025-08-29 18:26:51,collab-v1.3,False,2025-08-29 18:26:51,2025-08-29 18:26:51
2446,924,20,2026-05-18 14:42:12,collab-v1.3,False,2026-05-18 14:42:12,2026-05-18 14:42:12
2447,287,450,2026-04-16 05:28:04,hybrid-v1.0,True,2026-04-16 05:28:04,2026-04-16 05:28:04
2448,215,492,2025-06-29 18:57:29,collab-v1.3,False,2025-06-29 18:57:29,2025-06-29 18:57:29
2449,130,97,2026-05-10 07:33:30,collab-v1.2,False,2026-05-10 07:33:30,2026-05-10 07:33:30
2450,306,192,2025-07-26 02:35:35,collab-v1.3,True,2025-07-26 02:35:35,2025-07-26 02:35:35
2451,529,92,2025-06-08 14:33:00,hybrid-v1.0,False,2025-06-08 14:33:00,2025-06-08 14:33:00
2452,384,176,2026-01-13 20:03:08,collab-v1.3,True,2026-01-13 20:03:08,2026-01-13 20:03:08
2453,136,344,2025-08-07 08:11:44,content-based-v2.0,True,2025-08-07 08:11:44,2025-08-07 08:11:44
2454,336,20,2025-11-26 09:48:48,collab-v1.3,False,2025-11-26 09:48:48,2025-11-26 09:48:48
2455,17,515,2025-10-23 01:05:51,content-based-v2.0,True,2025-10-23 01:05:51,2025-10-23 01:05:51
2456,43,172,2025-08-24 02:13:15,collab-v1.2,True,2025-08-24 02:13:15,2025-08-24 02:13:15
2457,715,5,2026-01-18 21:21:17,content-based-v2.0,False,2026-01-18 21:21:17,2026-01-18 21:21:17
2458,46,291,2025-11-29 08:58:43,content-based-v2.0,False,2025-11-29 08:58:43,2025-11-29 08:58:43
2459,412,101,2025-09-07 22:40:23,collab-v1.3,True,2025-09-07 22:40:23,2025-09-07 22:40:23
2460,912,276,2026-03-25 14:10:01,collab-v1.2,False,2026-03-25 14:10:01,2026-03-25 14:10:01
2461,28,447,2025-07-05 15:56:52,collab-v1.2,False,2025-07-05 15:56:52,2025-07-05 15:56:52
2462,684,140,2026-02-24 19:36:19,content-based-v2.0,False,2026-02-24 19:36:19,2026-02-24 19:36:19
2463,780,551,2025-10-25 18:37:57,content-based-v2.0,True,2025-10-25 18:37:57,2025-10-25 18:37:57
2464,600,293,2025-11-18 14:53:42,collab-v1.2,False,2025-11-18 14:53:42,2025-11-18 14:53:42
2465,665,257,2025-06-13 17:25:05,hybrid-v1.0,False,2025-06-13 17:25:05,2025-06-13 17:25:05
2466,300,123,2026-02-27 09:16:52,collab-v1.3,False,2026-02-27 09:16:52,2026-02-27 09:16:52
2467,474,363,2025-06-20 17:24:04,collab-v1.3,False,2025-06-20 17:24:04,2025-06-20 17:24:04
2468,370,195,2025-08-26 12:12:29,collab-v1.2,True,2025-08-26 12:12:29,2025-08-26 12:12:29
2469,881,551,2025-09-27 15:14:38,collab-v1.3,False,2025-09-27 15:14:38,2025-09-27 15:14:38
2470,477,523,2026-01-23 00:39:52,hybrid-v1.0,False,2026-01-23 00:39:52,2026-01-23 00:39:52
2471,623,386,2026-04-11 22:00:08,collab-v1.2,False,2026-04-11 22:00:08,2026-04-11 22:00:08
2472,735,111,2026-02-25 16:01:31,collab-v1.3,False,2026-02-25 16:01:31,2026-02-25 16:01:31
2473,716,233,2026-03-09 15:40:28,content-based-v2.0,False,2026-03-09 15:40:28,2026-03-09 15:40:28
2474,947,502,2025-10-17 16:38:08,content-based-v2.0,False,2025-10-17 16:38:08,2025-10-17 16:38:08
2475,141,572,2025-09-13 07:34:10,collab-v1.3,False,2025-09-13 07:34:10,2025-09-13 07:34:10
2476,137,331,2025-07-25 00:36:51,collab-v1.3,True,2025-07-25 00:36:51,2025-07-25 00:36:51
2477,210,57,2026-03-02 18:41:55,hybrid-v1.0,False,2026-03-02 18:41:55,2026-03-02 18:41:55
2478,203,576,2025-08-02 04:29:03,content-based-v2.0,False,2025-08-02 04:29:03,2025-08-02 04:29:03
2479,747,174,2025-09-11 20:43:53,hybrid-v1.0,True,2025-09-11 20:43:53,2025-09-11 20:43:53
2480,657,343,2026-02-15 23:25:28,hybrid-v1.0,False,2026-02-15 23:25:28,2026-02-15 23:25:28
2481,114,504,2026-05-29 18:04:49,collab-v1.2,False,2026-05-29 18:04:49,2026-05-29 18:04:49
2482,167,234,2026-05-10 10:56:23,collab-v1.2,True,2026-05-10 10:56:23,2026-05-10 10:56:23
2483,498,38,2026-01-25 16:37:57,content-based-v2.0,False,2026-01-25 16:37:57,2026-01-25 16:37:57
2484,580,113,2025-08-08 10:22:15,collab-v1.3,False,2025-08-08 10:22:15,2025-08-08 10:22:15
2485,639,353,2026-04-24 02:22:30,hybrid-v1.0,False,2026-04-24 02:22:30,2026-04-24 02:22:30
2486,352,408,2025-08-19 17:55:29,collab-v1.3,False,2025-08-19 17:55:29,2025-08-19 17:55:29
2487,327,304,2026-05-30 09:09:03,collab-v1.2,False,2026-05-30 09:09:03,2026-05-30 09:09:03
2488,209,197,2025-08-19 16:24:02,content-based-v2.0,False,2025-08-19 16:24:02,2025-08-19 16:24:02
2489,210,498,2025-08-30 12:51:14,content-based-v2.0,False,2025-08-30 12:51:14,2025-08-30 12:51:14
2490,973,288,2025-12-09 06:31:45,hybrid-v1.0,False,2025-12-09 06:31:45,2025-12-09 06:31:45
2491,183,155,2025-11-07 03:20:34,hybrid-v1.0,False,2025-11-07 03:20:34,2025-11-07 03:20:34
2492,529,588,2025-10-29 05:10:35,content-based-v2.0,False,2025-10-29 05:10:35,2025-10-29 05:10:35
2493,974,533,2026-04-19 21:08:31,hybrid-v1.0,False,2026-04-19 21:08:31,2026-04-19 21:08:31
2494,364,252,2026-05-08 11:23:03,hybrid-v1.0,True,2026-05-08 11:23:03,2026-05-08 11:23:03
2495,489,146,2025-08-20 21:10:13,hybrid-v1.0,False,2025-08-20 21:10:13,2025-08-20 21:10:13
2496,244,439,2026-04-20 17:53:46,collab-v1.3,False,2026-04-20 17:53:46,2026-04-20 17:53:46
2497,545,126,2025-07-19 01:38:24,collab-v1.3,False,2025-07-19 01:38:24,2025-07-19 01:38:24
2498,954,187,2026-02-01 10:37:04,collab-v1.2,False,2026-02-01 10:37:04,2026-02-01 10:37:04
2499,44,38,2026-04-13 02:29:40,collab-v1.3,True,2026-04-13 02:29:40,2026-04-13 02:29:40
2500,800,379,2026-03-26 14:13:18,collab-v1.3,False,2026-03-26 14:13:18,2026-03-26 14:13:18
2501,336,291,2025-12-18 03:45:02,hybrid-v1.0,False,2025-12-18 03:45:02,2025-12-18 03:45:02
2502,536,303,2026-05-13 14:09:32,content-based-v2.0,False,2026-05-13 14:09:32,2026-05-13 14:09:32
2503,817,174,2026-03-23 15:01:09,content-based-v2.0,False,2026-03-23 15:01:09,2026-03-23 15:01:09
2504,90,567,2026-01-13 08:38:47,hybrid-v1.0,False,2026-01-13 08:38:47,2026-01-13 08:38:47
2505,744,414,2025-08-18 00:35:45,hybrid-v1.0,False,2025-08-18 00:35:45,2025-08-18 00:35:45
2506,534,153,2026-04-05 16:31:01,hybrid-v1.0,False,2026-04-05 16:31:01,2026-04-05 16:31:01
2507,838,256,2026-01-30 03:42:01,hybrid-v1.0,False,2026-01-30 03:42:01,2026-01-30 03:42:01
2508,945,344,2026-02-16 01:45:13,content-based-v2.0,False,2026-02-16 01:45:13,2026-02-16 01:45:13
2509,380,58,2026-03-16 23:15:59,content-based-v2.0,False,2026-03-16 23:15:59,2026-03-16 23:15:59
2510,988,243,2025-07-19 13:08:57,hybrid-v1.0,False,2025-07-19 13:08:57,2025-07-19 13:08:57
2511,401,388,2026-03-11 09:17:47,hybrid-v1.0,True,2026-03-11 09:17:47,2026-03-11 09:17:47
2512,742,116,2025-11-18 14:35:16,content-based-v2.0,False,2025-11-18 14:35:16,2025-11-18 14:35:16
2513,863,469,2025-08-27 19:57:57,collab-v1.2,True,2025-08-27 19:57:57,2025-08-27 19:57:57
2514,827,406,2026-03-24 10:18:00,collab-v1.2,False,2026-03-24 10:18:00,2026-03-24 10:18:00
2515,387,119,2025-09-11 22:46:43,hybrid-v1.0,False,2025-09-11 22:46:43,2025-09-11 22:46:43
2516,854,212,2026-03-27 18:06:50,hybrid-v1.0,False,2026-03-27 18:06:50,2026-03-27 18:06:50
2517,960,119,2025-06-12 09:55:57,collab-v1.2,False,2025-06-12 09:55:57,2025-06-12 09:55:57
2518,720,310,2025-10-28 21:48:38,collab-v1.3,False,2025-10-28 21:48:38,2025-10-28 21:48:38
2519,585,581,2026-04-23 09:18:49,hybrid-v1.0,False,2026-04-23 09:18:49,2026-04-23 09:18:49
2520,735,256,2026-01-23 10:26:24,collab-v1.3,False,2026-01-23 10:26:24,2026-01-23 10:26:24
2521,341,169,2025-07-24 09:05:27,content-based-v2.0,False,2025-07-24 09:05:27,2025-07-24 09:05:27
2522,156,467,2026-05-24 17:23:20,collab-v1.2,False,2026-05-24 17:23:20,2026-05-24 17:23:20
2523,482,496,2025-12-10 07:10:16,collab-v1.3,False,2025-12-10 07:10:16,2025-12-10 07:10:16
2524,387,398,2026-05-05 17:13:55,collab-v1.3,False,2026-05-05 17:13:55,2026-05-05 17:13:55
2525,337,312,2026-01-17 05:03:34,hybrid-v1.0,False,2026-01-17 05:03:34,2026-01-17 05:03:34
2526,56,129,2025-12-20 12:15:50,collab-v1.3,False,2025-12-20 12:15:50,2025-12-20 12:15:50
2527,333,325,2025-12-16 14:36:25,hybrid-v1.0,False,2025-12-16 14:36:25,2025-12-16 14:36:25
2528,965,413,2025-10-15 20:02:22,hybrid-v1.0,False,2025-10-15 20:02:22,2025-10-15 20:02:22
2529,115,217,2025-06-28 02:34:12,collab-v1.3,True,2025-06-28 02:34:12,2025-06-28 02:34:12
2530,887,206,2026-01-02 17:05:06,content-based-v2.0,False,2026-01-02 17:05:06,2026-01-02 17:05:06
2531,380,278,2025-10-19 07:50:24,collab-v1.3,False,2025-10-19 07:50:24,2025-10-19 07:50:24
2532,232,588,2026-03-29 15:50:05,collab-v1.2,False,2026-03-29 15:50:05,2026-03-29 15:50:05
2533,990,73,2026-01-21 00:51:25,hybrid-v1.0,False,2026-01-21 00:51:25,2026-01-21 00:51:25
2534,996,112,2026-04-18 13:21:04,collab-v1.2,False,2026-04-18 13:21:04,2026-04-18 13:21:04
2535,176,79,2025-07-06 00:12:23,hybrid-v1.0,False,2025-07-06 00:12:23,2025-07-06 00:12:23
2536,958,384,2025-08-03 16:43:54,content-based-v2.0,False,2025-08-03 16:43:54,2025-08-03 16:43:54
2537,1000,68,2025-07-08 02:47:47,collab-v1.2,False,2025-07-08 02:47:47,2025-07-08 02:47:47
2538,521,155,2026-02-08 00:59:41,hybrid-v1.0,True,2026-02-08 00:59:41,2026-02-08 00:59:41
2539,490,221,2025-11-02 12:24:12,collab-v1.2,False,2025-11-02 12:24:12,2025-11-02 12:24:12
2540,995,488,2026-05-05 08:14:44,hybrid-v1.0,False,2026-05-05 08:14:44,2026-05-05 08:14:44
2541,251,4,2025-09-19 06:50:41,hybrid-v1.0,False,2025-09-19 06:50:41,2025-09-19 06:50:41
2542,150,232,2026-05-06 05:14:57,collab-v1.2,False,2026-05-06 05:14:57,2026-05-06 05:14:57
2543,576,578,2025-12-14 12:48:11,hybrid-v1.0,False,2025-12-14 12:48:11,2025-12-14 12:48:11
2544,850,199,2025-08-07 10:49:34,collab-v1.3,False,2025-08-07 10:49:34,2025-08-07 10:49:34
2545,814,181,2025-10-30 04:17:09,content-based-v2.0,False,2025-10-30 04:17:09,2025-10-30 04:17:09
2546,576,466,2025-07-24 04:40:08,collab-v1.3,False,2025-07-24 04:40:08,2025-07-24 04:40:08
2547,356,127,2026-03-08 06:02:08,collab-v1.2,False,2026-03-08 06:02:08,2026-03-08 06:02:08
2548,669,497,2026-04-01 03:09:58,hybrid-v1.0,False,2026-04-01 03:09:58,2026-04-01 03:09:58
2549,675,107,2026-04-11 10:14:12,hybrid-v1.0,True,2026-04-11 10:14:12,2026-04-11 10:14:12
2550,86,490,2025-11-01 13:15:51,hybrid-v1.0,False,2025-11-01 13:15:51,2025-11-01 13:15:51
2551,881,323,2026-01-28 00:28:21,collab-v1.3,False,2026-01-28 00:28:21,2026-01-28 00:28:21
2552,303,427,2026-04-04 17:23:04,content-based-v2.0,False,2026-04-04 17:23:04,2026-04-04 17:23:04
2553,213,401,2025-10-28 06:15:43,content-based-v2.0,True,2025-10-28 06:15:43,2025-10-28 06:15:43
2554,873,133,2025-06-27 04:18:13,collab-v1.3,False,2025-06-27 04:18:13,2025-06-27 04:18:13
2555,105,544,2026-04-17 14:52:32,hybrid-v1.0,False,2026-04-17 14:52:32,2026-04-17 14:52:32
2556,464,576,2025-10-11 08:39:44,content-based-v2.0,False,2025-10-11 08:39:44,2025-10-11 08:39:44
2557,1000,230,2025-12-09 02:23:27,content-based-v2.0,False,2025-12-09 02:23:27,2025-12-09 02:23:27
2558,665,175,2025-06-06 01:13:12,collab-v1.2,True,2025-06-06 01:13:12,2025-06-06 01:13:12
2559,109,290,2025-06-22 13:47:49,content-based-v2.0,False,2025-06-22 13:47:49,2025-06-22 13:47:49
2560,105,568,2025-11-20 20:30:46,collab-v1.3,False,2025-11-20 20:30:46,2025-11-20 20:30:46
2561,435,401,2025-09-30 08:29:33,hybrid-v1.0,False,2025-09-30 08:29:33,2025-09-30 08:29:33
2562,792,51,2025-10-12 05:50:06,hybrid-v1.0,False,2025-10-12 05:50:06,2025-10-12 05:50:06
2563,68,207,2025-10-23 15:25:37,hybrid-v1.0,True,2025-10-23 15:25:37,2025-10-23 15:25:37
2564,725,24,2026-05-09 22:05:12,content-based-v2.0,True,2026-05-09 22:05:12,2026-05-09 22:05:12
2565,990,134,2025-07-14 20:35:11,content-based-v2.0,False,2025-07-14 20:35:11,2025-07-14 20:35:11
2566,470,183,2025-07-14 12:10:52,hybrid-v1.0,False,2025-07-14 12:10:52,2025-07-14 12:10:52
2567,668,351,2026-03-31 01:25:50,content-based-v2.0,True,2026-03-31 01:25:50,2026-03-31 01:25:50
2568,719,343,2025-07-07 02:43:44,collab-v1.2,False,2025-07-07 02:43:44,2025-07-07 02:43:44
2569,770,231,2025-09-11 13:54:22,collab-v1.3,False,2025-09-11 13:54:22,2025-09-11 13:54:22
2570,720,448,2025-08-29 00:43:41,hybrid-v1.0,False,2025-08-29 00:43:41,2025-08-29 00:43:41
2571,539,209,2025-07-22 23:48:16,hybrid-v1.0,False,2025-07-22 23:48:16,2025-07-22 23:48:16
2572,495,161,2025-10-27 17:46:12,content-based-v2.0,True,2025-10-27 17:46:12,2025-10-27 17:46:12
2573,585,416,2025-08-23 22:10:21,collab-v1.3,True,2025-08-23 22:10:21,2025-08-23 22:10:21
2574,439,373,2025-06-25 02:01:29,collab-v1.2,False,2025-06-25 02:01:29,2025-06-25 02:01:29
2575,661,260,2025-10-19 07:36:36,collab-v1.3,False,2025-10-19 07:36:36,2025-10-19 07:36:36
2576,843,313,2025-10-11 21:34:56,hybrid-v1.0,False,2025-10-11 21:34:56,2025-10-11 21:34:56
2577,153,534,2026-04-16 01:42:00,hybrid-v1.0,False,2026-04-16 01:42:00,2026-04-16 01:42:00
2578,356,560,2026-03-16 10:02:05,content-based-v2.0,True,2026-03-16 10:02:05,2026-03-16 10:02:05
2579,258,273,2025-07-09 19:38:40,hybrid-v1.0,False,2025-07-09 19:38:40,2025-07-09 19:38:40
2580,104,370,2025-07-27 08:43:00,collab-v1.3,False,2025-07-27 08:43:00,2025-07-27 08:43:00
2581,51,350,2025-09-09 19:32:32,hybrid-v1.0,False,2025-09-09 19:32:32,2025-09-09 19:32:32
2582,125,103,2025-10-10 04:32:03,hybrid-v1.0,False,2025-10-10 04:32:03,2025-10-10 04:32:03
2583,371,570,2026-05-06 13:58:22,content-based-v2.0,False,2026-05-06 13:58:22,2026-05-06 13:58:22
2584,14,183,2026-03-08 12:58:46,hybrid-v1.0,False,2026-03-08 12:58:46,2026-03-08 12:58:46
2585,827,322,2025-07-11 19:48:04,hybrid-v1.0,False,2025-07-11 19:48:04,2025-07-11 19:48:04
2586,865,11,2025-11-02 19:05:42,hybrid-v1.0,True,2025-11-02 19:05:42,2025-11-02 19:05:42
2587,715,510,2026-04-17 20:32:44,content-based-v2.0,False,2026-04-17 20:32:44,2026-04-17 20:32:44
2588,338,410,2026-03-04 10:32:27,collab-v1.3,False,2026-03-04 10:32:27,2026-03-04 10:32:27
2589,94,105,2026-03-25 10:18:07,collab-v1.3,False,2026-03-25 10:18:07,2026-03-25 10:18:07
2590,62,269,2025-10-26 01:29:49,collab-v1.2,False,2025-10-26 01:29:49,2025-10-26 01:29:49
2591,52,364,2025-06-11 05:22:12,hybrid-v1.0,False,2025-06-11 05:22:12,2025-06-11 05:22:12
2592,129,393,2026-05-15 05:44:11,content-based-v2.0,False,2026-05-15 05:44:11,2026-05-15 05:44:11
2593,142,211,2026-03-13 19:14:09,content-based-v2.0,False,2026-03-13 19:14:09,2026-03-13 19:14:09
2594,771,492,2025-07-24 21:40:32,content-based-v2.0,False,2025-07-24 21:40:32,2025-07-24 21:40:32
2595,163,156,2026-05-13 09:51:45,collab-v1.3,True,2026-05-13 09:51:45,2026-05-13 09:51:45
2596,454,92,2026-05-04 03:50:42,collab-v1.3,False,2026-05-04 03:50:42,2026-05-04 03:50:42
2597,92,524,2026-05-04 03:33:28,collab-v1.3,False,2026-05-04 03:33:28,2026-05-04 03:33:28
2598,106,415,2026-05-15 06:18:08,collab-v1.3,False,2026-05-15 06:18:08,2026-05-15 06:18:08
2599,470,170,2026-05-14 05:04:15,hybrid-v1.0,False,2026-05-14 05:04:15,2026-05-14 05:04:15
2600,247,71,2026-01-22 10:38:25,collab-v1.2,False,2026-01-22 10:38:25,2026-01-22 10:38:25
2601,52,572,2025-09-23 22:39:50,collab-v1.3,False,2025-09-23 22:39:50,2025-09-23 22:39:50
2602,947,222,2025-12-05 23:12:34,collab-v1.3,False,2025-12-05 23:12:34,2025-12-05 23:12:34
2603,398,109,2026-04-25 18:08:30,hybrid-v1.0,False,2026-04-25 18:08:30,2026-04-25 18:08:30
2604,518,12,2025-08-13 15:57:37,collab-v1.2,False,2025-08-13 15:57:37,2025-08-13 15:57:37
2605,531,209,2025-10-05 22:13:44,collab-v1.2,False,2025-10-05 22:13:44,2025-10-05 22:13:44
2606,946,528,2025-10-01 14:41:00,content-based-v2.0,False,2025-10-01 14:41:00,2025-10-01 14:41:00
2607,153,438,2025-06-17 05:43:29,hybrid-v1.0,False,2025-06-17 05:43:29,2025-06-17 05:43:29
2608,598,10,2025-12-22 08:09:25,collab-v1.3,False,2025-12-22 08:09:25,2025-12-22 08:09:25
2609,915,7,2026-01-08 05:10:23,collab-v1.3,False,2026-01-08 05:10:23,2026-01-08 05:10:23
2610,842,308,2025-07-08 00:46:13,collab-v1.2,False,2025-07-08 00:46:13,2025-07-08 00:46:13
2611,911,255,2025-09-02 07:36:59,collab-v1.3,False,2025-09-02 07:36:59,2025-09-02 07:36:59
2612,988,288,2025-12-02 21:13:10,hybrid-v1.0,True,2025-12-02 21:13:10,2025-12-02 21:13:10
2613,460,567,2026-04-29 19:25:08,content-based-v2.0,False,2026-04-29 19:25:08,2026-04-29 19:25:08
2614,834,402,2026-01-28 13:12:24,collab-v1.2,False,2026-01-28 13:12:24,2026-01-28 13:12:24
2615,485,7,2025-07-05 19:55:12,content-based-v2.0,False,2025-07-05 19:55:12,2025-07-05 19:55:12
2616,193,350,2025-09-07 19:03:51,collab-v1.2,False,2025-09-07 19:03:51,2025-09-07 19:03:51
2617,624,105,2025-11-23 21:24:37,hybrid-v1.0,False,2025-11-23 21:24:37,2025-11-23 21:24:37
2618,675,139,2026-01-16 04:11:37,collab-v1.3,False,2026-01-16 04:11:37,2026-01-16 04:11:37
2619,638,369,2025-09-10 07:06:43,hybrid-v1.0,False,2025-09-10 07:06:43,2025-09-10 07:06:43
2620,796,545,2025-10-11 13:40:15,hybrid-v1.0,False,2025-10-11 13:40:15,2025-10-11 13:40:15
2621,319,94,2025-08-07 13:42:23,hybrid-v1.0,False,2025-08-07 13:42:23,2025-08-07 13:42:23
2622,593,591,2026-01-07 15:57:54,content-based-v2.0,False,2026-01-07 15:57:54,2026-01-07 15:57:54
2623,966,538,2025-06-19 19:40:04,collab-v1.2,False,2025-06-19 19:40:04,2025-06-19 19:40:04
2624,348,425,2025-10-02 20:52:19,hybrid-v1.0,False,2025-10-02 20:52:19,2025-10-02 20:52:19
2625,191,229,2026-04-18 05:25:55,hybrid-v1.0,False,2026-04-18 05:25:55,2026-04-18 05:25:55
2626,474,100,2025-08-10 22:29:30,collab-v1.2,False,2025-08-10 22:29:30,2025-08-10 22:29:30
2627,753,163,2026-03-17 07:05:39,hybrid-v1.0,False,2026-03-17 07:05:39,2026-03-17 07:05:39
2628,394,248,2026-04-10 14:38:44,hybrid-v1.0,False,2026-04-10 14:38:44,2026-04-10 14:38:44
2629,449,280,2025-08-20 19:17:14,collab-v1.3,False,2025-08-20 19:17:14,2025-08-20 19:17:14
2630,852,591,2026-04-18 03:29:03,collab-v1.2,False,2026-04-18 03:29:03,2026-04-18 03:29:03
2631,758,457,2025-07-06 04:39:23,content-based-v2.0,False,2025-07-06 04:39:23,2025-07-06 04:39:23
2632,509,135,2025-09-24 16:33:56,collab-v1.3,False,2025-09-24 16:33:56,2025-09-24 16:33:56
2633,183,397,2025-07-07 08:33:56,content-based-v2.0,False,2025-07-07 08:33:56,2025-07-07 08:33:56
2634,343,77,2025-11-30 05:08:58,hybrid-v1.0,False,2025-11-30 05:08:58,2025-11-30 05:08:58
2635,821,330,2026-05-03 02:57:41,collab-v1.2,True,2026-05-03 02:57:41,2026-05-03 02:57:41
2636,819,481,2025-11-01 09:47:09,collab-v1.3,False,2025-11-01 09:47:09,2025-11-01 09:47:09
2637,802,204,2025-06-15 02:19:30,collab-v1.2,False,2025-06-15 02:19:30,2025-06-15 02:19:30
2638,913,600,2025-10-28 06:21:06,content-based-v2.0,False,2025-10-28 06:21:06,2025-10-28 06:21:06
2639,645,80,2025-06-12 19:15:34,collab-v1.3,False,2025-06-12 19:15:34,2025-06-12 19:15:34
2640,520,486,2025-11-02 06:20:37,content-based-v2.0,True,2025-11-02 06:20:37,2025-11-02 06:20:37
2641,255,279,2025-09-21 06:43:03,hybrid-v1.0,False,2025-09-21 06:43:03,2025-09-21 06:43:03
2642,799,102,2025-09-14 07:59:45,collab-v1.3,True,2025-09-14 07:59:45,2025-09-14 07:59:45
2643,51,41,2026-01-23 05:08:23,hybrid-v1.0,False,2026-01-23 05:08:23,2026-01-23 05:08:23
2644,116,531,2026-04-17 14:50:58,content-based-v2.0,False,2026-04-17 14:50:58,2026-04-17 14:50:58
2645,783,152,2026-04-28 04:06:40,content-based-v2.0,False,2026-04-28 04:06:40,2026-04-28 04:06:40
2646,145,252,2026-05-24 23:32:07,content-based-v2.0,False,2026-05-24 23:32:07,2026-05-24 23:32:07
2647,45,284,2025-10-18 05:26:39,hybrid-v1.0,False,2025-10-18 05:26:39,2025-10-18 05:26:39
2648,978,317,2026-05-05 08:20:55,collab-v1.3,False,2026-05-05 08:20:55,2026-05-05 08:20:55
2649,801,49,2025-10-24 11:56:51,collab-v1.3,False,2025-10-24 11:56:51,2025-10-24 11:56:51
2650,572,160,2025-11-19 08:28:24,collab-v1.3,False,2025-11-19 08:28:24,2025-11-19 08:28:24
2651,125,462,2025-06-24 11:10:10,collab-v1.2,False,2025-06-24 11:10:10,2025-06-24 11:10:10
2652,181,133,2026-03-27 06:45:45,collab-v1.2,False,2026-03-27 06:45:45,2026-03-27 06:45:45
2653,710,492,2026-01-09 15:17:59,collab-v1.3,False,2026-01-09 15:17:59,2026-01-09 15:17:59
2654,611,596,2026-02-23 10:13:24,content-based-v2.0,False,2026-02-23 10:13:24,2026-02-23 10:13:24
2655,925,292,2026-04-26 10:27:06,hybrid-v1.0,False,2026-04-26 10:27:06,2026-04-26 10:27:06
2656,778,77,2025-09-04 02:17:09,collab-v1.3,False,2025-09-04 02:17:09,2025-09-04 02:17:09
2657,742,568,2025-08-06 00:50:55,collab-v1.2,False,2025-08-06 00:50:55,2025-08-06 00:50:55
2658,592,80,2026-03-18 14:05:43,hybrid-v1.0,False,2026-03-18 14:05:43,2026-03-18 14:05:43
2659,900,418,2025-12-29 17:54:36,collab-v1.3,False,2025-12-29 17:54:36,2025-12-29 17:54:36
2660,272,176,2025-06-25 03:18:35,collab-v1.3,False,2025-06-25 03:18:35,2025-06-25 03:18:35
2661,491,148,2025-11-24 13:12:58,collab-v1.3,True,2025-11-24 13:12:58,2025-11-24 13:12:58
2662,986,120,2026-01-23 07:55:54,hybrid-v1.0,False,2026-01-23 07:55:54,2026-01-23 07:55:54
2663,613,377,2025-07-26 04:02:32,content-based-v2.0,False,2025-07-26 04:02:32,2025-07-26 04:02:32
2664,383,599,2025-08-02 07:45:34,collab-v1.3,False,2025-08-02 07:45:34,2025-08-02 07:45:34
2665,336,486,2026-02-25 21:50:59,collab-v1.2,False,2026-02-25 21:50:59,2026-02-25 21:50:59
2666,813,50,2026-02-10 14:29:50,collab-v1.2,True,2026-02-10 14:29:50,2026-02-10 14:29:50
2667,610,462,2026-05-18 10:21:24,hybrid-v1.0,False,2026-05-18 10:21:24,2026-05-18 10:21:24
2668,593,148,2026-04-06 16:59:49,collab-v1.3,False,2026-04-06 16:59:49,2026-04-06 16:59:49
2669,623,564,2025-07-15 00:03:40,collab-v1.2,True,2025-07-15 00:03:40,2025-07-15 00:03:40
2670,788,416,2025-11-06 22:04:57,hybrid-v1.0,True,2025-11-06 22:04:57,2025-11-06 22:04:57
2671,533,428,2025-11-22 15:25:42,hybrid-v1.0,False,2025-11-22 15:25:42,2025-11-22 15:25:42
2672,465,50,2025-11-23 08:51:10,content-based-v2.0,False,2025-11-23 08:51:10,2025-11-23 08:51:10
2673,470,305,2025-09-06 00:02:15,hybrid-v1.0,False,2025-09-06 00:02:15,2025-09-06 00:02:15
2674,816,123,2025-12-30 01:46:08,collab-v1.3,False,2025-12-30 01:46:08,2025-12-30 01:46:08
2675,344,485,2025-10-22 13:10:52,collab-v1.3,False,2025-10-22 13:10:52,2025-10-22 13:10:52
2676,404,321,2026-04-06 23:19:41,collab-v1.3,False,2026-04-06 23:19:41,2026-04-06 23:19:41
2677,49,220,2026-04-25 17:58:20,hybrid-v1.0,False,2026-04-25 17:58:20,2026-04-25 17:58:20
2678,233,311,2026-01-06 21:51:17,hybrid-v1.0,True,2026-01-06 21:51:17,2026-01-06 21:51:17
2679,708,407,2025-06-22 22:42:09,collab-v1.2,False,2025-06-22 22:42:09,2025-06-22 22:42:09
2680,1000,278,2026-04-18 16:07:05,hybrid-v1.0,True,2026-04-18 16:07:05,2026-04-18 16:07:05
2681,238,477,2025-07-30 12:56:20,collab-v1.2,False,2025-07-30 12:56:20,2025-07-30 12:56:20
2682,543,2,2025-10-04 10:42:53,content-based-v2.0,False,2025-10-04 10:42:53,2025-10-04 10:42:53
2683,70,432,2025-11-18 20:09:04,collab-v1.2,False,2025-11-18 20:09:04,2025-11-18 20:09:04
2684,342,69,2025-10-25 22:21:14,collab-v1.3,False,2025-10-25 22:21:14,2025-10-25 22:21:14
2685,482,519,2025-10-20 12:16:27,collab-v1.3,False,2025-10-20 12:16:27,2025-10-20 12:16:27
2686,769,435,2025-10-07 09:48:08,hybrid-v1.0,False,2025-10-07 09:48:08,2025-10-07 09:48:08
2687,460,193,2025-07-16 10:43:42,collab-v1.2,False,2025-07-16 10:43:42,2025-07-16 10:43:42
2688,954,472,2026-05-12 03:18:38,collab-v1.2,False,2026-05-12 03:18:38,2026-05-12 03:18:38
2689,515,414,2026-02-27 20:14:48,hybrid-v1.0,False,2026-02-27 20:14:48,2026-02-27 20:14:48
2690,66,481,2025-12-09 11:11:38,content-based-v2.0,True,2025-12-09 11:11:38,2025-12-09 11:11:38
2691,100,524,2026-05-18 20:20:42,content-based-v2.0,False,2026-05-18 20:20:42,2026-05-18 20:20:42
2692,831,191,2025-07-11 17:16:44,hybrid-v1.0,False,2025-07-11 17:16:44,2025-07-11 17:16:44
2693,713,476,2025-06-12 13:38:38,content-based-v2.0,True,2025-06-12 13:38:38,2025-06-12 13:38:38
2694,805,58,2025-08-03 08:22:03,collab-v1.3,False,2025-08-03 08:22:03,2025-08-03 08:22:03
2695,659,426,2026-01-15 06:07:02,content-based-v2.0,False,2026-01-15 06:07:02,2026-01-15 06:07:02
2696,948,529,2025-07-15 06:51:18,content-based-v2.0,False,2025-07-15 06:51:18,2025-07-15 06:51:18
2697,833,506,2025-12-23 13:02:12,hybrid-v1.0,False,2025-12-23 13:02:12,2025-12-23 13:02:12
2698,443,69,2026-02-15 11:24:27,collab-v1.3,False,2026-02-15 11:24:27,2026-02-15 11:24:27
2699,414,72,2025-09-15 16:00:33,hybrid-v1.0,False,2025-09-15 16:00:33,2025-09-15 16:00:33
2700,797,201,2025-08-09 03:04:09,content-based-v2.0,False,2025-08-09 03:04:09,2025-08-09 03:04:09
2701,372,480,2025-08-31 12:23:30,hybrid-v1.0,False,2025-08-31 12:23:30,2025-08-31 12:23:30
2702,21,28,2025-11-25 21:47:27,hybrid-v1.0,False,2025-11-25 21:47:27,2025-11-25 21:47:27
2703,215,453,2026-03-06 21:44:08,hybrid-v1.0,False,2026-03-06 21:44:08,2026-03-06 21:44:08
2704,565,532,2025-09-28 22:04:58,hybrid-v1.0,False,2025-09-28 22:04:58,2025-09-28 22:04:58
2705,57,233,2025-12-22 14:16:12,collab-v1.2,False,2025-12-22 14:16:12,2025-12-22 14:16:12
2706,960,90,2025-12-27 20:07:14,content-based-v2.0,False,2025-12-27 20:07:14,2025-12-27 20:07:14
2707,978,574,2026-04-01 17:38:02,hybrid-v1.0,True,2026-04-01 17:38:02,2026-04-01 17:38:02
2708,952,318,2025-12-25 13:34:37,content-based-v2.0,False,2025-12-25 13:34:37,2025-12-25 13:34:37
2709,381,424,2026-05-23 23:08:07,collab-v1.2,False,2026-05-23 23:08:07,2026-05-23 23:08:07
2710,658,554,2025-07-13 00:40:40,collab-v1.3,False,2025-07-13 00:40:40,2025-07-13 00:40:40
2711,519,102,2026-04-13 00:31:45,collab-v1.3,False,2026-04-13 00:31:45,2026-04-13 00:31:45
2712,19,172,2026-02-08 16:52:44,collab-v1.2,False,2026-02-08 16:52:44,2026-02-08 16:52:44
2713,413,295,2025-11-08 16:08:57,collab-v1.3,False,2025-11-08 16:08:57,2025-11-08 16:08:57
2714,984,224,2025-12-01 11:52:03,collab-v1.3,False,2025-12-01 11:52:03,2025-12-01 11:52:03
2715,102,531,2025-06-30 14:36:03,content-based-v2.0,False,2025-06-30 14:36:03,2025-06-30 14:36:03
2716,337,82,2025-08-08 16:00:12,hybrid-v1.0,True,2025-08-08 16:00:12,2025-08-08 16:00:12
2717,438,295,2025-10-17 23:54:59,collab-v1.2,False,2025-10-17 23:54:59,2025-10-17 23:54:59
2718,393,243,2025-06-18 14:38:14,collab-v1.3,False,2025-06-18 14:38:14,2025-06-18 14:38:14
2719,202,486,2026-04-27 04:17:00,collab-v1.3,False,2026-04-27 04:17:00,2026-04-27 04:17:00
2720,944,470,2025-08-01 07:24:58,hybrid-v1.0,True,2025-08-01 07:24:58,2025-08-01 07:24:58
2721,697,225,2025-09-07 02:19:04,collab-v1.3,False,2025-09-07 02:19:04,2025-09-07 02:19:04
2722,734,173,2025-08-18 01:22:36,hybrid-v1.0,False,2025-08-18 01:22:36,2025-08-18 01:22:36
2723,984,345,2026-01-03 11:28:46,hybrid-v1.0,False,2026-01-03 11:28:46,2026-01-03 11:28:46
2724,85,470,2026-04-03 04:36:55,hybrid-v1.0,False,2026-04-03 04:36:55,2026-04-03 04:36:55
2725,207,498,2025-12-16 23:58:34,hybrid-v1.0,False,2025-12-16 23:58:34,2025-12-16 23:58:34
2726,231,332,2025-08-06 13:04:58,content-based-v2.0,False,2025-08-06 13:04:58,2025-08-06 13:04:58
2727,536,96,2026-02-12 21:07:37,collab-v1.3,True,2026-02-12 21:07:37,2026-02-12 21:07:37
2728,348,579,2025-10-25 11:40:58,content-based-v2.0,False,2025-10-25 11:40:58,2025-10-25 11:40:58
2729,873,169,2026-03-08 17:46:40,collab-v1.3,False,2026-03-08 17:46:40,2026-03-08 17:46:40
2730,811,115,2025-07-07 00:52:02,collab-v1.3,False,2025-07-07 00:52:02,2025-07-07 00:52:02
2731,946,188,2026-02-20 18:15:23,collab-v1.2,False,2026-02-20 18:15:23,2026-02-20 18:15:23
2732,276,359,2026-03-13 05:33:36,collab-v1.3,True,2026-03-13 05:33:36,2026-03-13 05:33:36
2733,388,576,2026-01-30 06:30:51,hybrid-v1.0,False,2026-01-30 06:30:51,2026-01-30 06:30:51
2734,288,22,2026-05-11 01:52:25,hybrid-v1.0,True,2026-05-11 01:52:25,2026-05-11 01:52:25
2735,509,591,2026-03-12 14:55:03,collab-v1.2,False,2026-03-12 14:55:03,2026-03-12 14:55:03
2736,934,222,2025-11-12 17:01:02,collab-v1.3,False,2025-11-12 17:01:02,2025-11-12 17:01:02
2737,112,577,2025-11-21 12:42:28,hybrid-v1.0,False,2025-11-21 12:42:28,2025-11-21 12:42:28
2738,564,108,2026-04-15 14:12:10,collab-v1.3,False,2026-04-15 14:12:10,2026-04-15 14:12:10
2739,752,498,2026-01-06 12:53:22,collab-v1.3,False,2026-01-06 12:53:22,2026-01-06 12:53:22
2740,654,533,2026-04-06 03:59:54,collab-v1.3,False,2026-04-06 03:59:54,2026-04-06 03:59:54
2741,231,579,2025-12-29 22:28:03,content-based-v2.0,False,2025-12-29 22:28:03,2025-12-29 22:28:03
2742,243,510,2025-09-01 13:47:29,hybrid-v1.0,True,2025-09-01 13:47:29,2025-09-01 13:47:29
2743,716,564,2026-01-20 22:10:48,content-based-v2.0,False,2026-01-20 22:10:48,2026-01-20 22:10:48
2744,625,411,2025-08-24 02:16:18,content-based-v2.0,False,2025-08-24 02:16:18,2025-08-24 02:16:18
2745,788,433,2025-06-14 01:18:03,collab-v1.3,False,2025-06-14 01:18:03,2025-06-14 01:18:03
2746,557,274,2026-02-19 19:24:22,hybrid-v1.0,False,2026-02-19 19:24:22,2026-02-19 19:24:22
2747,878,468,2026-03-02 11:37:03,content-based-v2.0,False,2026-03-02 11:37:03,2026-03-02 11:37:03
2748,644,537,2026-02-12 10:28:18,hybrid-v1.0,False,2026-02-12 10:28:18,2026-02-12 10:28:18
2749,234,470,2025-06-20 00:19:53,collab-v1.2,False,2025-06-20 00:19:53,2025-06-20 00:19:53
2750,460,48,2026-05-24 02:17:55,content-based-v2.0,True,2026-05-24 02:17:55,2026-05-24 02:17:55
2751,496,560,2026-05-28 19:04:17,content-based-v2.0,False,2026-05-28 19:04:17,2026-05-28 19:04:17
2752,349,455,2025-08-17 11:09:07,hybrid-v1.0,False,2025-08-17 11:09:07,2025-08-17 11:09:07
2753,998,331,2026-01-13 12:14:47,collab-v1.3,False,2026-01-13 12:14:47,2026-01-13 12:14:47
2754,253,277,2026-02-01 01:19:22,collab-v1.3,False,2026-02-01 01:19:22,2026-02-01 01:19:22
2755,606,386,2026-03-26 09:32:13,hybrid-v1.0,False,2026-03-26 09:32:13,2026-03-26 09:32:13
2756,831,2,2025-10-04 15:15:17,hybrid-v1.0,False,2025-10-04 15:15:17,2025-10-04 15:15:17
2757,993,4,2025-07-11 05:30:59,collab-v1.3,False,2025-07-11 05:30:59,2025-07-11 05:30:59
2758,440,224,2026-03-23 19:13:39,content-based-v2.0,False,2026-03-23 19:13:39,2026-03-23 19:13:39
2759,635,582,2026-05-23 20:43:16,content-based-v2.0,False,2026-05-23 20:43:16,2026-05-23 20:43:16
2760,295,19,2026-04-27 02:17:39,collab-v1.2,False,2026-04-27 02:17:39,2026-04-27 02:17:39
2761,290,392,2026-04-20 13:23:24,hybrid-v1.0,False,2026-04-20 13:23:24,2026-04-20 13:23:24
2762,769,176,2025-12-01 23:37:50,content-based-v2.0,False,2025-12-01 23:37:50,2025-12-01 23:37:50
2763,879,291,2026-01-22 21:29:58,content-based-v2.0,False,2026-01-22 21:29:58,2026-01-22 21:29:58
2764,390,71,2025-08-31 14:42:00,collab-v1.3,False,2025-08-31 14:42:00,2025-08-31 14:42:00
2765,396,450,2026-04-06 06:34:48,hybrid-v1.0,True,2026-04-06 06:34:48,2026-04-06 06:34:48
2766,433,328,2026-05-16 15:43:52,content-based-v2.0,True,2026-05-16 15:43:52,2026-05-16 15:43:52
2767,475,152,2026-04-02 01:08:18,content-based-v2.0,False,2026-04-02 01:08:18,2026-04-02 01:08:18
2768,355,313,2025-08-20 21:35:47,hybrid-v1.0,True,2025-08-20 21:35:47,2025-08-20 21:35:47
2769,960,540,2025-08-09 15:37:43,collab-v1.3,True,2025-08-09 15:37:43,2025-08-09 15:37:43
2770,547,23,2025-06-08 23:22:51,collab-v1.2,True,2025-06-08 23:22:51,2025-06-08 23:22:51
2771,835,116,2025-09-07 03:17:24,collab-v1.3,False,2025-09-07 03:17:24,2025-09-07 03:17:24
2772,471,34,2026-02-04 09:40:35,content-based-v2.0,False,2026-02-04 09:40:35,2026-02-04 09:40:35
2773,450,445,2025-09-14 18:39:05,collab-v1.3,True,2025-09-14 18:39:05,2025-09-14 18:39:05
2774,654,34,2026-03-08 13:07:10,collab-v1.2,False,2026-03-08 13:07:10,2026-03-08 13:07:10
2775,554,154,2026-04-22 07:43:45,collab-v1.2,False,2026-04-22 07:43:45,2026-04-22 07:43:45
2776,76,386,2025-06-19 05:14:01,content-based-v2.0,False,2025-06-19 05:14:01,2025-06-19 05:14:01
2777,963,466,2025-10-24 08:16:25,collab-v1.3,False,2025-10-24 08:16:25,2025-10-24 08:16:25
2778,798,315,2025-07-30 05:38:11,collab-v1.3,False,2025-07-30 05:38:11,2025-07-30 05:38:11
2779,363,136,2026-02-26 07:58:07,collab-v1.3,False,2026-02-26 07:58:07,2026-02-26 07:58:07
2780,612,118,2025-07-04 18:07:56,collab-v1.2,False,2025-07-04 18:07:56,2025-07-04 18:07:56
2781,796,308,2026-02-03 17:06:11,collab-v1.3,False,2026-02-03 17:06:11,2026-02-03 17:06:11
2782,989,159,2026-01-05 21:18:56,hybrid-v1.0,True,2026-01-05 21:18:56,2026-01-05 21:18:56
2783,387,409,2026-03-03 12:33:06,collab-v1.2,False,2026-03-03 12:33:06,2026-03-03 12:33:06
2784,92,89,2026-02-15 01:14:24,collab-v1.3,False,2026-02-15 01:14:24,2026-02-15 01:14:24
2785,264,363,2025-08-03 07:39:55,collab-v1.2,False,2025-08-03 07:39:55,2025-08-03 07:39:55
2786,430,179,2025-11-09 17:51:24,collab-v1.3,False,2025-11-09 17:51:24,2025-11-09 17:51:24
2787,17,238,2025-09-02 12:05:29,content-based-v2.0,False,2025-09-02 12:05:29,2025-09-02 12:05:29
2788,397,548,2026-01-04 01:16:01,collab-v1.2,False,2026-01-04 01:16:01,2026-01-04 01:16:01
2789,807,352,2025-12-19 07:49:24,content-based-v2.0,False,2025-12-19 07:49:24,2025-12-19 07:49:24
2790,482,93,2025-11-25 13:00:05,hybrid-v1.0,False,2025-11-25 13:00:05,2025-11-25 13:00:05
2791,402,111,2026-03-26 21:14:59,collab-v1.3,True,2026-03-26 21:14:59,2026-03-26 21:14:59
2792,718,565,2025-10-23 23:08:11,collab-v1.2,False,2025-10-23 23:08:11,2025-10-23 23:08:11
2793,268,239,2026-05-05 00:33:03,content-based-v2.0,False,2026-05-05 00:33:03,2026-05-05 00:33:03
2794,744,42,2025-11-28 00:09:51,collab-v1.2,False,2025-11-28 00:09:51,2025-11-28 00:09:51
2795,288,135,2026-01-17 08:39:42,collab-v1.2,True,2026-01-17 08:39:42,2026-01-17 08:39:42
2796,960,544,2026-01-04 21:02:16,collab-v1.2,False,2026-01-04 21:02:16,2026-01-04 21:02:16
2797,203,557,2026-03-04 05:29:25,collab-v1.2,False,2026-03-04 05:29:25,2026-03-04 05:29:25
2798,244,141,2026-01-13 21:24:35,collab-v1.2,False,2026-01-13 21:24:35,2026-01-13 21:24:35
2799,770,135,2026-03-07 07:40:13,collab-v1.3,False,2026-03-07 07:40:13,2026-03-07 07:40:13
2800,657,5,2026-03-23 08:05:39,content-based-v2.0,False,2026-03-23 08:05:39,2026-03-23 08:05:39
2801,63,461,2026-05-18 10:13:32,collab-v1.2,False,2026-05-18 10:13:32,2026-05-18 10:13:32
2802,89,134,2025-06-11 08:10:48,content-based-v2.0,False,2025-06-11 08:10:48,2025-06-11 08:10:48
2803,388,36,2025-11-14 05:08:02,collab-v1.3,True,2025-11-14 05:08:02,2025-11-14 05:08:02
2804,249,574,2025-07-07 08:23:01,collab-v1.2,False,2025-07-07 08:23:01,2025-07-07 08:23:01
2805,298,105,2025-11-23 06:41:39,collab-v1.2,False,2025-11-23 06:41:39,2025-11-23 06:41:39
2806,541,366,2026-03-31 23:53:46,content-based-v2.0,False,2026-03-31 23:53:46,2026-03-31 23:53:46
2807,658,189,2025-10-23 08:08:21,hybrid-v1.0,False,2025-10-23 08:08:21,2025-10-23 08:08:21
2808,869,419,2025-08-03 19:43:20,hybrid-v1.0,False,2025-08-03 19:43:20,2025-08-03 19:43:20
2809,390,155,2026-01-15 23:17:40,content-based-v2.0,False,2026-01-15 23:17:40,2026-01-15 23:17:40
2810,690,557,2025-11-28 13:20:30,hybrid-v1.0,True,2025-11-28 13:20:30,2025-11-28 13:20:30
2811,907,583,2025-10-20 00:53:26,collab-v1.3,True,2025-10-20 00:53:26,2025-10-20 00:53:26
2812,696,456,2025-07-11 20:51:05,collab-v1.2,False,2025-07-11 20:51:05,2025-07-11 20:51:05
2813,387,104,2025-06-29 12:38:22,content-based-v2.0,False,2025-06-29 12:38:22,2025-06-29 12:38:22
2814,573,34,2026-01-16 02:48:25,collab-v1.3,True,2026-01-16 02:48:25,2026-01-16 02:48:25
2815,861,561,2026-05-18 11:38:53,collab-v1.3,False,2026-05-18 11:38:53,2026-05-18 11:38:53
2816,35,388,2026-05-08 16:55:12,collab-v1.2,True,2026-05-08 16:55:12,2026-05-08 16:55:12
2817,886,451,2025-09-08 10:23:01,collab-v1.2,False,2025-09-08 10:23:01,2025-09-08 10:23:01
2818,761,470,2025-08-21 05:00:08,collab-v1.3,False,2025-08-21 05:00:08,2025-08-21 05:00:08
2819,539,181,2025-08-24 10:51:56,content-based-v2.0,True,2025-08-24 10:51:56,2025-08-24 10:51:56
2820,490,504,2025-06-14 19:20:39,collab-v1.2,True,2025-06-14 19:20:39,2025-06-14 19:20:39
2821,447,30,2025-09-15 08:32:14,collab-v1.2,False,2025-09-15 08:32:14,2025-09-15 08:32:14
2822,756,262,2025-11-11 01:58:24,content-based-v2.0,True,2025-11-11 01:58:24,2025-11-11 01:58:24
2823,439,434,2025-11-25 19:01:01,collab-v1.3,False,2025-11-25 19:01:01,2025-11-25 19:01:01
2824,427,136,2025-07-15 14:59:12,collab-v1.3,True,2025-07-15 14:59:12,2025-07-15 14:59:12
2825,116,379,2026-04-20 21:59:04,hybrid-v1.0,False,2026-04-20 21:59:04,2026-04-20 21:59:04
2826,198,353,2026-01-28 04:17:52,hybrid-v1.0,False,2026-01-28 04:17:52,2026-01-28 04:17:52
2827,71,523,2026-05-28 07:37:46,content-based-v2.0,True,2026-05-28 07:37:46,2026-05-28 07:37:46
2828,79,64,2025-12-11 02:59:57,hybrid-v1.0,False,2025-12-11 02:59:57,2025-12-11 02:59:57
2829,384,190,2025-06-14 09:07:24,collab-v1.2,False,2025-06-14 09:07:24,2025-06-14 09:07:24
2830,753,59,2025-11-18 01:40:33,collab-v1.3,False,2025-11-18 01:40:33,2025-11-18 01:40:33
2831,465,529,2026-04-06 15:01:14,collab-v1.2,False,2026-04-06 15:01:14,2026-04-06 15:01:14
2832,854,575,2026-02-27 02:15:10,hybrid-v1.0,False,2026-02-27 02:15:10,2026-02-27 02:15:10
2833,865,571,2026-05-29 10:10:18,content-based-v2.0,False,2026-05-29 10:10:18,2026-05-29 10:10:18
2834,800,541,2026-03-26 12:35:40,collab-v1.2,False,2026-03-26 12:35:40,2026-03-26 12:35:40
2835,406,347,2026-03-05 00:23:04,collab-v1.3,True,2026-03-05 00:23:04,2026-03-05 00:23:04
2836,717,79,2025-11-27 13:14:05,content-based-v2.0,True,2025-11-27 13:14:05,2025-11-27 13:14:05
2837,28,92,2025-12-18 16:38:53,hybrid-v1.0,False,2025-12-18 16:38:53,2025-12-18 16:38:53
2838,37,256,2026-04-03 18:38:54,content-based-v2.0,False,2026-04-03 18:38:54,2026-04-03 18:38:54
2839,25,432,2026-02-01 04:25:26,collab-v1.2,False,2026-02-01 04:25:26,2026-02-01 04:25:26
2840,89,578,2026-03-28 04:53:55,collab-v1.2,True,2026-03-28 04:53:55,2026-03-28 04:53:55
2841,795,217,2026-03-12 16:43:27,collab-v1.2,True,2026-03-12 16:43:27,2026-03-12 16:43:27
2842,442,480,2026-02-04 10:49:09,content-based-v2.0,False,2026-02-04 10:49:09,2026-02-04 10:49:09
2843,280,393,2025-08-19 13:00:55,collab-v1.2,False,2025-08-19 13:00:55,2025-08-19 13:00:55
2844,556,95,2025-06-09 17:51:51,content-based-v2.0,False,2025-06-09 17:51:51,2025-06-09 17:51:51
2845,629,190,2026-02-18 22:49:55,content-based-v2.0,False,2026-02-18 22:49:55,2026-02-18 22:49:55
2846,825,466,2026-05-24 10:05:15,collab-v1.3,True,2026-05-24 10:05:15,2026-05-24 10:05:15
2847,706,485,2025-12-09 04:30:29,collab-v1.2,True,2025-12-09 04:30:29,2025-12-09 04:30:29
2848,54,517,2026-05-08 09:14:49,collab-v1.3,False,2026-05-08 09:14:49,2026-05-08 09:14:49
2849,236,108,2026-01-02 21:43:16,collab-v1.2,False,2026-01-02 21:43:16,2026-01-02 21:43:16
2850,231,157,2025-12-19 08:57:10,content-based-v2.0,False,2025-12-19 08:57:10,2025-12-19 08:57:10
2851,318,491,2025-10-16 20:20:02,collab-v1.2,False,2025-10-16 20:20:02,2025-10-16 20:20:02
2852,877,179,2025-12-22 18:16:46,content-based-v2.0,False,2025-12-22 18:16:46,2025-12-22 18:16:46
2853,928,194,2026-02-14 12:23:46,hybrid-v1.0,True,2026-02-14 12:23:46,2026-02-14 12:23:46
2854,436,162,2025-10-12 13:46:51,hybrid-v1.0,False,2025-10-12 13:46:51,2025-10-12 13:46:51
2855,563,6,2025-11-03 09:58:13,collab-v1.2,False,2025-11-03 09:58:13,2025-11-03 09:58:13
2856,747,501,2026-03-23 21:34:18,collab-v1.3,False,2026-03-23 21:34:18,2026-03-23 21:34:18
2857,755,467,2025-10-05 16:28:25,content-based-v2.0,False,2025-10-05 16:28:25,2025-10-05 16:28:25
2858,573,453,2026-04-23 11:54:37,hybrid-v1.0,True,2026-04-23 11:54:37,2026-04-23 11:54:37
2859,690,207,2025-06-24 03:11:31,collab-v1.2,True,2025-06-24 03:11:31,2025-06-24 03:11:31
2860,16,366,2025-10-17 19:51:12,collab-v1.3,False,2025-10-17 19:51:12,2025-10-17 19:51:12
2861,227,349,2025-07-02 00:07:25,content-based-v2.0,False,2025-07-02 00:07:25,2025-07-02 00:07:25
2862,180,164,2025-06-06 11:32:58,collab-v1.2,False,2025-06-06 11:32:58,2025-06-06 11:32:58
2863,947,595,2025-06-17 05:00:57,hybrid-v1.0,False,2025-06-17 05:00:57,2025-06-17 05:00:57
2864,731,141,2026-01-02 00:34:59,collab-v1.3,False,2026-01-02 00:34:59,2026-01-02 00:34:59
2865,955,588,2026-03-23 21:41:41,content-based-v2.0,False,2026-03-23 21:41:41,2026-03-23 21:41:41
2866,961,188,2025-11-21 05:18:38,hybrid-v1.0,False,2025-11-21 05:18:38,2025-11-21 05:18:38
2867,315,394,2025-11-21 00:29:49,collab-v1.3,False,2025-11-21 00:29:49,2025-11-21 00:29:49
2868,451,362,2026-01-28 15:42:31,collab-v1.3,False,2026-01-28 15:42:31,2026-01-28 15:42:31
2869,552,529,2026-04-21 08:52:35,collab-v1.3,True,2026-04-21 08:52:35,2026-04-21 08:52:35
2870,746,379,2026-02-08 11:35:09,collab-v1.2,False,2026-02-08 11:35:09,2026-02-08 11:35:09
2871,578,29,2025-09-09 19:41:23,hybrid-v1.0,True,2025-09-09 19:41:23,2025-09-09 19:41:23
2872,527,552,2025-08-02 07:59:30,hybrid-v1.0,False,2025-08-02 07:59:30,2025-08-02 07:59:30
2873,415,464,2026-03-27 17:10:21,collab-v1.2,False,2026-03-27 17:10:21,2026-03-27 17:10:21
2874,55,415,2026-04-22 22:16:54,collab-v1.2,True,2026-04-22 22:16:54,2026-04-22 22:16:54
2875,843,323,2026-04-27 22:39:38,collab-v1.3,False,2026-04-27 22:39:38,2026-04-27 22:39:38
2876,121,396,2026-01-02 14:41:06,collab-v1.3,False,2026-01-02 14:41:06,2026-01-02 14:41:06
2877,877,185,2025-11-30 08:01:14,collab-v1.3,False,2025-11-30 08:01:14,2025-11-30 08:01:14
2878,114,61,2025-07-29 09:10:04,collab-v1.3,False,2025-07-29 09:10:04,2025-07-29 09:10:04
2879,198,33,2026-05-13 12:57:19,collab-v1.3,False,2026-05-13 12:57:19,2026-05-13 12:57:19
2880,358,155,2026-03-18 12:58:59,collab-v1.3,True,2026-03-18 12:58:59,2026-03-18 12:58:59
2881,26,355,2026-03-16 02:39:32,hybrid-v1.0,False,2026-03-16 02:39:32,2026-03-16 02:39:32
2882,55,69,2025-08-22 03:24:18,hybrid-v1.0,False,2025-08-22 03:24:18,2025-08-22 03:24:18
2883,790,89,2025-11-13 10:02:56,collab-v1.3,False,2025-11-13 10:02:56,2025-11-13 10:02:56
2884,358,559,2025-10-18 03:57:51,collab-v1.3,False,2025-10-18 03:57:51,2025-10-18 03:57:51
2885,276,547,2026-03-26 16:39:03,collab-v1.2,False,2026-03-26 16:39:03,2026-03-26 16:39:03
2886,190,482,2025-06-20 19:12:02,collab-v1.2,False,2025-06-20 19:12:02,2025-06-20 19:12:02
2887,228,538,2026-05-28 21:37:00,hybrid-v1.0,False,2026-05-28 21:37:00,2026-05-28 21:37:00
2888,262,450,2025-08-25 01:44:31,collab-v1.3,False,2025-08-25 01:44:31,2025-08-25 01:44:31
2889,979,427,2026-02-21 08:06:00,collab-v1.3,False,2026-02-21 08:06:00,2026-02-21 08:06:00
2890,774,420,2025-10-15 08:12:53,collab-v1.3,False,2025-10-15 08:12:53,2025-10-15 08:12:53
2891,667,198,2026-02-13 12:14:16,collab-v1.3,False,2026-02-13 12:14:16,2026-02-13 12:14:16
2892,513,11,2026-04-07 04:54:23,content-based-v2.0,False,2026-04-07 04:54:23,2026-04-07 04:54:23
2893,468,292,2025-11-25 00:26:56,hybrid-v1.0,False,2025-11-25 00:26:56,2025-11-25 00:26:56
2894,888,583,2025-10-22 04:12:11,hybrid-v1.0,False,2025-10-22 04:12:11,2025-10-22 04:12:11
2895,477,407,2026-05-17 02:19:37,content-based-v2.0,False,2026-05-17 02:19:37,2026-05-17 02:19:37
2896,83,374,2025-11-26 22:23:05,hybrid-v1.0,True,2025-11-26 22:23:05,2025-11-26 22:23:05
2897,109,429,2025-06-27 06:51:06,content-based-v2.0,False,2025-06-27 06:51:06,2025-06-27 06:51:06
2898,931,325,2026-04-21 10:04:07,hybrid-v1.0,False,2026-04-21 10:04:07,2026-04-21 10:04:07
2899,119,380,2026-05-13 12:37:08,content-based-v2.0,False,2026-05-13 12:37:08,2026-05-13 12:37:08
2900,529,192,2026-02-19 05:36:57,collab-v1.3,False,2026-02-19 05:36:57,2026-02-19 05:36:57
2901,580,439,2025-10-23 15:42:42,content-based-v2.0,True,2025-10-23 15:42:42,2025-10-23 15:42:42
2902,188,199,2025-06-15 19:20:36,collab-v1.3,False,2025-06-15 19:20:36,2025-06-15 19:20:36
2903,161,170,2025-07-21 08:13:04,collab-v1.3,False,2025-07-21 08:13:04,2025-07-21 08:13:04
2904,550,542,2026-01-02 18:59:45,hybrid-v1.0,False,2026-01-02 18:59:45,2026-01-02 18:59:45
2905,364,257,2026-01-26 06:53:26,content-based-v2.0,False,2026-01-26 06:53:26,2026-01-26 06:53:26
2906,436,405,2025-07-06 00:41:20,collab-v1.3,True,2025-07-06 00:41:20,2025-07-06 00:41:20
2907,357,231,2025-08-02 13:46:26,hybrid-v1.0,True,2025-08-02 13:46:26,2025-08-02 13:46:26
2908,311,546,2025-12-24 14:35:19,content-based-v2.0,False,2025-12-24 14:35:19,2025-12-24 14:35:19
2909,663,182,2025-10-05 00:02:13,collab-v1.2,True,2025-10-05 00:02:13,2025-10-05 00:02:13
2910,201,116,2025-08-01 21:31:43,collab-v1.3,False,2025-08-01 21:31:43,2025-08-01 21:31:43
2911,67,389,2025-10-24 23:08:35,content-based-v2.0,False,2025-10-24 23:08:35,2025-10-24 23:08:35
2912,275,514,2025-09-26 21:36:40,collab-v1.2,False,2025-09-26 21:36:40,2025-09-26 21:36:40
2913,101,323,2026-05-26 22:38:24,collab-v1.3,True,2026-05-26 22:38:24,2026-05-26 22:38:24
2914,654,281,2025-07-09 07:01:11,content-based-v2.0,False,2025-07-09 07:01:11,2025-07-09 07:01:11
2915,439,381,2025-06-17 07:29:42,hybrid-v1.0,False,2025-06-17 07:29:42,2025-06-17 07:29:42
2916,606,130,2026-02-25 00:07:14,collab-v1.2,False,2026-02-25 00:07:14,2026-02-25 00:07:14
2917,18,465,2025-11-04 19:24:56,hybrid-v1.0,False,2025-11-04 19:24:56,2025-11-04 19:24:56
2918,470,159,2025-07-27 16:37:18,collab-v1.3,False,2025-07-27 16:37:18,2025-07-27 16:37:18
2919,161,498,2026-02-06 10:50:55,collab-v1.2,False,2026-02-06 10:50:55,2026-02-06 10:50:55
2920,142,96,2026-03-25 05:18:03,collab-v1.2,False,2026-03-25 05:18:03,2026-03-25 05:18:03
2921,497,148,2025-09-27 15:04:26,collab-v1.2,False,2025-09-27 15:04:26,2025-09-27 15:04:26
2922,8,208,2025-07-26 01:09:38,collab-v1.2,False,2025-07-26 01:09:38,2025-07-26 01:09:38
2923,505,252,2025-11-01 20:56:45,collab-v1.2,False,2025-11-01 20:56:45,2025-11-01 20:56:45
2924,136,203,2026-02-13 13:44:48,collab-v1.3,False,2026-02-13 13:44:48,2026-02-13 13:44:48
2925,474,81,2025-12-30 16:45:50,collab-v1.3,False,2025-12-30 16:45:50,2025-12-30 16:45:50
2926,290,154,2025-08-01 10:23:31,content-based-v2.0,False,2025-08-01 10:23:31,2025-08-01 10:23:31
2927,642,318,2026-05-30 17:24:14,collab-v1.2,False,2026-05-30 17:24:14,2026-05-30 17:24:14
2928,157,339,2025-07-16 01:48:00,collab-v1.3,False,2025-07-16 01:48:00,2025-07-16 01:48:00
2929,641,249,2026-03-18 09:32:15,collab-v1.2,False,2026-03-18 09:32:15,2026-03-18 09:32:15
2930,791,158,2025-07-22 14:47:54,content-based-v2.0,False,2025-07-22 14:47:54,2025-07-22 14:47:54
2931,276,113,2026-02-10 21:16:18,collab-v1.3,False,2026-02-10 21:16:18,2026-02-10 21:16:18
2932,419,325,2026-04-18 00:21:24,hybrid-v1.0,False,2026-04-18 00:21:24,2026-04-18 00:21:24
2933,176,44,2025-09-27 00:52:53,content-based-v2.0,True,2025-09-27 00:52:53,2025-09-27 00:52:53
2934,600,428,2025-06-06 07:44:46,hybrid-v1.0,False,2025-06-06 07:44:46,2025-06-06 07:44:46
2935,203,7,2025-11-11 01:51:21,collab-v1.3,False,2025-11-11 01:51:21,2025-11-11 01:51:21
2936,906,255,2026-03-15 21:48:21,collab-v1.3,False,2026-03-15 21:48:21,2026-03-15 21:48:21
2937,467,572,2025-09-21 22:17:57,hybrid-v1.0,False,2025-09-21 22:17:57,2025-09-21 22:17:57
2938,531,387,2025-10-16 10:46:52,collab-v1.2,False,2025-10-16 10:46:52,2025-10-16 10:46:52
2939,283,407,2025-09-19 13:12:33,collab-v1.3,False,2025-09-19 13:12:33,2025-09-19 13:12:33
2940,628,569,2025-08-31 07:13:34,collab-v1.3,False,2025-08-31 07:13:34,2025-08-31 07:13:34
2941,126,298,2025-09-23 03:03:46,hybrid-v1.0,False,2025-09-23 03:03:46,2025-09-23 03:03:46
2942,207,458,2026-04-14 04:07:49,hybrid-v1.0,False,2026-04-14 04:07:49,2026-04-14 04:07:49
2943,32,518,2026-05-01 18:42:34,collab-v1.3,False,2026-05-01 18:42:34,2026-05-01 18:42:34
2944,271,364,2026-04-05 13:32:06,collab-v1.2,False,2026-04-05 13:32:06,2026-04-05 13:32:06
2945,578,166,2025-07-17 19:19:58,collab-v1.2,True,2025-07-17 19:19:58,2025-07-17 19:19:58
2946,694,430,2026-04-18 00:37:07,content-based-v2.0,False,2026-04-18 00:37:07,2026-04-18 00:37:07
2947,270,22,2025-06-16 16:31:01,hybrid-v1.0,False,2025-06-16 16:31:01,2025-06-16 16:31:01
2948,57,217,2026-02-19 22:27:29,content-based-v2.0,False,2026-02-19 22:27:29,2026-02-19 22:27:29
2949,426,49,2025-10-02 03:46:05,collab-v1.2,True,2025-10-02 03:46:05,2025-10-02 03:46:05
2950,971,404,2026-05-04 01:12:37,content-based-v2.0,True,2026-05-04 01:12:37,2026-05-04 01:12:37
2951,432,400,2025-07-21 18:03:58,content-based-v2.0,False,2025-07-21 18:03:58,2025-07-21 18:03:58
2952,481,57,2025-12-01 10:39:00,content-based-v2.0,False,2025-12-01 10:39:00,2025-12-01 10:39:00
2953,513,283,2026-03-27 21:02:53,collab-v1.3,True,2026-03-27 21:02:53,2026-03-27 21:02:53
2954,150,441,2026-03-06 13:23:57,content-based-v2.0,False,2026-03-06 13:23:57,2026-03-06 13:23:57
2955,511,225,2025-08-12 17:31:59,collab-v1.2,False,2025-08-12 17:31:59,2025-08-12 17:31:59
2956,26,234,2025-10-20 02:43:59,content-based-v2.0,False,2025-10-20 02:43:59,2025-10-20 02:43:59
2957,272,548,2025-08-03 13:35:12,collab-v1.2,False,2025-08-03 13:35:12,2025-08-03 13:35:12
2958,318,158,2025-08-10 00:07:31,collab-v1.2,False,2025-08-10 00:07:31,2025-08-10 00:07:31
2959,883,372,2025-10-19 18:00:17,hybrid-v1.0,False,2025-10-19 18:00:17,2025-10-19 18:00:17
2960,553,62,2025-11-15 15:20:51,collab-v1.2,False,2025-11-15 15:20:51,2025-11-15 15:20:51
2961,511,292,2026-05-26 12:50:06,collab-v1.3,False,2026-05-26 12:50:06,2026-05-26 12:50:06
2962,236,197,2025-08-26 19:17:52,content-based-v2.0,False,2025-08-26 19:17:52,2025-08-26 19:17:52
2963,85,153,2025-09-08 19:37:44,collab-v1.3,False,2025-09-08 19:37:44,2025-09-08 19:37:44
2964,761,331,2026-02-26 22:01:13,content-based-v2.0,False,2026-02-26 22:01:13,2026-02-26 22:01:13
2965,380,28,2025-12-30 03:26:55,hybrid-v1.0,False,2025-12-30 03:26:55,2025-12-30 03:26:55
2966,324,314,2026-03-11 21:04:53,collab-v1.3,True,2026-03-11 21:04:53,2026-03-11 21:04:53
2967,140,10,2025-08-14 18:29:30,hybrid-v1.0,False,2025-08-14 18:29:30,2025-08-14 18:29:30
2968,263,471,2026-01-20 06:22:48,collab-v1.2,False,2026-01-20 06:22:48,2026-01-20 06:22:48
2969,391,535,2025-12-15 12:35:49,collab-v1.2,False,2025-12-15 12:35:49,2025-12-15 12:35:49
2970,135,582,2026-02-14 16:09:06,collab-v1.3,True,2026-02-14 16:09:06,2026-02-14 16:09:06
2971,435,314,2026-02-06 20:19:50,hybrid-v1.0,False,2026-02-06 20:19:50,2026-02-06 20:19:50
2972,570,342,2025-07-16 17:21:48,hybrid-v1.0,False,2025-07-16 17:21:48,2025-07-16 17:21:48
2973,274,381,2025-09-21 09:17:41,collab-v1.2,False,2025-09-21 09:17:41,2025-09-21 09:17:41
2974,920,22,2026-04-30 11:53:52,collab-v1.2,False,2026-04-30 11:53:52,2026-04-30 11:53:52
2975,911,152,2025-12-13 01:20:50,content-based-v2.0,False,2025-12-13 01:20:50,2025-12-13 01:20:50
2976,712,280,2025-10-09 09:05:11,collab-v1.2,False,2025-10-09 09:05:11,2025-10-09 09:05:11
2977,410,477,2025-11-11 22:56:49,hybrid-v1.0,False,2025-11-11 22:56:49,2025-11-11 22:56:49
2978,759,389,2026-01-15 20:08:26,collab-v1.2,False,2026-01-15 20:08:26,2026-01-15 20:08:26
2979,633,578,2026-05-31 21:08:02,collab-v1.2,False,2026-05-31 21:08:02,2026-05-31 21:08:02
2980,798,182,2025-11-15 02:02:39,hybrid-v1.0,False,2025-11-15 02:02:39,2025-11-15 02:02:39
2981,363,242,2025-08-28 19:29:30,hybrid-v1.0,False,2025-08-28 19:29:30,2025-08-28 19:29:30
2982,183,271,2026-05-08 01:36:14,content-based-v2.0,False,2026-05-08 01:36:14,2026-05-08 01:36:14
2983,385,214,2025-09-16 01:45:19,collab-v1.2,False,2025-09-16 01:45:19,2025-09-16 01:45:19
2984,251,226,2026-05-19 17:21:09,collab-v1.2,False,2026-05-19 17:21:09,2026-05-19 17:21:09
2985,518,50,2026-05-26 05:44:44,content-based-v2.0,False,2026-05-26 05:44:44,2026-05-26 05:44:44
2986,305,470,2025-07-26 15:02:03,content-based-v2.0,False,2025-07-26 15:02:03,2025-07-26 15:02:03
2987,899,15,2025-07-20 13:12:38,hybrid-v1.0,True,2025-07-20 13:12:38,2025-07-20 13:12:38
2988,303,541,2025-09-21 17:25:45,collab-v1.3,False,2025-09-21 17:25:45,2025-09-21 17:25:45
2989,43,79,2026-05-15 00:50:26,collab-v1.3,False,2026-05-15 00:50:26,2026-05-15 00:50:26
2990,376,322,2025-10-26 10:15:20,content-based-v2.0,False,2025-10-26 10:15:20,2025-10-26 10:15:20
2991,98,203,2026-04-30 00:19:31,content-based-v2.0,False,2026-04-30 00:19:31,2026-04-30 00:19:31
2992,236,380,2025-10-12 09:58:41,collab-v1.3,False,2025-10-12 09:58:41,2025-10-12 09:58:41
2993,118,368,2025-08-21 00:51:03,collab-v1.3,True,2025-08-21 00:51:03,2025-08-21 00:51:03
2994,208,151,2025-10-06 01:46:07,content-based-v2.0,False,2025-10-06 01:46:07,2025-10-06 01:46:07
2995,915,556,2025-12-03 08:18:02,hybrid-v1.0,True,2025-12-03 08:18:02,2025-12-03 08:18:02
2996,413,202,2025-06-28 00:30:58,collab-v1.2,False,2025-06-28 00:30:58,2025-06-28 00:30:58
2997,41,144,2026-04-20 10:08:56,hybrid-v1.0,False,2026-04-20 10:08:56,2026-04-20 10:08:56
2998,530,447,2025-12-30 08:44:47,collab-v1.3,False,2025-12-30 08:44:47,2025-12-30 08:44:47
2999,565,325,2025-06-13 00:32:27,collab-v1.2,False,2025-06-13 00:32:27,2025-06-13 00:32:27
3000,647,357,2026-05-14 03:45:21,collab-v1.3,False,2026-05-14 03:45:21,2026-05-14 03:45:21
3001,589,590,2025-08-19 10:39:27,collab-v1.3,False,2025-08-19 10:39:27,2025-08-19 10:39:27
3002,407,187,2026-03-27 13:57:48,collab-v1.2,True,2026-03-27 13:57:48,2026-03-27 13:57:48
3003,86,580,2025-12-14 20:22:09,collab-v1.2,False,2025-12-14 20:22:09,2025-12-14 20:22:09
3004,181,340,2025-12-09 14:54:33,collab-v1.3,False,2025-12-09 14:54:33,2025-12-09 14:54:33
3005,257,64,2025-09-17 05:50:05,collab-v1.3,False,2025-09-17 05:50:05,2025-09-17 05:50:05
3006,276,504,2026-04-04 21:15:02,collab-v1.2,False,2026-04-04 21:15:02,2026-04-04 21:15:02
3007,484,403,2025-10-08 08:53:33,hybrid-v1.0,False,2025-10-08 08:53:33,2025-10-08 08:53:33
3008,344,332,2025-06-09 16:10:40,collab-v1.3,False,2025-06-09 16:10:40,2025-06-09 16:10:40
3009,925,207,2025-08-28 04:54:01,collab-v1.3,False,2025-08-28 04:54:01,2025-08-28 04:54:01
3010,110,548,2025-09-29 13:25:50,collab-v1.3,False,2025-09-29 13:25:50,2025-09-29 13:25:50
3011,751,536,2026-03-26 08:16:35,content-based-v2.0,False,2026-03-26 08:16:35,2026-03-26 08:16:35
3012,431,169,2025-10-15 00:59:59,hybrid-v1.0,False,2025-10-15 00:59:59,2025-10-15 00:59:59
3013,304,112,2025-07-23 19:57:43,content-based-v2.0,False,2025-07-23 19:57:43,2025-07-23 19:57:43
3014,57,81,2025-06-22 10:19:00,collab-v1.3,True,2025-06-22 10:19:00,2025-06-22 10:19:00
3015,914,600,2025-06-18 07:41:48,content-based-v2.0,False,2025-06-18 07:41:48,2025-06-18 07:41:48
3016,237,589,2025-07-02 22:38:53,collab-v1.3,True,2025-07-02 22:38:53,2025-07-02 22:38:53
3017,633,500,2026-04-13 21:20:31,collab-v1.2,False,2026-04-13 21:20:31,2026-04-13 21:20:31
3018,184,362,2025-10-19 19:39:52,collab-v1.2,True,2025-10-19 19:39:52,2025-10-19 19:39:52
3019,74,589,2026-04-12 23:55:58,hybrid-v1.0,False,2026-04-12 23:55:58,2026-04-12 23:55:58
3020,3,133,2025-10-17 15:18:18,hybrid-v1.0,False,2025-10-17 15:18:18,2025-10-17 15:18:18
3021,881,66,2025-12-25 03:27:02,hybrid-v1.0,True,2025-12-25 03:27:02,2025-12-25 03:27:02
3022,899,278,2026-05-09 11:26:37,hybrid-v1.0,False,2026-05-09 11:26:37,2026-05-09 11:26:37
3023,18,383,2026-02-23 20:02:32,collab-v1.2,False,2026-02-23 20:02:32,2026-02-23 20:02:32
3024,195,261,2026-05-07 07:37:05,collab-v1.3,False,2026-05-07 07:37:05,2026-05-07 07:37:05
3025,928,460,2025-10-31 12:12:42,collab-v1.2,False,2025-10-31 12:12:42,2025-10-31 12:12:42
3026,373,84,2026-02-15 14:10:12,content-based-v2.0,False,2026-02-15 14:10:12,2026-02-15 14:10:12
3027,773,575,2025-12-22 03:10:54,collab-v1.2,False,2025-12-22 03:10:54,2025-12-22 03:10:54
3028,117,560,2025-10-12 01:07:57,collab-v1.2,True,2025-10-12 01:07:57,2025-10-12 01:07:57
3029,56,335,2026-05-07 15:21:44,hybrid-v1.0,False,2026-05-07 15:21:44,2026-05-07 15:21:44
3030,845,389,2025-10-26 01:49:07,collab-v1.3,False,2025-10-26 01:49:07,2025-10-26 01:49:07
3031,308,135,2025-11-16 17:59:48,hybrid-v1.0,False,2025-11-16 17:59:48,2025-11-16 17:59:48
3032,193,543,2026-04-12 04:40:41,content-based-v2.0,False,2026-04-12 04:40:41,2026-04-12 04:40:41
3033,301,96,2026-03-22 21:01:03,content-based-v2.0,False,2026-03-22 21:01:03,2026-03-22 21:01:03
3034,331,308,2025-10-30 00:57:44,hybrid-v1.0,False,2025-10-30 00:57:44,2025-10-30 00:57:44
3035,562,71,2025-12-03 08:30:43,collab-v1.3,False,2025-12-03 08:30:43,2025-12-03 08:30:43
3036,802,288,2026-04-06 09:48:02,collab-v1.3,False,2026-04-06 09:48:02,2026-04-06 09:48:02
3037,997,139,2025-06-10 20:12:26,hybrid-v1.0,False,2025-06-10 20:12:26,2025-06-10 20:12:26
3038,313,310,2025-07-08 15:28:00,collab-v1.3,False,2025-07-08 15:28:00,2025-07-08 15:28:00
3039,587,436,2025-12-24 13:15:37,collab-v1.2,True,2025-12-24 13:15:37,2025-12-24 13:15:37
3040,857,331,2025-06-21 08:17:28,content-based-v2.0,True,2025-06-21 08:17:28,2025-06-21 08:17:28
3041,606,343,2025-06-20 15:36:21,hybrid-v1.0,False,2025-06-20 15:36:21,2025-06-20 15:36:21
3042,959,381,2026-03-02 04:15:45,content-based-v2.0,True,2026-03-02 04:15:45,2026-03-02 04:15:45
3043,131,315,2025-06-06 12:07:02,collab-v1.2,False,2025-06-06 12:07:02,2025-06-06 12:07:02
3044,964,158,2025-11-16 05:42:33,hybrid-v1.0,False,2025-11-16 05:42:33,2025-11-16 05:42:33
3045,392,588,2025-09-14 16:51:16,content-based-v2.0,False,2025-09-14 16:51:16,2025-09-14 16:51:16
3046,488,56,2025-11-03 12:21:26,content-based-v2.0,False,2025-11-03 12:21:26,2025-11-03 12:21:26
3047,226,321,2026-01-20 08:23:29,collab-v1.2,False,2026-01-20 08:23:29,2026-01-20 08:23:29
3048,942,300,2026-02-09 07:18:32,collab-v1.3,False,2026-02-09 07:18:32,2026-02-09 07:18:32
3049,991,315,2025-11-04 14:47:43,collab-v1.2,False,2025-11-04 14:47:43,2025-11-04 14:47:43
3050,230,161,2026-03-13 07:53:35,collab-v1.3,True,2026-03-13 07:53:35,2026-03-13 07:53:35
3051,125,346,2026-04-30 07:31:11,collab-v1.2,False,2026-04-30 07:31:11,2026-04-30 07:31:11
3052,553,594,2025-09-17 14:46:19,collab-v1.3,False,2025-09-17 14:46:19,2025-09-17 14:46:19
3053,261,573,2025-12-26 05:26:07,hybrid-v1.0,True,2025-12-26 05:26:07,2025-12-26 05:26:07
3054,364,344,2026-03-08 11:23:38,collab-v1.3,False,2026-03-08 11:23:38,2026-03-08 11:23:38
3055,254,306,2025-06-21 13:16:30,content-based-v2.0,False,2025-06-21 13:16:30,2025-06-21 13:16:30
3056,497,29,2026-04-26 16:02:40,collab-v1.3,True,2026-04-26 16:02:40,2026-04-26 16:02:40
3057,799,584,2026-02-01 00:12:24,collab-v1.2,False,2026-02-01 00:12:24,2026-02-01 00:12:24
3058,824,94,2025-11-23 01:11:48,content-based-v2.0,False,2025-11-23 01:11:48,2025-11-23 01:11:48
3059,452,337,2026-02-11 13:07:34,content-based-v2.0,False,2026-02-11 13:07:34,2026-02-11 13:07:34
3060,758,467,2025-12-26 14:17:39,collab-v1.3,False,2025-12-26 14:17:39,2025-12-26 14:17:39
3061,181,564,2026-02-05 16:16:21,collab-v1.3,True,2026-02-05 16:16:21,2026-02-05 16:16:21
3062,239,267,2025-11-03 15:15:28,hybrid-v1.0,False,2025-11-03 15:15:28,2025-11-03 15:15:28
3063,710,234,2025-06-17 05:26:07,collab-v1.3,False,2025-06-17 05:26:07,2025-06-17 05:26:07
3064,374,305,2026-05-07 05:04:49,hybrid-v1.0,False,2026-05-07 05:04:49,2026-05-07 05:04:49
3065,403,79,2025-08-23 08:25:35,collab-v1.2,True,2025-08-23 08:25:35,2025-08-23 08:25:35
3066,667,502,2026-05-05 13:30:43,collab-v1.2,False,2026-05-05 13:30:43,2026-05-05 13:30:43
3067,412,25,2025-10-29 20:48:34,hybrid-v1.0,False,2025-10-29 20:48:34,2025-10-29 20:48:34
3068,740,541,2025-08-16 00:29:14,hybrid-v1.0,False,2025-08-16 00:29:14,2025-08-16 00:29:14
3069,349,539,2025-08-12 10:56:01,content-based-v2.0,False,2025-08-12 10:56:01,2025-08-12 10:56:01
3070,926,301,2026-02-10 11:31:22,hybrid-v1.0,False,2026-02-10 11:31:22,2026-02-10 11:31:22
3071,338,124,2025-09-22 02:35:22,hybrid-v1.0,True,2025-09-22 02:35:22,2025-09-22 02:35:22
3072,456,271,2025-12-29 08:13:03,hybrid-v1.0,False,2025-12-29 08:13:03,2025-12-29 08:13:03
3073,60,65,2026-02-11 22:41:12,content-based-v2.0,False,2026-02-11 22:41:12,2026-02-11 22:41:12
3074,99,76,2025-08-19 13:53:21,collab-v1.3,False,2025-08-19 13:53:21,2025-08-19 13:53:21
3075,61,224,2025-07-08 13:25:42,collab-v1.3,False,2025-07-08 13:25:42,2025-07-08 13:25:42
3076,832,292,2026-04-29 05:10:12,content-based-v2.0,False,2026-04-29 05:10:12,2026-04-29 05:10:12
3077,267,563,2026-03-01 13:14:59,hybrid-v1.0,True,2026-03-01 13:14:59,2026-03-01 13:14:59
3078,993,578,2025-11-20 12:05:48,hybrid-v1.0,False,2025-11-20 12:05:48,2025-11-20 12:05:48
3079,128,344,2025-10-16 22:21:29,hybrid-v1.0,False,2025-10-16 22:21:29,2025-10-16 22:21:29
3080,722,524,2025-12-13 18:31:56,collab-v1.3,False,2025-12-13 18:31:56,2025-12-13 18:31:56
3081,6,216,2026-04-03 16:54:05,collab-v1.3,False,2026-04-03 16:54:05,2026-04-03 16:54:05
3082,570,321,2025-08-03 18:40:53,content-based-v2.0,False,2025-08-03 18:40:53,2025-08-03 18:40:53
3083,540,107,2025-12-14 11:25:33,collab-v1.3,False,2025-12-14 11:25:33,2025-12-14 11:25:33
3084,494,182,2026-03-07 00:02:18,hybrid-v1.0,False,2026-03-07 00:02:18,2026-03-07 00:02:18
3085,591,160,2025-07-02 16:04:01,content-based-v2.0,False,2025-07-02 16:04:01,2025-07-02 16:04:01
3086,852,486,2025-09-19 10:14:50,content-based-v2.0,False,2025-09-19 10:14:50,2025-09-19 10:14:50
3087,438,537,2026-06-01 14:24:34,content-based-v2.0,False,2026-06-01 14:24:34,2026-06-01 14:24:34
3088,213,427,2025-09-07 20:58:51,hybrid-v1.0,False,2025-09-07 20:58:51,2025-09-07 20:58:51
3089,830,418,2025-10-13 01:02:12,hybrid-v1.0,True,2025-10-13 01:02:12,2025-10-13 01:02:12
3090,509,445,2025-06-27 05:56:52,collab-v1.2,False,2025-06-27 05:56:52,2025-06-27 05:56:52
3091,179,262,2025-06-25 23:21:05,collab-v1.3,True,2025-06-25 23:21:05,2025-06-25 23:21:05
3092,452,47,2025-11-19 11:22:58,collab-v1.3,False,2025-11-19 11:22:58,2025-11-19 11:22:58
3093,140,5,2026-03-03 17:29:41,content-based-v2.0,False,2026-03-03 17:29:41,2026-03-03 17:29:41
3094,589,5,2026-01-08 23:07:46,collab-v1.3,False,2026-01-08 23:07:46,2026-01-08 23:07:46
3095,502,359,2026-01-13 07:08:18,collab-v1.2,False,2026-01-13 07:08:18,2026-01-13 07:08:18
3096,663,83,2026-05-16 04:31:09,hybrid-v1.0,False,2026-05-16 04:31:09,2026-05-16 04:31:09
3097,31,199,2025-12-29 02:41:55,collab-v1.3,False,2025-12-29 02:41:55,2025-12-29 02:41:55
3098,136,63,2026-01-12 00:32:10,collab-v1.3,False,2026-01-12 00:32:10,2026-01-12 00:32:10
3099,636,459,2026-01-22 20:32:49,content-based-v2.0,False,2026-01-22 20:32:49,2026-01-22 20:32:49
3100,95,327,2025-07-08 08:45:45,content-based-v2.0,False,2025-07-08 08:45:45,2025-07-08 08:45:45
3101,389,436,2026-04-14 03:55:43,collab-v1.3,False,2026-04-14 03:55:43,2026-04-14 03:55:43
3102,906,512,2025-11-30 23:37:04,collab-v1.3,False,2025-11-30 23:37:04,2025-11-30 23:37:04
3103,756,15,2026-03-11 21:50:15,hybrid-v1.0,False,2026-03-11 21:50:15,2026-03-11 21:50:15
3104,56,476,2026-03-31 23:10:09,content-based-v2.0,False,2026-03-31 23:10:09,2026-03-31 23:10:09
3105,437,341,2025-09-23 05:35:33,content-based-v2.0,True,2025-09-23 05:35:33,2025-09-23 05:35:33
3106,323,329,2026-01-31 16:40:04,hybrid-v1.0,False,2026-01-31 16:40:04,2026-01-31 16:40:04
3107,475,479,2025-11-14 13:06:10,content-based-v2.0,False,2025-11-14 13:06:10,2025-11-14 13:06:10
3108,295,129,2025-10-13 06:43:19,content-based-v2.0,True,2025-10-13 06:43:19,2025-10-13 06:43:19
3109,772,98,2025-09-04 13:37:50,hybrid-v1.0,False,2025-09-04 13:37:50,2025-09-04 13:37:50
3110,592,118,2026-02-04 08:16:39,collab-v1.3,False,2026-02-04 08:16:39,2026-02-04 08:16:39
3111,996,563,2026-01-17 18:06:26,collab-v1.2,True,2026-01-17 18:06:26,2026-01-17 18:06:26
3112,782,246,2025-06-10 02:25:41,content-based-v2.0,False,2025-06-10 02:25:41,2025-06-10 02:25:41
3113,200,330,2025-07-19 14:20:45,collab-v1.3,False,2025-07-19 14:20:45,2025-07-19 14:20:45
3114,219,594,2026-03-02 15:10:55,content-based-v2.0,True,2026-03-02 15:10:55,2026-03-02 15:10:55
3115,767,453,2025-10-29 15:59:49,collab-v1.3,False,2025-10-29 15:59:49,2025-10-29 15:59:49
3116,79,119,2025-11-10 04:24:05,collab-v1.3,False,2025-11-10 04:24:05,2025-11-10 04:24:05
3117,282,554,2026-04-02 19:55:47,collab-v1.3,False,2026-04-02 19:55:47,2026-04-02 19:55:47
3118,826,304,2025-09-12 20:26:45,content-based-v2.0,False,2025-09-12 20:26:45,2025-09-12 20:26:45
3119,106,501,2026-03-14 05:52:19,collab-v1.2,False,2026-03-14 05:52:19,2026-03-14 05:52:19
3120,362,121,2026-02-20 00:15:11,collab-v1.3,False,2026-02-20 00:15:11,2026-02-20 00:15:11
3121,884,242,2025-12-20 18:20:58,content-based-v2.0,True,2025-12-20 18:20:58,2025-12-20 18:20:58
3122,151,351,2026-04-26 15:26:22,collab-v1.3,False,2026-04-26 15:26:22,2026-04-26 15:26:22
3123,14,567,2025-08-10 03:42:02,content-based-v2.0,False,2025-08-10 03:42:02,2025-08-10 03:42:02
3124,459,289,2025-11-05 01:18:13,collab-v1.2,False,2025-11-05 01:18:13,2025-11-05 01:18:13
3125,585,531,2026-04-02 19:53:34,collab-v1.3,True,2026-04-02 19:53:34,2026-04-02 19:53:34
3126,60,67,2026-01-21 17:19:31,collab-v1.3,False,2026-01-21 17:19:31,2026-01-21 17:19:31
3127,951,579,2026-03-31 13:25:39,hybrid-v1.0,False,2026-03-31 13:25:39,2026-03-31 13:25:39
3128,654,14,2025-06-30 11:02:50,hybrid-v1.0,False,2025-06-30 11:02:50,2025-06-30 11:02:50
3129,284,189,2025-12-23 17:13:46,collab-v1.2,False,2025-12-23 17:13:46,2025-12-23 17:13:46
3130,779,37,2025-06-13 09:59:20,collab-v1.3,True,2025-06-13 09:59:20,2025-06-13 09:59:20
3131,330,181,2025-08-05 18:24:14,collab-v1.3,False,2025-08-05 18:24:14,2025-08-05 18:24:14
3132,322,461,2026-01-14 22:49:35,content-based-v2.0,True,2026-01-14 22:49:35,2026-01-14 22:49:35
3133,540,338,2026-05-23 06:57:50,collab-v1.2,False,2026-05-23 06:57:50,2026-05-23 06:57:50
3134,36,290,2025-06-19 17:19:13,content-based-v2.0,True,2025-06-19 17:19:13,2025-06-19 17:19:13
3135,672,323,2026-03-26 02:13:34,collab-v1.3,False,2026-03-26 02:13:34,2026-03-26 02:13:34
3136,689,54,2025-08-26 00:03:57,content-based-v2.0,False,2025-08-26 00:03:57,2025-08-26 00:03:57
3137,711,460,2026-04-24 04:43:04,hybrid-v1.0,False,2026-04-24 04:43:04,2026-04-24 04:43:04
3138,208,247,2026-05-11 04:17:15,hybrid-v1.0,False,2026-05-11 04:17:15,2026-05-11 04:17:15
3139,646,263,2025-08-01 12:09:43,hybrid-v1.0,False,2025-08-01 12:09:43,2025-08-01 12:09:43
3140,315,399,2025-10-31 04:32:48,content-based-v2.0,False,2025-10-31 04:32:48,2025-10-31 04:32:48
3141,324,535,2026-03-29 16:43:51,content-based-v2.0,False,2026-03-29 16:43:51,2026-03-29 16:43:51
3142,394,535,2025-06-26 12:55:06,hybrid-v1.0,False,2025-06-26 12:55:06,2025-06-26 12:55:06
3143,779,491,2025-09-17 15:30:32,collab-v1.3,True,2025-09-17 15:30:32,2025-09-17 15:30:32
3144,262,152,2025-12-17 02:04:39,hybrid-v1.0,True,2025-12-17 02:04:39,2025-12-17 02:04:39
3145,233,299,2026-02-10 00:18:48,hybrid-v1.0,False,2026-02-10 00:18:48,2026-02-10 00:18:48
3146,678,474,2025-12-29 06:45:32,collab-v1.3,True,2025-12-29 06:45:32,2025-12-29 06:45:32
3147,19,434,2026-04-13 20:14:24,hybrid-v1.0,True,2026-04-13 20:14:24,2026-04-13 20:14:24
3148,820,469,2026-01-31 21:43:41,content-based-v2.0,False,2026-01-31 21:43:41,2026-01-31 21:43:41
3149,776,54,2025-09-01 05:05:13,collab-v1.3,False,2025-09-01 05:05:13,2025-09-01 05:05:13
3150,479,546,2026-02-23 13:54:27,content-based-v2.0,False,2026-02-23 13:54:27,2026-02-23 13:54:27
3151,376,428,2026-01-15 02:04:29,collab-v1.2,True,2026-01-15 02:04:29,2026-01-15 02:04:29
3152,562,567,2026-03-03 16:25:33,collab-v1.3,False,2026-03-03 16:25:33,2026-03-03 16:25:33
3153,297,335,2026-05-17 13:38:34,collab-v1.2,True,2026-05-17 13:38:34,2026-05-17 13:38:34
3154,347,14,2025-07-05 00:33:43,collab-v1.3,True,2025-07-05 00:33:43,2025-07-05 00:33:43
3155,243,514,2026-01-18 06:38:03,collab-v1.2,False,2026-01-18 06:38:03,2026-01-18 06:38:03
3156,756,427,2025-10-21 01:07:31,collab-v1.3,False,2025-10-21 01:07:31,2025-10-21 01:07:31
3157,539,441,2025-07-07 13:44:26,collab-v1.3,False,2025-07-07 13:44:26,2025-07-07 13:44:26
3158,482,558,2025-12-03 21:21:22,collab-v1.3,True,2025-12-03 21:21:22,2025-12-03 21:21:22
3159,608,540,2025-08-06 06:18:07,collab-v1.2,True,2025-08-06 06:18:07,2025-08-06 06:18:07
3160,880,299,2026-02-14 06:36:35,collab-v1.2,False,2026-02-14 06:36:35,2026-02-14 06:36:35
3161,825,4,2026-04-09 03:32:18,hybrid-v1.0,False,2026-04-09 03:32:18,2026-04-09 03:32:18
3162,40,516,2025-07-24 18:09:40,content-based-v2.0,True,2025-07-24 18:09:40,2025-07-24 18:09:40
3163,78,454,2025-09-30 18:04:04,content-based-v2.0,True,2025-09-30 18:04:04,2025-09-30 18:04:04
3164,224,194,2025-10-03 01:42:27,collab-v1.2,False,2025-10-03 01:42:27,2025-10-03 01:42:27
3165,78,349,2026-04-02 05:42:30,collab-v1.2,False,2026-04-02 05:42:30,2026-04-02 05:42:30
3166,937,331,2025-09-12 15:23:14,collab-v1.2,False,2025-09-12 15:23:14,2025-09-12 15:23:14
3167,885,314,2025-09-18 23:27:32,collab-v1.3,False,2025-09-18 23:27:32,2025-09-18 23:27:32
3168,753,346,2026-03-04 03:15:29,collab-v1.3,True,2026-03-04 03:15:29,2026-03-04 03:15:29
3169,894,534,2025-11-30 11:31:58,content-based-v2.0,False,2025-11-30 11:31:58,2025-11-30 11:31:58
3170,166,198,2025-11-24 06:48:44,collab-v1.3,False,2025-11-24 06:48:44,2025-11-24 06:48:44
3171,62,575,2026-01-23 13:37:31,collab-v1.3,False,2026-01-23 13:37:31,2026-01-23 13:37:31
3172,870,198,2025-10-15 21:39:26,collab-v1.2,False,2025-10-15 21:39:26,2025-10-15 21:39:26
3173,26,213,2026-02-19 21:48:30,content-based-v2.0,False,2026-02-19 21:48:30,2026-02-19 21:48:30
3174,232,580,2026-02-01 06:21:22,collab-v1.2,False,2026-02-01 06:21:22,2026-02-01 06:21:22
3175,342,496,2026-06-01 17:03:30,collab-v1.2,False,2026-06-01 17:03:30,2026-06-01 17:03:30
3176,354,499,2026-04-17 08:43:25,hybrid-v1.0,False,2026-04-17 08:43:25,2026-04-17 08:43:25
3177,24,334,2026-05-26 19:50:38,content-based-v2.0,False,2026-05-26 19:50:38,2026-05-26 19:50:38
3178,747,598,2025-09-03 10:36:50,content-based-v2.0,False,2025-09-03 10:36:50,2025-09-03 10:36:50
3179,345,79,2025-12-19 15:40:32,content-based-v2.0,False,2025-12-19 15:40:32,2025-12-19 15:40:32
3180,884,189,2026-05-08 08:59:47,collab-v1.2,False,2026-05-08 08:59:47,2026-05-08 08:59:47
3181,669,209,2025-09-02 00:22:06,collab-v1.2,False,2025-09-02 00:22:06,2025-09-02 00:22:06
3182,334,371,2025-07-26 16:18:45,collab-v1.3,False,2025-07-26 16:18:45,2025-07-26 16:18:45
3183,597,280,2026-03-25 06:43:13,collab-v1.2,True,2026-03-25 06:43:13,2026-03-25 06:43:13
3184,964,151,2025-11-18 13:28:07,collab-v1.3,False,2025-11-18 13:28:07,2025-11-18 13:28:07
3185,967,588,2025-06-11 06:23:51,collab-v1.3,False,2025-06-11 06:23:51,2025-06-11 06:23:51
3186,9,87,2026-02-20 12:53:02,collab-v1.3,False,2026-02-20 12:53:02,2026-02-20 12:53:02
3187,51,48,2025-11-22 11:40:57,content-based-v2.0,False,2025-11-22 11:40:57,2025-11-22 11:40:57
3188,189,538,2025-07-14 11:09:48,collab-v1.2,False,2025-07-14 11:09:48,2025-07-14 11:09:48
3189,143,139,2026-05-09 04:19:43,collab-v1.3,False,2026-05-09 04:19:43,2026-05-09 04:19:43
3190,449,133,2026-05-13 08:58:59,hybrid-v1.0,False,2026-05-13 08:58:59,2026-05-13 08:58:59
3191,613,452,2025-12-02 18:07:40,content-based-v2.0,False,2025-12-02 18:07:40,2025-12-02 18:07:40
3192,69,574,2025-10-19 11:00:20,hybrid-v1.0,True,2025-10-19 11:00:20,2025-10-19 11:00:20
3193,977,352,2025-12-21 10:51:54,collab-v1.2,False,2025-12-21 10:51:54,2025-12-21 10:51:54
3194,506,308,2026-05-11 15:57:47,content-based-v2.0,False,2026-05-11 15:57:47,2026-05-11 15:57:47
3195,847,327,2026-02-22 01:57:53,hybrid-v1.0,False,2026-02-22 01:57:53,2026-02-22 01:57:53
3196,825,31,2025-12-13 11:36:21,collab-v1.3,False,2025-12-13 11:36:21,2025-12-13 11:36:21
3197,418,594,2026-03-30 09:13:16,collab-v1.3,True,2026-03-30 09:13:16,2026-03-30 09:13:16
3198,259,128,2026-04-05 11:55:21,collab-v1.2,False,2026-04-05 11:55:21,2026-04-05 11:55:21
3199,55,35,2026-03-10 19:47:19,collab-v1.2,False,2026-03-10 19:47:19,2026-03-10 19:47:19
3200,662,557,2025-06-11 22:57:49,collab-v1.2,True,2025-06-11 22:57:49,2025-06-11 22:57:49
3201,278,116,2025-12-17 18:47:46,collab-v1.3,True,2025-12-17 18:47:46,2025-12-17 18:47:46
3202,123,322,2026-04-21 16:39:17,collab-v1.2,False,2026-04-21 16:39:17,2026-04-21 16:39:17
3203,626,171,2025-07-10 13:14:15,content-based-v2.0,False,2025-07-10 13:14:15,2025-07-10 13:14:15
3204,567,475,2025-06-25 21:27:45,content-based-v2.0,True,2025-06-25 21:27:45,2025-06-25 21:27:45
3205,873,342,2026-01-15 04:41:04,hybrid-v1.0,False,2026-01-15 04:41:04,2026-01-15 04:41:04
3206,690,471,2025-12-06 10:20:49,content-based-v2.0,True,2025-12-06 10:20:49,2025-12-06 10:20:49
3207,985,340,2025-12-28 22:16:49,hybrid-v1.0,True,2025-12-28 22:16:49,2025-12-28 22:16:49
3208,637,44,2026-05-12 04:35:15,hybrid-v1.0,True,2026-05-12 04:35:15,2026-05-12 04:35:15
3209,523,148,2025-08-07 07:18:31,hybrid-v1.0,False,2025-08-07 07:18:31,2025-08-07 07:18:31
3210,63,486,2025-09-26 22:22:54,content-based-v2.0,False,2025-09-26 22:22:54,2025-09-26 22:22:54
3211,713,252,2025-12-19 14:55:41,collab-v1.3,False,2025-12-19 14:55:41,2025-12-19 14:55:41
3212,106,123,2025-11-07 00:07:16,content-based-v2.0,True,2025-11-07 00:07:16,2025-11-07 00:07:16
3213,540,129,2026-02-17 12:05:18,collab-v1.3,False,2026-02-17 12:05:18,2026-02-17 12:05:18
3214,425,78,2025-08-03 23:36:43,hybrid-v1.0,False,2025-08-03 23:36:43,2025-08-03 23:36:43
3215,916,263,2026-04-25 12:37:25,collab-v1.2,False,2026-04-25 12:37:25,2026-04-25 12:37:25
3216,444,453,2025-09-17 23:37:36,content-based-v2.0,False,2025-09-17 23:37:36,2025-09-17 23:37:36
3217,430,396,2026-05-04 20:31:04,collab-v1.2,False,2026-05-04 20:31:04,2026-05-04 20:31:04
3218,884,109,2026-03-30 12:03:18,hybrid-v1.0,False,2026-03-30 12:03:18,2026-03-30 12:03:18
3219,669,307,2025-12-02 14:35:14,hybrid-v1.0,False,2025-12-02 14:35:14,2025-12-02 14:35:14
3220,1000,490,2026-01-14 10:25:07,hybrid-v1.0,False,2026-01-14 10:25:07,2026-01-14 10:25:07
3221,295,78,2025-08-16 13:13:08,content-based-v2.0,False,2025-08-16 13:13:08,2025-08-16 13:13:08
3222,649,13,2025-08-26 17:15:20,collab-v1.2,False,2025-08-26 17:15:20,2025-08-26 17:15:20
3223,548,226,2026-05-09 09:55:27,hybrid-v1.0,True,2026-05-09 09:55:27,2026-05-09 09:55:27
3224,356,502,2025-10-30 22:58:26,collab-v1.3,True,2025-10-30 22:58:26,2025-10-30 22:58:26
3225,590,568,2026-03-07 10:04:58,content-based-v2.0,False,2026-03-07 10:04:58,2026-03-07 10:04:58
3226,328,347,2026-04-14 13:46:46,content-based-v2.0,True,2026-04-14 13:46:46,2026-04-14 13:46:46
3227,831,237,2025-12-25 22:10:37,collab-v1.3,False,2025-12-25 22:10:37,2025-12-25 22:10:37
3228,464,171,2025-07-12 17:25:10,collab-v1.3,False,2025-07-12 17:25:10,2025-07-12 17:25:10
3229,849,560,2025-06-11 15:42:22,hybrid-v1.0,False,2025-06-11 15:42:22,2025-06-11 15:42:22
3230,310,340,2025-11-01 17:19:04,content-based-v2.0,False,2025-11-01 17:19:04,2025-11-01 17:19:04
3231,868,324,2026-04-01 14:47:23,collab-v1.3,False,2026-04-01 14:47:23,2026-04-01 14:47:23
3232,451,135,2025-12-12 03:38:29,collab-v1.3,False,2025-12-12 03:38:29,2025-12-12 03:38:29
3233,944,298,2026-03-19 14:27:35,content-based-v2.0,False,2026-03-19 14:27:35,2026-03-19 14:27:35
3234,855,333,2025-06-20 15:19:58,collab-v1.2,True,2025-06-20 15:19:58,2025-06-20 15:19:58
3235,77,171,2026-02-27 09:28:26,collab-v1.3,False,2026-02-27 09:28:26,2026-02-27 09:28:26
3236,915,581,2026-05-31 16:32:41,hybrid-v1.0,False,2026-05-31 16:32:41,2026-05-31 16:32:41
3237,641,195,2025-07-27 11:50:31,hybrid-v1.0,False,2025-07-27 11:50:31,2025-07-27 11:50:31
3238,465,159,2025-12-19 04:48:06,collab-v1.2,False,2025-12-19 04:48:06,2025-12-19 04:48:06
3239,956,32,2025-07-10 06:43:53,collab-v1.2,False,2025-07-10 06:43:53,2025-07-10 06:43:53
3240,204,389,2026-05-02 10:16:25,content-based-v2.0,False,2026-05-02 10:16:25,2026-05-02 10:16:25
3241,592,454,2026-02-26 05:06:05,collab-v1.3,True,2026-02-26 05:06:05,2026-02-26 05:06:05
3242,695,147,2026-04-13 20:16:17,collab-v1.2,False,2026-04-13 20:16:17,2026-04-13 20:16:17
3243,732,268,2025-06-24 12:46:13,collab-v1.2,False,2025-06-24 12:46:13,2025-06-24 12:46:13
3244,813,593,2025-07-11 10:53:19,collab-v1.3,False,2025-07-11 10:53:19,2025-07-11 10:53:19
3245,43,402,2025-06-22 12:20:59,collab-v1.2,False,2025-06-22 12:20:59,2025-06-22 12:20:59
3246,846,386,2025-11-27 19:38:46,hybrid-v1.0,False,2025-11-27 19:38:46,2025-11-27 19:38:46
3247,588,190,2025-06-10 22:53:37,hybrid-v1.0,False,2025-06-10 22:53:37,2025-06-10 22:53:37
3248,531,533,2025-08-12 04:59:48,hybrid-v1.0,False,2025-08-12 04:59:48,2025-08-12 04:59:48
3249,767,107,2025-11-26 05:07:47,hybrid-v1.0,False,2025-11-26 05:07:47,2025-11-26 05:07:47
3250,341,43,2025-10-23 00:01:12,content-based-v2.0,False,2025-10-23 00:01:12,2025-10-23 00:01:12
3251,686,525,2025-07-16 04:53:43,collab-v1.2,False,2025-07-16 04:53:43,2025-07-16 04:53:43
3252,805,269,2025-06-11 00:45:00,collab-v1.3,False,2025-06-11 00:45:00,2025-06-11 00:45:00
3253,971,47,2026-03-29 22:09:59,hybrid-v1.0,False,2026-03-29 22:09:59,2026-03-29 22:09:59
3254,193,552,2026-03-31 18:58:26,content-based-v2.0,False,2026-03-31 18:58:26,2026-03-31 18:58:26
3255,170,98,2026-05-31 03:04:23,content-based-v2.0,False,2026-05-31 03:04:23,2026-05-31 03:04:23
3256,243,357,2026-02-28 14:48:59,collab-v1.2,False,2026-02-28 14:48:59,2026-02-28 14:48:59
3257,263,495,2026-05-07 10:21:26,content-based-v2.0,False,2026-05-07 10:21:26,2026-05-07 10:21:26
3258,845,81,2025-08-08 14:06:22,hybrid-v1.0,False,2025-08-08 14:06:22,2025-08-08 14:06:22
3259,218,325,2026-04-09 11:48:32,content-based-v2.0,False,2026-04-09 11:48:32,2026-04-09 11:48:32
3260,897,403,2025-11-12 14:19:43,collab-v1.3,False,2025-11-12 14:19:43,2025-11-12 14:19:43
3261,149,400,2026-03-23 23:44:21,collab-v1.3,False,2026-03-23 23:44:21,2026-03-23 23:44:21
3262,331,216,2026-05-14 08:40:41,collab-v1.3,False,2026-05-14 08:40:41,2026-05-14 08:40:41
3263,569,14,2025-06-16 09:50:16,collab-v1.2,False,2025-06-16 09:50:16,2025-06-16 09:50:16
3264,272,170,2025-08-30 10:34:25,collab-v1.2,True,2025-08-30 10:34:25,2025-08-30 10:34:25
3265,490,90,2025-06-23 06:26:30,content-based-v2.0,False,2025-06-23 06:26:30,2025-06-23 06:26:30
3266,210,103,2025-09-10 07:48:12,content-based-v2.0,False,2025-09-10 07:48:12,2025-09-10 07:48:12
3267,14,498,2025-09-02 03:59:49,content-based-v2.0,False,2025-09-02 03:59:49,2025-09-02 03:59:49
3268,627,563,2025-07-19 22:27:39,collab-v1.3,True,2025-07-19 22:27:39,2025-07-19 22:27:39
3269,905,81,2025-12-26 02:16:52,content-based-v2.0,False,2025-12-26 02:16:52,2025-12-26 02:16:52
3270,17,168,2026-05-01 18:01:41,collab-v1.2,False,2026-05-01 18:01:41,2026-05-01 18:01:41
3271,669,5,2025-10-28 18:16:28,hybrid-v1.0,False,2025-10-28 18:16:28,2025-10-28 18:16:28
3272,448,280,2026-01-23 10:40:34,collab-v1.3,False,2026-01-23 10:40:34,2026-01-23 10:40:34
3273,687,141,2026-03-13 02:31:27,collab-v1.3,False,2026-03-13 02:31:27,2026-03-13 02:31:27
3274,969,208,2026-02-28 05:47:39,collab-v1.2,False,2026-02-28 05:47:39,2026-02-28 05:47:39
3275,457,261,2026-01-14 10:26:26,collab-v1.2,False,2026-01-14 10:26:26,2026-01-14 10:26:26
3276,453,298,2026-05-09 02:01:19,collab-v1.3,False,2026-05-09 02:01:19,2026-05-09 02:01:19
3277,905,208,2026-04-08 13:34:10,hybrid-v1.0,False,2026-04-08 13:34:10,2026-04-08 13:34:10
3278,951,69,2025-10-28 21:00:06,content-based-v2.0,False,2025-10-28 21:00:06,2025-10-28 21:00:06
3279,270,276,2025-08-29 11:07:38,content-based-v2.0,False,2025-08-29 11:07:38,2025-08-29 11:07:38
3280,374,429,2025-08-04 04:42:48,collab-v1.3,True,2025-08-04 04:42:48,2025-08-04 04:42:48
3281,719,56,2025-11-18 19:53:41,collab-v1.2,True,2025-11-18 19:53:41,2025-11-18 19:53:41
3282,533,28,2025-11-14 01:32:42,collab-v1.2,False,2025-11-14 01:32:42,2025-11-14 01:32:42
3283,924,261,2025-07-19 10:01:07,collab-v1.3,True,2025-07-19 10:01:07,2025-07-19 10:01:07
3284,394,474,2025-12-12 05:47:43,collab-v1.3,False,2025-12-12 05:47:43,2025-12-12 05:47:43
3285,606,190,2026-01-13 18:31:07,hybrid-v1.0,False,2026-01-13 18:31:07,2026-01-13 18:31:07
3286,126,7,2026-01-02 23:46:24,collab-v1.3,False,2026-01-02 23:46:24,2026-01-02 23:46:24
3287,903,556,2025-12-31 20:16:23,hybrid-v1.0,False,2025-12-31 20:16:23,2025-12-31 20:16:23
3288,971,349,2025-11-26 02:12:11,collab-v1.3,False,2025-11-26 02:12:11,2025-11-26 02:12:11
3289,306,44,2026-04-03 08:07:05,collab-v1.2,False,2026-04-03 08:07:05,2026-04-03 08:07:05
3290,547,245,2025-10-22 06:43:45,content-based-v2.0,False,2025-10-22 06:43:45,2025-10-22 06:43:45
3291,737,128,2025-12-27 05:03:03,hybrid-v1.0,False,2025-12-27 05:03:03,2025-12-27 05:03:03
3292,521,47,2026-01-17 21:01:49,content-based-v2.0,False,2026-01-17 21:01:49,2026-01-17 21:01:49
3293,332,413,2026-02-12 10:18:10,content-based-v2.0,False,2026-02-12 10:18:10,2026-02-12 10:18:10
3294,413,569,2026-04-19 05:44:02,hybrid-v1.0,False,2026-04-19 05:44:02,2026-04-19 05:44:02
3295,987,131,2025-10-17 03:25:53,content-based-v2.0,False,2025-10-17 03:25:53,2025-10-17 03:25:53
3296,876,438,2025-10-27 22:52:09,collab-v1.2,False,2025-10-27 22:52:09,2025-10-27 22:52:09
3297,32,305,2025-06-30 19:34:42,content-based-v2.0,False,2025-06-30 19:34:42,2025-06-30 19:34:42
3298,649,567,2026-05-10 01:15:02,hybrid-v1.0,False,2026-05-10 01:15:02,2026-05-10 01:15:02
3299,80,377,2025-11-16 01:58:17,collab-v1.2,False,2025-11-16 01:58:17,2025-11-16 01:58:17
3300,985,598,2025-07-01 20:29:43,collab-v1.3,True,2025-07-01 20:29:43,2025-07-01 20:29:43
3301,829,391,2026-05-29 14:20:14,collab-v1.3,False,2026-05-29 14:20:14,2026-05-29 14:20:14
3302,54,267,2025-06-24 22:17:56,hybrid-v1.0,False,2025-06-24 22:17:56,2025-06-24 22:17:56
3303,980,169,2025-10-25 11:51:22,hybrid-v1.0,False,2025-10-25 11:51:22,2025-10-25 11:51:22
3304,801,92,2025-10-28 01:20:28,collab-v1.3,True,2025-10-28 01:20:28,2025-10-28 01:20:28
3305,670,91,2025-07-03 07:09:42,hybrid-v1.0,False,2025-07-03 07:09:42,2025-07-03 07:09:42
3306,403,103,2025-09-30 02:03:22,content-based-v2.0,True,2025-09-30 02:03:22,2025-09-30 02:03:22
3307,801,331,2025-08-23 20:24:15,hybrid-v1.0,True,2025-08-23 20:24:15,2025-08-23 20:24:15
3308,504,306,2025-11-20 10:01:39,hybrid-v1.0,False,2025-11-20 10:01:39,2025-11-20 10:01:39
3309,690,487,2026-02-05 18:24:13,collab-v1.2,False,2026-02-05 18:24:13,2026-02-05 18:24:13
3310,988,417,2026-05-28 06:22:14,hybrid-v1.0,True,2026-05-28 06:22:14,2026-05-28 06:22:14
3311,93,344,2026-04-29 04:13:58,hybrid-v1.0,False,2026-04-29 04:13:58,2026-04-29 04:13:58
3312,725,74,2025-11-13 03:10:40,collab-v1.3,False,2025-11-13 03:10:40,2025-11-13 03:10:40
3313,586,151,2025-10-14 00:37:38,content-based-v2.0,False,2025-10-14 00:37:38,2025-10-14 00:37:38
3314,578,329,2025-07-03 10:37:27,content-based-v2.0,False,2025-07-03 10:37:27,2025-07-03 10:37:27
3315,350,500,2026-05-24 17:04:32,collab-v1.3,False,2026-05-24 17:04:32,2026-05-24 17:04:32
3316,183,502,2025-10-17 17:35:38,hybrid-v1.0,False,2025-10-17 17:35:38,2025-10-17 17:35:38
3317,741,101,2025-11-03 04:43:50,collab-v1.2,True,2025-11-03 04:43:50,2025-11-03 04:43:50
3318,994,475,2025-09-18 09:13:09,content-based-v2.0,False,2025-09-18 09:13:09,2025-09-18 09:13:09
3319,761,511,2026-01-18 11:07:10,collab-v1.3,False,2026-01-18 11:07:10,2026-01-18 11:07:10
3320,724,235,2026-04-05 08:24:01,collab-v1.3,False,2026-04-05 08:24:01,2026-04-05 08:24:01
3321,635,225,2025-12-27 06:34:37,collab-v1.3,False,2025-12-27 06:34:37,2025-12-27 06:34:37
3322,162,350,2026-05-11 02:34:11,hybrid-v1.0,True,2026-05-11 02:34:11,2026-05-11 02:34:11
3323,117,480,2026-05-29 12:49:45,content-based-v2.0,False,2026-05-29 12:49:45,2026-05-29 12:49:45
3324,730,492,2025-08-15 10:52:19,hybrid-v1.0,False,2025-08-15 10:52:19,2025-08-15 10:52:19
3325,80,154,2026-05-22 06:42:00,collab-v1.3,False,2026-05-22 06:42:00,2026-05-22 06:42:00
3326,743,452,2025-11-15 02:31:43,content-based-v2.0,False,2025-11-15 02:31:43,2025-11-15 02:31:43
3327,85,4,2025-09-07 07:57:08,collab-v1.2,True,2025-09-07 07:57:08,2025-09-07 07:57:08
3328,4,171,2026-04-11 20:22:20,collab-v1.3,False,2026-04-11 20:22:20,2026-04-11 20:22:20
3329,418,476,2026-02-22 14:22:26,collab-v1.3,True,2026-02-22 14:22:26,2026-02-22 14:22:26
3330,25,99,2025-10-23 17:06:25,collab-v1.2,False,2025-10-23 17:06:25,2025-10-23 17:06:25
3331,547,459,2025-06-11 14:29:57,hybrid-v1.0,False,2025-06-11 14:29:57,2025-06-11 14:29:57
3332,115,175,2025-08-28 12:07:05,hybrid-v1.0,False,2025-08-28 12:07:05,2025-08-28 12:07:05
3333,428,11,2025-10-16 22:29:32,hybrid-v1.0,False,2025-10-16 22:29:32,2025-10-16 22:29:32
3334,726,115,2025-11-11 10:45:45,content-based-v2.0,True,2025-11-11 10:45:45,2025-11-11 10:45:45
3335,768,496,2026-04-30 16:51:47,collab-v1.2,False,2026-04-30 16:51:47,2026-04-30 16:51:47
3336,948,169,2025-07-26 12:32:45,collab-v1.3,False,2025-07-26 12:32:45,2025-07-26 12:32:45
3337,594,47,2025-12-27 00:06:40,collab-v1.3,False,2025-12-27 00:06:40,2025-12-27 00:06:40
3338,608,212,2026-05-06 21:37:57,content-based-v2.0,False,2026-05-06 21:37:57,2026-05-06 21:37:57
3339,392,318,2025-12-17 06:16:56,collab-v1.3,False,2025-12-17 06:16:56,2025-12-17 06:16:56
3340,79,455,2026-04-25 07:14:03,collab-v1.3,True,2026-04-25 07:14:03,2026-04-25 07:14:03
3341,872,58,2025-12-08 07:15:51,collab-v1.2,False,2025-12-08 07:15:51,2025-12-08 07:15:51
3342,617,209,2026-01-09 13:02:49,hybrid-v1.0,False,2026-01-09 13:02:49,2026-01-09 13:02:49
3343,328,314,2025-07-25 23:26:58,collab-v1.3,True,2025-07-25 23:26:58,2025-07-25 23:26:58
3344,444,303,2026-04-07 18:33:46,collab-v1.2,False,2026-04-07 18:33:46,2026-04-07 18:33:46
3345,57,438,2025-08-16 09:34:05,collab-v1.3,False,2025-08-16 09:34:05,2025-08-16 09:34:05
3346,181,155,2025-07-12 07:09:39,collab-v1.2,False,2025-07-12 07:09:39,2025-07-12 07:09:39
3347,300,68,2025-07-05 14:21:38,content-based-v2.0,False,2025-07-05 14:21:38,2025-07-05 14:21:38
3348,782,193,2025-12-21 01:52:10,content-based-v2.0,False,2025-12-21 01:52:10,2025-12-21 01:52:10
3349,822,358,2026-01-09 03:08:20,collab-v1.2,False,2026-01-09 03:08:20,2026-01-09 03:08:20
3350,360,565,2026-04-01 22:17:31,hybrid-v1.0,False,2026-04-01 22:17:31,2026-04-01 22:17:31
3351,743,86,2025-07-01 02:13:38,collab-v1.3,False,2025-07-01 02:13:38,2025-07-01 02:13:38
3352,97,540,2026-01-27 15:22:38,collab-v1.3,False,2026-01-27 15:22:38,2026-01-27 15:22:38
3353,100,413,2025-12-27 01:47:45,collab-v1.2,False,2025-12-27 01:47:45,2025-12-27 01:47:45
3354,860,228,2026-04-12 02:29:42,content-based-v2.0,False,2026-04-12 02:29:42,2026-04-12 02:29:42
3355,604,353,2026-04-12 05:47:33,content-based-v2.0,False,2026-04-12 05:47:33,2026-04-12 05:47:33
3356,803,473,2025-07-13 19:02:59,collab-v1.3,False,2025-07-13 19:02:59,2025-07-13 19:02:59
3357,98,66,2025-10-18 01:42:02,content-based-v2.0,False,2025-10-18 01:42:02,2025-10-18 01:42:02
3358,100,559,2026-02-27 19:42:13,collab-v1.2,False,2026-02-27 19:42:13,2026-02-27 19:42:13
3359,432,205,2025-11-08 13:03:09,collab-v1.3,False,2025-11-08 13:03:09,2025-11-08 13:03:09
3360,865,337,2026-05-02 10:12:09,collab-v1.3,False,2026-05-02 10:12:09,2026-05-02 10:12:09
3361,461,232,2026-04-01 21:09:22,hybrid-v1.0,False,2026-04-01 21:09:22,2026-04-01 21:09:22
3362,140,536,2025-12-26 21:01:18,collab-v1.3,True,2025-12-26 21:01:18,2025-12-26 21:01:18
3363,443,240,2026-05-14 20:30:34,hybrid-v1.0,False,2026-05-14 20:30:34,2026-05-14 20:30:34
3364,374,545,2026-04-25 10:45:49,hybrid-v1.0,False,2026-04-25 10:45:49,2026-04-25 10:45:49
3365,210,395,2025-06-23 22:35:42,content-based-v2.0,False,2025-06-23 22:35:42,2025-06-23 22:35:42
3366,763,21,2025-09-02 07:26:39,content-based-v2.0,False,2025-09-02 07:26:39,2025-09-02 07:26:39
3367,422,77,2026-04-01 21:26:27,collab-v1.2,False,2026-04-01 21:26:27,2026-04-01 21:26:27
3368,801,304,2025-09-20 23:32:17,collab-v1.2,False,2025-09-20 23:32:17,2025-09-20 23:32:17
3369,297,440,2025-08-28 01:41:53,hybrid-v1.0,False,2025-08-28 01:41:53,2025-08-28 01:41:53
3370,674,222,2025-07-05 05:20:54,content-based-v2.0,False,2025-07-05 05:20:54,2025-07-05 05:20:54
3371,634,61,2025-10-20 02:01:12,content-based-v2.0,False,2025-10-20 02:01:12,2025-10-20 02:01:12
3372,434,124,2025-06-12 22:20:55,collab-v1.3,False,2025-06-12 22:20:55,2025-06-12 22:20:55
3373,19,45,2025-09-29 01:16:22,content-based-v2.0,True,2025-09-29 01:16:22,2025-09-29 01:16:22
3374,270,61,2026-04-22 11:34:38,collab-v1.2,True,2026-04-22 11:34:38,2026-04-22 11:34:38
3375,601,397,2025-11-12 18:17:58,collab-v1.2,False,2025-11-12 18:17:58,2025-11-12 18:17:58
3376,36,80,2026-04-03 23:04:16,content-based-v2.0,False,2026-04-03 23:04:16,2026-04-03 23:04:16
3377,247,553,2026-04-03 00:37:58,collab-v1.3,False,2026-04-03 00:37:58,2026-04-03 00:37:58
3378,837,347,2026-03-22 03:53:13,hybrid-v1.0,False,2026-03-22 03:53:13,2026-03-22 03:53:13
3379,897,265,2026-01-08 21:07:06,collab-v1.2,False,2026-01-08 21:07:06,2026-01-08 21:07:06
3380,886,400,2025-08-22 19:00:15,collab-v1.2,False,2025-08-22 19:00:15,2025-08-22 19:00:15
3381,438,446,2026-01-11 07:54:36,collab-v1.2,False,2026-01-11 07:54:36,2026-01-11 07:54:36
3382,785,78,2025-06-29 12:32:23,collab-v1.3,False,2025-06-29 12:32:23,2025-06-29 12:32:23
3383,934,446,2025-06-25 04:30:59,content-based-v2.0,True,2025-06-25 04:30:59,2025-06-25 04:30:59
3384,751,156,2026-03-03 11:37:38,collab-v1.2,False,2026-03-03 11:37:38,2026-03-03 11:37:38
3385,128,242,2025-06-16 12:29:30,collab-v1.2,False,2025-06-16 12:29:30,2025-06-16 12:29:30
3386,182,455,2025-09-09 13:01:09,content-based-v2.0,False,2025-09-09 13:01:09,2025-09-09 13:01:09
3387,670,571,2025-08-25 03:51:32,collab-v1.2,False,2025-08-25 03:51:32,2025-08-25 03:51:32
3388,659,492,2025-07-03 08:47:54,hybrid-v1.0,False,2025-07-03 08:47:54,2025-07-03 08:47:54
3389,117,173,2026-04-29 20:25:10,content-based-v2.0,False,2026-04-29 20:25:10,2026-04-29 20:25:10
3390,277,569,2026-03-14 13:03:45,hybrid-v1.0,False,2026-03-14 13:03:45,2026-03-14 13:03:45
3391,96,35,2026-04-16 22:10:48,collab-v1.3,True,2026-04-16 22:10:48,2026-04-16 22:10:48
3392,794,46,2025-08-25 18:36:03,hybrid-v1.0,False,2025-08-25 18:36:03,2025-08-25 18:36:03
3393,189,36,2026-04-21 19:38:16,content-based-v2.0,False,2026-04-21 19:38:16,2026-04-21 19:38:16
3394,857,135,2025-12-02 02:05:42,hybrid-v1.0,False,2025-12-02 02:05:42,2025-12-02 02:05:42
3395,73,378,2026-02-16 19:12:13,collab-v1.3,True,2026-02-16 19:12:13,2026-02-16 19:12:13
3396,467,224,2026-03-02 12:31:01,collab-v1.3,False,2026-03-02 12:31:01,2026-03-02 12:31:01
3397,597,460,2025-10-30 06:57:52,content-based-v2.0,True,2025-10-30 06:57:52,2025-10-30 06:57:52
3398,611,590,2025-11-09 13:37:57,content-based-v2.0,True,2025-11-09 13:37:57,2025-11-09 13:37:57
3399,719,564,2026-05-25 16:41:01,hybrid-v1.0,True,2026-05-25 16:41:01,2026-05-25 16:41:01
3400,565,4,2025-06-09 23:51:25,hybrid-v1.0,True,2025-06-09 23:51:25,2025-06-09 23:51:25
3401,787,528,2025-10-20 02:29:27,content-based-v2.0,False,2025-10-20 02:29:27,2025-10-20 02:29:27
3402,376,424,2025-09-29 03:25:11,content-based-v2.0,True,2025-09-29 03:25:11,2025-09-29 03:25:11
3403,991,133,2025-12-08 15:02:09,hybrid-v1.0,False,2025-12-08 15:02:09,2025-12-08 15:02:09
3404,495,342,2025-08-05 22:29:39,hybrid-v1.0,False,2025-08-05 22:29:39,2025-08-05 22:29:39
3405,980,395,2025-10-17 05:20:04,hybrid-v1.0,False,2025-10-17 05:20:04,2025-10-17 05:20:04
3406,701,51,2025-08-21 10:27:45,content-based-v2.0,False,2025-08-21 10:27:45,2025-08-21 10:27:45
3407,161,557,2025-08-18 21:00:28,content-based-v2.0,False,2025-08-18 21:00:28,2025-08-18 21:00:28
3408,317,502,2026-02-15 05:53:20,collab-v1.3,False,2026-02-15 05:53:20,2026-02-15 05:53:20
3409,779,53,2026-03-28 07:25:13,hybrid-v1.0,False,2026-03-28 07:25:13,2026-03-28 07:25:13
3410,838,82,2025-09-18 06:26:10,collab-v1.2,False,2025-09-18 06:26:10,2025-09-18 06:26:10
3411,73,309,2025-08-20 18:21:01,collab-v1.3,False,2025-08-20 18:21:01,2025-08-20 18:21:01
3412,610,70,2025-10-11 10:16:17,collab-v1.2,False,2025-10-11 10:16:17,2025-10-11 10:16:17
3413,368,24,2025-10-10 17:33:50,hybrid-v1.0,False,2025-10-10 17:33:50,2025-10-10 17:33:50
3414,487,319,2025-09-21 07:31:57,collab-v1.3,False,2025-09-21 07:31:57,2025-09-21 07:31:57
3415,52,5,2025-12-26 18:18:03,content-based-v2.0,False,2025-12-26 18:18:03,2025-12-26 18:18:03
3416,70,175,2026-05-29 12:25:57,collab-v1.3,False,2026-05-29 12:25:57,2026-05-29 12:25:57
3417,405,271,2025-11-30 18:50:51,content-based-v2.0,False,2025-11-30 18:50:51,2025-11-30 18:50:51
3418,330,328,2025-07-18 18:39:07,content-based-v2.0,False,2025-07-18 18:39:07,2025-07-18 18:39:07
3419,50,246,2026-05-09 23:36:23,collab-v1.3,False,2026-05-09 23:36:23,2026-05-09 23:36:23
3420,484,430,2025-09-11 08:10:00,hybrid-v1.0,False,2025-09-11 08:10:00,2025-09-11 08:10:00
3421,420,237,2026-04-27 02:44:30,collab-v1.3,False,2026-04-27 02:44:30,2026-04-27 02:44:30
3422,17,328,2025-07-30 15:30:58,collab-v1.3,False,2025-07-30 15:30:58,2025-07-30 15:30:58
3423,653,591,2026-01-15 10:42:25,collab-v1.3,False,2026-01-15 10:42:25,2026-01-15 10:42:25
3424,982,320,2025-11-11 09:21:23,content-based-v2.0,False,2025-11-11 09:21:23,2025-11-11 09:21:23
3425,186,170,2026-05-08 22:53:20,collab-v1.2,False,2026-05-08 22:53:20,2026-05-08 22:53:20
3426,168,493,2025-10-16 01:56:49,collab-v1.2,False,2025-10-16 01:56:49,2025-10-16 01:56:49
3427,322,206,2026-05-19 03:25:38,collab-v1.3,True,2026-05-19 03:25:38,2026-05-19 03:25:38
3428,549,89,2026-02-08 19:54:41,collab-v1.2,False,2026-02-08 19:54:41,2026-02-08 19:54:41
3429,805,411,2026-03-07 09:47:48,collab-v1.3,False,2026-03-07 09:47:48,2026-03-07 09:47:48
3430,377,186,2026-04-24 09:09:57,content-based-v2.0,False,2026-04-24 09:09:57,2026-04-24 09:09:57
3431,4,340,2025-06-16 09:24:17,collab-v1.3,False,2025-06-16 09:24:17,2025-06-16 09:24:17
3432,728,512,2026-05-05 18:01:33,hybrid-v1.0,False,2026-05-05 18:01:33,2026-05-05 18:01:33
3433,902,533,2025-10-16 04:52:18,content-based-v2.0,False,2025-10-16 04:52:18,2025-10-16 04:52:18
3434,785,488,2026-02-21 07:09:57,hybrid-v1.0,False,2026-02-21 07:09:57,2026-02-21 07:09:57
3435,433,309,2025-11-28 18:48:36,collab-v1.2,False,2025-11-28 18:48:36,2025-11-28 18:48:36
3436,142,241,2025-08-25 00:31:30,content-based-v2.0,False,2025-08-25 00:31:30,2025-08-25 00:31:30
3437,666,161,2025-11-30 09:49:25,hybrid-v1.0,False,2025-11-30 09:49:25,2025-11-30 09:49:25
3438,907,7,2026-01-24 18:17:32,collab-v1.3,False,2026-01-24 18:17:32,2026-01-24 18:17:32
3439,326,591,2026-05-11 03:10:14,content-based-v2.0,False,2026-05-11 03:10:14,2026-05-11 03:10:14
3440,268,40,2026-04-20 23:51:45,collab-v1.3,False,2026-04-20 23:51:45,2026-04-20 23:51:45
3441,563,266,2025-09-16 02:32:42,collab-v1.2,False,2025-09-16 02:32:42,2025-09-16 02:32:42
3442,137,410,2025-08-30 10:06:56,hybrid-v1.0,False,2025-08-30 10:06:56,2025-08-30 10:06:56
3443,493,171,2025-09-05 23:53:51,hybrid-v1.0,False,2025-09-05 23:53:51,2025-09-05 23:53:51
3444,294,543,2025-12-11 23:56:37,collab-v1.2,False,2025-12-11 23:56:37,2025-12-11 23:56:37
3445,301,42,2025-12-05 21:51:03,content-based-v2.0,False,2025-12-05 21:51:03,2025-12-05 21:51:03
3446,720,459,2025-07-04 04:29:22,collab-v1.3,False,2025-07-04 04:29:22,2025-07-04 04:29:22
3447,83,213,2026-01-18 02:08:30,content-based-v2.0,False,2026-01-18 02:08:30,2026-01-18 02:08:30
3448,971,41,2025-12-02 14:13:19,content-based-v2.0,False,2025-12-02 14:13:19,2025-12-02 14:13:19
3449,193,526,2026-01-25 12:10:19,collab-v1.2,False,2026-01-25 12:10:19,2026-01-25 12:10:19
3450,154,42,2026-04-19 05:44:12,collab-v1.3,False,2026-04-19 05:44:12,2026-04-19 05:44:12
3451,938,89,2025-08-11 23:13:04,collab-v1.2,False,2025-08-11 23:13:04,2025-08-11 23:13:04
3452,147,104,2026-03-26 08:42:54,hybrid-v1.0,False,2026-03-26 08:42:54,2026-03-26 08:42:54
3453,234,142,2026-05-10 02:39:52,hybrid-v1.0,True,2026-05-10 02:39:52,2026-05-10 02:39:52
3454,266,363,2025-11-12 12:20:17,hybrid-v1.0,False,2025-11-12 12:20:17,2025-11-12 12:20:17
3455,423,149,2026-02-05 06:18:31,collab-v1.3,False,2026-02-05 06:18:31,2026-02-05 06:18:31
3456,437,90,2026-03-29 16:27:28,collab-v1.2,False,2026-03-29 16:27:28,2026-03-29 16:27:28
3457,729,159,2025-08-13 14:49:34,collab-v1.2,False,2025-08-13 14:49:34,2025-08-13 14:49:34
3458,101,313,2026-01-10 13:30:17,collab-v1.3,False,2026-01-10 13:30:17,2026-01-10 13:30:17
3459,273,395,2025-08-26 06:22:21,hybrid-v1.0,False,2025-08-26 06:22:21,2025-08-26 06:22:21
3460,880,244,2026-01-28 15:07:09,collab-v1.3,False,2026-01-28 15:07:09,2026-01-28 15:07:09
3461,211,213,2026-05-08 12:15:58,hybrid-v1.0,False,2026-05-08 12:15:58,2026-05-08 12:15:58
3462,533,535,2025-09-01 18:53:03,hybrid-v1.0,False,2025-09-01 18:53:03,2025-09-01 18:53:03
3463,68,496,2025-07-05 15:51:48,collab-v1.3,True,2025-07-05 15:51:48,2025-07-05 15:51:48
3464,699,344,2025-07-09 15:12:31,content-based-v2.0,False,2025-07-09 15:12:31,2025-07-09 15:12:31
3465,8,167,2025-12-25 07:52:23,content-based-v2.0,False,2025-12-25 07:52:23,2025-12-25 07:52:23
3466,412,310,2025-07-17 10:37:42,collab-v1.2,False,2025-07-17 10:37:42,2025-07-17 10:37:42
3467,987,461,2025-08-07 23:56:01,collab-v1.3,False,2025-08-07 23:56:01,2025-08-07 23:56:01
3468,412,469,2026-02-10 04:01:14,collab-v1.2,True,2026-02-10 04:01:14,2026-02-10 04:01:14
3469,247,344,2025-07-17 23:31:06,collab-v1.2,False,2025-07-17 23:31:06,2025-07-17 23:31:06
3470,726,91,2026-01-10 02:19:58,collab-v1.2,False,2026-01-10 02:19:58,2026-01-10 02:19:58
3471,34,198,2025-12-09 17:12:11,content-based-v2.0,False,2025-12-09 17:12:11,2025-12-09 17:12:11
3472,874,406,2025-08-25 07:31:11,collab-v1.3,True,2025-08-25 07:31:11,2025-08-25 07:31:11
3473,518,246,2025-08-24 10:53:09,content-based-v2.0,False,2025-08-24 10:53:09,2025-08-24 10:53:09
3474,35,139,2026-05-31 21:58:12,hybrid-v1.0,False,2026-05-31 21:58:12,2026-05-31 21:58:12
3475,927,88,2025-11-18 06:26:19,content-based-v2.0,False,2025-11-18 06:26:19,2025-11-18 06:26:19
3476,926,138,2025-10-23 21:19:53,collab-v1.2,False,2025-10-23 21:19:53,2025-10-23 21:19:53
3477,874,267,2025-07-01 04:01:59,collab-v1.2,False,2025-07-01 04:01:59,2025-07-01 04:01:59
3478,467,373,2026-01-06 18:33:30,hybrid-v1.0,False,2026-01-06 18:33:30,2026-01-06 18:33:30
3479,468,530,2025-12-10 00:39:12,content-based-v2.0,True,2025-12-10 00:39:12,2025-12-10 00:39:12
3480,396,29,2026-05-31 00:35:47,hybrid-v1.0,True,2026-05-31 00:35:47,2026-05-31 00:35:47
3481,462,205,2025-06-19 11:00:32,collab-v1.3,False,2025-06-19 11:00:32,2025-06-19 11:00:32
3482,47,164,2026-05-28 04:19:40,hybrid-v1.0,False,2026-05-28 04:19:40,2026-05-28 04:19:40
3483,231,235,2026-03-26 11:28:28,hybrid-v1.0,False,2026-03-26 11:28:28,2026-03-26 11:28:28
3484,724,419,2025-11-08 08:10:01,collab-v1.2,False,2025-11-08 08:10:01,2025-11-08 08:10:01
3485,780,66,2025-07-19 06:14:49,collab-v1.2,False,2025-07-19 06:14:49,2025-07-19 06:14:49
3486,171,419,2026-01-27 15:07:04,hybrid-v1.0,False,2026-01-27 15:07:04,2026-01-27 15:07:04
3487,771,270,2025-12-13 17:41:29,hybrid-v1.0,False,2025-12-13 17:41:29,2025-12-13 17:41:29
3488,976,4,2025-06-15 17:38:30,hybrid-v1.0,False,2025-06-15 17:38:30,2025-06-15 17:38:30
3489,640,218,2025-07-26 05:09:13,hybrid-v1.0,False,2025-07-26 05:09:13,2025-07-26 05:09:13
3490,990,471,2026-05-18 15:33:13,collab-v1.3,False,2026-05-18 15:33:13,2026-05-18 15:33:13
3491,669,163,2026-05-11 06:14:40,collab-v1.2,False,2026-05-11 06:14:40,2026-05-11 06:14:40
3492,42,161,2025-10-28 21:31:39,collab-v1.3,True,2025-10-28 21:31:39,2025-10-28 21:31:39
3493,321,114,2026-03-24 20:56:11,hybrid-v1.0,False,2026-03-24 20:56:11,2026-03-24 20:56:11
3494,408,462,2025-12-17 05:30:12,content-based-v2.0,True,2025-12-17 05:30:12,2025-12-17 05:30:12
3495,841,51,2025-07-22 18:37:10,collab-v1.2,False,2025-07-22 18:37:10,2025-07-22 18:37:10
3496,160,282,2025-10-01 01:03:40,collab-v1.3,False,2025-10-01 01:03:40,2025-10-01 01:03:40
3497,568,255,2025-10-27 04:37:51,hybrid-v1.0,False,2025-10-27 04:37:51,2025-10-27 04:37:51
3498,713,112,2025-06-28 15:38:07,collab-v1.2,False,2025-06-28 15:38:07,2025-06-28 15:38:07
3499,912,38,2025-07-06 06:54:17,collab-v1.2,False,2025-07-06 06:54:17,2025-07-06 06:54:17
3500,968,381,2025-12-20 21:18:59,hybrid-v1.0,False,2025-12-20 21:18:59,2025-12-20 21:18:59
3501,30,581,2026-03-16 08:10:25,hybrid-v1.0,False,2026-03-16 08:10:25,2026-03-16 08:10:25
3502,125,284,2025-12-06 21:12:32,collab-v1.3,False,2025-12-06 21:12:32,2025-12-06 21:12:32
3503,438,61,2026-05-03 12:10:19,collab-v1.3,False,2026-05-03 12:10:19,2026-05-03 12:10:19
3504,232,32,2025-11-11 03:14:04,collab-v1.3,False,2025-11-11 03:14:04,2025-11-11 03:14:04
3505,574,197,2025-08-04 19:32:07,collab-v1.2,False,2025-08-04 19:32:07,2025-08-04 19:32:07
3506,99,421,2025-06-10 22:47:03,collab-v1.2,False,2025-06-10 22:47:03,2025-06-10 22:47:03
3507,420,560,2025-08-22 12:19:53,content-based-v2.0,False,2025-08-22 12:19:53,2025-08-22 12:19:53
3508,953,394,2025-09-14 07:50:34,content-based-v2.0,False,2025-09-14 07:50:34,2025-09-14 07:50:34
3509,95,263,2026-05-15 18:22:30,collab-v1.2,False,2026-05-15 18:22:30,2026-05-15 18:22:30
3510,613,448,2025-10-24 02:17:58,collab-v1.2,False,2025-10-24 02:17:58,2025-10-24 02:17:58
3511,961,174,2026-04-29 04:11:26,collab-v1.2,False,2026-04-29 04:11:26,2026-04-29 04:11:26
3512,768,374,2025-08-08 00:16:47,collab-v1.3,False,2025-08-08 00:16:47,2025-08-08 00:16:47
3513,747,454,2026-02-04 05:52:15,content-based-v2.0,True,2026-02-04 05:52:15,2026-02-04 05:52:15
3514,668,142,2026-01-04 21:34:57,collab-v1.2,False,2026-01-04 21:34:57,2026-01-04 21:34:57
3515,820,159,2026-02-13 01:52:14,collab-v1.3,False,2026-02-13 01:52:14,2026-02-13 01:52:14
3516,65,191,2026-01-24 18:11:40,collab-v1.3,False,2026-01-24 18:11:40,2026-01-24 18:11:40
3517,592,406,2025-12-24 02:47:01,hybrid-v1.0,True,2025-12-24 02:47:01,2025-12-24 02:47:01
3518,744,365,2025-12-02 08:07:27,collab-v1.3,False,2025-12-02 08:07:27,2025-12-02 08:07:27
3519,650,558,2025-10-23 20:52:27,collab-v1.2,True,2025-10-23 20:52:27,2025-10-23 20:52:27
3520,703,159,2026-04-10 20:15:37,collab-v1.3,False,2026-04-10 20:15:37,2026-04-10 20:15:37
3521,344,566,2025-07-29 20:55:22,collab-v1.2,False,2025-07-29 20:55:22,2025-07-29 20:55:22
3522,343,580,2025-12-13 15:20:25,content-based-v2.0,False,2025-12-13 15:20:25,2025-12-13 15:20:25
3523,846,411,2025-09-13 21:30:32,collab-v1.3,True,2025-09-13 21:30:32,2025-09-13 21:30:32
3524,613,416,2025-11-09 16:24:02,content-based-v2.0,False,2025-11-09 16:24:02,2025-11-09 16:24:02
3525,985,476,2026-01-30 17:59:58,collab-v1.2,False,2026-01-30 17:59:58,2026-01-30 17:59:58
3526,451,598,2026-01-30 19:31:40,content-based-v2.0,False,2026-01-30 19:31:40,2026-01-30 19:31:40
3527,827,532,2025-07-28 06:53:21,collab-v1.2,False,2025-07-28 06:53:21,2025-07-28 06:53:21
3528,781,393,2025-07-13 22:40:18,hybrid-v1.0,False,2025-07-13 22:40:18,2025-07-13 22:40:18
3529,640,392,2026-03-28 10:05:46,collab-v1.3,False,2026-03-28 10:05:46,2026-03-28 10:05:46
3530,981,285,2026-05-13 18:57:22,content-based-v2.0,False,2026-05-13 18:57:22,2026-05-13 18:57:22
3531,844,490,2025-09-10 10:33:09,collab-v1.2,True,2025-09-10 10:33:09,2025-09-10 10:33:09
3532,338,540,2025-07-29 05:28:12,hybrid-v1.0,False,2025-07-29 05:28:12,2025-07-29 05:28:12
3533,767,432,2026-04-23 03:41:16,collab-v1.2,False,2026-04-23 03:41:16,2026-04-23 03:41:16
3534,277,328,2025-11-02 00:49:46,collab-v1.2,False,2025-11-02 00:49:46,2025-11-02 00:49:46
3535,292,479,2026-02-05 20:53:31,hybrid-v1.0,True,2026-02-05 20:53:31,2026-02-05 20:53:31
3536,356,586,2025-12-25 05:33:14,content-based-v2.0,False,2025-12-25 05:33:14,2025-12-25 05:33:14
3537,557,283,2026-01-18 05:58:33,hybrid-v1.0,False,2026-01-18 05:58:33,2026-01-18 05:58:33
3538,971,84,2025-06-26 20:34:59,collab-v1.2,False,2025-06-26 20:34:59,2025-06-26 20:34:59
3539,979,22,2025-08-11 18:45:14,hybrid-v1.0,False,2025-08-11 18:45:14,2025-08-11 18:45:14
3540,17,137,2025-11-08 22:34:34,content-based-v2.0,False,2025-11-08 22:34:34,2025-11-08 22:34:34
3541,678,160,2026-05-21 21:01:08,hybrid-v1.0,False,2026-05-21 21:01:08,2026-05-21 21:01:08
3542,876,287,2025-10-22 17:50:59,hybrid-v1.0,False,2025-10-22 17:50:59,2025-10-22 17:50:59
3543,90,496,2026-05-11 04:05:53,collab-v1.2,False,2026-05-11 04:05:53,2026-05-11 04:05:53
3544,837,130,2025-09-15 15:08:37,content-based-v2.0,False,2025-09-15 15:08:37,2025-09-15 15:08:37
3545,4,449,2026-05-11 23:07:48,collab-v1.2,False,2026-05-11 23:07:48,2026-05-11 23:07:48
3546,106,454,2026-03-19 05:37:43,hybrid-v1.0,False,2026-03-19 05:37:43,2026-03-19 05:37:43
3547,686,312,2026-03-27 02:02:07,content-based-v2.0,False,2026-03-27 02:02:07,2026-03-27 02:02:07
3548,381,488,2026-04-20 19:07:57,collab-v1.3,False,2026-04-20 19:07:57,2026-04-20 19:07:57
3549,292,472,2026-02-26 10:19:01,collab-v1.2,False,2026-02-26 10:19:01,2026-02-26 10:19:01
3550,93,65,2026-02-20 05:45:53,hybrid-v1.0,True,2026-02-20 05:45:53,2026-02-20 05:45:53
3551,53,401,2025-07-26 17:03:59,hybrid-v1.0,False,2025-07-26 17:03:59,2025-07-26 17:03:59
3552,305,156,2025-10-23 09:58:50,collab-v1.2,False,2025-10-23 09:58:50,2025-10-23 09:58:50
3553,586,148,2026-02-15 04:09:52,collab-v1.3,False,2026-02-15 04:09:52,2026-02-15 04:09:52
3554,36,257,2025-08-23 18:58:12,collab-v1.2,False,2025-08-23 18:58:12,2025-08-23 18:58:12
3555,664,117,2026-05-17 02:46:55,content-based-v2.0,False,2026-05-17 02:46:55,2026-05-17 02:46:55
3556,841,169,2025-08-13 20:19:44,hybrid-v1.0,False,2025-08-13 20:19:44,2025-08-13 20:19:44
3557,935,140,2025-11-04 02:42:12,hybrid-v1.0,True,2025-11-04 02:42:12,2025-11-04 02:42:12
3558,155,399,2026-05-12 07:14:40,hybrid-v1.0,False,2026-05-12 07:14:40,2026-05-12 07:14:40
3559,562,489,2026-03-16 23:55:02,content-based-v2.0,False,2026-03-16 23:55:02,2026-03-16 23:55:02
3560,668,520,2025-11-03 09:26:34,collab-v1.2,False,2025-11-03 09:26:34,2025-11-03 09:26:34
3561,443,427,2026-03-06 16:15:12,collab-v1.2,True,2026-03-06 16:15:12,2026-03-06 16:15:12
3562,731,27,2025-06-26 16:44:10,collab-v1.3,False,2025-06-26 16:44:10,2025-06-26 16:44:10
3563,678,259,2026-02-27 08:20:42,collab-v1.3,True,2026-02-27 08:20:42,2026-02-27 08:20:42
3564,903,311,2026-04-01 05:08:53,content-based-v2.0,True,2026-04-01 05:08:53,2026-04-01 05:08:53
3565,951,248,2026-03-18 05:43:27,collab-v1.2,False,2026-03-18 05:43:27,2026-03-18 05:43:27
3566,523,105,2025-10-25 04:49:16,collab-v1.2,False,2025-10-25 04:49:16,2025-10-25 04:49:16
3567,672,23,2026-05-11 14:30:12,content-based-v2.0,False,2026-05-11 14:30:12,2026-05-11 14:30:12
3568,278,72,2026-02-25 23:16:36,content-based-v2.0,False,2026-02-25 23:16:36,2026-02-25 23:16:36
3569,909,119,2026-04-02 20:41:12,content-based-v2.0,True,2026-04-02 20:41:12,2026-04-02 20:41:12
3570,718,216,2025-10-09 10:07:43,collab-v1.2,False,2025-10-09 10:07:43,2025-10-09 10:07:43
3571,115,598,2026-05-11 22:36:21,content-based-v2.0,False,2026-05-11 22:36:21,2026-05-11 22:36:21
3572,275,24,2026-05-27 17:14:17,hybrid-v1.0,False,2026-05-27 17:14:17,2026-05-27 17:14:17
3573,241,298,2025-08-20 17:16:58,collab-v1.2,False,2025-08-20 17:16:58,2025-08-20 17:16:58
3574,919,353,2025-07-24 03:49:03,hybrid-v1.0,False,2025-07-24 03:49:03,2025-07-24 03:49:03
3575,855,192,2025-11-20 09:30:25,content-based-v2.0,False,2025-11-20 09:30:25,2025-11-20 09:30:25
3576,620,140,2025-10-13 06:31:34,hybrid-v1.0,False,2025-10-13 06:31:34,2025-10-13 06:31:34
3577,365,342,2025-08-28 12:59:00,collab-v1.3,True,2025-08-28 12:59:00,2025-08-28 12:59:00
3578,227,10,2025-10-24 03:52:46,content-based-v2.0,False,2025-10-24 03:52:46,2025-10-24 03:52:46
3579,853,530,2026-02-27 17:35:33,collab-v1.3,False,2026-02-27 17:35:33,2026-02-27 17:35:33
3580,594,178,2025-10-28 19:51:24,collab-v1.3,False,2025-10-28 19:51:24,2025-10-28 19:51:24
3581,386,453,2025-07-30 15:53:05,collab-v1.2,False,2025-07-30 15:53:05,2025-07-30 15:53:05
3582,442,219,2025-12-13 23:13:49,hybrid-v1.0,True,2025-12-13 23:13:49,2025-12-13 23:13:49
3583,572,176,2026-01-14 11:36:19,collab-v1.3,False,2026-01-14 11:36:19,2026-01-14 11:36:19
3584,402,329,2025-07-19 21:44:32,collab-v1.2,False,2025-07-19 21:44:32,2025-07-19 21:44:32
3585,677,335,2025-11-11 01:20:04,hybrid-v1.0,True,2025-11-11 01:20:04,2025-11-11 01:20:04
3586,470,340,2026-02-11 16:07:16,content-based-v2.0,False,2026-02-11 16:07:16,2026-02-11 16:07:16
3587,960,592,2026-01-17 19:18:40,hybrid-v1.0,False,2026-01-17 19:18:40,2026-01-17 19:18:40
3588,32,434,2026-05-27 12:03:54,collab-v1.2,False,2026-05-27 12:03:54,2026-05-27 12:03:54
3589,829,480,2025-08-31 06:39:03,collab-v1.3,False,2025-08-31 06:39:03,2025-08-31 06:39:03
3590,452,499,2025-08-14 08:47:23,hybrid-v1.0,False,2025-08-14 08:47:23,2025-08-14 08:47:23
3591,110,394,2025-06-22 20:16:36,collab-v1.2,True,2025-06-22 20:16:36,2025-06-22 20:16:36
3592,905,195,2026-03-03 22:23:58,hybrid-v1.0,False,2026-03-03 22:23:58,2026-03-03 22:23:58
3593,671,76,2025-07-29 10:03:48,collab-v1.3,True,2025-07-29 10:03:48,2025-07-29 10:03:48
3594,808,293,2026-02-20 13:43:46,content-based-v2.0,False,2026-02-20 13:43:46,2026-02-20 13:43:46
3595,742,395,2026-04-08 11:48:53,content-based-v2.0,False,2026-04-08 11:48:53,2026-04-08 11:48:53
3596,251,111,2025-07-24 03:22:33,collab-v1.3,False,2025-07-24 03:22:33,2025-07-24 03:22:33
3597,401,155,2025-08-25 13:03:19,hybrid-v1.0,False,2025-08-25 13:03:19,2025-08-25 13:03:19
3598,189,213,2026-01-19 17:37:03,hybrid-v1.0,False,2026-01-19 17:37:03,2026-01-19 17:37:03
3599,952,324,2025-11-14 02:23:29,hybrid-v1.0,False,2025-11-14 02:23:29,2025-11-14 02:23:29
3600,465,374,2025-11-23 00:39:36,hybrid-v1.0,False,2025-11-23 00:39:36,2025-11-23 00:39:36
3601,564,156,2025-09-29 18:29:22,content-based-v2.0,False,2025-09-29 18:29:22,2025-09-29 18:29:22
3602,387,596,2025-11-13 21:53:10,hybrid-v1.0,False,2025-11-13 21:53:10,2025-11-13 21:53:10
3603,853,128,2026-03-28 09:10:53,hybrid-v1.0,False,2026-03-28 09:10:53,2026-03-28 09:10:53
3604,172,474,2025-12-19 01:03:15,hybrid-v1.0,False,2025-12-19 01:03:15,2025-12-19 01:03:15
3605,842,73,2025-09-05 18:04:45,content-based-v2.0,True,2025-09-05 18:04:45,2025-09-05 18:04:45
3606,444,257,2025-06-08 10:39:06,content-based-v2.0,False,2025-06-08 10:39:06,2025-06-08 10:39:06
3607,412,287,2025-09-13 13:14:58,collab-v1.3,False,2025-09-13 13:14:58,2025-09-13 13:14:58
3608,899,364,2025-10-09 03:35:16,content-based-v2.0,False,2025-10-09 03:35:16,2025-10-09 03:35:16
3609,867,467,2026-04-20 02:20:03,hybrid-v1.0,False,2026-04-20 02:20:03,2026-04-20 02:20:03
3610,658,183,2026-02-11 08:13:02,collab-v1.3,False,2026-02-11 08:13:02,2026-02-11 08:13:02
3611,634,335,2025-07-09 05:13:34,collab-v1.2,False,2025-07-09 05:13:34,2025-07-09 05:13:34
3612,80,102,2025-09-20 21:40:44,content-based-v2.0,False,2025-09-20 21:40:44,2025-09-20 21:40:44
3613,207,88,2025-11-21 08:20:28,collab-v1.2,True,2025-11-21 08:20:28,2025-11-21 08:20:28
3614,492,180,2026-01-24 03:03:30,hybrid-v1.0,True,2026-01-24 03:03:30,2026-01-24 03:03:30
3615,313,79,2025-09-01 22:42:29,collab-v1.3,False,2025-09-01 22:42:29,2025-09-01 22:42:29
3616,17,129,2026-03-26 11:28:02,collab-v1.3,False,2026-03-26 11:28:02,2026-03-26 11:28:02
3617,784,232,2025-12-06 21:03:42,content-based-v2.0,True,2025-12-06 21:03:42,2025-12-06 21:03:42
3618,848,205,2026-02-16 21:07:45,collab-v1.3,True,2026-02-16 21:07:45,2026-02-16 21:07:45
3619,767,125,2026-01-30 03:33:45,content-based-v2.0,False,2026-01-30 03:33:45,2026-01-30 03:33:45
3620,956,396,2025-10-07 23:23:57,collab-v1.2,False,2025-10-07 23:23:57,2025-10-07 23:23:57
3621,269,436,2025-09-21 00:08:31,collab-v1.3,False,2025-09-21 00:08:31,2025-09-21 00:08:31
3622,35,519,2026-01-13 23:29:27,collab-v1.2,False,2026-01-13 23:29:27,2026-01-13 23:29:27
3623,454,427,2025-11-23 10:20:23,hybrid-v1.0,False,2025-11-23 10:20:23,2025-11-23 10:20:23
3624,584,92,2025-08-04 15:00:52,collab-v1.3,False,2025-08-04 15:00:52,2025-08-04 15:00:52
3625,616,364,2025-07-08 05:00:11,collab-v1.2,False,2025-07-08 05:00:11,2025-07-08 05:00:11
3626,689,458,2026-03-11 15:23:23,content-based-v2.0,True,2026-03-11 15:23:23,2026-03-11 15:23:23
3627,784,16,2026-03-15 20:35:12,hybrid-v1.0,False,2026-03-15 20:35:12,2026-03-15 20:35:12
3628,925,420,2025-08-06 18:32:33,collab-v1.2,True,2025-08-06 18:32:33,2025-08-06 18:32:33
3629,824,468,2026-03-10 20:19:14,content-based-v2.0,True,2026-03-10 20:19:14,2026-03-10 20:19:14
3630,248,119,2025-09-28 13:09:00,collab-v1.3,False,2025-09-28 13:09:00,2025-09-28 13:09:00
3631,623,453,2025-10-03 11:31:25,collab-v1.3,False,2025-10-03 11:31:25,2025-10-03 11:31:25
3632,61,535,2026-02-09 15:13:55,hybrid-v1.0,False,2026-02-09 15:13:55,2026-02-09 15:13:55
3633,312,43,2026-05-15 11:48:35,content-based-v2.0,False,2026-05-15 11:48:35,2026-05-15 11:48:35
3634,358,521,2026-03-15 13:13:40,collab-v1.3,False,2026-03-15 13:13:40,2026-03-15 13:13:40
3635,372,13,2026-03-11 13:57:34,content-based-v2.0,False,2026-03-11 13:57:34,2026-03-11 13:57:34
3636,134,292,2025-10-14 04:27:44,collab-v1.2,False,2025-10-14 04:27:44,2025-10-14 04:27:44
3637,224,165,2026-01-18 02:32:02,collab-v1.2,False,2026-01-18 02:32:02,2026-01-18 02:32:02
3638,5,445,2025-08-23 15:31:33,collab-v1.3,False,2025-08-23 15:31:33,2025-08-23 15:31:33
3639,283,333,2025-08-30 15:28:14,hybrid-v1.0,False,2025-08-30 15:28:14,2025-08-30 15:28:14
3640,109,35,2025-12-27 22:44:54,collab-v1.2,False,2025-12-27 22:44:54,2025-12-27 22:44:54
3641,199,503,2025-11-01 04:31:57,collab-v1.2,False,2025-11-01 04:31:57,2025-11-01 04:31:57
3642,615,576,2025-07-29 09:00:57,collab-v1.3,False,2025-07-29 09:00:57,2025-07-29 09:00:57
3643,253,137,2025-09-06 19:19:33,hybrid-v1.0,False,2025-09-06 19:19:33,2025-09-06 19:19:33
3644,233,534,2025-07-04 21:15:43,content-based-v2.0,False,2025-07-04 21:15:43,2025-07-04 21:15:43
3645,58,390,2025-08-09 10:56:58,hybrid-v1.0,False,2025-08-09 10:56:58,2025-08-09 10:56:58
3646,906,477,2026-02-23 01:17:09,collab-v1.2,False,2026-02-23 01:17:09,2026-02-23 01:17:09
3647,213,597,2026-03-02 12:44:20,hybrid-v1.0,False,2026-03-02 12:44:20,2026-03-02 12:44:20
3648,485,376,2025-11-15 09:48:50,collab-v1.3,True,2025-11-15 09:48:50,2025-11-15 09:48:50
3649,26,520,2025-08-27 14:06:25,hybrid-v1.0,False,2025-08-27 14:06:25,2025-08-27 14:06:25
3650,904,207,2026-04-07 11:34:45,hybrid-v1.0,False,2026-04-07 11:34:45,2026-04-07 11:34:45
3651,680,391,2025-09-08 21:43:55,content-based-v2.0,False,2025-09-08 21:43:55,2025-09-08 21:43:55
3652,368,175,2025-12-28 06:32:10,content-based-v2.0,False,2025-12-28 06:32:10,2025-12-28 06:32:10
3653,137,57,2025-12-21 15:32:56,content-based-v2.0,False,2025-12-21 15:32:56,2025-12-21 15:32:56
3654,295,55,2025-06-21 07:23:17,collab-v1.3,False,2025-06-21 07:23:17,2025-06-21 07:23:17
3655,446,286,2025-08-22 10:26:00,collab-v1.3,False,2025-08-22 10:26:00,2025-08-22 10:26:00
3656,862,15,2025-09-04 07:14:17,collab-v1.3,False,2025-09-04 07:14:17,2025-09-04 07:14:17
3657,265,10,2025-08-31 10:36:59,collab-v1.2,True,2025-08-31 10:36:59,2025-08-31 10:36:59
3658,387,236,2025-09-04 10:26:21,hybrid-v1.0,False,2025-09-04 10:26:21,2025-09-04 10:26:21
3659,405,57,2026-01-30 16:20:00,hybrid-v1.0,False,2026-01-30 16:20:00,2026-01-30 16:20:00
3660,547,28,2025-12-13 10:29:34,collab-v1.2,False,2025-12-13 10:29:34,2025-12-13 10:29:34
3661,643,477,2025-12-19 23:51:27,content-based-v2.0,False,2025-12-19 23:51:27,2025-12-19 23:51:27
3662,12,113,2025-11-11 15:01:45,collab-v1.3,False,2025-11-11 15:01:45,2025-11-11 15:01:45
3663,649,464,2025-07-28 19:27:01,collab-v1.3,False,2025-07-28 19:27:01,2025-07-28 19:27:01
3664,559,443,2026-04-14 20:24:57,hybrid-v1.0,False,2026-04-14 20:24:57,2026-04-14 20:24:57
3665,713,110,2026-05-16 07:39:27,collab-v1.3,False,2026-05-16 07:39:27,2026-05-16 07:39:27
3666,208,274,2025-09-09 09:49:39,content-based-v2.0,False,2025-09-09 09:49:39,2025-09-09 09:49:39
3667,967,1,2025-06-23 10:21:19,collab-v1.2,False,2025-06-23 10:21:19,2025-06-23 10:21:19
3668,589,24,2025-11-24 21:01:21,collab-v1.2,False,2025-11-24 21:01:21,2025-11-24 21:01:21
3669,216,96,2026-04-02 01:40:25,hybrid-v1.0,True,2026-04-02 01:40:25,2026-04-02 01:40:25
3670,161,106,2025-10-29 10:22:27,collab-v1.3,False,2025-10-29 10:22:27,2025-10-29 10:22:27
3671,127,361,2026-05-30 10:42:08,content-based-v2.0,False,2026-05-30 10:42:08,2026-05-30 10:42:08
3672,972,470,2025-07-23 20:40:15,hybrid-v1.0,False,2025-07-23 20:40:15,2025-07-23 20:40:15
3673,469,121,2026-04-28 23:46:39,collab-v1.2,True,2026-04-28 23:46:39,2026-04-28 23:46:39
3674,590,285,2025-10-30 04:37:00,hybrid-v1.0,False,2025-10-30 04:37:00,2025-10-30 04:37:00
3675,189,57,2025-11-21 20:24:28,content-based-v2.0,False,2025-11-21 20:24:28,2025-11-21 20:24:28
3676,254,412,2026-05-26 23:17:25,content-based-v2.0,False,2026-05-26 23:17:25,2026-05-26 23:17:25
3677,834,209,2025-11-07 05:59:17,collab-v1.3,False,2025-11-07 05:59:17,2025-11-07 05:59:17
3678,861,422,2025-10-20 20:53:17,content-based-v2.0,True,2025-10-20 20:53:17,2025-10-20 20:53:17
3679,635,189,2026-04-03 05:50:37,collab-v1.3,False,2026-04-03 05:50:37,2026-04-03 05:50:37
3680,822,268,2025-06-16 13:28:23,hybrid-v1.0,False,2025-06-16 13:28:23,2025-06-16 13:28:23
3681,943,13,2025-10-11 13:37:50,hybrid-v1.0,False,2025-10-11 13:37:50,2025-10-11 13:37:50
3682,859,489,2026-02-18 15:10:39,collab-v1.3,False,2026-02-18 15:10:39,2026-02-18 15:10:39
3683,40,344,2026-03-06 03:23:53,collab-v1.2,False,2026-03-06 03:23:53,2026-03-06 03:23:53
3684,181,307,2026-01-15 09:28:04,hybrid-v1.0,False,2026-01-15 09:28:04,2026-01-15 09:28:04
3685,430,107,2025-10-17 02:23:51,hybrid-v1.0,False,2025-10-17 02:23:51,2025-10-17 02:23:51
3686,403,484,2025-07-06 11:46:26,hybrid-v1.0,False,2025-07-06 11:46:26,2025-07-06 11:46:26
3687,209,66,2025-12-09 02:14:46,hybrid-v1.0,False,2025-12-09 02:14:46,2025-12-09 02:14:46
3688,666,588,2026-01-12 23:07:26,collab-v1.3,True,2026-01-12 23:07:26,2026-01-12 23:07:26
3689,698,517,2025-10-14 09:09:31,collab-v1.3,False,2025-10-14 09:09:31,2025-10-14 09:09:31
3690,546,298,2025-08-02 19:08:29,content-based-v2.0,False,2025-08-02 19:08:29,2025-08-02 19:08:29
3691,158,135,2026-05-17 21:04:38,hybrid-v1.0,True,2026-05-17 21:04:38,2026-05-17 21:04:38
3692,642,343,2025-07-31 09:18:27,collab-v1.2,False,2025-07-31 09:18:27,2025-07-31 09:18:27
3693,591,103,2025-09-25 17:32:44,collab-v1.3,False,2025-09-25 17:32:44,2025-09-25 17:32:44
3694,992,457,2026-04-07 21:21:35,collab-v1.3,False,2026-04-07 21:21:35,2026-04-07 21:21:35
3695,334,385,2026-01-18 21:33:09,collab-v1.2,False,2026-01-18 21:33:09,2026-01-18 21:33:09
3696,374,585,2025-06-10 05:35:33,collab-v1.2,False,2025-06-10 05:35:33,2025-06-10 05:35:33
3697,182,316,2025-07-01 02:16:59,collab-v1.2,False,2025-07-01 02:16:59,2025-07-01 02:16:59
3698,160,238,2026-04-14 20:07:02,content-based-v2.0,False,2026-04-14 20:07:02,2026-04-14 20:07:02
3699,930,386,2025-08-21 04:28:11,hybrid-v1.0,False,2025-08-21 04:28:11,2025-08-21 04:28:11
3700,510,28,2025-08-10 04:33:39,content-based-v2.0,False,2025-08-10 04:33:39,2025-08-10 04:33:39
3701,903,334,2026-03-13 08:30:52,collab-v1.2,True,2026-03-13 08:30:52,2026-03-13 08:30:52
3702,788,73,2025-12-04 09:02:26,hybrid-v1.0,False,2025-12-04 09:02:26,2025-12-04 09:02:26
3703,60,544,2025-11-01 13:27:57,collab-v1.2,False,2025-11-01 13:27:57,2025-11-01 13:27:57
3704,762,211,2025-07-26 10:04:58,hybrid-v1.0,False,2025-07-26 10:04:58,2025-07-26 10:04:58
3705,285,359,2025-11-04 21:13:37,hybrid-v1.0,False,2025-11-04 21:13:37,2025-11-04 21:13:37
3706,446,383,2025-12-20 11:11:12,hybrid-v1.0,False,2025-12-20 11:11:12,2025-12-20 11:11:12
3707,559,46,2026-05-31 05:12:08,hybrid-v1.0,False,2026-05-31 05:12:08,2026-05-31 05:12:08
3708,467,317,2025-06-20 16:36:21,collab-v1.3,True,2025-06-20 16:36:21,2025-06-20 16:36:21
3709,264,548,2025-12-19 05:36:17,content-based-v2.0,False,2025-12-19 05:36:17,2025-12-19 05:36:17
3710,611,573,2025-10-13 17:09:56,collab-v1.2,False,2025-10-13 17:09:56,2025-10-13 17:09:56
3711,317,252,2025-09-02 21:34:35,hybrid-v1.0,False,2025-09-02 21:34:35,2025-09-02 21:34:35
3712,296,235,2026-01-10 11:07:46,content-based-v2.0,False,2026-01-10 11:07:46,2026-01-10 11:07:46
3713,234,297,2026-04-13 15:34:20,collab-v1.2,False,2026-04-13 15:34:20,2026-04-13 15:34:20
3714,268,140,2026-01-11 03:25:43,collab-v1.3,False,2026-01-11 03:25:43,2026-01-11 03:25:43
3715,950,427,2025-08-07 13:09:01,collab-v1.3,False,2025-08-07 13:09:01,2025-08-07 13:09:01
3716,544,33,2025-06-26 01:35:54,collab-v1.3,False,2025-06-26 01:35:54,2025-06-26 01:35:54
3717,778,97,2025-09-09 06:07:21,hybrid-v1.0,False,2025-09-09 06:07:21,2025-09-09 06:07:21
3718,55,380,2025-08-29 18:05:21,hybrid-v1.0,False,2025-08-29 18:05:21,2025-08-29 18:05:21
3719,802,461,2026-02-23 17:58:36,collab-v1.2,False,2026-02-23 17:58:36,2026-02-23 17:58:36
3720,828,275,2026-03-07 05:18:24,hybrid-v1.0,True,2026-03-07 05:18:24,2026-03-07 05:18:24
3721,782,15,2026-04-05 20:07:34,collab-v1.2,False,2026-04-05 20:07:34,2026-04-05 20:07:34
3722,151,328,2025-08-13 05:15:20,collab-v1.2,False,2025-08-13 05:15:20,2025-08-13 05:15:20
3723,24,350,2025-06-24 10:35:44,content-based-v2.0,False,2025-06-24 10:35:44,2025-06-24 10:35:44
3724,708,43,2025-10-15 19:22:38,content-based-v2.0,False,2025-10-15 19:22:38,2025-10-15 19:22:38
3725,628,235,2026-02-02 12:25:22,collab-v1.3,False,2026-02-02 12:25:22,2026-02-02 12:25:22
3726,195,423,2026-02-19 12:21:44,collab-v1.3,False,2026-02-19 12:21:44,2026-02-19 12:21:44
3727,731,571,2025-08-03 15:43:17,hybrid-v1.0,True,2025-08-03 15:43:17,2025-08-03 15:43:17
3728,177,199,2026-04-30 12:59:37,collab-v1.2,False,2026-04-30 12:59:37,2026-04-30 12:59:37
3729,804,383,2025-09-30 06:11:22,collab-v1.3,False,2025-09-30 06:11:22,2025-09-30 06:11:22
3730,717,182,2025-09-19 06:34:49,content-based-v2.0,False,2025-09-19 06:34:49,2025-09-19 06:34:49
3731,906,388,2026-01-15 14:55:41,collab-v1.3,False,2026-01-15 14:55:41,2026-01-15 14:55:41
3732,252,49,2026-05-06 14:15:20,collab-v1.3,False,2026-05-06 14:15:20,2026-05-06 14:15:20
3733,129,102,2026-02-23 03:47:47,collab-v1.3,False,2026-02-23 03:47:47,2026-02-23 03:47:47
3734,121,170,2025-07-25 06:22:40,content-based-v2.0,True,2025-07-25 06:22:40,2025-07-25 06:22:40
3735,910,236,2026-01-04 17:48:20,hybrid-v1.0,False,2026-01-04 17:48:20,2026-01-04 17:48:20
3736,472,369,2026-01-21 16:52:55,collab-v1.3,False,2026-01-21 16:52:55,2026-01-21 16:52:55
3737,308,19,2026-02-25 15:07:03,content-based-v2.0,False,2026-02-25 15:07:03,2026-02-25 15:07:03
3738,747,106,2025-09-13 06:10:30,content-based-v2.0,False,2025-09-13 06:10:30,2025-09-13 06:10:30
3739,575,171,2025-06-20 15:28:57,collab-v1.3,False,2025-06-20 15:28:57,2025-06-20 15:28:57
3740,478,27,2025-07-30 23:07:25,collab-v1.2,False,2025-07-30 23:07:25,2025-07-30 23:07:25
3741,24,475,2026-02-15 19:57:16,hybrid-v1.0,False,2026-02-15 19:57:16,2026-02-15 19:57:16
3742,896,263,2025-08-30 22:52:37,hybrid-v1.0,False,2025-08-30 22:52:37,2025-08-30 22:52:37
3743,144,105,2025-11-23 20:08:05,collab-v1.2,True,2025-11-23 20:08:05,2025-11-23 20:08:05
3744,118,530,2026-03-01 19:24:56,hybrid-v1.0,True,2026-03-01 19:24:56,2026-03-01 19:24:56
3745,356,313,2025-12-29 21:18:18,collab-v1.3,False,2025-12-29 21:18:18,2025-12-29 21:18:18
3746,718,104,2026-04-26 20:33:38,content-based-v2.0,False,2026-04-26 20:33:38,2026-04-26 20:33:38
3747,461,540,2025-08-27 19:59:50,hybrid-v1.0,True,2025-08-27 19:59:50,2025-08-27 19:59:50
3748,301,167,2025-07-17 12:23:43,content-based-v2.0,False,2025-07-17 12:23:43,2025-07-17 12:23:43
3749,110,521,2025-08-10 08:55:46,content-based-v2.0,False,2025-08-10 08:55:46,2025-08-10 08:55:46
3750,551,160,2026-03-13 18:34:54,content-based-v2.0,False,2026-03-13 18:34:54,2026-03-13 18:34:54
3751,383,410,2025-10-26 00:09:07,content-based-v2.0,True,2025-10-26 00:09:07,2025-10-26 00:09:07
3752,342,132,2025-10-07 16:28:14,collab-v1.3,False,2025-10-07 16:28:14,2025-10-07 16:28:14
3753,160,91,2025-11-12 06:56:57,content-based-v2.0,False,2025-11-12 06:56:57,2025-11-12 06:56:57
3754,854,272,2025-12-24 12:16:50,content-based-v2.0,False,2025-12-24 12:16:50,2025-12-24 12:16:50
3755,506,587,2026-05-18 08:11:28,collab-v1.3,False,2026-05-18 08:11:28,2026-05-18 08:11:28
3756,167,374,2025-07-22 22:28:01,collab-v1.3,False,2025-07-22 22:28:01,2025-07-22 22:28:01
3757,736,2,2026-03-16 09:05:34,collab-v1.2,False,2026-03-16 09:05:34,2026-03-16 09:05:34
3758,377,51,2025-06-16 20:02:43,collab-v1.3,False,2025-06-16 20:02:43,2025-06-16 20:02:43
3759,114,83,2025-11-28 05:35:20,collab-v1.3,True,2025-11-28 05:35:20,2025-11-28 05:35:20
3760,230,164,2026-02-02 05:10:35,collab-v1.2,False,2026-02-02 05:10:35,2026-02-02 05:10:35
3761,423,81,2026-04-07 21:20:50,content-based-v2.0,False,2026-04-07 21:20:50,2026-04-07 21:20:50
3762,996,14,2025-11-10 11:57:02,collab-v1.3,False,2025-11-10 11:57:02,2025-11-10 11:57:02
3763,938,439,2025-06-29 20:33:25,collab-v1.2,True,2025-06-29 20:33:25,2025-06-29 20:33:25
3764,347,124,2026-05-28 00:07:32,content-based-v2.0,True,2026-05-28 00:07:32,2026-05-28 00:07:32
3765,46,447,2025-06-19 16:59:20,collab-v1.2,False,2025-06-19 16:59:20,2025-06-19 16:59:20
3766,197,138,2026-01-13 04:16:24,content-based-v2.0,False,2026-01-13 04:16:24,2026-01-13 04:16:24
3767,318,134,2025-10-23 03:10:44,content-based-v2.0,False,2025-10-23 03:10:44,2025-10-23 03:10:44
3768,721,401,2025-09-26 14:30:53,content-based-v2.0,False,2025-09-26 14:30:53,2025-09-26 14:30:53
3769,906,181,2025-07-24 15:41:37,hybrid-v1.0,False,2025-07-24 15:41:37,2025-07-24 15:41:37
3770,584,196,2025-11-07 23:34:11,collab-v1.3,False,2025-11-07 23:34:11,2025-11-07 23:34:11
3771,362,201,2026-04-19 05:27:51,hybrid-v1.0,False,2026-04-19 05:27:51,2026-04-19 05:27:51
3772,971,106,2025-10-10 16:27:05,collab-v1.2,False,2025-10-10 16:27:05,2025-10-10 16:27:05
3773,903,61,2025-08-22 16:03:06,collab-v1.2,True,2025-08-22 16:03:06,2025-08-22 16:03:06
3774,284,577,2025-07-05 23:57:57,hybrid-v1.0,False,2025-07-05 23:57:57,2025-07-05 23:57:57
3775,979,355,2026-04-13 03:45:46,hybrid-v1.0,True,2026-04-13 03:45:46,2026-04-13 03:45:46
3776,932,582,2025-12-16 13:31:41,hybrid-v1.0,False,2025-12-16 13:31:41,2025-12-16 13:31:41
3777,763,141,2025-10-16 13:47:27,hybrid-v1.0,False,2025-10-16 13:47:27,2025-10-16 13:47:27
3778,567,332,2026-03-09 15:58:15,hybrid-v1.0,False,2026-03-09 15:58:15,2026-03-09 15:58:15
3779,476,107,2026-04-03 22:24:08,content-based-v2.0,False,2026-04-03 22:24:08,2026-04-03 22:24:08
3780,924,156,2025-11-26 16:00:07,collab-v1.2,False,2025-11-26 16:00:07,2025-11-26 16:00:07
3781,40,71,2025-08-19 11:25:11,collab-v1.3,True,2025-08-19 11:25:11,2025-08-19 11:25:11
3782,524,277,2025-09-28 03:10:45,collab-v1.3,False,2025-09-28 03:10:45,2025-09-28 03:10:45
3783,86,560,2025-07-13 09:54:20,collab-v1.2,True,2025-07-13 09:54:20,2025-07-13 09:54:20
3784,738,555,2025-09-18 18:29:10,hybrid-v1.0,True,2025-09-18 18:29:10,2025-09-18 18:29:10
3785,901,590,2025-11-03 11:15:57,hybrid-v1.0,False,2025-11-03 11:15:57,2025-11-03 11:15:57
3786,783,394,2026-02-09 18:19:51,content-based-v2.0,False,2026-02-09 18:19:51,2026-02-09 18:19:51
3787,578,147,2026-03-26 18:28:03,content-based-v2.0,False,2026-03-26 18:28:03,2026-03-26 18:28:03
3788,803,12,2025-11-21 05:26:20,collab-v1.2,False,2025-11-21 05:26:20,2025-11-21 05:26:20
3789,17,59,2025-08-23 06:19:51,hybrid-v1.0,False,2025-08-23 06:19:51,2025-08-23 06:19:51
3790,413,149,2026-01-23 20:32:08,hybrid-v1.0,False,2026-01-23 20:32:08,2026-01-23 20:32:08
3791,492,236,2026-01-16 05:25:50,collab-v1.3,False,2026-01-16 05:25:50,2026-01-16 05:25:50
3792,267,106,2026-02-19 05:25:28,hybrid-v1.0,False,2026-02-19 05:25:28,2026-02-19 05:25:28
3793,219,203,2026-05-24 22:33:19,content-based-v2.0,True,2026-05-24 22:33:19,2026-05-24 22:33:19
3794,539,120,2025-10-20 05:14:10,hybrid-v1.0,False,2025-10-20 05:14:10,2025-10-20 05:14:10
3795,894,557,2026-01-04 12:26:54,collab-v1.3,True,2026-01-04 12:26:54,2026-01-04 12:26:54
3796,704,293,2026-01-24 00:35:46,collab-v1.3,False,2026-01-24 00:35:46,2026-01-24 00:35:46
3797,697,465,2025-09-05 07:21:27,collab-v1.2,False,2025-09-05 07:21:27,2025-09-05 07:21:27
3798,108,331,2025-08-16 10:11:59,hybrid-v1.0,False,2025-08-16 10:11:59,2025-08-16 10:11:59
3799,654,596,2026-01-19 21:24:56,collab-v1.2,False,2026-01-19 21:24:56,2026-01-19 21:24:56
3800,471,139,2025-09-25 00:16:21,content-based-v2.0,False,2025-09-25 00:16:21,2025-09-25 00:16:21
3801,850,499,2025-09-23 07:46:34,collab-v1.2,False,2025-09-23 07:46:34,2025-09-23 07:46:34
3802,885,505,2025-11-25 16:30:51,collab-v1.2,False,2025-11-25 16:30:51,2025-11-25 16:30:51
3803,502,287,2025-07-27 12:07:54,hybrid-v1.0,False,2025-07-27 12:07:54,2025-07-27 12:07:54
3804,214,468,2026-03-04 18:50:30,hybrid-v1.0,False,2026-03-04 18:50:30,2026-03-04 18:50:30
3805,289,57,2026-04-01 01:40:00,hybrid-v1.0,False,2026-04-01 01:40:00,2026-04-01 01:40:00
3806,781,52,2025-12-31 10:04:28,content-based-v2.0,False,2025-12-31 10:04:28,2025-12-31 10:04:28
3807,924,330,2026-02-13 20:30:30,hybrid-v1.0,False,2026-02-13 20:30:30,2026-02-13 20:30:30
3808,986,506,2025-06-27 20:45:06,collab-v1.3,False,2025-06-27 20:45:06,2025-06-27 20:45:06
3809,2,378,2025-12-05 07:15:15,content-based-v2.0,True,2025-12-05 07:15:15,2025-12-05 07:15:15
3810,481,93,2026-03-01 10:57:24,collab-v1.2,False,2026-03-01 10:57:24,2026-03-01 10:57:24
3811,148,279,2025-06-19 00:07:47,content-based-v2.0,False,2025-06-19 00:07:47,2025-06-19 00:07:47
3812,592,280,2025-12-02 00:56:39,content-based-v2.0,False,2025-12-02 00:56:39,2025-12-02 00:56:39
3813,102,185,2026-04-27 16:55:32,collab-v1.3,False,2026-04-27 16:55:32,2026-04-27 16:55:32
3814,794,148,2025-09-18 15:44:26,collab-v1.3,False,2025-09-18 15:44:26,2025-09-18 15:44:26
3815,694,433,2025-11-27 19:27:28,hybrid-v1.0,False,2025-11-27 19:27:28,2025-11-27 19:27:28
3816,485,299,2025-10-02 00:33:39,collab-v1.2,False,2025-10-02 00:33:39,2025-10-02 00:33:39
3817,871,324,2025-07-10 15:17:45,content-based-v2.0,False,2025-07-10 15:17:45,2025-07-10 15:17:45
3818,194,301,2026-04-23 19:18:37,hybrid-v1.0,False,2026-04-23 19:18:37,2026-04-23 19:18:37
3819,197,376,2025-11-24 16:55:20,hybrid-v1.0,True,2025-11-24 16:55:20,2025-11-24 16:55:20
3820,286,419,2025-10-26 21:01:57,collab-v1.3,False,2025-10-26 21:01:57,2025-10-26 21:01:57
3821,517,286,2025-09-16 10:06:04,content-based-v2.0,False,2025-09-16 10:06:04,2025-09-16 10:06:04
3822,132,375,2025-06-21 12:47:17,hybrid-v1.0,False,2025-06-21 12:47:17,2025-06-21 12:47:17
3823,381,341,2025-12-06 04:58:20,hybrid-v1.0,False,2025-12-06 04:58:20,2025-12-06 04:58:20
3824,687,500,2026-05-02 12:50:27,collab-v1.2,False,2026-05-02 12:50:27,2026-05-02 12:50:27
3825,616,487,2026-05-07 23:48:38,collab-v1.2,False,2026-05-07 23:48:38,2026-05-07 23:48:38
3826,823,352,2025-08-16 12:40:08,collab-v1.3,False,2025-08-16 12:40:08,2025-08-16 12:40:08
3827,102,527,2026-01-14 10:50:05,hybrid-v1.0,True,2026-01-14 10:50:05,2026-01-14 10:50:05
3828,4,269,2026-04-17 04:07:27,content-based-v2.0,False,2026-04-17 04:07:27,2026-04-17 04:07:27
3829,460,236,2025-06-28 04:34:43,hybrid-v1.0,True,2025-06-28 04:34:43,2025-06-28 04:34:43
3830,728,410,2025-08-15 03:50:20,collab-v1.3,True,2025-08-15 03:50:20,2025-08-15 03:50:20
3831,190,586,2026-04-06 03:37:59,content-based-v2.0,True,2026-04-06 03:37:59,2026-04-06 03:37:59
3832,566,103,2025-10-29 14:39:56,collab-v1.3,False,2025-10-29 14:39:56,2025-10-29 14:39:56
3833,74,430,2026-04-12 14:01:10,collab-v1.2,True,2026-04-12 14:01:10,2026-04-12 14:01:10
3834,121,458,2026-02-27 20:21:48,content-based-v2.0,False,2026-02-27 20:21:48,2026-02-27 20:21:48
3835,888,380,2025-07-28 05:18:10,collab-v1.3,True,2025-07-28 05:18:10,2025-07-28 05:18:10
3836,118,253,2026-04-10 13:50:53,collab-v1.3,False,2026-04-10 13:50:53,2026-04-10 13:50:53
3837,263,468,2025-07-18 12:35:42,hybrid-v1.0,False,2025-07-18 12:35:42,2025-07-18 12:35:42
3838,871,429,2026-01-14 07:42:05,collab-v1.3,False,2026-01-14 07:42:05,2026-01-14 07:42:05
3839,944,9,2025-12-20 14:21:19,collab-v1.2,True,2025-12-20 14:21:19,2025-12-20 14:21:19
3840,625,473,2025-08-07 06:20:19,hybrid-v1.0,False,2025-08-07 06:20:19,2025-08-07 06:20:19
3841,123,187,2026-01-31 07:25:23,content-based-v2.0,False,2026-01-31 07:25:23,2026-01-31 07:25:23
3842,178,209,2025-11-27 22:40:44,collab-v1.3,False,2025-11-27 22:40:44,2025-11-27 22:40:44
3843,592,282,2025-08-24 05:34:27,collab-v1.3,False,2025-08-24 05:34:27,2025-08-24 05:34:27
3844,646,300,2026-01-02 18:39:18,hybrid-v1.0,False,2026-01-02 18:39:18,2026-01-02 18:39:18
3845,885,306,2026-04-05 05:15:04,content-based-v2.0,True,2026-04-05 05:15:04,2026-04-05 05:15:04
3846,251,313,2026-01-31 17:45:19,collab-v1.2,True,2026-01-31 17:45:19,2026-01-31 17:45:19
3847,848,255,2026-02-27 08:09:56,hybrid-v1.0,False,2026-02-27 08:09:56,2026-02-27 08:09:56
3848,190,137,2026-01-07 11:43:11,collab-v1.2,False,2026-01-07 11:43:11,2026-01-07 11:43:11
3849,791,275,2026-02-20 19:59:16,content-based-v2.0,False,2026-02-20 19:59:16,2026-02-20 19:59:16
3850,10,575,2026-02-04 03:12:07,collab-v1.2,False,2026-02-04 03:12:07,2026-02-04 03:12:07
3851,679,104,2026-03-22 20:46:27,collab-v1.3,False,2026-03-22 20:46:27,2026-03-22 20:46:27
3852,753,451,2025-06-14 23:51:47,content-based-v2.0,False,2025-06-14 23:51:47,2025-06-14 23:51:47
3853,840,574,2025-07-21 12:12:20,hybrid-v1.0,True,2025-07-21 12:12:20,2025-07-21 12:12:20
3854,71,311,2025-07-22 01:43:01,collab-v1.3,False,2025-07-22 01:43:01,2025-07-22 01:43:01
3855,166,442,2025-06-24 22:51:35,hybrid-v1.0,False,2025-06-24 22:51:35,2025-06-24 22:51:35
3856,857,536,2025-10-11 09:19:33,collab-v1.2,False,2025-10-11 09:19:33,2025-10-11 09:19:33
3857,786,143,2026-03-07 01:58:16,content-based-v2.0,False,2026-03-07 01:58:16,2026-03-07 01:58:16
3858,884,404,2025-10-11 01:17:43,collab-v1.3,False,2025-10-11 01:17:43,2025-10-11 01:17:43
3859,505,509,2026-05-27 01:12:08,hybrid-v1.0,False,2026-05-27 01:12:08,2026-05-27 01:12:08
3860,69,3,2026-04-18 05:18:16,content-based-v2.0,False,2026-04-18 05:18:16,2026-04-18 05:18:16
3861,841,582,2026-05-31 07:38:05,hybrid-v1.0,False,2026-05-31 07:38:05,2026-05-31 07:38:05
3862,577,509,2025-07-06 09:48:32,collab-v1.3,True,2025-07-06 09:48:32,2025-07-06 09:48:32
3863,528,5,2025-06-14 17:09:19,collab-v1.2,False,2025-06-14 17:09:19,2025-06-14 17:09:19
3864,891,2,2026-04-29 17:33:00,collab-v1.2,False,2026-04-29 17:33:00,2026-04-29 17:33:00
3865,221,319,2025-06-29 23:34:13,content-based-v2.0,False,2025-06-29 23:34:13,2025-06-29 23:34:13
3866,719,185,2026-01-28 18:15:22,collab-v1.3,False,2026-01-28 18:15:22,2026-01-28 18:15:22
3867,656,182,2025-09-16 18:26:49,collab-v1.2,True,2025-09-16 18:26:49,2025-09-16 18:26:49
3868,847,564,2025-12-10 01:51:17,collab-v1.2,False,2025-12-10 01:51:17,2025-12-10 01:51:17
3869,346,206,2025-11-13 14:57:07,collab-v1.3,True,2025-11-13 14:57:07,2025-11-13 14:57:07
3870,461,410,2025-09-14 03:36:28,hybrid-v1.0,False,2025-09-14 03:36:28,2025-09-14 03:36:28
3871,327,124,2026-01-10 19:10:36,collab-v1.2,False,2026-01-10 19:10:36,2026-01-10 19:10:36
3872,130,315,2025-10-23 19:34:25,content-based-v2.0,False,2025-10-23 19:34:25,2025-10-23 19:34:25
3873,486,84,2025-11-05 18:55:47,hybrid-v1.0,False,2025-11-05 18:55:47,2025-11-05 18:55:47
3874,551,46,2025-06-09 04:28:07,collab-v1.3,False,2025-06-09 04:28:07,2025-06-09 04:28:07
3875,322,518,2025-08-19 18:28:48,collab-v1.3,True,2025-08-19 18:28:48,2025-08-19 18:28:48
3876,131,153,2025-10-20 16:20:16,collab-v1.2,False,2025-10-20 16:20:16,2025-10-20 16:20:16
3877,700,424,2025-10-02 04:53:18,hybrid-v1.0,False,2025-10-02 04:53:18,2025-10-02 04:53:18
3878,813,63,2026-03-09 14:46:39,content-based-v2.0,False,2026-03-09 14:46:39,2026-03-09 14:46:39
3879,744,17,2025-07-28 03:11:02,content-based-v2.0,False,2025-07-28 03:11:02,2025-07-28 03:11:02
3880,330,58,2026-04-11 11:37:32,collab-v1.2,False,2026-04-11 11:37:32,2026-04-11 11:37:32
3881,128,59,2025-10-31 17:44:10,hybrid-v1.0,True,2025-10-31 17:44:10,2025-10-31 17:44:10
3882,686,587,2025-08-04 03:03:40,content-based-v2.0,False,2025-08-04 03:03:40,2025-08-04 03:03:40
3883,918,128,2025-08-29 02:09:49,hybrid-v1.0,False,2025-08-29 02:09:49,2025-08-29 02:09:49
3884,763,230,2025-11-13 10:24:31,collab-v1.3,False,2025-11-13 10:24:31,2025-11-13 10:24:31
3885,900,209,2025-07-25 17:45:17,collab-v1.2,False,2025-07-25 17:45:17,2025-07-25 17:45:17
3886,610,219,2025-07-24 18:50:46,hybrid-v1.0,False,2025-07-24 18:50:46,2025-07-24 18:50:46
3887,332,245,2025-08-30 04:54:38,hybrid-v1.0,False,2025-08-30 04:54:38,2025-08-30 04:54:38
3888,415,523,2025-11-05 11:38:48,collab-v1.3,False,2025-11-05 11:38:48,2025-11-05 11:38:48
3889,196,362,2026-02-10 17:34:57,content-based-v2.0,False,2026-02-10 17:34:57,2026-02-10 17:34:57
3890,676,273,2026-05-11 01:14:17,collab-v1.3,False,2026-05-11 01:14:17,2026-05-11 01:14:17
3891,755,473,2025-06-24 02:13:08,collab-v1.3,True,2025-06-24 02:13:08,2025-06-24 02:13:08
3892,335,443,2026-05-11 19:30:10,collab-v1.3,False,2026-05-11 19:30:10,2026-05-11 19:30:10
3893,956,523,2026-02-01 16:43:06,hybrid-v1.0,False,2026-02-01 16:43:06,2026-02-01 16:43:06
3894,53,418,2025-09-04 17:07:10,content-based-v2.0,False,2025-09-04 17:07:10,2025-09-04 17:07:10
3895,594,433,2025-12-11 14:56:06,content-based-v2.0,False,2025-12-11 14:56:06,2025-12-11 14:56:06
3896,915,514,2025-10-12 20:50:18,collab-v1.2,False,2025-10-12 20:50:18,2025-10-12 20:50:18
3897,830,596,2025-11-30 13:00:46,hybrid-v1.0,False,2025-11-30 13:00:46,2025-11-30 13:00:46
3898,285,427,2025-09-25 09:47:25,collab-v1.3,False,2025-09-25 09:47:25,2025-09-25 09:47:25
3899,502,563,2025-09-14 14:26:57,content-based-v2.0,True,2025-09-14 14:26:57,2025-09-14 14:26:57
3900,218,444,2025-10-04 10:55:29,hybrid-v1.0,True,2025-10-04 10:55:29,2025-10-04 10:55:29
3901,493,573,2026-01-29 02:10:47,hybrid-v1.0,False,2026-01-29 02:10:47,2026-01-29 02:10:47
3902,956,249,2025-07-17 23:31:42,collab-v1.3,False,2025-07-17 23:31:42,2025-07-17 23:31:42
3903,145,484,2026-02-05 10:22:10,content-based-v2.0,True,2026-02-05 10:22:10,2026-02-05 10:22:10
3904,73,228,2026-01-06 20:29:42,hybrid-v1.0,False,2026-01-06 20:29:42,2026-01-06 20:29:42
3905,185,156,2025-06-24 22:37:41,collab-v1.3,False,2025-06-24 22:37:41,2025-06-24 22:37:41
3906,263,180,2025-07-28 02:47:35,collab-v1.3,True,2025-07-28 02:47:35,2025-07-28 02:47:35
3907,796,491,2025-06-06 21:57:23,collab-v1.2,False,2025-06-06 21:57:23,2025-06-06 21:57:23
3908,111,373,2025-07-19 07:01:02,hybrid-v1.0,False,2025-07-19 07:01:02,2025-07-19 07:01:02
3909,879,205,2026-05-11 02:48:53,hybrid-v1.0,False,2026-05-11 02:48:53,2026-05-11 02:48:53
3910,735,252,2026-05-29 20:05:38,collab-v1.2,True,2026-05-29 20:05:38,2026-05-29 20:05:38
3911,688,486,2026-02-08 22:50:51,hybrid-v1.0,False,2026-02-08 22:50:51,2026-02-08 22:50:51
3912,476,502,2026-03-18 14:00:19,collab-v1.3,False,2026-03-18 14:00:19,2026-03-18 14:00:19
3913,58,596,2025-08-27 00:10:36,collab-v1.2,False,2025-08-27 00:10:36,2025-08-27 00:10:36
3914,548,479,2025-09-13 17:21:20,content-based-v2.0,False,2025-09-13 17:21:20,2025-09-13 17:21:20
3915,678,358,2025-06-21 06:58:26,content-based-v2.0,True,2025-06-21 06:58:26,2025-06-21 06:58:26
3916,547,551,2025-08-11 13:10:53,content-based-v2.0,False,2025-08-11 13:10:53,2025-08-11 13:10:53
3917,609,581,2025-07-28 11:11:51,hybrid-v1.0,False,2025-07-28 11:11:51,2025-07-28 11:11:51
3918,531,345,2026-05-25 09:08:55,hybrid-v1.0,False,2026-05-25 09:08:55,2026-05-25 09:08:55
3919,442,444,2025-11-09 18:13:13,content-based-v2.0,False,2025-11-09 18:13:13,2025-11-09 18:13:13
3920,442,98,2025-06-18 10:55:01,content-based-v2.0,False,2025-06-18 10:55:01,2025-06-18 10:55:01
3921,788,280,2025-12-14 22:51:35,hybrid-v1.0,False,2025-12-14 22:51:35,2025-12-14 22:51:35
3922,585,78,2025-10-13 01:15:03,hybrid-v1.0,False,2025-10-13 01:15:03,2025-10-13 01:15:03
3923,843,331,2026-03-25 20:23:36,content-based-v2.0,False,2026-03-25 20:23:36,2026-03-25 20:23:36
3924,298,250,2025-11-01 15:57:01,hybrid-v1.0,False,2025-11-01 15:57:01,2025-11-01 15:57:01
3925,67,52,2026-01-17 10:19:36,collab-v1.2,False,2026-01-17 10:19:36,2026-01-17 10:19:36
3926,109,449,2026-01-22 10:41:45,collab-v1.3,True,2026-01-22 10:41:45,2026-01-22 10:41:45
3927,268,361,2025-12-19 07:38:39,hybrid-v1.0,False,2025-12-19 07:38:39,2025-12-19 07:38:39
3928,934,49,2026-05-23 18:26:59,hybrid-v1.0,False,2026-05-23 18:26:59,2026-05-23 18:26:59
3929,112,520,2025-06-10 22:19:32,collab-v1.3,True,2025-06-10 22:19:32,2025-06-10 22:19:32
3930,896,595,2026-03-13 02:16:39,collab-v1.3,False,2026-03-13 02:16:39,2026-03-13 02:16:39
3931,841,392,2025-11-08 06:12:22,collab-v1.2,True,2025-11-08 06:12:22,2025-11-08 06:12:22
3932,516,383,2026-03-17 11:45:58,content-based-v2.0,True,2026-03-17 11:45:58,2026-03-17 11:45:58
3933,134,314,2025-08-25 15:49:01,collab-v1.2,False,2025-08-25 15:49:01,2025-08-25 15:49:01
3934,239,369,2025-09-07 21:14:49,collab-v1.3,False,2025-09-07 21:14:49,2025-09-07 21:14:49
3935,57,368,2025-09-29 23:47:13,hybrid-v1.0,False,2025-09-29 23:47:13,2025-09-29 23:47:13
3936,643,559,2026-05-17 13:13:46,content-based-v2.0,False,2026-05-17 13:13:46,2026-05-17 13:13:46
3937,461,395,2026-01-30 02:15:13,collab-v1.3,True,2026-01-30 02:15:13,2026-01-30 02:15:13
3938,708,332,2025-08-28 16:49:27,collab-v1.3,False,2025-08-28 16:49:27,2025-08-28 16:49:27
3939,46,227,2025-12-12 12:31:05,collab-v1.3,False,2025-12-12 12:31:05,2025-12-12 12:31:05
3940,21,380,2025-07-22 19:27:32,collab-v1.3,False,2025-07-22 19:27:32,2025-07-22 19:27:32
3941,494,83,2025-09-16 13:40:11,hybrid-v1.0,False,2025-09-16 13:40:11,2025-09-16 13:40:11
3942,118,360,2025-08-19 18:29:51,content-based-v2.0,False,2025-08-19 18:29:51,2025-08-19 18:29:51
3943,59,108,2026-01-17 09:02:22,hybrid-v1.0,False,2026-01-17 09:02:22,2026-01-17 09:02:22
3944,942,359,2025-11-13 22:44:00,hybrid-v1.0,True,2025-11-13 22:44:00,2025-11-13 22:44:00
3945,973,29,2026-01-17 14:15:44,collab-v1.3,False,2026-01-17 14:15:44,2026-01-17 14:15:44
3946,812,363,2025-08-19 21:20:57,hybrid-v1.0,True,2025-08-19 21:20:57,2025-08-19 21:20:57
3947,928,514,2025-10-25 11:22:56,content-based-v2.0,False,2025-10-25 11:22:56,2025-10-25 11:22:56
3948,898,466,2026-04-03 23:35:00,hybrid-v1.0,False,2026-04-03 23:35:00,2026-04-03 23:35:00
3949,219,52,2025-07-05 03:34:35,content-based-v2.0,False,2025-07-05 03:34:35,2025-07-05 03:34:35
3950,426,321,2025-12-15 05:28:43,content-based-v2.0,True,2025-12-15 05:28:43,2025-12-15 05:28:43
3951,872,385,2025-11-19 17:17:03,content-based-v2.0,False,2025-11-19 17:17:03,2025-11-19 17:17:03
3952,54,225,2025-09-22 18:52:30,content-based-v2.0,False,2025-09-22 18:52:30,2025-09-22 18:52:30
3953,377,451,2025-07-30 04:14:13,content-based-v2.0,False,2025-07-30 04:14:13,2025-07-30 04:14:13
3954,479,507,2025-10-26 07:02:00,collab-v1.3,False,2025-10-26 07:02:00,2025-10-26 07:02:00
3955,885,151,2025-11-21 12:02:25,collab-v1.2,True,2025-11-21 12:02:25,2025-11-21 12:02:25
3956,242,34,2025-12-24 10:13:50,content-based-v2.0,False,2025-12-24 10:13:50,2025-12-24 10:13:50
3957,343,246,2026-05-03 15:39:24,hybrid-v1.0,False,2026-05-03 15:39:24,2026-05-03 15:39:24
3958,406,460,2025-12-25 06:28:26,collab-v1.2,False,2025-12-25 06:28:26,2025-12-25 06:28:26
3959,863,341,2025-07-18 07:46:00,hybrid-v1.0,False,2025-07-18 07:46:00,2025-07-18 07:46:00
3960,130,380,2026-01-29 21:58:47,hybrid-v1.0,False,2026-01-29 21:58:47,2026-01-29 21:58:47
3961,864,195,2025-10-25 07:48:39,hybrid-v1.0,False,2025-10-25 07:48:39,2025-10-25 07:48:39
3962,160,360,2025-12-25 07:16:20,collab-v1.2,False,2025-12-25 07:16:20,2025-12-25 07:16:20
3963,984,554,2026-03-04 04:17:05,collab-v1.2,False,2026-03-04 04:17:05,2026-03-04 04:17:05
3964,998,87,2025-11-15 08:47:29,collab-v1.2,False,2025-11-15 08:47:29,2025-11-15 08:47:29
3965,627,263,2025-08-27 11:21:46,content-based-v2.0,False,2025-08-27 11:21:46,2025-08-27 11:21:46
3966,998,111,2025-08-02 07:25:06,collab-v1.3,False,2025-08-02 07:25:06,2025-08-02 07:25:06
3967,34,412,2025-10-29 13:29:08,content-based-v2.0,False,2025-10-29 13:29:08,2025-10-29 13:29:08
3968,711,84,2025-10-13 21:24:33,content-based-v2.0,False,2025-10-13 21:24:33,2025-10-13 21:24:33
3969,901,307,2026-04-28 05:05:23,collab-v1.3,False,2026-04-28 05:05:23,2026-04-28 05:05:23
3970,122,104,2026-04-19 18:52:24,collab-v1.3,False,2026-04-19 18:52:24,2026-04-19 18:52:24
3971,977,382,2026-03-23 18:23:41,hybrid-v1.0,True,2026-03-23 18:23:41,2026-03-23 18:23:41
3972,230,238,2026-02-10 22:30:49,hybrid-v1.0,False,2026-02-10 22:30:49,2026-02-10 22:30:49
3973,376,449,2026-03-24 02:50:55,collab-v1.2,False,2026-03-24 02:50:55,2026-03-24 02:50:55
3974,784,218,2026-05-26 06:49:34,collab-v1.2,False,2026-05-26 06:49:34,2026-05-26 06:49:34
3975,476,379,2026-02-23 21:18:35,collab-v1.2,True,2026-02-23 21:18:35,2026-02-23 21:18:35
3976,913,500,2026-04-21 03:07:32,collab-v1.2,False,2026-04-21 03:07:32,2026-04-21 03:07:32
3977,246,238,2025-12-19 21:36:16,hybrid-v1.0,False,2025-12-19 21:36:16,2025-12-19 21:36:16
3978,105,467,2026-02-10 10:31:43,collab-v1.3,False,2026-02-10 10:31:43,2026-02-10 10:31:43
3979,357,275,2025-08-15 16:33:15,hybrid-v1.0,False,2025-08-15 16:33:15,2025-08-15 16:33:15
3980,826,29,2025-07-01 23:28:09,collab-v1.2,False,2025-07-01 23:28:09,2025-07-01 23:28:09
3981,730,583,2026-02-20 15:46:15,hybrid-v1.0,False,2026-02-20 15:46:15,2026-02-20 15:46:15
3982,307,401,2025-09-28 14:09:51,collab-v1.3,False,2025-09-28 14:09:51,2025-09-28 14:09:51
3983,814,8,2026-05-03 18:11:53,content-based-v2.0,False,2026-05-03 18:11:53,2026-05-03 18:11:53
3984,709,310,2026-03-21 03:37:50,hybrid-v1.0,False,2026-03-21 03:37:50,2026-03-21 03:37:50
3985,784,175,2026-04-25 13:07:29,hybrid-v1.0,False,2026-04-25 13:07:29,2026-04-25 13:07:29
3986,732,282,2025-10-29 16:12:52,collab-v1.3,False,2025-10-29 16:12:52,2025-10-29 16:12:52
3987,671,4,2025-06-28 10:53:01,collab-v1.2,False,2025-06-28 10:53:01,2025-06-28 10:53:01
3988,389,448,2025-06-20 12:32:08,hybrid-v1.0,False,2025-06-20 12:32:08,2025-06-20 12:32:08
3989,156,129,2026-04-23 15:36:54,content-based-v2.0,False,2026-04-23 15:36:54,2026-04-23 15:36:54
3990,175,147,2026-05-30 14:48:17,content-based-v2.0,False,2026-05-30 14:48:17,2026-05-30 14:48:17
3991,671,29,2025-09-05 11:18:00,collab-v1.3,False,2025-09-05 11:18:00,2025-09-05 11:18:00
3992,771,243,2026-05-06 14:46:58,collab-v1.3,True,2026-05-06 14:46:58,2026-05-06 14:46:58
3993,785,278,2025-08-28 02:01:48,content-based-v2.0,False,2025-08-28 02:01:48,2025-08-28 02:01:48
3994,680,205,2026-05-05 09:44:04,content-based-v2.0,False,2026-05-05 09:44:04,2026-05-05 09:44:04
3995,963,305,2025-09-16 21:46:42,content-based-v2.0,False,2025-09-16 21:46:42,2025-09-16 21:46:42
3996,613,18,2026-01-12 22:47:04,collab-v1.2,False,2026-01-12 22:47:04,2026-01-12 22:47:04
3997,706,432,2025-11-29 19:24:23,collab-v1.2,False,2025-11-29 19:24:23,2025-11-29 19:24:23
3998,306,334,2025-10-07 22:20:45,collab-v1.2,False,2025-10-07 22:20:45,2025-10-07 22:20:45
3999,77,406,2026-01-11 08:06:06,content-based-v2.0,False,2026-01-11 08:06:06,2026-01-11 08:06:06
4000,696,247,2026-03-22 01:23:11,collab-v1.2,False,2026-03-22 01:23:11,2026-03-22 01:23:11
4001,315,571,2025-07-23 08:40:05,collab-v1.3,False,2025-07-23 08:40:05,2025-07-23 08:40:05
4002,939,249,2025-11-19 18:20:38,collab-v1.3,False,2025-11-19 18:20:38,2025-11-19 18:20:38
4003,25,163,2025-07-08 14:41:23,content-based-v2.0,False,2025-07-08 14:41:23,2025-07-08 14:41:23
4004,52,395,2025-10-31 05:11:49,collab-v1.2,False,2025-10-31 05:11:49,2025-10-31 05:11:49
4005,644,85,2025-10-11 18:28:13,hybrid-v1.0,False,2025-10-11 18:28:13,2025-10-11 18:28:13
4006,896,266,2025-09-06 06:05:36,hybrid-v1.0,False,2025-09-06 06:05:36,2025-09-06 06:05:36
4007,365,89,2025-08-26 12:36:03,content-based-v2.0,False,2025-08-26 12:36:03,2025-08-26 12:36:03
4008,317,300,2025-12-28 13:39:02,hybrid-v1.0,False,2025-12-28 13:39:02,2025-12-28 13:39:02
4009,269,120,2025-12-09 05:56:15,collab-v1.3,False,2025-12-09 05:56:15,2025-12-09 05:56:15
4010,630,206,2026-03-08 19:09:27,hybrid-v1.0,True,2026-03-08 19:09:27,2026-03-08 19:09:27
4011,412,483,2025-07-30 22:13:58,hybrid-v1.0,False,2025-07-30 22:13:58,2025-07-30 22:13:58
4012,164,209,2026-02-08 22:19:06,hybrid-v1.0,False,2026-02-08 22:19:06,2026-02-08 22:19:06
4013,903,180,2025-11-06 15:25:20,hybrid-v1.0,False,2025-11-06 15:25:20,2025-11-06 15:25:20
4014,771,535,2025-07-07 19:39:41,hybrid-v1.0,False,2025-07-07 19:39:41,2025-07-07 19:39:41
4015,548,179,2026-03-17 10:25:17,hybrid-v1.0,False,2026-03-17 10:25:17,2026-03-17 10:25:17
4016,57,328,2026-01-17 16:31:51,hybrid-v1.0,False,2026-01-17 16:31:51,2026-01-17 16:31:51
4017,992,480,2025-08-19 17:46:59,content-based-v2.0,False,2025-08-19 17:46:59,2025-08-19 17:46:59
4018,17,257,2025-10-23 23:24:31,collab-v1.2,False,2025-10-23 23:24:31,2025-10-23 23:24:31
4019,756,271,2026-04-09 20:35:36,hybrid-v1.0,False,2026-04-09 20:35:36,2026-04-09 20:35:36
4020,310,304,2025-11-10 07:02:06,collab-v1.3,False,2025-11-10 07:02:06,2025-11-10 07:02:06
4021,822,458,2026-02-26 07:10:14,content-based-v2.0,True,2026-02-26 07:10:14,2026-02-26 07:10:14
4022,805,571,2026-02-14 05:28:42,hybrid-v1.0,False,2026-02-14 05:28:42,2026-02-14 05:28:42
4023,382,262,2026-01-12 12:51:02,content-based-v2.0,False,2026-01-12 12:51:02,2026-01-12 12:51:02
4024,894,381,2025-10-11 21:42:19,collab-v1.2,True,2025-10-11 21:42:19,2025-10-11 21:42:19
4025,785,151,2026-04-06 09:54:04,collab-v1.3,False,2026-04-06 09:54:04,2026-04-06 09:54:04
4026,953,247,2026-05-30 04:37:23,collab-v1.3,False,2026-05-30 04:37:23,2026-05-30 04:37:23
4027,918,62,2026-03-06 19:10:30,collab-v1.2,False,2026-03-06 19:10:30,2026-03-06 19:10:30
4028,484,356,2025-12-19 21:07:33,hybrid-v1.0,False,2025-12-19 21:07:33,2025-12-19 21:07:33
4029,583,432,2025-11-09 00:13:59,collab-v1.2,False,2025-11-09 00:13:59,2025-11-09 00:13:59
4030,928,227,2025-07-15 08:32:30,hybrid-v1.0,True,2025-07-15 08:32:30,2025-07-15 08:32:30
4031,330,115,2025-10-06 21:36:15,content-based-v2.0,False,2025-10-06 21:36:15,2025-10-06 21:36:15
4032,659,203,2026-04-03 10:44:45,collab-v1.2,False,2026-04-03 10:44:45,2026-04-03 10:44:45
4033,655,228,2026-05-28 14:27:40,hybrid-v1.0,False,2026-05-28 14:27:40,2026-05-28 14:27:40
4034,14,484,2026-01-25 19:24:42,hybrid-v1.0,False,2026-01-25 19:24:42,2026-01-25 19:24:42
4035,590,589,2025-11-04 09:20:42,hybrid-v1.0,False,2025-11-04 09:20:42,2025-11-04 09:20:42
4036,121,372,2026-03-02 20:15:56,content-based-v2.0,True,2026-03-02 20:15:56,2026-03-02 20:15:56
4037,517,378,2026-04-11 02:22:37,hybrid-v1.0,False,2026-04-11 02:22:37,2026-04-11 02:22:37
4038,966,459,2025-09-01 00:01:48,collab-v1.3,False,2025-09-01 00:01:48,2025-09-01 00:01:48
4039,929,253,2025-10-04 06:16:27,collab-v1.3,True,2025-10-04 06:16:27,2025-10-04 06:16:27
4040,25,220,2025-09-12 07:04:25,collab-v1.2,False,2025-09-12 07:04:25,2025-09-12 07:04:25
4041,599,347,2026-05-03 13:16:49,hybrid-v1.0,False,2026-05-03 13:16:49,2026-05-03 13:16:49
4042,212,142,2025-08-18 11:07:41,content-based-v2.0,False,2025-08-18 11:07:41,2025-08-18 11:07:41
4043,186,82,2025-07-13 15:29:11,hybrid-v1.0,False,2025-07-13 15:29:11,2025-07-13 15:29:11
4044,88,318,2025-12-03 16:26:56,collab-v1.3,False,2025-12-03 16:26:56,2025-12-03 16:26:56
4045,212,262,2026-03-05 15:37:28,content-based-v2.0,True,2026-03-05 15:37:28,2026-03-05 15:37:28
4046,549,244,2025-07-18 20:31:04,content-based-v2.0,False,2025-07-18 20:31:04,2025-07-18 20:31:04
4047,192,420,2025-08-29 04:44:34,content-based-v2.0,False,2025-08-29 04:44:34,2025-08-29 04:44:34
4048,607,243,2025-09-13 19:10:25,content-based-v2.0,False,2025-09-13 19:10:25,2025-09-13 19:10:25
4049,445,571,2025-10-25 13:11:29,collab-v1.2,False,2025-10-25 13:11:29,2025-10-25 13:11:29
4050,325,526,2026-03-24 17:55:38,collab-v1.3,False,2026-03-24 17:55:38,2026-03-24 17:55:38
4051,912,293,2026-01-27 10:13:52,collab-v1.2,False,2026-01-27 10:13:52,2026-01-27 10:13:52
4052,664,204,2025-07-21 08:16:22,collab-v1.2,False,2025-07-21 08:16:22,2025-07-21 08:16:22
4053,561,322,2025-12-05 11:36:39,content-based-v2.0,False,2025-12-05 11:36:39,2025-12-05 11:36:39
4054,262,258,2025-07-11 21:19:10,collab-v1.3,True,2025-07-11 21:19:10,2025-07-11 21:19:10
4055,213,310,2025-09-04 09:32:45,collab-v1.2,False,2025-09-04 09:32:45,2025-09-04 09:32:45
4056,796,369,2026-03-08 20:56:19,content-based-v2.0,False,2026-03-08 20:56:19,2026-03-08 20:56:19
4057,979,209,2026-04-25 23:22:24,collab-v1.3,False,2026-04-25 23:22:24,2026-04-25 23:22:24
4058,649,58,2025-06-09 13:22:52,hybrid-v1.0,False,2025-06-09 13:22:52,2025-06-09 13:22:52
4059,248,297,2025-06-12 23:01:09,collab-v1.3,False,2025-06-12 23:01:09,2025-06-12 23:01:09
4060,384,114,2025-07-17 17:58:21,collab-v1.3,False,2025-07-17 17:58:21,2025-07-17 17:58:21
4061,447,358,2025-11-16 17:09:52,content-based-v2.0,False,2025-11-16 17:09:52,2025-11-16 17:09:52
4062,181,272,2026-05-09 13:19:45,hybrid-v1.0,False,2026-05-09 13:19:45,2026-05-09 13:19:45
4063,310,261,2025-08-04 05:26:30,hybrid-v1.0,False,2025-08-04 05:26:30,2025-08-04 05:26:30
4064,670,250,2025-12-10 20:59:35,collab-v1.3,False,2025-12-10 20:59:35,2025-12-10 20:59:35
4065,807,278,2026-05-30 20:18:29,content-based-v2.0,False,2026-05-30 20:18:29,2026-05-30 20:18:29
4066,777,589,2026-03-16 12:59:15,content-based-v2.0,False,2026-03-16 12:59:15,2026-03-16 12:59:15
4067,776,156,2025-08-01 23:33:03,hybrid-v1.0,True,2025-08-01 23:33:03,2025-08-01 23:33:03
4068,105,159,2026-04-01 06:18:10,content-based-v2.0,False,2026-04-01 06:18:10,2026-04-01 06:18:10
4069,641,101,2025-08-30 03:48:47,hybrid-v1.0,False,2025-08-30 03:48:47,2025-08-30 03:48:47
4070,814,76,2026-03-24 13:29:32,hybrid-v1.0,False,2026-03-24 13:29:32,2026-03-24 13:29:32
4071,240,96,2025-08-30 05:24:06,collab-v1.2,True,2025-08-30 05:24:06,2025-08-30 05:24:06
4072,135,386,2025-07-08 05:26:01,collab-v1.3,False,2025-07-08 05:26:01,2025-07-08 05:26:01
4073,460,358,2026-01-21 12:48:54,collab-v1.3,False,2026-01-21 12:48:54,2026-01-21 12:48:54
4074,310,349,2026-04-07 22:51:10,collab-v1.2,False,2026-04-07 22:51:10,2026-04-07 22:51:10
4075,833,545,2025-09-11 09:31:12,hybrid-v1.0,False,2025-09-11 09:31:12,2025-09-11 09:31:12
4076,850,577,2026-01-11 17:38:17,collab-v1.2,False,2026-01-11 17:38:17,2026-01-11 17:38:17
4077,311,447,2026-05-03 05:31:42,collab-v1.3,False,2026-05-03 05:31:42,2026-05-03 05:31:42
4078,68,4,2025-06-25 17:24:16,hybrid-v1.0,False,2025-06-25 17:24:16,2025-06-25 17:24:16
4079,1000,577,2026-03-25 07:13:15,hybrid-v1.0,True,2026-03-25 07:13:15,2026-03-25 07:13:15
4080,551,173,2025-06-23 22:51:05,collab-v1.3,False,2025-06-23 22:51:05,2025-06-23 22:51:05
4081,378,439,2025-06-16 03:29:01,content-based-v2.0,False,2025-06-16 03:29:01,2025-06-16 03:29:01
4082,399,128,2025-08-28 14:18:53,collab-v1.2,False,2025-08-28 14:18:53,2025-08-28 14:18:53
4083,41,540,2026-05-26 23:37:58,content-based-v2.0,False,2026-05-26 23:37:58,2026-05-26 23:37:58
4084,83,486,2026-05-03 20:26:14,content-based-v2.0,False,2026-05-03 20:26:14,2026-05-03 20:26:14
4085,86,227,2025-08-23 21:07:58,collab-v1.3,False,2025-08-23 21:07:58,2025-08-23 21:07:58
4086,489,230,2025-10-17 14:37:03,hybrid-v1.0,True,2025-10-17 14:37:03,2025-10-17 14:37:03
4087,894,450,2026-01-17 21:03:51,hybrid-v1.0,False,2026-01-17 21:03:51,2026-01-17 21:03:51
4088,490,11,2026-04-02 09:07:27,hybrid-v1.0,False,2026-04-02 09:07:27,2026-04-02 09:07:27
4089,287,553,2026-03-10 08:29:10,collab-v1.3,True,2026-03-10 08:29:10,2026-03-10 08:29:10
4090,724,277,2026-01-16 11:18:05,content-based-v2.0,False,2026-01-16 11:18:05,2026-01-16 11:18:05
4091,324,431,2026-04-24 01:51:17,collab-v1.3,False,2026-04-24 01:51:17,2026-04-24 01:51:17
4092,875,426,2026-03-10 01:04:15,content-based-v2.0,False,2026-03-10 01:04:15,2026-03-10 01:04:15
4093,30,389,2025-11-28 19:40:48,collab-v1.3,False,2025-11-28 19:40:48,2025-11-28 19:40:48
4094,73,269,2025-10-24 17:52:57,collab-v1.2,False,2025-10-24 17:52:57,2025-10-24 17:52:57
4095,625,530,2026-04-29 15:40:34,hybrid-v1.0,False,2026-04-29 15:40:34,2026-04-29 15:40:34
4096,243,315,2025-09-03 02:37:36,hybrid-v1.0,False,2025-09-03 02:37:36,2025-09-03 02:37:36
4097,770,584,2025-08-30 16:52:46,collab-v1.3,True,2025-08-30 16:52:46,2025-08-30 16:52:46
4098,334,450,2026-01-30 09:35:23,collab-v1.2,False,2026-01-30 09:35:23,2026-01-30 09:35:23
4099,652,441,2026-04-06 03:55:05,collab-v1.3,False,2026-04-06 03:55:05,2026-04-06 03:55:05
4100,706,106,2025-07-29 06:26:28,collab-v1.3,False,2025-07-29 06:26:28,2025-07-29 06:26:28
4101,641,511,2025-12-18 21:42:18,collab-v1.3,False,2025-12-18 21:42:18,2025-12-18 21:42:18
4102,441,84,2026-02-24 05:19:24,collab-v1.3,False,2026-02-24 05:19:24,2026-02-24 05:19:24
4103,259,151,2025-08-18 07:40:36,collab-v1.3,True,2025-08-18 07:40:36,2025-08-18 07:40:36
4104,711,397,2026-04-04 02:15:09,collab-v1.2,True,2026-04-04 02:15:09,2026-04-04 02:15:09
4105,558,526,2026-02-27 17:18:53,hybrid-v1.0,False,2026-02-27 17:18:53,2026-02-27 17:18:53
4106,33,130,2026-03-18 22:31:07,content-based-v2.0,False,2026-03-18 22:31:07,2026-03-18 22:31:07
4107,528,123,2025-09-17 07:30:38,collab-v1.3,False,2025-09-17 07:30:38,2025-09-17 07:30:38
4108,90,351,2026-03-10 12:36:01,hybrid-v1.0,False,2026-03-10 12:36:01,2026-03-10 12:36:01
4109,488,507,2025-10-26 18:08:33,content-based-v2.0,False,2025-10-26 18:08:33,2025-10-26 18:08:33
4110,642,373,2025-09-05 08:54:19,collab-v1.2,False,2025-09-05 08:54:19,2025-09-05 08:54:19
4111,911,94,2026-02-28 00:14:22,hybrid-v1.0,False,2026-02-28 00:14:22,2026-02-28 00:14:22
4112,341,546,2026-03-12 17:47:58,collab-v1.2,False,2026-03-12 17:47:58,2026-03-12 17:47:58
4113,819,78,2026-05-12 06:09:53,content-based-v2.0,False,2026-05-12 06:09:53,2026-05-12 06:09:53
4114,525,348,2026-02-01 12:17:44,content-based-v2.0,False,2026-02-01 12:17:44,2026-02-01 12:17:44
4115,628,399,2025-06-09 07:26:28,collab-v1.2,False,2025-06-09 07:26:28,2025-06-09 07:26:28
4116,387,167,2025-12-05 05:10:14,content-based-v2.0,True,2025-12-05 05:10:14,2025-12-05 05:10:14
4117,494,582,2026-04-23 12:06:44,collab-v1.2,False,2026-04-23 12:06:44,2026-04-23 12:06:44
4118,60,594,2025-09-05 12:53:10,content-based-v2.0,False,2025-09-05 12:53:10,2025-09-05 12:53:10
4119,1000,359,2026-04-27 12:32:28,content-based-v2.0,False,2026-04-27 12:32:28,2026-04-27 12:32:28
4120,476,569,2025-12-08 22:56:40,hybrid-v1.0,False,2025-12-08 22:56:40,2025-12-08 22:56:40
4121,704,297,2025-11-13 15:20:49,hybrid-v1.0,False,2025-11-13 15:20:49,2025-11-13 15:20:49
4122,278,180,2026-02-09 12:28:29,content-based-v2.0,False,2026-02-09 12:28:29,2026-02-09 12:28:29
4123,812,221,2025-10-09 22:43:36,hybrid-v1.0,False,2025-10-09 22:43:36,2025-10-09 22:43:36
4124,792,478,2026-04-26 22:31:14,content-based-v2.0,True,2026-04-26 22:31:14,2026-04-26 22:31:14
4125,209,588,2026-01-13 12:47:06,collab-v1.3,False,2026-01-13 12:47:06,2026-01-13 12:47:06
4126,975,451,2025-11-22 08:23:03,collab-v1.3,False,2025-11-22 08:23:03,2025-11-22 08:23:03
4127,548,82,2025-11-06 10:35:13,collab-v1.2,False,2025-11-06 10:35:13,2025-11-06 10:35:13
4128,758,95,2025-08-31 01:44:28,hybrid-v1.0,False,2025-08-31 01:44:28,2025-08-31 01:44:28
4129,361,416,2026-04-26 18:01:32,hybrid-v1.0,True,2026-04-26 18:01:32,2026-04-26 18:01:32
4130,877,467,2025-08-29 18:28:28,collab-v1.3,False,2025-08-29 18:28:28,2025-08-29 18:28:28
4131,568,491,2025-11-21 19:29:18,collab-v1.3,True,2025-11-21 19:29:18,2025-11-21 19:29:18
4132,178,502,2025-10-21 11:48:14,hybrid-v1.0,False,2025-10-21 11:48:14,2025-10-21 11:48:14
4133,385,584,2025-10-06 00:11:10,hybrid-v1.0,False,2025-10-06 00:11:10,2025-10-06 00:11:10
4134,254,464,2026-03-16 11:21:49,collab-v1.2,True,2026-03-16 11:21:49,2026-03-16 11:21:49
4135,315,205,2026-04-27 21:51:34,hybrid-v1.0,True,2026-04-27 21:51:34,2026-04-27 21:51:34
4136,103,468,2025-11-16 03:44:14,content-based-v2.0,False,2025-11-16 03:44:14,2025-11-16 03:44:14
4137,674,531,2025-08-24 13:26:08,content-based-v2.0,False,2025-08-24 13:26:08,2025-08-24 13:26:08
4138,109,323,2025-12-14 21:57:00,collab-v1.2,False,2025-12-14 21:57:00,2025-12-14 21:57:00
4139,851,297,2026-02-24 06:48:27,content-based-v2.0,False,2026-02-24 06:48:27,2026-02-24 06:48:27
4140,665,297,2025-07-31 06:04:48,collab-v1.3,False,2025-07-31 06:04:48,2025-07-31 06:04:48
4141,296,542,2025-08-03 00:24:29,content-based-v2.0,False,2025-08-03 00:24:29,2025-08-03 00:24:29
4142,86,98,2026-05-20 06:54:51,hybrid-v1.0,False,2026-05-20 06:54:51,2026-05-20 06:54:51
4143,483,133,2026-01-29 05:19:47,hybrid-v1.0,False,2026-01-29 05:19:47,2026-01-29 05:19:47
4144,489,542,2025-08-30 00:19:59,hybrid-v1.0,False,2025-08-30 00:19:59,2025-08-30 00:19:59
4145,228,136,2026-04-13 22:30:07,content-based-v2.0,False,2026-04-13 22:30:07,2026-04-13 22:30:07
4146,525,459,2026-02-04 07:09:49,hybrid-v1.0,True,2026-02-04 07:09:49,2026-02-04 07:09:49
4147,268,579,2025-06-10 22:52:25,content-based-v2.0,False,2025-06-10 22:52:25,2025-06-10 22:52:25
4148,733,50,2026-04-19 17:34:01,content-based-v2.0,False,2026-04-19 17:34:01,2026-04-19 17:34:01
4149,860,162,2025-08-01 21:30:20,collab-v1.2,False,2025-08-01 21:30:20,2025-08-01 21:30:20
4150,315,59,2026-04-13 08:57:20,collab-v1.2,True,2026-04-13 08:57:20,2026-04-13 08:57:20
4151,467,140,2025-07-26 04:21:52,content-based-v2.0,False,2025-07-26 04:21:52,2025-07-26 04:21:52
4152,271,486,2025-12-01 22:52:49,content-based-v2.0,False,2025-12-01 22:52:49,2025-12-01 22:52:49
4153,912,186,2026-01-27 03:14:28,hybrid-v1.0,False,2026-01-27 03:14:28,2026-01-27 03:14:28
4154,189,127,2026-05-01 02:45:33,content-based-v2.0,True,2026-05-01 02:45:33,2026-05-01 02:45:33
4155,517,461,2025-06-30 14:48:02,collab-v1.2,False,2025-06-30 14:48:02,2025-06-30 14:48:02
4156,843,121,2025-07-13 09:22:33,hybrid-v1.0,False,2025-07-13 09:22:33,2025-07-13 09:22:33
4157,294,187,2025-11-01 14:40:27,collab-v1.2,True,2025-11-01 14:40:27,2025-11-01 14:40:27
4158,413,505,2025-10-27 12:39:47,collab-v1.3,False,2025-10-27 12:39:47,2025-10-27 12:39:47
4159,701,529,2026-02-12 16:20:54,collab-v1.3,False,2026-02-12 16:20:54,2026-02-12 16:20:54
4160,750,557,2025-06-07 23:25:39,hybrid-v1.0,False,2025-06-07 23:25:39,2025-06-07 23:25:39
4161,302,162,2025-11-24 07:10:11,hybrid-v1.0,True,2025-11-24 07:10:11,2025-11-24 07:10:11
4162,858,29,2026-01-16 08:07:40,content-based-v2.0,False,2026-01-16 08:07:40,2026-01-16 08:07:40
4163,808,130,2025-11-02 02:20:42,hybrid-v1.0,False,2025-11-02 02:20:42,2025-11-02 02:20:42
4164,403,411,2025-06-16 22:13:29,collab-v1.2,False,2025-06-16 22:13:29,2025-06-16 22:13:29
4165,347,255,2025-09-29 07:57:27,collab-v1.3,False,2025-09-29 07:57:27,2025-09-29 07:57:27
4166,855,183,2026-03-30 22:17:05,hybrid-v1.0,True,2026-03-30 22:17:05,2026-03-30 22:17:05
4167,188,461,2026-03-01 02:04:05,hybrid-v1.0,False,2026-03-01 02:04:05,2026-03-01 02:04:05
4168,70,521,2026-02-15 15:34:21,collab-v1.3,False,2026-02-15 15:34:21,2026-02-15 15:34:21
4169,786,72,2025-09-15 00:12:41,content-based-v2.0,False,2025-09-15 00:12:41,2025-09-15 00:12:41
4170,53,162,2026-01-08 13:05:52,collab-v1.3,True,2026-01-08 13:05:52,2026-01-08 13:05:52
4171,117,476,2026-04-14 09:37:49,hybrid-v1.0,True,2026-04-14 09:37:49,2026-04-14 09:37:49
4172,63,253,2025-12-20 16:04:01,collab-v1.2,False,2025-12-20 16:04:01,2025-12-20 16:04:01
4173,151,368,2025-10-14 17:31:50,content-based-v2.0,True,2025-10-14 17:31:50,2025-10-14 17:31:50
4174,144,224,2025-09-28 15:07:27,content-based-v2.0,False,2025-09-28 15:07:27,2025-09-28 15:07:27
4175,216,146,2025-08-04 04:10:23,collab-v1.2,False,2025-08-04 04:10:23,2025-08-04 04:10:23
4176,867,92,2025-10-18 03:52:15,hybrid-v1.0,False,2025-10-18 03:52:15,2025-10-18 03:52:15
4177,693,518,2026-02-10 11:12:19,collab-v1.3,False,2026-02-10 11:12:19,2026-02-10 11:12:19
4178,989,510,2026-03-27 11:01:48,content-based-v2.0,False,2026-03-27 11:01:48,2026-03-27 11:01:48
4179,784,111,2026-05-08 18:38:41,collab-v1.2,False,2026-05-08 18:38:41,2026-05-08 18:38:41
4180,109,396,2026-05-20 04:14:13,collab-v1.3,True,2026-05-20 04:14:13,2026-05-20 04:14:13
4181,227,177,2026-05-08 16:05:24,hybrid-v1.0,True,2026-05-08 16:05:24,2026-05-08 16:05:24
4182,321,315,2025-11-23 12:45:25,collab-v1.3,False,2025-11-23 12:45:25,2025-11-23 12:45:25
4183,136,517,2025-10-19 03:48:09,content-based-v2.0,True,2025-10-19 03:48:09,2025-10-19 03:48:09
4184,633,409,2026-04-02 17:14:56,content-based-v2.0,False,2026-04-02 17:14:56,2026-04-02 17:14:56
4185,654,358,2026-03-04 13:42:28,hybrid-v1.0,False,2026-03-04 13:42:28,2026-03-04 13:42:28
4186,266,397,2026-01-12 00:16:53,collab-v1.2,False,2026-01-12 00:16:53,2026-01-12 00:16:53
4187,27,97,2026-01-22 15:10:14,collab-v1.2,False,2026-01-22 15:10:14,2026-01-22 15:10:14
4188,957,223,2025-07-01 09:03:31,hybrid-v1.0,False,2025-07-01 09:03:31,2025-07-01 09:03:31
4189,175,75,2025-11-17 21:57:08,content-based-v2.0,True,2025-11-17 21:57:08,2025-11-17 21:57:08
4190,620,584,2026-02-07 15:44:15,collab-v1.2,False,2026-02-07 15:44:15,2026-02-07 15:44:15
4191,667,458,2026-05-05 03:48:16,content-based-v2.0,False,2026-05-05 03:48:16,2026-05-05 03:48:16
4192,980,359,2025-10-14 13:39:12,hybrid-v1.0,False,2025-10-14 13:39:12,2025-10-14 13:39:12
4193,145,257,2025-10-04 20:39:53,content-based-v2.0,False,2025-10-04 20:39:53,2025-10-04 20:39:53
4194,283,453,2026-04-26 09:02:47,collab-v1.2,False,2026-04-26 09:02:47,2026-04-26 09:02:47
4195,905,597,2026-04-29 17:07:40,collab-v1.3,False,2026-04-29 17:07:40,2026-04-29 17:07:40
4196,835,306,2025-10-05 19:01:45,hybrid-v1.0,False,2025-10-05 19:01:45,2025-10-05 19:01:45
4197,274,103,2026-04-04 14:41:01,content-based-v2.0,False,2026-04-04 14:41:01,2026-04-04 14:41:01
4198,274,235,2025-08-17 02:40:48,hybrid-v1.0,True,2025-08-17 02:40:48,2025-08-17 02:40:48
4199,414,215,2025-09-16 16:26:02,collab-v1.2,True,2025-09-16 16:26:02,2025-09-16 16:26:02
4200,358,343,2025-12-29 11:40:35,collab-v1.2,True,2025-12-29 11:40:35,2025-12-29 11:40:35
4201,172,450,2026-05-28 19:29:30,collab-v1.2,False,2026-05-28 19:29:30,2026-05-28 19:29:30
4202,598,204,2026-03-12 12:23:38,content-based-v2.0,False,2026-03-12 12:23:38,2026-03-12 12:23:38
4203,281,105,2025-07-25 11:49:41,collab-v1.3,True,2025-07-25 11:49:41,2025-07-25 11:49:41
4204,810,538,2025-10-17 06:20:45,hybrid-v1.0,False,2025-10-17 06:20:45,2025-10-17 06:20:45
4205,738,241,2025-06-14 05:24:51,hybrid-v1.0,False,2025-06-14 05:24:51,2025-06-14 05:24:51
4206,951,308,2025-12-24 07:59:09,hybrid-v1.0,False,2025-12-24 07:59:09,2025-12-24 07:59:09
4207,830,52,2025-06-17 17:23:13,hybrid-v1.0,False,2025-06-17 17:23:13,2025-06-17 17:23:13
4208,181,364,2026-03-08 23:52:29,collab-v1.2,True,2026-03-08 23:52:29,2026-03-08 23:52:29
4209,588,237,2025-07-16 12:36:01,hybrid-v1.0,False,2025-07-16 12:36:01,2025-07-16 12:36:01
4210,688,436,2025-10-05 03:29:18,hybrid-v1.0,False,2025-10-05 03:29:18,2025-10-05 03:29:18
4211,871,439,2025-11-29 19:07:41,collab-v1.2,False,2025-11-29 19:07:41,2025-11-29 19:07:41
4212,111,107,2025-08-08 21:42:28,collab-v1.3,True,2025-08-08 21:42:28,2025-08-08 21:42:28
4213,295,200,2025-06-16 01:15:20,collab-v1.3,False,2025-06-16 01:15:20,2025-06-16 01:15:20
4214,22,205,2026-02-15 01:48:13,collab-v1.3,False,2026-02-15 01:48:13,2026-02-15 01:48:13
4215,254,249,2025-06-23 05:17:05,collab-v1.2,False,2025-06-23 05:17:05,2025-06-23 05:17:05
4216,931,556,2026-03-07 05:26:22,collab-v1.3,False,2026-03-07 05:26:22,2026-03-07 05:26:22
4217,203,147,2026-01-15 16:38:39,collab-v1.2,False,2026-01-15 16:38:39,2026-01-15 16:38:39
4218,11,169,2025-06-06 13:15:10,collab-v1.2,True,2025-06-06 13:15:10,2025-06-06 13:15:10
4219,416,48,2025-08-31 08:33:15,content-based-v2.0,False,2025-08-31 08:33:15,2025-08-31 08:33:15
4220,752,23,2026-01-08 13:23:15,content-based-v2.0,False,2026-01-08 13:23:15,2026-01-08 13:23:15
4221,346,97,2026-01-23 07:03:13,collab-v1.3,False,2026-01-23 07:03:13,2026-01-23 07:03:13
4222,956,455,2025-09-10 16:58:16,collab-v1.2,False,2025-09-10 16:58:16,2025-09-10 16:58:16
4223,309,159,2025-10-02 02:25:44,hybrid-v1.0,False,2025-10-02 02:25:44,2025-10-02 02:25:44
4224,582,261,2025-11-07 06:32:22,collab-v1.2,False,2025-11-07 06:32:22,2025-11-07 06:32:22
4225,976,412,2026-04-10 20:28:50,collab-v1.2,False,2026-04-10 20:28:50,2026-04-10 20:28:50
4226,497,10,2025-08-26 12:48:13,hybrid-v1.0,False,2025-08-26 12:48:13,2025-08-26 12:48:13
4227,769,581,2026-05-10 07:51:35,content-based-v2.0,True,2026-05-10 07:51:35,2026-05-10 07:51:35
4228,534,220,2025-07-12 05:28:57,collab-v1.2,False,2025-07-12 05:28:57,2025-07-12 05:28:57
4229,5,596,2026-03-11 10:59:29,content-based-v2.0,False,2026-03-11 10:59:29,2026-03-11 10:59:29
4230,759,42,2026-01-09 19:51:09,hybrid-v1.0,False,2026-01-09 19:51:09,2026-01-09 19:51:09
4231,432,84,2026-05-16 23:31:40,hybrid-v1.0,False,2026-05-16 23:31:40,2026-05-16 23:31:40
4232,422,536,2025-07-18 18:29:01,hybrid-v1.0,False,2025-07-18 18:29:01,2025-07-18 18:29:01
4233,910,360,2025-12-09 20:35:38,hybrid-v1.0,True,2025-12-09 20:35:38,2025-12-09 20:35:38
4234,578,315,2025-11-06 11:23:33,hybrid-v1.0,False,2025-11-06 11:23:33,2025-11-06 11:23:33
4235,88,545,2026-03-05 11:40:00,content-based-v2.0,False,2026-03-05 11:40:00,2026-03-05 11:40:00
4236,620,226,2026-01-06 17:26:42,content-based-v2.0,False,2026-01-06 17:26:42,2026-01-06 17:26:42
4237,328,303,2025-07-01 02:58:35,collab-v1.3,False,2025-07-01 02:58:35,2025-07-01 02:58:35
4238,504,571,2025-10-18 03:14:12,collab-v1.2,False,2025-10-18 03:14:12,2025-10-18 03:14:12
4239,619,388,2025-06-17 07:03:13,collab-v1.3,False,2025-06-17 07:03:13,2025-06-17 07:03:13
4240,172,31,2025-07-02 14:11:19,hybrid-v1.0,False,2025-07-02 14:11:19,2025-07-02 14:11:19
4241,104,118,2026-01-27 07:47:44,content-based-v2.0,True,2026-01-27 07:47:44,2026-01-27 07:47:44
4242,291,239,2025-06-25 15:46:57,hybrid-v1.0,False,2025-06-25 15:46:57,2025-06-25 15:46:57
4243,805,545,2026-03-10 05:48:08,collab-v1.2,False,2026-03-10 05:48:08,2026-03-10 05:48:08
4244,635,187,2025-09-28 01:53:37,collab-v1.3,False,2025-09-28 01:53:37,2025-09-28 01:53:37
4245,204,492,2026-03-07 16:38:41,collab-v1.3,False,2026-03-07 16:38:41,2026-03-07 16:38:41
4246,352,553,2025-12-27 21:15:15,hybrid-v1.0,False,2025-12-27 21:15:15,2025-12-27 21:15:15
4247,119,34,2025-11-11 08:13:07,content-based-v2.0,False,2025-11-11 08:13:07,2025-11-11 08:13:07
4248,301,41,2025-09-14 02:25:19,collab-v1.2,False,2025-09-14 02:25:19,2025-09-14 02:25:19
4249,718,87,2025-06-14 06:59:44,content-based-v2.0,False,2025-06-14 06:59:44,2025-06-14 06:59:44
4250,762,49,2026-05-27 22:25:12,collab-v1.2,False,2026-05-27 22:25:12,2026-05-27 22:25:12
4251,466,321,2025-12-14 13:41:04,content-based-v2.0,False,2025-12-14 13:41:04,2025-12-14 13:41:04
4252,66,385,2026-01-07 22:58:00,content-based-v2.0,False,2026-01-07 22:58:00,2026-01-07 22:58:00
4253,457,497,2025-11-17 17:43:41,collab-v1.2,True,2025-11-17 17:43:41,2025-11-17 17:43:41
4254,576,266,2025-07-01 22:57:09,hybrid-v1.0,False,2025-07-01 22:57:09,2025-07-01 22:57:09
4255,788,277,2026-03-29 22:12:31,collab-v1.3,False,2026-03-29 22:12:31,2026-03-29 22:12:31
4256,257,537,2026-01-19 22:17:08,hybrid-v1.0,False,2026-01-19 22:17:08,2026-01-19 22:17:08
4257,756,313,2026-01-09 11:19:15,collab-v1.2,False,2026-01-09 11:19:15,2026-01-09 11:19:15
4258,822,43,2025-07-31 04:43:58,collab-v1.2,True,2025-07-31 04:43:58,2025-07-31 04:43:58
4259,892,84,2025-09-24 23:24:15,collab-v1.3,False,2025-09-24 23:24:15,2025-09-24 23:24:15
4260,596,271,2025-11-24 13:33:19,collab-v1.2,False,2025-11-24 13:33:19,2025-11-24 13:33:19
4261,599,407,2025-12-04 23:11:03,collab-v1.2,False,2025-12-04 23:11:03,2025-12-04 23:11:03
4262,599,243,2025-08-25 16:50:50,collab-v1.2,False,2025-08-25 16:50:50,2025-08-25 16:50:50
4263,689,83,2025-08-07 01:12:11,hybrid-v1.0,False,2025-08-07 01:12:11,2025-08-07 01:12:11
4264,70,316,2025-11-13 09:54:03,hybrid-v1.0,False,2025-11-13 09:54:03,2025-11-13 09:54:03
4265,932,458,2025-10-04 22:45:28,hybrid-v1.0,False,2025-10-04 22:45:28,2025-10-04 22:45:28
4266,184,217,2026-01-09 16:33:04,hybrid-v1.0,False,2026-01-09 16:33:04,2026-01-09 16:33:04
4267,220,470,2026-05-10 11:25:11,collab-v1.2,True,2026-05-10 11:25:11,2026-05-10 11:25:11
4268,282,435,2026-02-04 04:55:04,hybrid-v1.0,False,2026-02-04 04:55:04,2026-02-04 04:55:04
4269,807,247,2025-12-12 05:25:38,collab-v1.2,True,2025-12-12 05:25:38,2025-12-12 05:25:38
4270,624,386,2025-10-06 19:58:43,collab-v1.3,True,2025-10-06 19:58:43,2025-10-06 19:58:43
4271,85,425,2025-09-24 09:25:52,collab-v1.2,False,2025-09-24 09:25:52,2025-09-24 09:25:52
4272,105,26,2025-06-24 19:59:29,hybrid-v1.0,False,2025-06-24 19:59:29,2025-06-24 19:59:29
4273,817,153,2025-06-14 14:17:41,content-based-v2.0,True,2025-06-14 14:17:41,2025-06-14 14:17:41
4274,546,473,2025-07-19 04:33:46,collab-v1.3,False,2025-07-19 04:33:46,2025-07-19 04:33:46
4275,258,12,2026-03-23 06:57:51,collab-v1.2,False,2026-03-23 06:57:51,2026-03-23 06:57:51
4276,589,485,2025-09-05 22:40:00,hybrid-v1.0,True,2025-09-05 22:40:00,2025-09-05 22:40:00
4277,67,481,2025-11-19 15:51:18,content-based-v2.0,False,2025-11-19 15:51:18,2025-11-19 15:51:18
4278,170,307,2025-06-26 19:18:31,collab-v1.2,False,2025-06-26 19:18:31,2025-06-26 19:18:31
4279,689,177,2025-08-01 09:10:28,collab-v1.2,False,2025-08-01 09:10:28,2025-08-01 09:10:28
4280,152,144,2026-02-11 00:36:37,collab-v1.3,False,2026-02-11 00:36:37,2026-02-11 00:36:37
4281,465,496,2026-02-03 08:24:13,content-based-v2.0,False,2026-02-03 08:24:13,2026-02-03 08:24:13
4282,78,461,2025-08-26 17:31:46,hybrid-v1.0,False,2025-08-26 17:31:46,2025-08-26 17:31:46
4283,789,41,2025-07-20 22:16:32,collab-v1.2,False,2025-07-20 22:16:32,2025-07-20 22:16:32
4284,405,196,2025-08-22 10:17:54,collab-v1.2,False,2025-08-22 10:17:54,2025-08-22 10:17:54
4285,755,175,2025-11-30 08:27:29,hybrid-v1.0,False,2025-11-30 08:27:29,2025-11-30 08:27:29
4286,166,555,2026-01-30 14:07:05,content-based-v2.0,False,2026-01-30 14:07:05,2026-01-30 14:07:05
4287,855,419,2025-11-04 15:39:26,hybrid-v1.0,True,2025-11-04 15:39:26,2025-11-04 15:39:26
4288,988,149,2026-01-06 13:48:30,collab-v1.3,False,2026-01-06 13:48:30,2026-01-06 13:48:30
4289,146,118,2026-01-23 13:48:52,hybrid-v1.0,False,2026-01-23 13:48:52,2026-01-23 13:48:52
4290,228,126,2025-06-16 02:03:18,collab-v1.2,True,2025-06-16 02:03:18,2025-06-16 02:03:18
4291,860,532,2026-03-09 18:40:51,collab-v1.2,False,2026-03-09 18:40:51,2026-03-09 18:40:51
4292,383,110,2026-05-28 11:10:30,hybrid-v1.0,False,2026-05-28 11:10:30,2026-05-28 11:10:30
4293,959,129,2025-07-22 10:55:21,collab-v1.3,True,2025-07-22 10:55:21,2025-07-22 10:55:21
4294,468,429,2026-02-09 00:10:04,hybrid-v1.0,True,2026-02-09 00:10:04,2026-02-09 00:10:04
4295,352,578,2025-10-10 12:08:48,collab-v1.2,True,2025-10-10 12:08:48,2025-10-10 12:08:48
4296,985,591,2026-01-20 12:28:53,hybrid-v1.0,False,2026-01-20 12:28:53,2026-01-20 12:28:53
4297,614,137,2025-09-16 23:48:13,content-based-v2.0,False,2025-09-16 23:48:13,2025-09-16 23:48:13
4298,352,444,2026-01-12 07:44:56,content-based-v2.0,False,2026-01-12 07:44:56,2026-01-12 07:44:56
4299,487,87,2026-01-22 23:15:11,collab-v1.3,False,2026-01-22 23:15:11,2026-01-22 23:15:11
4300,156,140,2025-07-07 02:21:43,hybrid-v1.0,False,2025-07-07 02:21:43,2025-07-07 02:21:43
4301,388,489,2025-08-27 20:38:29,hybrid-v1.0,False,2025-08-27 20:38:29,2025-08-27 20:38:29
4302,813,408,2025-10-19 15:26:10,collab-v1.3,True,2025-10-19 15:26:10,2025-10-19 15:26:10
4303,127,434,2025-10-25 17:19:17,collab-v1.2,False,2025-10-25 17:19:17,2025-10-25 17:19:17
4304,835,573,2025-12-22 11:58:14,hybrid-v1.0,False,2025-12-22 11:58:14,2025-12-22 11:58:14
4305,295,84,2025-12-31 08:48:11,collab-v1.3,True,2025-12-31 08:48:11,2025-12-31 08:48:11
4306,735,403,2025-08-31 13:56:05,content-based-v2.0,False,2025-08-31 13:56:05,2025-08-31 13:56:05
4307,688,589,2026-01-30 08:58:24,collab-v1.2,False,2026-01-30 08:58:24,2026-01-30 08:58:24
4308,381,235,2025-06-18 17:47:48,collab-v1.3,False,2025-06-18 17:47:48,2025-06-18 17:47:48
4309,587,193,2025-12-11 11:34:27,hybrid-v1.0,False,2025-12-11 11:34:27,2025-12-11 11:34:27
4310,207,496,2026-01-04 16:55:05,content-based-v2.0,False,2026-01-04 16:55:05,2026-01-04 16:55:05
4311,269,523,2025-11-12 07:39:50,hybrid-v1.0,False,2025-11-12 07:39:50,2025-11-12 07:39:50
4312,491,296,2025-10-11 17:45:44,hybrid-v1.0,False,2025-10-11 17:45:44,2025-10-11 17:45:44
4313,548,294,2025-10-31 16:42:36,collab-v1.2,False,2025-10-31 16:42:36,2025-10-31 16:42:36
4314,426,518,2026-03-25 08:00:43,content-based-v2.0,False,2026-03-25 08:00:43,2026-03-25 08:00:43
4315,306,7,2026-01-11 00:14:33,collab-v1.3,False,2026-01-11 00:14:33,2026-01-11 00:14:33
4316,495,388,2026-04-25 01:34:47,collab-v1.3,False,2026-04-25 01:34:47,2026-04-25 01:34:47
4317,266,322,2025-09-30 13:27:49,collab-v1.2,False,2025-09-30 13:27:49,2025-09-30 13:27:49
4318,171,44,2025-08-07 23:32:40,collab-v1.3,False,2025-08-07 23:32:40,2025-08-07 23:32:40
4319,521,399,2025-11-14 04:32:32,content-based-v2.0,False,2025-11-14 04:32:32,2025-11-14 04:32:32
4320,806,23,2026-05-20 09:03:58,collab-v1.3,False,2026-05-20 09:03:58,2026-05-20 09:03:58
4321,454,575,2026-02-02 00:02:27,collab-v1.3,False,2026-02-02 00:02:27,2026-02-02 00:02:27
4322,784,277,2025-10-18 00:46:50,collab-v1.3,True,2025-10-18 00:46:50,2025-10-18 00:46:50
4323,612,157,2026-04-29 18:41:25,content-based-v2.0,False,2026-04-29 18:41:25,2026-04-29 18:41:25
4324,551,203,2025-10-04 16:31:47,content-based-v2.0,False,2025-10-04 16:31:47,2025-10-04 16:31:47
4325,660,468,2025-12-02 04:31:21,hybrid-v1.0,False,2025-12-02 04:31:21,2025-12-02 04:31:21
4326,86,545,2025-08-30 09:32:51,content-based-v2.0,False,2025-08-30 09:32:51,2025-08-30 09:32:51
4327,684,105,2026-01-23 03:07:52,content-based-v2.0,True,2026-01-23 03:07:52,2026-01-23 03:07:52
4328,778,390,2025-09-14 04:12:30,hybrid-v1.0,False,2025-09-14 04:12:30,2025-09-14 04:12:30
4329,340,331,2025-12-29 11:38:39,collab-v1.2,False,2025-12-29 11:38:39,2025-12-29 11:38:39
4330,471,501,2026-03-07 10:38:21,hybrid-v1.0,False,2026-03-07 10:38:21,2026-03-07 10:38:21
4331,82,100,2025-11-01 09:17:12,collab-v1.3,False,2025-11-01 09:17:12,2025-11-01 09:17:12
4332,148,372,2025-10-27 03:20:22,collab-v1.2,False,2025-10-27 03:20:22,2025-10-27 03:20:22
4333,664,589,2026-03-04 17:42:56,collab-v1.3,True,2026-03-04 17:42:56,2026-03-04 17:42:56
4334,780,221,2026-05-16 14:29:04,hybrid-v1.0,False,2026-05-16 14:29:04,2026-05-16 14:29:04
4335,751,17,2026-03-28 21:18:05,collab-v1.2,False,2026-03-28 21:18:05,2026-03-28 21:18:05
4336,65,584,2025-06-06 13:32:46,collab-v1.2,False,2025-06-06 13:32:46,2025-06-06 13:32:46
4337,10,181,2025-09-26 08:09:39,content-based-v2.0,False,2025-09-26 08:09:39,2025-09-26 08:09:39
4338,349,397,2026-05-31 07:20:07,collab-v1.2,False,2026-05-31 07:20:07,2026-05-31 07:20:07
4339,167,260,2025-12-22 06:47:07,collab-v1.3,False,2025-12-22 06:47:07,2025-12-22 06:47:07
4340,565,325,2026-02-11 18:29:36,collab-v1.2,False,2026-02-11 18:29:36,2026-02-11 18:29:36
4341,454,89,2025-10-04 21:32:48,collab-v1.2,False,2025-10-04 21:32:48,2025-10-04 21:32:48
4342,458,430,2025-09-29 02:57:25,content-based-v2.0,False,2025-09-29 02:57:25,2025-09-29 02:57:25
4343,359,364,2025-08-10 06:38:49,content-based-v2.0,False,2025-08-10 06:38:49,2025-08-10 06:38:49
4344,121,538,2026-02-21 16:32:12,hybrid-v1.0,False,2026-02-21 16:32:12,2026-02-21 16:32:12
4345,975,511,2025-09-01 06:42:05,content-based-v2.0,False,2025-09-01 06:42:05,2025-09-01 06:42:05
4346,507,241,2025-07-01 03:52:45,hybrid-v1.0,False,2025-07-01 03:52:45,2025-07-01 03:52:45
4347,452,355,2025-08-16 03:59:10,hybrid-v1.0,False,2025-08-16 03:59:10,2025-08-16 03:59:10
4348,346,510,2025-12-18 00:32:58,hybrid-v1.0,False,2025-12-18 00:32:58,2025-12-18 00:32:58
4349,400,2,2025-09-02 01:08:56,hybrid-v1.0,False,2025-09-02 01:08:56,2025-09-02 01:08:56
4350,66,277,2026-03-24 23:58:50,hybrid-v1.0,False,2026-03-24 23:58:50,2026-03-24 23:58:50
4351,309,84,2026-02-23 15:15:36,content-based-v2.0,True,2026-02-23 15:15:36,2026-02-23 15:15:36
4352,724,535,2026-01-23 04:20:32,content-based-v2.0,True,2026-01-23 04:20:32,2026-01-23 04:20:32
4353,591,475,2025-12-12 00:57:18,collab-v1.2,False,2025-12-12 00:57:18,2025-12-12 00:57:18
4354,183,389,2025-06-18 06:20:26,content-based-v2.0,False,2025-06-18 06:20:26,2025-06-18 06:20:26
4355,587,475,2025-08-10 06:44:54,hybrid-v1.0,False,2025-08-10 06:44:54,2025-08-10 06:44:54
4356,474,404,2025-12-06 20:27:33,collab-v1.3,False,2025-12-06 20:27:33,2025-12-06 20:27:33
4357,338,406,2026-01-06 05:10:38,collab-v1.2,False,2026-01-06 05:10:38,2026-01-06 05:10:38
4358,532,542,2026-03-30 06:33:43,collab-v1.3,True,2026-03-30 06:33:43,2026-03-30 06:33:43
4359,895,490,2026-02-16 13:45:07,content-based-v2.0,False,2026-02-16 13:45:07,2026-02-16 13:45:07
4360,272,194,2026-04-05 07:07:20,hybrid-v1.0,False,2026-04-05 07:07:20,2026-04-05 07:07:20
4361,142,116,2025-09-15 21:37:36,collab-v1.3,False,2025-09-15 21:37:36,2025-09-15 21:37:36
4362,676,485,2026-05-19 07:53:36,collab-v1.2,False,2026-05-19 07:53:36,2026-05-19 07:53:36
4363,963,428,2025-10-29 11:28:05,hybrid-v1.0,False,2025-10-29 11:28:05,2025-10-29 11:28:05
4364,91,132,2025-12-08 08:24:42,collab-v1.3,False,2025-12-08 08:24:42,2025-12-08 08:24:42
4365,33,360,2025-09-26 06:51:00,hybrid-v1.0,True,2025-09-26 06:51:00,2025-09-26 06:51:00
4366,913,168,2025-08-03 05:39:06,collab-v1.3,False,2025-08-03 05:39:06,2025-08-03 05:39:06
4367,306,259,2025-10-22 04:48:06,collab-v1.3,False,2025-10-22 04:48:06,2025-10-22 04:48:06
4368,480,529,2025-08-04 12:03:33,collab-v1.3,True,2025-08-04 12:03:33,2025-08-04 12:03:33
4369,785,339,2026-04-11 17:34:32,collab-v1.2,False,2026-04-11 17:34:32,2026-04-11 17:34:32
4370,864,222,2025-10-01 21:32:34,content-based-v2.0,False,2025-10-01 21:32:34,2025-10-01 21:32:34
4371,710,337,2025-12-11 21:24:30,collab-v1.2,True,2025-12-11 21:24:30,2025-12-11 21:24:30
4372,887,500,2025-06-28 19:56:59,collab-v1.3,True,2025-06-28 19:56:59,2025-06-28 19:56:59
4373,453,305,2026-01-22 12:24:19,content-based-v2.0,False,2026-01-22 12:24:19,2026-01-22 12:24:19
4374,56,481,2026-05-14 18:26:44,hybrid-v1.0,False,2026-05-14 18:26:44,2026-05-14 18:26:44
4375,373,91,2025-07-14 09:52:14,hybrid-v1.0,False,2025-07-14 09:52:14,2025-07-14 09:52:14
4376,740,127,2026-03-11 04:01:09,content-based-v2.0,False,2026-03-11 04:01:09,2026-03-11 04:01:09
4377,306,371,2025-08-13 22:11:24,content-based-v2.0,False,2025-08-13 22:11:24,2025-08-13 22:11:24
4378,163,229,2026-04-04 19:32:06,hybrid-v1.0,False,2026-04-04 19:32:06,2026-04-04 19:32:06
4379,529,441,2026-05-26 03:02:57,collab-v1.3,False,2026-05-26 03:02:57,2026-05-26 03:02:57
4380,343,535,2025-07-29 11:58:30,hybrid-v1.0,False,2025-07-29 11:58:30,2025-07-29 11:58:30
4381,302,434,2025-07-02 13:34:32,collab-v1.2,True,2025-07-02 13:34:32,2025-07-02 13:34:32
4382,883,39,2025-09-19 22:19:39,collab-v1.3,False,2025-09-19 22:19:39,2025-09-19 22:19:39
4383,996,504,2026-03-26 17:07:07,collab-v1.3,False,2026-03-26 17:07:07,2026-03-26 17:07:07
4384,794,133,2025-07-15 14:45:12,collab-v1.2,False,2025-07-15 14:45:12,2025-07-15 14:45:12
4385,97,181,2025-10-16 05:10:28,collab-v1.2,False,2025-10-16 05:10:28,2025-10-16 05:10:28
4386,802,479,2025-08-25 20:23:14,collab-v1.3,False,2025-08-25 20:23:14,2025-08-25 20:23:14
4387,897,495,2025-12-11 06:20:19,content-based-v2.0,False,2025-12-11 06:20:19,2025-12-11 06:20:19
4388,854,214,2025-11-18 09:01:13,content-based-v2.0,False,2025-11-18 09:01:13,2025-11-18 09:01:13
4389,739,100,2026-03-31 08:33:33,collab-v1.3,False,2026-03-31 08:33:33,2026-03-31 08:33:33
4390,623,524,2025-07-14 02:22:27,content-based-v2.0,False,2025-07-14 02:22:27,2025-07-14 02:22:27
4391,882,292,2026-04-02 16:56:14,collab-v1.2,False,2026-04-02 16:56:14,2026-04-02 16:56:14
4392,411,568,2025-06-13 05:05:51,collab-v1.2,True,2025-06-13 05:05:51,2025-06-13 05:05:51
4393,926,79,2026-02-26 11:38:25,collab-v1.3,False,2026-02-26 11:38:25,2026-02-26 11:38:25
4394,873,128,2025-10-24 09:21:26,hybrid-v1.0,True,2025-10-24 09:21:26,2025-10-24 09:21:26
4395,184,274,2025-12-13 00:27:15,content-based-v2.0,False,2025-12-13 00:27:15,2025-12-13 00:27:15
4396,600,389,2025-09-13 15:28:11,content-based-v2.0,False,2025-09-13 15:28:11,2025-09-13 15:28:11
4397,869,42,2026-02-04 21:35:38,content-based-v2.0,False,2026-02-04 21:35:38,2026-02-04 21:35:38
4398,518,167,2025-11-05 14:59:24,content-based-v2.0,False,2025-11-05 14:59:24,2025-11-05 14:59:24
4399,7,490,2026-03-22 16:22:42,hybrid-v1.0,False,2026-03-22 16:22:42,2026-03-22 16:22:42
4400,7,455,2025-08-01 11:14:05,hybrid-v1.0,False,2025-08-01 11:14:05,2025-08-01 11:14:05
4401,108,465,2025-07-17 23:31:28,content-based-v2.0,False,2025-07-17 23:31:28,2025-07-17 23:31:28
4402,466,468,2026-03-26 09:33:58,collab-v1.3,True,2026-03-26 09:33:58,2026-03-26 09:33:58
4403,837,395,2025-09-28 14:43:51,hybrid-v1.0,False,2025-09-28 14:43:51,2025-09-28 14:43:51
4404,573,94,2026-03-18 15:04:37,collab-v1.2,True,2026-03-18 15:04:37,2026-03-18 15:04:37
4405,865,577,2026-02-02 05:24:58,collab-v1.3,False,2026-02-02 05:24:58,2026-02-02 05:24:58
4406,483,448,2025-08-30 22:20:54,collab-v1.3,False,2025-08-30 22:20:54,2025-08-30 22:20:54
4407,982,297,2026-03-02 21:19:20,collab-v1.2,False,2026-03-02 21:19:20,2026-03-02 21:19:20
4408,247,193,2025-06-08 23:30:12,collab-v1.3,False,2025-06-08 23:30:12,2025-06-08 23:30:12
4409,148,319,2025-11-10 16:56:51,collab-v1.3,False,2025-11-10 16:56:51,2025-11-10 16:56:51
4410,215,478,2026-02-16 00:09:47,content-based-v2.0,False,2026-02-16 00:09:47,2026-02-16 00:09:47
4411,519,371,2026-03-10 08:42:43,content-based-v2.0,True,2026-03-10 08:42:43,2026-03-10 08:42:43
4412,683,503,2025-06-12 23:03:21,content-based-v2.0,False,2025-06-12 23:03:21,2025-06-12 23:03:21
4413,100,80,2025-06-29 18:57:54,collab-v1.3,False,2025-06-29 18:57:54,2025-06-29 18:57:54
4414,587,21,2025-10-13 20:53:33,content-based-v2.0,True,2025-10-13 20:53:33,2025-10-13 20:53:33
4415,849,455,2025-12-23 17:21:11,hybrid-v1.0,False,2025-12-23 17:21:11,2025-12-23 17:21:11
4416,241,59,2025-12-27 07:28:25,content-based-v2.0,False,2025-12-27 07:28:25,2025-12-27 07:28:25
4417,304,76,2026-01-24 17:26:54,collab-v1.2,False,2026-01-24 17:26:54,2026-01-24 17:26:54
4418,464,48,2025-09-14 23:42:59,hybrid-v1.0,False,2025-09-14 23:42:59,2025-09-14 23:42:59
4419,310,165,2026-05-31 07:24:57,hybrid-v1.0,False,2026-05-31 07:24:57,2026-05-31 07:24:57
4420,182,586,2025-06-23 02:08:24,collab-v1.3,True,2025-06-23 02:08:24,2025-06-23 02:08:24
4421,99,387,2025-12-12 06:24:34,content-based-v2.0,False,2025-12-12 06:24:34,2025-12-12 06:24:34
4422,638,91,2026-04-16 22:13:52,content-based-v2.0,False,2026-04-16 22:13:52,2026-04-16 22:13:52
4423,547,170,2025-12-12 15:31:00,hybrid-v1.0,False,2025-12-12 15:31:00,2025-12-12 15:31:00
4424,801,226,2025-11-07 22:38:34,hybrid-v1.0,False,2025-11-07 22:38:34,2025-11-07 22:38:34
4425,847,565,2025-12-21 12:33:30,hybrid-v1.0,False,2025-12-21 12:33:30,2025-12-21 12:33:30
4426,49,510,2025-11-17 08:49:19,hybrid-v1.0,False,2025-11-17 08:49:19,2025-11-17 08:49:19
4427,683,411,2025-10-19 11:58:18,content-based-v2.0,False,2025-10-19 11:58:18,2025-10-19 11:58:18
4428,788,497,2025-10-31 14:42:07,content-based-v2.0,False,2025-10-31 14:42:07,2025-10-31 14:42:07
4429,887,136,2026-03-26 17:26:29,hybrid-v1.0,True,2026-03-26 17:26:29,2026-03-26 17:26:29
4430,777,547,2025-10-02 09:17:22,content-based-v2.0,False,2025-10-02 09:17:22,2025-10-02 09:17:22
4431,572,8,2026-04-10 09:27:01,content-based-v2.0,False,2026-04-10 09:27:01,2026-04-10 09:27:01
4432,153,424,2026-03-28 03:34:14,content-based-v2.0,False,2026-03-28 03:34:14,2026-03-28 03:34:14
4433,497,154,2025-11-02 19:49:21,collab-v1.3,False,2025-11-02 19:49:21,2025-11-02 19:49:21
4434,368,523,2026-04-08 05:07:05,collab-v1.2,False,2026-04-08 05:07:05,2026-04-08 05:07:05
4435,401,137,2025-12-19 04:06:57,hybrid-v1.0,False,2025-12-19 04:06:57,2025-12-19 04:06:57
4436,212,7,2026-05-09 01:11:49,collab-v1.3,False,2026-05-09 01:11:49,2026-05-09 01:11:49
4437,684,131,2025-07-27 23:38:00,hybrid-v1.0,False,2025-07-27 23:38:00,2025-07-27 23:38:00
4438,146,320,2026-02-21 10:24:05,collab-v1.3,True,2026-02-21 10:24:05,2026-02-21 10:24:05
4439,659,44,2026-04-06 17:03:12,hybrid-v1.0,True,2026-04-06 17:03:12,2026-04-06 17:03:12
4440,944,244,2026-04-25 04:54:19,hybrid-v1.0,False,2026-04-25 04:54:19,2026-04-25 04:54:19
4441,86,479,2025-12-01 03:52:32,collab-v1.3,False,2025-12-01 03:52:32,2025-12-01 03:52:32
4442,302,110,2025-12-16 10:35:20,collab-v1.3,False,2025-12-16 10:35:20,2025-12-16 10:35:20
4443,794,138,2026-01-25 19:57:28,content-based-v2.0,False,2026-01-25 19:57:28,2026-01-25 19:57:28
4444,829,568,2025-11-30 02:03:21,collab-v1.2,True,2025-11-30 02:03:21,2025-11-30 02:03:21
4445,58,418,2025-12-06 23:32:57,content-based-v2.0,False,2025-12-06 23:32:57,2025-12-06 23:32:57
4446,765,551,2026-06-01 01:23:22,collab-v1.3,False,2026-06-01 01:23:22,2026-06-01 01:23:22
4447,928,168,2025-09-03 18:24:51,content-based-v2.0,False,2025-09-03 18:24:51,2025-09-03 18:24:51
4448,210,471,2026-02-07 22:53:49,content-based-v2.0,False,2026-02-07 22:53:49,2026-02-07 22:53:49
4449,933,164,2025-06-08 08:04:15,collab-v1.3,False,2025-06-08 08:04:15,2025-06-08 08:04:15
4450,832,229,2025-11-14 01:54:31,collab-v1.3,False,2025-11-14 01:54:31,2025-11-14 01:54:31
4451,513,451,2025-06-14 09:10:38,collab-v1.3,False,2025-06-14 09:10:38,2025-06-14 09:10:38
4452,457,517,2026-03-16 12:12:28,hybrid-v1.0,False,2026-03-16 12:12:28,2026-03-16 12:12:28
4453,444,142,2025-11-28 23:43:33,collab-v1.2,False,2025-11-28 23:43:33,2025-11-28 23:43:33
4454,422,413,2025-06-17 11:23:05,collab-v1.3,False,2025-06-17 11:23:05,2025-06-17 11:23:05
4455,267,374,2026-04-05 13:16:19,hybrid-v1.0,False,2026-04-05 13:16:19,2026-04-05 13:16:19
4456,812,247,2025-11-17 17:45:41,collab-v1.2,False,2025-11-17 17:45:41,2025-11-17 17:45:41
4457,289,295,2025-11-18 12:57:30,hybrid-v1.0,False,2025-11-18 12:57:30,2025-11-18 12:57:30
4458,782,389,2025-10-08 02:57:21,collab-v1.2,False,2025-10-08 02:57:21,2025-10-08 02:57:21
4459,105,592,2026-02-09 02:55:08,collab-v1.2,False,2026-02-09 02:55:08,2026-02-09 02:55:08
4460,101,516,2026-05-01 21:58:46,hybrid-v1.0,False,2026-05-01 21:58:46,2026-05-01 21:58:46
4461,216,41,2026-04-08 10:17:24,collab-v1.2,False,2026-04-08 10:17:24,2026-04-08 10:17:24
4462,752,478,2025-07-05 07:21:44,collab-v1.2,True,2025-07-05 07:21:44,2025-07-05 07:21:44
4463,983,246,2025-10-21 13:35:56,content-based-v2.0,False,2025-10-21 13:35:56,2025-10-21 13:35:56
4464,644,3,2025-07-29 22:43:47,hybrid-v1.0,False,2025-07-29 22:43:47,2025-07-29 22:43:47
4465,161,409,2025-08-15 17:48:08,collab-v1.3,False,2025-08-15 17:48:08,2025-08-15 17:48:08
4466,339,457,2025-09-08 06:57:54,collab-v1.2,False,2025-09-08 06:57:54,2025-09-08 06:57:54
4467,285,523,2025-09-25 06:02:57,collab-v1.2,False,2025-09-25 06:02:57,2025-09-25 06:02:57
4468,327,47,2025-07-21 18:17:56,collab-v1.3,False,2025-07-21 18:17:56,2025-07-21 18:17:56
4469,865,262,2026-03-21 21:30:31,content-based-v2.0,True,2026-03-21 21:30:31,2026-03-21 21:30:31
4470,76,432,2025-10-26 16:25:11,content-based-v2.0,False,2025-10-26 16:25:11,2025-10-26 16:25:11
4471,268,288,2026-03-11 04:58:03,collab-v1.3,False,2026-03-11 04:58:03,2026-03-11 04:58:03
4472,798,7,2025-10-21 15:34:24,collab-v1.2,False,2025-10-21 15:34:24,2025-10-21 15:34:24
4473,205,275,2026-01-14 13:09:23,collab-v1.3,False,2026-01-14 13:09:23,2026-01-14 13:09:23
4474,933,296,2026-03-03 05:21:59,collab-v1.3,False,2026-03-03 05:21:59,2026-03-03 05:21:59
4475,13,253,2025-06-25 04:18:17,content-based-v2.0,False,2025-06-25 04:18:17,2025-06-25 04:18:17
4476,592,410,2026-03-02 21:40:08,collab-v1.2,False,2026-03-02 21:40:08,2026-03-02 21:40:08
4477,649,493,2026-02-03 04:55:21,hybrid-v1.0,False,2026-02-03 04:55:21,2026-02-03 04:55:21
4478,13,94,2025-07-17 10:26:33,hybrid-v1.0,False,2025-07-17 10:26:33,2025-07-17 10:26:33
4479,251,573,2026-05-06 07:21:01,collab-v1.3,False,2026-05-06 07:21:01,2026-05-06 07:21:01
4480,462,394,2025-10-18 06:25:23,collab-v1.2,True,2025-10-18 06:25:23,2025-10-18 06:25:23
4481,761,159,2026-02-01 18:48:07,content-based-v2.0,True,2026-02-01 18:48:07,2026-02-01 18:48:07
4482,655,35,2026-05-11 02:17:35,collab-v1.3,True,2026-05-11 02:17:35,2026-05-11 02:17:35
4483,275,397,2025-09-21 02:20:55,hybrid-v1.0,False,2025-09-21 02:20:55,2025-09-21 02:20:55
4484,621,238,2026-02-20 03:13:13,collab-v1.3,False,2026-02-20 03:13:13,2026-02-20 03:13:13
4485,91,464,2026-05-03 10:17:45,content-based-v2.0,False,2026-05-03 10:17:45,2026-05-03 10:17:45
4486,759,175,2026-05-10 23:26:19,collab-v1.2,False,2026-05-10 23:26:19,2026-05-10 23:26:19
4487,460,85,2025-07-10 04:24:54,hybrid-v1.0,False,2025-07-10 04:24:54,2025-07-10 04:24:54
4488,809,261,2025-08-19 07:53:34,collab-v1.2,False,2025-08-19 07:53:34,2025-08-19 07:53:34
4489,329,467,2026-05-25 19:01:26,collab-v1.2,False,2026-05-25 19:01:26,2026-05-25 19:01:26
4490,582,529,2025-08-04 12:52:31,collab-v1.3,False,2025-08-04 12:52:31,2025-08-04 12:52:31
4491,495,572,2025-07-03 21:50:25,hybrid-v1.0,False,2025-07-03 21:50:25,2025-07-03 21:50:25
4492,436,361,2026-04-21 13:17:12,collab-v1.2,True,2026-04-21 13:17:12,2026-04-21 13:17:12
4493,106,204,2026-01-16 17:06:08,collab-v1.3,False,2026-01-16 17:06:08,2026-01-16 17:06:08
4494,873,386,2026-04-17 17:14:59,content-based-v2.0,False,2026-04-17 17:14:59,2026-04-17 17:14:59
4495,568,429,2025-07-26 11:21:38,collab-v1.2,False,2025-07-26 11:21:38,2025-07-26 11:21:38
4496,641,387,2025-08-31 09:36:25,collab-v1.3,False,2025-08-31 09:36:25,2025-08-31 09:36:25
4497,918,96,2026-01-15 12:15:06,hybrid-v1.0,False,2026-01-15 12:15:06,2026-01-15 12:15:06
4498,139,3,2026-04-07 06:51:18,collab-v1.2,False,2026-04-07 06:51:18,2026-04-07 06:51:18
4499,887,14,2026-02-18 12:45:23,collab-v1.3,False,2026-02-18 12:45:23,2026-02-18 12:45:23
4500,283,265,2026-05-25 14:15:59,collab-v1.2,False,2026-05-25 14:15:59,2026-05-25 14:15:59
