rental_id,customer_id,inventory_id,rental_date,due_date,return_date,rental_fee,late_fee,status,created_at,updated_at
1,96,156,2025-08-21,2025-08-31,2025-08-24,2.94,0.0,Returned,2025-08-21 03:00:37,2025-08-24 07:57:57
2,992,1254,2025-11-10,2025-11-17,2025-11-20,4.26,2.25,Returned,2025-11-10 22:32:41,2025-11-20 02:48:54
3,181,880,2025-11-10,2025-11-17,2025-11-17,2.21,0.0,Returned,2025-11-10 08:15:52,2025-11-17 19:14:08
4,326,1407,2026-05-13,2026-05-27,2026-05-21,1.52,0.0,Returned,2026-05-13 11:35:47,2026-05-21 05:40:24
5,801,830,2025-10-10,2025-10-17,,3.54,170.25,Overdue,2025-10-10 17:53:59,2025-10-10 17:53:59
6,584,513,2026-04-17,2026-05-01,2026-04-23,4.31,0.0,Returned,2026-04-17 04:34:43,2026-04-23 21:47:19
7,292,1092,2025-07-23,2025-08-06,2025-08-04,2.84,0.0,Returned,2025-07-23 05:42:05,2025-08-04 06:33:25
8,72,217,2026-03-04,2026-03-18,2026-03-15,1.8,0.0,Returned,2026-03-04 15:29:19,2026-03-15 23:18:33
9,792,42,2026-02-25,2026-03-07,2026-03-01,1.63,0.0,Returned,2026-02-25 03:24:13,2026-03-01 14:49:58
10,581,1382,2025-07-09,2025-07-19,2025-07-12,2.33,0.0,Returned,2025-07-09 11:29:34,2025-07-12 01:51:00
11,949,852,2026-01-21,2026-01-31,,4.74,90.75,Overdue,2026-01-21 06:47:04,2026-01-21 06:47:04
12,809,279,2025-09-12,2025-09-19,2025-09-24,4.07,3.75,Returned,2025-09-12 04:57:02,2025-09-24 15:00:59
13,695,572,2025-06-23,2025-07-07,2025-07-08,8.49,0.75,Returned,2025-06-23 15:26:04,2025-07-08 04:12:24
14,540,273,2025-12-24,2025-12-31,2025-12-29,4.6,0.0,Returned,2025-12-24 19:07:36,2025-12-29 00:59:46
15,184,425,2026-03-20,2026-03-30,2026-03-28,2.18,0.0,Returned,2026-03-20 00:17:50,2026-03-28 15:41:52
16,352,1370,2026-04-06,2026-04-16,2026-04-15,4.51,0.0,Returned,2026-04-06 14:51:20,2026-04-15 10:53:57
17,944,276,2025-10-05,2025-10-15,2025-10-14,2.25,0.0,Returned,2025-10-05 11:17:42,2025-10-14 10:06:04
18,490,1033,2025-11-25,2025-12-02,2025-11-26,3.46,0.0,Returned,2025-11-25 21:01:37,2025-11-26 05:59:15
19,71,151,2026-01-17,2026-01-24,2026-01-19,8.53,0.0,Returned,2026-01-17 16:15:23,2026-01-19 14:12:29
20,154,1163,2025-12-22,2026-01-05,2025-12-24,3.56,0.0,Returned,2025-12-22 13:51:10,2025-12-24 01:28:59
21,985,391,2025-10-03,2025-10-13,2025-10-17,2.76,3.0,Returned,2025-10-03 02:10:04,2025-10-17 10:01:10
22,81,1142,2025-12-12,2025-12-26,2025-12-20,4.33,0.0,Returned,2025-12-12 06:09:28,2025-12-20 21:30:13
23,831,717,2025-08-10,2025-08-20,2025-08-13,8.69,0.0,Returned,2025-08-10 17:31:58,2025-08-13 08:25:11
24,234,823,2026-02-24,2026-03-06,2026-02-24,5.14,0.0,Returned,2026-02-24 11:34:30,2026-02-24 19:17:56
25,701,877,2025-08-04,2025-08-11,2025-08-11,2.46,0.0,Returned,2025-08-04 09:28:14,2025-08-11 20:16:29
26,740,1650,2025-10-05,2025-10-19,,3.53,168.75,Overdue,2025-10-05 02:39:11,2025-10-05 02:39:11
27,840,1089,2025-09-01,2025-09-11,,2.05,197.25,Overdue,2025-09-01 00:26:42,2025-09-01 00:26:42
28,443,48,2025-07-04,2025-07-11,,2.55,243.75,Overdue,2025-07-04 02:30:15,2025-07-04 02:30:15
29,793,496,2026-03-28,2026-04-04,2026-04-04,2.1,0.0,Returned,2026-03-28 01:38:25,2026-04-04 10:57:53
30,481,949,2026-03-12,2026-03-26,2026-03-16,7.76,0.0,Returned,2026-03-12 02:15:12,2026-03-16 10:10:40
31,261,535,2026-02-13,2026-02-27,2026-02-26,1.23,0.0,Returned,2026-02-13 05:37:20,2026-02-26 06:38:30
32,843,1382,2025-09-29,2025-10-09,2025-10-09,1.75,0.0,Returned,2025-09-29 22:48:12,2025-10-09 07:22:56
33,15,395,2026-02-12,2026-02-22,,2.54,74.25,Overdue,2026-02-12 23:56:50,2026-02-12 23:56:50
34,649,247,2025-11-07,2025-11-14,2025-11-07,8.0,0.0,Returned,2025-11-07 02:55:57,2025-11-07 11:03:26
35,307,705,2026-01-25,2026-02-01,2026-01-30,1.55,0.0,Returned,2026-01-25 11:40:53,2026-01-30 05:19:58
36,824,930,2025-12-02,2025-12-09,2025-12-03,4.97,0.0,Returned,2025-12-02 15:54:55,2025-12-03 17:09:06
37,20,32,2026-01-01,2026-01-11,2026-01-08,3.65,0.0,Returned,2026-01-01 10:48:08,2026-01-08 07:31:12
38,763,870,2025-11-06,2025-11-16,2025-11-14,1.9,0.0,Returned,2025-11-06 06:56:45,2025-11-14 10:35:25
39,769,102,2026-03-17,2026-03-27,2026-03-22,1.41,0.0,Returned,2026-03-17 23:30:04,2026-03-22 04:31:38
40,662,1317,2025-11-27,2025-12-04,2025-12-12,3.38,6.0,Returned,2025-11-27 21:05:23,2025-12-12 06:33:06
41,395,1004,2025-07-16,2025-07-30,2025-07-19,1.86,0.0,Returned,2025-07-16 12:42:36,2025-07-19 00:38:02
42,215,1682,2025-06-10,2025-06-17,2025-06-15,4.6,0.0,Returned,2025-06-10 01:58:10,2025-06-15 04:42:48
43,644,400,2025-10-16,2025-10-30,2025-10-27,4.04,0.0,Returned,2025-10-16 07:17:10,2025-10-27 02:36:34
44,156,125,2026-02-25,2026-03-07,2026-03-03,2.15,0.0,Returned,2026-02-25 06:00:43,2026-03-03 15:03:32
45,286,109,2025-09-20,2025-09-30,2025-09-28,2.22,0.0,Returned,2025-09-20 15:46:43,2025-09-28 03:55:27
46,698,470,2025-06-11,2025-06-25,2025-06-14,1.09,0.0,Returned,2025-06-11 07:45:42,2025-06-14 10:37:27
47,633,539,2025-11-06,2025-11-13,2025-11-07,2.95,0.0,Returned,2025-11-06 12:15:08,2025-11-07 14:42:25
48,730,1193,2026-03-01,2026-03-11,2026-03-17,6.57,4.5,Returned,2026-03-01 02:20:30,2026-03-17 06:23:29
49,743,798,2026-02-07,2026-02-21,2026-02-20,3.67,0.0,Returned,2026-02-07 12:17:40,2026-02-20 17:35:19
50,882,1754,2026-02-15,2026-03-01,2026-02-18,4.54,0.0,Returned,2026-02-15 15:20:11,2026-02-18 23:12:30
51,378,1430,2025-09-11,2025-09-21,2025-09-14,1.91,0.0,Returned,2025-09-11 19:54:27,2025-09-14 19:09:41
52,558,1616,2025-08-03,2025-08-10,2025-08-04,2.66,0.0,Returned,2025-08-03 17:52:57,2025-08-04 04:35:13
53,66,26,2025-12-27,2026-01-10,2025-12-30,4.17,0.0,Returned,2025-12-27 08:32:13,2025-12-30 13:23:30
54,200,800,2025-08-20,2025-09-03,2025-09-02,2.58,0.0,Returned,2025-08-20 11:17:30,2025-09-02 14:49:43
55,81,1025,2025-09-29,2025-10-13,2025-10-08,6.66,0.0,Returned,2025-09-29 08:43:03,2025-10-08 00:46:09
56,839,1645,2025-12-13,2025-12-27,2025-12-13,2.11,0.0,Returned,2025-12-13 16:20:21,2025-12-13 16:20:21
57,851,1684,2026-01-18,2026-01-28,2026-01-24,3.79,0.0,Returned,2026-01-18 23:27:03,2026-01-24 00:15:13
58,530,1181,2025-06-13,2025-06-20,2025-06-29,3.1,6.75,Returned,2025-06-13 15:05:32,2025-06-29 09:39:45
59,575,1354,2025-11-18,2025-11-25,2025-11-27,4.88,1.5,Returned,2025-11-18 05:49:29,2025-11-27 06:56:06
60,632,1527,2025-08-26,2025-09-05,2025-09-01,4.17,0.0,Returned,2025-08-26 00:54:42,2025-09-01 22:17:36
61,89,537,2025-06-23,2025-06-30,2025-07-08,2.1,6.0,Returned,2025-06-23 07:14:38,2025-07-08 04:36:47
62,362,451,2026-03-16,2026-03-26,2026-03-16,3.95,0.0,Returned,2026-03-16 21:56:56,2026-03-16 21:56:56
63,358,1520,2026-05-28,2026-06-11,2026-06-07,7.66,0.0,Returned,2026-05-28 19:10:38,2026-06-07 17:08:35
64,125,1416,2025-08-13,2025-08-23,2025-09-02,4.09,7.5,Returned,2025-08-13 21:08:08,2025-09-02 22:16:47
65,298,162,2025-06-13,2025-06-27,2025-06-16,1.56,0.0,Returned,2025-06-13 01:49:21,2025-06-16 07:32:21
66,287,788,2026-05-07,2026-05-17,2026-05-24,3.59,5.25,Returned,2026-05-07 10:38:37,2026-05-24 13:41:41
67,847,1753,2026-02-17,2026-02-24,2026-02-22,3.45,0.0,Returned,2026-02-17 23:56:13,2026-02-22 19:19:59
68,426,1638,2025-07-17,2025-07-24,,2.24,234.0,Overdue,2025-07-17 21:07:13,2025-07-17 21:07:13
69,905,34,2026-04-30,2026-05-10,2026-05-03,3.13,0.0,Returned,2026-04-30 09:34:32,2026-05-03 19:18:46
70,570,1035,2026-04-29,2026-05-09,2026-05-12,2.66,2.25,Returned,2026-04-29 18:07:23,2026-05-12 00:42:17
71,406,371,2026-03-20,2026-04-03,2026-03-29,4.84,0.0,Returned,2026-03-20 00:39:08,2026-03-29 08:16:38
72,559,1211,2026-05-25,2026-06-04,2026-05-31,3.84,-1.5,Returned,2026-05-25 00:52:55,2026-05-31 15:21:36
73,492,1059,2026-05-20,2026-05-30,2026-05-21,2.34,0.0,Returned,2026-05-20 08:52:39,2026-05-21 04:27:20
74,274,750,2025-09-16,2025-09-23,2025-09-22,1.66,0.0,Returned,2025-09-16 17:16:16,2025-09-22 17:10:50
75,417,1502,2025-06-29,2025-07-06,2025-07-03,5.16,0.0,Returned,2025-06-29 11:55:50,2025-07-03 14:33:48
76,457,1034,2025-11-22,2025-11-29,2025-11-23,2.7,0.0,Returned,2025-11-22 19:05:55,2025-11-23 00:27:18
77,398,1495,2025-06-23,2025-07-03,2025-06-30,2.7,0.0,Returned,2025-06-23 08:11:52,2025-06-30 14:58:16
78,784,126,2026-02-15,2026-02-25,2026-02-28,1.72,2.25,Returned,2026-02-15 17:15:49,2026-02-28 07:13:18
79,859,1062,2025-10-05,2025-10-12,2025-10-12,2.13,0.0,Returned,2025-10-05 00:43:04,2025-10-12 02:17:57
80,467,931,2025-09-21,2025-10-01,2025-09-22,1.89,0.0,Returned,2025-09-21 21:35:35,2025-09-22 04:12:03
81,533,503,2025-07-24,2025-08-07,2025-07-28,4.74,0.0,Returned,2025-07-24 05:17:27,2025-07-28 04:51:03
82,420,805,2026-03-13,2026-03-20,2026-03-14,4.79,0.0,Returned,2026-03-13 15:55:38,2026-03-14 17:00:21
83,157,383,2025-12-28,2026-01-11,2026-01-01,2.01,0.0,Returned,2025-12-28 13:32:42,2026-01-01 04:16:26
84,524,134,2025-08-02,2025-08-12,2025-08-02,1.37,0.0,Returned,2025-08-02 14:01:47,2025-08-02 14:01:47
85,532,273,2026-05-29,2026-06-05,2026-05-29,3.12,0.0,Returned,2026-05-29 07:17:47,2026-05-29 07:17:47
86,10,198,2026-04-10,2026-04-17,2026-04-10,2.6,0.0,Returned,2026-04-10 12:58:33,2026-04-10 14:14:46
87,878,569,2025-11-22,2025-11-29,2025-11-28,2.64,0.0,Returned,2025-11-22 11:11:10,2025-11-28 13:51:16
88,732,805,2025-06-25,2025-07-02,2025-06-30,4.33,0.0,Returned,2025-06-25 15:21:50,2025-06-30 23:31:48
89,937,140,2025-07-20,2025-08-03,2025-07-28,4.02,0.0,Returned,2025-07-20 08:33:25,2025-07-28 12:15:42
90,71,739,2025-09-10,2025-09-20,2025-09-27,2.27,5.25,Returned,2025-09-10 19:15:34,2025-09-27 05:32:26
91,448,1270,2025-09-24,2025-10-01,2025-09-25,5.86,0.0,Returned,2025-09-24 23:34:32,2025-09-25 18:14:04
92,216,691,2025-06-24,2025-07-01,2025-06-25,4.73,-1.5,Returned,2025-06-24 23:38:01,2025-06-25 16:34:48
93,4,79,2025-11-23,2025-11-30,2025-11-24,2.76,0.0,Returned,2025-11-23 15:30:35,2025-11-24 17:33:03
94,623,1041,2026-04-28,2026-05-12,2026-05-04,2.33,0.0,Returned,2026-04-28 14:40:11,2026-05-04 13:28:11
95,80,1613,2025-09-05,2025-09-15,2025-09-05,3.93,0.0,Returned,2025-09-05 02:57:26,2025-09-05 06:46:09
96,764,1127,2025-06-06,2025-06-13,2025-06-06,1.02,-1.5,Returned,2025-06-06 19:49:27,2025-06-06 21:11:03
97,257,1552,2025-09-21,2025-10-01,2025-09-29,3.26,0.0,Returned,2025-09-21 13:48:02,2025-09-29 07:30:08
98,316,1504,2025-08-28,2025-09-04,2025-09-01,6.67,0.0,Returned,2025-08-28 11:55:13,2025-09-01 04:17:45
99,473,710,2026-04-03,2026-04-10,2026-04-15,2.66,3.75,Returned,2026-04-03 12:58:52,2026-04-15 16:34:12
100,299,1769,2026-04-10,2026-04-17,2026-04-14,7.91,0.0,Returned,2026-04-10 14:36:27,2026-04-14 12:30:41
101,861,1588,2026-04-30,2026-05-10,2026-05-04,2.1,0.0,Returned,2026-04-30 22:29:19,2026-05-04 01:51:06
102,328,752,2026-05-29,2026-06-12,2026-06-02,2.57,0.0,Returned,2026-05-29 11:37:24,2026-06-02 13:23:16
103,323,1641,2026-05-17,2026-05-31,2026-05-27,4.58,0.0,Returned,2026-05-17 09:22:24,2026-05-27 21:05:49
104,867,1595,2025-11-19,2025-11-29,2025-11-27,6.34,0.0,Returned,2025-11-19 15:46:04,2025-11-27 21:05:01
105,673,1693,2025-12-23,2025-12-30,2025-12-24,2.3,0.0,Returned,2025-12-23 02:58:45,2025-12-24 13:06:33
106,447,1262,2026-03-25,2026-04-01,2026-03-26,3.4,0.0,Returned,2026-03-25 21:29:55,2026-03-26 16:32:08
107,351,1622,2025-12-07,2025-12-14,2025-12-10,2.17,0.0,Returned,2025-12-07 16:06:25,2025-12-10 22:04:21
108,164,1077,2025-06-22,2025-07-02,2025-06-26,3.39,0.0,Returned,2025-06-22 14:32:26,2025-06-26 23:13:42
109,72,1476,2025-07-28,2025-08-04,2025-08-05,6.17,0.75,Returned,2025-07-28 17:33:22,2025-08-05 08:01:18
110,588,203,2025-08-03,2025-08-17,2025-08-25,4.99,6.0,Returned,2025-08-03 04:37:03,2025-08-25 11:34:29
111,747,609,2025-10-03,2025-10-17,2025-10-11,8.37,0.0,Returned,2025-10-03 00:37:46,2025-10-11 09:08:43
112,135,42,2026-01-14,2026-01-24,2026-01-21,2.31,0.0,Returned,2026-01-14 11:06:25,2026-01-21 00:49:56
113,364,1192,2025-11-09,2025-11-19,2025-11-09,2.09,0.0,Returned,2025-11-09 04:52:46,2025-11-09 06:25:21
114,681,383,2025-10-02,2025-10-09,2025-10-11,1.08,1.5,Returned,2025-10-02 01:11:03,2025-10-11 20:37:54
115,159,760,2025-06-08,2025-06-15,2025-06-08,2.43,0.0,Returned,2025-06-08 00:21:56,2025-06-08 05:43:09
116,550,602,2026-03-27,2026-04-06,2026-04-03,4.18,0.0,Returned,2026-03-27 20:51:17,2026-04-03 02:43:30
117,843,642,2025-09-14,2025-09-24,2025-09-15,2.55,0.0,Returned,2025-09-14 09:47:19,2025-09-15 10:31:54
118,814,1400,2026-01-18,2026-01-28,2026-01-27,2.42,0.0,Returned,2026-01-18 21:33:40,2026-01-27 23:11:28
119,957,1317,2026-04-12,2026-04-26,2026-04-22,3.95,0.0,Returned,2026-04-12 02:36:08,2026-04-22 12:04:53
120,698,128,2026-02-09,2026-02-16,2026-02-13,4.46,0.0,Returned,2026-02-09 19:07:34,2026-02-13 14:36:11
121,65,863,2025-09-22,2025-10-02,2025-09-28,3.1,0.0,Returned,2025-09-22 01:53:22,2025-09-28 11:17:15
122,917,1153,2025-10-11,2025-10-21,2025-10-16,1.82,0.0,Returned,2025-10-11 16:55:08,2025-10-16 10:23:56
123,796,154,2025-12-12,2025-12-19,2025-12-17,6.12,0.0,Returned,2025-12-12 18:57:31,2025-12-17 04:49:57
124,174,282,2026-05-06,2026-05-16,2026-05-11,2.33,0.0,Returned,2026-05-06 04:51:45,2026-05-11 23:21:58
125,832,400,2025-10-05,2025-10-19,2025-10-13,4.87,0.0,Returned,2025-10-05 07:38:11,2025-10-13 06:25:36
126,619,119,2025-12-04,2025-12-11,2025-12-06,4.94,0.0,RETURNED,2025-12-04 17:55:08,2025-12-06 13:54:37
127,652,153,2025-08-05,2025-08-15,2025-08-13,4.75,0.0,Returned,2025-08-05 17:10:54,2025-08-13 00:37:21
128,25,162,2026-05-18,2026-05-25,,1.87,5.25,Overdue,2026-05-18 20:22:10,2026-05-18 20:22:10
129,275,603,2025-09-21,2025-09-28,2025-09-28,2.24,0.0,Returned,2025-09-21 07:30:14,2025-09-28 01:35:50
130,432,1332,2025-09-04,2025-09-14,2025-09-06,4.22,0.0,Returned,2025-09-04 17:50:32,2025-09-06 21:44:00
131,700,178,2025-08-31,2025-09-14,2025-09-05,2.11,0.0,Returned,2025-08-31 21:08:22,2025-09-05 00:54:38
132,596,1343,2025-07-15,2025-07-22,2025-07-19,2.89,0.0,Returned,2025-07-15 06:25:21,2025-07-19 04:51:17
133,31,1616,2026-01-16,2026-01-26,2026-01-16,3.79,0.0,Returned,2026-01-16 06:45:10,2026-01-16 18:09:15
134,763,930,2025-09-11,2025-09-25,2025-09-15,4.21,0.0,Returned,2025-09-11 17:32:49,2025-09-15 02:47:41
135,775,919,2025-06-30,2025-07-10,2025-06-30,1.66,0.0,Returned,2025-06-30 16:09:37,2025-06-30 17:13:38
136,747,1538,2026-05-03,2026-05-17,2026-05-18,2.7,0.75,Returned,2026-05-03 08:08:54,2026-05-18 11:17:46
137,922,1606,2026-05-08,2026-05-18,,2.02,10.5,Overdue,2026-05-08 12:26:20,2026-05-08 12:26:20
138,109,1678,2026-01-25,2026-02-04,2026-02-04,3.24,0.0,Returned,2026-01-25 02:46:06,2026-02-04 16:42:14
139,258,1561,2025-11-02,2025-11-16,2025-11-03,2.52,0.0,Returned,2025-11-02 20:39:39,2025-11-03 04:52:24
140,615,165,2025-10-12,2025-10-22,2025-10-19,4.99,0.0,Returned,2025-10-12 14:28:10,2025-10-19 23:47:08
141,682,642,2025-08-10,2025-08-20,2025-08-14,2.38,0.0,Returned,2025-08-10 19:18:12,2025-08-14 16:34:00
142,526,133,2025-07-23,2025-07-30,2025-07-26,1.26,0.0,Returned,2025-07-23 20:26:49,2025-07-26 23:00:21
143,74,524,2025-11-17,2025-11-27,2025-11-22,5.01,0.0,Returned,2025-11-17 09:25:04,2025-11-22 16:55:53
144,441,1217,2025-09-28,2025-10-08,2025-10-08,2.48,0.0,Returned,2025-09-28 03:58:46,2025-10-08 09:08:53
145,462,1666,2025-10-24,2025-11-07,2025-11-07,1.63,0.0,RETURNED,2025-10-24 13:51:52,2025-11-07 11:55:11
146,328,458,2026-03-07,2026-03-17,2026-03-08,4.95,0.0,Returned,2026-03-07 16:06:48,2026-03-08 02:54:17
147,457,19,2025-07-12,2025-07-22,2025-07-17,3.04,0.0,Returned,2025-07-12 01:10:25,2025-07-17 10:56:32
148,366,1059,2025-12-28,2026-01-11,2026-01-05,2.05,0.0,Returned,2025-12-28 14:21:00,2026-01-05 10:22:38
149,818,1254,2026-03-11,2026-03-18,2026-03-21,4.43,2.25,Returned,2026-03-11 16:07:01,2026-03-21 06:31:12
150,862,1284,2025-06-11,2025-06-25,2025-06-19,3.99,0.0,Returned,2025-06-11 17:43:34,2025-06-19 11:26:45
151,101,869,2025-11-08,2025-11-18,2025-11-27,4.76,6.75,Returned,2025-11-08 06:54:51,2025-11-27 21:31:41
152,925,1432,2025-09-03,2025-09-10,2025-09-05,1.65,0.0,Returned,2025-09-03 05:12:21,2025-09-05 00:49:00
153,646,41,2026-05-22,2026-06-05,,1.98,0.0,Active,2026-05-22 20:42:02,2026-05-22 20:42:02
154,640,1368,2025-06-14,2025-06-21,2025-06-19,4.74,0.0,Returned,2025-06-14 08:05:03,2025-06-19 01:22:58
155,741,800,2026-02-24,2026-03-10,2026-03-08,2.84,0.0,Returned,2026-02-24 20:07:57,2026-03-08 05:22:24
156,828,24,2025-07-21,2025-07-31,2025-07-22,3.15,0.0,Returned,2025-07-21 21:32:13,2025-07-22 07:05:05
157,159,886,2025-07-16,2025-07-26,2025-07-22,2.19,0.0,Returned,2025-07-16 12:52:53,2025-07-22 13:08:15
158,872,256,2025-12-21,2025-12-31,2025-12-27,7.02,0.0,Returned,2025-12-21 04:57:20,2025-12-27 06:05:21
159,109,331,2026-03-19,2026-03-26,2026-03-20,1.33,0.0,Returned,2026-03-19 06:39:53,2026-03-20 05:37:28
160,54,991,2026-02-14,2026-02-28,2026-02-17,4.18,0.0,Returned,2026-02-14 15:17:06,2026-02-17 15:06:55
161,740,981,2026-03-20,2026-04-03,2026-03-29,3.42,0.0,Returned,2026-03-20 18:19:14,2026-03-29 11:29:52
162,901,1264,2026-05-28,2026-06-07,2026-05-28,3.5,0.0,Returned,2026-05-28 16:37:50,2026-05-28 16:37:50
163,412,440,2025-09-02,2025-09-12,2025-09-02,1.35,0.0,Returned,2025-09-02 03:52:13,2025-09-02 07:54:48
164,469,1360,2025-10-30,2025-11-13,2025-11-05,1.49,0.0,Returned,2025-10-30 16:18:29,2025-11-05 18:35:47
165,568,39,2025-08-29,2025-09-08,2025-09-12,4.18,3.0,Returned,2025-08-29 14:56:08,2025-09-12 16:52:00
166,329,786,2025-11-13,2025-11-20,,2.88,144.75,Overdue,2025-11-13 09:10:17,2025-11-13 09:10:17
167,303,524,2026-05-28,2026-06-11,2026-06-09,6.53,0.0,Returned,2026-05-28 08:29:06,2026-06-09 20:57:50
168,102,195,2026-05-17,2026-05-31,2026-05-18,1.6,0.0,Returned,2026-05-17 20:48:30,2026-05-18 06:58:35
169,157,966,2025-06-26,2025-07-03,2025-07-08,3.03,3.75,Returned,2025-06-26 03:30:25,2025-07-08 09:15:44
170,318,20,2026-03-23,2026-04-06,,3.92,42.0,Overdue,2026-03-23 14:15:12,2026-03-23 14:15:12
171,64,1554,2026-04-21,2026-04-28,2026-04-23,1.55,0.0,Returned,2026-04-21 00:31:24,2026-04-23 11:08:08
172,78,619,2026-01-04,2026-01-18,2026-01-06,2.69,0.0,Returned,2026-01-04 10:15:18,2026-01-06 02:19:13
173,742,1159,2025-11-11,2025-11-21,2025-11-11,6.85,0.0,Returned,2025-11-11 04:31:10,2025-11-11 17:08:29
174,364,1124,2026-01-22,2026-02-01,2026-01-27,1.84,0.0,Returned,2026-01-22 00:56:10,2026-01-27 23:51:48
175,671,1081,2025-11-23,2025-12-07,,4.41,132.0,Overdue,2025-11-23 20:12:51,2025-11-23 20:12:51
176,502,272,2025-09-20,2025-09-30,2025-10-01,4.98,0.75,Returned,2025-09-20 18:43:07,2025-10-01 01:16:08
177,364,671,2026-01-12,2026-01-26,2026-01-22,2.14,0.0,Returned,2026-01-12 05:54:39,2026-01-22 00:18:37
178,992,641,2026-01-19,2026-02-02,2026-01-24,1.88,0.0,Returned,2026-01-19 11:41:25,2026-01-24 21:02:02
179,99,939,2026-03-25,2026-04-08,2026-03-25,3.0,0.0,Returned,2026-03-25 19:16:53,2026-03-25 19:16:53
180,67,1180,2025-07-18,2025-07-25,2025-07-21,2.91,0.0,Returned,2025-07-18 12:16:17,2025-07-21 07:54:29
181,73,1391,2025-10-12,2025-10-19,2025-10-12,2.98,0.0,Returned,2025-10-12 21:48:05,2025-10-12 21:48:05
182,344,1351,2026-01-16,2026-01-30,2026-01-23,4.7,0.0,Returned,2026-01-16 16:09:51,2026-01-23 15:35:24
183,351,1209,2025-09-25,2025-10-05,2025-10-10,2.19,3.75,Returned,2025-09-25 17:35:20,2025-10-10 02:05:59
184,859,1242,2025-06-14,2025-06-28,2025-06-22,4.34,0.0,Returned,2025-06-14 17:21:15,2025-06-22 02:32:11
185,821,1232,2025-07-23,2025-08-06,2025-08-06,2.76,0.0,Returned,2025-07-23 00:29:18,2025-08-06 13:28:16
186,355,1720,2026-04-21,2026-04-28,2026-04-27,2.08,0.0,Returned,2026-04-21 08:26:07,2026-04-27 05:20:47
187,940,466,2026-02-27,2026-03-06,2026-03-13,3.96,5.25,Returned,2026-02-27 01:47:13,2026-03-13 17:11:18
188,864,27,2026-02-22,2026-03-01,,4.04,69.0,OVERDUE,2026-02-22 14:06:33,2026-02-22 14:06:33
189,835,1237,2025-07-29,2025-08-12,2025-08-06,2.19,0.0,Returned,2025-07-29 03:21:24,2025-08-06 16:05:05
190,931,749,2025-06-24,2025-07-08,2025-07-04,2.61,0.0,Returned,2025-06-24 08:39:01,2025-07-04 14:08:33
191,784,33,2026-02-03,2026-02-13,2026-02-20,4.28,5.25,Returned,2026-02-03 14:02:20,2026-02-20 21:36:35
192,747,1278,2026-03-14,2026-03-24,2026-03-15,2.55,-1.5,Returned,2026-03-14 17:44:19,2026-03-15 21:04:45
193,395,528,2025-08-25,2025-09-08,2025-09-08,3.65,0.0,Returned,2025-08-25 22:24:18,2025-09-08 23:18:50
194,795,88,2025-06-27,2025-07-11,,2.18,243.75,Overdue,2025-06-27 22:08:23,2025-06-27 22:08:23
195,630,1458,2025-10-24,2025-11-07,,3.48,154.5,Overdue,2025-10-24 14:28:28,2025-10-24 14:28:28
196,509,334,2025-07-22,2025-07-29,2025-07-27,1.49,0.0,Returned,2025-07-22 06:18:11,2025-07-27 16:31:14
197,635,643,2026-05-20,2026-05-30,2026-06-01,2.11,3.0,Returned,2026-05-20 08:31:29,2026-06-01 21:15:49
198,278,712,2026-02-17,2026-02-27,2026-02-24,2.32,0.0,Returned,2026-02-17 07:53:32,2026-02-24 15:21:58
199,985,352,2026-05-12,2026-05-26,2026-05-28,2.41,1.5,Returned,2026-05-12 03:07:45,2026-05-28 13:03:29
200,322,1260,2025-09-28,2025-10-08,2025-10-03,3.4,0.0,Returned,2025-09-28 16:48:15,2025-10-03 17:33:33
201,286,1259,2025-09-12,2025-09-22,2025-09-20,4.5,0.0,Returned,2025-09-12 11:48:41,2025-09-20 14:36:50
202,474,1531,2025-09-26,2025-10-10,2025-10-04,1.91,0.0,Returned,2025-09-26 05:47:22,2025-10-04 16:48:50
203,249,512,2026-02-26,2026-03-08,2026-03-07,2.47,0.0,RETURNED,2026-02-26 12:15:30,2026-03-07 03:41:52
204,546,484,2025-11-07,2025-11-21,2025-11-23,2.27,1.5,Returned,2025-11-07 01:14:49,2025-11-23 14:57:14
205,207,1373,2025-08-09,2025-08-16,2025-08-13,3.32,0.0,Returned,2025-08-09 01:18:25,2025-08-13 19:27:23
206,603,1652,2025-08-20,2025-08-27,2025-09-03,4.27,5.25,Returned,2025-08-20 19:20:45,2025-09-03 20:11:45
207,796,1317,2026-03-27,2026-04-10,2026-04-06,3.89,0.0,Returned,2026-03-27 04:43:04,2026-04-06 15:20:38
208,310,1655,2025-10-23,2025-10-30,2025-10-27,2.45,0.0,Returned,2025-10-23 20:01:21,2025-10-27 21:11:13
209,985,1291,2025-10-28,2025-11-11,2025-10-30,1.95,0.0,Returned,2025-10-28 11:29:43,2025-10-30 21:43:39
210,534,929,2025-12-13,2025-12-20,2025-12-14,3.58,0.0,Returned,2025-12-13 10:57:35,2025-12-14 20:24:15
211,534,496,2026-05-01,2026-05-15,2026-05-12,2.51,0.0,Returned,2026-05-01 15:21:47,2026-05-12 12:24:17
212,684,644,2026-03-15,2026-03-25,2026-03-17,2.57,0.0,Returned,2026-03-15 09:24:18,2026-03-17 05:47:16
213,673,175,2026-03-26,2026-04-05,2026-03-28,1.61,0.0,Returned,2026-03-26 22:34:18,2026-03-28 12:27:46
214,211,637,2025-08-10,2025-08-17,2025-08-10,2.05,0.0,Returned,2025-08-10 19:13:39,2025-08-10 23:34:01
215,420,743,2025-07-28,2025-08-07,2025-08-07,3.47,0.0,Returned,2025-07-28 08:04:54,2025-08-07 23:24:13
216,373,40,2025-09-04,2025-09-18,2025-09-13,3.14,0.0,Returned,2025-09-04 20:44:49,2025-09-13 01:46:11
217,9,308,2025-10-07,2025-10-21,2025-10-17,1.99,0.0,Returned,2025-10-07 01:00:42,2025-10-17 09:29:37
218,909,465,2026-04-01,2026-04-15,2026-04-08,5.0,0.0,Returned,2026-04-01 08:15:29,2026-04-08 19:47:15
219,296,521,2025-08-16,2025-08-30,2025-08-25,4.1,0.0,Returned,2025-08-16 19:57:40,2025-08-25 07:16:11
220,163,1007,2026-03-03,2026-03-17,2026-03-17,2.72,0.0,Returned,2026-03-03 05:28:03,2026-03-17 22:41:56
221,323,544,2026-05-26,2026-06-05,2026-05-26,8.79,0.0,Returned,2026-05-26 19:07:09,2026-05-26 19:07:09
222,868,651,2026-03-31,2026-04-07,2026-04-01,3.32,0.0,Returned,2026-03-31 08:05:47,2026-04-01 17:09:49
223,32,907,2025-08-23,2025-09-06,2025-08-30,4.65,0.0,Returned,2025-08-23 05:54:44,2025-08-30 06:07:34
224,770,1752,2026-05-26,2026-06-05,2026-06-02,8.27,0.0,Returned,2026-05-26 01:29:40,2026-06-02 21:20:12
225,822,882,2025-12-28,2026-01-07,2025-12-29,2.25,0.0,Returned,2025-12-28 15:45:44,2025-12-29 22:44:00
226,252,83,2026-01-13,2026-01-27,2026-01-13,4.88,0.0,Returned,2026-01-13 04:08:42,2026-01-13 10:37:28
227,187,1689,2025-11-23,2025-12-07,2025-12-06,3.76,0.0,Returned,2025-11-23 11:03:15,2025-12-06 08:26:53
228,838,1287,2026-04-04,2026-04-11,2026-04-05,4.47,0.0,Returned,2026-04-04 15:56:32,2026-04-05 23:07:05
229,500,65,2026-02-12,2026-02-19,2026-02-12,4.08,0.0,Returned,2026-02-12 12:12:02,2026-02-12 12:12:02
230,533,947,2025-09-23,2025-10-07,2025-10-15,4.48,6.0,Returned,2025-09-23 16:10:16,2025-10-15 16:19:37
231,521,222,2025-07-06,2025-07-16,2025-07-15,1.64,0.0,Returned,2025-07-06 13:02:29,2025-07-15 23:38:07
232,960,1169,2025-07-30,2025-08-09,,1.31,222.0,Overdue,2025-07-30 05:53:59,2025-07-30 05:53:59
233,970,152,2026-04-04,2026-04-18,2026-04-09,4.6,0.0,Returned,2026-04-04 00:55:34,2026-04-09 13:09:03
234,250,484,2026-02-25,2026-03-11,2026-02-26,1.67,0.0,Returned,2026-02-25 21:46:27,2026-02-26 00:11:28
235,143,894,2025-07-07,2025-07-21,2025-07-12,2.57,0.0,Returned,2025-07-07 05:41:53,2025-07-12 20:16:52
236,329,1047,2026-01-23,2026-02-02,2026-01-24,1.7,0.0,Returned,2026-01-23 09:29:31,2026-01-24 10:43:55
237,350,1644,2025-09-14,2025-09-24,2025-09-14,3.38,0.0,Returned,2025-09-14 06:07:45,2025-09-14 06:07:45
238,409,348,2025-07-28,2025-08-07,2025-07-31,1.28,0.0,Returned,2025-07-28 07:23:46,2025-07-31 07:10:58
239,32,990,2026-05-24,2026-05-31,2026-05-30,4.85,0.0,Returned,2026-05-24 15:53:25,2026-05-30 02:08:24
240,861,1014,2025-11-11,2025-11-25,2025-11-20,2.63,0.0,Returned,2025-11-11 20:30:12,2025-11-20 15:39:54
241,111,472,2025-08-12,2025-08-19,2025-08-15,1.84,0.0,Returned,2025-08-12 19:05:41,2025-08-15 03:29:29
242,745,166,2026-03-12,2026-03-26,2026-03-12,4.39,0.0,Returned,2026-03-12 22:50:24,2026-03-12 22:50:24
243,637,1685,2025-09-22,2025-10-06,2025-09-28,3.63,0.0,Returned,2025-09-22 03:42:20,2025-09-28 19:16:01
244,227,1637,2026-02-07,2026-02-21,2026-02-21,2.75,0.0,Returned,2026-02-07 03:54:52,2026-02-21 06:01:47
245,376,1651,2025-07-11,2025-07-21,,3.35,236.25,Overdue,2025-07-11 02:08:48,2025-07-11 02:08:48
246,907,895,2026-02-20,2026-03-06,2026-02-25,2.79,0.0,Returned,2026-02-20 17:55:21,2026-02-25 08:07:02
247,656,901,2026-03-10,2026-03-24,2026-03-27,4.53,2.25,Returned,2026-03-10 02:34:19,2026-03-27 01:40:25
248,396,1,2025-12-01,2025-12-08,,2.09,131.25,Overdue,2025-12-01 09:41:44,2025-12-01 09:41:44
249,283,1058,2025-09-16,2025-09-26,2025-09-25,1.4,0.0,Returned,2025-09-16 07:08:23,2025-09-25 04:25:40
250,371,1699,2026-02-18,2026-02-28,2026-02-19,1.64,0.0,Returned,2026-02-18 22:04:57,2026-02-19 17:34:54
251,84,534,2025-09-27,2025-10-04,2025-10-04,2.26,0.0,Returned,2025-09-27 09:56:26,2025-10-04 22:00:52
252,341,521,2026-04-20,2026-04-27,2026-04-21,4.57,0.0,Returned,2026-04-20 18:49:50,2026-04-21 09:24:30
253,535,1315,2026-02-11,2026-02-18,2026-02-15,4.53,0.0,Returned,2026-02-11 14:30:39,2026-02-15 16:47:27
254,995,1310,2025-09-11,2025-09-18,2025-09-16,2.88,0.0,Returned,2025-09-11 08:04:02,2025-09-16 18:59:00
255,664,1022,2026-03-13,2026-03-20,2026-03-13,6.35,0.0,Returned,2026-03-13 04:08:25,2026-03-13 12:47:25
256,132,1211,2025-06-09,2025-06-16,,3.97,262.5,Overdue,2025-06-09 19:24:52,2025-06-09 19:24:52
257,354,833,2025-12-12,2025-12-26,2025-12-18,4.85,0.0,Returned,2025-12-12 08:24:00,2025-12-18 04:46:28
258,60,1235,2025-07-30,2025-08-09,2025-08-02,1.54,0.0,Returned,2025-07-30 20:41:22,2025-08-02 06:34:58
259,52,763,2026-01-10,2026-01-24,2026-01-19,2.76,0.0,Returned,2026-01-10 12:36:07,2026-01-19 13:19:48
260,389,934,2025-09-10,2025-09-17,2025-09-22,1.19,3.75,Returned,2025-09-10 16:32:32,2025-09-22 13:04:16
261,138,1528,2026-03-21,2026-04-04,2026-04-03,2.9,0.0,Returned,2026-03-21 22:24:32,2026-04-03 10:37:45
262,382,728,2025-10-16,2025-10-30,2025-10-21,7.54,0.0,Returned,2025-10-16 09:54:08,2025-10-21 01:30:44
263,200,700,2025-11-24,2025-12-04,2025-11-28,2.41,0.0,Returned,2025-11-24 15:26:17,2025-11-28 13:38:56
264,958,757,2025-07-24,2025-08-03,2025-08-07,1.93,3.0,Returned,2025-07-24 17:50:47,2025-08-07 01:06:39
265,713,313,2025-06-19,2025-06-29,,3.43,252.75,Overdue,2025-06-19 17:35:40,2025-06-19 17:35:40
266,362,1422,2025-07-10,2025-07-20,2025-07-16,2.07,0.0,Returned,2025-07-10 05:22:06,2025-07-16 09:40:08
267,186,1639,2025-08-06,2025-08-13,2025-08-07,1.63,0.0,Returned,2025-08-06 14:11:31,2025-08-07 06:34:44
268,525,289,2026-04-16,2026-04-26,2026-04-16,1.75,0.0,Returned,2026-04-16 22:13:14,2026-04-16 22:13:14
269,832,916,2025-08-09,2025-08-19,2025-08-19,3.72,0.0,Returned,2025-08-09 14:15:02,2025-08-19 19:06:15
270,225,957,2026-01-07,2026-01-17,2026-01-07,7.36,0.0,Returned,2026-01-07 19:56:34,2026-01-07 19:56:34
271,803,881,2026-04-08,2026-04-15,2026-04-14,1.71,0.0,Returned,2026-04-08 08:33:41,2026-04-14 11:33:21
272,83,124,2025-07-20,2025-08-03,2025-07-24,1.16,0.0,Returned,2025-07-20 08:00:39,2025-07-24 00:21:01
273,310,1401,2025-11-19,2025-11-26,2025-12-03,1.06,5.25,Returned,2025-11-19 00:15:54,2025-12-03 23:42:40
274,141,955,2025-11-19,2025-11-29,2025-12-01,8.35,1.5,Returned,2025-11-19 08:30:56,2025-12-01 01:40:34
275,861,1173,2025-06-11,2025-06-21,2025-06-15,3.92,0.0,Returned,2025-06-11 10:07:56,2025-06-15 10:16:59
276,502,1455,2025-06-20,2025-06-30,2025-06-26,1.93,0.0,Returned,2025-06-20 02:40:50,2025-06-26 15:18:55
277,405,664,2025-06-10,2025-06-20,2025-06-20,1.68,0.0,Returned,2025-06-10 04:31:09,2025-06-20 23:13:51
278,931,1648,2026-03-12,2026-03-22,2026-03-20,3.42,0.0,Returned,2026-03-12 13:11:14,2026-03-20 02:34:24
279,338,487,2025-08-02,2025-08-09,2025-08-08,3.79,0.0,Returned,2025-08-02 03:39:17,2025-08-08 21:55:14
280,196,1430,2025-09-30,2025-10-10,2025-10-08,2.32,0.0,Returned,2025-09-30 11:47:37,2025-10-08 06:14:24
281,653,1603,2025-12-03,2025-12-10,2025-12-10,2.82,0.0,Returned,2025-12-03 21:34:52,2025-12-10 08:24:08
282,587,1092,2025-08-17,2025-08-24,2025-08-17,2.99,0.0,Returned,2025-08-17 02:24:08,2025-08-17 05:54:23
283,211,1751,2025-09-24,2025-10-01,2025-10-06,6.05,3.75,Returned,2025-09-24 22:40:56,2025-10-06 15:20:31
284,3,113,2026-02-03,2026-02-17,,4.83,78.0,Overdue,2026-02-03 11:32:22,2026-02-03 11:32:22
285,528,758,2026-03-20,2026-03-30,,2.5,47.25,Overdue,2026-03-20 15:18:11,2026-03-20 15:18:11
286,924,1500,2026-01-19,2026-01-29,2026-01-22,1.99,0.0,Returned,2026-01-19 01:28:53,2026-01-22 01:59:43
287,149,660,2025-08-04,2025-08-18,2025-08-08,2.78,0.0,Returned,2025-08-04 07:16:55,2025-08-08 14:54:36
288,298,265,2025-07-18,2025-08-01,2025-07-27,5.84,0.0,Returned,2025-07-18 06:57:08,2025-07-27 05:33:33
289,304,755,2026-02-15,2026-03-01,2026-02-18,1.67,0.0,Returned,2026-02-15 03:45:49,2026-02-18 21:38:38
290,345,276,2025-12-27,2026-01-06,2025-12-31,2.63,0.0,Returned,2025-12-27 03:18:39,2025-12-31 11:41:34
291,55,1662,2025-12-10,2025-12-17,2025-12-14,2.77,0.0,Returned,2025-12-10 13:05:46,2025-12-14 07:55:55
292,24,888,2025-06-28,2025-07-12,2025-07-09,2.73,0.0,Returned,2025-06-28 18:56:13,2025-07-09 05:55:39
293,339,1327,2026-03-24,2026-04-03,2026-03-29,4.65,0.0,Returned,2026-03-24 23:06:15,2026-03-29 06:22:48
294,331,1192,2025-10-30,2025-11-06,,2.32,155.25,OVERDUE,2025-10-30 14:17:00,2025-10-30 14:17:00
295,75,1262,2025-10-03,2025-10-17,2025-10-21,3.61,3.0,Returned,2025-10-03 14:45:40,2025-10-21 07:27:58
296,206,1574,2026-01-30,2026-02-06,2026-02-02,3.0,0.0,Returned,2026-01-30 18:32:05,2026-02-02 18:59:45
297,598,426,2025-09-22,2025-09-29,2025-10-07,4.59,6.0,Returned,2025-09-22 13:08:24,2025-10-07 19:19:03
298,637,1651,2026-05-26,2026-06-05,,4.21,0.0,Active,2026-05-26 16:22:06,2026-05-26 16:22:06
299,323,1199,2025-09-05,2025-09-19,2025-09-15,4.34,0.0,Returned,2025-09-05 12:01:21,2025-09-15 06:29:35
300,975,1738,2025-10-19,2025-10-26,2025-10-25,2.19,0.0,Returned,2025-10-19 03:08:03,2025-10-25 07:12:03
301,49,224,2025-11-15,2025-11-25,2025-12-04,1.76,6.75,Returned,2025-11-15 23:02:42,2025-12-04 15:13:50
302,578,937,2025-06-12,2025-06-22,2025-06-16,1.37,0.0,Returned,2025-06-12 19:50:25,2025-06-16 23:40:00
303,709,1264,2025-08-11,2025-08-21,2025-08-15,3.72,0.0,Returned,2025-08-11 11:04:04,2025-08-15 06:09:57
304,799,216,2025-08-29,2025-09-05,2025-09-01,2.89,0.0,Returned,2025-08-29 15:37:53,2025-09-01 15:57:33
305,990,1114,2025-09-26,2025-10-10,2025-10-06,2.77,0.0,Returned,2025-09-26 01:23:43,2025-10-06 18:36:50
306,233,360,2025-12-04,2025-12-14,2025-12-07,2.19,0.0,Returned,2025-12-04 15:29:33,2025-12-07 00:50:53
307,884,77,2025-07-21,2025-07-31,2025-07-29,4.55,0.0,Returned,2025-07-21 15:03:17,2025-07-29 15:45:18
308,800,100,2025-07-02,2025-07-12,2025-07-03,3.43,0.0,Returned,2025-07-02 00:41:23,2025-07-03 11:19:27
309,408,160,2025-10-15,2025-10-29,2025-10-29,2.92,0.0,Returned,2025-10-15 22:50:55,2025-10-29 14:57:25
310,856,65,2026-03-14,2026-03-21,2026-03-19,3.54,0.0,Returned,2026-03-14 22:02:22,2026-03-19 17:21:35
311,923,1661,2026-04-13,2026-04-23,2026-04-21,4.78,0.0,Returned,2026-04-13 12:57:52,2026-04-21 14:44:45
312,713,140,2026-05-16,2026-05-23,2026-05-20,4.66,0.0,Returned,2026-05-16 11:13:32,2026-05-20 13:46:29
313,39,1153,2025-10-28,2025-11-11,2025-11-04,1.02,0.0,Returned,2025-10-28 16:39:25,2025-11-04 06:43:28
314,255,418,2025-08-21,2025-08-28,2025-08-26,1.27,0.0,Returned,2025-08-21 07:13:53,2025-08-26 06:05:42
315,16,476,2026-02-17,2026-02-27,2026-02-25,4.07,0.0,Returned,2026-02-17 00:28:36,2026-02-25 15:03:08
316,375,622,2026-02-05,2026-02-15,2026-02-13,4.71,0.0,Returned,2026-02-05 12:54:16,2026-02-13 11:46:25
317,429,539,2026-03-13,2026-03-27,2026-03-15,4.27,0.0,Returned,2026-03-13 15:34:15,2026-03-15 08:50:50
318,238,392,2026-03-10,2026-03-24,2026-03-23,2.49,0.0,Returned,2026-03-10 06:59:33,2026-03-23 15:25:01
319,643,929,2026-03-03,2026-03-13,2026-03-12,4.06,0.0,RETURNED,2026-03-03 09:08:57,2026-03-12 09:07:42
320,453,1183,2026-03-19,2026-04-02,,4.41,45.0,Overdue,2026-03-19 14:02:47,2026-03-19 14:02:47
321,297,32,2025-08-11,2025-08-18,2025-08-23,3.81,3.75,Returned,2025-08-11 04:23:35,2025-08-23 08:33:21
322,490,36,2025-12-29,2026-01-12,2026-01-12,2.96,0.0,Returned,2025-12-29 18:17:51,2026-01-12 15:40:29
323,777,689,2025-12-28,2026-01-07,2026-01-07,2.61,0.0,Returned,2025-12-28 08:17:17,2026-01-07 17:52:23
324,616,1683,2025-11-13,2025-11-27,2025-11-21,3.67,0.0,Returned,2025-11-13 01:54:09,2025-11-21 04:33:30
325,191,663,2026-02-19,2026-03-01,2026-02-22,1.35,0.0,Returned,2026-02-19 19:12:38,2026-02-22 19:59:52
326,926,128,2025-10-31,2025-11-07,,4.19,154.5,Overdue,2025-10-31 06:14:42,2025-10-31 06:14:42
327,528,829,2025-10-29,2025-11-05,2025-11-01,3.82,0.0,Returned,2025-10-29 05:33:37,2025-11-01 13:44:47
328,617,41,2026-04-03,2026-04-13,2026-04-03,2.63,0.0,Returned,2026-04-03 06:47:47,2026-04-03 21:02:38
329,243,1251,2026-05-19,2026-05-26,2026-05-25,3.26,0.0,Returned,2026-05-19 16:41:32,2026-05-25 23:11:27
330,4,969,2026-02-11,2026-02-25,2026-02-19,2.82,0.0,Returned,2026-02-11 14:25:33,2026-02-19 08:24:07
331,886,1051,2025-11-20,2025-11-27,2025-11-20,2.25,0.0,Returned,2025-11-20 07:23:56,2025-11-20 14:46:57
332,897,1011,2026-02-11,2026-02-18,2026-02-15,2.49,0.0,Returned,2026-02-11 19:03:42,2026-02-15 17:56:25
333,475,523,2026-01-26,2026-02-02,2026-01-26,3.6,0.0,Returned,2026-01-26 14:44:40,2026-01-26 19:59:45
334,894,59,2025-07-22,2025-08-05,2025-07-26,3.83,0.0,Returned,2025-07-22 18:47:23,2025-07-26 13:42:32
335,729,1344,2025-07-27,2025-08-03,2025-08-02,2.65,0.0,Returned,2025-07-27 04:40:24,2025-08-02 19:54:43
336,738,1325,2025-08-13,2025-08-23,2025-08-22,3.71,0.0,Returned,2025-08-13 20:51:52,2025-08-22 08:57:23
337,471,324,2025-12-09,2025-12-23,2025-12-12,4.07,0.0,Returned,2025-12-09 05:25:38,2025-12-12 18:04:14
338,990,72,2025-08-31,2025-09-14,2025-09-23,2.27,6.75,Returned,2025-08-31 08:28:28,2025-09-23 23:09:36
339,777,910,2026-01-08,2026-01-15,2026-01-12,8.97,0.0,Returned,2026-01-08 15:05:42,2026-01-12 08:49:20
340,988,135,2026-02-24,2026-03-06,2026-02-24,1.65,0.0,Returned,2026-02-24 01:41:47,2026-02-24 09:45:09
341,169,287,2025-08-22,2025-08-29,2025-09-02,1.52,3.0,Returned,2025-08-22 02:31:51,2025-09-02 00:05:38
342,237,1035,2026-01-09,2026-01-16,2026-01-15,3.65,0.0,Returned,2026-01-09 19:03:26,2026-01-15 10:49:49
343,763,441,2025-11-03,2025-11-10,2025-11-09,1.29,0.0,Returned,2025-11-03 16:10:34,2025-11-09 21:41:33
344,794,241,2026-05-24,2026-06-07,2026-06-05,1.99,0.0,Returned,2026-05-24 09:02:36,2026-06-05 11:22:20
345,748,1032,2025-09-01,2025-09-15,2025-09-02,4.04,0.0,Returned,2025-09-01 15:01:51,2025-09-02 02:02:50
346,718,1222,2025-07-13,2025-07-20,2025-07-19,1.57,0.0,Returned,2025-07-13 09:13:37,2025-07-19 14:32:20
347,443,504,2026-04-15,2026-04-25,2026-04-17,2.0,0.0,Returned,2026-04-15 04:29:47,2026-04-17 14:29:24
348,39,103,2025-08-17,2025-08-27,2025-09-05,1.95,6.75,Returned,2025-08-17 09:45:21,2025-09-05 10:56:29
349,82,1006,2025-07-15,2025-07-25,2025-07-21,2.49,0.0,Returned,2025-07-15 06:43:43,2025-07-21 23:50:28
350,965,822,2025-08-12,2025-08-19,2025-08-12,6.64,0.0,Returned,2025-08-12 18:23:14,2025-08-12 18:23:14
351,888,426,2026-01-03,2026-01-17,,2.67,101.25,Overdue,2026-01-03 18:16:02,2026-01-03 18:16:02
352,808,503,2026-01-28,2026-02-11,2026-02-09,2.53,0.0,Returned,2026-01-28 23:16:21,2026-02-09 15:28:02
353,951,602,2026-05-25,2026-06-04,2026-05-31,3.13,0.0,Returned,2026-05-25 10:44:03,2026-05-31 17:13:35
354,38,931,2025-06-22,2025-07-02,2025-06-25,1.56,0.0,Returned,2025-06-22 05:11:24,2025-06-25 15:45:46
355,318,1732,2025-11-17,2025-12-01,,7.05,136.5,Overdue,2025-11-17 07:44:13,2025-11-17 07:44:13
356,761,1343,2025-06-30,2025-07-10,2025-07-12,3.04,1.5,Returned,2025-06-30 14:59:16,2025-07-12 09:23:27
357,947,1579,2025-12-09,2025-12-16,2025-12-11,3.07,0.0,Returned,2025-12-09 04:54:02,2025-12-11 19:50:53
358,386,796,2026-05-17,2026-05-31,2026-06-01,2.78,1.5,Returned,2026-05-17 10:48:06,2026-06-01 09:17:53
359,646,630,2025-06-30,2025-07-07,2025-07-02,1.35,0.0,Returned,2025-06-30 11:45:11,2025-07-02 10:34:08
360,525,1134,2026-04-15,2026-04-29,2026-04-25,1.62,0.0,Returned,2026-04-15 05:22:07,2026-04-25 06:34:09
361,117,1127,2026-01-01,2026-01-15,2026-01-05,1.86,0.0,Returned,2026-01-01 10:13:02,2026-01-05 04:19:20
362,1000,355,2025-10-08,2025-10-18,2025-10-17,1.55,0.0,Returned,2025-10-08 08:57:12,2025-10-17 06:00:32
363,462,47,2025-09-10,2025-09-24,2025-09-15,4.06,0.0,Returned,2025-09-10 12:12:33,2025-09-15 11:22:41
364,155,1681,2026-03-15,2026-03-25,2026-03-24,3.7,0.0,Returned,2026-03-15 10:24:35,2026-03-24 00:17:54
365,496,1686,2025-11-30,2025-12-10,2025-12-09,3.11,0.0,Returned,2025-11-30 03:37:25,2025-12-09 00:13:45
366,291,547,2026-01-10,2026-01-20,2026-01-21,1.46,0.75,Returned,2026-01-10 00:25:19,2026-01-21 19:28:13
367,627,1622,2026-03-08,2026-03-15,2026-03-14,2.02,0.0,Returned,2026-03-08 20:56:57,2026-03-14 10:58:02
368,228,1220,2026-03-07,2026-03-21,2026-03-24,2.86,2.25,Returned,2026-03-07 19:48:09,2026-03-24 13:46:42
369,208,1053,2025-10-13,2025-10-23,2025-10-18,2.49,-1.5,Returned,2025-10-13 09:25:00,2025-10-18 04:13:26
370,363,326,2025-08-14,2025-08-28,2025-08-28,7.33,0.0,Returned,2025-08-14 12:09:50,2025-08-28 03:59:13
371,376,1077,2026-04-22,2026-05-02,2026-05-02,3.43,0.0,Returned,2026-04-22 14:47:20,2026-05-02 08:36:27
372,795,736,2025-07-03,2025-07-17,2025-07-27,2.43,7.5,Returned,2025-07-03 17:14:27,2025-07-27 02:18:56
373,387,1509,2025-12-18,2025-12-25,2025-12-20,4.95,0.0,Returned,2025-12-18 16:15:40,2025-12-20 23:08:37
374,166,249,2026-01-08,2026-01-15,2026-01-08,1.55,0.0,Returned,2026-01-08 02:48:51,2026-01-08 22:48:32
375,316,597,2026-05-27,2026-06-06,2026-06-01,1.96,3.0,Returned,2026-05-27 16:50:37,2026-06-01 14:31:33
376,371,1309,2025-11-26,2025-12-10,2025-12-02,2.22,0.0,Returned,2025-11-26 05:03:37,2025-12-02 03:26:18
377,707,49,2026-04-23,2026-05-03,2026-05-01,3.43,0.0,Returned,2026-04-23 11:02:32,2026-05-01 08:20:33
378,443,1404,2026-02-16,2026-02-23,2026-02-18,1.43,0.0,Returned,2026-02-16 22:20:38,2026-02-18 00:28:05
379,351,176,2025-11-24,2025-12-08,2025-11-28,1.19,0.0,Returned,2025-11-24 23:18:00,2025-11-28 17:43:09
380,255,1243,2026-05-19,2026-06-02,2026-05-22,4.39,0.0,Returned,2026-05-19 09:44:19,2026-05-22 08:12:12
381,211,1282,2025-10-10,2025-10-17,2025-10-17,2.63,0.0,Returned,2025-10-10 13:20:35,2025-10-17 12:04:57
382,252,123,2026-04-20,2026-04-27,2026-04-25,1.37,0.0,Returned,2026-04-20 16:50:39,2026-04-25 08:53:00
383,797,250,2025-12-01,2025-12-08,2025-12-08,1.73,0.0,Returned,2025-12-01 10:16:30,2025-12-08 06:11:43
384,745,1065,2025-09-08,2025-09-18,2025-09-14,3.06,0.0,Returned,2025-09-08 14:31:21,2025-09-14 20:05:51
385,166,1134,2026-04-01,2026-04-15,2026-04-21,1.57,4.5,Returned,2026-04-01 00:43:07,2026-04-21 00:20:34
386,713,1650,2025-06-21,2025-07-05,2025-06-23,4.71,0.0,Returned,2025-06-21 14:59:19,2025-06-23 21:34:30
387,595,953,2025-08-08,2025-08-15,2025-08-11,5.56,0.0,Returned,2025-08-08 08:46:02,2025-08-11 10:06:53
388,591,817,2025-12-07,2025-12-21,2025-12-27,2.65,4.5,Returned,2025-12-07 19:25:10,2025-12-27 16:23:36
389,606,1638,2026-05-17,2026-05-24,2026-05-17,1.8,0.0,Returned,2026-05-17 13:54:57,2026-05-17 19:56:59
390,527,328,2025-12-24,2025-12-31,2026-01-09,4.21,6.75,Returned,2025-12-24 18:13:43,2026-01-09 09:37:45
391,764,295,2025-10-03,2025-10-10,2025-10-08,1.85,0.0,Returned,2025-10-03 21:58:39,2025-10-08 21:56:54
392,554,123,2026-05-01,2026-05-11,2026-05-04,1.13,0.0,Returned,2026-05-01 19:50:19,2026-05-04 23:29:37
393,788,640,2026-01-24,2026-01-31,2026-01-26,2.86,0.0,Returned,2026-01-24 04:59:14,2026-01-26 15:19:26
394,739,1691,2026-03-25,2026-04-01,2026-03-25,1.7,0.0,Returned,2026-03-25 06:52:49,2026-03-25 06:52:49
395,168,1273,2026-04-25,2026-05-02,2026-04-27,3.32,0.0,Returned,2026-04-25 03:58:01,2026-04-27 19:50:57
396,593,1646,2026-04-14,2026-04-28,2026-04-18,1.93,0.0,Returned,2026-04-14 16:02:07,2026-04-18 23:14:41
397,952,64,2025-10-05,2025-10-12,2025-10-20,4.35,6.0,RETURNED,2025-10-05 19:22:39,2025-10-20 16:07:42
398,964,1685,2026-04-19,2026-04-29,,4.62,24.75,Overdue,2026-04-19 15:57:08,2026-04-19 15:57:08
399,535,1403,2025-06-28,2025-07-08,2025-07-08,2.16,0.0,Returned,2025-06-28 01:54:00,2025-07-08 09:29:37
400,491,931,2026-04-28,2026-05-12,2026-05-06,2.19,0.0,Returned,2026-04-28 07:40:22,2026-05-06 00:31:20
401,884,599,2026-05-21,2026-06-04,2026-06-01,3.37,2.25,Returned,2026-05-21 03:27:56,2026-06-01 12:34:24
402,205,972,2026-05-13,2026-05-27,2026-05-19,1.64,0.0,Returned,2026-05-13 03:47:00,2026-05-19 15:01:54
403,227,110,2026-02-27,2026-03-06,2026-03-02,1.1,0.0,Returned,2026-02-27 07:43:32,2026-03-02 16:59:52
404,245,932,2025-07-15,2025-07-25,2025-07-15,2.14,0.0,Returned,2025-07-15 02:58:56,2025-07-15 22:40:33
405,490,22,2025-07-27,2025-08-03,2025-07-31,1.62,0.0,Returned,2025-07-27 20:20:30,2025-07-31 06:03:15
406,181,1234,2025-12-17,2025-12-31,2025-12-18,2.0,0.0,Returned,2025-12-17 15:52:22,2025-12-18 03:24:41
407,799,1414,2026-04-28,2026-05-08,2026-05-04,4.63,0.0,Returned,2026-04-28 21:32:54,2026-05-04 03:58:27
408,950,462,2026-04-15,2026-04-29,2026-04-15,2.19,0.0,Returned,2026-04-15 01:12:11,2026-04-15 03:50:29
409,643,1474,2025-10-17,2025-10-31,2025-10-30,6.81,0.0,Returned,2025-10-17 11:31:39,2025-10-30 21:05:26
410,296,98,2025-10-08,2025-10-22,2025-10-11,2.16,0.0,Returned,2025-10-08 16:58:01,2025-10-11 23:20:26
411,743,539,2025-06-19,2025-07-03,2025-07-08,4.95,3.75,Returned,2025-06-19 22:12:05,2025-07-08 14:04:41
412,884,344,2025-06-18,2025-06-25,2025-06-25,3.83,0.0,Returned,2025-06-18 07:14:52,2025-06-25 03:43:21
413,739,643,2025-07-29,2025-08-05,2025-07-30,2.57,0.0,Returned,2025-07-29 17:55:43,2025-07-30 15:14:36
414,641,1365,2026-01-16,2026-01-30,2026-01-16,1.95,0.0,Returned,2026-01-16 05:08:27,2026-01-16 15:44:54
415,880,1292,2025-08-16,2025-08-23,2025-08-16,1.45,0.0,Returned,2025-08-16 11:54:24,2025-08-16 17:22:06
416,201,399,2025-09-30,2025-10-07,2025-10-05,2.85,0.0,Returned,2025-09-30 00:33:25,2025-10-05 01:20:57
417,292,1603,2025-10-07,2025-10-21,2025-10-13,1.86,0.0,Returned,2025-10-07 00:54:44,2025-10-13 01:54:15
418,688,582,2025-08-31,2025-09-10,2025-09-07,3.07,0.0,Returned,2025-08-31 12:18:30,2025-09-07 23:07:50
419,964,1584,2025-08-15,2025-08-22,2025-08-15,1.59,0.0,Returned,2025-08-15 07:17:25,2025-08-15 14:24:59
420,797,1119,2025-07-10,2025-07-20,2025-07-17,3.17,0.0,Returned,2025-07-10 15:37:03,2025-07-17 20:44:15
421,343,650,2025-08-30,2025-09-06,2025-09-06,3.3,0.0,Returned,2025-08-30 21:59:53,2025-09-06 04:18:56
422,965,1053,2025-11-16,2025-11-26,2025-11-16,2.42,0.0,Returned,2025-11-16 15:09:43,2025-11-16 15:09:43
423,158,462,2025-09-08,2025-09-22,2025-09-08,2.06,0.0,Returned,2025-09-08 10:02:30,2025-09-08 20:19:34
424,479,134,2025-09-10,2025-09-17,2025-09-17,2.12,0.0,Returned,2025-09-10 10:31:11,2025-09-17 19:03:52
425,42,1554,2025-09-10,2025-09-24,2025-09-20,2.57,0.0,Returned,2025-09-10 09:40:15,2025-09-20 22:27:59
426,368,742,2025-11-28,2025-12-05,,3.11,133.5,Overdue,2025-11-28 23:34:04,2025-11-28 23:34:04
427,578,1702,2025-12-08,2025-12-18,2025-12-14,4.23,0.0,Returned,2025-12-08 23:29:34,2025-12-14 09:26:10
428,207,1239,2025-12-12,2025-12-26,2025-12-14,2.64,0.0,Returned,2025-12-12 21:29:16,2025-12-14 10:25:19
429,972,1385,2026-01-26,2026-02-05,2026-02-01,2.17,0.0,Returned,2026-01-26 11:48:35,2026-02-01 15:27:01
430,395,1560,2026-01-22,2026-02-01,,4.6,90.0,Overdue,2026-01-22 02:42:36,2026-01-22 02:42:36
431,231,100,2026-02-28,2026-03-10,2026-03-20,4.67,7.5,Returned,2026-02-28 04:44:11,2026-03-20 01:19:04
432,48,901,2026-04-26,2026-05-03,2026-04-28,4.12,0.0,Returned,2026-04-26 20:44:59,2026-04-28 12:02:16
433,256,1440,2025-11-04,2025-11-14,,2.62,149.25,Overdue,2025-11-04 09:12:40,2025-11-04 09:12:40
434,718,144,2025-10-17,2025-10-24,2025-10-25,2.72,0.75,Returned,2025-10-17 08:56:22,2025-10-25 06:01:48
435,907,1672,2025-11-05,2025-11-19,2025-11-29,2.32,7.5,Returned,2025-11-05 02:56:00,2025-11-29 05:37:30
436,847,696,2025-11-17,2025-12-01,2025-11-18,1.78,0.0,Returned,2025-11-17 19:24:30,2025-11-18 18:14:53
437,275,596,2025-06-06,2025-06-20,2025-06-17,2.45,0.0,Returned,2025-06-06 12:20:30,2025-06-17 07:59:08
438,718,1558,2025-07-24,2025-08-03,2025-07-28,4.7,0.0,Returned,2025-07-24 05:09:32,2025-07-28 12:08:49
439,381,585,2026-04-24,2026-05-01,2026-04-26,4.71,0.0,Returned,2026-04-24 00:49:03,2026-04-26 03:54:22
440,211,968,2025-07-06,2025-07-20,2025-07-14,3.67,0.0,Returned,2025-07-06 02:27:54,2025-07-14 18:08:14
441,939,1394,2025-07-31,2025-08-07,2025-08-02,3.06,0.0,Returned,2025-07-31 16:07:57,2025-08-02 15:29:25
442,259,515,2025-07-03,2025-07-17,2025-07-16,2.6,0.0,Returned,2025-07-03 05:52:08,2025-07-16 19:33:36
443,166,501,2026-02-13,2026-02-23,2026-03-04,3.29,6.75,Returned,2026-02-13 13:03:21,2026-03-04 06:34:20
444,88,414,2025-06-09,2025-06-19,2025-06-18,3.33,0.0,Returned,2025-06-09 09:28:25,2025-06-18 17:05:37
445,463,1673,2025-06-23,2025-06-30,2025-07-10,4.31,7.5,Returned,2025-06-23 00:42:06,2025-07-10 04:31:00
446,103,1754,2026-03-17,2026-03-27,2026-03-18,4.46,0.0,Returned,2026-03-17 08:17:41,2026-03-18 03:27:21
447,897,717,2025-09-09,2025-09-16,2025-09-11,5.39,0.0,Returned,2025-09-09 03:46:12,2025-09-11 04:57:24
448,787,953,2026-05-22,2026-06-01,2026-05-30,4.84,0.0,Returned,2026-05-22 08:36:08,2026-05-30 22:30:38
449,773,821,2026-01-19,2026-01-29,2026-01-28,3.31,0.0,Returned,2026-01-19 21:03:17,2026-01-28 04:08:47
450,756,1512,2026-02-14,2026-02-24,2026-02-15,1.47,0.0,Returned,2026-02-14 22:42:20,2026-02-15 10:14:26
451,312,1064,2026-02-07,2026-02-17,2026-02-23,4.0,4.5,Returned,2026-02-07 16:25:43,2026-02-23 09:20:36
452,315,128,2025-12-31,2026-01-10,2026-01-02,4.13,0.0,Returned,2025-12-31 16:32:32,2026-01-02 20:32:18
453,61,1437,2026-05-11,2026-05-21,2026-05-12,1.6,-1.5,Returned,2026-05-11 10:49:21,2026-05-12 03:27:23
454,743,524,2025-08-04,2025-08-14,2025-08-07,8.4,0.0,Returned,2025-08-04 06:21:30,2025-08-07 00:34:40
455,496,1567,2026-02-01,2026-02-11,2026-02-01,2.0,0.0,Returned,2026-02-01 20:55:54,2026-02-01 20:55:54
456,210,1014,2026-01-10,2026-01-17,2026-01-15,1.71,0.0,Returned,2026-01-10 13:38:37,2026-01-15 21:44:09
457,404,1398,2026-01-08,2026-01-22,2026-01-22,3.24,0.0,Returned,2026-01-08 22:03:44,2026-01-22 01:01:24
458,957,1586,2026-05-18,2026-05-28,2026-05-24,1.5,0.0,Returned,2026-05-18 19:43:03,2026-05-24 15:06:24
459,245,248,2025-09-22,2025-09-29,2025-09-22,2.88,0.0,Returned,2025-09-22 06:01:59,2025-09-22 21:17:27
460,839,1400,2025-11-30,2025-12-14,2025-12-22,1.57,-6.0,Returned,2025-11-30 10:45:59,2025-12-22 07:00:45
461,738,1040,2026-02-07,2026-02-21,2026-02-21,1.83,0.0,Returned,2026-02-07 15:45:18,2026-02-21 13:53:52
462,264,1553,2025-09-08,2025-09-15,2025-09-13,2.91,0.0,Returned,2025-09-08 13:47:10,2025-09-13 03:16:35
463,193,1745,2026-01-05,2026-01-15,,4.34,102.75,Overdue,2026-01-05 08:11:13,2026-01-05 08:11:13
464,21,932,2026-05-11,2026-05-18,2026-05-11,2.42,0.0,Returned,2026-05-11 02:23:38,2026-05-11 09:53:36
465,526,1343,2025-11-20,2025-12-04,2025-11-28,2.63,0.0,Returned,2025-11-20 18:13:48,2025-11-28 08:04:03
466,928,672,2026-04-23,2026-05-03,2026-04-28,2.24,0.0,Returned,2026-04-23 10:06:13,2026-04-28 12:21:27
467,949,473,2026-05-17,2026-05-24,,3.39,6.0,Overdue,2026-05-17 20:38:45,2026-05-17 20:38:45
468,456,667,2025-09-08,2025-09-15,2025-09-11,2.01,0.0,Returned,2025-09-08 18:41:57,2025-09-11 02:18:50
469,4,1646,2026-01-22,2026-01-29,2026-01-28,2.81,0.0,Returned,2026-01-22 03:29:30,2026-01-28 20:59:32
470,879,87,2026-04-30,2026-05-07,2026-05-04,1.97,0.0,Returned,2026-04-30 03:08:21,2026-05-04 21:42:18
471,741,510,2026-02-03,2026-02-13,2026-02-09,1.66,0.0,Returned,2026-02-03 13:13:27,2026-02-09 06:15:08
472,653,800,2026-03-22,2026-04-01,2026-03-31,1.7,0.0,Returned,2026-03-22 18:32:29,2026-03-31 22:04:31
473,837,98,2025-10-09,2025-10-23,2025-10-20,1.12,0.0,Returned,2025-10-09 12:41:11,2025-10-20 11:40:40
474,965,846,2025-11-04,2025-11-11,2025-11-11,2.81,0.0,Returned,2025-11-04 00:41:19,2025-11-11 06:12:32
475,592,731,2025-08-20,2025-08-30,2025-08-22,2.37,0.0,Returned,2025-08-20 01:12:27,2025-08-22 23:51:34
476,811,668,2025-10-30,2025-11-06,2025-11-04,4.13,0.0,Returned,2025-10-30 10:26:13,2025-11-04 03:03:59
477,299,730,2026-04-10,2026-04-17,,1.55,33.75,Overdue,2026-04-10 21:09:37,2026-04-10 21:09:37
478,309,1337,2025-09-16,2025-09-26,2025-09-18,3.93,0.0,Returned,2025-09-16 11:10:06,2025-09-18 18:59:55
479,247,900,2025-07-03,2025-07-13,2025-07-05,3.68,0.0,Returned,2025-07-03 17:55:56,2025-07-05 02:23:03
480,940,1439,2025-08-02,2025-08-12,2025-08-18,3.26,4.5,Returned,2025-08-02 16:06:45,2025-08-18 18:51:41
481,99,1059,2026-02-21,2026-03-03,2026-03-12,1.09,6.75,Returned,2026-02-21 14:12:04,2026-03-12 12:01:13
482,745,1355,2025-12-29,2026-01-05,2025-12-31,3.83,0.0,Returned,2025-12-29 18:31:14,2025-12-31 18:09:19
483,111,340,2025-09-01,2025-09-08,2025-09-14,4.39,4.5,Returned,2025-09-01 15:27:15,2025-09-14 17:50:22
484,472,984,2026-03-17,2026-03-31,2026-03-30,2.92,0.0,Returned,2026-03-17 13:21:51,2026-03-30 09:36:59
485,303,76,2025-07-24,2025-07-31,2025-07-29,3.98,0.0,Returned,2025-07-24 00:38:47,2025-07-29 10:33:44
486,867,1615,2026-04-17,2026-04-27,2026-04-22,3.1,0.0,Returned,2026-04-17 20:23:36,2026-04-22 07:35:30
487,205,1498,2025-11-01,2025-11-15,2025-11-17,2.26,1.5,Returned,2025-11-01 03:02:33,2025-11-17 06:54:40
488,701,296,2025-10-16,2025-10-23,2025-10-18,2.65,0.0,Returned,2025-10-16 19:38:39,2025-10-18 01:39:36
489,392,1310,2025-09-13,2025-09-20,2025-09-14,2.14,0.0,Returned,2025-09-13 19:25:51,2025-09-14 06:23:53
490,125,1436,2025-06-12,2025-06-26,2025-06-20,2.16,0.0,Returned,2025-06-12 10:43:52,2025-06-20 07:25:13
491,978,1602,2025-08-30,2025-09-09,2025-09-02,3.97,0.0,Returned,2025-08-30 19:14:13,2025-09-02 17:21:45
492,191,812,2025-09-05,2025-09-19,2025-09-05,2.38,0.0,Returned,2025-09-05 23:07:53,2025-09-05 23:07:53
493,536,1291,2026-03-10,2026-03-20,2026-03-19,1.39,0.0,Returned,2026-03-10 14:34:56,2026-03-19 20:17:26
494,959,674,2026-05-22,2026-06-05,2026-06-03,1.02,0.0,Returned,2026-05-22 06:45:45,2026-06-03 04:33:26
495,632,417,2025-12-27,2026-01-06,2026-01-05,3.25,0.0,Returned,2025-12-27 18:05:48,2026-01-05 06:14:25
496,643,1344,2025-06-18,2025-06-28,2025-06-22,2.71,0.0,Returned,2025-06-18 19:33:29,2025-06-22 04:22:08
497,781,1754,2025-12-07,2025-12-21,2025-12-15,3.86,0.0,Returned,2025-12-07 10:22:58,2025-12-15 18:52:40
498,77,1277,2025-10-16,2025-10-23,2025-10-18,7.79,0.0,Returned,2025-10-16 19:04:49,2025-10-18 07:09:02
499,596,1523,2026-05-13,2026-05-23,2026-06-01,2.36,6.75,Returned,2026-05-13 03:51:52,2026-06-01 01:04:19
500,391,1724,2025-10-10,2025-10-24,2025-10-20,4.73,0.0,Returned,2025-10-10 19:18:27,2025-10-20 20:04:54
501,589,625,2025-11-09,2025-11-19,2025-11-26,3.07,5.25,Returned,2025-11-09 22:26:26,2025-11-26 20:32:58
502,566,1755,2025-06-14,2025-06-21,2025-06-14,1.79,0.0,Returned,2025-06-14 04:18:05,2025-06-14 07:49:30
503,493,355,2025-08-04,2025-08-11,2025-08-04,2.37,0.0,Returned,2025-08-04 14:44:31,2025-08-04 20:44:52
504,132,286,2026-03-29,2026-04-08,2026-04-14,1.95,4.5,Returned,2026-03-29 04:27:09,2026-04-14 09:55:25
505,799,309,2026-05-22,2026-06-01,2026-05-30,2.0,0.0,Returned,2026-05-22 00:24:03,2026-05-30 20:39:08
506,992,257,2025-06-09,2025-06-19,2025-06-11,5.01,0.0,Returned,2025-06-09 21:12:28,2025-06-11 11:17:04
507,150,103,2025-09-15,2025-09-29,2025-09-19,1.2,0.0,Returned,2025-09-15 15:19:37,2025-09-19 04:21:48
508,745,560,2026-04-04,2026-04-11,2026-04-06,4.88,0.0,Returned,2026-04-04 12:59:21,2026-04-06 14:16:24
509,745,1078,2025-11-28,2025-12-05,2025-11-28,3.83,0.0,Returned,2025-11-28 00:42:36,2025-11-28 01:41:06
510,985,593,2026-02-05,2026-02-15,2026-02-23,4.76,6.0,Returned,2026-02-05 17:39:39,2026-02-23 05:30:43
511,946,632,2026-02-15,2026-02-22,2026-02-17,1.75,0.0,Returned,2026-02-15 23:21:21,2026-02-17 00:56:25
512,445,631,2025-07-25,2025-08-04,2025-08-09,2.29,3.75,Returned,2025-07-25 18:45:36,2025-08-09 09:24:53
513,516,12,2025-09-02,2025-09-12,2025-09-05,2.24,0.0,Returned,2025-09-02 09:29:33,2025-09-05 08:39:04
514,488,1723,2025-09-01,2025-09-15,2025-09-18,2.8,2.25,Returned,2025-09-01 14:13:26,2025-09-18 18:10:44
515,604,64,2026-03-15,2026-03-25,2026-03-16,4.35,0.0,Returned,2026-03-15 17:00:49,2026-03-16 07:41:23
516,270,828,2025-11-13,2025-11-23,2025-11-23,3.96,0.0,Returned,2025-11-13 01:16:27,2025-11-23 07:39:25
517,64,1103,2025-08-28,2025-09-04,2025-08-28,1.78,0.0,Returned,2025-08-28 19:09:12,2025-08-28 22:52:01
518,667,1054,2026-04-24,2026-05-04,2026-05-02,3.76,0.0,Returned,2026-04-24 21:34:34,2026-05-02 13:47:12
519,423,273,2025-11-28,2025-12-05,,4.98,133.5,Overdue,2025-11-28 03:32:13,2025-11-28 03:32:13
520,766,537,2025-10-22,2025-11-01,2025-11-03,1.4,1.5,Returned,2025-10-22 17:23:57,2025-11-03 08:39:24
521,181,1381,2026-04-26,2026-05-06,2026-04-27,4.84,0.0,Returned,2026-04-26 14:49:15,2026-04-27 16:13:22
522,633,1594,2025-07-15,2025-07-29,2025-07-17,6.19,0.0,Returned,2025-07-15 15:59:56,2025-07-17 22:14:13
523,682,963,2025-10-19,2025-11-02,2025-10-28,3.29,0.0,Returned,2025-10-19 02:49:57,2025-10-28 23:41:19
524,204,1268,2026-05-06,2026-05-13,2026-05-13,4.62,0.0,Returned,2026-05-06 12:46:21,2026-05-13 02:54:54
525,250,456,2025-06-10,2025-06-24,2025-06-16,6.71,0.0,Returned,2025-06-10 20:08:37,2025-06-16 03:25:05
526,742,340,2026-04-15,2026-04-25,2026-04-23,3.22,0.0,Returned,2026-04-15 18:22:38,2026-04-23 00:10:13
527,965,1087,2026-02-14,2026-02-24,2026-03-04,7.86,6.0,Returned,2026-02-14 10:55:02,2026-03-04 03:01:01
528,29,1750,2026-04-03,2026-04-10,2026-04-07,2.6,0.0,Returned,2026-04-03 15:42:05,2026-04-07 20:05:42
529,561,1616,2025-10-11,2025-10-18,2025-10-12,3.63,0.0,Returned,2025-10-11 12:11:01,2025-10-12 12:12:13
530,659,68,2025-10-31,2025-11-10,2025-11-10,2.91,0.0,Returned,2025-10-31 20:12:43,2025-11-10 14:54:35
531,105,1565,2025-06-10,2025-06-20,2025-06-13,2.17,0.0,Returned,2025-06-10 04:45:23,2025-06-13 14:09:29
532,85,1752,2026-01-11,2026-01-25,2026-01-13,7.92,0.0,Returned,2026-01-11 10:56:55,2026-01-13 17:52:18
533,155,831,2026-04-12,2026-04-22,2026-04-16,4.29,0.0,Returned,2026-04-12 09:49:27,2026-04-16 07:31:39
534,857,1210,2026-04-17,2026-04-27,2026-04-24,1.68,0.0,Returned,2026-04-17 10:45:29,2026-04-24 04:57:44
535,404,1746,2025-08-04,2025-08-18,2025-08-17,4.0,0.0,Returned,2025-08-04 22:06:48,2025-08-17 19:22:43
536,476,1458,2026-03-05,2026-03-12,2026-03-11,4.18,0.0,Returned,2026-03-05 04:43:31,2026-03-11 10:15:15
537,425,66,2026-03-13,2026-03-20,2026-03-14,2.63,0.0,Returned,2026-03-13 03:22:07,2026-03-14 21:24:37
538,481,808,2026-03-27,2026-04-10,,2.35,39.0,Overdue,2026-03-27 17:29:05,2026-03-27 17:29:05
539,473,567,2026-01-04,2026-01-11,2026-01-04,2.85,0.0,Returned,2026-01-04 10:56:10,2026-01-04 11:28:08
540,760,541,2025-06-11,2025-06-25,2025-06-23,1.98,0.0,Returned,2025-06-11 12:27:49,2025-06-23 10:00:01
541,547,1729,2025-10-24,2025-10-31,2025-11-10,8.72,7.5,Returned,2025-10-24 00:32:46,2025-11-10 13:18:59
542,136,1699,2025-11-19,2025-11-29,2025-11-20,2.59,0.0,Returned,2025-11-19 10:38:41,2025-11-20 12:59:46
543,955,99,2026-03-05,2026-03-15,2026-03-17,3.79,1.5,Returned,2026-03-05 06:01:50,2026-03-17 20:08:30
544,65,365,2025-09-22,2025-10-06,2025-10-04,2.8,0.0,Returned,2025-09-22 04:28:33,2025-10-04 17:41:05
545,657,308,2026-05-15,2026-05-22,2026-05-22,2.32,0.0,Returned,2026-05-15 06:48:22,2026-05-22 08:36:46
546,793,1649,2025-07-15,2025-07-25,2025-07-15,4.0,0.0,Returned,2025-07-15 22:21:06,2025-07-15 22:21:06
547,664,975,2025-12-05,2025-12-15,,2.24,126.0,Overdue,2025-12-05 03:35:06,2025-12-05 03:35:06
548,603,906,2025-08-06,2025-08-16,2025-08-15,4.65,0.0,Returned,2025-08-06 17:20:14,2025-08-15 10:39:22
549,814,1316,2025-09-13,2025-09-23,2025-09-17,4.27,0.0,Returned,2025-09-13 13:39:05,2025-09-17 06:37:08
550,615,1742,2025-06-22,2025-07-02,2025-06-27,3.32,0.0,Returned,2025-06-22 10:04:59,2025-06-27 12:40:51
551,583,269,2025-12-07,2025-12-14,2025-12-10,1.73,0.0,RETURNED,2025-12-07 09:22:29,2025-12-10 00:00:57
552,657,382,2025-07-06,2025-07-20,2025-07-12,1.25,0.0,Returned,2025-07-06 05:49:09,2025-07-12 02:22:09
553,516,559,2025-11-29,2025-12-06,2025-11-30,4.6,0.0,Returned,2025-11-29 22:18:44,2025-11-30 23:24:22
554,139,1526,2025-11-05,2025-11-15,2025-11-12,4.73,0.0,Returned,2025-11-05 19:48:32,2025-11-12 02:53:29
555,298,541,2026-01-19,2026-02-02,2026-02-11,1.56,6.75,Returned,2026-01-19 06:17:35,2026-02-11 23:26:07
556,423,1540,2026-02-25,2026-03-04,2026-03-03,2.93,0.0,Returned,2026-02-25 01:07:20,2026-03-03 23:45:27
557,223,1425,2026-05-07,2026-05-17,2026-05-10,4.61,0.0,Returned,2026-05-07 15:28:47,2026-05-10 08:49:22
558,651,522,2026-04-10,2026-04-17,2026-04-10,4.79,0.0,Returned,2026-04-10 09:01:28,2026-04-10 09:01:28
559,586,761,2025-08-03,2025-08-10,2025-08-13,4.23,2.25,Returned,2025-08-03 15:53:39,2025-08-13 03:21:13
560,445,1502,2026-01-17,2026-01-27,2026-01-25,8.51,0.0,Returned,2026-01-17 13:31:04,2026-01-25 01:34:01
561,839,289,2026-04-12,2026-04-19,2026-04-16,1.76,0.0,Returned,2026-04-12 19:40:24,2026-04-16 17:39:09
562,11,852,2025-11-14,2025-11-24,2025-12-01,4.48,5.25,Returned,2025-11-14 07:22:40,2025-12-01 11:30:45
563,690,47,2025-10-02,2025-10-12,2025-10-04,3.08,0.0,Returned,2025-10-02 09:43:19,2025-10-04 04:25:26
564,307,544,2025-12-16,2025-12-26,2025-12-18,7.28,0.0,Returned,2025-12-16 12:50:43,2025-12-18 05:33:56
565,830,814,2026-04-27,2026-05-07,2026-05-06,1.95,0.0,Returned,2026-04-27 19:01:24,2026-05-06 09:31:37
566,391,1771,2026-02-27,2026-03-13,2026-02-27,6.55,0.0,Returned,2026-02-27 23:43:37,2026-02-27 23:43:37
567,971,275,2025-10-14,2025-10-28,2025-10-19,4.06,0.0,Returned,2025-10-14 22:46:58,2025-10-19 10:29:55
568,957,1500,2025-12-10,2025-12-20,2025-12-20,1.91,0.0,Returned,2025-12-10 04:23:09,2025-12-20 09:41:20
569,51,1514,2025-09-23,2025-09-30,2025-09-28,6.29,0.0,Returned,2025-09-23 08:40:33,2025-09-28 14:08:45
570,111,1624,2025-11-28,2025-12-12,2025-11-28,2.99,0.0,Returned,2025-11-28 19:41:26,2025-11-28 19:41:26
571,994,1095,2026-02-08,2026-02-22,2026-02-14,2.56,0.0,Returned,2026-02-08 02:11:39,2026-02-14 19:00:34
572,692,1443,2025-07-13,2025-07-27,2025-07-24,4.52,0.0,Returned,2025-07-13 05:30:35,2025-07-24 04:48:23
573,311,362,2026-01-05,2026-01-15,2026-01-15,2.91,0.0,Returned,2026-01-05 02:27:43,2026-01-15 23:00:24
574,779,554,2025-07-20,2025-07-27,2025-07-20,1.74,0.0,Returned,2025-07-20 22:07:09,2025-07-20 22:07:09
575,84,869,2025-10-08,2025-10-18,2025-10-18,4.64,0.0,Returned,2025-10-08 02:07:59,2025-10-18 22:21:01
576,266,1419,2026-03-27,2026-04-03,2026-04-09,2.2,4.5,Returned,2026-03-27 10:08:36,2026-04-09 08:37:09
577,318,890,2025-06-15,2025-06-22,,8.98,258.0,Overdue,2025-06-15 11:50:02,2025-06-15 11:50:02
578,804,805,2026-01-11,2026-01-21,2026-01-22,4.92,0.75,Returned,2026-01-11 01:25:31,2026-01-22 20:32:56
579,210,143,2025-12-07,2025-12-17,2025-12-17,2.53,0.0,Returned,2025-12-07 04:17:10,2025-12-17 12:10:06
580,171,670,2026-02-03,2026-02-10,2026-02-08,4.75,-1.5,Returned,2026-02-03 16:43:02,2026-02-08 04:15:38
581,493,809,2026-03-26,2026-04-09,2026-03-29,1.48,0.0,Returned,2026-03-26 11:35:15,2026-03-29 15:16:46
582,912,918,2025-08-05,2025-08-12,2025-08-06,2.78,0.0,Returned,2025-08-05 14:03:04,2025-08-06 12:45:55
583,677,1671,2025-12-20,2025-12-30,2026-01-08,2.11,6.75,Returned,2025-12-20 13:25:34,2026-01-08 15:09:15
584,328,1751,2025-10-06,2025-10-16,2025-10-16,8.73,0.0,Returned,2025-10-06 09:51:29,2025-10-16 14:38:55
585,764,1471,2026-01-08,2026-01-15,2026-01-08,1.85,0.0,Returned,2026-01-08 04:17:38,2026-01-08 23:01:58
586,119,1639,2025-08-14,2025-08-28,2025-08-18,2.76,0.0,Returned,2025-08-14 20:31:39,2025-08-18 17:18:23
587,827,1743,2026-04-07,2026-04-21,2026-04-12,3.23,0.0,Returned,2026-04-07 04:06:33,2026-04-12 05:41:04
588,992,204,2026-05-22,2026-06-01,2026-05-24,4.71,0.0,Returned,2026-05-22 03:53:51,2026-05-24 00:25:49
589,161,1679,2025-09-05,2025-09-15,2025-09-20,2.65,3.75,Returned,2025-09-05 20:11:11,2025-09-20 18:14:47
590,595,1580,2025-12-27,2026-01-06,2026-01-15,4.58,6.75,Returned,2025-12-27 05:19:14,2026-01-15 22:58:39
591,377,27,2025-10-09,2025-10-16,2025-10-10,4.52,0.0,Returned,2025-10-09 11:06:53,2025-10-10 20:21:21
592,366,1694,2026-05-13,2026-05-23,2026-05-14,1.65,0.0,Returned,2026-05-13 02:24:40,2026-05-14 20:33:17
593,268,511,2026-03-09,2026-03-23,2026-03-13,1.32,0.0,Returned,2026-03-09 20:09:42,2026-03-13 21:03:38
594,81,253,2026-02-25,2026-03-07,2026-03-06,5.6,-1.5,Returned,2026-02-25 02:47:02,2026-03-06 23:04:48
595,163,170,2026-02-13,2026-02-27,2026-02-21,1.56,0.0,Returned,2026-02-13 11:25:52,2026-02-21 05:18:17
596,744,1123,2025-07-31,2025-08-14,2025-08-22,1.79,6.0,Returned,2025-07-31 16:17:21,2025-08-22 06:37:22
597,71,950,2026-04-12,2026-04-26,2026-04-22,8.43,0.0,Returned,2026-04-12 19:40:40,2026-04-22 03:57:30
598,827,1716,2025-10-27,2025-11-10,2025-11-06,1.94,0.0,Returned,2025-10-27 19:47:22,2025-11-06 09:48:49
599,306,1192,2026-02-04,2026-02-11,2026-02-07,1.54,0.0,Returned,2026-02-04 03:57:39,2026-02-07 03:56:27
600,624,284,2026-01-01,2026-01-11,2026-01-10,1.9,0.0,Returned,2026-01-01 06:20:14,2026-01-10 21:15:20
601,352,519,2026-02-19,2026-03-01,2026-02-25,4.54,0.0,Returned,2026-02-19 21:12:37,2026-02-25 04:09:22
602,223,511,2026-04-07,2026-04-17,2026-04-15,1.63,0.0,Returned,2026-04-07 19:55:33,2026-04-15 12:58:16
603,489,425,2026-04-13,2026-04-20,2026-04-17,1.43,0.0,Returned,2026-04-13 10:50:37,2026-04-17 04:32:53
604,370,878,2026-04-21,2026-05-05,2026-05-04,2.05,0.0,Returned,2026-04-21 22:08:53,2026-05-04 16:13:11
605,233,567,2026-02-11,2026-02-21,,2.96,75.0,Overdue,2026-02-11 15:22:18,2026-02-11 15:22:18
606,948,744,2025-08-29,2025-09-12,2025-09-09,4.2,0.0,Returned,2025-08-29 09:47:27,2025-09-09 10:15:30
607,629,1784,2025-12-30,2026-01-06,2026-01-01,3.37,0.0,Returned,2025-12-30 05:56:32,2026-01-01 03:29:22
608,321,664,2026-02-14,2026-02-24,2026-03-05,1.44,-6.75,Returned,2026-02-14 08:35:55,2026-03-05 01:31:14
609,680,127,2026-03-11,2026-03-18,2026-03-11,2.02,0.0,Returned,2026-03-11 12:22:20,2026-03-11 12:22:20
610,10,600,2025-11-17,2025-11-27,2025-12-01,3.29,3.0,Returned,2025-11-17 15:19:28,2025-12-01 04:59:40
611,850,1692,2025-10-28,2025-11-04,2025-11-07,2.56,2.25,Returned,2025-10-28 10:57:15,2025-11-07 06:44:14
612,411,1605,2026-04-10,2026-04-24,2026-04-16,1.67,0.0,Returned,2026-04-10 05:25:49,2026-04-16 23:09:30
613,844,1602,2025-09-01,2025-09-15,2025-09-15,3.03,0.0,Returned,2025-09-01 16:10:08,2025-09-15 22:55:42
614,400,271,2025-10-02,2025-10-12,2025-10-06,2.52,0.0,Returned,2025-10-02 17:37:58,2025-10-06 19:51:18
615,100,1553,2026-01-22,2026-02-05,2026-01-31,2.01,0.0,Returned,2026-01-22 13:09:41,2026-01-31 09:58:03
616,479,1325,2025-12-08,2025-12-22,2025-12-08,3.17,0.0,Returned,2025-12-08 07:28:09,2025-12-08 07:30:42
617,341,1161,2025-08-27,2025-09-10,2025-08-31,3.49,0.0,Returned,2025-08-27 11:15:20,2025-08-31 17:36:51
618,964,169,2025-09-24,2025-10-08,2025-10-03,2.63,0.0,Returned,2025-09-24 01:09:50,2025-10-03 19:48:27
619,538,1694,2025-10-09,2025-10-19,,2.07,168.75,Overdue,2025-10-09 18:58:49,2025-10-09 18:58:49
620,132,1087,2025-10-30,2025-11-09,2025-11-08,7.41,0.0,Returned,2025-10-30 16:13:31,2025-11-08 06:21:46
621,613,68,2026-02-26,2026-03-12,2026-03-10,2.17,0.0,Returned,2026-02-26 05:13:14,2026-03-10 18:56:02
622,669,1550,2026-04-16,2026-04-30,2026-04-25,3.81,0.0,Returned,2026-04-16 21:53:32,2026-04-25 03:48:37
623,901,999,2026-04-17,2026-04-24,2026-04-26,3.2,1.5,Returned,2026-04-17 19:46:50,2026-04-26 19:28:09
624,636,1485,2026-04-12,2026-04-22,2026-04-20,4.22,0.0,Returned,2026-04-12 12:05:45,2026-04-20 20:39:14
625,901,93,2025-10-17,2025-10-27,2025-10-20,7.73,0.0,Returned,2025-10-17 04:57:01,2025-10-20 07:20:04
626,610,1493,2026-05-26,2026-06-02,2026-05-26,2.95,0.0,Returned,2026-05-26 14:12:41,2026-05-26 14:12:41
627,329,856,2026-02-14,2026-02-21,2026-02-21,2.8,0.0,Returned,2026-02-14 21:09:18,2026-02-21 07:48:07
628,652,1596,2025-08-01,2025-08-11,2025-08-01,5.21,0.0,Returned,2025-08-01 19:39:09,2025-08-01 21:29:20
629,646,581,2025-10-10,2025-10-24,2025-11-03,3.27,7.5,Returned,2025-10-10 09:44:40,2025-11-03 10:34:36
630,207,1355,2026-05-22,2026-06-01,2026-05-22,4.27,0.0,Returned,2026-05-22 02:26:51,2026-05-22 10:19:00
631,201,459,2026-04-04,2026-04-14,2026-04-10,8.62,0.0,Returned,2026-04-04 18:17:30,2026-04-10 18:38:35
632,613,500,2026-02-21,2026-02-28,2026-02-28,4.84,0.0,Returned,2026-02-21 22:18:52,2026-02-28 12:22:50
633,532,1693,2026-03-18,2026-03-25,2026-03-29,2.77,3.0,Returned,2026-03-18 03:40:35,2026-03-29 23:08:29
634,850,732,2025-06-27,2025-07-04,2025-07-07,1.78,2.25,Returned,2025-06-27 01:01:55,2025-07-07 14:54:05
635,741,1019,2026-03-10,2026-03-24,2026-03-10,4.98,0.0,Returned,2026-03-10 18:06:24,2026-03-10 21:18:06
636,634,735,2025-06-15,2025-06-22,2025-06-17,2.37,0.0,Returned,2025-06-15 20:25:33,2025-06-17 00:18:48
637,414,748,2025-06-11,2025-06-25,2025-06-18,4.04,0.0,Returned,2025-06-11 18:26:49,2025-06-18 11:10:09
638,615,984,2025-08-04,2025-08-11,2025-08-16,2.51,3.75,Returned,2025-08-04 15:02:21,2025-08-16 11:17:32
639,884,864,2026-02-25,2026-03-07,2026-03-04,4.92,0.0,Returned,2026-02-25 13:06:04,2026-03-04 06:47:21
640,212,272,2025-07-15,2025-07-29,2025-07-17,2.91,0.0,Returned,2025-07-15 22:07:13,2025-07-17 23:27:07
641,820,1662,2025-08-16,2025-08-30,2025-08-27,2.52,0.0,Returned,2025-08-16 20:56:16,2025-08-27 05:36:53
642,671,1585,2025-12-08,2025-12-22,2025-12-16,1.84,0.0,Returned,2025-12-08 11:51:17,2025-12-16 05:09:14
643,942,1036,2026-04-23,2026-05-07,2026-05-04,4.16,0.0,Returned,2026-04-23 03:07:16,2026-05-04 03:55:04
644,815,83,2025-08-22,2025-09-01,2025-08-26,3.88,0.0,Returned,2025-08-22 19:26:19,2025-08-26 01:41:38
645,896,89,2025-11-21,2025-12-05,2025-12-03,8.23,0.0,Returned,2025-11-21 15:46:48,2025-12-03 08:49:35
646,195,1062,2025-07-01,2025-07-08,2025-07-05,2.63,0.0,Returned,2025-07-01 16:14:03,2025-07-05 18:05:43
647,686,147,2026-01-24,2026-01-31,2026-01-24,3.88,0.0,Returned,2026-01-24 08:43:30,2026-01-24 08:43:30
648,963,930,2026-02-12,2026-02-26,2026-02-18,4.73,0.0,Returned,2026-02-12 03:14:19,2026-02-18 22:29:31
649,376,403,2025-06-24,2025-07-01,2025-07-05,8.19,3.0,Returned,2025-06-24 06:21:16,2025-07-05 23:29:41
650,750,581,2025-09-14,2025-09-28,2025-09-28,4.43,0.0,Returned,2025-09-14 15:10:44,2025-09-28 15:38:38
651,2,1610,2025-09-16,2025-09-23,2025-09-18,2.39,0.0,Returned,2025-09-16 22:56:28,2025-09-18 19:35:53
652,478,1752,2025-07-19,2025-07-29,2025-07-21,6.1,0.0,Returned,2025-07-19 03:47:22,2025-07-21 07:56:41
653,182,543,2026-03-19,2026-03-29,2026-03-30,6.26,0.75,Returned,2026-03-19 01:28:20,2026-03-30 17:47:44
654,128,1064,2025-11-15,2025-11-22,2025-11-19,2.58,0.0,Returned,2025-11-15 18:22:36,2025-11-19 18:46:05
655,458,1724,2025-09-05,2025-09-15,2025-09-15,4.97,0.0,Returned,2025-09-05 20:01:35,2025-09-15 04:32:48
656,73,814,2026-02-27,2026-03-13,2026-03-07,2.02,0.0,Returned,2026-02-27 07:27:12,2026-03-07 05:33:39
657,698,873,2025-09-12,2025-09-26,,1.63,186.0,Overdue,2025-09-12 10:55:36,2025-09-12 10:55:36
658,746,1401,2026-05-15,2026-05-22,2026-05-21,1.87,0.0,Returned,2026-05-15 10:33:47,2026-05-21 06:05:11
659,626,1040,2026-03-01,2026-03-08,2026-03-05,2.09,0.0,Returned,2026-03-01 06:05:16,2026-03-05 08:02:29
660,123,1640,2025-11-04,2025-11-11,2025-11-14,2.59,2.25,Returned,2025-11-04 10:23:36,2025-11-14 05:04:57
661,249,1468,2025-06-23,2025-07-03,2025-06-29,2.32,0.0,Returned,2025-06-23 05:58:03,2025-06-29 10:00:33
662,863,1321,2025-10-08,2025-10-22,2025-10-13,3.72,0.0,Returned,2025-10-08 08:46:43,2025-10-13 13:57:02
663,235,1263,2026-03-20,2026-03-30,2026-03-29,2.61,0.0,Returned,2026-03-20 15:09:16,2026-03-29 11:19:41
664,446,1158,2025-08-02,2025-08-12,2025-08-07,6.99,0.0,Returned,2025-08-02 00:31:07,2025-08-07 05:09:10
665,780,667,2026-03-29,2026-04-12,2026-04-08,1.99,0.0,Returned,2026-03-29 21:29:18,2026-04-08 15:23:00
666,897,1570,2025-06-27,2025-07-11,2025-07-07,1.22,0.0,Returned,2025-06-27 13:29:39,2025-07-07 23:35:15
667,604,397,2025-07-26,2025-08-09,2025-08-04,4.58,0.0,Returned,2025-07-26 03:00:30,2025-08-04 15:13:10
668,865,641,2025-11-01,2025-11-15,2025-11-08,2.12,0.0,Returned,2025-11-01 19:44:37,2025-11-08 07:07:16
669,344,1122,2026-01-05,2026-01-15,2026-01-10,2.21,0.0,Returned,2026-01-05 07:47:03,2026-01-10 10:22:05
670,683,1632,2025-09-12,2025-09-26,2025-09-13,4.06,0.0,Returned,2025-09-12 20:04:02,2025-09-13 17:58:07
671,484,1305,2026-03-03,2026-03-10,2026-03-09,2.81,0.0,Returned,2026-03-03 20:33:18,2026-03-09 23:53:35
672,371,767,2025-06-15,2025-06-22,2025-06-15,4.66,0.0,Returned,2025-06-15 08:06:43,2025-06-15 08:06:43
673,769,1273,2026-01-02,2026-01-09,2026-01-08,4.91,0.0,Returned,2026-01-02 17:17:36,2026-01-08 22:48:43
674,29,417,2025-07-14,2025-07-24,2025-07-15,3.26,0.0,Returned,2025-07-14 12:01:41,2025-07-15 19:20:46
675,532,944,2025-11-18,2025-11-28,2025-11-24,1.24,0.0,Returned,2025-11-18 12:10:00,2025-11-24 16:00:24
676,914,766,2025-12-02,2025-12-16,2025-12-10,3.63,0.0,Returned,2025-12-02 22:59:08,2025-12-10 22:55:26
677,596,542,2025-12-31,2026-01-14,2026-01-23,2.96,6.75,Returned,2025-12-31 01:00:09,2026-01-23 18:10:38
678,571,222,2026-05-09,2026-05-23,2026-05-17,1.66,0.0,Returned,2026-05-09 09:32:51,2026-05-17 19:16:21
679,877,1603,2026-02-04,2026-02-18,2026-02-05,2.75,0.0,Returned,2026-02-04 21:19:44,2026-02-05 14:49:30
680,833,1254,2025-06-30,2025-07-14,2025-07-05,4.9,0.0,Returned,2025-06-30 11:10:54,2025-07-05 20:49:32
681,142,1617,2026-03-09,2026-03-23,2026-03-18,2.38,0.0,Returned,2026-03-09 11:58:09,2026-03-18 20:16:51
682,448,1058,2025-08-11,2025-08-18,2025-08-20,2.4,1.5,Returned,2025-08-11 13:18:07,2025-08-20 16:55:28
683,910,1339,2025-08-29,2025-09-12,2025-09-03,3.74,0.0,Returned,2025-08-29 23:20:14,2025-09-03 06:14:59
684,21,1763,2025-09-03,2025-09-10,2025-09-10,4.94,0.0,Returned,2025-09-03 15:28:08,2025-09-10 03:06:06
685,375,1038,2026-03-26,2026-04-09,2026-04-09,4.2,0.0,Returned,2026-03-26 22:33:02,2026-04-09 04:36:41
686,574,1084,2026-05-20,2026-05-27,2026-06-01,2.06,6.0,Returned,2026-05-20 05:07:03,2026-06-01 04:50:59
687,376,803,2025-11-10,2025-11-24,2025-11-16,2.64,0.0,Returned,2025-11-10 04:53:35,2025-11-16 14:01:22
688,934,104,2026-03-15,2026-03-25,,1.69,51.0,Overdue,2026-03-15 18:04:29,2026-03-15 18:04:29
689,926,1686,2025-09-22,2025-10-02,2025-09-27,2.64,-1.5,Returned,2025-09-22 08:35:35,2025-09-27 11:33:14
690,704,1231,2025-12-05,2025-12-12,2025-12-12,2.95,0.0,RETURNED,2025-12-05 17:10:49,2025-12-12 15:17:04
691,804,1214,2025-11-06,2025-11-20,,1.58,144.75,Overdue,2025-11-06 16:08:57,2025-11-06 16:08:57
692,839,1147,2025-11-05,2025-11-19,2025-11-08,2.18,0.0,Returned,2025-11-05 08:28:36,2025-11-08 08:25:23
693,873,212,2025-09-18,2025-10-02,2025-10-01,4.96,0.0,Returned,2025-09-18 11:43:08,2025-10-01 12:07:36
694,710,427,2025-06-14,2025-06-21,2025-06-14,4.11,0.0,Returned,2025-06-14 20:39:23,2025-06-14 20:39:23
695,205,124,2026-04-29,2026-05-09,,1.56,17.25,Overdue,2026-04-29 14:19:12,2026-04-29 14:19:12
696,405,1273,2025-11-21,2025-12-01,2025-11-29,3.81,0.0,Returned,2025-11-21 00:44:10,2025-11-29 08:10:03
697,978,1123,2026-05-24,2026-05-31,2026-05-30,2.97,0.0,Returned,2026-05-24 01:20:24,2026-05-30 17:42:25
698,475,581,2025-09-06,2025-09-16,2025-09-16,2.81,0.0,Returned,2025-09-06 17:03:19,2025-09-16 05:55:08
699,430,25,2025-06-23,2025-07-03,2025-07-02,2.57,0.0,Returned,2025-06-23 02:28:58,2025-07-02 10:51:02
700,929,408,2026-04-20,2026-04-30,2026-04-26,2.51,0.0,Returned,2026-04-20 12:26:11,2026-04-26 16:20:37
701,322,892,2025-07-30,2025-08-09,2025-08-09,7.45,0.0,Returned,2025-07-30 20:56:07,2025-08-09 03:05:02
702,695,360,2025-11-23,2025-12-07,2025-12-04,2.54,0.0,Returned,2025-11-23 00:56:31,2025-12-04 19:30:58
703,785,1194,2025-11-09,2025-11-16,2025-11-14,6.17,0.0,Returned,2025-11-09 01:45:55,2025-11-14 03:21:57
704,304,526,2026-05-04,2026-05-14,2026-05-22,3.38,6.0,Returned,2026-05-04 13:13:53,2026-05-22 09:01:42
705,706,792,2026-03-08,2026-03-18,2026-03-14,3.9,0.0,Returned,2026-03-08 20:50:36,2026-03-14 13:55:18
706,648,805,2025-12-03,2025-12-10,2025-12-06,4.48,0.0,Returned,2025-12-03 13:17:11,2025-12-06 13:45:16
707,332,570,2025-11-04,2025-11-11,2025-11-04,2.23,0.0,Returned,2025-11-04 05:25:59,2025-11-04 23:20:41
708,284,206,2026-02-25,2026-03-07,2026-02-27,2.16,0.0,Returned,2026-02-25 09:17:41,2026-02-27 06:00:55
709,460,660,2025-07-05,2025-07-19,2025-07-07,3.9,0.0,Returned,2025-07-05 23:31:14,2025-07-07 14:28:28
710,999,1507,2026-01-21,2026-02-04,2026-01-31,2.66,0.0,Returned,2026-01-21 19:02:38,2026-01-31 22:14:24
711,430,1082,2025-11-10,2025-11-20,2025-11-29,4.69,6.75,Returned,2025-11-10 09:05:35,2025-11-29 02:20:57
712,539,1548,2026-04-13,2026-04-20,2026-04-20,2.85,0.0,Returned,2026-04-13 00:14:55,2026-04-20 09:45:40
713,673,1508,2026-02-23,2026-03-09,2026-02-26,3.25,0.0,Returned,2026-02-23 13:09:27,2026-02-26 19:08:19
714,480,869,2025-12-03,2025-12-17,2025-12-26,4.96,6.75,Returned,2025-12-03 23:39:34,2025-12-26 18:36:29
715,58,50,2025-08-22,2025-09-01,2025-08-31,1.1,0.0,Returned,2025-08-22 13:45:50,2025-08-31 14:41:46
716,443,1504,2025-12-09,2025-12-23,2025-12-18,8.71,0.0,Returned,2025-12-09 22:25:52,2025-12-18 00:18:54
717,511,541,2025-12-12,2025-12-22,2025-12-27,1.63,3.75,Returned,2025-12-12 03:55:07,2025-12-27 22:51:14
718,313,1255,2026-01-16,2026-01-30,2026-01-22,4.36,0.0,Returned,2026-01-16 03:48:10,2026-01-22 19:06:44
719,500,56,2026-03-02,2026-03-12,2026-03-05,4.48,0.0,Returned,2026-03-02 06:04:35,2026-03-05 02:36:22
720,283,231,2025-08-01,2025-08-11,,2.8,220.5,Overdue,2025-08-01 01:21:10,2025-08-01 01:21:10
721,355,204,2025-06-28,2025-07-12,2025-07-12,3.06,0.0,Returned,2025-06-28 09:40:36,2025-07-12 16:20:56
722,488,1171,2026-04-19,2026-04-26,2026-04-20,2.31,0.0,Returned,2026-04-19 20:39:13,2026-04-20 02:27:01
723,401,1520,2025-07-14,2025-07-28,2025-07-22,5.94,0.0,Returned,2025-07-14 02:44:33,2025-07-22 01:26:48
724,360,277,2025-08-16,2025-08-26,2025-08-20,2.57,0.0,Returned,2025-08-16 23:36:19,2025-08-20 03:23:55
725,863,1265,2026-04-23,2026-05-03,2026-04-25,1.78,0.0,Returned,2026-04-23 15:21:39,2026-04-25 01:58:16
726,942,57,2025-11-25,2025-12-02,2025-12-09,3.73,5.25,Returned,2025-11-25 12:21:19,2025-12-09 00:55:42
727,556,696,2026-05-11,2026-05-18,2026-05-22,2.38,3.0,Returned,2026-05-11 19:43:20,2026-05-22 18:44:47
728,977,1595,2025-12-20,2026-01-03,2026-01-05,7.97,1.5,Returned,2025-12-20 20:23:10,2026-01-05 01:02:51
729,116,1371,2025-09-12,2025-09-19,2025-09-25,2.53,4.5,Returned,2025-09-12 11:08:58,2025-09-25 01:44:13
730,571,1365,2025-06-11,2025-06-18,,1.61,261.0,Overdue,2025-06-11 22:59:30,2025-06-11 22:59:30
731,192,1607,2025-08-06,2025-08-20,2025-08-16,2.63,0.0,Returned,2025-08-06 03:59:21,2025-08-16 02:13:42
732,135,685,2025-08-02,2025-08-16,2025-08-12,3.22,0.0,Returned,2025-08-02 08:06:08,2025-08-12 08:48:26
733,914,1336,2026-04-23,2026-05-03,2026-05-12,2.78,6.75,Returned,2026-04-23 07:22:10,2026-05-12 15:28:28
734,330,96,2026-02-12,2026-02-19,2026-02-18,1.86,0.0,Returned,2026-02-12 16:26:46,2026-02-18 19:44:02
735,185,27,2025-06-23,2025-07-07,2025-06-30,4.85,0.0,Returned,2025-06-23 19:27:49,2025-06-30 10:28:50
736,838,854,2026-05-05,2026-05-12,2026-05-10,3.73,0.0,Returned,2026-05-05 12:45:32,2026-05-10 23:47:32
737,703,139,2025-11-25,2025-12-05,2025-12-02,2.95,0.0,Returned,2025-11-25 11:13:10,2025-12-02 05:05:28
738,196,787,2025-08-10,2025-08-17,2025-08-11,3.37,0.0,Returned,2025-08-10 01:21:43,2025-08-11 23:50:09
739,210,1748,2025-10-10,2025-10-24,2025-10-15,2.65,0.0,Returned,2025-10-10 17:34:03,2025-10-15 08:38:09
740,275,1075,2025-08-05,2025-08-12,2025-08-14,5.95,1.5,Returned,2025-08-05 19:09:01,2025-08-14 18:37:13
741,568,1223,2026-02-26,2026-03-08,,2.09,63.75,Overdue,2026-02-26 14:22:43,2026-02-26 14:22:43
742,892,1632,2025-12-08,2025-12-15,,4.56,126.0,Overdue,2025-12-08 06:35:24,2025-12-08 06:35:24
743,300,209,2026-05-15,2026-05-22,2026-05-21,4.28,0.0,Returned,2026-05-15 05:10:20,2026-05-21 16:46:00
744,922,599,2025-07-31,2025-08-10,2025-08-01,2.96,0.0,Returned,2025-07-31 00:49:42,2025-08-01 14:51:19
745,158,1288,2025-11-29,2025-12-09,2025-12-07,4.04,0.0,Returned,2025-11-29 23:31:07,2025-12-07 07:17:13
746,187,1419,2026-01-12,2026-01-22,2026-01-20,2.92,0.0,Returned,2026-01-12 15:13:08,2026-01-20 02:48:30
747,989,1336,2026-01-01,2026-01-15,2026-01-05,4.86,0.0,Returned,2026-01-01 10:28:44,2026-01-05 12:37:44
748,407,1370,2026-01-28,2026-02-11,2026-01-31,4.86,0.0,Returned,2026-01-28 22:09:56,2026-01-31 12:13:07
749,628,79,2026-01-24,2026-02-07,2026-02-15,3.37,6.0,Returned,2026-01-24 04:32:17,2026-02-15 04:41:58
750,142,1164,2025-08-17,2025-08-27,2025-08-26,4.12,0.0,Returned,2025-08-17 17:53:42,2025-08-26 02:30:45
751,663,1355,2025-10-26,2025-11-09,2025-11-02,3.38,0.0,Returned,2025-10-26 09:51:12,2025-11-02 08:26:15
752,958,309,2025-08-30,2025-09-13,2025-08-30,2.47,0.0,Returned,2025-08-30 13:25:11,2025-08-30 14:14:40
753,931,41,2026-05-22,2026-06-01,,1.82,0.0,Active,2026-05-22 20:43:18,2026-05-22 20:43:18
754,817,858,2025-12-27,2026-01-03,2026-01-03,4.77,0.0,Returned,2025-12-27 05:21:04,2026-01-03 14:19:58
755,491,128,2025-07-10,2025-07-17,2025-07-17,3.14,0.0,Returned,2025-07-10 15:33:50,2025-07-17 13:24:21
756,315,1503,2026-02-17,2026-02-27,2026-02-27,8.68,0.0,Returned,2026-02-17 00:17:11,2026-02-27 22:00:09
757,482,1536,2026-02-08,2026-02-18,2026-02-18,7.36,0.0,Returned,2026-02-08 05:47:57,2026-02-18 00:48:09
758,639,60,2025-06-10,2025-06-17,2025-06-25,4.33,6.0,Returned,2025-06-10 07:08:53,2025-06-25 14:59:15
759,956,109,2026-05-22,2026-05-29,2026-05-26,1.36,0.0,Returned,2026-05-22 15:10:18,2026-05-26 04:46:14
760,504,1129,2026-03-24,2026-04-03,2026-03-24,1.86,0.0,Returned,2026-03-24 03:51:52,2026-03-24 06:07:16
761,911,1251,2025-10-17,2025-10-24,2025-10-21,4.84,0.0,Returned,2025-10-17 10:49:16,2025-10-21 14:51:03
762,562,297,2025-10-13,2025-10-27,2025-10-14,2.57,0.0,Returned,2025-10-13 08:25:17,2025-10-14 14:19:01
763,961,137,2026-04-03,2026-04-17,2026-04-03,2.79,0.0,Returned,2026-04-03 03:31:24,2026-04-03 21:55:14
764,824,1559,2025-11-27,2025-12-11,2025-12-18,3.42,5.25,Returned,2025-11-27 20:49:55,2025-12-18 12:45:51
765,33,989,2025-10-03,2025-10-13,2025-10-08,2.95,0.0,Returned,2025-10-03 18:17:12,2025-10-08 05:54:55
766,356,899,2026-02-16,2026-02-26,2026-02-23,3.76,0.0,Returned,2026-02-16 06:38:17,2026-02-23 05:43:40
767,17,44,2025-10-10,2025-10-20,2025-10-14,3.14,0.0,Returned,2025-10-10 22:19:58,2025-10-14 01:38:24
768,919,69,2025-09-28,2025-10-05,2025-10-09,2.14,3.0,Returned,2025-09-28 19:47:19,2025-10-09 01:35:23
769,477,684,2026-01-14,2026-01-24,2026-01-22,3.86,0.0,Returned,2026-01-14 07:06:46,2026-01-22 09:43:43
770,720,624,2026-03-24,2026-03-31,2026-03-25,3.64,0.0,Returned,2026-03-24 11:50:49,2026-03-25 17:30:39
771,438,304,2025-10-11,2025-10-25,2025-10-31,4.27,4.5,RETURNED,2025-10-11 14:12:54,2025-10-31 01:26:53
772,617,565,2026-02-25,2026-03-04,2026-03-02,2.1,0.0,Returned,2026-02-25 09:04:28,2026-03-02 13:46:45
773,632,991,2025-06-27,2025-07-07,2025-07-01,3.03,0.0,Returned,2025-06-27 14:02:44,2025-07-01 08:41:56
774,302,1709,2025-10-20,2025-10-30,2025-10-25,2.61,0.0,Returned,2025-10-20 01:39:54,2025-10-25 17:37:55
775,320,205,2025-09-09,2025-09-19,2025-09-24,2.63,3.75,Returned,2025-09-09 20:51:26,2025-09-24 05:39:56
776,857,708,2025-09-16,2025-09-26,2025-10-03,1.27,5.25,Returned,2025-09-16 20:00:01,2025-10-03 13:28:40
777,765,1310,2025-07-09,2025-07-23,2025-07-14,1.61,0.0,Returned,2025-07-09 07:01:01,2025-07-14 13:08:28
778,600,1593,2026-05-05,2026-05-12,2026-05-08,7.62,0.0,Returned,2026-05-05 11:18:04,2026-05-08 23:09:15
779,683,537,2026-03-19,2026-03-29,2026-03-21,1.22,0.0,Returned,2026-03-19 12:51:12,2026-03-21 14:31:45
780,917,138,2025-06-15,2025-06-22,2025-06-18,2.78,0.0,Returned,2025-06-15 06:48:26,2025-06-18 22:54:05
781,860,1469,2025-09-26,2025-10-03,2025-09-30,2.48,0.0,Returned,2025-09-26 16:07:46,2025-09-30 23:21:59
782,830,1364,2026-03-20,2026-04-03,2026-03-29,2.33,0.0,Returned,2026-03-20 16:24:27,2026-03-29 21:10:08
783,300,1273,2026-03-15,2026-03-29,2026-03-21,4.33,0.0,Returned,2026-03-15 07:12:04,2026-03-21 21:19:35
784,627,123,2025-10-16,2025-10-23,2025-10-21,1.75,0.0,Returned,2025-10-16 05:36:49,2025-10-21 12:34:17
785,123,1351,2026-01-27,2026-02-06,2026-01-30,4.03,0.0,Returned,2026-01-27 12:55:59,2026-01-30 15:07:36
786,87,858,2025-07-01,2025-07-15,2025-07-07,4.97,0.0,Returned,2025-07-01 16:27:24,2025-07-07 02:44:08
787,541,667,2025-06-27,2025-07-11,2025-07-18,2.61,5.25,Returned,2025-06-27 12:15:52,2025-07-18 20:25:31
788,405,246,2025-10-04,2025-10-14,2025-10-23,4.62,6.75,Returned,2025-10-04 08:28:18,2025-10-23 03:47:11
789,165,581,2025-08-15,2025-08-25,2025-08-21,4.31,0.0,Returned,2025-08-15 10:16:17,2025-08-21 10:16:58
790,1000,681,2025-06-29,2025-07-09,,2.89,245.25,Overdue,2025-06-29 12:36:15,2025-06-29 12:36:15
791,802,22,2026-05-05,2026-05-15,2026-05-11,2.39,0.0,Returned,2026-05-05 20:42:32,2026-05-11 22:59:38
792,306,863,2026-03-12,2026-03-26,2026-03-16,3.34,0.0,Returned,2026-03-12 22:27:14,2026-03-16 02:52:03
793,142,102,2025-09-06,2025-09-13,2025-09-15,1.15,1.5,Returned,2025-09-06 21:05:35,2025-09-15 17:38:12
794,792,1048,2026-01-28,2026-02-07,2026-02-02,1.86,0.0,Returned,2026-01-28 00:54:08,2026-02-02 13:42:01
795,540,1050,2025-06-16,2025-06-30,2025-06-25,1.78,0.0,Returned,2025-06-16 17:56:39,2025-06-25 17:36:51
796,859,511,2025-08-08,2025-08-18,2025-08-10,1.66,0.0,Returned,2025-08-08 05:20:00,2025-08-10 15:08:33
797,34,386,2025-10-07,2025-10-17,2025-10-24,2.88,5.25,Returned,2025-10-07 14:30:10,2025-10-24 07:31:06
798,817,864,2025-06-09,2025-06-16,2025-06-13,4.11,0.0,Returned,2025-06-09 13:49:30,2025-06-13 06:52:49
799,597,751,2025-11-17,2025-11-24,2025-12-01,1.55,5.25,Returned,2025-11-17 15:30:49,2025-12-01 08:08:05
800,690,1048,2026-04-13,2026-04-23,,2.92,29.25,Overdue,2026-04-13 13:21:24,2026-04-13 13:21:24
801,492,732,2026-05-07,2026-05-14,2026-05-14,2.46,0.0,Returned,2026-05-07 01:32:28,2026-05-14 09:37:58
802,985,1726,2026-03-12,2026-03-19,2026-03-12,2.67,0.0,Returned,2026-03-12 16:36:41,2026-03-12 16:36:41
803,392,105,2026-01-07,2026-01-21,2026-01-11,4.66,0.0,Returned,2026-01-07 10:41:36,2026-01-11 03:00:04
804,133,1150,2025-10-02,2025-10-16,2025-10-05,4.02,0.0,Returned,2025-10-02 01:31:49,2025-10-05 12:01:31
805,179,820,2026-02-11,2026-02-25,2026-02-20,3.16,0.0,Returned,2026-02-11 20:23:51,2026-02-20 19:04:22
806,604,862,2026-05-27,2026-06-03,2026-05-29,3.26,0.0,Returned,2026-05-27 17:00:32,2026-05-29 16:41:55
807,329,1648,2026-02-08,2026-02-15,2026-02-10,2.85,0.0,Returned,2026-02-08 21:30:42,2026-02-10 14:36:23
808,96,526,2026-04-03,2026-04-17,2026-04-21,3.95,3.0,Returned,2026-04-03 06:44:31,2026-04-21 07:14:22
809,96,1179,2026-04-14,2026-04-28,2026-04-16,3.85,0.0,Returned,2026-04-14 12:11:10,2026-04-16 13:48:30
810,322,636,2025-12-24,2026-01-07,,1.44,108.75,Overdue,2025-12-24 13:33:17,2025-12-24 13:33:17
811,188,1129,2025-09-01,2025-09-08,2025-09-02,2.34,0.0,Returned,2025-09-01 16:30:52,2025-09-02 19:44:37
812,928,1107,2025-12-15,2025-12-29,2025-12-27,2.15,0.0,Returned,2025-12-15 08:35:08,2025-12-27 23:40:23
813,522,1153,2026-05-11,2026-05-25,2026-05-18,1.39,0.0,Returned,2026-05-11 13:40:43,2026-05-18 19:59:47
814,753,129,2025-11-12,2025-11-22,2025-11-21,3.3,0.0,Returned,2025-11-12 21:03:03,2025-11-21 23:58:17
815,373,1735,2026-04-25,2026-05-02,2026-05-04,2.12,1.5,Returned,2026-04-25 06:47:25,2026-05-04 18:04:29
816,157,957,2026-04-08,2026-04-15,2026-04-08,4.6,0.0,Returned,2026-04-08 08:30:08,2026-04-08 08:30:08
817,789,963,2026-04-13,2026-04-20,2026-04-18,4.35,0.0,Returned,2026-04-13 22:01:23,2026-04-18 16:25:38
818,543,1557,2026-04-22,2026-05-02,2026-05-11,4.67,6.75,Returned,2026-04-22 19:25:54,2026-05-11 06:23:41
819,893,1167,2026-05-04,2026-05-18,2026-05-06,4.83,0.0,Returned,2026-05-04 15:05:27,2026-05-06 14:08:36
820,618,1075,2025-07-23,2025-08-06,2025-08-03,5.71,0.0,Returned,2025-07-23 06:21:59,2025-08-03 21:27:15
821,646,777,2026-05-03,2026-05-10,2026-05-20,3.57,7.5,Returned,2026-05-03 05:08:08,2026-05-20 19:06:53
822,260,699,2025-10-16,2025-10-23,2025-10-21,1.62,0.0,Returned,2025-10-16 17:56:35,2025-10-21 04:44:29
823,880,929,2025-07-13,2025-07-23,2025-07-23,4.71,0.0,Returned,2025-07-13 22:12:48,2025-07-23 12:40:29
824,463,1623,2026-01-12,2026-01-22,2026-01-16,1.51,0.0,Returned,2026-01-12 06:48:25,2026-01-16 15:34:55
825,129,421,2025-06-25,2025-07-05,,2.07,248.25,Overdue,2025-06-25 19:37:22,2025-06-25 19:37:22
826,432,1526,2025-12-16,2025-12-30,2025-12-23,3.88,0.0,RETURNED,2025-12-16 06:41:03,2025-12-23 10:32:07
827,948,246,2025-09-19,2025-09-29,2025-09-28,6.83,0.0,Returned,2025-09-19 02:27:08,2025-09-28 23:39:48
828,539,810,2025-07-03,2025-07-13,2025-07-22,1.07,6.75,Returned,2025-07-03 12:19:46,2025-07-22 11:23:04
829,962,1518,2025-07-24,2025-07-31,2025-07-30,4.23,0.0,Returned,2025-07-24 06:14:08,2025-07-30 08:03:18
830,526,157,2025-09-28,2025-10-05,2025-10-04,2.89,0.0,Returned,2025-09-28 23:24:47,2025-10-04 09:32:29
831,237,1251,2026-01-22,2026-02-01,2026-01-24,3.5,0.0,Returned,2026-01-22 23:49:00,2026-01-24 02:29:18
832,34,892,2026-02-11,2026-02-21,2026-02-21,8.66,0.0,Returned,2026-02-11 07:44:27,2026-02-21 11:45:16
833,841,1496,2025-08-22,2025-08-29,2025-09-07,2.69,6.75,Returned,2025-08-22 08:14:59,2025-09-07 03:39:15
834,967,1673,2025-07-13,2025-07-27,2025-08-03,2.75,5.25,Returned,2025-07-13 00:38:59,2025-08-03 23:05:10
835,619,1322,2025-10-10,2025-10-20,2025-10-18,3.22,0.0,Returned,2025-10-10 02:24:38,2025-10-18 22:42:51
836,264,272,2025-09-22,2025-10-02,2025-10-03,4.96,0.75,Returned,2025-09-22 22:43:11,2025-10-03 07:19:27
837,278,1609,2025-07-06,2025-07-20,2025-07-11,1.99,0.0,Returned,2025-07-06 22:28:26,2025-07-11 13:15:34
838,649,1247,2026-05-01,2026-05-08,2026-05-07,2.36,0.0,Returned,2026-05-01 18:00:42,2026-05-07 22:18:51
839,626,889,2025-06-30,2025-07-14,2025-07-07,1.74,0.0,Returned,2025-06-30 14:56:35,2025-07-07 12:13:39
840,442,1548,2025-09-08,2025-09-18,2025-09-14,2.07,0.0,Returned,2025-09-08 03:12:39,2025-09-14 17:53:51
841,269,682,2026-01-31,2026-02-07,2026-02-04,3.66,0.0,Returned,2026-01-31 21:53:22,2026-02-04 01:08:12
842,728,935,2025-12-24,2026-01-03,2025-12-30,1.15,0.0,Returned,2025-12-24 01:23:47,2025-12-30 14:34:24
843,203,589,2025-10-24,2025-11-07,2025-11-03,3.63,0.0,Returned,2025-10-24 02:42:57,2025-11-03 08:14:49
844,456,1250,2026-01-23,2026-02-06,2026-02-09,3.3,2.25,Returned,2026-01-23 07:42:00,2026-02-09 21:29:44
845,595,190,2025-10-10,2025-10-17,2025-10-17,2.79,0.0,Returned,2025-10-10 18:04:23,2025-10-17 21:30:29
846,907,139,2026-05-06,2026-05-20,2026-05-23,3.85,2.25,RETURNED,2026-05-06 18:44:19,2026-05-23 14:27:05
847,152,1693,2025-08-22,2025-09-05,2025-08-23,2.26,0.0,Returned,2025-08-22 07:29:26,2025-08-23 17:43:17
848,643,631,2025-10-22,2025-11-01,2025-10-24,1.41,0.0,Returned,2025-10-22 12:33:27,2025-10-24 15:07:07
849,700,203,2025-09-12,2025-09-19,2025-09-15,4.82,0.0,Returned,2025-09-12 04:17:51,2025-09-15 23:09:56
850,647,1290,2025-06-19,2025-06-26,2025-06-22,2.38,0.0,Returned,2025-06-19 14:47:12,2025-06-22 18:02:53
851,590,1377,2026-01-15,2026-01-29,,2.8,92.25,Overdue,2026-01-15 15:23:08,2026-01-15 15:23:08
852,350,2,2026-04-16,2026-04-23,2026-04-20,2.83,0.0,Returned,2026-04-16 06:33:52,2026-04-20 22:33:28
853,17,947,2026-02-23,2026-03-02,2026-03-07,4.43,3.75,Returned,2026-02-23 17:56:35,2026-03-07 14:55:53
854,589,577,2025-08-26,2025-09-02,2025-08-30,3.12,0.0,Returned,2025-08-26 07:18:21,2025-08-30 11:48:50
855,655,737,2025-09-08,2025-09-18,2025-09-25,1.93,5.25,Returned,2025-09-08 12:41:39,2025-09-25 10:01:27
856,78,495,2025-11-27,2025-12-07,2025-12-15,2.85,6.0,Returned,2025-11-27 11:04:50,2025-12-15 14:47:11
857,987,1183,2026-04-23,2026-05-07,2026-05-12,3.98,3.75,Returned,2026-04-23 00:43:17,2026-05-12 23:32:50
858,9,802,2025-07-07,2025-07-21,2025-07-18,2.31,0.0,Returned,2025-07-07 16:46:12,2025-07-18 10:12:49
859,126,373,2025-10-05,2025-10-15,2025-10-14,3.42,0.0,Returned,2025-10-05 16:25:04,2025-10-14 03:33:13
860,535,359,2025-08-04,2025-08-14,2025-08-12,2.35,0.0,Returned,2025-08-04 19:28:31,2025-08-12 22:57:57
861,729,246,2025-09-08,2025-09-15,2025-09-11,8.39,0.0,Returned,2025-09-08 00:06:26,2025-09-11 09:02:11
862,684,1522,2026-03-12,2026-03-22,2026-03-15,1.06,0.0,Returned,2026-03-12 03:58:45,2026-03-15 18:55:09
863,571,89,2025-10-11,2025-10-18,,6.1,169.5,Overdue,2025-10-11 01:11:50,2025-10-11 01:11:50
864,643,1511,2025-12-15,2025-12-25,2025-12-19,1.41,0.0,Returned,2025-12-15 10:28:23,2025-12-19 00:22:36
865,871,1101,2025-07-24,2025-07-31,,4.9,228.75,Overdue,2025-07-24 16:44:34,2025-07-24 16:44:34
866,178,1420,2026-02-06,2026-02-16,2026-02-07,1.72,0.0,Returned,2026-02-06 08:38:24,2026-02-07 22:47:32
867,218,629,2025-06-18,2025-06-28,2025-06-19,2.03,0.0,Returned,2025-06-18 06:10:21,2025-06-19 03:00:50
868,812,904,2026-05-21,2026-05-28,2026-05-21,4.95,0.0,Returned,2026-05-21 19:53:28,2026-05-21 19:53:28
869,197,703,2026-05-19,2026-06-02,2026-06-01,2.8,6.0,Returned,2026-05-19 18:35:08,2026-06-01 08:37:51
870,342,625,2026-02-25,2026-03-04,2026-02-28,2.54,0.0,Returned,2026-02-25 13:34:53,2026-02-28 05:45:06
871,257,1708,2025-10-08,2025-10-22,2025-10-10,4.9,0.0,Returned,2025-10-08 10:10:24,2025-10-10 17:15:04
872,353,1491,2025-08-05,2025-08-19,2025-08-17,2.89,0.0,Returned,2025-08-05 23:05:47,2025-08-17 15:25:24
873,272,360,2026-05-19,2026-06-02,2026-06-02,2.7,0.0,Returned,2026-05-19 05:32:55,2026-06-02 18:20:12
874,157,1549,2025-06-28,2025-07-05,2025-07-12,2.47,5.25,Returned,2025-06-28 20:07:38,2025-07-12 19:53:39
875,229,333,2026-02-02,2026-02-09,2026-02-08,2.35,0.0,Returned,2026-02-02 05:29:58,2026-02-08 00:29:42
876,443,180,2026-02-03,2026-02-13,2026-02-05,2.65,0.0,Returned,2026-02-03 15:30:35,2026-02-05 01:41:58
877,360,342,2026-03-11,2026-03-21,,4.83,54.0,Overdue,2026-03-11 05:51:34,2026-03-11 05:51:34
878,343,1034,2026-03-31,2026-04-10,2026-04-02,3.69,0.0,Returned,2026-03-31 19:37:09,2026-04-02 04:16:12
879,238,1362,2026-05-09,2026-05-16,2026-05-23,2.87,-5.25,Returned,2026-05-09 16:26:28,2026-05-23 12:44:39
880,134,1286,2025-08-25,2025-09-04,2025-08-26,4.61,0.0,Returned,2025-08-25 05:28:55,2025-08-26 17:48:08
881,708,1526,2026-02-05,2026-02-19,2026-02-24,4.11,3.75,Returned,2026-02-05 13:12:25,2026-02-24 02:47:07
882,285,1163,2026-04-05,2026-04-19,2026-04-07,3.86,0.0,Returned,2026-04-05 13:16:46,2026-04-07 08:03:56
883,879,169,2025-09-24,2025-10-01,2025-09-26,2.99,0.0,Returned,2025-09-24 18:57:20,2025-09-26 06:25:46
884,993,1619,2025-12-11,2025-12-18,2025-12-12,2.09,0.0,Returned,2025-12-11 08:27:31,2025-12-12 09:58:29
885,659,587,2026-02-21,2026-02-28,2026-02-22,4.16,0.0,Returned,2026-02-21 15:02:18,2026-02-22 08:52:28
886,581,885,2025-09-14,2025-09-21,2025-09-21,2.39,0.0,Returned,2025-09-14 23:47:42,2025-09-21 03:30:18
887,416,237,2026-02-25,2026-03-11,2026-03-06,1.86,0.0,Returned,2026-02-25 02:12:15,2026-03-06 06:47:56
888,880,1626,2025-12-31,2026-01-10,2026-01-06,2.83,0.0,Returned,2025-12-31 07:26:46,2026-01-06 01:41:14
889,650,473,2025-11-14,2025-11-24,,3.12,141.75,Overdue,2025-11-14 15:24:19,2025-11-14 15:24:19
890,506,216,2025-08-24,2025-09-03,,1.93,203.25,Overdue,2025-08-24 13:32:21,2025-08-24 13:32:21
891,745,945,2026-03-30,2026-04-06,2026-04-14,1.59,6.0,Returned,2026-03-30 04:32:29,2026-04-14 12:42:17
892,747,1277,2025-08-16,2025-08-26,2025-08-16,7.57,0.0,Returned,2025-08-16 04:13:31,2025-08-16 08:17:13
893,100,592,2025-09-28,2025-10-12,2025-10-02,4.03,0.0,Returned,2025-09-28 03:20:26,2025-10-02 19:24:09
894,164,762,2025-10-13,2025-10-20,2025-10-17,2.63,0.0,Returned,2025-10-13 15:35:07,2025-10-17 23:14:21
895,598,938,2026-01-03,2026-01-13,2026-01-21,2.71,6.0,Returned,2026-01-03 17:55:26,2026-01-21 16:02:49
896,975,279,2025-10-17,2025-10-31,2025-10-29,4.77,0.0,Returned,2025-10-17 09:45:44,2025-10-29 13:54:13
897,17,758,2025-11-17,2025-11-24,2025-11-17,2.62,0.0,Returned,2025-11-17 06:24:51,2025-11-17 06:24:51
898,791,205,2025-09-17,2025-09-27,,2.03,185.25,Overdue,2025-09-17 04:28:59,2025-09-17 04:28:59
899,167,1154,2026-02-24,2026-03-03,2026-02-25,4.06,0.0,Returned,2026-02-24 02:22:37,2026-02-25 21:25:03
900,630,906,2025-12-28,2026-01-11,2025-12-28,3.21,0.0,Returned,2025-12-28 21:11:22,2025-12-28 21:11:22
901,414,1413,2026-05-08,2026-05-18,2026-05-12,4.72,0.0,RETURNED,2026-05-08 15:53:34,2026-05-12 17:46:13
902,946,75,2025-06-30,2025-07-07,2025-07-05,2.9,0.0,Returned,2025-06-30 18:19:39,2025-07-05 19:49:14
903,688,992,2026-03-02,2026-03-09,2026-03-03,3.24,0.0,Returned,2026-03-02 21:23:48,2026-03-03 07:09:50
904,868,1157,2025-06-25,2025-07-05,2025-07-06,8.7,0.75,Returned,2025-06-25 03:58:36,2025-07-06 00:54:20
905,399,1160,2026-03-14,2026-03-21,2026-03-24,3.47,2.25,Returned,2026-03-14 16:56:29,2026-03-24 08:14:21
906,122,221,2025-08-04,2025-08-18,2025-08-14,2.77,0.0,Returned,2025-08-04 00:12:14,2025-08-14 19:15:27
907,204,1763,2025-12-26,2026-01-05,2026-01-10,4.18,3.75,Returned,2025-12-26 14:43:47,2026-01-10 05:49:03
908,706,1275,2026-01-10,2026-01-17,2026-01-14,8.9,0.0,Returned,2026-01-10 22:29:36,2026-01-14 05:01:45
909,556,828,2025-12-17,2025-12-27,2025-12-29,2.55,1.5,Returned,2025-12-17 14:57:54,2025-12-29 03:04:12
910,887,1380,2026-05-04,2026-05-14,2026-05-04,4.82,0.0,Returned,2026-05-04 11:02:42,2026-05-04 11:02:42
911,37,125,2025-07-25,2025-08-01,2025-07-27,2.82,0.0,Returned,2025-07-25 21:29:53,2025-07-27 09:52:38
912,661,710,2025-12-01,2025-12-11,2025-12-09,3.48,0.0,Returned,2025-12-01 05:51:05,2025-12-09 00:10:48
913,406,153,2025-10-30,2025-11-13,2025-11-05,6.58,0.0,Returned,2025-10-30 12:20:46,2025-11-05 06:54:07
914,474,1506,2025-11-05,2025-11-15,2025-11-12,3.07,0.0,Returned,2025-11-05 18:12:26,2025-11-12 01:50:40
915,388,117,2026-05-24,2026-05-31,2026-06-01,3.28,4.5,Returned,2026-05-24 21:50:12,2026-06-01 11:58:21
916,990,424,2025-11-02,2025-11-16,2025-11-02,1.23,0.0,Returned,2025-11-02 01:18:25,2025-11-02 20:46:09
917,326,918,2026-03-21,2026-03-28,2026-03-27,2.96,0.0,Returned,2026-03-21 15:08:44,2026-03-27 12:20:53
918,434,1024,2026-05-08,2026-05-15,2026-05-09,6.26,0.0,Returned,2026-05-08 04:20:58,2026-05-09 15:01:28
919,195,1496,2026-03-12,2026-03-19,2026-03-16,4.91,0.0,Returned,2026-03-12 15:14:17,2026-03-16 23:23:50
920,160,1153,2025-11-26,2025-12-10,2025-12-08,1.71,0.0,Returned,2025-11-26 08:11:55,2025-12-08 20:44:54
921,898,194,2026-01-09,2026-01-19,2026-01-09,2.32,0.0,Returned,2026-01-09 07:20:13,2026-01-09 20:34:44
922,985,1027,2026-04-26,2026-05-10,2026-05-08,2.71,0.0,Returned,2026-04-26 09:19:06,2026-05-08 08:53:33
923,964,532,2026-05-18,2026-05-25,2026-05-19,2.24,0.0,Returned,2026-05-18 00:22:25,2026-05-19 04:56:18
924,146,142,2026-01-29,2026-02-08,2026-02-04,1.59,0.0,Returned,2026-01-29 12:43:43,2026-02-04 15:02:13
925,643,891,2026-01-28,2026-02-04,2026-02-04,4.95,0.0,Returned,2026-01-28 13:05:02,2026-02-04 07:17:19
926,853,386,2025-08-02,2025-08-12,2025-08-04,2.31,0.0,Returned,2025-08-02 06:24:07,2025-08-04 11:03:35
927,40,1371,2025-08-01,2025-08-15,2025-08-09,3.66,0.0,Returned,2025-08-01 21:17:40,2025-08-09 19:31:03
928,522,1162,2026-01-06,2026-01-20,2026-01-13,3.98,0.0,Returned,2026-01-06 00:14:15,2026-01-13 16:48:10
929,195,1636,2026-05-01,2026-05-15,2026-05-14,1.57,0.0,Returned,2026-05-01 15:51:43,2026-05-14 08:05:45
930,182,21,2025-12-30,2026-01-13,2026-01-11,1.2,-1.5,Returned,2025-12-30 00:18:46,2026-01-11 22:32:13
931,419,196,2025-06-19,2025-07-03,2025-06-28,2.58,0.0,Returned,2025-06-19 15:54:13,2025-06-28 07:52:10
932,42,1704,2025-09-13,2025-09-27,2025-09-14,4.91,0.0,Returned,2025-09-13 07:11:25,2025-09-14 13:11:10
933,875,486,2026-04-23,2026-05-07,2026-05-04,3.79,0.0,Returned,2026-04-23 13:09:15,2026-05-04 10:31:36
934,926,403,2025-12-20,2026-01-03,2025-12-22,4.01,0.0,Returned,2025-12-20 20:58:36,2025-12-22 11:09:23
935,518,1063,2025-12-12,2025-12-26,2025-12-31,2.78,3.75,Returned,2025-12-12 22:58:18,2025-12-31 17:07:16
936,852,187,2025-12-24,2026-01-03,2025-12-24,4.89,0.0,Returned,2025-12-24 05:14:16,2025-12-24 05:14:16
937,341,559,2025-12-19,2026-01-02,2025-12-23,3.09,0.0,Returned,2025-12-19 20:42:21,2025-12-23 15:40:52
938,980,759,2026-01-30,2026-02-06,2026-02-09,1.76,2.25,Returned,2026-01-30 00:08:06,2026-02-09 15:16:41
939,200,401,2025-11-09,2025-11-19,2025-11-09,5.11,0.0,Returned,2025-11-09 05:43:29,2025-11-09 11:04:51
940,417,1482,2025-08-28,2025-09-11,2025-09-04,3.94,0.0,Returned,2025-08-28 18:15:11,2025-09-04 09:23:03
941,243,1375,2026-04-10,2026-04-17,2026-04-13,2.34,0.0,Returned,2026-04-10 13:06:07,2026-04-13 20:31:46
942,383,1314,2025-07-11,2025-07-25,,3.94,233.25,Overdue,2025-07-11 07:56:50,2025-07-11 07:56:50
943,841,1399,2025-11-22,2025-12-06,2025-12-03,3.77,0.0,Returned,2025-11-22 04:43:33,2025-12-03 10:37:33
944,724,770,2025-12-12,2025-12-22,2025-12-15,1.56,0.0,Returned,2025-12-12 00:55:54,2025-12-15 04:08:14
945,90,909,2026-03-01,2026-03-15,2026-03-12,3.32,0.0,Returned,2026-03-01 07:16:24,2026-03-12 13:35:14
946,534,1712,2026-04-02,2026-04-09,,2.75,39.75,Overdue,2026-04-02 13:21:03,2026-04-02 13:21:03
947,139,1541,2026-02-02,2026-02-09,2026-02-03,3.08,0.0,Returned,2026-02-02 15:57:29,2026-02-03 18:57:09
948,629,524,2026-02-02,2026-02-09,,4.85,84.0,Overdue,2026-02-02 15:14:54,2026-02-02 15:14:54
949,760,1454,2025-06-21,2025-06-28,2025-07-04,2.52,4.5,Returned,2025-06-21 01:09:52,2025-07-04 12:39:33
950,936,813,2025-12-02,2025-12-16,2025-12-10,1.47,0.0,Returned,2025-12-02 13:50:17,2025-12-10 22:42:50
951,690,1574,2025-11-14,2025-11-21,2025-11-16,4.16,0.0,Returned,2025-11-14 22:20:48,2025-11-16 06:03:51
952,20,807,2026-03-07,2026-03-14,2026-03-14,1.03,0.0,Returned,2026-03-07 20:53:04,2026-03-14 07:54:35
953,743,732,2025-09-11,2025-09-25,2025-09-25,1.74,0.0,Returned,2025-09-11 10:13:08,2025-09-25 22:34:36
954,676,757,2025-12-03,2025-12-13,2025-12-20,2.42,5.25,Returned,2025-12-03 08:18:48,2025-12-20 11:53:29
955,466,289,2025-08-27,2025-09-06,2025-09-03,1.76,0.0,Returned,2025-08-27 12:11:51,2025-09-03 07:59:35
956,261,169,2025-06-12,2025-06-22,2025-06-29,4.62,5.25,Returned,2025-06-12 15:56:53,2025-06-29 03:34:56
957,709,1570,2025-10-02,2025-10-09,2025-10-09,1.28,0.0,Returned,2025-10-02 16:42:02,2025-10-09 06:24:58
958,451,1267,2025-12-04,2025-12-11,2025-12-14,4.74,2.25,Returned,2025-12-04 18:06:39,2025-12-14 12:03:40
959,620,1704,2025-06-11,2025-06-21,2025-06-15,3.34,0.0,Returned,2025-06-11 23:17:07,2025-06-15 19:56:52
960,809,1111,2025-12-30,2026-01-09,2026-01-02,4.13,0.0,Returned,2025-12-30 08:46:29,2026-01-02 04:48:49
961,262,1613,2025-12-11,2025-12-18,2025-12-12,4.99,0.0,Returned,2025-12-11 16:23:00,2025-12-12 16:13:13
962,711,730,2025-11-03,2025-11-13,2025-11-10,2.28,0.0,Returned,2025-11-03 21:38:00,2025-11-10 00:57:07
963,431,209,2026-03-22,2026-04-01,,3.97,45.75,Overdue,2026-03-22 05:43:13,2026-03-22 05:43:13
964,391,1416,2025-09-28,2025-10-08,2025-10-04,4.21,0.0,Returned,2025-09-28 19:10:08,2025-10-04 17:29:47
965,179,1647,2025-09-29,2025-10-06,2025-10-05,3.6,0.0,Returned,2025-09-29 13:15:20,2025-10-05 08:40:14
966,137,315,2026-05-05,2026-05-19,2026-05-08,4.26,0.0,Returned,2026-05-05 11:04:47,2026-05-08 15:54:58
967,448,1147,2026-01-04,2026-01-14,2026-01-05,1.95,0.0,Returned,2026-01-04 00:12:25,2026-01-05 10:42:31
968,156,500,2025-12-16,2025-12-23,2025-12-18,3.39,0.0,Returned,2025-12-16 18:32:34,2025-12-18 08:56:53
969,830,1191,2026-03-14,2026-03-28,2026-04-02,1.51,3.75,Returned,2026-03-14 16:24:32,2026-04-02 17:45:22
970,778,807,2025-12-04,2025-12-14,,1.96,126.75,Overdue,2025-12-04 15:21:00,2025-12-04 15:21:00
971,822,948,2026-03-02,2026-03-12,2026-03-21,3.06,6.75,Returned,2026-03-02 17:19:36,2026-03-21 16:07:38
972,890,568,2025-12-19,2026-01-02,2025-12-26,2.43,0.0,Returned,2025-12-19 17:22:48,2025-12-26 23:57:36
973,777,364,2026-04-18,2026-05-02,2026-04-18,3.46,0.0,Returned,2026-04-18 15:13:48,2026-04-18 16:54:29
974,788,1748,2026-03-23,2026-04-02,2026-04-07,2.59,3.75,Returned,2026-03-23 16:34:52,2026-04-07 18:25:40
975,974,653,2025-10-30,2025-11-13,2025-11-04,3.46,0.0,Returned,2025-10-30 00:29:03,2025-11-04 00:02:18
976,108,819,2026-05-18,2026-05-25,2026-05-29,2.98,3.0,Returned,2026-05-18 02:36:37,2026-05-29 15:52:06
977,171,157,2025-08-18,2025-08-25,2025-08-22,2.46,0.0,Returned,2025-08-18 21:53:07,2025-08-22 23:49:18
978,917,389,2026-04-21,2026-05-01,2026-04-28,2.9,0.0,Returned,2026-04-21 13:19:39,2026-04-28 14:15:51
979,195,1077,2025-10-17,2025-10-24,2025-10-19,2.72,0.0,Returned,2025-10-17 16:59:29,2025-10-19 07:49:09
980,17,868,2026-01-11,2026-01-21,2026-01-20,6.66,0.0,Returned,2026-01-11 15:17:57,2026-01-20 14:10:57
981,863,1556,2025-09-05,2025-09-15,2025-09-05,1.87,0.0,Returned,2025-09-05 17:23:02,2025-09-05 17:23:02
982,376,1581,2026-03-02,2026-03-09,2026-03-06,1.53,0.0,Returned,2026-03-02 19:47:07,2026-03-06 06:22:54
983,630,980,2025-08-05,2025-08-12,,4.15,219.75,Overdue,2025-08-05 06:08:22,2025-08-05 06:08:22
984,811,1153,2026-02-12,2026-02-19,2026-02-19,1.11,0.0,Returned,2026-02-12 17:57:59,2026-02-19 09:07:41
985,51,193,2026-02-23,2026-03-09,2026-03-08,1.99,0.0,Returned,2026-02-23 22:54:30,2026-03-08 04:04:30
986,192,666,2025-09-13,2025-09-27,2025-09-18,2.21,0.0,Returned,2025-09-13 00:24:35,2025-09-18 06:01:35
987,500,509,2026-05-06,2026-05-20,2026-05-07,1.93,0.0,Returned,2026-05-06 21:34:26,2026-05-07 22:03:12
988,577,577,2025-06-08,2025-06-18,2025-06-16,3.07,0.0,Returned,2025-06-08 07:36:11,2025-06-16 05:36:29
989,186,1707,2025-06-11,2025-06-18,2025-06-13,2.94,0.0,Returned,2025-06-11 06:56:39,2025-06-13 16:42:14
990,880,276,2026-04-24,2026-05-08,2026-05-04,2.27,0.0,Returned,2026-04-24 08:26:10,2026-05-04 14:25:20
991,119,1492,2025-09-23,2025-10-07,2025-10-05,3.94,0.0,Returned,2025-09-23 07:01:35,2025-10-05 02:28:38
992,525,1473,2025-09-04,2025-09-14,2025-09-14,2.3,0.0,Returned,2025-09-04 14:09:01,2025-09-14 10:42:32
993,670,922,2025-10-21,2025-10-28,2025-10-26,2.84,0.0,Returned,2025-10-21 21:11:43,2025-10-26 04:04:32
994,903,426,2025-07-18,2025-07-25,2025-07-19,4.57,0.0,Returned,2025-07-18 11:35:27,2025-07-19 17:50:15
995,799,259,2026-03-27,2026-04-06,2026-04-03,3.08,0.0,Returned,2026-03-27 17:34:19,2026-04-03 02:47:40
996,756,455,2026-05-02,2026-05-16,2026-05-07,3.14,0.0,Returned,2026-05-02 22:22:39,2026-05-07 00:51:51
997,489,1440,2026-05-20,2026-05-30,2026-05-23,3.52,0.0,Returned,2026-05-20 21:01:37,2026-05-23 03:33:18
998,674,776,2025-09-18,2025-09-28,2025-09-25,2.49,0.0,Returned,2025-09-18 12:37:15,2025-09-25 05:45:39
999,168,1680,2026-05-18,2026-05-25,2026-05-18,4.06,0.0,Returned,2026-05-18 15:47:34,2026-05-18 18:22:20
1000,344,666,2026-02-15,2026-02-25,2026-03-04,2.23,5.25,Returned,2026-02-15 16:46:24,2026-03-04 07:32:34
1001,607,1160,2025-07-23,2025-07-30,,4.98,229.5,Overdue,2025-07-23 04:03:15,2025-07-23 04:03:15
1002,371,438,2025-10-28,2025-11-04,2025-10-29,2.44,0.0,RETURNED,2025-10-28 10:21:03,2025-10-29 02:15:31
1003,611,1668,2025-08-11,2025-08-21,2025-08-20,2.78,0.0,Returned,2025-08-11 02:41:59,2025-08-20 23:05:05
1004,708,1339,2025-11-15,2025-11-25,2025-11-19,3.01,0.0,Returned,2025-11-15 12:20:57,2025-11-19 13:30:06
1005,262,735,2025-06-26,2025-07-10,2025-07-05,1.55,0.0,Returned,2025-06-26 20:12:58,2025-07-05 06:37:49
1006,760,862,2026-01-03,2026-01-17,2026-01-10,4.99,0.0,Returned,2026-01-03 23:40:08,2026-01-10 10:10:06
1007,113,1639,2025-09-17,2025-09-27,2025-09-19,2.76,0.0,Returned,2025-09-17 00:25:42,2025-09-19 09:08:04
1008,546,212,2026-04-11,2026-04-18,2026-04-15,4.73,0.0,Returned,2026-04-11 10:15:52,2026-04-15 09:37:44
1009,339,1533,2026-02-14,2026-02-21,2026-02-18,1.39,0.0,Returned,2026-02-14 23:32:34,2026-02-18 16:48:40
1010,62,1520,2026-03-19,2026-03-26,2026-03-19,4.38,0.0,Returned,2026-03-19 01:41:40,2026-03-19 20:35:10
1011,152,148,2026-02-18,2026-03-04,2026-03-02,3.28,0.0,Returned,2026-02-18 01:18:05,2026-03-02 01:01:56
1012,322,1141,2026-04-17,2026-05-01,2026-04-18,3.41,0.0,Returned,2026-04-17 17:41:29,2026-04-18 07:18:06
1013,697,1456,2025-08-04,2025-08-14,2025-08-09,2.61,0.0,Returned,2025-08-04 14:44:27,2025-08-09 22:25:07
1014,108,205,2025-08-23,2025-08-30,2025-08-30,2.85,0.0,Returned,2025-08-23 09:38:18,2025-08-30 22:57:35
1015,261,1613,2026-01-28,2026-02-07,2026-02-04,3.13,0.0,Returned,2026-01-28 16:44:52,2026-02-04 16:09:28
1016,919,739,2026-04-16,2026-04-30,2026-04-23,1.64,0.0,Returned,2026-04-16 08:08:54,2026-04-23 07:19:51
1017,373,257,2025-10-03,2025-10-13,2025-10-11,7.88,0.0,Returned,2025-10-03 19:43:51,2025-10-11 07:13:08
1018,572,63,2025-12-29,2026-01-05,2026-01-03,3.2,0.0,Returned,2025-12-29 18:38:23,2026-01-03 05:28:43
1019,596,579,2025-09-12,2025-09-26,2025-09-26,4.53,0.0,Returned,2025-09-12 20:58:53,2025-09-26 03:43:36
1020,922,97,2025-09-28,2025-10-05,2025-10-05,2.24,0.0,Returned,2025-09-28 03:47:13,2025-10-05 11:12:34
1021,980,134,2025-08-11,2025-08-25,2025-08-17,2.16,0.0,Returned,2025-08-11 14:27:16,2025-08-17 10:50:44
1022,611,952,2025-09-12,2025-09-26,2025-09-25,8.0,0.0,Returned,2025-09-12 09:47:29,2025-09-25 00:37:15
1023,154,1579,2025-08-13,2025-08-27,2025-08-19,3.67,0.0,Returned,2025-08-13 10:05:19,2025-08-19 16:16:29
1024,460,1381,2026-02-06,2026-02-13,2026-02-08,3.36,0.0,Returned,2026-02-06 15:07:18,2026-02-08 21:40:59
1025,293,149,2026-04-18,2026-04-28,2026-04-29,3.0,0.75,Returned,2026-04-18 00:41:51,2026-04-29 05:01:18
1026,812,205,2026-04-23,2026-05-03,2026-05-06,2.98,2.25,Returned,2026-04-23 00:26:25,2026-05-06 17:47:09
1027,298,597,2026-01-29,2026-02-08,,1.92,84.75,Overdue,2026-01-29 18:44:27,2026-01-29 18:44:27
1028,822,856,2025-10-20,2025-11-03,2025-10-30,3.24,0.0,Returned,2025-10-20 19:32:40,2025-10-30 16:29:30
1029,325,1770,2026-03-14,2026-03-24,2026-04-03,4.59,7.5,Returned,2026-03-14 22:52:01,2026-04-03 03:56:30
1030,487,308,2026-03-03,2026-03-13,2026-03-13,1.81,0.0,Returned,2026-03-03 23:13:14,2026-03-13 23:51:47
1031,534,972,2025-12-17,2025-12-24,2025-12-30,1.36,4.5,Returned,2025-12-17 00:16:33,2025-12-30 21:15:54
1032,84,894,2025-07-27,2025-08-06,2025-07-28,2.0,0.0,Returned,2025-07-27 06:11:14,2025-07-28 18:07:48
1033,644,1460,2025-08-11,2025-08-21,2025-08-19,2.38,0.0,Returned,2025-08-11 21:50:18,2025-08-19 20:22:02
1034,5,1518,2025-07-12,2025-07-26,,8.42,232.5,Overdue,2025-07-12 03:37:57,2025-07-12 03:37:57
1035,364,1368,2025-10-07,2025-10-21,,4.11,167.25,Overdue,2025-10-07 10:01:46,2025-10-07 10:01:46
1036,330,587,2025-09-01,2025-09-08,2025-09-02,2.54,0.0,Returned,2025-09-01 12:53:04,2025-09-02 19:04:20
1037,449,447,2025-06-19,2025-06-26,2025-06-29,1.99,2.25,Returned,2025-06-19 21:54:55,2025-06-29 05:25:20
1038,889,38,2025-12-09,2025-12-23,2025-12-11,3.32,0.0,Returned,2025-12-09 00:44:27,2025-12-11 03:43:30
1039,935,438,2025-12-25,2026-01-08,2026-01-01,2.01,0.0,Returned,2025-12-25 05:19:58,2026-01-01 18:00:46
1040,855,1,2025-10-23,2025-10-30,2025-10-23,2.97,0.0,Returned,2025-10-23 14:12:09,2025-10-23 15:38:55
1041,446,968,2025-07-13,2025-07-27,2025-07-27,2.78,0.0,Returned,2025-07-13 22:12:53,2025-07-27 08:04:36
1042,527,1497,2026-02-24,2026-03-10,2026-03-03,1.75,0.0,Returned,2026-02-24 21:53:22,2026-03-03 00:14:04
1043,323,1669,2025-10-06,2025-10-16,2025-10-09,2.95,0.0,Returned,2025-10-06 23:49:24,2025-10-09 20:46:16
1044,108,842,2025-08-30,2025-09-06,,3.02,201.0,Overdue,2025-08-30 19:14:35,2025-08-30 19:14:35
1045,307,1185,2025-11-01,2025-11-11,2025-11-06,3.42,0.0,Returned,2025-11-01 19:46:00,2025-11-06 01:03:05
1046,832,887,2026-05-16,2026-05-30,2026-05-21,2.24,0.0,Returned,2026-05-16 14:15:56,2026-05-21 01:49:53
1047,653,222,2025-07-23,2025-07-30,2025-08-06,2.36,5.25,Returned,2025-07-23 03:49:49,2025-08-06 11:45:39
1048,78,1695,2026-05-05,2026-05-19,2026-05-26,1.73,5.25,Returned,2026-05-05 23:24:52,2026-05-26 13:30:05
1049,313,77,2026-04-08,2026-04-15,,4.75,35.25,Overdue,2026-04-08 09:01:35,2026-04-08 09:01:35
1050,341,1315,2025-07-29,2025-08-12,2025-08-17,2.56,3.75,Returned,2025-07-29 15:03:10,2025-08-17 01:35:59
1051,706,1364,2026-04-27,2026-05-07,2026-05-04,1.46,0.0,Returned,2026-04-27 03:02:33,2026-05-04 16:47:46
1052,243,893,2025-11-16,2025-11-23,2025-11-18,2.52,0.0,Returned,2025-11-16 23:52:01,2025-11-18 23:34:51
1053,664,1186,2026-01-24,2026-02-03,2026-02-01,3.44,0.0,Returned,2026-01-24 15:20:56,2026-02-01 23:03:58
1054,314,573,2025-09-08,2025-09-18,2025-09-15,5.55,0.0,Returned,2025-09-08 02:40:12,2025-09-15 21:38:35
1055,113,207,2025-12-20,2025-12-30,2025-12-22,3.17,0.0,Returned,2025-12-20 10:53:49,2025-12-22 21:13:27
1056,614,620,2026-05-02,2026-05-12,2026-05-03,2.54,0.0,Returned,2026-05-02 11:05:44,2026-05-03 11:30:42
1057,100,1684,2026-02-22,2026-03-08,2026-02-24,2.76,0.0,Returned,2026-02-22 14:27:07,2026-02-24 17:35:32
1058,268,1446,2025-10-21,2025-10-28,2025-11-03,3.42,4.5,Returned,2025-10-21 13:14:21,2025-11-03 20:24:33
1059,294,395,2025-07-26,2025-08-02,2025-07-28,2.21,0.0,Returned,2025-07-26 12:40:56,2025-07-28 02:36:52
1060,438,1231,2025-08-22,2025-09-05,2025-09-11,2.08,4.5,Returned,2025-08-22 00:14:52,2025-09-11 23:22:59
1061,748,562,2025-12-09,2025-12-19,2025-12-13,2.54,0.0,Returned,2025-12-09 10:25:02,2025-12-13 06:10:28
1062,46,424,2025-08-01,2025-08-11,2025-08-01,2.09,0.0,Returned,2025-08-01 00:57:24,2025-08-01 18:37:43
1063,603,225,2026-02-06,2026-02-16,2026-02-11,2.1,0.0,Returned,2026-02-06 14:30:33,2026-02-11 10:40:52
1064,332,939,2025-07-06,2025-07-16,,4.19,240.0,Overdue,2025-07-06 07:23:39,2025-07-06 07:23:39
1065,893,392,2025-07-21,2025-07-28,2025-07-29,2.12,0.75,Returned,2025-07-21 05:30:01,2025-07-29 12:17:53
1066,662,21,2026-04-21,2026-04-28,2026-04-25,1.16,0.0,Returned,2026-04-21 10:52:56,2026-04-25 19:42:52
1067,458,1169,2026-02-15,2026-03-01,2026-02-19,1.71,0.0,Returned,2026-02-15 03:04:25,2026-02-19 08:59:55
1068,96,1726,2026-03-25,2026-04-08,2026-04-02,2.71,0.0,Returned,2026-03-25 02:17:00,2026-04-02 16:05:15
1069,994,816,2025-06-20,2025-07-04,2025-07-06,2.12,-1.5,Returned,2025-06-20 04:51:24,2025-07-06 02:44:54
1070,26,424,2025-11-27,2025-12-04,2025-11-29,1.92,0.0,Returned,2025-11-27 07:22:34,2025-11-29 20:27:54
1071,547,1388,2025-08-26,2025-09-02,2025-08-26,2.87,0.0,Returned,2025-08-26 09:52:16,2025-08-26 20:40:00
1072,854,948,2026-01-12,2026-01-26,2026-01-13,3.67,0.0,Returned,2026-01-12 10:51:42,2026-01-13 01:21:45
1073,177,1537,2025-07-19,2025-08-02,,7.92,227.25,Overdue,2025-07-19 02:40:36,2025-07-19 02:40:36
1074,340,1377,2025-11-13,2025-11-27,2025-11-17,1.57,0.0,Returned,2025-11-13 20:13:53,2025-11-17 10:08:22
1075,583,768,2026-04-28,2026-05-05,2026-04-29,2.64,0.0,Returned,2026-04-28 09:24:08,2026-04-29 21:12:52
1076,211,1362,2025-07-08,2025-07-22,2025-07-14,1.92,0.0,Returned,2025-07-08 18:46:00,2025-07-14 21:23:35
1077,114,810,2025-07-31,2025-08-10,2025-08-08,1.48,0.0,Returned,2025-07-31 05:14:31,2025-08-08 01:12:31
1078,345,1506,2026-05-17,2026-05-31,2026-05-29,3.17,0.0,Returned,2026-05-17 08:46:08,2026-05-29 16:39:44
1079,517,869,2026-01-19,2026-01-26,2026-01-23,8.52,0.0,Returned,2026-01-19 03:37:17,2026-01-23 09:14:06
1080,389,640,2025-07-28,2025-08-04,2025-08-04,2.2,0.0,Returned,2025-07-28 20:49:05,2025-08-04 03:04:04
1081,484,1530,2026-04-06,2026-04-16,2026-04-13,1.8,0.0,Returned,2026-04-06 11:38:57,2026-04-13 17:45:23
1082,361,1224,2026-05-14,2026-05-24,2026-05-26,2.23,1.5,Returned,2026-05-14 00:10:40,2026-05-26 04:42:22
1083,43,963,2025-09-14,2025-09-28,2025-09-14,4.51,0.0,Returned,2025-09-14 05:13:51,2025-09-14 19:25:51
1084,852,1158,2026-03-06,2026-03-16,2026-03-10,5.0,0.0,Returned,2026-03-06 00:16:58,2026-03-10 20:34:40
1085,863,132,2026-04-05,2026-04-12,2026-04-07,1.6,0.0,Returned,2026-04-05 23:09:29,2026-04-07 18:02:09
1086,16,957,2025-11-11,2025-11-21,2025-11-17,4.96,0.0,Returned,2025-11-11 13:30:21,2025-11-17 09:08:29
1087,4,1213,2025-12-06,2025-12-20,2025-12-25,1.57,3.75,Returned,2025-12-06 12:31:08,2025-12-25 07:17:05
1088,567,1202,2025-11-09,2025-11-19,2025-11-19,2.06,0.0,Returned,2025-11-09 10:41:30,2025-11-19 23:14:54
1089,691,1105,2026-02-23,2026-03-05,2026-03-06,2.94,0.75,Returned,2026-02-23 06:30:04,2026-03-06 23:59:59
1090,714,1080,2025-07-20,2025-08-03,2025-07-27,2.76,0.0,Returned,2025-07-20 17:28:12,2025-07-27 18:58:25
1091,960,769,2025-07-07,2025-07-17,2025-07-17,1.82,0.0,Returned,2025-07-07 15:16:14,2025-07-17 02:33:55
1092,123,229,2025-10-20,2025-10-27,,3.17,162.75,Overdue,2025-10-20 08:24:20,2025-10-20 08:24:20
1093,966,526,2025-08-18,2025-08-28,2025-08-28,4.08,0.0,Returned,2025-08-18 03:09:06,2025-08-28 17:01:31
1094,650,318,2026-05-27,2026-06-10,2026-06-10,2.25,0.0,Returned,2026-05-27 02:46:27,2026-06-10 07:57:47
1095,230,1315,2026-01-26,2026-02-05,2026-02-07,2.61,1.5,Returned,2026-01-26 14:16:46,2026-02-07 11:58:18
1096,60,893,2025-09-08,2025-09-18,2025-09-21,2.17,2.25,Returned,2025-09-08 02:00:22,2025-09-21 08:46:40
1097,978,278,2025-06-20,2025-06-30,2025-06-29,4.01,0.0,Returned,2025-06-20 13:35:33,2025-06-29 22:42:37
1098,405,512,2025-12-19,2026-01-02,2025-12-23,1.56,0.0,Returned,2025-12-19 22:13:11,2025-12-23 23:36:16
1099,4,975,2025-10-28,2025-11-04,2025-10-28,2.83,0.0,Returned,2025-10-28 22:12:37,2025-10-28 22:12:37
1100,183,1038,2025-07-07,2025-07-17,2025-07-11,3.07,0.0,Returned,2025-07-07 07:25:35,2025-07-11 00:33:11
1101,650,797,2026-02-02,2026-02-09,2026-02-07,2.67,0.0,Returned,2026-02-02 07:49:18,2026-02-07 22:22:50
1102,739,1346,2026-03-15,2026-03-29,2026-03-28,2.85,0.0,Returned,2026-03-15 01:57:41,2026-03-28 07:21:40
1103,259,350,2025-06-20,2025-06-27,2025-06-21,2.27,0.0,Returned,2025-06-20 10:23:09,2025-06-21 20:17:44
1104,776,256,2026-03-07,2026-03-21,2026-03-18,5.53,0.0,Returned,2026-03-07 11:17:36,2026-03-18 12:25:43
1105,27,1379,2025-08-09,2025-08-23,2025-08-12,3.24,0.0,Returned,2025-08-09 00:03:39,2025-08-12 22:17:40
1106,363,675,2025-10-31,2025-11-14,2025-11-14,1.79,0.0,Returned,2025-10-31 07:58:52,2025-11-14 02:23:48
1107,156,1271,2025-07-20,2025-08-03,2025-08-01,6.79,0.0,Returned,2025-07-20 00:04:04,2025-08-01 17:00:45
1108,667,1387,2026-05-26,2026-06-05,2026-05-30,2.02,0.0,Returned,2026-05-26 00:40:09,2026-05-30 13:07:10
1109,880,1128,2025-08-07,2025-08-17,2025-08-14,2.24,0.0,Returned,2025-08-07 07:05:28,2025-08-14 13:47:42
1110,631,566,2026-02-26,2026-03-12,2026-03-07,1.79,0.0,Returned,2026-02-26 14:50:46,2026-03-07 02:20:44
1111,58,849,2026-04-26,2026-05-03,2026-04-27,2.83,0.0,Returned,2026-04-26 07:29:08,2026-04-27 20:53:58
1112,638,1768,2025-11-11,2025-11-18,2025-11-12,2.78,0.0,Returned,2025-11-11 02:57:26,2025-11-12 06:37:17
1113,240,1616,2025-09-21,2025-09-28,2025-09-23,4.71,0.0,Returned,2025-09-21 21:35:02,2025-09-23 12:00:25
1114,849,1293,2025-09-19,2025-09-29,2025-09-24,2.57,0.0,Returned,2025-09-19 21:12:31,2025-09-24 06:45:06
1115,776,1151,2025-12-06,2025-12-13,2025-12-07,3.45,0.0,Returned,2025-12-06 02:12:44,2025-12-07 19:58:37
1116,219,1756,2026-04-12,2026-04-19,2026-04-13,1.25,0.0,Returned,2026-04-12 03:27:13,2026-04-13 02:23:44
1117,179,1600,2025-12-22,2026-01-05,2026-01-15,4.67,7.5,Returned,2025-12-22 18:50:36,2026-01-15 00:29:10
1118,250,1545,2026-01-08,2026-01-15,2026-01-12,3.18,0.0,Returned,2026-01-08 03:12:37,2026-01-12 10:22:14
1119,247,1596,2026-05-10,2026-05-17,2026-05-10,6.4,0.0,Returned,2026-05-10 18:49:07,2026-05-10 18:49:07
1120,477,140,2025-11-03,2025-11-17,2025-11-04,4.71,0.0,Returned,2025-11-03 22:32:00,2025-11-04 16:39:43
1121,716,415,2025-07-20,2025-08-03,2025-07-27,2.54,0.0,Returned,2025-07-20 11:57:28,2025-07-27 15:02:18
1122,738,212,2025-09-08,2025-09-18,2025-09-12,4.84,0.0,Returned,2025-09-08 09:14:46,2025-09-12 05:53:30
1123,262,1731,2025-07-03,2025-07-17,2025-07-09,4.97,0.0,Returned,2025-07-03 06:11:47,2025-07-09 10:11:05
1124,399,1697,2026-04-04,2026-04-14,2026-04-04,2.02,0.0,Returned,2026-04-04 04:45:36,2026-04-04 04:45:36
1125,617,1513,2026-03-20,2026-03-30,2026-03-24,8.89,0.0,Returned,2026-03-20 10:33:31,2026-03-24 13:37:12
1126,1000,1161,2026-03-28,2026-04-11,2026-04-10,4.81,0.0,Returned,2026-03-28 17:26:32,2026-04-10 09:44:20
1127,887,1574,2025-10-12,2025-10-19,2025-10-17,3.34,0.0,Returned,2025-10-12 21:06:43,2025-10-17 22:02:10
1128,271,1180,2026-01-13,2026-01-23,2026-01-16,4.12,0.0,Returned,2026-01-13 16:57:47,2026-01-16 21:55:05
1129,185,635,2026-03-04,2026-03-11,2026-03-05,1.3,0.0,Returned,2026-03-04 14:35:03,2026-03-05 06:25:43
1130,987,1622,2026-04-14,2026-04-24,,2.15,28.5,Overdue,2026-04-14 22:48:04,2026-04-14 22:48:04
1131,195,1624,2025-12-31,2026-01-07,2026-01-01,2.12,0.0,Returned,2025-12-31 13:03:00,2026-01-01 11:05:11
1132,405,1532,2026-02-17,2026-02-24,2026-02-18,1.77,0.0,Returned,2026-02-17 11:55:35,2026-02-18 14:34:31
1133,150,123,2025-08-18,2025-08-25,2025-08-19,1.17,0.0,Returned,2025-08-18 05:12:21,2025-08-19 01:14:14
1134,95,341,2025-06-27,2025-07-07,2025-06-28,4.28,0.0,Returned,2025-06-27 22:48:51,2025-06-28 11:06:07
1135,781,244,2026-05-03,2026-05-10,2026-05-03,2.05,0.0,Returned,2026-05-03 07:24:52,2026-05-03 23:56:43
1136,965,1063,2025-12-05,2025-12-15,2025-12-06,2.54,0.0,Returned,2025-12-05 17:31:05,2025-12-06 04:03:12
1137,760,227,2025-12-15,2025-12-29,,1.73,115.5,Overdue,2025-12-15 23:38:41,2025-12-15 23:38:41
1138,141,512,2026-02-06,2026-02-13,2026-02-13,1.71,0.0,Returned,2026-02-06 09:34:07,2026-02-13 14:10:54
1139,493,1305,2025-07-27,2025-08-10,2025-08-15,2.81,3.75,Returned,2025-07-27 22:26:53,2025-08-15 06:30:17
1140,233,1561,2025-11-25,2025-12-05,2025-11-30,1.78,0.0,Returned,2025-11-25 21:41:23,2025-11-30 11:31:27
1141,641,501,2026-04-24,2026-05-01,2026-05-01,4.17,0.0,Returned,2026-04-24 07:57:34,2026-05-01 19:51:11
1142,375,751,2025-07-30,2025-08-13,2025-08-16,2.13,2.25,Returned,2025-07-30 07:10:07,2025-08-16 00:02:07
1143,789,1122,2025-10-05,2025-10-12,2025-10-08,1.94,0.0,Returned,2025-10-05 09:58:48,2025-10-08 06:55:50
1144,320,1616,2025-09-19,2025-09-29,2025-09-20,3.22,0.0,Returned,2025-09-19 14:04:37,2025-09-20 16:39:34
1145,847,1169,2025-12-11,2025-12-21,2025-12-11,2.01,0.0,Returned,2025-12-11 15:42:19,2025-12-11 17:40:25
1146,902,1551,2025-12-22,2026-01-05,2026-01-08,3.72,2.25,RETURNED,2025-12-22 10:02:30,2026-01-08 20:17:12
1147,690,1151,2026-05-13,2026-05-27,,2.97,3.75,Overdue,2026-05-13 14:50:56,2026-05-13 14:50:56
1148,563,1499,2026-01-31,2026-02-07,2026-02-09,2.9,1.5,Returned,2026-01-31 02:49:00,2026-02-09 00:39:54
1149,530,1173,2025-06-09,2025-06-19,2025-06-09,2.69,0.0,Returned,2025-06-09 19:33:42,2025-06-09 23:10:08
1150,514,1305,2026-02-11,2026-02-18,,4.86,77.25,Overdue,2026-02-11 21:36:48,2026-02-11 21:36:48
1151,664,1657,2025-07-24,2025-08-03,2025-07-29,1.88,0.0,Returned,2025-07-24 15:18:50,2025-07-29 07:20:45
1152,792,1219,2025-09-27,2025-10-11,2025-09-29,4.81,0.0,Returned,2025-09-27 06:42:36,2025-09-29 23:48:03
1153,413,350,2026-05-11,2026-05-25,2026-05-12,2.32,0.0,Returned,2026-05-11 07:13:03,2026-05-12 09:11:12
1154,985,1512,2026-01-27,2026-02-06,2026-02-10,2.39,3.0,Returned,2026-01-27 15:43:54,2026-02-10 11:15:52
1155,463,1160,2026-05-12,2026-05-26,2026-05-16,3.8,0.0,Returned,2026-05-12 22:52:03,2026-05-16 05:40:42
1156,650,879,2025-07-18,2025-08-01,2025-08-01,2.27,0.0,RETURNED,2025-07-18 12:48:09,2025-08-01 07:37:08
1157,321,871,2026-02-24,2026-03-06,2026-03-02,2.38,0.0,Returned,2026-02-24 14:06:30,2026-03-02 20:22:53
1158,775,1359,2025-12-04,2025-12-11,2025-12-08,2.26,0.0,Returned,2025-12-04 04:07:00,2025-12-08 00:53:59
1159,485,1623,2026-03-05,2026-03-12,2026-03-10,2.79,0.0,Returned,2026-03-05 20:59:41,2026-03-10 08:02:33
1160,917,257,2026-03-18,2026-03-28,2026-03-22,5.56,0.0,Returned,2026-03-18 11:55:38,2026-03-22 14:31:06
1161,92,1362,2026-03-25,2026-04-08,2026-04-07,2.32,0.0,Returned,2026-03-25 18:11:29,2026-04-07 16:15:57
1162,597,72,2025-10-18,2025-10-28,2025-11-06,1.26,6.75,Returned,2025-10-18 13:53:23,2025-11-06 20:44:24
1163,70,1197,2025-06-21,2025-06-28,2025-06-30,3.37,1.5,Returned,2025-06-21 02:39:08,2025-06-30 18:27:31
1164,707,955,2025-09-18,2025-09-25,2025-09-20,7.98,0.0,Returned,2025-09-18 14:53:22,2025-09-20 01:24:09
1165,635,1440,2025-07-08,2025-07-18,2025-07-09,3.37,0.0,Returned,2025-07-08 23:52:32,2025-07-09 22:25:55
1166,231,456,2025-10-08,2025-10-22,2025-10-08,4.89,0.0,Returned,2025-10-08 01:26:23,2025-10-08 02:47:31
1167,985,819,2026-04-02,2026-04-09,2026-04-04,3.39,0.0,Returned,2026-04-02 16:03:52,2026-04-04 05:09:40
1168,776,1570,2026-05-17,2026-05-31,2026-05-28,2.2,0.0,Returned,2026-05-17 22:14:30,2026-05-28 10:09:02
1169,370,264,2026-01-23,2026-02-02,2026-02-04,5.02,1.5,Returned,2026-01-23 00:46:45,2026-02-04 02:56:22
1170,228,588,2025-08-03,2025-08-17,,3.17,216.0,Overdue,2025-08-03 22:51:52,2025-08-03 22:51:52
1171,28,1684,2026-01-16,2026-01-30,2026-02-07,3.93,6.0,Returned,2026-01-16 04:35:18,2026-02-07 21:33:45
1172,702,1063,2025-11-16,2025-11-30,2025-12-01,2.07,0.75,Returned,2025-11-16 17:50:28,2025-12-01 15:59:20
1173,829,531,2026-04-16,2026-04-26,2026-04-25,2.97,0.0,Returned,2026-04-16 20:18:51,2026-04-25 16:36:41
1174,70,1110,2025-06-10,2025-06-24,2025-06-12,3.72,0.0,Returned,2025-06-10 06:36:14,2025-06-12 14:42:09
1175,491,595,2025-11-28,2025-12-05,2025-12-02,2.26,0.0,Returned,2025-11-28 11:39:15,2025-12-02 15:09:43
1176,58,1418,2025-12-10,2025-12-20,2025-12-22,2.86,1.5,Returned,2025-12-10 21:09:45,2025-12-22 14:30:49
1177,44,614,2025-07-19,2025-07-26,2025-07-19,7.63,0.0,Returned,2025-07-19 07:55:49,2025-07-19 17:06:28
1178,119,809,2026-01-07,2026-01-17,2026-01-24,1.95,5.25,Returned,2026-01-07 04:19:19,2026-01-24 08:29:09
1179,195,1365,2025-12-16,2025-12-26,,1.33,117.75,Overdue,2025-12-16 18:04:24,2025-12-16 18:04:24
1180,209,1616,2025-07-12,2025-07-26,2025-07-15,2.71,0.0,Returned,2025-07-12 10:51:22,2025-07-15 23:47:42
1181,793,1643,2026-03-04,2026-03-18,2026-03-19,3.64,0.75,Returned,2026-03-04 18:39:36,2026-03-19 18:47:14
1182,689,1025,2025-08-28,2025-09-04,2025-08-30,8.14,0.0,Returned,2025-08-28 15:22:29,2025-08-30 06:35:44
1183,588,1726,2025-12-08,2025-12-22,2025-12-14,2.2,0.0,Returned,2025-12-08 20:55:59,2025-12-14 09:58:34
1184,954,1783,2026-03-07,2026-03-14,2026-03-10,1.97,0.0,Returned,2026-03-07 11:18:29,2026-03-10 10:31:38
1185,358,1091,2025-07-16,2025-07-23,2025-07-16,1.84,0.0,Returned,2025-07-16 22:48:48,2025-07-16 22:48:48
1186,174,1620,2025-11-06,2025-11-13,2025-11-06,2.3,0.0,Returned,2025-11-06 17:50:42,2025-11-06 17:50:42
1187,462,238,2026-04-25,2026-05-05,,2.74,20.25,OVERDUE,2026-04-25 06:59:33,2026-04-25 06:59:33
1188,832,930,2025-11-19,2025-12-03,2025-11-22,3.59,0.0,Returned,2025-11-19 21:47:15,2025-11-22 19:37:33
1189,920,1707,2025-08-20,2025-08-27,2025-08-22,4.03,0.0,Returned,2025-08-20 20:39:48,2025-08-22 02:23:31
1190,865,974,2026-04-09,2026-04-16,2026-04-26,2.57,7.5,Returned,2026-04-09 00:03:14,2026-04-26 11:16:46
1191,285,980,2026-02-17,2026-02-27,2026-03-04,2.89,3.75,Returned,2026-02-17 13:14:15,2026-03-04 03:16:22
1192,351,1321,2025-06-09,2025-06-16,2025-06-11,4.83,0.0,Returned,2025-06-09 01:03:24,2025-06-11 19:23:37
1193,759,1576,2026-03-15,2026-03-29,2026-04-06,1.77,6.0,Returned,2026-03-15 12:46:07,2026-04-06 11:29:42
1194,641,914,2025-08-28,2025-09-07,2025-09-05,2.78,0.0,Returned,2025-08-28 23:47:52,2025-09-05 17:10:31
1195,541,1443,2025-06-23,2025-07-07,2025-06-28,4.69,-1.5,Returned,2025-06-23 12:50:43,2025-06-28 16:05:42
1196,348,778,2025-11-02,2025-11-09,2025-11-08,4.66,0.0,Returned,2025-11-02 12:29:31,2025-11-08 19:27:15
1197,192,490,2025-11-19,2025-11-29,2025-11-28,1.33,0.0,Returned,2025-11-19 08:46:13,2025-11-28 13:28:53
1198,35,1366,2025-09-12,2025-09-22,,4.28,189.0,Overdue,2025-09-12 14:05:57,2025-09-12 14:05:57
1199,276,1605,2026-05-29,2026-06-05,2026-06-02,2.57,0.0,Returned,2026-05-29 01:50:48,2026-06-02 12:48:09
1200,997,807,2026-04-09,2026-04-16,2026-04-09,1.72,0.0,Returned,2026-04-09 13:21:25,2026-04-09 13:21:25
1201,70,1734,2025-12-24,2026-01-03,2025-12-29,1.01,0.0,Returned,2025-12-24 04:01:37,2025-12-29 20:34:23
1202,778,1469,2025-12-08,2025-12-15,2025-12-15,1.88,0.0,Returned,2025-12-08 17:07:55,2025-12-15 16:59:57
1203,450,1541,2025-10-28,2025-11-04,2025-11-03,3.07,0.0,Returned,2025-10-28 05:07:45,2025-11-03 09:18:46
1204,645,427,2025-07-30,2025-08-06,2025-07-30,3.63,0.0,Returned,2025-07-30 14:13:49,2025-07-30 18:52:23
1205,42,104,2025-08-30,2025-09-09,2025-09-17,2.37,6.0,Returned,2025-08-30 21:08:32,2025-09-17 17:58:45
1206,763,1249,2025-12-23,2026-01-06,2025-12-23,4.0,0.0,Returned,2025-12-23 20:48:41,2025-12-23 20:48:41
1207,366,753,2025-08-11,2025-08-21,2025-08-12,2.91,0.0,Returned,2025-08-11 22:17:16,2025-08-12 16:24:03
1208,818,544,2026-01-08,2026-01-22,2026-01-20,4.2,0.0,Returned,2026-01-08 08:05:48,2026-01-20 01:16:09
1209,136,629,2025-09-24,2025-10-08,2025-10-07,2.02,0.0,Returned,2025-09-24 07:01:44,2025-10-07 03:33:52
1210,139,1592,2026-05-10,2026-05-20,2026-05-14,4.16,0.0,Returned,2026-05-10 20:23:45,2026-05-14 06:03:34
1211,382,1731,2025-10-09,2025-10-16,2025-10-14,6.82,0.0,Returned,2025-10-09 00:52:25,2025-10-14 05:37:23
1212,13,559,2026-02-12,2026-02-19,2026-02-12,3.51,0.0,Returned,2026-02-12 02:53:41,2026-02-12 23:54:06
1213,908,859,2026-02-18,2026-02-28,2026-02-22,3.66,0.0,Returned,2026-02-18 14:53:57,2026-02-22 15:53:23
1214,876,1191,2026-01-08,2026-01-22,2026-01-19,2.87,0.0,Returned,2026-01-08 19:05:30,2026-01-19 02:21:09
1215,307,1087,2026-01-30,2026-02-13,2026-02-09,4.48,0.0,Returned,2026-01-30 15:47:28,2026-02-09 08:58:54
1216,418,1210,2025-11-07,2025-11-21,,2.08,144.0,Overdue,2025-11-07 18:45:27,2025-11-07 18:45:27
1217,810,570,2026-03-07,2026-03-17,2026-03-19,1.96,1.5,Returned,2026-03-07 19:34:51,2026-03-19 13:21:59
1218,793,1458,2026-05-14,2026-05-21,2026-05-14,3.73,0.0,Returned,2026-05-14 06:16:26,2026-05-14 16:44:05
1219,134,182,2025-09-14,2025-09-21,2025-09-26,3.34,3.75,Returned,2025-09-14 05:00:29,2025-09-26 16:46:34
1220,867,1138,2025-11-11,2025-11-25,2025-11-21,3.88,0.0,Returned,2025-11-11 14:27:37,2025-11-21 11:32:12
1221,982,597,2026-03-15,2026-03-25,2026-03-21,1.3,0.0,Returned,2026-03-15 18:52:51,2026-03-21 06:09:45
1222,430,1662,2025-12-23,2026-01-06,2025-12-31,2.75,0.0,Returned,2025-12-23 14:07:53,2025-12-31 01:11:52
1223,155,1783,2025-11-02,2025-11-12,2025-11-18,1.03,4.5,Returned,2025-11-02 03:13:29,2025-11-18 13:01:37
1224,597,235,2026-02-26,2026-03-05,2026-03-02,1.9,0.0,Returned,2026-02-26 19:35:26,2026-03-02 07:36:14
1225,236,1398,2025-08-10,2025-08-24,2025-09-01,2.81,6.0,Returned,2025-08-10 07:23:18,2025-09-01 19:47:49
1226,483,49,2026-04-20,2026-04-27,2026-04-26,4.34,0.0,Returned,2026-04-20 12:02:50,2026-04-26 02:31:28
1227,720,1774,2025-09-12,2025-09-22,2025-09-16,3.65,0.0,Returned,2025-09-12 11:35:52,2025-09-16 23:48:13
1228,992,761,2025-06-26,2025-07-03,,3.83,249.75,Overdue,2025-06-26 15:01:16,2025-06-26 15:01:16
1229,219,76,2026-04-05,2026-04-19,2026-04-17,4.07,0.0,Returned,2026-04-05 10:26:11,2026-04-17 02:27:23
1230,472,318,2025-09-20,2025-09-27,2025-09-24,1.15,0.0,Returned,2025-09-20 19:27:44,2025-09-24 15:37:51
1231,600,851,2025-12-29,2026-01-05,2025-12-30,2.45,0.0,Returned,2025-12-29 15:07:59,2025-12-30 15:14:00
1232,442,982,2026-05-11,2026-05-21,2026-05-14,2.59,0.0,Returned,2026-05-11 19:54:16,2026-05-14 02:46:15
1233,314,808,2025-07-12,2025-07-22,2025-07-14,2.24,0.0,Returned,2025-07-12 19:31:34,2025-07-14 20:58:04
1234,49,146,2025-06-24,2025-07-08,,3.17,246.0,Overdue,2025-06-24 07:31:17,2025-06-24 07:31:17
1235,909,132,2025-06-18,2025-07-02,2025-06-27,2.41,0.0,Returned,2025-06-18 04:02:03,2025-06-27 23:53:51
1236,280,1208,2025-12-09,2025-12-16,2025-12-15,1.07,0.0,Returned,2025-12-09 17:29:22,2025-12-15 19:27:40
1237,808,1240,2026-05-05,2026-05-12,2026-05-19,3.72,5.25,Returned,2026-05-05 22:53:52,2026-05-19 17:32:35
1238,361,49,2025-09-12,2025-09-22,,3.22,189.0,Overdue,2025-09-12 16:29:34,2025-09-12 16:29:34
1239,131,622,2026-03-03,2026-03-17,2026-03-24,3.04,5.25,Returned,2026-03-03 15:29:45,2026-03-24 13:28:37
1240,863,1692,2026-05-10,2026-05-20,2026-05-15,2.57,0.0,Returned,2026-05-10 12:56:15,2026-05-15 03:03:09
1241,93,183,2025-11-17,2025-12-01,2025-11-25,4.41,0.0,Returned,2025-11-17 09:59:18,2025-11-25 08:28:54
1242,962,551,2025-12-18,2026-01-01,2025-12-30,4.75,0.0,Returned,2025-12-18 23:08:47,2025-12-30 12:31:16
1243,818,155,2026-04-29,2026-05-06,2026-05-02,5.77,0.0,Returned,2026-04-29 20:12:07,2026-05-02 18:36:22
1244,86,1114,2026-04-06,2026-04-20,2026-04-26,4.99,4.5,Returned,2026-04-06 10:27:42,2026-04-26 05:53:53
1245,534,1152,2026-04-02,2026-04-16,2026-04-08,1.85,0.0,Returned,2026-04-02 00:32:20,2026-04-08 02:32:02
1246,629,753,2025-09-14,2025-09-21,2025-09-14,2.54,0.0,Returned,2025-09-14 03:00:49,2025-09-14 03:00:49
1247,696,101,2026-02-25,2026-03-11,2026-03-14,2.68,2.25,Returned,2026-02-25 05:33:42,2026-03-14 20:53:04
1248,289,1385,2025-07-16,2025-07-26,2025-08-05,1.85,7.5,Returned,2025-07-16 17:11:02,2025-08-05 04:03:50
1249,284,656,2025-12-27,2026-01-10,2026-01-06,1.53,0.0,Returned,2025-12-27 15:39:23,2026-01-06 21:20:37
1250,735,1159,2026-04-14,2026-04-24,2026-04-16,5.78,0.0,Returned,2026-04-14 23:45:11,2026-04-16 17:38:00
1251,576,735,2025-06-21,2025-06-28,2025-06-25,1.54,0.0,Returned,2025-06-21 09:20:47,2025-06-25 02:19:08
1252,341,1009,2025-11-02,2025-11-09,2025-11-06,1.73,0.0,Returned,2025-11-02 06:36:15,2025-11-06 00:29:14
1253,507,377,2026-03-06,2026-03-20,2026-03-24,2.06,3.0,Returned,2026-03-06 18:24:25,2026-03-24 06:59:41
1254,589,128,2025-10-20,2025-10-27,2025-10-27,4.76,0.0,Returned,2025-10-20 00:20:14,2025-10-27 20:30:32
1255,233,1677,2025-11-08,2025-11-15,2025-11-10,2.86,0.0,Returned,2025-11-08 17:20:47,2025-11-10 09:45:32
1256,439,1287,2025-11-29,2025-12-06,2025-11-30,4.93,0.0,Returned,2025-11-29 02:45:52,2025-11-30 10:27:41
1257,990,471,2026-02-08,2026-02-22,2026-03-01,1.18,5.25,Returned,2026-02-08 22:46:33,2026-03-01 18:14:05
1258,467,1601,2026-02-18,2026-02-28,2026-02-23,4.86,0.0,Returned,2026-02-18 05:18:09,2026-02-23 19:57:00
1259,974,936,2025-07-26,2025-08-05,2025-07-27,1.49,0.0,Returned,2025-07-26 19:33:38,2025-07-27 14:45:29
1260,829,974,2025-11-08,2025-11-15,2025-11-14,2.47,0.0,Returned,2025-11-08 00:22:28,2025-11-14 18:12:48
1261,727,797,2026-05-06,2026-05-13,2026-05-12,3.67,0.0,Returned,2026-05-06 04:34:43,2026-05-12 11:03:48
1262,583,1552,2025-06-15,2025-06-22,,2.97,258.0,Overdue,2025-06-15 05:27:21,2025-06-15 05:27:21
1263,230,599,2025-12-17,2025-12-31,2026-01-07,2.96,5.25,Returned,2025-12-17 04:54:24,2026-01-07 22:22:30
1264,3,1770,2025-06-20,2025-06-27,2025-06-21,7.68,0.0,Returned,2025-06-20 15:55:25,2025-06-21 22:16:38
1265,781,1373,2025-12-06,2025-12-20,2025-12-26,3.97,4.5,Returned,2025-12-06 01:38:53,2025-12-26 13:17:46
1266,733,1476,2025-11-10,2025-11-17,2025-11-14,7.47,0.0,Returned,2025-11-10 15:35:11,2025-11-14 11:06:04
1267,628,658,2025-10-10,2025-10-24,2025-10-15,1.59,0.0,Returned,2025-10-10 19:12:52,2025-10-15 01:07:56
1268,503,137,2025-10-07,2025-10-14,2025-10-14,2.25,0.0,Returned,2025-10-07 12:19:23,2025-10-14 22:34:57
1269,106,946,2026-02-18,2026-02-25,2026-02-23,4.4,0.0,Returned,2026-02-18 16:24:50,2026-02-23 21:40:35
1270,80,1087,2026-05-25,2026-06-08,2026-06-04,4.49,0.0,Returned,2026-05-25 08:46:55,2026-06-04 21:17:25
1271,505,1375,2025-07-19,2025-08-02,2025-07-28,2.75,0.0,Returned,2025-07-19 02:54:51,2025-07-28 01:50:59
1272,563,855,2026-01-19,2026-02-02,2026-01-31,3.65,0.0,Returned,2026-01-19 19:33:13,2026-01-31 19:48:11
1273,143,1654,2026-02-07,2026-02-17,2026-02-16,4.88,0.0,Returned,2026-02-07 07:31:21,2026-02-16 19:20:00
1274,530,1161,2025-09-25,2025-10-02,2025-09-26,4.23,0.0,Returned,2025-09-25 07:04:49,2025-09-26 11:59:10
1275,923,11,2026-01-15,2026-01-29,2026-01-18,2.19,0.0,Returned,2026-01-15 20:18:13,2026-01-18 18:34:07
1276,999,1151,2025-11-24,2025-12-08,2025-11-30,2.72,0.0,Returned,2025-11-24 11:25:06,2025-11-30 06:01:37
1277,467,1564,2026-01-16,2026-01-30,2026-01-16,2.41,0.0,Returned,2026-01-16 21:57:12,2026-01-16 21:57:12
1278,247,778,2025-08-01,2025-08-11,2025-08-01,3.25,0.0,Returned,2025-08-01 19:45:00,2025-08-01 19:45:00
1279,260,426,2025-10-08,2025-10-15,2025-10-13,4.37,0.0,Returned,2025-10-08 21:18:48,2025-10-13 10:54:53
1280,665,620,2025-08-14,2025-08-21,2025-08-17,4.13,0.0,Returned,2025-08-14 05:02:41,2025-08-17 07:47:40
1281,192,202,2025-12-20,2025-12-30,,3.67,114.75,OVERDUE,2025-12-20 08:46:29,2025-12-20 08:46:29
1282,882,1641,2025-09-05,2025-09-19,,3.92,191.25,Overdue,2025-09-05 04:51:58,2025-09-05 04:51:58
1283,472,1455,2025-07-01,2025-07-15,2025-07-11,2.2,0.0,Returned,2025-07-01 14:08:00,2025-07-11 13:58:03
1284,399,805,2026-05-16,2026-05-23,2026-05-22,3.65,0.0,Returned,2026-05-16 11:57:41,2026-05-22 09:20:12
1285,726,1336,2025-12-09,2025-12-23,2025-12-30,4.77,5.25,Returned,2025-12-09 19:12:49,2025-12-30 17:07:57
1286,723,92,2026-01-14,2026-01-21,2026-01-21,8.79,0.0,Returned,2026-01-14 09:04:44,2026-01-21 00:15:23
1287,151,1488,2025-12-02,2025-12-16,2025-12-11,7.71,0.0,Returned,2025-12-02 09:49:01,2025-12-11 19:44:53
1288,411,1452,2025-08-10,2025-08-20,,4.93,213.75,Overdue,2025-08-10 06:45:10,2025-08-10 06:45:10
1289,94,109,2025-09-12,2025-09-26,2025-09-18,2.3,0.0,Returned,2025-09-12 03:29:48,2025-09-18 12:17:24
1290,792,1357,2025-09-10,2025-09-24,2025-09-11,2.23,-1.5,Returned,2025-09-10 05:14:58,2025-09-11 16:30:09
1291,490,1249,2026-04-20,2026-04-27,2026-04-24,4.58,0.0,Returned,2026-04-20 13:24:51,2026-04-24 20:50:30
1292,174,336,2026-01-22,2026-01-29,2026-01-22,4.56,0.0,Returned,2026-01-22 18:49:44,2026-01-22 18:49:44
1293,134,205,2025-08-20,2025-08-30,2025-08-28,2.75,0.0,Returned,2025-08-20 12:17:29,2025-08-28 09:58:26
1294,564,317,2025-12-27,2026-01-03,2025-12-28,4.3,0.0,Returned,2025-12-27 21:29:08,2025-12-28 21:02:01
1295,989,1577,2025-12-22,2026-01-05,2026-01-09,3.57,3.0,Returned,2025-12-22 04:56:45,2026-01-09 03:55:53
1296,800,1119,2026-01-07,2026-01-14,2026-01-09,3.37,0.0,Returned,2026-01-07 04:07:16,2026-01-09 18:43:12
1297,476,1547,2026-03-20,2026-04-03,2026-03-29,1.66,0.0,Returned,2026-03-20 08:32:26,2026-03-29 13:33:40
1298,300,1107,2026-02-08,2026-02-18,,1.58,77.25,Overdue,2026-02-08 19:25:21,2026-02-08 19:25:21
1299,805,42,2025-12-27,2026-01-03,2026-01-06,1.65,2.25,Returned,2025-12-27 15:59:41,2026-01-06 19:13:39
1300,137,111,2025-10-03,2025-10-17,2025-10-05,1.09,0.0,Returned,2025-10-03 07:21:21,2025-10-05 08:18:27
1301,192,1504,2025-08-18,2025-08-28,,6.73,207.75,Overdue,2025-08-18 07:47:44,2025-08-18 07:47:44
1302,334,426,2025-07-13,2025-07-20,2025-07-14,4.28,0.0,Returned,2025-07-13 07:10:03,2025-07-14 12:54:10
1303,785,745,2025-08-31,2025-09-07,2025-09-17,3.21,7.5,RETURNED,2025-08-31 03:16:10,2025-09-17 04:44:35
1304,915,551,2025-07-25,2025-08-08,2025-08-04,4.24,0.0,Returned,2025-07-25 00:49:56,2025-08-04 03:50:34
1305,921,1692,2025-07-07,2025-07-14,,2.13,241.5,Overdue,2025-07-07 18:15:55,2025-07-07 18:15:55
1306,870,773,2025-12-18,2025-12-28,2025-12-25,1.65,0.0,Returned,2025-12-18 23:22:06,2025-12-25 10:02:07
1307,125,156,2025-12-16,2025-12-26,2025-12-17,2.85,0.0,Returned,2025-12-16 20:32:36,2025-12-17 02:27:14
1308,261,389,2025-11-30,2025-12-07,,1.98,132.0,Overdue,2025-11-30 19:23:20,2025-11-30 19:23:20
1309,819,234,2025-08-28,2025-09-11,2025-09-04,2.41,0.0,Returned,2025-08-28 04:40:03,2025-09-04 18:07:20
1310,609,930,2026-02-12,2026-02-19,2026-02-19,4.59,0.0,Returned,2026-02-12 14:30:45,2026-02-19 08:34:56
1311,724,629,2026-05-17,2026-05-24,2026-05-22,1.83,0.0,Returned,2026-05-17 07:43:49,2026-05-22 13:50:07
1312,464,915,2025-09-26,2025-10-03,2025-09-29,3.99,0.0,Returned,2025-09-26 10:18:44,2025-09-29 19:26:35
1313,610,1204,2025-08-13,2025-08-23,2025-08-13,2.38,0.0,Returned,2025-08-13 10:01:23,2025-08-13 17:49:17
1314,256,345,2025-09-28,2025-10-12,2025-10-09,3.46,0.0,Returned,2025-09-28 06:02:59,2025-10-09 00:33:40
1315,227,1430,2026-02-01,2026-02-15,2026-02-02,2.52,0.0,Returned,2026-02-01 07:22:46,2026-02-02 16:29:30
1316,327,1431,2026-04-30,2026-05-14,2026-05-09,1.89,0.0,Returned,2026-04-30 05:39:40,2026-05-09 15:51:34
1317,204,539,2025-11-14,2025-11-28,2025-11-14,2.96,0.0,Returned,2025-11-14 06:24:50,2025-11-14 08:14:01
1318,61,1535,2026-01-02,2026-01-16,2026-01-15,7.09,0.0,Returned,2026-01-02 11:27:14,2026-01-15 03:59:52
1319,992,879,2025-10-01,2025-10-11,2025-10-03,2.37,0.0,Returned,2025-10-01 11:03:46,2025-10-03 20:45:42
1320,71,1021,2025-06-28,2025-07-05,2025-07-04,3.52,0.0,Returned,2025-06-28 16:03:01,2025-07-04 12:41:36
1321,175,1481,2026-01-24,2026-01-31,2026-02-02,3.71,1.5,Returned,2026-01-24 22:52:11,2026-02-02 04:48:01
1322,714,1680,2025-10-19,2025-10-26,2025-10-25,4.82,0.0,Returned,2025-10-19 02:31:22,2025-10-25 05:31:29
1323,767,1772,2025-11-03,2025-11-13,2025-11-07,7.12,0.0,Returned,2025-11-03 09:23:58,2025-11-07 13:25:42
1324,277,983,2025-07-21,2025-07-28,,4.55,231.0,Overdue,2025-07-21 04:14:00,2025-07-21 04:14:00
1325,876,1062,2025-06-21,2025-06-28,2025-07-07,2.54,6.75,Returned,2025-06-21 03:40:42,2025-07-07 15:36:49
1326,339,1235,2026-01-12,2026-01-26,2026-01-13,2.6,0.0,Returned,2026-01-12 15:24:41,2026-01-13 13:06:17
1327,858,1001,2026-04-13,2026-04-27,2026-04-15,2.1,0.0,Returned,2026-04-13 06:08:34,2026-04-15 05:51:45
1328,742,1029,2025-11-05,2025-11-15,2025-11-11,3.53,0.0,Returned,2025-11-05 20:33:24,2025-11-11 17:56:19
1329,121,929,2026-05-06,2026-05-20,2026-05-15,2.59,0.0,Returned,2026-05-06 22:52:03,2026-05-15 04:48:54
1330,241,1664,2026-03-06,2026-03-13,2026-03-06,4.64,0.0,Returned,2026-03-06 10:42:13,2026-03-06 17:01:52
1331,259,79,2026-04-08,2026-04-18,2026-04-10,3.96,0.0,Returned,2026-04-08 04:10:32,2026-04-10 01:41:23
1332,420,840,2025-06-20,2025-07-04,2025-06-29,3.27,0.0,Returned,2025-06-20 21:00:18,2025-06-29 19:30:28
1333,53,397,2026-02-07,2026-02-14,2026-02-11,3.21,0.0,Returned,2026-02-07 23:27:19,2026-02-11 12:31:23
1334,265,1276,2026-03-14,2026-03-21,2026-03-24,6.11,2.25,Returned,2026-03-14 19:04:27,2026-03-24 23:11:37
1335,442,1292,2026-03-31,2026-04-07,2026-04-07,1.15,0.0,Returned,2026-03-31 22:46:20,2026-04-07 02:04:49
1336,528,1391,2025-08-30,2025-09-06,2025-09-06,3.46,0.0,Returned,2025-08-30 04:08:24,2025-09-06 01:51:38
1337,563,116,2026-03-02,2026-03-12,2026-03-06,2.71,0.0,Returned,2026-03-02 12:13:35,2026-03-06 14:58:04
1338,983,1462,2025-07-21,2025-07-31,2025-07-22,1.48,0.0,Returned,2025-07-21 06:15:32,2025-07-22 04:12:53
1339,298,550,2025-09-30,2025-10-14,2025-10-07,1.55,0.0,Returned,2025-09-30 16:51:46,2025-10-07 04:35:25
1340,341,1202,2025-08-18,2025-08-28,2025-08-21,1.63,0.0,Returned,2025-08-18 11:01:19,2025-08-21 05:12:25
1341,857,1230,2026-01-10,2026-01-17,2026-01-13,1.99,0.0,Returned,2026-01-10 06:25:28,2026-01-13 04:47:31
1342,58,1261,2026-02-17,2026-02-27,2026-02-26,4.66,0.0,Returned,2026-02-17 09:19:11,2026-02-26 04:35:39
1343,202,823,2025-12-13,2025-12-20,,8.33,122.25,Overdue,2025-12-13 05:39:38,2025-12-13 05:39:38
1344,127,1706,2025-11-30,2025-12-14,2025-11-30,4.47,0.0,Returned,2025-11-30 02:20:48,2025-11-30 13:56:12
1345,705,52,2026-05-09,2026-05-19,2026-05-09,1.95,0.0,Returned,2026-05-09 22:38:31,2026-05-09 22:38:31
1346,183,408,2025-06-29,2025-07-06,2025-07-03,4.7,0.0,Returned,2025-06-29 16:35:14,2025-07-03 02:29:10
1347,678,1655,2025-11-16,2025-11-30,2025-11-22,1.74,0.0,RETURNED,2025-11-16 03:37:52,2025-11-22 19:04:20
1348,296,206,2025-07-29,2025-08-12,2025-07-31,1.68,0.0,Returned,2025-07-29 19:32:26,2025-07-31 13:22:17
1349,677,1218,2025-06-14,2025-06-21,2025-06-18,3.63,0.0,Returned,2025-06-14 19:23:28,2025-06-18 17:47:19
1350,957,402,2026-01-08,2026-01-22,2026-01-16,7.92,0.0,Returned,2026-01-08 13:56:18,2026-01-16 19:07:57
1351,488,1503,2025-12-11,2025-12-25,2025-12-26,7.3,0.75,Returned,2025-12-11 07:21:01,2025-12-26 11:18:38
1352,848,368,2025-10-01,2025-10-15,2025-10-07,2.86,0.0,Returned,2025-10-01 08:48:08,2025-10-07 16:44:51
1353,56,105,2025-09-20,2025-09-30,2025-09-29,3.15,0.0,Returned,2025-09-20 03:49:42,2025-09-29 22:01:00
1354,228,1,2026-04-12,2026-04-22,2026-04-21,2.62,0.0,Returned,2026-04-12 11:35:28,2026-04-21 20:55:29
1355,768,67,2025-08-15,2025-08-29,2025-08-25,1.76,0.0,Returned,2025-08-15 11:24:49,2025-08-25 21:12:48
1356,553,1309,2025-08-16,2025-08-23,2025-08-21,2.62,0.0,Returned,2025-08-16 00:27:46,2025-08-21 08:51:09
1357,315,1400,2025-11-18,2025-11-28,2025-11-26,2.46,0.0,Returned,2025-11-18 18:31:47,2025-11-26 16:17:26
1358,290,165,2025-07-29,2025-08-05,2025-08-03,3.75,0.0,Returned,2025-07-29 20:34:18,2025-08-03 07:11:25
1359,420,676,2026-01-05,2026-01-12,2026-01-11,1.12,0.0,Returned,2026-01-05 18:48:33,2026-01-11 06:59:50
1360,924,1495,2026-03-08,2026-03-22,,4.44,-53.25,Overdue,2026-03-08 19:24:01,2026-03-08 19:24:01
1361,964,1563,2026-03-27,2026-04-10,,2.24,39.0,Overdue,2026-03-27 18:11:39,2026-03-27 18:11:39
1362,194,107,2025-12-26,2026-01-09,2026-01-14,3.18,3.75,Returned,2025-12-26 00:19:05,2026-01-14 17:05:31
1363,405,1579,2026-02-10,2026-02-24,2026-02-18,3.85,0.0,Returned,2026-02-10 08:57:50,2026-02-18 10:02:16
1364,461,1211,2025-12-26,2026-01-02,2025-12-30,4.79,-1.5,Returned,2025-12-26 05:29:59,2025-12-30 01:06:50
1365,706,1252,2026-04-19,2026-04-29,2026-05-03,4.69,3.0,Returned,2026-04-19 14:33:14,2026-05-03 16:37:09
1366,329,1165,2026-04-11,2026-04-21,2026-04-27,3.83,4.5,Returned,2026-04-11 08:11:34,2026-04-27 02:29:39
1367,884,248,2026-04-26,2026-05-06,2026-04-29,2.98,0.0,Returned,2026-04-26 21:40:25,2026-04-29 08:46:56
1368,68,112,2025-06-11,2025-06-25,2025-06-12,1.42,0.0,Returned,2025-06-11 01:21:23,2025-06-12 02:48:28
1369,862,89,2025-09-28,2025-10-08,2025-09-28,7.99,0.0,Returned,2025-09-28 08:36:10,2025-09-28 08:36:10
1370,695,765,2026-03-01,2026-03-08,2026-03-05,3.6,0.0,Returned,2026-03-01 20:29:50,2026-03-05 15:09:42
1371,997,588,2025-08-04,2025-08-11,2025-08-17,4.81,4.5,Returned,2025-08-04 08:22:17,2025-08-17 07:20:51
1372,628,1212,2026-04-27,2026-05-07,2026-04-29,3.6,0.0,Returned,2026-04-27 10:33:42,2026-04-29 10:20:02
1373,730,347,2026-04-13,2026-04-23,2026-04-15,1.81,0.0,Returned,2026-04-13 15:52:47,2026-04-15 11:03:38
1374,636,1662,2025-07-05,2025-07-15,,2.99,240.75,Overdue,2025-07-05 02:27:35,2025-07-05 02:27:35
1375,919,804,2026-02-03,2026-02-10,2026-02-04,2.81,0.0,Returned,2026-02-03 20:41:43,2026-02-04 12:57:52
1376,853,1651,2025-11-30,2025-12-07,2025-12-04,3.56,0.0,Returned,2025-11-30 12:33:58,2025-12-04 06:52:24
1377,980,1544,2025-11-09,2025-11-23,2025-11-15,4.31,0.0,Returned,2025-11-09 06:18:07,2025-11-15 20:52:40
1378,65,108,2026-01-17,2026-01-27,2026-01-24,3.72,0.0,Returned,2026-01-17 00:22:07,2026-01-24 23:50:30
1379,67,1510,2025-11-24,2025-12-04,2025-11-26,1.35,0.0,Returned,2025-11-24 12:52:15,2025-11-26 05:06:54
1380,481,1663,2026-05-07,2026-05-17,2026-05-09,4.21,0.0,Returned,2026-05-07 19:50:17,2026-05-09 09:29:31
1381,903,902,2026-03-17,2026-03-24,2026-04-01,4.91,6.0,Returned,2026-03-17 03:37:43,2026-04-01 07:23:37
1382,687,102,2026-02-02,2026-02-09,2026-02-19,2.15,7.5,Returned,2026-02-02 20:57:01,2026-02-19 07:35:51
1383,670,370,2025-10-31,2025-11-14,2025-11-10,4.51,0.0,Returned,2025-10-31 13:21:52,2025-11-10 15:46:13
1384,929,271,2026-02-26,2026-03-08,2026-03-08,2.89,0.0,Returned,2026-02-26 21:45:06,2026-03-08 08:50:26
1385,91,1573,2025-07-25,2025-08-04,2025-07-31,3.36,0.0,Returned,2025-07-25 18:10:28,2025-07-31 09:54:46
1386,706,1308,2026-05-27,2026-06-10,2026-06-03,2.86,0.0,Returned,2026-05-27 08:24:10,2026-06-03 19:26:33
1387,621,1747,2025-08-14,2025-08-28,2025-08-19,4.74,0.0,RETURNED,2025-08-14 07:22:25,2025-08-19 18:04:50
1388,605,1179,2025-09-05,2025-09-19,2025-09-19,4.53,0.0,Returned,2025-09-05 23:31:36,2025-09-19 07:01:51
1389,739,1591,2026-02-19,2026-03-01,2026-02-27,5.36,0.0,Returned,2026-02-19 02:07:47,2026-02-27 09:45:25
1390,756,174,2025-12-10,2025-12-20,2025-12-14,2.27,0.0,Returned,2025-12-10 10:49:24,2025-12-14 10:31:51
1391,707,284,2025-11-08,2025-11-22,2025-11-09,2.82,0.0,Returned,2025-11-08 11:24:23,2025-11-09 15:43:03
1392,828,520,2025-10-02,2025-10-16,2025-10-07,2.8,0.0,Returned,2025-10-02 02:39:30,2025-10-07 08:28:25
1393,547,1501,2025-11-08,2025-11-22,2025-11-17,2.92,0.0,Returned,2025-11-08 00:16:39,2025-11-17 02:33:34
1394,321,940,2026-03-10,2026-03-24,2026-03-24,3.8,0.0,Returned,2026-03-10 10:32:37,2026-03-24 17:51:30
1395,192,929,2025-10-28,2025-11-07,2025-10-31,4.5,0.0,Returned,2025-10-28 12:42:21,2025-10-31 20:10:48
1396,76,1689,2026-01-15,2026-01-22,2026-01-20,3.21,0.0,RETURNED,2026-01-15 02:51:48,2026-01-20 02:04:51
1397,312,1035,2026-03-05,2026-03-12,2026-03-06,4.08,0.0,Returned,2026-03-05 08:16:11,2026-03-06 02:11:00
1398,422,277,2026-02-26,2026-03-05,2026-03-04,1.8,0.0,Returned,2026-02-26 23:09:01,2026-03-04 05:50:47
1399,901,782,2025-10-14,2025-10-21,2025-10-27,3.07,4.5,Returned,2025-10-14 21:18:42,2025-10-27 11:22:37
1400,559,353,2026-01-15,2026-01-29,2026-02-08,2.34,7.5,Returned,2026-01-15 16:19:15,2026-02-08 23:25:07
1401,727,1595,2025-07-25,2025-08-04,2025-08-13,6.46,6.75,Returned,2025-07-25 02:44:50,2025-08-13 05:19:24
1402,22,1091,2025-06-26,2025-07-10,2025-07-05,1.58,0.0,Returned,2025-06-26 16:20:52,2025-07-05 11:22:43
1403,281,473,2025-11-13,2025-11-27,,4.8,139.5,Overdue,2025-11-13 05:25:23,2025-11-13 05:25:23
1404,753,330,2026-02-09,2026-02-23,2026-02-10,1.94,0.0,Returned,2026-02-09 18:14:04,2026-02-10 15:39:30
1405,645,148,2026-04-26,2026-05-10,2026-04-29,3.75,0.0,Returned,2026-04-26 22:29:36,2026-04-29 11:06:29
1406,45,1036,2025-08-30,2025-09-06,2025-09-03,3.38,0.0,Returned,2025-08-30 07:33:43,2025-09-03 16:21:36
1407,610,1309,2026-01-30,2026-02-06,2026-02-05,2.74,0.0,Returned,2026-01-30 00:30:41,2026-02-05 03:39:54
1408,749,504,2026-01-11,2026-01-18,2026-01-27,2.42,6.75,Returned,2026-01-11 12:55:23,2026-01-27 10:06:25
1409,668,172,2025-10-06,2025-10-13,2025-10-13,2.26,0.0,Returned,2025-10-06 21:55:22,2025-10-13 04:51:32
1410,482,666,2025-11-19,2025-11-26,2025-11-24,1.78,0.0,Returned,2025-11-19 00:45:19,2025-11-24 06:27:21
1411,748,1762,2025-08-09,2025-08-23,2025-08-19,4.62,0.0,Returned,2025-08-09 16:19:15,2025-08-19 11:12:09
1412,545,88,2025-08-12,2025-08-19,2025-08-15,1.49,0.0,Returned,2025-08-12 03:34:59,2025-08-15 11:58:45
1413,3,763,2026-03-25,2026-04-04,2026-04-01,3.6,0.0,Returned,2026-03-25 22:02:46,2026-04-01 19:42:51
1414,892,727,2026-02-22,2026-03-08,2026-03-07,6.52,0.0,Returned,2026-02-22 11:24:22,2026-03-07 01:53:55
1415,993,1352,2025-10-20,2025-10-27,2025-10-27,3.58,0.0,RETURNED,2025-10-20 14:42:42,2025-10-27 13:08:12
1416,527,1258,2025-11-30,2025-12-14,2025-12-18,2.54,3.0,Returned,2025-11-30 00:27:44,2025-12-18 18:24:08
1417,727,385,2025-12-09,2025-12-19,2025-12-18,2.0,0.0,Returned,2025-12-09 01:56:19,2025-12-18 04:05:28
1418,69,1517,2026-05-16,2026-05-30,2026-05-27,8.78,0.0,Returned,2026-05-16 17:18:09,2026-05-27 11:27:26
1419,489,603,2025-12-11,2025-12-18,,2.73,123.75,Overdue,2025-12-11 17:25:06,2025-12-11 17:25:06
1420,942,1450,2026-01-26,2026-02-05,2026-02-02,4.19,0.0,Returned,2026-01-26 12:06:55,2026-02-02 14:20:12
1421,623,1592,2025-06-22,2025-07-02,2025-06-24,6.72,0.0,Returned,2025-06-22 12:42:16,2025-06-24 07:14:23
1422,40,1274,2025-10-24,2025-10-31,2025-10-29,4.68,0.0,Returned,2025-10-24 07:03:22,2025-10-29 13:22:21
1423,995,1151,2025-09-06,2025-09-20,2025-09-19,3.2,0.0,Returned,2025-09-06 13:37:20,2025-09-19 20:34:09
1424,101,114,2026-05-22,2026-05-29,2026-05-24,4.19,0.0,Returned,2026-05-22 10:53:29,2026-05-24 02:59:06
1425,348,218,2025-11-29,2025-12-13,2025-12-11,2.0,0.0,Returned,2025-11-29 19:12:44,2025-12-11 10:22:16
1426,720,1445,2026-04-30,2026-05-10,2026-05-05,3.25,0.0,Returned,2026-04-30 00:34:55,2026-05-05 03:02:15
1427,703,1149,2026-04-26,2026-05-03,2026-04-26,2.36,0.0,Returned,2026-04-26 07:48:28,2026-04-26 21:51:12
1428,172,491,2025-10-18,2025-10-28,2025-10-22,2.14,0.0,Returned,2025-10-18 04:24:36,2025-10-22 21:05:18
1429,879,704,2025-08-17,2025-08-31,2025-08-27,4.95,0.0,Returned,2025-08-17 22:56:35,2025-08-27 16:12:48
1430,897,1177,2025-12-26,2026-01-09,2026-01-04,3.22,0.0,Returned,2025-12-26 17:03:57,2026-01-04 17:25:40
1431,976,141,2026-05-16,2026-05-30,2026-05-24,1.82,0.0,Returned,2026-05-16 13:48:45,2026-05-24 03:04:23
1432,5,1136,2026-05-07,2026-05-21,2026-05-11,3.09,0.0,Returned,2026-05-07 08:07:48,2026-05-11 07:09:20
1433,877,1334,2026-01-16,2026-01-26,2026-01-21,2.86,0.0,Returned,2026-01-16 15:14:21,2026-01-21 17:19:14
1434,76,1029,2025-06-15,2025-06-25,,2.61,255.75,Overdue,2025-06-15 21:56:30,2025-06-15 21:56:30
1435,918,1294,2025-09-23,2025-10-03,2025-09-29,3.24,0.0,Returned,2025-09-23 14:15:24,2025-09-29 09:20:05
1436,87,743,2026-03-06,2026-03-13,2026-03-09,3.58,0.0,Returned,2026-03-06 08:29:26,2026-03-09 05:49:44
1437,482,420,2026-03-25,2026-04-04,2026-03-27,2.43,0.0,Returned,2026-03-25 20:05:28,2026-03-27 08:26:51
1438,603,1782,2026-02-14,2026-02-24,2026-03-01,1.89,3.75,Returned,2026-02-14 22:46:50,2026-03-01 20:56:36
1439,998,975,2025-08-12,2025-08-22,2025-08-13,2.97,0.0,Returned,2025-08-12 14:24:41,2025-08-13 18:12:21
1440,737,995,2026-02-22,2026-03-01,2026-03-07,1.49,4.5,Returned,2026-02-22 18:48:53,2026-03-07 05:48:25
1441,72,1161,2025-07-03,2025-07-10,2025-07-10,4.27,0.0,Returned,2025-07-03 07:19:36,2025-07-10 23:55:18
1442,1000,1051,2025-06-23,2025-07-07,2025-07-10,1.18,2.25,Returned,2025-06-23 00:10:54,2025-07-10 16:16:22
1443,864,973,2025-06-11,2025-06-18,2025-06-15,1.97,0.0,Returned,2025-06-11 16:01:41,2025-06-15 20:35:22
1444,363,798,2026-04-24,2026-05-08,2026-04-29,2.74,0.0,Returned,2026-04-24 09:17:52,2026-04-29 14:19:25
1445,55,1228,2025-09-09,2025-09-23,2025-09-09,2.84,0.0,Returned,2025-09-09 23:37:10,2025-09-09 23:37:10
1446,688,1160,2026-04-11,2026-04-18,2026-04-18,4.4,0.0,Returned,2026-04-11 15:17:51,2026-04-18 01:29:25
1447,203,443,2025-06-09,2025-06-19,2025-06-18,1.49,0.0,Returned,2025-06-09 01:26:22,2025-06-18 18:18:28
1448,101,1333,2025-07-30,2025-08-13,2025-08-02,3.8,0.0,Returned,2025-07-30 09:51:42,2025-08-02 01:08:30
1449,60,104,2026-03-15,2026-03-29,2026-03-19,1.25,0.0,Returned,2026-03-15 18:35:09,2026-03-19 15:57:37
1450,891,1639,2026-04-17,2026-04-27,2026-04-26,2.2,0.0,Returned,2026-04-17 07:29:00,2026-04-26 18:31:46
1451,602,617,2025-10-12,2025-10-26,2025-10-12,4.72,0.0,Returned,2025-10-12 19:17:04,2025-10-12 19:17:04
1452,211,939,2026-04-30,2026-05-07,2026-05-03,4.65,0.0,Returned,2026-04-30 16:40:43,2026-05-03 22:34:40
1453,537,60,2026-03-30,2026-04-06,2026-04-04,4.75,0.0,Returned,2026-03-30 06:34:49,2026-04-04 11:05:31
1454,281,476,2025-06-28,2025-07-08,2025-07-06,4.88,0.0,Returned,2025-06-28 00:27:05,2025-07-06 07:54:17
1455,406,1243,2025-12-29,2026-01-08,2026-01-04,3.2,0.0,Returned,2025-12-29 13:33:53,2026-01-04 22:11:28
1456,816,685,2026-02-28,2026-03-14,2026-03-05,2.55,0.0,Returned,2026-02-28 04:21:17,2026-03-05 17:48:55
1457,335,1710,2025-10-30,2025-11-09,2025-11-01,3.8,0.0,Returned,2025-10-30 09:44:58,2025-11-01 22:18:27
1458,402,179,2025-10-19,2025-10-29,2025-10-20,4.87,0.0,Returned,2025-10-19 17:10:36,2025-10-20 08:13:33
1459,486,852,2025-12-06,2025-12-16,2025-12-09,3.51,0.0,Returned,2025-12-06 18:16:45,2025-12-09 18:51:07
1460,512,1063,2025-12-10,2025-12-17,2025-12-15,2.33,0.0,Returned,2025-12-10 09:09:32,2025-12-15 12:03:51
1461,211,23,2025-09-01,2025-09-11,2025-09-01,1.6,0.0,Returned,2025-09-01 18:51:31,2025-09-01 18:51:31
1462,91,26,2025-10-14,2025-10-21,2025-10-14,4.35,0.0,Returned,2025-10-14 19:07:16,2025-10-14 19:07:16
1463,378,257,2025-12-11,2025-12-18,2025-12-18,5.39,0.0,Returned,2025-12-11 12:08:06,2025-12-18 13:55:28
1464,716,766,2026-04-01,2026-04-11,,4.0,38.25,Overdue,2026-04-01 20:17:02,2026-04-01 20:17:02
1465,549,677,2025-06-19,2025-06-26,2025-06-20,1.81,0.0,Returned,2025-06-19 05:22:54,2025-06-20 04:28:40
1466,318,473,2026-01-25,2026-02-04,2026-01-29,3.32,0.0,RETURNED,2026-01-25 02:59:37,2026-01-29 11:14:27
1467,31,361,2026-05-22,2026-06-05,2026-06-01,2.63,0.0,Returned,2026-05-22 11:55:10,2026-06-01 05:47:56
1468,973,753,2025-11-12,2025-11-19,2025-11-12,1.52,0.0,Returned,2025-11-12 05:59:37,2025-11-12 11:30:30
1469,218,412,2025-12-28,2026-01-11,2026-01-05,3.41,0.0,Returned,2025-12-28 15:45:19,2026-01-05 13:09:11
1470,505,832,2026-01-18,2026-01-28,,4.06,93.0,Overdue,2026-01-18 13:11:14,2026-01-18 13:11:14
1471,852,1455,2025-10-04,2025-10-14,2025-10-24,2.16,7.5,Returned,2025-10-04 16:56:58,2025-10-24 06:22:35
1472,568,191,2025-07-20,2025-07-27,2025-07-22,3.66,0.0,Returned,2025-07-20 23:16:44,2025-07-22 11:18:10
1473,470,1084,2025-11-29,2025-12-06,2025-12-01,1.58,0.0,Returned,2025-11-29 18:30:50,2025-12-01 00:24:56
1474,74,973,2026-04-13,2026-04-23,2026-04-19,1.9,0.0,Returned,2026-04-13 02:15:38,2026-04-19 23:53:29
1475,203,1160,2025-08-14,2025-08-28,2025-08-18,2.95,0.0,Returned,2025-08-14 08:00:38,2025-08-18 00:49:39
1476,770,131,2026-03-11,2026-03-25,2026-03-21,2.21,0.0,Returned,2026-03-11 11:49:47,2026-03-21 07:31:53
1477,985,281,2025-07-10,2025-07-17,2025-07-17,1.99,0.0,Returned,2025-07-10 06:47:23,2025-07-17 20:44:30
1478,130,719,2026-04-10,2026-04-20,2026-04-16,4.03,0.0,Returned,2026-04-10 13:25:24,2026-04-16 03:13:35
1479,810,1254,2025-12-10,2025-12-24,2025-12-13,4.38,0.0,Returned,2025-12-10 17:26:25,2025-12-13 15:52:14
1480,561,1600,2025-08-22,2025-08-29,2025-08-25,3.32,0.0,Returned,2025-08-22 06:27:22,2025-08-25 22:22:43
1481,120,967,2026-02-08,2026-02-22,2026-02-26,2.69,3.0,Returned,2026-02-08 20:08:38,2026-02-26 22:41:48
1482,12,472,2025-10-15,2025-10-29,2025-10-31,2.33,1.5,Returned,2025-10-15 06:12:05,2025-10-31 14:01:18
1483,709,400,2026-04-17,2026-04-27,2026-04-21,3.04,0.0,Returned,2026-04-17 17:46:09,2026-04-21 16:41:17
1484,879,1572,2025-08-13,2025-08-23,2025-08-15,4.63,0.0,Returned,2025-08-13 08:47:16,2025-08-15 03:07:37
1485,761,170,2026-01-30,2026-02-13,2026-02-05,1.28,0.0,Returned,2026-01-30 23:35:10,2026-02-05 08:18:48
1486,879,1505,2025-10-01,2025-10-08,2025-10-03,4.54,0.0,Returned,2025-10-01 05:40:15,2025-10-03 19:30:40
1487,807,189,2025-08-21,2025-08-31,2025-09-04,4.88,3.0,Returned,2025-08-21 00:08:18,2025-09-04 01:10:55
1488,380,42,2026-05-08,2026-05-22,2026-05-30,2.23,6.0,Returned,2026-05-08 14:03:27,2026-05-30 00:00:32
1489,871,853,2025-10-11,2025-10-25,2025-10-16,2.79,0.0,Returned,2025-10-11 06:31:23,2025-10-16 03:41:57
1490,242,199,2026-04-29,2026-05-06,2026-05-15,4.02,6.75,Returned,2026-04-29 08:41:19,2026-05-15 17:04:15
1491,422,465,2025-08-12,2025-08-19,2025-08-17,4.94,0.0,Returned,2025-08-12 09:31:41,2025-08-17 16:39:14
1492,161,541,2026-03-26,2026-04-05,2026-04-06,1.77,0.75,Returned,2026-03-26 17:15:11,2026-04-06 10:29:16
1493,777,1334,2025-06-15,2025-06-25,2025-06-16,4.64,0.0,Returned,2025-06-15 08:21:47,2025-06-16 11:49:44
1494,60,264,2025-10-20,2025-11-03,2025-11-13,5.16,7.5,Returned,2025-10-20 03:35:51,2025-11-13 06:16:55
1495,307,809,2025-11-18,2025-12-02,,2.49,135.75,Overdue,2025-11-18 21:57:56,2025-11-18 21:57:56
1496,32,255,2025-07-20,2025-07-30,2025-07-27,8.37,0.0,Returned,2025-07-20 18:23:07,2025-07-27 11:31:22
1497,670,1631,2025-06-10,2025-06-24,2025-06-10,4.19,0.0,Returned,2025-06-10 01:46:22,2025-06-10 04:35:08
1498,63,452,2025-12-21,2026-01-04,2026-01-05,3.45,0.75,Returned,2025-12-21 18:01:49,2026-01-05 08:38:53
1499,427,1371,2026-05-19,2026-06-02,2026-05-31,4.78,0.0,Returned,2026-05-19 07:50:05,2026-05-31 20:04:15
1500,908,256,2026-04-23,2026-05-03,2026-05-01,5.68,0.0,Returned,2026-04-23 10:38:00,2026-05-01 09:55:59
1501,940,1681,2026-04-01,2026-04-08,2026-04-02,3.05,0.0,Returned,2026-04-01 15:31:48,2026-04-02 07:19:37
1502,758,1619,2026-04-20,2026-05-04,2026-04-28,2.48,0.0,Returned,2026-04-20 19:46:08,2026-04-28 19:38:44
1503,313,1208,2025-11-26,2025-12-06,2025-12-01,1.32,0.0,Returned,2025-11-26 23:22:03,2025-12-01 17:49:44
1504,413,197,2025-08-23,2025-09-06,2025-08-31,1.64,0.0,Returned,2025-08-23 18:53:44,2025-08-31 15:29:56
1505,777,723,2025-07-23,2025-08-02,2025-07-23,4.83,0.0,Returned,2025-07-23 06:41:04,2025-07-23 16:59:46
1506,614,1111,2025-07-04,2025-07-14,2025-07-08,2.62,0.0,Returned,2025-07-04 12:36:28,2025-07-08 13:28:44
1507,764,266,2025-12-04,2025-12-18,2025-12-04,2.35,0.0,Returned,2025-12-04 10:44:33,2025-12-04 10:44:33
1508,328,1622,2025-10-08,2025-10-15,2025-10-12,2.06,0.0,Returned,2025-10-08 21:01:19,2025-10-12 22:19:15
1509,249,307,2026-03-25,2026-04-08,2026-04-01,1.86,0.0,Returned,2026-03-25 21:51:31,2026-04-01 07:41:52
1510,417,1311,2026-02-21,2026-02-28,2026-02-22,4.61,0.0,Returned,2026-02-21 13:19:54,2026-02-22 08:37:48
1511,518,1646,2025-08-16,2025-08-30,,1.55,206.25,Overdue,2025-08-16 02:02:15,2025-08-16 02:02:15
1512,431,868,2025-11-30,2025-12-14,2025-12-08,6.25,0.0,Returned,2025-11-30 11:02:52,2025-12-08 18:39:08
1513,197,1156,2025-08-26,2025-09-09,2025-09-15,5.57,4.5,Returned,2025-08-26 04:28:24,2025-09-15 21:49:34
1514,769,254,2025-12-09,2025-12-23,2025-12-15,7.87,0.0,Returned,2025-12-09 08:30:18,2025-12-15 19:21:05
1515,357,391,2025-07-17,2025-07-27,2025-07-23,1.56,0.0,Returned,2025-07-17 15:15:50,2025-07-23 07:38:35
1516,607,553,2026-02-08,2026-02-22,2026-02-11,3.96,0.0,Returned,2026-02-08 10:56:58,2026-02-11 00:34:23
1517,211,1150,2025-09-09,2025-09-19,2025-09-26,3.19,5.25,Returned,2025-09-09 18:41:37,2025-09-26 12:14:26
1518,759,708,2025-08-03,2025-08-13,2025-08-12,1.71,0.0,Returned,2025-08-03 14:34:59,2025-08-12 21:37:48
1519,460,476,2025-09-12,2025-09-19,2025-09-17,4.74,0.0,Returned,2025-09-12 07:01:39,2025-09-17 15:09:54
1520,487,1370,2026-05-02,2026-05-16,2026-05-04,2.96,0.0,Returned,2026-05-02 05:52:03,2026-05-04 18:28:21
1521,167,767,2025-09-29,2025-10-13,2025-10-09,4.25,0.0,Returned,2025-09-29 03:12:43,2025-10-09 23:21:42
1522,64,1525,2026-02-08,2026-02-15,2026-02-10,2.24,0.0,Returned,2026-02-08 20:47:03,2026-02-10 17:42:03
1523,849,1153,2026-03-16,2026-03-26,2026-03-31,1.22,3.75,Returned,2026-03-16 06:51:35,2026-03-31 00:45:22
1524,363,1418,2025-09-28,2025-10-05,2025-09-30,2.75,0.0,Returned,2025-09-28 23:14:39,2025-09-30 16:40:26
1525,895,1597,2025-12-18,2026-01-01,2025-12-27,3.91,0.0,Returned,2025-12-18 03:25:29,2025-12-27 06:15:46
1526,58,589,2025-07-23,2025-08-06,2025-07-23,3.16,0.0,Returned,2025-07-23 04:11:03,2025-07-23 16:10:57
1527,690,1653,2026-04-20,2026-04-27,,2.88,26.25,Overdue,2026-04-20 06:34:32,2026-04-20 06:34:32
1528,363,664,2025-12-01,2025-12-15,2025-12-11,2.07,0.0,Returned,2025-12-01 01:59:43,2025-12-11 14:13:49
1529,332,982,2025-11-26,2025-12-03,,4.13,135.0,Overdue,2025-11-26 07:40:18,2025-11-26 07:40:18
1530,617,814,2026-04-16,2026-04-30,2026-04-17,2.54,0.0,Returned,2026-04-16 14:19:58,2026-04-17 13:41:07
1531,914,511,2025-07-05,2025-07-19,2025-07-09,1.17,0.0,Returned,2025-07-05 03:27:10,2025-07-09 02:35:02
1532,856,1730,2025-09-24,2025-10-08,2025-10-01,5.38,0.0,Returned,2025-09-24 17:53:26,2025-10-01 22:53:25
1533,688,693,2025-09-21,2025-10-05,2025-09-22,2.94,0.0,Returned,2025-09-21 07:40:40,2025-09-22 11:34:39
1534,330,512,2025-06-30,2025-07-14,,2.29,241.5,Overdue,2025-06-30 07:21:17,2025-06-30 07:21:17
1535,34,628,2026-04-06,2026-04-20,2026-04-19,1.55,0.0,Returned,2026-04-06 05:18:42,2026-04-19 12:52:10
1536,927,17,2026-01-01,2026-01-11,2026-01-06,4.38,0.0,Returned,2026-01-01 08:58:49,2026-01-06 05:32:25
1537,483,1455,2026-04-15,2026-04-22,2026-04-22,2.52,0.0,RETURNED,2026-04-15 17:57:01,2026-04-22 00:22:12
1538,223,682,2025-09-04,2025-09-11,2025-09-11,2.53,0.0,Returned,2025-09-04 13:32:44,2025-09-11 02:42:03
1539,53,1758,2025-07-05,2025-07-15,2025-07-09,1.95,0.0,Returned,2025-07-05 07:26:18,2025-07-09 17:10:41
1540,377,1276,2026-02-10,2026-02-20,2026-02-16,5.07,0.0,Returned,2026-02-10 12:00:18,2026-02-16 01:59:16
1541,99,1745,2026-04-30,2026-05-14,,2.56,13.5,Overdue,2026-04-30 03:08:18,2026-04-30 03:08:18
1542,64,1113,2025-07-13,2025-07-20,2025-07-27,4.42,5.25,Returned,2025-07-13 23:25:49,2025-07-27 08:35:56
1543,437,1633,2025-12-11,2025-12-21,,2.78,121.5,Overdue,2025-12-11 10:22:41,2025-12-11 10:22:41
1544,960,1039,2026-04-23,2026-04-30,2026-04-23,3.98,0.0,Returned,2026-04-23 11:45:06,2026-04-23 11:45:06
1545,16,458,2026-02-21,2026-03-03,,4.39,67.5,Overdue,2026-02-21 02:01:00,2026-02-21 02:01:00
1546,92,372,2025-11-28,2025-12-08,2025-12-01,2.95,0.0,Returned,2025-11-28 11:40:30,2025-12-01 19:47:02
1547,122,1306,2025-12-11,2025-12-18,2025-12-25,3.02,5.25,Returned,2025-12-11 10:04:42,2025-12-25 00:36:04
1548,105,699,2025-12-27,2026-01-10,2026-01-08,2.75,0.0,Returned,2025-12-27 13:55:10,2026-01-08 17:19:32
1549,452,172,2025-06-29,2025-07-06,,2.15,247.5,Overdue,2025-06-29 08:28:49,2025-06-29 08:28:49
1550,488,221,2025-06-22,2025-06-29,2025-06-29,2.07,0.0,Returned,2025-06-22 23:23:00,2025-06-29 22:41:23
1551,623,940,2025-06-19,2025-06-26,2025-06-19,2.51,0.0,Returned,2025-06-19 04:10:55,2025-06-19 12:53:30
1552,900,979,2025-09-06,2025-09-13,2025-09-06,8.35,0.0,Returned,2025-09-06 03:12:54,2025-09-06 03:12:54
1553,370,829,2025-08-07,2025-08-21,2025-08-13,4.23,0.0,Returned,2025-08-07 21:44:04,2025-08-13 16:01:36
1554,630,1247,2026-05-27,2026-06-03,2026-06-03,2.4,0.0,Returned,2026-05-27 03:05:37,2026-06-03 09:45:43
1555,678,697,2026-05-23,2026-06-02,2026-06-01,2.88,0.0,Returned,2026-05-23 11:52:21,2026-06-01 15:38:57
1556,532,939,2026-05-23,2026-06-02,2026-06-01,3.23,6.0,Returned,2026-05-23 03:02:21,2026-06-01 14:28:14
1557,458,1599,2026-03-04,2026-03-14,2026-03-17,4.62,2.25,Returned,2026-03-04 03:45:04,2026-03-17 13:15:41
1558,706,1083,2026-02-11,2026-02-25,2026-02-20,2.35,0.0,Returned,2026-02-11 12:57:33,2026-02-20 01:45:45
1559,32,1308,2025-06-06,2025-06-13,2025-06-16,1.61,2.25,Returned,2025-06-06 06:06:05,2025-06-16 03:26:14
1560,819,1445,2025-07-02,2025-07-09,2025-07-03,2.69,0.0,Returned,2025-07-02 01:14:30,2025-07-03 13:27:16
1561,204,155,2025-12-01,2025-12-15,2025-12-09,4.37,0.0,Returned,2025-12-01 16:16:25,2025-12-09 10:53:40
1562,736,1638,2026-04-11,2026-04-18,2026-04-15,2.29,0.0,Returned,2026-04-11 00:23:23,2026-04-15 02:05:49
1563,146,684,2025-11-06,2025-11-13,2025-11-15,4.27,1.5,Returned,2025-11-06 18:55:37,2025-11-15 05:00:03
1564,903,1762,2025-12-11,2025-12-21,2025-12-25,4.87,3.0,Returned,2025-12-11 13:10:09,2025-12-25 09:18:36
1565,229,85,2025-10-20,2025-11-03,2025-10-30,2.5,0.0,Returned,2025-10-20 02:55:24,2025-10-30 19:35:00
1566,189,990,2025-11-26,2025-12-10,2025-12-08,3.54,0.0,Returned,2025-11-26 21:06:44,2025-12-08 19:38:11
1567,502,633,2025-07-26,2025-08-09,2025-07-27,2.0,0.0,Returned,2025-07-26 02:07:41,2025-07-27 02:41:46
1568,899,241,2026-05-26,2026-06-09,2026-06-01,2.64,2.25,Returned,2026-05-26 20:34:09,2026-06-01 07:28:58
1569,627,1683,2025-07-07,2025-07-14,2025-07-09,4.36,0.0,Returned,2025-07-07 19:24:48,2025-07-09 23:51:01
1570,854,1736,2025-11-09,2025-11-19,2025-11-19,1.55,0.0,Returned,2025-11-09 22:54:41,2025-11-19 10:46:54
1571,390,929,2026-04-02,2026-04-12,2026-04-12,4.32,0.0,RETURNED,2026-04-02 05:19:55,2026-04-12 17:44:04
1572,453,1694,2026-05-26,2026-06-05,2026-06-05,2.51,0.0,Returned,2026-05-26 20:25:49,2026-06-05 09:17:56
1573,801,37,2025-09-23,2025-09-30,2025-09-30,2.83,0.0,Returned,2025-09-23 14:52:14,2025-09-30 03:33:38
1574,818,1593,2026-02-14,2026-02-21,2026-02-20,6.05,0.0,Returned,2026-02-14 13:56:19,2026-02-20 05:59:55
1575,205,103,2026-05-02,2026-05-09,,1.68,17.25,Overdue,2026-05-02 12:34:09,2026-05-02 12:34:09
1576,210,720,2025-10-17,2025-10-24,,4.5,165.0,Overdue,2025-10-17 12:43:10,2025-10-17 12:43:10
1577,367,1293,2025-09-04,2025-09-11,2025-09-16,4.44,3.75,Returned,2025-09-04 10:40:14,2025-09-16 04:45:32
1578,588,1603,2025-06-22,2025-06-29,2025-06-25,2.27,0.0,Returned,2025-06-22 19:51:29,2025-06-25 06:33:27
1579,59,744,2025-06-26,2025-07-06,2025-06-27,4.02,0.0,Returned,2025-06-26 08:19:07,2025-06-27 12:33:22
1580,291,986,2026-02-06,2026-02-16,2026-02-07,4.77,0.0,Returned,2026-02-06 00:30:47,2026-02-07 18:54:42
1581,312,928,2026-01-15,2026-01-22,2026-01-18,3.11,0.0,Returned,2026-01-15 23:57:48,2026-01-18 16:15:19
1582,506,731,2025-08-12,2025-08-26,2025-08-30,2.34,3.0,Returned,2025-08-12 16:28:50,2025-08-30 21:27:53
1583,833,1393,2026-04-21,2026-05-05,2026-05-05,3.37,0.0,Returned,2026-04-21 06:37:47,2026-05-05 21:25:28
1584,720,323,2026-04-03,2026-04-10,2026-04-10,1.77,0.0,Returned,2026-04-03 06:01:57,2026-04-10 16:11:50
1585,415,1477,2026-01-30,2026-02-06,2026-02-04,4.65,0.0,Returned,2026-01-30 05:42:28,2026-02-04 03:08:57
1586,390,795,2025-11-29,2025-12-09,2025-12-07,3.05,0.0,Returned,2025-11-29 15:43:07,2025-12-07 06:49:19
1587,500,696,2026-03-01,2026-03-15,2026-03-04,2.5,0.0,Returned,2026-03-01 04:24:01,2026-03-04 23:57:18
1588,216,868,2025-10-28,2025-11-07,2025-11-02,5.86,0.0,Returned,2025-10-28 11:48:08,2025-11-02 01:41:14
1589,163,1091,2025-11-07,2025-11-21,2025-11-17,2.56,0.0,Returned,2025-11-07 09:16:24,2025-11-17 03:14:06
1590,10,1681,2025-10-02,2025-10-12,2025-10-02,4.15,0.0,Returned,2025-10-02 16:26:57,2025-10-02 16:26:57
1591,482,351,2026-01-21,2026-02-04,2026-02-02,2.31,0.0,Returned,2026-01-21 21:25:39,2026-02-02 16:24:18
1592,528,168,2026-02-11,2026-02-18,2026-02-17,3.34,0.0,Returned,2026-02-11 15:10:04,2026-02-17 21:50:09
1593,744,541,2026-02-15,2026-02-25,2026-02-18,2.22,0.0,Returned,2026-02-15 06:55:56,2026-02-18 15:51:08
1594,852,1055,2026-01-21,2026-01-31,2026-02-07,4.35,5.25,Returned,2026-01-21 05:34:54,2026-02-07 00:53:57
1595,93,1292,2026-01-21,2026-01-31,2026-02-01,2.3,0.75,Returned,2026-01-21 05:06:43,2026-02-01 05:30:04
1596,993,222,2025-08-16,2025-08-23,2025-08-20,2.08,0.0,Returned,2025-08-16 20:22:40,2025-08-20 17:52:54
1597,111,1271,2025-11-07,2025-11-14,2025-11-11,7.13,0.0,Returned,2025-11-07 17:00:13,2025-11-11 19:57:00
1598,518,1212,2026-05-08,2026-05-15,2026-05-14,4.45,0.0,Returned,2026-05-08 06:17:52,2026-05-14 18:08:30
1599,560,704,2025-10-31,2025-11-14,2025-11-01,3.57,0.0,Returned,2025-10-31 22:49:21,2025-11-01 20:49:40
1600,468,686,2025-11-20,2025-12-04,2025-11-21,4.69,0.0,Returned,2025-11-20 13:57:06,2025-11-21 20:44:22
1601,718,921,2025-09-25,2025-10-09,2025-10-03,2.49,0.0,Returned,2025-09-25 21:15:20,2025-10-03 06:50:11
1602,188,533,2025-08-15,2025-08-22,,1.03,212.25,Overdue,2025-08-15 04:49:30,2025-08-15 04:49:30
1603,630,34,2025-07-06,2025-07-16,2025-07-13,3.49,0.0,Returned,2025-07-06 03:26:18,2025-07-13 10:10:23
1604,778,1059,2025-12-21,2025-12-28,2025-12-23,1.59,0.0,Returned,2025-12-21 10:59:22,2025-12-23 06:20:55
1605,495,880,2025-08-17,2025-08-24,2025-08-23,2.05,0.0,Returned,2025-08-17 05:40:56,2025-08-23 20:36:57
1606,646,95,2025-06-15,2025-06-22,2025-06-20,2.13,0.0,Returned,2025-06-15 22:53:06,2025-06-20 02:33:33
1607,42,1574,2025-08-31,2025-09-14,2025-09-14,2.81,0.0,Returned,2025-08-31 01:12:45,2025-09-14 09:46:41
1608,719,1523,2025-07-18,2025-08-01,2025-08-08,1.72,5.25,Returned,2025-07-18 03:03:05,2025-08-08 05:05:58
1609,363,206,2026-04-12,2026-04-22,2026-04-17,1.8,0.0,Returned,2026-04-12 18:58:51,2026-04-17 02:05:41
1610,411,1733,2026-02-10,2026-02-17,2026-02-13,1.97,0.0,Returned,2026-02-10 03:03:04,2026-02-13 14:09:34
1611,533,719,2025-11-18,2025-11-28,2025-11-22,4.58,0.0,Returned,2025-11-18 00:33:42,2025-11-22 02:51:03
1612,345,1659,2025-09-10,2025-09-24,2025-09-14,3.65,0.0,Returned,2025-09-10 08:50:51,2025-09-14 17:03:28
1613,227,321,2025-09-19,2025-09-29,2025-09-26,1.24,0.0,Returned,2025-09-19 23:08:17,2025-09-26 04:56:39
1614,833,971,2026-04-26,2026-05-06,2026-04-27,1.11,0.0,Returned,2026-04-26 15:26:21,2026-04-27 01:38:08
1615,98,1163,2025-06-26,2025-07-06,2025-07-04,3.23,0.0,Returned,2025-06-26 01:35:39,2025-07-04 21:18:47
1616,228,685,2025-06-27,2025-07-07,2025-07-14,3.18,5.25,Returned,2025-06-27 17:11:10,2025-07-14 15:31:25
1617,62,1192,2026-02-16,2026-03-02,2026-02-16,1.95,0.0,Returned,2026-02-16 17:45:45,2026-02-16 18:08:55
1618,343,1402,2026-02-22,2026-03-01,2026-02-23,2.25,0.0,Returned,2026-02-22 04:00:52,2026-02-23 14:44:23
1619,999,1611,2025-09-10,2025-09-17,2025-09-19,2.55,1.5,Returned,2025-09-10 03:46:25,2025-09-19 18:02:58
1620,439,473,2025-10-19,2025-11-02,2025-10-20,3.38,0.0,Returned,2025-10-19 08:42:44,2025-10-20 21:33:03
1621,199,411,2025-07-14,2025-07-24,2025-07-23,3.08,0.0,Returned,2025-07-14 07:34:17,2025-07-23 15:56:44
1622,478,228,2025-12-05,2025-12-15,2025-12-09,3.14,0.0,Returned,2025-12-05 07:02:02,2025-12-09 08:05:38
1623,161,944,2025-11-29,2025-12-13,2025-12-02,2.49,0.0,Returned,2025-11-29 13:48:38,2025-12-02 21:02:08
1624,421,1481,2025-11-06,2025-11-16,2025-11-08,3.12,0.0,Returned,2025-11-06 05:23:55,2025-11-08 09:02:54
1625,575,316,2026-04-15,2026-04-22,2026-04-19,3.04,0.0,Returned,2026-04-15 19:45:13,2026-04-19 15:09:59
1626,527,1562,2025-09-14,2025-09-28,2025-09-16,2.95,0.0,Returned,2025-09-14 00:45:32,2025-09-16 19:21:38
1627,484,621,2025-08-23,2025-09-06,2025-09-03,3.68,0.0,Returned,2025-08-23 15:09:40,2025-09-03 19:19:39
1628,877,602,2026-05-20,2026-06-03,2026-06-01,3.67,5.25,Returned,2026-05-20 05:29:52,2026-06-01 06:18:56
1629,479,704,2026-03-14,2026-03-24,,2.96,51.75,Overdue,2026-03-14 22:00:47,2026-03-14 22:00:47
1630,286,677,2025-10-16,2025-10-30,2025-10-24,1.99,0.0,Returned,2025-10-16 01:19:47,2025-10-24 18:03:27
1631,724,1215,2026-02-16,2026-03-02,2026-02-20,2.29,0.0,Returned,2026-02-16 06:17:34,2026-02-20 17:02:25
1632,249,447,2026-05-06,2026-05-20,2026-05-25,1.3,3.75,Returned,2026-05-06 08:13:22,2026-05-25 14:42:04
1633,435,649,2025-10-21,2025-10-31,2025-10-25,2.98,0.0,Returned,2025-10-21 07:17:09,2025-10-25 22:07:40
1634,354,1102,2026-04-21,2026-04-28,2026-04-28,3.37,0.0,Returned,2026-04-21 15:07:18,2026-04-28 12:45:12
1635,636,435,2025-09-01,2025-09-11,,2.66,197.25,Overdue,2025-09-01 01:46:30,2025-09-01 01:46:30
1636,716,227,2025-12-18,2026-01-01,2025-12-28,2.92,0.0,Returned,2025-12-18 06:09:32,2025-12-28 16:39:23
1637,712,810,2025-08-12,2025-08-26,2025-08-20,2.18,0.0,Returned,2025-08-12 07:49:54,2025-08-20 12:06:48
1638,497,1260,2026-02-14,2026-02-24,,2.92,72.75,Overdue,2026-02-14 11:00:43,2026-02-14 11:00:43
1639,222,806,2026-01-14,2026-01-24,2026-01-21,4.63,0.0,Returned,2026-01-14 22:13:33,2026-01-21 02:54:03
1640,561,628,2025-06-15,2025-06-22,2025-06-15,1.54,0.0,RETURNED,2025-06-15 16:02:40,2025-06-15 17:03:55
1641,466,853,2025-08-16,2025-08-30,2025-08-25,2.92,0.0,Returned,2025-08-16 19:40:52,2025-08-25 14:38:09
1642,11,512,2025-09-07,2025-09-21,2025-09-08,1.66,0.0,Returned,2025-09-07 13:25:46,2025-09-08 03:17:25
1643,391,597,2026-03-01,2026-03-15,2026-03-25,1.4,7.5,Returned,2026-03-01 21:23:29,2026-03-25 18:56:05
1644,965,1725,2026-02-15,2026-02-22,2026-02-15,2.92,0.0,Returned,2026-02-15 17:06:01,2026-02-15 17:06:01
1645,891,413,2026-03-22,2026-03-29,2026-03-25,4.96,0.0,Returned,2026-03-22 21:55:31,2026-03-25 19:40:00
1646,429,611,2026-04-26,2026-05-03,2026-05-01,7.19,0.0,Returned,2026-04-26 13:27:03,2026-05-01 15:36:40
1647,644,1768,2026-05-15,2026-05-22,2026-05-22,4.2,0.0,Returned,2026-05-15 23:24:12,2026-05-22 03:22:56
1648,679,476,2025-06-13,2025-06-27,2025-06-22,3.75,0.0,Returned,2025-06-13 19:02:53,2025-06-22 04:21:05
1649,877,212,2026-01-01,2026-01-15,2026-01-11,3.14,0.0,Returned,2026-01-01 12:30:39,2026-01-11 20:30:05
1650,132,449,2026-05-22,2026-06-01,2026-05-31,1.3,0.0,Returned,2026-05-22 16:39:30,2026-05-31 13:54:56
1651,590,1042,2025-12-06,2025-12-16,2025-12-08,2.59,0.0,Returned,2025-12-06 20:49:53,2025-12-08 05:08:34
1652,937,1062,2026-02-19,2026-02-26,2026-02-24,1.64,0.0,Returned,2026-02-19 22:51:02,2026-02-24 01:28:00
1653,243,847,2025-09-30,2025-10-14,2025-10-03,4.55,0.0,Returned,2025-09-30 15:16:41,2025-10-03 10:53:50
1654,297,1716,2025-11-15,2025-11-22,2025-11-18,2.04,0.0,Returned,2025-11-15 02:59:46,2025-11-18 07:52:08
1655,869,990,2025-11-29,2025-12-06,2025-11-30,2.99,0.0,Returned,2025-11-29 13:28:20,2025-11-30 05:24:16
1656,393,1426,2026-05-09,2026-05-19,2026-05-18,4.14,0.0,Returned,2026-05-09 01:09:48,2026-05-18 04:56:17
1657,817,1741,2026-05-08,2026-05-18,,4.37,10.5,Overdue,2026-05-08 19:01:40,2026-05-08 19:01:40
1658,284,1596,2025-12-05,2025-12-19,2025-12-19,6.53,0.0,Returned,2025-12-05 03:04:12,2025-12-19 13:08:51
1659,826,719,2026-01-07,2026-01-21,2026-01-27,4.0,4.5,Returned,2026-01-07 10:35:21,2026-01-27 20:17:51
1660,167,670,2025-07-14,2025-07-24,2025-07-17,3.91,0.0,Returned,2025-07-14 16:27:44,2025-07-17 03:36:30
1661,967,72,2025-10-30,2025-11-09,2025-10-30,1.69,0.0,Returned,2025-10-30 15:52:05,2025-10-30 15:52:05
1662,224,1541,2025-09-28,2025-10-08,2025-10-07,3.65,0.0,Returned,2025-09-28 08:05:13,2025-10-07 15:54:32
1663,316,653,2025-06-14,2025-06-28,2025-06-18,3.86,0.0,Returned,2025-06-14 22:30:54,2025-06-18 12:31:19
1664,341,686,2026-04-27,2026-05-07,2026-05-04,4.93,0.0,Returned,2026-04-27 07:56:48,2026-05-04 03:28:38
1665,621,936,2025-09-02,2025-09-16,2025-09-05,2.2,0.0,Returned,2025-09-02 16:41:49,2025-09-05 16:04:53
1666,576,1255,2025-09-17,2025-09-24,2025-09-19,4.9,0.0,Returned,2025-09-17 10:31:41,2025-09-19 13:20:52
1667,641,601,2026-01-21,2026-02-04,2026-01-30,3.74,0.0,Returned,2026-01-21 13:01:29,2026-01-30 16:50:13
1668,125,1262,2025-11-16,2025-11-23,2025-11-17,3.25,0.0,Returned,2025-11-16 10:39:11,2025-11-17 00:09:23
1669,966,67,2026-01-21,2026-01-28,2026-01-27,2.94,0.0,Returned,2026-01-21 10:54:24,2026-01-27 14:39:47
1670,231,1775,2026-01-05,2026-01-15,2026-01-08,4.8,0.0,Returned,2026-01-05 15:13:21,2026-01-08 17:55:41
1671,154,706,2025-09-06,2025-09-13,2025-09-08,2.11,0.0,Returned,2025-09-06 10:22:20,2025-09-08 09:59:42
1672,369,1595,2025-07-11,2025-07-25,2025-07-27,5.26,1.5,Returned,2025-07-11 09:17:26,2025-07-27 15:47:46
1673,165,512,2026-05-21,2026-05-28,,1.67,3.0,Overdue,2026-05-21 23:50:58,2026-05-21 23:50:58
1674,665,602,2026-05-17,2026-05-31,2026-05-29,3.37,0.0,Returned,2026-05-17 17:25:17,2026-05-29 23:39:46
1675,138,15,2025-09-27,2025-10-11,2025-10-08,2.59,0.0,Returned,2025-09-27 12:11:34,2025-10-08 15:55:06
1676,785,512,2025-07-26,2025-08-02,2025-08-09,1.28,5.25,Returned,2025-07-26 22:01:10,2025-08-09 11:27:00
1677,351,626,2025-10-27,2025-11-03,2025-11-09,1.72,4.5,Returned,2025-10-27 03:39:48,2025-11-09 21:54:01
1678,266,82,2026-02-13,2026-02-20,2026-02-22,2.74,1.5,Returned,2026-02-13 00:23:34,2026-02-22 01:45:25
1679,949,1595,2026-02-14,2026-02-28,2026-02-16,5.66,0.0,Returned,2026-02-14 10:01:33,2026-02-16 22:47:02
1680,61,1004,2025-10-23,2025-11-06,2025-11-03,1.54,0.0,Returned,2025-10-23 14:48:17,2025-11-03 15:00:52
1681,444,713,2025-12-30,2026-01-13,2025-12-30,8.55,0.0,Returned,2025-12-30 11:58:35,2025-12-30 11:58:35
1682,814,1036,2025-06-11,2025-06-25,2025-06-14,4.17,0.0,Returned,2025-06-11 09:27:22,2025-06-14 04:39:13
1683,971,25,2026-02-28,2026-03-07,2026-03-13,4.11,4.5,Returned,2026-02-28 02:38:49,2026-03-13 22:35:49
1684,609,346,2026-05-07,2026-05-21,2026-05-11,4.55,0.0,Returned,2026-05-07 09:29:07,2026-05-11 11:09:40
1685,284,104,2026-04-11,2026-04-25,,1.24,27.75,Overdue,2026-04-11 11:36:01,2026-04-11 11:36:01
1686,608,1773,2026-02-08,2026-02-22,2026-02-09,3.9,0.0,Returned,2026-02-08 19:05:24,2026-02-09 00:01:11
1687,23,642,2026-02-06,2026-02-13,2026-02-06,2.0,0.0,Returned,2026-02-06 23:55:27,2026-02-06 23:55:27
1688,68,1671,2025-10-27,2025-11-10,2025-10-28,1.86,0.0,Returned,2025-10-27 03:16:50,2025-10-28 19:42:05
1689,252,1755,2025-09-05,2025-09-12,2025-09-12,2.38,0.0,Returned,2025-09-05 20:03:16,2025-09-12 02:33:19
1690,599,1455,2025-12-31,2026-01-07,2026-01-02,1.57,0.0,Returned,2025-12-31 03:39:21,2026-01-02 14:04:19
1691,985,22,2025-07-22,2025-08-01,2025-08-02,2.35,0.75,Returned,2025-07-22 16:16:29,2025-08-02 17:44:44
1692,597,565,2026-03-22,2026-03-29,2026-03-28,2.05,0.0,Returned,2026-03-22 19:36:51,2026-03-28 17:51:06
1693,74,774,2025-08-24,2025-09-03,2025-08-25,2.55,0.0,Returned,2025-08-24 06:54:40,2025-08-25 13:02:30
1694,811,1210,2026-05-18,2026-05-25,2026-05-25,1.45,0.0,Returned,2026-05-18 23:23:33,2026-05-25 07:56:22
1695,852,916,2025-12-18,2025-12-28,2026-01-06,4.62,6.75,Returned,2025-12-18 13:42:59,2026-01-06 03:50:38
1696,901,709,2026-01-27,2026-02-06,2026-01-31,4.57,0.0,Returned,2026-01-27 22:21:28,2026-01-31 09:06:16
1697,665,536,2025-08-28,2025-09-04,2025-09-03,1.12,0.0,Returned,2025-08-28 17:27:29,2025-09-03 21:06:33
1698,223,661,2025-08-04,2025-08-11,2025-08-06,3.02,0.0,Returned,2025-08-04 02:16:48,2025-08-06 00:54:17
1699,124,473,2025-08-11,2025-08-18,2025-08-18,3.27,0.0,Returned,2025-08-11 04:09:38,2025-08-18 01:49:38
1700,799,275,2026-01-17,2026-01-24,2026-01-18,3.96,0.0,Returned,2026-01-17 20:07:53,2026-01-18 19:56:02
1701,392,543,2025-10-21,2025-10-31,2025-11-07,5.2,5.25,Returned,2025-10-21 17:38:13,2025-11-07 17:33:39
1702,128,421,2025-10-04,2025-10-18,2025-10-10,2.34,0.0,Returned,2025-10-04 01:50:11,2025-10-10 23:40:49
1703,113,1299,2025-07-29,2025-08-05,,3.31,225.0,Overdue,2025-07-29 20:04:03,2025-07-29 20:04:03
1704,148,1373,2026-01-15,2026-01-25,2026-01-16,4.39,0.0,Returned,2026-01-15 11:30:06,2026-01-16 23:33:42
1705,240,1460,2026-05-04,2026-05-11,2026-05-04,1.14,0.0,Returned,2026-05-04 08:23:55,2026-05-04 08:23:55
1706,366,758,2026-05-06,2026-05-20,2026-05-09,2.34,-1.5,Returned,2026-05-06 02:04:51,2026-05-09 14:11:45
1707,608,976,2025-07-13,2025-07-23,2025-07-21,6.44,0.0,Returned,2025-07-13 23:57:24,2025-07-21 16:05:45
1708,642,997,2025-09-04,2025-09-11,2025-09-15,2.18,3.0,Returned,2025-09-04 10:17:54,2025-09-15 12:15:44
1709,418,1320,2026-03-16,2026-03-26,2026-03-20,4.03,0.0,Returned,2026-03-16 20:50:21,2026-03-20 02:45:19
1710,394,709,2025-10-21,2025-11-04,2025-11-06,4.14,1.5,Returned,2025-10-21 04:18:26,2025-11-06 07:29:16
1711,638,120,2025-07-10,2025-07-24,2025-07-11,2.51,0.0,Returned,2025-07-10 18:04:42,2025-07-11 11:41:52
1712,498,833,2025-07-10,2025-07-24,2025-07-17,3.2,0.0,Returned,2025-07-10 15:12:47,2025-07-17 21:47:09
1713,5,532,2026-03-31,2026-04-10,2026-04-16,1.42,4.5,Returned,2026-03-31 20:09:50,2026-04-16 10:46:57
1714,134,609,2025-08-03,2025-08-10,2025-08-10,4.49,0.0,Returned,2025-08-03 03:21:01,2025-08-10 07:41:59
1715,281,1640,2025-07-01,2025-07-08,2025-07-04,4.8,0.0,Returned,2025-07-01 11:10:47,2025-07-04 06:39:55
1716,213,102,2025-12-19,2026-01-02,2025-12-23,1.43,0.0,RETURNED,2025-12-19 15:32:52,2025-12-23 02:30:07
1717,119,1405,2026-02-13,2026-02-23,2026-02-18,1.57,0.0,Returned,2026-02-13 16:38:08,2026-02-18 12:21:53
1718,766,1179,2026-04-28,2026-05-12,2026-05-03,3.58,0.0,Returned,2026-04-28 09:50:53,2026-05-03 18:59:56
1719,163,943,2025-09-28,2025-10-12,2025-10-12,1.8,0.0,Returned,2025-09-28 04:06:34,2025-10-12 21:36:00
1720,765,23,2025-12-05,2025-12-19,2025-12-07,1.23,0.0,Returned,2025-12-05 00:27:33,2025-12-07 05:58:28
1721,95,1359,2025-06-08,2025-06-15,2025-06-10,1.09,0.0,Returned,2025-06-08 11:53:48,2025-06-10 11:28:21
1722,21,1330,2025-09-28,2025-10-12,2025-10-07,3.82,0.0,Returned,2025-09-28 11:43:47,2025-10-07 07:53:30
1723,951,1236,2026-02-11,2026-02-18,2026-02-12,2.39,0.0,Returned,2026-02-11 10:37:19,2026-02-12 06:54:04
1724,878,772,2025-10-15,2025-10-22,2025-10-22,1.65,0.0,Returned,2025-10-15 02:58:26,2025-10-22 07:27:34
1725,640,286,2026-03-24,2026-03-31,2026-03-30,2.15,0.0,Returned,2026-03-24 11:21:18,2026-03-30 19:42:28
1726,33,479,2026-04-29,2026-05-09,2026-05-11,3.15,1.5,Returned,2026-04-29 19:01:50,2026-05-11 11:27:41
1727,984,1063,2026-03-21,2026-04-04,2026-04-11,1.96,5.25,Returned,2026-03-21 19:14:48,2026-04-11 17:50:13
1728,547,1653,2025-07-22,2025-07-29,,4.36,230.25,Overdue,2025-07-22 17:02:38,2025-07-22 17:02:38
1729,218,573,2026-01-24,2026-02-03,2026-01-26,4.73,0.0,Returned,2026-01-24 09:46:05,2026-01-26 16:14:37
1730,432,988,2025-06-19,2025-06-29,2025-06-29,3.38,0.0,Returned,2025-06-19 03:34:22,2025-06-29 02:55:36
1731,708,1152,2025-10-09,2025-10-23,2025-10-15,2.47,0.0,Returned,2025-10-09 02:37:32,2025-10-15 09:39:37
1732,465,868,2025-10-24,2025-11-07,2025-10-28,6.49,0.0,Returned,2025-10-24 09:54:50,2025-10-28 12:11:27
1733,949,993,2025-08-24,2025-08-31,2025-08-25,2.19,0.0,Returned,2025-08-24 02:13:12,2025-08-25 22:17:09
1734,229,1057,2025-06-14,2025-06-21,2025-06-26,4.02,3.75,Returned,2025-06-14 19:55:09,2025-06-26 10:53:07
1735,280,645,2025-07-10,2025-07-24,2025-07-10,4.46,0.0,Returned,2025-07-10 01:53:01,2025-07-10 01:53:01
1736,523,1258,2025-08-28,2025-09-07,2025-09-04,3.92,0.0,Returned,2025-08-28 08:22:33,2025-09-04 18:35:28
1737,121,596,2026-05-09,2026-05-19,2026-05-14,1.64,0.0,RETURNED,2026-05-09 03:30:24,2026-05-14 15:23:43
1738,653,1784,2025-12-30,2026-01-13,2026-01-01,4.17,0.0,Returned,2025-12-30 03:23:20,2026-01-01 12:43:34
1739,267,888,2025-08-31,2025-09-10,2025-09-13,2.27,2.25,Returned,2025-08-31 06:09:26,2025-09-13 16:29:20
1740,882,1739,2026-03-11,2026-03-18,2026-03-27,3.44,6.75,Returned,2026-03-11 17:39:37,2026-03-27 10:19:51
1741,691,566,2026-04-13,2026-04-27,,2.57,26.25,Overdue,2026-04-13 23:53:48,2026-04-13 23:53:48
1742,224,177,2025-08-08,2025-08-22,2025-08-10,2.83,0.0,Returned,2025-08-08 17:27:42,2025-08-10 02:38:18
1743,251,864,2025-10-26,2025-11-02,2025-11-02,2.95,0.0,Returned,2025-10-26 00:58:37,2025-11-02 08:32:28
1744,586,396,2026-05-03,2026-05-13,2026-05-06,2.39,0.0,Returned,2026-05-03 23:24:13,2026-05-06 04:30:35
1745,519,988,2025-12-28,2026-01-11,2026-01-05,4.84,0.0,Returned,2025-12-28 07:51:34,2026-01-05 20:59:05
1746,262,1432,2025-10-26,2025-11-09,2025-11-09,1.8,0.0,Returned,2025-10-26 04:28:02,2025-11-09 17:46:27
1747,218,1399,2026-02-04,2026-02-11,2026-02-07,4.52,0.0,Returned,2026-02-04 20:58:07,2026-02-07 18:17:59
1748,982,552,2026-03-24,2026-04-07,2026-04-12,3.39,3.75,Returned,2026-03-24 13:57:12,2026-04-12 16:21:07
1749,862,205,2025-07-06,2025-07-16,2025-07-11,1.75,0.0,Returned,2025-07-06 12:10:03,2025-07-11 02:33:05
1750,159,1613,2025-10-13,2025-10-20,2025-10-15,2.81,0.0,Returned,2025-10-13 19:20:17,2025-10-15 04:04:56
1751,891,526,2026-04-21,2026-04-28,2026-05-03,4.65,3.75,Returned,2026-04-21 01:22:34,2026-05-03 05:32:33
1752,584,1225,2025-09-04,2025-09-14,2025-09-24,2.17,7.5,Returned,2025-09-04 08:33:00,2025-09-24 22:22:09
1753,787,1068,2025-07-29,2025-08-12,2025-07-29,5.98,-1.5,Returned,2025-07-29 21:17:32,2025-07-29 21:17:32
1754,72,888,2025-08-22,2025-08-29,2025-08-28,1.7,0.0,Returned,2025-08-22 11:03:40,2025-08-28 11:08:30
1755,192,29,2025-06-23,2025-07-07,2025-07-13,4.97,4.5,Returned,2025-06-23 00:43:05,2025-07-13 00:46:21
1756,591,216,2025-10-11,2025-10-25,2025-10-11,2.04,0.0,Returned,2025-10-11 01:58:42,2025-10-11 18:20:36
1757,740,1486,2025-08-16,2025-08-30,2025-08-17,6.92,0.0,Returned,2025-08-16 03:46:12,2025-08-17 11:04:37
1758,474,675,2025-10-15,2025-10-29,2025-10-27,1.62,0.0,Returned,2025-10-15 02:55:01,2025-10-27 16:56:14
1759,498,850,2025-10-12,2025-10-22,2025-10-22,1.53,0.0,Returned,2025-10-12 22:21:15,2025-10-22 18:58:08
1760,607,936,2025-07-14,2025-07-21,2025-07-19,1.68,0.0,Returned,2025-07-14 20:02:45,2025-07-19 19:20:20
1761,157,1577,2025-09-07,2025-09-17,2025-09-07,3.42,0.0,Returned,2025-09-07 20:55:57,2025-09-07 20:55:57
1762,898,1390,2025-07-31,2025-08-10,2025-08-10,2.76,0.0,Returned,2025-07-31 07:58:20,2025-08-10 04:37:45
1763,156,88,2026-01-21,2026-01-31,2026-01-23,1.84,0.0,Returned,2026-01-21 23:33:30,2026-01-23 00:45:16
1764,427,1605,2025-07-07,2025-07-17,2025-07-13,1.82,0.0,Returned,2025-07-07 19:00:17,2025-07-13 21:32:14
1765,297,1253,2025-07-23,2025-08-02,2025-08-11,4.11,6.75,Returned,2025-07-23 19:24:15,2025-08-11 01:10:08
1766,335,940,2025-09-08,2025-09-22,2025-09-12,3.01,0.0,Returned,2025-09-08 08:01:59,2025-09-12 10:32:30
1767,239,1032,2026-01-09,2026-01-23,2026-01-20,3.19,0.0,Returned,2026-01-09 13:26:32,2026-01-20 01:49:20
1768,185,1454,2025-11-20,2025-12-04,2025-11-26,2.5,0.0,Returned,2025-11-20 04:36:13,2025-11-26 18:23:49
1769,837,14,2026-01-10,2026-01-17,2026-01-17,2.04,0.0,Returned,2026-01-10 05:13:22,2026-01-17 01:57:02
1770,921,1741,2026-04-19,2026-04-29,2026-05-07,4.76,6.0,Returned,2026-04-19 02:44:43,2026-05-07 07:06:11
1771,478,602,2026-04-23,2026-04-30,2026-04-23,3.82,0.0,Returned,2026-04-23 12:03:29,2026-04-23 17:03:55
1772,859,1444,2025-10-19,2025-10-29,2025-10-27,3.82,0.0,Returned,2025-10-19 00:04:37,2025-10-27 08:04:20
1773,361,247,2025-08-08,2025-08-15,2025-08-08,7.36,0.0,Returned,2025-08-08 06:23:18,2025-08-08 21:50:23
1774,799,1381,2025-11-07,2025-11-21,2025-11-21,4.9,0.0,Returned,2025-11-07 05:48:21,2025-11-21 16:29:00
1775,430,1687,2026-04-12,2026-04-26,2026-04-13,4.55,0.0,Returned,2026-04-12 06:18:31,2026-04-13 03:58:23
1776,462,702,2026-01-28,2026-02-04,2026-02-13,4.41,6.75,Returned,2026-01-28 22:46:18,2026-02-13 20:01:06
1777,430,177,2025-07-16,2025-07-30,2025-07-18,2.73,0.0,Returned,2025-07-16 11:30:08,2025-07-18 23:12:03
1778,780,439,2026-01-19,2026-02-02,2026-02-06,1.2,3.0,Returned,2026-01-19 01:25:54,2026-02-06 15:12:02
1779,208,210,2026-03-24,2026-03-31,2026-04-05,2.76,3.75,Returned,2026-03-24 22:44:52,2026-04-05 13:24:18
1780,421,510,2025-09-03,2025-09-10,2025-09-09,2.84,0.0,Returned,2025-09-03 18:31:33,2025-09-09 11:05:42
1781,63,1279,2025-11-04,2025-11-11,2025-11-12,3.31,0.75,Returned,2025-11-04 10:35:50,2025-11-12 13:22:17
1782,144,1121,2025-12-11,2025-12-25,2025-12-24,2.98,0.0,Returned,2025-12-11 20:10:04,2025-12-24 05:37:10
1783,271,192,2025-12-10,2025-12-20,2025-12-14,1.6,0.0,Returned,2025-12-10 16:27:24,2025-12-14 02:53:34
1784,790,712,2026-04-11,2026-04-21,2026-04-19,1.65,0.0,Returned,2026-04-11 05:59:03,2026-04-19 01:51:40
1785,804,594,2025-12-01,2025-12-08,2025-12-07,3.9,0.0,Returned,2025-12-01 00:32:48,2025-12-07 15:19:01
1786,517,1597,2026-05-15,2026-05-29,2026-05-27,4.43,0.0,Returned,2026-05-15 05:21:44,2026-05-27 10:11:50
1787,847,693,2025-08-12,2025-08-19,2025-08-18,2.31,0.0,Returned,2025-08-12 11:07:31,2025-08-18 18:46:33
1788,854,551,2025-07-10,2025-07-17,2025-07-11,2.96,0.0,Returned,2025-07-10 19:33:10,2025-07-11 21:59:49
1789,707,284,2026-03-14,2026-03-24,2026-03-20,2.56,0.0,Returned,2026-03-14 14:24:12,2026-03-20 07:16:48
1790,187,420,2025-08-31,2025-09-07,,2.35,200.25,Overdue,2025-08-31 04:44:52,2025-08-31 04:44:52
1791,873,1532,2025-07-19,2025-08-02,2025-07-25,1.91,0.0,Returned,2025-07-19 10:10:07,2025-07-25 01:28:06
1792,36,1634,2026-04-18,2026-04-28,2026-04-26,2.62,0.0,RETURNED,2026-04-18 15:58:45,2026-04-26 02:19:08
1793,807,934,2025-10-13,2025-10-20,2025-10-20,2.21,0.0,Returned,2025-10-13 05:28:54,2025-10-20 18:27:47
1794,534,329,2025-09-09,2025-09-23,,4.25,188.25,Overdue,2025-09-09 12:09:42,2025-09-09 12:09:42
1795,359,1215,2026-04-24,2026-05-04,2026-04-26,2.25,0.0,Returned,2026-04-24 09:48:05,2026-04-26 02:38:24
1796,10,867,2026-04-09,2026-04-19,,5.48,32.25,Overdue,2026-04-09 12:23:49,2026-04-09 12:23:49
1797,994,1166,2025-10-17,2025-10-24,2025-10-24,4.96,0.0,Returned,2025-10-17 01:36:45,2025-10-24 21:55:49
1798,494,1476,2025-07-03,2025-07-10,2025-07-06,4.96,0.0,Returned,2025-07-03 23:36:58,2025-07-06 01:14:53
1799,360,439,2026-02-15,2026-03-01,,1.46,69.0,Overdue,2026-02-15 17:13:20,2026-02-15 17:13:20
1800,856,404,2026-01-08,2026-01-15,2026-01-08,4.12,0.0,Returned,2026-01-08 23:56:44,2026-01-08 23:56:44
1801,241,816,2026-05-14,2026-05-24,2026-05-24,2.58,0.0,Returned,2026-05-14 23:23:46,2026-05-24 17:54:04
1802,954,623,2025-08-21,2025-09-04,2025-08-28,4.21,0.0,RETURNED,2025-08-21 18:47:02,2025-08-28 02:59:10
1803,786,813,2026-03-30,2026-04-13,2026-04-11,2.29,0.0,Returned,2026-03-30 10:42:27,2026-04-11 06:14:15
1804,439,164,2026-02-01,2026-02-15,2026-02-05,4.28,0.0,Returned,2026-02-01 00:19:51,2026-02-05 08:40:15
1805,921,1472,2025-11-17,2025-11-27,2025-11-21,1.67,0.0,Returned,2025-11-17 19:37:21,2025-11-21 12:51:15
1806,777,1728,2025-12-15,2025-12-22,2025-12-25,6.48,2.25,Returned,2025-12-15 21:03:23,2025-12-25 21:13:52
1807,695,365,2025-11-03,2025-11-10,2025-11-04,4.8,0.0,Returned,2025-11-03 07:13:48,2025-11-04 00:48:14
1808,766,845,2026-04-03,2026-04-17,2026-04-24,3.63,5.25,Returned,2026-04-03 01:56:28,2026-04-24 19:04:03
1809,381,139,2025-08-30,2025-09-13,2025-08-31,4.64,0.0,Returned,2025-08-30 03:32:00,2025-08-31 12:36:22
1810,517,483,2026-04-12,2026-04-26,2026-05-05,2.75,6.75,Returned,2026-04-12 08:38:21,2026-05-05 16:37:24
1811,443,992,2026-03-22,2026-04-01,2026-03-29,4.87,0.0,Returned,2026-03-22 00:01:11,2026-03-29 11:25:43
1812,114,64,2026-03-24,2026-04-07,2026-04-04,3.37,0.0,Returned,2026-03-24 16:29:18,2026-04-04 05:27:51
1813,575,593,2025-12-04,2025-12-11,2025-12-05,3.37,0.0,Returned,2025-12-04 12:07:46,2025-12-05 09:00:02
1814,650,586,2025-09-25,2025-10-02,2025-09-25,3.7,0.0,Returned,2025-09-25 18:05:16,2025-09-25 18:05:16
1815,389,1077,2026-04-07,2026-04-14,2026-04-09,3.05,0.0,Returned,2026-04-07 13:49:29,2026-04-09 22:54:09
1816,846,1298,2026-02-17,2026-02-27,2026-02-20,1.87,0.0,Returned,2026-02-17 00:25:40,2026-02-20 23:03:01
1817,950,600,2025-11-29,2025-12-06,2025-11-29,4.98,0.0,Returned,2025-11-29 21:49:02,2025-11-29 21:49:02
1818,37,191,2026-02-02,2026-02-09,2026-02-05,4.88,0.0,Returned,2026-02-02 01:29:49,2026-02-05 03:22:06
1819,72,1499,2025-07-02,2025-07-12,2025-07-10,2.68,0.0,Returned,2025-07-02 15:21:51,2025-07-10 17:42:49
1820,549,1219,2025-11-24,2025-12-01,2025-12-10,4.01,6.75,Returned,2025-11-24 08:04:06,2025-12-10 06:19:45
1821,622,176,2025-10-17,2025-10-31,2025-10-24,1.7,0.0,Returned,2025-10-17 08:25:02,2025-10-24 03:27:57
1822,790,1315,2026-02-07,2026-02-21,2026-02-11,2.56,0.0,Returned,2026-02-07 22:31:49,2026-02-11 16:34:29
1823,801,1252,2025-07-05,2025-07-12,2025-07-05,2.81,0.0,Returned,2025-07-05 19:30:52,2025-07-05 19:30:52
1824,247,383,2025-12-31,2026-01-14,2026-01-19,1.89,3.75,Returned,2025-12-31 12:32:42,2026-01-19 04:52:39
1825,794,1193,2025-09-08,2025-09-15,2025-09-12,4.14,0.0,Returned,2025-09-08 19:44:18,2025-09-12 07:05:13
1826,780,1650,2026-05-20,2026-05-27,,3.91,3.75,Overdue,2026-05-20 05:46:44,2026-05-20 05:46:44
1827,205,1256,2026-05-26,2026-06-05,2026-06-02,3.5,0.0,Returned,2026-05-26 11:30:03,2026-06-02 01:44:39
1828,291,719,2025-07-07,2025-07-14,2025-07-08,2.87,0.0,Returned,2025-07-07 06:09:51,2025-07-08 13:28:10
1829,471,536,2026-05-01,2026-05-08,2026-05-06,2.21,0.0,Returned,2026-05-01 04:53:52,2026-05-06 01:32:11
1830,201,777,2026-02-18,2026-03-04,2026-02-23,3.0,0.0,Returned,2026-02-18 11:49:56,2026-02-23 22:55:48
1831,440,1099,2026-02-18,2026-02-28,2026-03-02,2.28,1.5,Returned,2026-02-18 15:34:06,2026-03-02 16:37:17
1832,423,1266,2026-02-08,2026-02-22,2026-02-11,1.47,0.0,Returned,2026-02-08 02:03:57,2026-02-11 08:34:09
1833,782,136,2025-12-28,2026-01-04,2025-12-29,2.48,0.0,Returned,2025-12-28 23:31:52,2025-12-29 21:42:03
1834,270,1244,2025-08-25,2025-09-08,2025-08-25,4.98,0.0,Returned,2025-08-25 22:39:22,2025-08-25 22:39:22
1835,543,1304,2026-04-09,2026-04-19,2026-04-26,2.84,5.25,Returned,2026-04-09 13:31:12,2026-04-26 09:28:04
1836,890,997,2025-12-16,2025-12-30,2025-12-23,1.7,0.0,Returned,2025-12-16 20:37:45,2025-12-23 05:13:00
1837,555,1641,2025-07-08,2025-07-15,2025-07-08,4.88,0.0,Returned,2025-07-08 18:56:21,2025-07-08 18:56:21
1838,851,1717,2025-12-17,2025-12-27,2025-12-19,1.93,0.0,Returned,2025-12-17 08:55:17,2025-12-19 15:13:25
1839,982,1713,2025-09-16,2025-09-26,2025-09-22,2.88,0.0,Returned,2025-09-16 07:23:22,2025-09-22 13:51:10
1840,452,131,2026-02-22,2026-03-01,2026-02-23,1.34,0.0,Returned,2026-02-22 01:53:34,2026-02-23 22:45:01
1841,214,1290,2025-09-23,2025-10-03,2025-09-27,1.15,0.0,Returned,2025-09-23 19:26:47,2025-09-27 10:24:04
1842,565,583,2026-04-11,2026-04-18,2026-04-15,2.72,0.0,Returned,2026-04-11 10:43:28,2026-04-15 22:22:51
1843,527,576,2025-06-30,2025-07-07,2025-06-30,7.08,0.0,Returned,2025-06-30 17:00:10,2025-06-30 17:00:10
1844,276,1539,2025-06-12,2025-06-22,2025-06-28,3.3,4.5,Returned,2025-06-12 14:56:41,2025-06-28 18:52:09
1845,241,771,2026-03-24,2026-03-31,2026-03-27,2.02,0.0,Returned,2026-03-24 06:56:04,2026-03-27 23:08:21
1846,692,297,2026-04-01,2026-04-11,2026-04-12,3.78,0.75,Returned,2026-04-01 17:55:51,2026-04-12 18:03:42
1847,561,1204,2025-10-04,2025-10-11,2025-10-09,2.31,0.0,Returned,2025-10-04 15:12:48,2025-10-09 08:54:45
1848,715,957,2026-04-08,2026-04-15,2026-04-09,8.49,0.0,Returned,2026-04-08 17:48:15,2026-04-09 21:32:22
1849,346,1548,2025-06-10,2025-06-17,2025-06-14,1.86,0.0,RETURNED,2025-06-10 06:48:02,2025-06-14 23:16:30
1850,742,158,2026-05-28,2026-06-04,2026-05-31,2.73,0.0,Returned,2026-05-28 13:25:41,2026-05-31 00:52:05
1851,521,1609,2025-10-08,2025-10-18,2025-10-08,2.07,0.0,Returned,2025-10-08 02:02:26,2025-10-08 15:02:03
1852,797,1603,2025-09-25,2025-10-02,2025-10-02,2.58,0.0,Returned,2025-09-25 12:40:08,2025-10-02 23:13:00
1853,760,349,2025-06-30,2025-07-10,2025-07-01,1.76,0.0,Returned,2025-06-30 13:53:10,2025-07-01 14:21:37
1854,650,857,2025-10-25,2025-11-08,2025-11-04,2.64,0.0,Returned,2025-10-25 07:37:21,2025-11-04 06:03:04
1855,740,827,2026-04-06,2026-04-20,2026-04-10,7.13,0.0,Returned,2026-04-06 19:54:31,2026-04-10 19:40:14
1856,720,999,2025-07-27,2025-08-10,2025-07-28,3.31,0.0,Returned,2025-07-27 18:55:40,2025-07-28 09:34:58
1857,92,1425,2025-11-11,2025-11-25,2025-11-11,4.65,0.0,Returned,2025-11-11 05:31:47,2025-11-11 05:31:47
1858,531,705,2026-04-26,2026-05-06,2026-05-13,1.08,5.25,Returned,2026-04-26 12:09:05,2026-05-13 15:27:23
1859,628,1098,2026-04-12,2026-04-26,2026-04-13,1.94,0.0,Returned,2026-04-12 03:34:55,2026-04-13 21:59:15
1860,110,1603,2026-03-19,2026-03-29,,2.58,48.0,Overdue,2026-03-19 23:02:34,2026-03-19 23:02:34
1861,965,1078,2025-12-19,2026-01-02,2025-12-27,4.09,0.0,Returned,2025-12-19 04:32:16,2025-12-27 05:45:22
1862,505,1264,2025-11-16,2025-11-26,2025-12-04,4.15,6.0,Returned,2025-11-16 03:43:06,2025-12-04 12:37:18
1863,508,990,2025-10-16,2025-10-26,2025-10-26,2.56,0.0,Returned,2025-10-16 12:41:33,2025-10-26 10:10:23
1864,56,292,2025-11-01,2025-11-15,2025-11-18,1.83,2.25,Returned,2025-11-01 21:59:26,2025-11-18 19:22:28
1865,326,953,2026-02-12,2026-02-19,2026-02-19,6.78,0.0,Returned,2026-02-12 13:38:54,2026-02-19 02:28:06
1866,250,555,2025-11-29,2025-12-06,2025-12-15,1.74,6.75,Returned,2025-11-29 17:12:00,2025-12-15 19:17:06
1867,724,649,2026-05-27,2026-06-10,2026-06-06,3.89,0.0,Returned,2026-05-27 09:26:43,2026-06-06 18:08:53
1868,796,975,2026-01-17,2026-01-24,2026-01-21,2.08,0.0,Returned,2026-01-17 09:09:42,2026-01-21 02:41:46
1869,160,1265,2026-04-24,2026-05-08,2026-05-03,2.02,0.0,Returned,2026-04-24 17:33:32,2026-05-03 17:36:27
1870,329,1626,2025-08-12,2025-08-26,2025-08-18,3.79,0.0,Returned,2025-08-12 20:31:44,2025-08-18 18:37:38
1871,80,248,2026-04-12,2026-04-22,2026-04-27,1.53,3.75,Returned,2026-04-12 16:36:50,2026-04-27 01:53:18
1872,563,1429,2025-06-30,2025-07-07,2025-07-04,1.58,0.0,RETURNED,2025-06-30 11:46:11,2025-07-04 00:04:32
1873,947,937,2026-02-17,2026-02-24,2026-03-01,1.19,3.75,Returned,2026-02-17 11:51:50,2026-03-01 15:50:21
1874,893,356,2026-01-27,2026-02-03,2026-02-11,1.84,6.0,Returned,2026-01-27 05:16:05,2026-02-11 13:00:47
1875,715,1239,2026-03-03,2026-03-13,2026-03-12,2.0,0.0,Returned,2026-03-03 06:13:39,2026-03-12 18:37:15
1876,515,243,2025-10-23,2025-11-02,2025-10-30,2.86,0.0,Returned,2025-10-23 05:36:33,2025-10-30 23:07:21
1877,747,743,2025-09-10,2025-09-24,2025-10-02,4.54,6.0,Returned,2025-09-10 07:02:59,2025-10-02 13:52:06
1878,902,986,2025-11-17,2025-12-01,2025-11-23,4.99,0.0,Returned,2025-11-17 13:35:42,2025-11-23 02:20:02
1879,378,1302,2025-09-21,2025-09-28,2025-09-27,4.45,0.0,Returned,2025-09-21 22:00:08,2025-09-27 20:35:59
1880,542,423,2026-02-09,2026-02-23,2026-02-11,1.18,0.0,Returned,2026-02-09 22:05:23,2026-02-11 14:53:55
1881,699,315,2026-03-05,2026-03-19,2026-03-16,3.92,0.0,Returned,2026-03-05 02:43:42,2026-03-16 23:47:27
1882,317,717,2026-01-17,2026-01-31,2026-01-20,6.32,0.0,Returned,2026-01-17 23:12:58,2026-01-20 14:45:21
1883,949,1691,2025-08-12,2025-08-19,2025-08-13,1.69,0.0,Returned,2025-08-12 18:01:45,2025-08-13 20:04:55
1884,108,420,2025-10-11,2025-10-18,2025-10-21,2.16,2.25,Returned,2025-10-11 10:31:23,2025-10-21 20:19:00
1885,275,1603,2026-03-28,2026-04-04,2026-04-05,2.93,0.75,Returned,2026-03-28 07:32:29,2026-04-05 01:07:31
1886,222,1499,2025-09-24,2025-10-04,2025-09-26,2.47,0.0,Returned,2025-09-24 10:23:13,2025-09-26 01:38:34
1887,276,808,2026-03-29,2026-04-08,2026-03-31,1.73,0.0,Returned,2026-03-29 00:37:19,2026-03-31 09:13:04
1888,317,1065,2025-12-22,2026-01-01,2025-12-30,4.61,0.0,Returned,2025-12-22 14:54:31,2025-12-30 15:14:40
1889,324,1735,2025-11-26,2025-12-03,2025-12-09,2.11,4.5,Returned,2025-11-26 22:50:13,2025-12-09 16:52:51
1890,475,245,2026-04-29,2026-05-09,2026-05-08,1.85,0.0,Returned,2026-04-29 17:31:39,2026-05-08 03:51:53
1891,394,828,2026-03-14,2026-03-24,2026-03-21,4.96,0.0,Returned,2026-03-14 13:55:36,2026-03-21 18:05:23
1892,10,703,2025-08-05,2025-08-12,2025-08-12,4.7,-1.5,Returned,2025-08-05 07:04:10,2025-08-12 02:38:10
1893,844,1369,2025-06-09,2025-06-23,2025-06-18,2.92,0.0,Returned,2025-06-09 03:04:13,2025-06-18 10:38:28
1894,564,531,2025-09-08,2025-09-18,2025-09-08,3.21,0.0,Returned,2025-09-08 14:51:05,2025-09-08 14:51:05
1895,856,1161,2025-10-23,2025-11-02,2025-11-01,3.71,0.0,Returned,2025-10-23 06:35:47,2025-11-01 03:50:06
1896,777,232,2026-04-22,2026-05-06,2026-05-01,2.81,0.0,Returned,2026-04-22 19:51:53,2026-05-01 14:35:44
1897,787,812,2025-11-22,2025-12-02,2025-12-01,1.12,0.0,Returned,2025-11-22 07:52:27,2025-12-01 04:03:55
1898,629,158,2026-05-27,2026-06-06,2026-06-01,2.71,3.0,Returned,2026-05-27 04:07:38,2026-06-01 09:27:12
1899,186,853,2025-12-02,2025-12-09,2025-12-08,3.74,0.0,Returned,2025-12-02 21:55:38,2025-12-08 06:58:57
1900,79,1337,2025-07-23,2025-07-30,2025-08-08,3.84,6.75,Returned,2025-07-23 03:06:33,2025-08-08 15:35:13
1901,586,1661,2025-07-17,2025-07-27,2025-07-26,3.84,0.0,Returned,2025-07-17 01:50:29,2025-07-26 07:08:34
1902,441,129,2025-09-24,2025-10-08,2025-09-24,3.55,0.0,RETURNED,2025-09-24 11:08:50,2025-09-24 11:51:45
1903,287,677,2026-01-03,2026-01-17,2026-01-09,1.77,0.0,Returned,2026-01-03 00:01:43,2026-01-09 06:21:27
1904,910,719,2025-08-10,2025-08-24,2025-08-18,3.39,0.0,Returned,2025-08-10 18:09:41,2025-08-18 09:19:55
1905,672,498,2025-06-09,2025-06-19,2025-06-20,1.75,0.75,Returned,2025-06-09 00:36:24,2025-06-20 07:14:27
1906,762,1768,2025-11-08,2025-11-18,2025-11-12,2.96,0.0,Returned,2025-11-08 23:39:55,2025-11-12 08:00:53
1907,640,1090,2026-03-01,2026-03-08,2026-03-06,1.93,0.0,Returned,2026-03-01 20:08:04,2026-03-06 02:07:59
1908,859,1173,2026-04-02,2026-04-16,2026-04-12,3.14,0.0,Returned,2026-04-02 01:48:46,2026-04-12 13:37:45
1909,939,1393,2026-02-27,2026-03-13,2026-03-12,3.76,0.0,Returned,2026-02-27 01:18:53,2026-03-12 22:29:36
1910,153,662,2025-08-15,2025-08-25,2025-08-18,4.48,0.0,Returned,2025-08-15 00:51:06,2025-08-18 02:29:29
1911,639,561,2026-02-15,2026-02-25,,4.65,72.0,Overdue,2026-02-15 14:51:25,2026-02-15 14:51:25
1912,440,216,2025-12-21,2026-01-04,2026-01-02,2.75,0.0,Returned,2025-12-21 15:17:21,2026-01-02 14:32:52
1913,856,635,2025-08-10,2025-08-17,2025-08-11,1.3,0.0,Returned,2025-08-10 05:48:00,2025-08-11 00:40:55
1914,154,604,2025-12-14,2025-12-28,,2.31,116.25,Overdue,2025-12-14 15:59:33,2025-12-14 15:59:33
1915,692,159,2025-07-02,2025-07-16,2025-07-04,1.89,0.0,Returned,2025-07-02 19:08:13,2025-07-04 04:13:19
1916,881,784,2025-10-19,2025-10-26,2025-10-25,3.03,0.0,Returned,2025-10-19 10:49:16,2025-10-25 17:41:03
1917,208,996,2026-05-16,2026-05-30,,2.08,1.5,Overdue,2026-05-16 16:50:44,2026-05-16 16:50:44
1918,875,1655,2025-08-01,2025-08-15,2025-08-04,2.12,0.0,Returned,2025-08-01 11:19:20,2025-08-04 05:23:30
1919,299,1784,2026-05-11,2026-05-25,2026-05-28,3.33,2.25,Returned,2026-05-11 17:45:03,2026-05-28 03:03:35
1920,867,1613,2026-04-15,2026-04-25,2026-05-02,4.56,5.25,Returned,2026-04-15 04:01:59,2026-05-02 00:17:43
1921,221,851,2026-05-25,2026-06-04,2026-05-31,2.98,0.0,Returned,2026-05-25 18:34:13,2026-05-31 23:46:56
1922,562,1152,2025-10-28,2025-11-04,2025-10-31,2.47,0.0,Returned,2025-10-28 04:22:47,2025-10-31 22:53:51
1923,274,927,2026-01-26,2026-02-09,2026-02-08,3.62,0.0,Returned,2026-01-26 09:02:04,2026-02-08 11:27:14
1924,295,1258,2025-09-05,2025-09-19,2025-09-17,3.19,0.0,Returned,2025-09-05 07:36:29,2025-09-17 22:24:48
1925,462,1708,2026-02-04,2026-02-18,2026-02-15,4.0,0.0,Returned,2026-02-04 06:36:15,2026-02-15 23:30:38
1926,114,1438,2026-05-07,2026-05-14,2026-05-10,3.97,0.0,Returned,2026-05-07 22:55:41,2026-05-10 11:04:06
1927,27,255,2025-08-10,2025-08-20,2025-08-14,6.44,0.0,Returned,2025-08-10 01:52:57,2025-08-14 13:35:12
1928,833,142,2026-01-15,2026-01-25,2026-01-24,2.4,0.0,Returned,2026-01-15 04:39:57,2026-01-24 04:00:37
1929,288,553,2026-05-19,2026-05-26,2026-05-28,3.06,1.5,Returned,2026-05-19 10:11:32,2026-05-28 20:55:56
1930,214,712,2025-08-19,2025-09-02,2025-08-29,2.64,0.0,Returned,2025-08-19 09:13:05,2025-08-29 10:11:04
1931,346,779,2026-03-09,2026-03-16,2026-03-18,4.69,1.5,Returned,2026-03-09 11:08:18,2026-03-18 14:18:29
1932,526,618,2025-11-03,2025-11-13,,2.65,150.0,Overdue,2025-11-03 08:20:28,2025-11-03 08:20:28
1933,663,474,2025-10-24,2025-10-31,2025-10-28,3.31,0.0,Returned,2025-10-24 18:24:36,2025-10-28 08:53:29
1934,365,557,2025-12-08,2025-12-15,2025-12-14,2.85,0.0,Returned,2025-12-08 21:27:45,2025-12-14 17:42:42
1935,349,1063,2025-09-07,2025-09-14,2025-09-14,2.31,0.0,Returned,2025-09-07 23:51:07,2025-09-14 18:10:12
1936,126,543,2025-07-20,2025-07-30,2025-07-28,8.76,0.0,Returned,2025-07-20 11:16:18,2025-07-28 14:16:51
1937,615,477,2025-06-18,2025-06-28,2025-06-23,2.99,0.0,Returned,2025-06-18 06:08:02,2025-06-23 16:42:43
1938,743,1373,2026-02-12,2026-02-19,2026-02-19,2.81,0.0,Returned,2026-02-12 12:08:46,2026-02-19 11:06:30
1939,512,1397,2026-04-27,2026-05-04,2026-04-28,4.99,0.0,Returned,2026-04-27 06:29:14,2026-04-28 04:22:01
1940,829,997,2025-12-01,2025-12-15,2025-12-01,2.32,0.0,Returned,2025-12-01 18:10:58,2025-12-01 18:10:58
1941,46,34,2025-07-08,2025-07-15,2025-07-08,3.23,0.0,Returned,2025-07-08 19:50:23,2025-07-08 23:41:27
1942,678,224,2026-02-16,2026-02-23,2026-02-21,2.39,0.0,Returned,2026-02-16 11:34:53,2026-02-21 10:01:19
1943,263,230,2025-07-23,2025-07-30,2025-07-30,3.18,0.0,Returned,2025-07-23 19:56:41,2025-07-30 19:01:43
1944,797,1242,2025-07-20,2025-08-03,2025-07-20,4.26,0.0,Returned,2025-07-20 02:23:40,2025-07-20 21:21:25
1945,169,1144,2026-02-12,2026-02-26,2026-02-12,2.89,0.0,Returned,2026-02-12 21:46:31,2026-02-12 21:46:31
1946,706,537,2026-03-11,2026-03-21,2026-03-29,1.14,6.0,Returned,2026-03-11 14:23:17,2026-03-29 01:58:46
1947,406,607,2025-10-31,2025-11-10,2025-10-31,2.65,0.0,Returned,2025-10-31 20:42:45,2025-10-31 20:42:45
1948,628,1268,2025-08-30,2025-09-09,2025-09-01,3.62,0.0,Returned,2025-08-30 16:56:19,2025-09-01 14:58:31
1949,57,871,2025-09-22,2025-09-29,2025-10-01,1.55,1.5,Returned,2025-09-22 13:05:01,2025-10-01 17:41:39
1950,572,1397,2025-10-28,2025-11-07,2025-11-06,3.0,0.0,Returned,2025-10-28 07:43:16,2025-11-06 23:40:54
1951,158,579,2025-06-19,2025-06-29,2025-06-19,4.53,-1.5,Returned,2025-06-19 16:41:02,2025-06-19 18:06:50
1952,201,940,2026-03-10,2026-03-17,2026-03-12,2.57,0.0,Returned,2026-03-10 00:29:56,2026-03-12 18:57:21
1953,384,1227,2025-08-13,2025-08-20,2025-08-18,1.94,0.0,Returned,2025-08-13 16:45:39,2025-08-18 12:25:05
1954,943,1680,2025-08-05,2025-08-12,,4.12,219.75,Overdue,2025-08-05 08:42:40,2025-08-05 08:42:40
1955,395,464,2025-10-08,2025-10-15,2025-10-22,1.47,5.25,Returned,2025-10-08 17:49:29,2025-10-22 02:30:48
1956,112,722,2026-04-03,2026-04-13,2026-04-12,3.75,0.0,Returned,2026-04-03 16:56:05,2026-04-12 02:22:17
1957,944,339,2026-02-27,2026-03-09,2026-03-13,4.44,3.0,Returned,2026-02-27 06:00:18,2026-03-13 16:19:27
1958,828,1273,2026-05-02,2026-05-09,2026-05-02,3.74,0.0,Returned,2026-05-02 14:31:37,2026-05-02 14:31:37
1959,278,3,2025-12-09,2025-12-19,2025-12-19,1.5,0.0,Returned,2025-12-09 16:20:05,2025-12-19 15:59:12
1960,921,689,2026-01-16,2026-01-23,2026-01-18,4.25,0.0,Returned,2026-01-16 11:43:20,2026-01-18 07:37:23
1961,471,1292,2026-05-09,2026-05-23,2026-05-10,1.81,0.0,Returned,2026-05-09 07:41:14,2026-05-10 08:14:11
1962,316,1433,2025-08-15,2025-08-22,2025-08-21,2.67,0.0,Returned,2025-08-15 02:25:39,2025-08-21 00:57:40
1963,531,1635,2026-01-09,2026-01-19,2026-01-18,2.63,0.0,Returned,2026-01-09 00:49:06,2026-01-18 09:20:49
1964,353,1491,2026-01-30,2026-02-06,,3.0,86.25,Overdue,2026-01-30 13:37:09,2026-01-30 13:37:09
1965,45,64,2025-12-16,2025-12-23,2025-12-26,3.61,2.25,Returned,2025-12-16 19:20:20,2025-12-26 02:38:54
1966,51,1400,2025-11-10,2025-11-17,2025-11-17,1.15,0.0,Returned,2025-11-10 10:49:56,2025-11-17 10:02:05
1967,118,1414,2026-03-20,2026-04-03,2026-04-03,4.59,0.0,Returned,2026-03-20 23:44:54,2026-04-03 10:40:50
1968,278,534,2025-09-17,2025-10-01,2025-09-18,1.19,0.0,Returned,2025-09-17 10:54:19,2025-09-18 12:11:48
1969,188,617,2026-03-13,2026-03-23,2026-03-15,4.06,0.0,Returned,2026-03-13 13:55:40,2026-03-15 11:15:57
1970,492,817,2025-12-24,2026-01-07,2025-12-28,2.19,0.0,Returned,2025-12-24 12:17:24,2025-12-28 14:11:37
1971,551,722,2026-04-29,2026-05-13,2026-05-02,3.46,0.0,Returned,2026-04-29 05:52:35,2026-05-02 08:43:20
1972,697,1238,2025-07-26,2025-08-05,2025-07-27,2.11,0.0,Returned,2025-07-26 12:29:52,2025-07-27 00:17:01
1973,28,632,2025-11-10,2025-11-20,2025-11-18,2.03,0.0,Returned,2025-11-10 04:34:52,2025-11-18 12:55:41
1974,777,474,2026-01-07,2026-01-17,2026-01-18,4.07,0.75,Returned,2026-01-07 23:59:15,2026-01-18 00:39:34
1975,601,124,2026-05-05,2026-05-19,2026-05-10,1.34,0.0,Returned,2026-05-05 19:19:45,2026-05-10 19:30:31
1976,34,1047,2025-10-18,2025-11-01,2025-10-23,1.78,0.0,Returned,2025-10-18 02:10:01,2025-10-23 15:09:20
1977,48,600,2025-10-08,2025-10-18,2025-10-14,3.48,0.0,Returned,2025-10-08 14:27:34,2025-10-14 22:59:51
1978,226,644,2025-07-15,2025-07-22,2025-07-19,2.55,0.0,Returned,2025-07-15 18:34:00,2025-07-19 18:09:18
1979,367,1082,2025-06-30,2025-07-07,2025-07-04,2.95,0.0,Returned,2025-06-30 20:33:10,2025-07-04 20:58:29
1980,522,898,2025-07-05,2025-07-19,2025-07-14,3.05,0.0,Returned,2025-07-05 19:28:50,2025-07-14 04:20:33
1981,66,1410,2025-08-15,2025-08-29,2025-08-24,2.05,0.0,Returned,2025-08-15 16:53:58,2025-08-24 08:59:43
1982,303,405,2025-08-25,2025-09-08,2025-09-16,5.19,6.0,Returned,2025-08-25 22:10:33,2025-09-16 07:10:15
1983,699,814,2025-08-12,2025-08-26,2025-08-23,1.8,0.0,Returned,2025-08-12 09:47:00,2025-08-23 04:18:49
1984,246,947,2025-06-06,2025-06-13,2025-06-22,4.33,6.75,Returned,2025-06-06 14:26:33,2025-06-22 02:24:49
1985,553,1003,2025-09-05,2025-09-19,2025-09-17,1.66,0.0,Returned,2025-09-05 07:14:37,2025-09-17 21:25:23
1986,725,235,2026-01-20,2026-01-27,2026-01-20,1.62,0.0,Returned,2026-01-20 21:38:33,2026-01-20 21:38:33
1987,747,990,2025-07-17,2025-07-27,,4.7,231.75,Overdue,2025-07-17 04:16:39,2025-07-17 04:16:39
1988,287,867,2025-09-10,2025-09-17,2025-09-17,6.51,0.0,Returned,2025-09-10 21:09:53,2025-09-17 14:10:01
1989,874,1575,2026-04-21,2026-05-01,2026-04-22,2.42,0.0,Returned,2026-04-21 01:30:41,2026-04-22 11:35:27
1990,615,1388,2025-08-02,2025-08-12,2025-08-08,2.69,0.0,Returned,2025-08-02 23:57:04,2025-08-08 12:32:49
1991,930,1588,2025-10-23,2025-11-02,2025-11-02,1.06,0.0,Returned,2025-10-23 04:29:51,2025-11-02 04:06:14
1992,455,325,2025-12-17,2025-12-27,2025-12-23,8.41,0.0,Returned,2025-12-17 15:34:58,2025-12-23 20:52:48
1993,609,1476,2026-04-22,2026-04-29,2026-05-04,4.71,3.75,Returned,2026-04-22 00:57:43,2026-05-04 22:04:35
1994,158,804,2025-12-10,2025-12-17,2025-12-13,2.15,0.0,Returned,2025-12-10 07:22:53,2025-12-13 19:30:28
1995,812,1250,2025-07-09,2025-07-23,2025-07-20,3.4,0.0,Returned,2025-07-09 00:04:49,2025-07-20 17:30:51
1996,636,1680,2026-03-12,2026-03-22,2026-03-13,2.68,0.0,Returned,2026-03-12 02:41:20,2026-03-13 18:38:31
1997,139,44,2025-11-30,2025-12-10,2025-12-07,3.1,0.0,RETURNED,2025-11-30 11:35:55,2025-12-07 19:52:51
1998,235,885,2025-06-16,2025-06-23,2025-06-30,2.65,5.25,Returned,2025-06-16 14:52:33,2025-06-30 00:39:17
1999,36,185,2025-06-25,2025-07-02,2025-06-30,3.28,0.0,Returned,2025-06-25 14:27:11,2025-06-30 05:15:40
2000,360,96,2025-11-08,2025-11-18,2025-11-16,1.7,0.0,Returned,2025-11-08 07:21:58,2025-11-16 07:04:28
2001,324,1764,2025-09-05,2025-09-15,2025-09-08,3.54,0.0,Returned,2025-09-05 00:56:41,2025-09-08 19:46:32
2002,316,89,2025-11-01,2025-11-15,2025-11-07,4.91,0.0,Returned,2025-11-01 21:47:05,2025-11-07 22:59:06
2003,855,407,2025-08-20,2025-08-30,2025-08-22,3.58,0.0,Returned,2025-08-20 11:43:46,2025-08-22 14:02:07
2004,29,1148,2026-02-11,2026-02-18,2026-02-15,2.28,0.0,Returned,2026-02-11 04:26:19,2026-02-15 06:44:04
2005,148,1084,2025-09-21,2025-09-28,2025-09-27,2.03,0.0,Returned,2025-09-21 00:51:21,2025-09-27 09:50:01
2006,633,379,2025-12-15,2025-12-25,2025-12-26,2.66,0.75,Returned,2025-12-15 00:37:45,2025-12-26 16:20:21
2007,815,388,2025-11-16,2025-11-26,2025-11-21,2.28,0.0,Returned,2025-11-16 23:50:42,2025-11-21 14:50:02
2008,275,1264,2025-08-08,2025-08-15,,3.37,217.5,Overdue,2025-08-08 03:55:04,2025-08-08 03:55:04
2009,357,1632,2025-07-26,2025-08-09,2025-08-02,4.52,0.0,Returned,2025-07-26 00:48:36,2025-08-02 11:37:26
2010,898,1059,2026-03-10,2026-03-17,2026-03-11,1.74,0.0,Returned,2026-03-10 17:44:11,2026-03-11 05:39:18
2011,368,632,2026-04-28,2026-05-05,2026-04-29,1.25,0.0,Returned,2026-04-28 16:54:31,2026-04-29 15:24:41
2012,650,437,2025-10-16,2025-10-30,2025-10-28,2.55,0.0,Returned,2025-10-16 20:51:33,2025-10-28 19:55:17
2013,464,712,2026-04-26,2026-05-06,2026-05-02,2.67,0.0,Returned,2026-04-26 05:27:03,2026-05-02 17:40:41
2014,586,686,2026-01-10,2026-01-17,2026-01-16,3.13,0.0,Returned,2026-01-10 01:16:08,2026-01-16 15:41:50
2015,293,328,2026-03-25,2026-04-01,2026-03-30,4.95,0.0,Returned,2026-03-25 05:21:15,2026-03-30 09:13:22
2016,954,721,2026-05-21,2026-05-28,2026-05-24,3.78,0.0,Returned,2026-05-21 14:12:28,2026-05-24 11:49:09
2017,844,1623,2026-05-03,2026-05-10,2026-05-11,1.63,0.75,Returned,2026-05-03 07:03:34,2026-05-11 13:58:46
2018,821,1616,2025-06-16,2025-06-23,2025-06-17,4.01,0.0,Returned,2025-06-16 13:42:10,2025-06-17 17:54:43
2019,365,1364,2026-03-05,2026-03-12,2026-03-06,2.18,0.0,Returned,2026-03-05 07:17:19,2026-03-06 12:49:27
2020,276,793,2025-08-12,2025-08-26,2025-08-23,3.38,0.0,Returned,2025-08-12 08:21:30,2025-08-23 13:07:30
2021,449,532,2026-01-19,2026-01-29,2026-01-21,1.66,0.0,Returned,2026-01-19 20:29:22,2026-01-21 11:18:18
2022,266,832,2025-12-27,2026-01-10,2026-01-14,3.99,3.0,Returned,2025-12-27 22:46:14,2026-01-14 07:27:32
2023,485,1393,2025-09-27,2025-10-11,2025-10-15,4.63,3.0,Returned,2025-09-27 21:34:51,2025-10-15 13:24:56
2024,160,76,2025-08-22,2025-09-05,2025-08-27,4.8,0.0,Returned,2025-08-22 01:09:52,2025-08-27 20:33:54
2025,760,1021,2025-11-21,2025-12-05,2025-12-09,4.41,3.0,Returned,2025-11-21 23:53:06,2025-12-09 07:11:59
2026,411,1571,2025-10-19,2025-10-29,2025-10-20,2.17,0.0,Returned,2025-10-19 18:34:06,2025-10-20 00:41:00
2027,630,310,2025-12-08,2025-12-18,2025-12-13,3.81,0.0,Returned,2025-12-08 00:12:39,2025-12-13 11:10:58
2028,836,490,2025-06-12,2025-06-22,2025-06-17,1.83,0.0,Returned,2025-06-12 08:16:00,2025-06-17 10:34:30
2029,936,431,2026-05-13,2026-05-23,2026-05-22,1.66,0.0,Returned,2026-05-13 07:40:11,2026-05-22 04:22:56
2030,541,1415,2025-11-05,2025-11-19,2025-11-29,3.17,7.5,Returned,2025-11-05 02:39:01,2025-11-29 03:44:52
2031,362,1064,2026-03-31,2026-04-14,2026-04-22,4.94,6.0,Returned,2026-03-31 03:19:01,2026-04-22 13:24:00
2032,696,228,2025-11-09,2025-11-19,2025-11-16,2.71,0.0,Returned,2025-11-09 02:46:21,2025-11-16 05:09:25
2033,314,1309,2025-07-28,2025-08-07,2025-07-31,2.51,0.0,Returned,2025-07-28 21:33:03,2025-07-31 07:46:11
2034,602,1394,2026-04-09,2026-04-16,2026-04-13,3.45,0.0,Returned,2026-04-09 14:28:41,2026-04-13 03:02:22
2035,134,750,2026-05-14,2026-05-28,2026-05-21,2.7,0.0,Returned,2026-05-14 01:11:54,2026-05-21 07:36:40
2036,695,656,2025-06-18,2025-07-02,2025-07-05,2.79,2.25,Returned,2025-06-18 08:57:56,2025-07-05 07:31:58
2037,260,1150,2026-04-20,2026-04-27,2026-04-24,4.27,0.0,Returned,2026-04-20 20:43:37,2026-04-24 22:18:11
2038,608,1615,2026-04-15,2026-04-22,2026-04-18,4.6,0.0,Returned,2026-04-15 04:47:33,2026-04-18 18:40:33
2039,33,1090,2025-11-05,2025-11-12,2025-11-06,2.18,0.0,Returned,2025-11-05 09:46:42,2025-11-06 02:11:30
2040,504,444,2026-02-25,2026-03-07,2026-03-06,1.53,0.0,Returned,2026-02-25 23:19:12,2026-03-06 02:48:52
2041,545,973,2026-05-23,2026-05-30,2026-06-01,1.67,7.5,Returned,2026-05-23 17:59:55,2026-06-01 06:42:52
2042,943,1294,2026-04-01,2026-04-08,2026-04-17,2.55,6.75,Returned,2026-04-01 17:22:45,2026-04-17 23:12:32
2043,516,1057,2025-10-19,2025-11-02,2025-11-01,3.59,0.0,Returned,2025-10-19 22:45:52,2025-11-01 01:30:11
2044,263,126,2026-04-08,2026-04-18,2026-04-12,2.03,0.0,Returned,2026-04-08 00:57:57,2026-04-12 16:53:24
2045,875,1747,2025-12-18,2026-01-01,2026-01-07,4.79,4.5,Returned,2025-12-18 23:28:58,2026-01-07 20:07:17
2046,679,534,2026-01-05,2026-01-12,2026-01-21,1.24,6.75,Returned,2026-01-05 19:26:52,2026-01-21 09:45:06
2047,110,863,2026-01-21,2026-01-28,2026-01-24,3.34,0.0,Returned,2026-01-21 00:24:49,2026-01-24 19:58:58
2048,723,1471,2025-08-25,2025-09-08,2025-09-12,2.21,3.0,Returned,2025-08-25 15:21:03,2025-09-12 20:49:52
2049,442,710,2026-01-04,2026-01-14,2026-01-07,4.8,0.0,Returned,2026-01-04 16:41:15,2026-01-07 15:47:21
2050,105,1335,2026-04-05,2026-04-12,2026-04-07,3.37,0.0,Returned,2026-04-05 08:54:28,2026-04-07 19:32:00
2051,553,1179,2025-06-28,2025-07-05,2025-07-12,4.36,5.25,Returned,2025-06-28 10:07:30,2025-07-12 06:12:43
2052,775,1086,2025-08-06,2025-08-20,2025-08-12,6.56,0.0,Returned,2025-08-06 13:14:12,2025-08-12 18:53:20
2053,365,751,2025-08-04,2025-08-14,2025-08-10,2.28,0.0,Returned,2025-08-04 04:45:23,2025-08-10 11:15:01
2054,966,1768,2025-06-21,2025-07-01,2025-06-26,2.51,0.0,Returned,2025-06-21 10:10:32,2025-06-26 08:08:37
2055,720,502,2025-06-30,2025-07-07,2025-07-05,4.44,0.0,Returned,2025-06-30 23:04:53,2025-07-05 22:27:43
2056,790,461,2025-10-07,2025-10-14,2025-10-08,2.29,0.0,Returned,2025-10-07 19:33:49,2025-10-08 05:45:44
2057,430,1149,2026-03-28,2026-04-04,2026-04-04,1.73,0.0,Returned,2026-03-28 21:42:47,2026-04-04 10:51:05
2058,847,1722,2026-01-11,2026-01-21,2026-01-19,1.86,0.0,Returned,2026-01-11 19:35:03,2026-01-19 10:16:04
2059,693,548,2026-02-11,2026-02-18,,1.04,77.25,Overdue,2026-02-11 05:08:17,2026-02-11 05:08:17
2060,622,1617,2025-08-18,2025-08-25,2025-08-18,1.67,0.0,Returned,2025-08-18 12:30:37,2025-08-18 16:11:37
2061,344,1693,2025-12-09,2025-12-19,2025-12-24,1.54,3.75,Returned,2025-12-09 22:14:16,2025-12-24 16:13:06
2062,301,1054,2025-07-20,2025-07-30,2025-07-22,3.94,0.0,Returned,2025-07-20 22:37:22,2025-07-22 20:02:44
2063,611,503,2025-06-19,2025-07-03,2025-07-06,3.47,2.25,Returned,2025-06-19 21:50:23,2025-07-06 14:17:23
2064,146,389,2025-08-07,2025-08-17,2025-08-17,1.84,0.0,Returned,2025-08-07 20:46:23,2025-08-17 01:04:30
2065,119,1647,2026-05-03,2026-05-13,2026-05-11,2.7,0.0,Returned,2026-05-03 01:51:32,2026-05-11 03:53:00
2066,236,400,2025-11-22,2025-12-06,2025-12-02,3.92,0.0,Returned,2025-11-22 01:16:43,2025-12-02 02:21:44
2067,772,78,2026-04-01,2026-04-11,2026-04-05,2.66,0.0,Returned,2026-04-01 03:41:24,2026-04-05 20:07:02
2068,92,1241,2026-05-11,2026-05-21,2026-05-20,4.88,0.0,Returned,2026-05-11 07:38:29,2026-05-20 05:58:16
2069,458,655,2026-01-12,2026-01-22,2026-01-15,2.97,0.0,Returned,2026-01-12 15:42:53,2026-01-15 11:56:54
2070,204,284,2025-08-20,2025-09-03,2025-08-28,1.64,0.0,Returned,2025-08-20 05:08:36,2025-08-28 02:02:10
2071,15,1525,2026-03-11,2026-03-25,2026-03-16,1.58,0.0,Returned,2026-03-11 07:25:32,2026-03-16 02:35:30
2072,797,729,2025-07-22,2025-08-05,2025-08-05,1.92,0.0,Returned,2025-07-22 09:14:33,2025-08-05 11:42:04
2073,392,1346,2026-02-17,2026-03-03,2026-03-03,1.51,0.0,Returned,2026-02-17 02:32:32,2026-03-03 06:22:53
2074,127,1380,2025-09-13,2025-09-23,,4.19,188.25,Overdue,2025-09-13 02:28:13,2025-09-13 02:28:13
2075,642,1239,2025-11-05,2025-11-15,2025-11-18,2.76,2.25,Returned,2025-11-05 05:19:19,2025-11-18 03:13:54
2076,942,283,2026-03-12,2026-03-22,2026-03-22,1.52,0.0,Returned,2026-03-12 03:59:38,2026-03-22 09:52:46
2077,461,710,2026-04-08,2026-04-18,2026-04-16,3.97,0.0,Returned,2026-04-08 06:43:44,2026-04-16 10:37:59
2078,916,148,2025-09-01,2025-09-15,2025-09-01,4.04,0.0,Returned,2025-09-01 21:28:57,2025-09-01 21:28:57
2079,975,885,2025-11-13,2025-11-20,2025-11-18,2.73,0.0,Returned,2025-11-13 05:21:17,2025-11-18 03:37:32
2080,280,341,2026-03-24,2026-04-03,2026-03-30,4.5,0.0,Returned,2026-03-24 17:21:22,2026-03-30 18:32:49
2081,545,1200,2025-09-13,2025-09-20,2025-09-13,3.68,0.0,Returned,2025-09-13 16:07:52,2025-09-13 17:36:54
2082,947,631,2025-09-19,2025-09-26,,2.23,186.0,Overdue,2025-09-19 17:28:00,2025-09-19 17:28:00
2083,710,518,2026-03-01,2026-03-15,2026-03-11,2.63,0.0,Returned,2026-03-01 22:34:21,2026-03-11 19:10:08
2084,217,699,2025-08-01,2025-08-11,2025-08-07,2.74,0.0,Returned,2025-08-01 05:05:03,2025-08-07 00:27:36
2085,976,1219,2026-03-12,2026-03-19,2026-03-15,4.55,0.0,Returned,2026-03-12 08:34:30,2026-03-15 05:35:35
2086,633,760,2026-03-09,2026-03-23,2026-03-23,1.79,0.0,Returned,2026-03-09 21:51:18,2026-03-23 08:40:11
2087,735,1768,2025-12-28,2026-01-04,2025-12-31,3.05,0.0,Returned,2025-12-28 14:34:36,2025-12-31 08:03:40
2088,54,19,2025-11-01,2025-11-08,2025-11-01,3.25,0.0,RETURNED,2025-11-01 23:41:45,2025-11-01 23:41:45
2089,263,499,2026-01-23,2026-02-02,2026-01-30,2.91,0.0,Returned,2026-01-23 09:44:06,2026-01-30 11:08:14
2090,49,704,2026-02-05,2026-02-19,2026-02-09,4.67,0.0,Returned,2026-02-05 07:52:48,2026-02-09 06:41:55
2091,129,1779,2025-11-19,2025-12-03,2025-11-21,3.18,0.0,Returned,2025-11-19 05:55:28,2025-11-21 03:37:20
2092,429,1709,2025-08-24,2025-09-03,2025-08-28,3.06,0.0,Returned,2025-08-24 17:56:32,2025-08-28 14:09:53
2093,576,326,2025-08-25,2025-09-08,2025-09-01,4.1,0.0,Returned,2025-08-25 15:30:09,2025-09-01 09:52:26
2094,224,1008,2025-10-19,2025-10-29,2025-10-27,1.57,0.0,Returned,2025-10-19 23:55:28,2025-10-27 17:24:22
2095,554,947,2025-08-27,2025-09-06,2025-08-29,3.52,0.0,Returned,2025-08-27 11:46:35,2025-08-29 09:14:23
2096,183,776,2025-10-11,2025-10-21,2025-10-29,1.85,6.0,Returned,2025-10-11 07:17:44,2025-10-29 17:15:30
2097,424,107,2026-04-12,2026-04-26,2026-04-16,4.74,0.0,Returned,2026-04-12 21:05:00,2026-04-16 02:35:19
2098,998,9,2026-03-18,2026-04-01,2026-03-23,4.51,0.0,Returned,2026-03-18 23:57:15,2026-03-23 21:24:10
2099,555,1496,2026-04-21,2026-05-05,2026-04-30,4.83,0.0,Returned,2026-04-21 20:03:16,2026-04-30 05:22:50
2100,764,853,2025-10-18,2025-10-28,2025-10-26,2.77,0.0,Returned,2025-10-18 10:31:57,2025-10-26 08:10:20
2101,853,611,2025-12-13,2025-12-27,2025-12-14,4.7,0.0,Returned,2025-12-13 16:12:15,2025-12-14 00:39:03
2102,99,515,2026-05-16,2026-05-26,2026-05-19,3.51,0.0,Returned,2026-05-16 08:01:15,2026-05-19 06:28:10
2103,449,940,2026-05-04,2026-05-11,2026-05-08,4.88,0.0,Returned,2026-05-04 19:48:07,2026-05-08 05:32:50
2104,470,974,2026-03-30,2026-04-06,2026-04-15,1.8,6.75,Returned,2026-03-30 08:25:23,2026-04-15 09:10:24
2105,845,1559,2026-04-26,2026-05-06,2026-04-27,4.15,-1.5,Returned,2026-04-26 10:58:13,2026-04-27 12:00:28
2106,74,938,2025-07-10,2025-07-20,2025-07-24,4.38,3.0,Returned,2025-07-10 11:23:31,2025-07-24 16:26:01
2107,536,1160,2025-07-25,2025-08-08,2025-08-05,4.41,0.0,Returned,2025-07-25 23:22:23,2025-08-05 03:29:00
2108,282,761,2025-06-10,2025-06-24,2025-06-21,4.68,0.0,Returned,2025-06-10 10:32:03,2025-06-21 15:39:16
2109,552,1407,2025-09-10,2025-09-24,,1.44,187.5,Overdue,2025-09-10 09:29:49,2025-09-10 09:29:49
2110,148,327,2025-09-20,2025-10-04,,7.56,180.0,Overdue,2025-09-20 07:00:20,2025-09-20 07:00:20
2111,420,1208,2025-08-28,2025-09-04,2025-09-01,1.78,0.0,Returned,2025-08-28 15:25:33,2025-09-01 11:28:27
2112,759,1089,2026-04-27,2026-05-07,2026-05-13,1.9,4.5,Returned,2026-04-27 00:51:32,2026-05-13 16:29:41
2113,654,1746,2025-10-29,2025-11-12,2025-11-05,2.65,0.0,Returned,2025-10-29 23:06:44,2025-11-05 13:07:58
2114,602,1359,2025-12-25,2026-01-08,2025-12-30,1.22,0.0,Returned,2025-12-25 01:56:12,2025-12-30 13:00:40
2115,271,521,2025-10-24,2025-11-03,,3.77,157.5,Overdue,2025-10-24 23:27:08,2025-10-24 23:27:08
2116,18,1175,2025-11-18,2025-12-02,2025-11-19,4.23,0.0,Returned,2025-11-18 01:46:59,2025-11-19 03:05:19
2117,925,828,2025-11-07,2025-11-14,2025-11-11,2.79,0.0,Returned,2025-11-07 16:56:04,2025-11-11 00:31:29
2118,636,437,2025-10-24,2025-11-07,2025-11-07,2.62,0.0,Returned,2025-10-24 18:44:29,2025-11-07 03:50:39
2119,415,670,2025-12-04,2025-12-14,,3.41,126.75,Overdue,2025-12-04 00:52:01,2025-12-04 00:52:01
2120,645,1040,2026-04-05,2026-04-12,2026-04-07,2.67,0.0,Returned,2026-04-05 01:37:01,2026-04-07 03:13:15
2121,930,415,2025-09-21,2025-10-01,2025-09-22,3.77,0.0,Returned,2025-09-21 11:49:11,2025-09-22 21:33:15
2122,899,951,2025-11-03,2025-11-17,2025-11-05,4.49,0.0,Returned,2025-11-03 18:30:10,2025-11-05 06:49:34
2123,583,305,2026-03-21,2026-03-28,2026-03-22,2.7,0.0,Returned,2026-03-21 09:29:42,2026-03-22 23:58:32
2124,650,1727,2025-09-12,2025-09-26,2025-09-25,7.7,0.0,Returned,2025-09-12 20:53:54,2025-09-25 16:58:32
2125,697,1494,2025-06-24,2025-07-01,2025-06-30,2.11,0.0,Returned,2025-06-24 03:16:16,2025-06-30 19:51:41
2126,615,879,2026-01-04,2026-01-18,2026-01-18,2.82,0.0,Returned,2026-01-04 08:51:32,2026-01-18 23:30:05
2127,870,653,2025-09-11,2025-09-21,2025-09-13,2.52,0.0,Returned,2025-09-11 04:36:38,2025-09-13 11:59:40
2128,83,901,2025-12-25,2026-01-01,2026-01-01,3.02,0.0,Returned,2025-12-25 01:05:00,2026-01-01 20:59:12
2129,374,231,2025-12-07,2025-12-14,2025-12-07,3.92,0.0,Returned,2025-12-07 05:44:10,2025-12-07 23:43:39
2130,778,1400,2026-02-15,2026-03-01,2026-03-10,1.79,6.75,Returned,2026-02-15 05:42:28,2026-03-10 03:46:02
2131,625,1523,2025-08-19,2025-09-02,2025-08-20,1.64,-1.5,Returned,2025-08-19 19:41:17,2025-08-20 03:59:38
2132,759,1136,2025-07-01,2025-07-11,2025-07-11,4.94,0.0,Returned,2025-07-01 18:12:37,2025-07-11 19:25:52
2133,188,276,2026-01-24,2026-02-07,2026-01-31,2.28,0.0,Returned,2026-01-24 17:47:24,2026-01-31 00:30:05
2134,740,1549,2025-07-22,2025-08-01,2025-08-03,2.96,1.5,Returned,2025-07-22 23:29:40,2025-08-03 11:41:02
2135,123,1203,2026-03-25,2026-04-04,2026-04-13,1.68,6.75,Returned,2026-03-25 13:57:57,2026-04-13 15:23:51
2136,204,1493,2025-11-24,2025-12-01,2025-11-28,2.73,0.0,Returned,2025-11-24 00:22:35,2025-11-28 16:36:24
2137,621,460,2026-04-29,2026-05-06,2026-04-29,5.6,0.0,Returned,2026-04-29 07:46:12,2026-04-29 07:46:12
2138,98,358,2025-08-06,2025-08-16,2025-08-13,2.43,0.0,Returned,2025-08-06 18:45:35,2025-08-13 13:56:16
2139,448,1090,2026-05-09,2026-05-16,2026-05-10,2.94,0.0,Returned,2026-05-09 02:24:59,2026-05-10 20:19:48
2140,742,303,2026-04-11,2026-04-18,2026-04-14,2.64,0.0,Returned,2026-04-11 20:35:26,2026-04-14 19:47:48
2141,602,419,2026-04-15,2026-04-25,2026-05-01,1.19,4.5,Returned,2026-04-15 12:59:38,2026-05-01 17:24:07
2142,72,1411,2025-10-18,2025-11-01,2025-11-07,2.97,4.5,Returned,2025-10-18 05:13:43,2025-11-07 11:29:12
2143,210,1587,2025-06-18,2025-07-02,2025-06-19,1.33,0.0,Returned,2025-06-18 10:01:22,2025-06-19 20:05:16
2144,485,380,2026-05-20,2026-06-03,2026-06-01,1.73,4.5,Returned,2026-05-20 15:07:17,2026-06-01 16:53:56
2145,901,1542,2025-09-10,2025-09-24,2025-09-18,2.76,0.0,Returned,2025-09-10 23:37:43,2025-09-18 18:33:57
2146,204,1543,2025-10-18,2025-11-01,2025-10-18,3.31,0.0,Returned,2025-10-18 16:09:18,2025-10-18 16:09:18
2147,130,140,2026-01-25,2026-02-01,2026-02-09,3.29,6.0,Returned,2026-01-25 07:27:08,2026-02-09 14:46:28
2148,52,1135,2026-05-26,2026-06-05,2026-06-04,3.19,0.0,Returned,2026-05-26 20:24:09,2026-06-04 01:59:25
2149,825,1391,2025-07-15,2025-07-22,2025-07-20,3.08,0.0,Returned,2025-07-15 06:31:45,2025-07-20 21:15:12
2150,484,1064,2026-04-18,2026-05-02,2026-05-12,4.16,7.5,Returned,2026-04-18 01:03:40,2026-05-12 20:55:10
2151,874,47,2025-11-15,2025-11-22,2025-11-21,3.54,0.0,Returned,2025-11-15 11:57:04,2025-11-21 18:03:59
2152,35,321,2025-07-07,2025-07-17,2025-07-16,2.18,0.0,Returned,2025-07-07 00:04:23,2025-07-16 11:42:57
2153,155,804,2025-11-25,2025-12-05,2025-11-27,2.71,0.0,Returned,2025-11-25 04:53:20,2025-11-27 04:45:51
2154,125,758,2026-01-14,2026-01-21,2026-01-19,2.04,0.0,Returned,2026-01-14 10:31:54,2026-01-19 15:08:21
2155,202,255,2026-04-05,2026-04-19,2026-04-09,7.71,0.0,Returned,2026-04-05 01:08:44,2026-04-09 02:16:00
2156,624,1439,2026-04-09,2026-04-19,2026-04-13,2.67,0.0,Returned,2026-04-09 00:28:42,2026-04-13 18:54:38
2157,32,1546,2026-01-17,2026-01-31,2026-01-20,3.92,0.0,Returned,2026-01-17 22:42:43,2026-01-20 15:50:54
2158,200,1574,2026-04-25,2026-05-02,2026-05-06,2.96,3.0,Returned,2026-04-25 05:17:44,2026-05-06 02:48:45
2159,637,1671,2026-01-20,2026-01-27,2026-01-31,1.69,3.0,Returned,2026-01-20 18:32:20,2026-01-31 05:59:41
2160,199,439,2026-05-20,2026-05-27,2026-05-21,1.66,0.0,Returned,2026-05-20 23:51:32,2026-05-21 19:59:26
2161,2,1576,2025-09-30,2025-10-14,2025-10-03,1.55,0.0,Returned,2025-09-30 09:42:05,2025-10-03 12:41:55
2162,125,194,2025-12-30,2026-01-06,2025-12-31,2.37,0.0,Returned,2025-12-30 07:24:19,2025-12-31 17:41:06
2163,118,977,2025-07-13,2025-07-20,2025-07-17,6.68,0.0,Returned,2025-07-13 17:29:56,2025-07-17 06:26:06
2164,925,798,2026-01-21,2026-01-28,2026-01-26,3.55,0.0,RETURNED,2026-01-21 20:32:17,2026-01-26 11:36:35
2165,26,1743,2026-04-07,2026-04-17,2026-04-16,3.04,0.0,Returned,2026-04-07 23:20:22,2026-04-16 10:44:57
2166,828,272,2026-02-08,2026-02-18,2026-02-11,4.91,0.0,Returned,2026-02-08 14:41:16,2026-02-11 04:17:42
2167,678,33,2026-02-11,2026-02-21,2026-02-15,4.68,0.0,Returned,2026-02-11 17:21:54,2026-02-15 19:15:56
2168,781,1250,2025-06-23,2025-07-07,2025-06-24,4.78,0.0,Returned,2025-06-23 19:18:09,2025-06-24 02:19:30
2169,914,472,2025-06-24,2025-07-04,2025-07-02,2.17,0.0,Returned,2025-06-24 01:06:34,2025-07-02 14:59:16
2170,462,1760,2025-11-26,2025-12-10,2025-11-29,1.11,0.0,Returned,2025-11-26 01:45:25,2025-11-29 16:16:42
2171,179,1455,2025-11-09,2025-11-16,2025-11-14,2.85,0.0,Returned,2025-11-09 01:32:46,2025-11-14 11:59:06
2172,138,739,2025-12-26,2026-01-05,2026-01-15,2.15,7.5,RETURNED,2025-12-26 18:58:56,2026-01-15 12:50:01
2173,248,954,2025-07-23,2025-08-02,2025-07-27,8.48,0.0,Returned,2025-07-23 08:23:04,2025-07-27 00:09:59
2174,884,1212,2026-01-10,2026-01-17,2026-01-17,4.93,0.0,Returned,2026-01-10 07:46:03,2026-01-17 04:23:07
2175,310,794,2025-11-29,2025-12-06,2025-12-07,2.89,0.75,Returned,2025-11-29 12:05:39,2025-12-07 23:02:39
2176,599,558,2025-09-25,2025-10-05,2025-10-15,4.76,7.5,Returned,2025-09-25 07:15:21,2025-10-15 03:24:17
2177,765,188,2025-12-03,2025-12-13,2025-12-05,3.31,0.0,Returned,2025-12-03 22:31:05,2025-12-05 10:55:45
2178,271,859,2025-06-08,2025-06-18,2025-06-12,3.52,0.0,Returned,2025-06-08 11:44:23,2025-06-12 16:41:23
2179,459,521,2025-08-13,2025-08-20,2025-08-14,3.53,0.0,Returned,2025-08-13 19:28:29,2025-08-14 11:11:23
2180,303,1691,2025-07-22,2025-08-05,,2.74,225.0,Overdue,2025-07-22 14:30:29,2025-07-22 14:30:29
2181,785,233,2025-08-06,2025-08-16,,1.91,216.75,Overdue,2025-08-06 01:52:07,2025-08-06 01:52:07
2182,318,946,2026-03-18,2026-03-28,2026-04-01,3.02,3.0,RETURNED,2026-03-18 02:13:06,2026-04-01 17:43:38
2183,401,423,2026-04-11,2026-04-25,2026-04-21,1.21,0.0,Returned,2026-04-11 13:41:05,2026-04-21 13:00:51
2184,969,421,2025-08-07,2025-08-21,2025-08-17,1.6,0.0,Returned,2025-08-07 16:56:20,2025-08-17 05:19:30
2185,906,299,2025-06-26,2025-07-03,2025-06-29,3.06,0.0,Returned,2025-06-26 03:12:00,2025-06-29 06:51:59
2186,490,1323,2026-04-06,2026-04-13,2026-04-20,4.47,5.25,Returned,2026-04-06 06:09:34,2026-04-20 12:47:18
2187,215,1306,2025-11-06,2025-11-16,2025-11-06,2.69,0.0,Returned,2025-11-06 23:21:35,2025-11-06 23:21:35
2188,303,101,2026-04-24,2026-05-04,2026-05-01,3.99,0.0,Returned,2026-04-24 18:40:18,2026-05-01 03:37:58
2189,806,354,2026-01-30,2026-02-09,2026-02-07,2.32,-1.5,Returned,2026-01-30 17:44:12,2026-02-07 07:04:32
2190,375,710,2026-05-24,2026-06-07,2026-06-01,2.96,0.0,Returned,2026-05-24 03:46:14,2026-06-01 02:12:54
2191,627,1521,2026-02-27,2026-03-06,2026-03-01,5.38,0.0,Returned,2026-02-27 10:44:49,2026-03-01 16:40:31
2192,722,1486,2026-02-08,2026-02-18,2026-02-23,5.49,3.75,Returned,2026-02-08 11:33:00,2026-02-23 05:01:58
2193,605,164,2025-09-18,2025-10-02,2025-10-01,3.42,0.0,Returned,2025-09-18 14:07:58,2025-10-01 15:19:20
2194,136,153,2025-06-29,2025-07-13,2025-07-10,5.51,0.0,Returned,2025-06-29 18:57:02,2025-07-10 11:15:21
2195,918,168,2025-09-17,2025-10-01,2025-10-02,2.92,0.75,Returned,2025-09-17 07:27:56,2025-10-02 16:57:20
2196,162,423,2026-04-18,2026-04-25,2026-04-22,1.12,0.0,Returned,2026-04-18 22:31:38,2026-04-22 19:14:01
2197,855,180,2026-02-06,2026-02-16,2026-02-09,3.66,0.0,Returned,2026-02-06 16:25:27,2026-02-09 06:40:47
2198,560,1036,2025-09-18,2025-10-02,2025-09-30,3.48,0.0,Returned,2025-09-18 00:17:54,2025-09-30 20:21:52
2199,47,158,2026-01-15,2026-01-22,2026-01-15,1.97,0.0,Returned,2026-01-15 05:36:54,2026-01-15 05:36:54
2200,405,152,2025-11-08,2025-11-18,2025-11-15,6.31,0.0,Returned,2025-11-08 19:23:55,2025-11-15 09:31:16
2201,439,395,2026-01-12,2026-01-19,2026-01-18,2.45,0.0,Returned,2026-01-12 22:43:46,2026-01-18 21:16:53
2202,905,1539,2026-04-12,2026-04-26,2026-04-16,3.29,0.0,Returned,2026-04-12 01:39:26,2026-04-16 09:10:43
2203,639,175,2025-09-11,2025-09-18,2025-09-23,2.08,3.75,Returned,2025-09-11 05:56:18,2025-09-23 09:24:17
2204,437,404,2025-08-21,2025-08-31,2025-09-10,4.75,7.5,Returned,2025-08-21 09:58:32,2025-09-10 05:58:10
2205,440,901,2026-04-27,2026-05-11,2026-05-02,3.68,0.0,Returned,2026-04-27 22:52:24,2026-05-02 01:53:05
2206,649,504,2025-11-18,2025-11-28,2025-11-25,2.25,0.0,Returned,2025-11-18 14:55:05,2025-11-25 19:29:41
2207,738,42,2026-02-07,2026-02-17,2026-02-22,2.91,3.75,Returned,2026-02-07 10:58:45,2026-02-22 18:45:08
2208,76,1642,2026-03-10,2026-03-24,2026-03-24,2.62,0.0,Returned,2026-03-10 10:21:48,2026-03-24 01:15:18
2209,692,577,2026-03-29,2026-04-08,2026-04-12,4.78,3.0,Returned,2026-03-29 06:17:34,2026-04-12 16:09:54
2210,327,557,2025-10-08,2025-10-22,2025-10-10,2.7,0.0,Returned,2025-10-08 02:02:00,2025-10-10 18:43:13
2211,724,56,2025-12-30,2026-01-06,2026-01-09,3.17,2.25,Returned,2025-12-30 03:35:42,2026-01-09 01:50:23
2212,485,730,2025-11-12,2025-11-22,2025-11-12,2.77,0.0,Returned,2025-11-12 00:31:13,2025-11-12 19:58:19
2213,870,1170,2025-11-13,2025-11-27,2025-11-21,1.25,0.0,Returned,2025-11-13 18:11:56,2025-11-21 19:54:21
2214,620,32,2026-04-12,2026-04-19,2026-04-13,4.55,0.0,Returned,2026-04-12 19:23:08,2026-04-13 20:15:01
2215,937,1673,2025-12-26,2026-01-02,2026-01-08,2.75,4.5,Returned,2025-12-26 10:48:47,2026-01-08 03:38:37
2216,294,1097,2026-02-06,2026-02-20,2026-02-11,2.57,0.0,Returned,2026-02-06 13:54:49,2026-02-11 01:08:05
2217,189,1377,2025-10-20,2025-10-30,2025-10-26,1.61,0.0,Returned,2025-10-20 05:33:41,2025-10-26 16:13:42
2218,264,139,2026-04-02,2026-04-16,2026-04-04,4.03,0.0,Returned,2026-04-02 12:18:15,2026-04-04 06:22:31
2219,866,1503,2025-09-26,2025-10-03,2025-10-01,8.74,0.0,Returned,2025-09-26 08:37:43,2025-10-01 13:04:36
2220,255,1401,2025-12-04,2025-12-18,,1.7,123.75,Overdue,2025-12-04 07:58:52,2025-12-04 07:58:52
2221,511,1604,2026-01-13,2026-01-20,2026-01-19,1.52,0.0,Returned,2026-01-13 06:27:01,2026-01-19 11:00:52
2222,386,88,2026-05-29,2026-06-05,2026-06-01,1.84,0.0,Returned,2026-05-29 05:39:47,2026-06-01 22:36:38
2223,643,108,2026-02-20,2026-03-02,2026-02-25,3.25,0.0,Returned,2026-02-20 05:02:35,2026-02-25 13:16:01
2224,201,1658,2026-05-21,2026-05-28,2026-05-25,2.26,0.0,Returned,2026-05-21 03:24:09,2026-05-25 23:17:56
2225,305,471,2025-07-22,2025-08-01,2025-08-01,1.31,0.0,Returned,2025-07-22 12:56:24,2025-08-01 17:03:18
2226,546,1127,2025-09-08,2025-09-18,2025-09-27,1.39,6.75,Returned,2025-09-08 19:45:15,2025-09-27 06:12:39
2227,965,1738,2025-11-01,2025-11-15,2025-11-05,1.52,0.0,Returned,2025-11-01 02:42:04,2025-11-05 12:03:17
2228,673,1177,2025-08-25,2025-09-04,2025-08-25,4.53,0.0,Returned,2025-08-25 23:18:48,2025-08-25 23:18:48
2229,123,1280,2025-06-20,2025-06-30,2025-06-26,3.86,0.0,Returned,2025-06-20 23:31:23,2025-06-26 17:18:12
2230,775,1080,2026-04-09,2026-04-16,,2.58,34.5,Overdue,2026-04-09 09:12:53,2026-04-09 09:12:53
2231,95,323,2025-08-20,2025-08-30,,2.4,206.25,Overdue,2025-08-20 16:36:08,2025-08-20 16:36:08
2232,282,1249,2025-11-23,2025-11-30,2025-11-27,3.28,0.0,Returned,2025-11-23 18:22:32,2025-11-27 16:29:42
2233,623,797,2026-01-16,2026-01-30,2026-01-25,2.99,0.0,Returned,2026-01-16 09:05:51,2026-01-25 09:41:00
2234,686,1075,2025-09-25,2025-10-05,2025-09-29,5.66,0.0,Returned,2025-09-25 07:14:26,2025-09-29 00:27:08
2235,393,1400,2025-10-28,2025-11-04,2025-11-01,1.42,0.0,Returned,2025-10-28 10:14:12,2025-11-01 11:57:35
2236,416,1025,2025-07-28,2025-08-07,2025-08-02,6.06,0.0,Returned,2025-07-28 19:39:51,2025-08-02 19:19:18
2237,838,1682,2025-11-29,2025-12-06,2025-12-08,4.81,1.5,Returned,2025-11-29 01:04:38,2025-12-08 22:28:31
2238,971,1472,2026-04-02,2026-04-16,2026-04-26,2.36,7.5,Returned,2026-04-02 22:06:23,2026-04-26 23:54:35
2239,231,568,2025-10-01,2025-10-15,2025-10-03,2.68,0.0,Returned,2025-10-01 02:08:21,2025-10-03 15:06:05
2240,90,1498,2026-05-05,2026-05-15,2026-05-13,1.98,0.0,Returned,2026-05-05 03:25:59,2026-05-13 08:16:01
2241,718,929,2025-11-04,2025-11-18,2025-11-10,4.04,0.0,Returned,2025-11-04 04:54:13,2025-11-10 16:13:20
2242,493,464,2025-09-20,2025-09-30,2025-09-25,1.16,0.0,Returned,2025-09-20 19:25:55,2025-09-25 01:38:11
2243,402,154,2026-03-22,2026-04-05,2026-04-10,6.0,3.75,Returned,2026-03-22 15:30:29,2026-04-10 02:39:45
2244,587,167,2025-11-20,2025-11-27,2025-11-21,2.66,0.0,Returned,2025-11-20 02:53:07,2025-11-21 11:12:15
2245,396,1638,2026-01-01,2026-01-11,2026-01-02,1.89,0.0,Returned,2026-01-01 02:49:43,2026-01-02 09:06:31
2246,845,1209,2025-09-15,2025-09-29,2025-09-16,2.5,0.0,Returned,2025-09-15 18:27:06,2025-09-16 17:07:03
2247,79,1246,2025-10-13,2025-10-20,2025-10-14,1.71,0.0,Returned,2025-10-13 08:13:36,2025-10-14 12:38:12
2248,652,1172,2025-09-14,2025-09-21,2025-09-21,1.63,0.0,Returned,2025-09-14 01:19:48,2025-09-21 12:45:17
2249,777,1727,2025-10-23,2025-11-06,2025-10-26,8.36,0.0,Returned,2025-10-23 00:39:29,2025-10-26 02:31:48
2250,760,485,2025-08-27,2025-09-06,2025-09-05,2.6,0.0,Returned,2025-08-27 11:10:21,2025-09-05 00:54:58
2251,441,851,2026-01-01,2026-01-11,2026-01-19,1.73,6.0,Returned,2026-01-01 21:47:03,2026-01-19 21:25:49
2252,817,929,2025-06-07,2025-06-17,2025-06-11,4.49,0.0,Returned,2025-06-07 11:14:40,2025-06-11 00:41:44
2253,182,991,2026-03-31,2026-04-10,2026-04-07,4.22,0.0,Returned,2026-03-31 21:49:54,2026-04-07 00:35:04
2254,716,686,2026-05-08,2026-05-22,2026-05-16,3.73,0.0,Returned,2026-05-08 04:27:46,2026-05-16 11:17:31
2255,903,1649,2025-11-07,2025-11-17,2025-11-12,2.53,0.0,Returned,2025-11-07 23:02:19,2025-11-12 21:29:45
2256,175,493,2025-08-31,2025-09-10,2025-09-05,2.42,0.0,Returned,2025-08-31 08:48:46,2025-09-05 10:18:07
2257,533,1070,2025-07-05,2025-07-15,2025-07-11,5.34,0.0,Returned,2025-07-05 22:25:30,2025-07-11 21:28:59
2258,246,1606,2026-04-05,2026-04-15,2026-04-07,2.68,0.0,Returned,2026-04-05 01:38:53,2026-04-07 09:19:32
2259,748,1283,2025-08-27,2025-09-03,2025-08-28,2.76,0.0,Returned,2025-08-27 01:23:01,2025-08-28 12:01:35
2260,610,247,2026-04-08,2026-04-18,2026-04-13,7.92,0.0,Returned,2026-04-08 03:10:39,2026-04-13 00:21:27
2261,748,678,2025-09-15,2025-09-25,2025-09-18,3.98,0.0,Returned,2025-09-15 10:31:53,2025-09-18 14:47:57
2262,654,1766,2025-08-23,2025-09-06,2025-09-04,3.23,0.0,Returned,2025-08-23 14:42:45,2025-09-04 03:44:37
2263,329,1279,2025-11-03,2025-11-10,2025-11-07,2.86,0.0,Returned,2025-11-03 00:49:15,2025-11-07 10:37:05
2264,346,529,2026-02-02,2026-02-12,2026-02-02,2.72,0.0,Returned,2026-02-02 06:31:45,2026-02-02 22:10:05
2265,213,561,2026-04-14,2026-04-28,2026-04-21,3.61,-1.5,Returned,2026-04-14 06:25:53,2026-04-21 13:24:31
2266,918,1065,2025-11-17,2025-11-27,2025-11-20,3.04,0.0,Returned,2025-11-17 12:58:08,2025-11-20 06:58:26
2267,367,272,2025-11-27,2025-12-07,2025-11-29,3.72,0.0,Returned,2025-11-27 00:29:50,2025-11-29 05:20:45
2268,331,179,2025-09-27,2025-10-11,2025-10-08,4.44,0.0,Returned,2025-09-27 21:42:47,2025-10-08 07:00:37
2269,135,312,2026-02-06,2026-02-20,2026-02-25,3.34,3.75,Returned,2026-02-06 05:44:14,2026-02-25 09:04:45
2270,606,749,2026-01-07,2026-01-17,2026-01-22,3.27,3.75,Returned,2026-01-07 17:34:45,2026-01-22 03:33:05
2271,933,1417,2025-12-18,2026-01-01,2025-12-30,4.46,0.0,Returned,2025-12-18 07:37:25,2025-12-30 13:20:21
2272,492,672,2025-07-10,2025-07-24,2025-07-24,1.83,0.0,Returned,2025-07-10 09:31:16,2025-07-24 08:11:06
2273,322,1622,2025-08-26,2025-09-05,2025-08-26,2.15,0.0,Returned,2025-08-26 16:30:12,2025-08-26 16:30:12
2274,168,986,2026-01-27,2026-02-06,2026-02-04,3.09,0.0,Returned,2026-01-27 10:02:19,2026-02-04 06:01:51
2275,508,1113,2026-03-24,2026-04-03,2026-04-03,3.09,0.0,Returned,2026-03-24 00:12:47,2026-04-03 10:01:43
2276,793,1696,2025-07-13,2025-07-20,2025-07-16,1.79,0.0,Returned,2025-07-13 20:44:14,2025-07-16 07:50:09
2277,270,1716,2026-01-04,2026-01-14,2026-01-13,1.57,0.0,Returned,2026-01-04 10:44:28,2026-01-13 17:00:17
2278,236,1650,2025-07-15,2025-07-22,2025-07-21,4.36,0.0,Returned,2025-07-15 12:32:57,2025-07-21 11:21:38
2279,786,1665,2025-10-18,2025-10-25,2025-10-30,1.55,3.75,Returned,2025-10-18 18:33:06,2025-10-30 02:47:44
2280,112,1724,2025-12-05,2025-12-15,2025-12-12,3.54,0.0,Returned,2025-12-05 23:21:09,2025-12-12 06:12:23
2281,75,1304,2026-05-05,2026-05-19,2026-05-08,2.88,0.0,Returned,2026-05-05 01:27:30,2026-05-08 13:13:31
2282,132,847,2026-05-29,2026-06-12,2026-05-30,4.1,0.0,Returned,2026-05-29 16:19:31,2026-05-30 00:30:53
2283,776,1543,2025-07-20,2025-07-30,2025-08-06,2.86,5.25,Returned,2025-07-20 21:50:51,2025-08-06 01:17:32
2284,178,444,2026-05-07,2026-05-17,2026-05-16,1.01,0.0,Returned,2026-05-07 19:01:10,2026-05-16 04:07:03
2285,24,1365,2026-03-27,2026-04-06,,1.04,42.0,Overdue,2026-03-27 08:58:43,2026-03-27 08:58:43
2286,966,732,2025-07-14,2025-07-24,2025-07-27,1.72,2.25,Returned,2025-07-14 10:37:18,2025-07-27 00:29:58
2287,52,1486,2026-02-23,2026-03-09,2026-03-07,5.55,0.0,Returned,2026-02-23 05:48:07,2026-03-07 16:09:52
2288,109,593,2026-03-06,2026-03-20,2026-03-19,4.34,0.0,Returned,2026-03-06 12:59:34,2026-03-19 11:28:21
2289,494,1643,2026-03-28,2026-04-11,2026-04-01,4.66,0.0,Returned,2026-03-28 15:17:56,2026-04-01 08:44:40
2290,303,1304,2025-12-13,2025-12-20,2025-12-15,2.94,0.0,Returned,2025-12-13 22:53:12,2025-12-15 06:47:16
2291,96,366,2025-10-13,2025-10-23,2025-10-26,3.58,2.25,Returned,2025-10-13 12:45:56,2025-10-26 20:00:44
2292,534,1311,2025-11-17,2025-11-27,2025-11-25,3.57,0.0,Returned,2025-11-17 01:45:45,2025-11-25 16:54:36
2293,605,1616,2026-01-07,2026-01-17,2026-01-07,4.62,0.0,Returned,2026-01-07 00:57:36,2026-01-07 08:26:21
2294,53,554,2025-07-22,2025-08-01,2025-07-29,2.58,0.0,RETURNED,2025-07-22 06:34:46,2025-07-29 13:55:29
2295,624,1418,2026-04-19,2026-04-26,2026-04-21,2.4,0.0,Returned,2026-04-19 05:24:56,2026-04-21 23:19:11
2296,835,1127,2026-01-01,2026-01-08,2026-01-04,2.33,0.0,Returned,2026-01-01 15:02:07,2026-01-04 15:53:02
2297,693,293,2025-11-29,2025-12-09,2025-11-29,2.52,0.0,Returned,2025-11-29 18:16:30,2025-11-29 18:16:30
2298,728,1384,2025-11-05,2025-11-19,2025-11-14,1.7,0.0,Returned,2025-11-05 21:36:31,2025-11-14 00:02:01
2299,210,221,2026-02-18,2026-02-28,2026-02-22,2.86,0.0,Returned,2026-02-18 19:09:58,2026-02-22 13:04:25
2300,108,317,2026-01-16,2026-01-26,2026-01-24,4.25,0.0,Returned,2026-01-16 05:14:31,2026-01-24 17:38:24
2301,243,279,2026-01-21,2026-01-28,2026-01-25,3.42,0.0,Returned,2026-01-21 17:55:52,2026-01-25 09:27:01
2302,665,13,2026-04-03,2026-04-10,2026-04-07,2.04,0.0,Returned,2026-04-03 18:41:38,2026-04-07 03:33:47
2303,762,750,2025-10-27,2025-11-10,2025-10-31,1.57,0.0,Returned,2025-10-27 03:15:00,2025-10-31 08:56:15
2304,337,578,2025-07-09,2025-07-19,2025-07-19,2.74,0.0,Returned,2025-07-09 03:58:06,2025-07-19 07:29:14
2305,51,1733,2025-06-17,2025-06-27,2025-06-25,1.09,0.0,Returned,2025-06-17 17:41:15,2025-06-25 10:12:24
2306,286,1102,2026-03-11,2026-03-25,2026-03-14,3.98,0.0,Returned,2026-03-11 19:51:28,2026-03-14 22:10:16
2307,383,277,2025-07-06,2025-07-16,2025-07-12,2.71,0.0,Returned,2025-07-06 19:23:38,2025-07-12 18:57:55
2308,726,1165,2025-08-23,2025-09-06,2025-08-29,4.98,0.0,Returned,2025-08-23 04:12:16,2025-08-29 18:05:44
2309,425,1782,2026-01-15,2026-01-29,2026-01-17,1.37,0.0,Returned,2026-01-15 00:34:46,2026-01-17 11:19:05
2310,672,1635,2025-11-21,2025-11-28,2025-11-24,1.9,0.0,Returned,2025-11-21 08:07:18,2025-11-24 12:46:38
2311,345,1078,2026-01-23,2026-02-06,2026-02-05,3.45,0.0,Returned,2026-01-23 18:09:19,2026-02-05 05:11:44
2312,159,1077,2026-04-30,2026-05-07,2026-05-04,3.76,0.0,RETURNED,2026-04-30 16:38:09,2026-05-04 23:19:31
2313,869,978,2025-09-09,2025-09-23,2025-10-03,4.55,7.5,Returned,2025-09-09 01:51:49,2025-10-03 00:36:41
2314,847,1216,2025-12-02,2025-12-12,2025-12-22,1.59,7.5,Returned,2025-12-02 22:36:24,2025-12-22 10:06:57
2315,912,264,2026-03-08,2026-03-18,2026-03-10,8.19,0.0,Returned,2026-03-08 10:56:04,2026-03-10 15:10:31
2316,571,552,2026-03-27,2026-04-10,2026-04-18,4.48,6.0,Returned,2026-03-27 23:13:13,2026-04-18 01:45:04
2317,673,1716,2026-05-21,2026-06-04,,2.64,0.0,Active,2026-05-21 01:02:54,2026-05-21 01:02:54
2318,53,1399,2025-12-02,2025-12-09,2025-12-05,4.08,0.0,Returned,2025-12-02 00:02:27,2025-12-05 19:25:25
2319,480,1530,2025-12-31,2026-01-07,2026-01-03,2.44,0.0,Returned,2025-12-31 03:48:22,2026-01-03 01:22:58
2320,699,543,2025-08-09,2025-08-16,2025-08-21,5.88,3.75,Returned,2025-08-09 03:27:58,2025-08-21 02:46:20
2321,162,1207,2025-10-30,2025-11-09,2025-11-17,5.48,6.0,Returned,2025-10-30 06:31:34,2025-11-17 03:48:22
2322,819,843,2025-11-16,2025-11-30,2025-11-21,4.05,0.0,Returned,2025-11-16 02:08:12,2025-11-21 09:31:15
2323,542,1751,2025-06-18,2025-06-28,,6.62,253.5,Overdue,2025-06-18 00:08:38,2025-06-18 00:08:38
2324,574,177,2026-03-16,2026-03-26,2026-03-23,2.5,0.0,Returned,2026-03-16 16:01:08,2026-03-23 18:52:15
2325,776,999,2025-08-14,2025-08-24,2025-08-20,4.62,0.0,Returned,2025-08-14 16:01:04,2025-08-20 10:46:15
2326,556,241,2025-08-10,2025-08-17,2025-08-10,1.92,0.0,Returned,2025-08-10 14:57:13,2025-08-10 14:57:13
2327,785,173,2026-01-07,2026-01-14,2026-01-09,2.03,0.0,Returned,2026-01-07 18:20:20,2026-01-09 02:05:15
2328,518,1712,2025-07-29,2025-08-05,2025-07-31,2.67,0.0,Returned,2025-07-29 13:42:44,2025-07-31 19:18:32
2329,947,536,2025-09-24,2025-10-04,2025-10-02,1.86,0.0,Returned,2025-09-24 01:17:21,2025-10-02 04:42:22
2330,381,322,2025-12-03,2025-12-10,2025-12-15,2.37,3.75,Returned,2025-12-03 20:39:21,2025-12-15 11:37:54
2331,538,1571,2026-01-28,2026-02-11,2026-02-08,1.3,0.0,Returned,2026-01-28 17:17:05,2026-02-08 22:14:38
2332,496,738,2026-01-31,2026-02-07,2026-02-04,2.03,0.0,Returned,2026-01-31 17:38:26,2026-02-04 12:20:14
2333,609,1273,2025-12-09,2025-12-23,2025-12-22,3.76,0.0,Returned,2025-12-09 09:09:39,2025-12-22 22:21:46
2334,117,594,2026-02-28,2026-03-10,2026-03-04,2.81,0.0,Returned,2026-02-28 22:27:54,2026-03-04 20:55:29
2335,134,1014,2026-05-18,2026-05-25,2026-05-21,2.52,0.0,Returned,2026-05-18 06:05:12,2026-05-21 14:51:11
2336,219,77,2026-04-18,2026-04-25,2026-04-22,3.67,0.0,Returned,2026-04-18 15:13:20,2026-04-22 04:06:42
2337,701,612,2025-08-03,2025-08-17,2025-08-08,5.34,0.0,Returned,2025-08-03 23:04:53,2025-08-08 13:34:04
2338,64,1162,2025-08-14,2025-08-24,2025-08-22,4.68,0.0,Returned,2025-08-14 00:02:39,2025-08-22 16:06:49
2339,798,1611,2025-08-05,2025-08-19,2025-08-22,3.63,2.25,Returned,2025-08-05 20:22:37,2025-08-22 06:45:44
2340,132,440,2025-06-18,2025-06-28,2025-06-28,1.49,0.0,Returned,2025-06-18 21:11:57,2025-06-28 00:23:37
2341,780,1668,2025-07-19,2025-08-02,2025-07-28,1.53,0.0,Returned,2025-07-19 06:30:40,2025-07-28 09:23:39
2342,181,1519,2025-10-26,2025-11-09,2025-11-09,6.72,0.0,Returned,2025-10-26 10:10:31,2025-11-09 13:29:36
2343,876,361,2025-09-17,2025-10-01,2025-09-21,1.86,0.0,Returned,2025-09-17 00:46:49,2025-09-21 11:33:18
2344,858,1195,2025-10-02,2025-10-12,2025-10-05,6.51,0.0,Returned,2025-10-02 13:47:24,2025-10-05 19:41:55
2345,874,354,2025-07-24,2025-08-03,2025-08-01,2.13,0.0,Returned,2025-07-24 03:34:07,2025-08-01 21:10:13
2346,98,988,2026-02-19,2026-02-26,2026-03-02,2.96,3.0,Returned,2026-02-19 11:32:38,2026-03-02 22:12:01
2347,573,985,2026-04-26,2026-05-10,,3.81,16.5,Overdue,2026-04-26 12:33:08,2026-04-26 12:33:08
2348,432,236,2025-07-09,2025-07-19,2025-07-09,2.78,0.0,Returned,2025-07-09 08:08:19,2025-07-09 08:08:19
2349,943,543,2026-04-01,2026-04-15,2026-04-06,8.21,0.0,Returned,2026-04-01 06:06:07,2026-04-06 21:49:52
2350,63,1069,2026-04-14,2026-04-21,2026-04-14,4.15,0.0,Returned,2026-04-14 23:08:10,2026-04-14 23:41:13
2351,217,1540,2025-12-11,2025-12-25,,3.47,118.5,Overdue,2025-12-11 05:05:49,2025-12-11 05:05:49
2352,740,17,2025-10-07,2025-10-17,,3.15,170.25,Overdue,2025-10-07 23:22:51,2025-10-07 23:22:51
2353,244,297,2025-11-09,2025-11-16,2025-11-24,3.34,6.0,Returned,2025-11-09 00:21:06,2025-11-24 11:35:04
2354,894,1052,2026-03-31,2026-04-07,2026-04-03,1.94,0.0,Returned,2026-03-31 16:52:59,2026-04-03 18:42:04
2355,891,212,2025-09-27,2025-10-07,2025-10-03,2.8,0.0,Returned,2025-09-27 03:34:46,2025-10-03 10:56:27
2356,824,265,2026-05-25,2026-06-01,2026-05-26,4.39,0.0,Returned,2026-05-25 03:30:41,2026-05-26 02:01:18
2357,768,1293,2026-02-18,2026-02-25,2026-02-24,3.94,0.0,Returned,2026-02-18 15:33:23,2026-02-24 04:10:41
2358,692,1273,2026-04-08,2026-04-22,2026-04-22,4.73,0.0,Returned,2026-04-08 15:58:27,2026-04-22 11:32:07
2359,736,1278,2025-11-08,2025-11-18,2025-11-20,4.56,1.5,Returned,2025-11-08 12:05:53,2025-11-20 03:01:56
2360,269,1414,2025-10-05,2025-10-12,2025-10-21,6.35,6.75,Returned,2025-10-05 02:36:02,2025-10-21 02:24:39
2361,724,1364,2025-11-05,2025-11-12,,1.19,150.75,Overdue,2025-11-05 16:42:46,2025-11-05 16:42:46
2362,132,1162,2025-12-07,2025-12-21,2025-12-12,4.2,0.0,Returned,2025-12-07 12:52:22,2025-12-12 11:36:03
2363,898,1719,2026-01-03,2026-01-13,2026-01-04,2.21,0.0,Returned,2026-01-03 13:38:35,2026-01-04 15:49:36
2364,422,978,2025-10-27,2025-11-10,2025-11-10,8.69,0.0,Returned,2025-10-27 22:21:30,2025-11-10 06:23:56
2365,861,1272,2026-05-22,2026-05-29,2026-05-29,7.34,0.0,Returned,2026-05-22 00:16:25,2026-05-29 15:14:08
2366,934,22,2025-08-16,2025-08-23,2025-08-18,1.24,0.0,Returned,2025-08-16 01:41:24,2025-08-18 18:34:30
2367,742,298,2025-11-29,2025-12-09,2025-12-04,3.53,-1.5,Returned,2025-11-29 23:16:36,2025-12-04 05:51:04
2368,778,299,2025-07-08,2025-07-22,2025-07-11,3.02,0.0,Returned,2025-07-08 11:18:22,2025-07-11 00:42:18
2369,320,858,2026-05-07,2026-05-17,2026-05-17,4.01,0.0,Returned,2026-05-07 21:51:16,2026-05-17 04:19:47
2370,625,533,2025-10-31,2025-11-07,2025-11-11,1.18,3.0,Returned,2025-10-31 19:43:50,2025-11-11 19:26:51
2371,220,1504,2025-10-10,2025-10-17,2025-10-10,6.99,0.0,Returned,2025-10-10 12:07:12,2025-10-10 12:07:12
2372,308,1072,2026-05-05,2026-05-15,2026-05-07,6.88,0.0,Returned,2026-05-05 07:43:58,2026-05-07 18:04:29
2373,473,1749,2025-07-27,2025-08-06,2025-07-27,2.25,0.0,Returned,2025-07-27 15:35:58,2025-07-27 23:18:09
2374,677,1307,2026-04-01,2026-04-11,2026-04-16,2.95,3.75,Returned,2026-04-01 10:43:22,2026-04-16 22:17:18
2375,993,1176,2025-07-14,2025-07-21,2025-07-26,4.41,3.75,Returned,2025-07-14 01:11:47,2025-07-26 07:13:08
2376,423,1511,2025-10-03,2025-10-17,2025-10-09,2.1,0.0,Returned,2025-10-03 10:03:49,2025-10-09 13:58:59
2377,596,1586,2025-08-29,2025-09-08,2025-09-16,2.33,6.0,Returned,2025-08-29 11:11:25,2025-09-16 23:43:28
2378,303,1122,2025-08-26,2025-09-09,2025-08-29,1.6,0.0,Returned,2025-08-26 03:54:36,2025-08-29 05:06:52
2379,492,1686,2025-11-29,2025-12-13,2025-12-10,3.04,0.0,Returned,2025-11-29 21:29:23,2025-12-10 17:17:46
2380,228,73,2025-08-11,2025-08-21,2025-08-18,1.33,0.0,Returned,2025-08-11 04:41:32,2025-08-18 23:53:09
2381,313,1263,2025-06-15,2025-06-25,2025-06-24,3.03,0.0,Returned,2025-06-15 08:56:43,2025-06-24 18:21:08
2382,331,49,2025-12-17,2025-12-24,2025-12-23,3.41,0.0,Returned,2025-12-17 20:45:28,2025-12-23 23:04:49
2383,428,346,2025-08-08,2025-08-18,2025-08-27,3.22,6.75,Returned,2025-08-08 06:41:43,2025-08-27 07:27:20
2384,51,904,2026-02-06,2026-02-20,2026-02-13,4.15,0.0,RETURNED,2026-02-06 04:33:35,2026-02-13 15:26:01
2385,532,351,2025-10-28,2025-11-11,2025-10-29,2.53,0.0,Returned,2025-10-28 19:04:30,2025-10-29 04:55:14
2386,892,361,2026-03-25,2026-04-08,2026-04-02,1.8,0.0,Returned,2026-03-25 23:41:32,2026-04-02 23:00:40
2387,365,475,2025-09-24,2025-10-01,2025-10-03,3.52,1.5,Returned,2025-09-24 10:21:19,2025-10-03 23:32:09
2388,541,968,2026-04-12,2026-04-22,2026-04-29,4.73,5.25,Returned,2026-04-12 08:50:56,2026-04-29 00:01:27
2389,518,570,2026-02-05,2026-02-12,2026-02-10,1.98,0.0,Returned,2026-02-05 06:49:40,2026-02-10 01:12:55
2390,890,564,2025-11-20,2025-11-27,2025-11-28,1.81,0.75,Returned,2025-11-20 11:11:28,2025-11-28 11:01:35
2391,446,648,2025-11-09,2025-11-23,2025-11-29,4.06,4.5,Returned,2025-11-09 06:31:14,2025-11-29 18:51:35
2392,79,1618,2026-02-03,2026-02-13,2026-02-04,1.73,0.0,Returned,2026-02-03 21:23:37,2026-02-04 01:53:42
2393,239,1113,2026-01-30,2026-02-06,2026-02-01,2.6,0.0,Returned,2026-01-30 07:37:44,2026-02-01 13:23:24
2394,844,812,2025-09-25,2025-10-02,2025-09-25,1.36,0.0,Returned,2025-09-25 03:54:53,2025-09-25 19:02:25
2395,814,611,2026-05-24,2026-05-31,2026-05-24,7.79,0.0,Returned,2026-05-24 12:46:39,2026-05-24 21:29:39
2396,148,607,2026-02-14,2026-02-21,2026-02-16,2.44,0.0,Returned,2026-02-14 05:46:52,2026-02-16 19:56:42
2397,283,297,2025-09-13,2025-09-23,2025-09-15,2.88,0.0,Returned,2025-09-13 16:59:42,2025-09-15 12:32:45
2398,19,1463,2025-09-03,2025-09-10,2025-09-08,1.62,0.0,Returned,2025-09-03 01:07:23,2025-09-08 13:11:47
2399,721,1746,2025-08-24,2025-09-03,2025-09-02,4.32,0.0,Returned,2025-08-24 05:03:52,2025-09-02 21:13:14
2400,456,273,2026-03-23,2026-04-06,2026-03-24,2.55,0.0,Returned,2026-03-23 23:23:45,2026-03-24 00:47:20
2401,493,1640,2025-07-02,2025-07-16,,2.72,240.0,Overdue,2025-07-02 02:29:00,2025-07-02 02:29:00
2402,133,605,2025-12-16,2025-12-30,2025-12-19,1.62,0.0,Returned,2025-12-16 17:39:05,2025-12-19 14:39:05
2403,385,1744,2026-05-29,2026-06-05,2026-06-03,4.1,0.0,Returned,2026-05-29 09:28:45,2026-06-03 00:49:29
2404,13,531,2026-01-10,2026-01-20,2026-01-19,4.59,0.0,Returned,2026-01-10 23:14:18,2026-01-19 06:10:38
2405,826,967,2026-04-11,2026-04-25,2026-04-13,3.46,0.0,Returned,2026-04-11 20:48:15,2026-04-13 04:01:55
2406,231,426,2026-01-25,2026-02-08,2026-01-29,3.96,0.0,Returned,2026-01-25 11:11:52,2026-01-29 16:17:53
2407,92,867,2025-12-22,2025-12-29,2025-12-26,7.43,0.0,Returned,2025-12-22 14:48:28,2025-12-26 23:52:28
2408,154,826,2026-04-21,2026-05-05,2026-05-02,5.33,0.0,Returned,2026-04-21 06:56:51,2026-05-02 14:51:26
2409,104,1772,2026-03-12,2026-03-26,2026-03-31,6.35,3.75,Returned,2026-03-12 04:15:10,2026-03-31 10:07:33
2410,751,80,2026-04-05,2026-04-19,2026-04-08,4.54,0.0,Returned,2026-04-05 23:49:47,2026-04-08 04:16:00
2411,601,269,2025-08-21,2025-08-31,2025-09-05,1.52,3.75,Returned,2025-08-21 23:52:40,2025-09-05 07:50:48
2412,37,709,2026-04-04,2026-04-14,2026-04-08,4.95,0.0,Returned,2026-04-04 13:58:42,2026-04-08 15:51:51
2413,985,1491,2025-08-15,2025-08-25,2025-08-25,4.3,-1.5,Returned,2025-08-15 00:28:20,2025-08-25 00:14:56
2414,692,1239,2025-06-23,2025-06-30,2025-06-27,1.97,0.0,Returned,2025-06-23 02:19:36,2025-06-27 08:32:01
2415,587,26,2025-08-30,2025-09-13,2025-09-13,3.11,0.0,Returned,2025-08-30 05:57:39,2025-09-13 06:42:04
2416,186,123,2025-07-03,2025-07-10,2025-07-09,1.97,0.0,Returned,2025-07-03 11:04:55,2025-07-09 12:22:29
2417,498,1587,2026-01-05,2026-01-15,2026-01-07,1.6,0.0,Returned,2026-01-05 20:46:24,2026-01-07 23:40:53
2418,749,1066,2026-05-09,2026-05-23,2026-05-11,7.56,0.0,Returned,2026-05-09 23:53:31,2026-05-11 01:43:24
2419,520,1042,2025-11-13,2025-11-23,,1.93,142.5,Overdue,2025-11-13 14:26:40,2025-11-13 14:26:40
2420,145,974,2025-07-23,2025-08-02,2025-07-30,1.66,0.0,Returned,2025-07-23 01:31:43,2025-07-30 04:18:02
2421,648,118,2026-01-12,2026-01-26,2026-01-17,2.77,0.0,Returned,2026-01-12 02:05:02,2026-01-17 16:35:24
2422,900,1258,2026-03-27,2026-04-10,2026-04-07,3.1,0.0,Returned,2026-03-27 10:42:55,2026-04-07 00:51:41
2423,717,1046,2025-12-05,2025-12-12,,2.47,128.25,Overdue,2025-12-05 19:56:01,2025-12-05 19:56:01
2424,408,1724,2025-09-28,2025-10-12,2025-10-01,3.99,0.0,Returned,2025-09-28 06:33:52,2025-10-01 01:16:50
2425,540,683,2026-02-09,2026-02-16,2026-02-12,4.97,0.0,Returned,2026-02-09 01:02:33,2026-02-12 22:40:58
2426,227,740,2026-01-03,2026-01-10,2026-01-06,1.34,0.0,Returned,2026-01-03 20:28:25,2026-01-06 17:59:53
2427,918,1643,2025-07-29,2025-08-12,2025-08-19,3.28,5.25,Returned,2025-07-29 15:22:37,2025-08-19 09:17:20
2428,796,963,2025-08-06,2025-08-16,2025-08-09,4.72,0.0,Returned,2025-08-06 10:18:05,2025-08-09 21:12:49
2429,192,1639,2025-06-14,2025-06-21,2025-06-16,1.89,0.0,Returned,2025-06-14 20:36:45,2025-06-16 15:31:50
2430,719,753,2026-05-12,2026-05-26,2026-05-13,2.0,0.0,Returned,2026-05-12 12:30:23,2026-05-13 19:16:48
2431,737,744,2026-04-01,2026-04-11,2026-04-02,3.3,0.0,Returned,2026-04-01 03:00:54,2026-04-02 09:12:30
2432,135,458,2026-03-11,2026-03-18,2026-03-14,4.25,0.0,Returned,2026-03-11 16:15:30,2026-03-14 10:26:31
2433,171,972,2025-06-06,2025-06-13,,1.82,264.75,Overdue,2025-06-06 07:33:00,2025-06-06 07:33:00
2434,62,796,2025-10-05,2025-10-15,2025-10-10,2.86,0.0,Returned,2025-10-05 23:52:52,2025-10-10 15:32:38
2435,65,1444,2025-06-20,2025-06-27,2025-07-05,3.83,6.0,Returned,2025-06-20 02:45:15,2025-07-05 17:02:48
2436,953,1066,2026-01-16,2026-01-23,2026-01-18,4.52,0.0,Returned,2026-01-16 02:30:28,2026-01-18 07:24:18
2437,368,1364,2025-12-26,2026-01-05,2025-12-29,2.35,0.0,Returned,2025-12-26 20:49:24,2025-12-29 10:04:26
2438,599,178,2025-09-29,2025-10-09,2025-10-04,2.12,0.0,Returned,2025-09-29 22:43:46,2025-10-04 15:20:08
2439,948,25,2025-11-30,2025-12-10,2025-12-06,3.58,0.0,Returned,2025-11-30 18:43:50,2025-12-06 15:18:53
2440,635,937,2025-07-09,2025-07-19,,2.31,237.75,Overdue,2025-07-09 08:18:41,2025-07-09 08:18:41
2441,856,1321,2025-10-27,2025-11-06,2025-10-30,3.96,0.0,Returned,2025-10-27 18:52:41,2025-10-30 09:29:04
2442,778,1642,2025-11-17,2025-11-27,2025-12-02,4.81,3.75,Returned,2025-11-17 23:09:34,2025-12-02 16:31:29
2443,844,1416,2025-08-22,2025-08-29,2025-08-26,4.4,0.0,Returned,2025-08-22 07:56:16,2025-08-26 11:28:24
2444,869,1444,2025-09-15,2025-09-22,2025-09-25,4.93,2.25,Returned,2025-09-15 13:57:16,2025-09-25 19:53:05
2445,20,501,2025-11-03,2025-11-13,2025-11-05,3.63,0.0,Returned,2025-11-03 06:47:39,2025-11-05 08:48:12
2446,182,1087,2025-07-03,2025-07-17,2025-07-13,6.53,0.0,Returned,2025-07-03 02:05:16,2025-07-13 19:06:44
2447,650,1170,2025-09-02,2025-09-09,2025-09-05,2.32,0.0,Returned,2025-09-02 12:03:50,2025-09-05 15:45:51
2448,953,705,2026-05-11,2026-05-18,2026-05-17,2.32,0.0,Returned,2026-05-11 10:33:54,2026-05-17 22:50:59
2449,581,522,2026-03-12,2026-03-26,2026-03-29,3.41,2.25,Returned,2026-03-12 22:34:30,2026-03-29 21:39:32
2450,510,462,2025-06-12,2025-06-26,2025-07-01,1.42,3.75,Returned,2025-06-12 15:11:16,2025-07-01 14:41:55
2451,264,398,2025-07-04,2025-07-11,2025-07-06,4.91,0.0,Returned,2025-07-04 08:38:06,2025-07-06 08:15:07
2452,910,963,2026-01-14,2026-01-21,2026-01-15,4.12,0.0,Returned,2026-01-14 11:13:53,2026-01-15 02:15:09
2453,250,738,2026-05-03,2026-05-10,2026-05-10,1.14,0.0,Returned,2026-05-03 05:25:33,2026-05-10 08:24:36
2454,273,1048,2026-01-25,2026-02-04,2026-02-01,2.1,0.0,Returned,2026-01-25 22:32:46,2026-02-01 01:24:46
2455,605,610,2026-02-05,2026-02-19,2026-02-13,5.98,0.0,Returned,2026-02-05 07:29:28,2026-02-13 01:44:39
2456,550,916,2026-04-24,2026-05-04,2026-05-02,4.28,0.0,Returned,2026-04-24 20:47:02,2026-05-02 07:44:09
2457,236,1349,2025-08-07,2025-08-17,2025-08-11,2.78,0.0,Returned,2025-08-07 12:03:16,2025-08-11 17:56:58
2458,896,1063,2026-04-04,2026-04-18,2026-04-11,2.34,0.0,Returned,2026-04-04 07:47:58,2026-04-11 06:02:00
2459,197,1212,2025-07-16,2025-07-23,2025-07-19,4.64,0.0,Returned,2025-07-16 00:22:18,2025-07-19 04:47:26
2460,535,349,2026-05-07,2026-05-21,2026-05-07,1.76,0.0,Returned,2026-05-07 03:57:06,2026-05-07 16:44:10
2461,538,1318,2025-08-22,2025-09-01,2025-08-27,4.98,0.0,Returned,2025-08-22 19:08:47,2025-08-27 21:05:15
2462,285,1211,2026-04-06,2026-04-16,2026-04-14,4.55,0.0,Returned,2026-04-06 17:04:45,2026-04-14 12:02:14
2463,522,597,2025-11-18,2025-12-02,2025-11-28,1.8,0.0,Returned,2025-11-18 00:58:04,2025-11-28 23:08:16
2464,340,1592,2026-02-25,2026-03-07,,7.28,64.5,Overdue,2026-02-25 00:20:04,2026-02-25 00:20:04
2465,197,245,2025-09-12,2025-09-26,,1.68,186.0,Overdue,2025-09-12 09:02:51,2025-09-12 09:02:51
2466,86,1551,2025-12-26,2026-01-05,2025-12-27,3.75,0.0,Returned,2025-12-26 07:59:23,2025-12-27 06:57:30
2467,585,1365,2026-01-20,2026-01-27,2026-01-30,2.06,2.25,Returned,2026-01-20 05:01:04,2026-01-30 21:31:58
2468,182,1519,2026-04-29,2026-05-13,2026-04-29,7.31,0.0,Returned,2026-04-29 01:23:29,2026-04-29 01:31:59
2469,708,1029,2026-03-25,2026-04-08,2026-04-18,4.65,7.5,Returned,2026-03-25 20:47:53,2026-04-18 08:36:11
2470,835,1763,2025-12-29,2026-01-12,2026-01-10,2.59,0.0,Returned,2025-12-29 05:13:43,2026-01-10 06:41:13
2471,126,1632,2025-10-08,2025-10-15,2025-10-18,3.91,2.25,Returned,2025-10-08 01:36:31,2025-10-18 22:40:10
2472,596,1632,2025-11-13,2025-11-20,2025-11-16,2.73,0.0,Returned,2025-11-13 23:50:35,2025-11-16 12:53:24
2473,181,1785,2026-01-28,2026-02-04,2026-02-03,3.73,0.0,Returned,2026-01-28 12:29:38,2026-02-03 10:52:52
2474,397,1582,2025-09-19,2025-09-26,2025-09-20,2.29,0.0,Returned,2025-09-19 17:11:06,2025-09-20 16:22:29
2475,718,258,2025-11-16,2025-11-26,,3.53,140.25,Overdue,2025-11-16 14:15:33,2025-11-16 14:15:33
2476,336,365,2025-11-29,2025-12-06,2025-12-01,3.29,0.0,Returned,2025-11-29 19:36:49,2025-12-01 18:38:58
2477,36,1511,2026-03-14,2026-03-28,2026-03-14,1.87,0.0,Returned,2026-03-14 19:30:54,2026-03-14 23:37:46
2478,303,744,2025-12-05,2025-12-19,2025-12-10,4.16,0.0,Returned,2025-12-05 08:52:39,2025-12-10 12:29:18
2479,43,1647,2026-05-11,2026-05-21,2026-05-24,4.13,2.25,Returned,2026-05-11 21:34:17,2026-05-24 04:53:31
2480,478,1401,2026-03-19,2026-03-26,,2.22,50.25,Overdue,2026-03-19 09:35:33,2026-03-19 09:35:33
2481,377,983,2025-06-08,2025-06-18,2025-06-18,3.12,0.0,Returned,2025-06-08 22:04:28,2025-06-18 22:25:09
2482,72,182,2025-11-11,2025-11-25,2025-11-13,4.02,0.0,Returned,2025-11-11 07:25:05,2025-11-13 04:18:50
2483,738,1433,2026-01-02,2026-01-12,2026-01-08,1.8,0.0,Returned,2026-01-02 10:35:19,2026-01-08 23:03:29
2484,747,1328,2026-01-29,2026-02-12,2026-02-06,2.91,0.0,Returned,2026-01-29 15:18:59,2026-02-06 22:44:49
2485,268,751,2025-10-02,2025-10-12,2025-10-17,2.13,3.75,Returned,2025-10-02 03:04:20,2025-10-17 06:11:27
2486,705,602,2025-08-03,2025-08-10,,4.79,221.25,Overdue,2025-08-03 10:03:46,2025-08-03 10:03:46
2487,913,121,2026-05-16,2026-05-26,,3.86,4.5,Overdue,2026-05-16 01:23:21,2026-05-16 01:23:21
2488,180,1414,2026-03-13,2026-03-23,2026-03-15,4.35,0.0,Returned,2026-03-13 21:28:00,2026-03-15 17:43:46
2489,462,1753,2025-10-21,2025-10-28,,3.1,162.0,Overdue,2025-10-21 16:04:48,2025-10-21 16:04:48
2490,575,1646,2025-06-24,2025-07-08,2025-07-02,2.02,0.0,Returned,2025-06-24 00:53:22,2025-07-02 05:16:32
2491,942,1541,2025-11-15,2025-11-25,2025-11-21,2.78,0.0,Returned,2025-11-15 01:00:35,2025-11-21 21:31:19
2492,305,1502,2025-12-30,2026-01-13,,6.45,104.25,Overdue,2025-12-30 23:45:24,2025-12-30 23:45:24
2493,495,187,2026-03-29,2026-04-12,2026-04-19,4.3,5.25,Returned,2026-03-29 16:05:40,2026-04-19 18:32:37
2494,563,1260,2026-04-05,2026-04-19,2026-04-28,3.69,6.75,Returned,2026-04-05 19:24:46,2026-04-28 20:30:11
2495,180,612,2025-08-07,2025-08-21,2025-08-14,8.96,0.0,Returned,2025-08-07 22:10:46,2025-08-14 06:10:25
2496,11,1209,2026-04-05,2026-04-12,2026-04-06,1.44,0.0,Returned,2026-04-05 22:57:19,2026-04-06 10:42:10
2497,869,1732,2026-01-24,2026-02-03,,8.31,88.5,Overdue,2026-01-24 06:12:17,2026-01-24 06:12:17
2498,888,521,2025-11-28,2025-12-08,2025-12-03,3.8,0.0,Returned,2025-11-28 23:00:48,2025-12-03 07:45:31
2499,388,959,2026-01-23,2026-01-30,2026-01-27,6.61,0.0,Returned,2026-01-23 06:08:07,2026-01-27 19:59:01
2500,959,1127,2025-09-26,2025-10-06,,1.4,178.5,Overdue,2025-09-26 11:55:01,2025-09-26 11:55:01
2501,842,164,2026-03-31,2026-04-07,2026-04-12,4.43,3.75,Returned,2026-03-31 23:21:09,2026-04-12 02:13:48
2502,434,438,2026-03-30,2026-04-13,2026-04-02,1.51,0.0,Returned,2026-03-30 02:25:48,2026-04-02 12:02:08
2503,814,1456,2026-04-06,2026-04-13,2026-04-12,4.92,0.0,Returned,2026-04-06 22:01:49,2026-04-12 04:17:15
2504,904,807,2025-06-26,2025-07-03,2025-06-28,1.98,0.0,Returned,2025-06-26 12:06:37,2025-06-28 18:48:14
2505,299,580,2026-05-07,2026-05-21,2026-05-07,3.77,0.0,Returned,2026-05-07 14:37:28,2026-05-07 15:41:12
2506,944,970,2025-11-24,2025-12-01,2025-12-01,2.0,0.0,Returned,2025-11-24 15:32:05,2025-12-01 18:11:34
2507,347,659,2025-07-18,2025-07-25,2025-07-25,3.73,0.0,Returned,2025-07-18 08:03:22,2025-07-25 05:07:38
2508,816,71,2025-10-05,2025-10-12,2025-10-12,2.35,0.0,Returned,2025-10-05 20:14:00,2025-10-12 02:57:17
2509,547,1310,2025-12-03,2025-12-10,2025-12-10,2.88,0.0,Returned,2025-12-03 00:12:52,2025-12-10 01:47:58
2510,547,1100,2025-10-30,2025-11-09,2025-11-04,2.66,0.0,Returned,2025-10-30 22:51:46,2025-11-04 07:36:36
2511,552,1587,2026-01-27,2026-02-06,2026-01-29,1.88,0.0,Returned,2026-01-27 13:26:24,2026-01-29 13:25:31
2512,967,1001,2025-08-27,2025-09-06,2025-09-01,1.26,0.0,Returned,2025-08-27 04:37:26,2025-09-01 11:58:50
2513,870,1361,2025-09-12,2025-09-22,2025-09-22,2.31,0.0,Returned,2025-09-12 05:31:28,2025-09-22 16:11:42
2514,445,1379,2026-04-04,2026-04-11,2026-04-12,2.61,0.75,Returned,2026-04-04 08:04:01,2026-04-12 20:33:33
2515,802,663,2026-03-19,2026-04-02,2026-03-24,1.46,0.0,Returned,2026-03-19 11:48:40,2026-03-24 19:29:29
2516,653,1722,2025-06-21,2025-07-01,2025-06-26,1.54,0.0,Returned,2025-06-21 23:35:33,2025-06-26 17:47:33
2517,781,916,2025-09-14,2025-09-21,2025-09-21,2.54,0.0,Returned,2025-09-14 23:49:07,2025-09-21 08:50:53
2518,515,911,2026-04-15,2026-04-25,2026-04-24,4.64,0.0,Returned,2026-04-15 17:42:37,2026-04-24 11:30:39
2519,798,975,2025-12-04,2025-12-18,2025-12-22,1.97,3.0,Returned,2025-12-04 10:31:47,2025-12-22 00:33:40
2520,680,584,2026-05-15,2026-05-25,2026-05-17,4.37,0.0,Returned,2026-05-15 16:06:37,2026-05-17 16:47:47
2521,128,593,2025-10-18,2025-10-28,2025-10-26,3.3,0.0,Returned,2025-10-18 01:41:08,2025-10-26 21:36:24
2522,60,973,2025-06-12,2025-06-22,2025-06-16,1.83,0.0,Returned,2025-06-12 06:00:14,2025-06-16 08:08:51
2523,934,1705,2025-07-04,2025-07-11,,2.75,243.75,Overdue,2025-07-04 09:48:19,2025-07-04 09:48:19
2524,255,1754,2026-03-24,2026-04-07,2026-04-05,3.56,0.0,Returned,2026-03-24 04:38:08,2026-04-05 07:24:07
2525,844,1744,2026-01-06,2026-01-13,2026-01-11,2.71,0.0,Returned,2026-01-06 01:32:34,2026-01-11 23:56:20
2526,522,1712,2025-10-12,2025-10-22,2025-11-01,2.46,7.5,Returned,2025-10-12 03:53:24,2025-11-01 04:47:32
2527,482,673,2026-01-02,2026-01-09,2026-01-05,2.4,0.0,Returned,2026-01-02 22:35:52,2026-01-05 18:23:43
2528,524,1699,2025-10-05,2025-10-12,2025-10-12,1.91,0.0,Returned,2025-10-05 21:03:57,2025-10-12 14:05:38
2529,126,304,2025-10-16,2025-10-30,2025-10-20,4.88,0.0,Returned,2025-10-16 07:42:18,2025-10-20 06:22:56
2530,976,987,2026-01-26,2026-02-09,,4.3,84.0,Overdue,2026-01-26 03:56:28,2026-01-26 03:56:28
2531,562,210,2025-08-09,2025-08-16,2025-08-15,4.63,0.0,Returned,2025-08-09 23:49:01,2025-08-15 09:22:56
2532,836,1677,2026-05-19,2026-05-29,2026-05-20,4.14,0.0,Returned,2026-05-19 16:04:19,2026-05-20 07:13:40
2533,597,1756,2025-10-01,2025-10-11,2025-10-12,1.51,0.75,Returned,2025-10-01 04:20:01,2025-10-12 13:37:00
2534,934,1261,2026-04-19,2026-04-29,2026-04-23,4.24,0.0,Returned,2026-04-19 21:26:08,2026-04-23 03:40:55
2535,51,1369,2025-11-01,2025-11-15,2025-11-12,3.38,0.0,Returned,2025-11-01 06:16:36,2025-11-12 13:16:14
2536,671,213,2025-09-02,2025-09-16,2025-09-12,2.81,0.0,Returned,2025-09-02 11:56:00,2025-09-12 07:48:12
2537,50,1641,2025-12-03,2025-12-13,2025-12-15,3.65,1.5,Returned,2025-12-03 23:12:44,2025-12-15 06:48:30
2538,722,1784,2026-04-09,2026-04-19,2026-04-15,4.8,0.0,Returned,2026-04-09 01:07:32,2026-04-15 02:58:20
2539,213,1000,2026-03-02,2026-03-16,2026-03-19,3.62,2.25,Returned,2026-03-02 00:33:29,2026-03-19 23:41:11
2540,815,176,2026-04-26,2026-05-06,2026-04-27,1.14,0.0,Returned,2026-04-26 23:46:36,2026-04-27 05:05:00
2541,174,104,2025-09-21,2025-10-05,2025-10-02,1.47,0.0,Returned,2025-09-21 16:28:10,2025-10-02 00:53:33
2542,768,1246,2025-11-07,2025-11-17,2025-11-27,1.96,7.5,Returned,2025-11-07 02:27:30,2025-11-27 16:29:47
2543,713,172,2025-10-02,2025-10-12,2025-10-22,2.08,7.5,Returned,2025-10-02 15:22:33,2025-10-22 16:45:58
2544,58,1218,2026-01-05,2026-01-12,2026-01-10,2.79,0.0,Returned,2026-01-05 01:29:20,2026-01-10 04:08:06
2545,920,158,2026-04-06,2026-04-16,2026-04-07,2.06,0.0,Returned,2026-04-06 21:38:14,2026-04-07 05:03:52
2546,549,635,2026-05-28,2026-06-11,2026-06-01,1.03,5.25,Returned,2026-05-28 02:30:45,2026-06-01 19:28:00
2547,33,599,2025-11-13,2025-11-20,2025-11-23,2.52,2.25,Returned,2025-11-13 20:36:13,2025-11-23 00:29:05
2548,7,1454,2025-12-05,2025-12-12,2025-12-10,2.65,0.0,Returned,2025-12-05 06:18:36,2025-12-10 07:44:59
2549,580,701,2025-10-17,2025-10-31,2025-10-17,2.5,0.0,Returned,2025-10-17 06:43:27,2025-10-17 13:38:47
2550,537,686,2026-03-15,2026-03-25,2026-03-28,4.83,2.25,Returned,2026-03-15 18:39:00,2026-03-28 06:11:40
2551,659,1015,2026-03-25,2026-04-08,2026-03-27,1.99,0.0,Returned,2026-03-25 18:32:52,2026-03-27 15:44:52
2552,74,1418,2025-10-07,2025-10-21,,1.68,167.25,Overdue,2025-10-07 09:31:50,2025-10-07 09:31:50
2553,985,1218,2025-06-06,2025-06-16,2025-06-14,4.07,0.0,Returned,2025-06-06 11:03:23,2025-06-14 19:53:46
2554,750,188,2025-12-31,2026-01-14,2026-01-04,2.69,0.0,Returned,2025-12-31 04:33:07,2026-01-04 12:56:47
2555,157,1158,2025-08-30,2025-09-09,,6.67,198.75,Overdue,2025-08-30 10:52:55,2025-08-30 10:52:55
2556,671,1379,2026-01-22,2026-01-29,2026-01-29,3.47,0.0,Returned,2026-01-22 20:15:21,2026-01-29 10:51:07
2557,738,1243,2026-05-23,2026-05-30,2026-05-25,3.09,0.0,Returned,2026-05-23 10:50:13,2026-05-25 13:04:45
2558,149,1641,2025-12-11,2025-12-21,2025-12-25,3.49,3.0,Returned,2025-12-11 13:40:20,2025-12-25 06:06:04
2559,258,1436,2026-05-13,2026-05-20,2026-05-17,1.73,0.0,Returned,2026-05-13 03:59:10,2026-05-17 04:17:01
2560,476,524,2025-08-10,2025-08-24,2025-08-24,4.79,0.0,Returned,2025-08-10 12:26:23,2025-08-24 10:27:05
2561,16,1494,2025-10-06,2025-10-20,2025-10-20,2.81,0.0,Returned,2025-10-06 06:54:30,2025-10-20 18:34:29
2562,272,867,2026-01-28,2026-02-11,2026-02-10,5.18,0.0,Returned,2026-01-28 10:28:38,2026-02-10 02:25:49
2563,26,1186,2026-03-06,2026-03-20,2026-03-13,2.61,0.0,Returned,2026-03-06 10:43:21,2026-03-13 03:28:24
2564,75,1619,2025-08-13,2025-08-27,2025-08-29,2.55,1.5,Returned,2025-08-13 03:28:19,2025-08-29 14:44:03
2565,397,648,2025-10-04,2025-10-11,2025-10-08,3.46,0.0,Returned,2025-10-04 23:08:21,2025-10-08 16:25:38
2566,300,1705,2025-11-19,2025-12-03,2025-11-30,3.02,0.0,Returned,2025-11-19 01:00:11,2025-11-30 07:01:22
2567,22,1547,2026-02-14,2026-02-28,2026-02-19,2.59,0.0,Returned,2026-02-14 04:07:13,2026-02-19 18:25:44
2568,563,1646,2026-03-31,2026-04-10,2026-04-14,1.84,3.0,Returned,2026-03-31 01:58:16,2026-04-14 01:51:46
2569,686,214,2025-11-20,2025-12-04,2025-11-28,2.76,0.0,Returned,2025-11-20 13:08:32,2025-11-28 17:00:20
2570,168,1505,2025-11-12,2025-11-19,,4.39,145.5,Overdue,2025-11-12 05:58:52,2025-11-12 05:58:52
2571,399,440,2025-11-13,2025-11-23,2025-11-16,1.96,0.0,Returned,2025-11-13 05:40:16,2025-11-16 08:55:43
2572,730,1624,2025-10-05,2025-10-15,2025-10-06,1.93,0.0,Returned,2025-10-05 17:03:42,2025-10-06 14:06:58
2573,904,1335,2025-11-01,2025-11-15,2025-11-04,4.85,0.0,Returned,2025-11-01 02:47:23,2025-11-04 00:58:39
2574,540,901,2026-01-11,2026-01-21,2026-01-12,4.93,0.0,Returned,2026-01-11 03:27:28,2026-01-12 16:08:37
2575,449,544,2026-03-17,2026-03-24,2026-03-28,8.09,3.0,Returned,2026-03-17 12:45:31,2026-03-28 16:05:50
2576,805,190,2025-06-23,2025-06-30,2025-06-29,3.54,-1.5,Returned,2025-06-23 09:48:09,2025-06-29 07:12:36
2577,85,1651,2025-10-05,2025-10-15,2025-10-14,4.53,0.0,Returned,2025-10-05 14:07:21,2025-10-14 04:34:40
2578,24,472,2026-03-19,2026-03-26,2026-03-21,1.32,0.0,Returned,2026-03-19 08:55:23,2026-03-21 02:41:36
2579,800,439,2025-11-05,2025-11-15,2025-11-10,1.58,0.0,Returned,2025-11-05 02:23:19,2025-11-10 18:19:33
2580,852,1574,2025-12-09,2025-12-19,2025-12-16,3.13,0.0,Returned,2025-12-09 09:01:46,2025-12-16 06:43:46
2581,6,1483,2025-10-29,2025-11-12,2025-11-02,5.18,0.0,Returned,2025-10-29 14:32:27,2025-11-02 17:09:36
2582,529,783,2025-09-09,2025-09-19,2025-09-18,4.35,0.0,Returned,2025-09-09 23:57:38,2025-09-18 05:15:31
2583,422,1784,2026-01-16,2026-01-30,2026-02-01,3.17,1.5,Returned,2026-01-16 17:03:45,2026-02-01 16:03:48
2584,195,930,2025-10-05,2025-10-12,2025-10-05,2.64,0.0,Returned,2025-10-05 14:40:37,2025-10-05 14:40:37
2585,6,360,2025-09-27,2025-10-04,2025-09-27,2.66,0.0,Returned,2025-09-27 12:42:46,2025-09-27 15:15:44
2586,460,659,2025-09-19,2025-09-26,2025-09-21,3.64,0.0,Returned,2025-09-19 12:32:00,2025-09-21 07:52:49
2587,695,542,2025-06-24,2025-07-04,2025-06-29,1.52,0.0,Returned,2025-06-24 12:42:15,2025-06-29 21:11:36
2588,734,738,2025-09-02,2025-09-09,2025-09-09,2.32,0.0,Returned,2025-09-02 06:31:08,2025-09-09 19:59:39
2589,728,1748,2026-03-03,2026-03-13,2026-03-23,1.59,7.5,Returned,2026-03-03 01:31:21,2026-03-23 21:58:12
2590,471,1257,2026-01-28,2026-02-11,2026-02-03,3.91,0.0,Returned,2026-01-28 01:10:50,2026-02-03 21:23:55
2591,779,1013,2026-01-25,2026-02-08,2026-02-08,2.76,0.0,Returned,2026-01-25 11:33:47,2026-02-08 10:16:08
2592,503,121,2025-08-22,2025-09-01,2025-08-30,3.04,0.0,Returned,2025-08-22 17:30:17,2025-08-30 21:55:54
2593,510,1575,2026-02-28,2026-03-14,2026-03-14,1.59,0.0,Returned,2026-02-28 00:28:53,2026-03-14 09:28:09
2594,498,145,2025-10-30,2025-11-13,2025-11-15,2.94,1.5,Returned,2025-10-30 19:01:16,2025-11-15 09:08:04
2595,168,1589,2025-11-05,2025-11-15,2025-11-07,1.59,0.0,Returned,2025-11-05 22:50:01,2025-11-07 12:04:38
2596,320,510,2025-06-07,2025-06-17,2025-06-11,2.13,0.0,Returned,2025-06-07 02:19:39,2025-06-11 21:24:37
2597,31,958,2026-01-05,2026-01-19,2026-01-10,6.31,0.0,Returned,2026-01-05 23:03:57,2026-01-10 04:42:28
2598,592,715,2025-10-12,2025-10-26,2025-11-03,5.73,6.0,Returned,2025-10-12 01:42:15,2025-11-03 07:21:45
2599,205,808,2026-02-04,2026-02-14,2026-02-10,2.45,0.0,Returned,2026-02-04 22:15:25,2026-02-10 17:29:37
2600,780,597,2025-06-21,2025-07-01,2025-06-27,2.0,0.0,Returned,2025-06-21 15:00:25,2025-06-27 13:54:02
2601,840,450,2026-04-10,2026-04-24,2026-04-15,3.28,0.0,Returned,2026-04-10 03:59:33,2026-04-15 15:21:24
2602,649,375,2025-10-14,2025-10-28,2025-10-20,2.11,0.0,Returned,2025-10-14 08:46:36,2025-10-20 03:59:48
2603,12,440,2025-11-17,2025-11-24,2025-11-24,2.12,0.0,Returned,2025-11-17 10:20:33,2025-11-24 18:30:52
2604,982,681,2025-12-25,2026-01-04,2025-12-27,4.95,0.0,Returned,2025-12-25 21:18:31,2025-12-27 03:08:34
2605,101,236,2026-04-23,2026-05-03,2026-05-01,1.65,0.0,Returned,2026-04-23 19:17:43,2026-05-01 14:11:48
2606,963,1656,2025-06-18,2025-07-02,2025-07-02,1.87,0.0,Returned,2025-06-18 20:28:31,2025-07-02 08:05:47
2607,437,1111,2026-03-18,2026-03-28,2026-04-05,3.06,6.0,Returned,2026-03-18 11:21:04,2026-04-05 03:42:33
2608,518,1103,2025-10-26,2025-11-02,2025-11-04,2.33,1.5,Returned,2025-10-26 16:27:15,2025-11-04 11:38:42
2609,219,175,2025-07-19,2025-08-02,2025-07-26,2.05,0.0,Returned,2025-07-19 08:34:40,2025-07-26 18:20:31
2610,786,1683,2025-08-07,2025-08-21,2025-08-15,4.13,0.0,Returned,2025-08-07 19:17:38,2025-08-15 04:58:19
2611,993,208,2025-09-08,2025-09-22,2025-09-19,4.14,0.0,Returned,2025-09-08 14:51:30,2025-09-19 13:20:43
2612,948,660,2025-11-21,2025-12-05,2025-12-05,2.96,0.0,Returned,2025-11-21 07:04:56,2025-12-05 12:52:26
2613,126,826,2026-01-25,2026-02-01,2026-01-30,6.96,0.0,Returned,2026-01-25 03:38:09,2026-01-30 08:08:16
2614,120,1091,2025-07-25,2025-08-08,2025-08-16,2.32,6.0,Returned,2025-07-25 20:06:17,2025-08-16 16:59:18
2615,37,1286,2025-08-18,2025-08-28,2025-08-18,3.13,0.0,Returned,2025-08-18 13:49:44,2025-08-18 22:33:44
2616,131,490,2025-09-28,2025-10-05,2025-10-01,1.55,0.0,Returned,2025-09-28 13:05:23,2025-10-01 11:18:43
2617,74,1215,2026-03-12,2026-03-26,2026-03-18,2.95,0.0,Returned,2026-03-12 08:04:39,2026-03-18 23:43:19
2618,447,704,2025-12-06,2025-12-20,2025-12-21,2.9,0.75,Returned,2025-12-06 04:32:27,2025-12-21 06:22:49
2619,352,1252,2026-03-06,2026-03-16,2026-03-15,4.44,0.0,Returned,2026-03-06 20:17:24,2026-03-15 08:08:05
2620,974,221,2026-04-09,2026-04-23,2026-04-18,2.35,0.0,Returned,2026-04-09 21:05:45,2026-04-18 19:42:16
2621,196,1504,2026-04-01,2026-04-08,2026-04-07,5.61,0.0,Returned,2026-04-01 17:59:25,2026-04-07 23:08:36
2622,615,986,2025-06-29,2025-07-13,2025-06-29,4.25,0.0,Returned,2025-06-29 13:16:39,2025-06-29 22:48:16
2623,333,1633,2025-06-17,2025-06-27,2025-07-01,4.25,3.0,Returned,2025-06-17 15:39:38,2025-07-01 22:53:58
2624,721,835,2025-12-21,2025-12-28,,1.57,116.25,Overdue,2025-12-21 18:50:06,2025-12-21 18:50:06
2625,692,767,2025-12-15,2025-12-25,2025-12-16,4.95,0.0,Returned,2025-12-15 18:28:57,2025-12-16 06:56:35
2626,252,1200,2025-11-25,2025-12-05,2025-11-30,3.0,0.0,Returned,2025-11-25 03:59:53,2025-11-30 03:48:23
2627,90,890,2025-11-23,2025-12-07,2025-11-30,4.49,0.0,Returned,2025-11-23 11:07:10,2025-11-30 23:57:49
2628,565,1601,2026-05-27,2026-06-10,2026-06-09,3.49,0.0,Returned,2026-05-27 19:54:58,2026-06-09 12:39:42
2629,376,479,2026-03-19,2026-03-26,2026-03-25,3.38,0.0,Returned,2026-03-19 22:27:28,2026-03-25 02:51:17
2630,191,1269,2025-07-29,2025-08-05,2025-08-11,4.81,4.5,Returned,2025-07-29 05:07:24,2025-08-11 00:51:51
2631,67,1470,2026-04-02,2026-04-12,2026-04-04,1.72,0.0,Returned,2026-04-02 16:56:59,2026-04-04 07:28:46
2632,974,498,2025-12-07,2025-12-21,2025-12-10,2.31,0.0,Returned,2025-12-07 17:48:32,2025-12-10 12:14:33
2633,602,1363,2025-09-04,2025-09-18,2025-09-07,2.66,-1.5,Returned,2025-09-04 13:42:17,2025-09-07 12:59:27
2634,227,1445,2025-07-27,2025-08-06,,4.09,224.25,Overdue,2025-07-27 16:44:05,2025-07-27 16:44:05
2635,469,1079,2026-03-08,2026-03-22,2026-03-26,3.6,3.0,Returned,2026-03-08 12:26:20,2026-03-26 16:06:41
2636,322,1639,2025-07-18,2025-08-01,2025-07-31,2.38,0.0,Returned,2025-07-18 16:55:47,2025-07-31 03:23:00
2637,539,1658,2025-06-11,2025-06-25,2025-06-12,2.62,0.0,Returned,2025-06-11 15:01:14,2025-06-12 18:13:19
2638,708,1400,2025-10-07,2025-10-21,2025-10-16,1.72,0.0,Returned,2025-10-07 17:34:36,2025-10-16 20:58:55
2639,259,173,2026-01-31,2026-02-07,2026-01-31,2.14,0.0,Returned,2026-01-31 00:07:39,2026-01-31 15:03:49
2640,259,836,2026-05-06,2026-05-20,2026-05-10,1.78,0.0,Returned,2026-05-06 04:57:02,2026-05-10 17:25:14
2641,159,1079,2025-09-14,2025-09-21,2025-09-19,2.8,0.0,Returned,2025-09-14 15:30:30,2025-09-19 17:27:32
2642,916,480,2025-06-22,2025-07-02,2025-06-28,1.96,0.0,Returned,2025-06-22 16:34:43,2025-06-28 08:54:56
2643,278,1410,2025-06-18,2025-06-25,2025-06-22,2.19,0.0,Returned,2025-06-18 14:37:44,2025-06-22 07:33:07
2644,688,1237,2025-06-09,2025-06-16,2025-06-10,2.8,0.0,Returned,2025-06-09 06:53:32,2025-06-10 23:26:10
2645,34,75,2026-05-07,2026-05-17,2026-05-16,3.1,0.0,Returned,2026-05-07 23:35:37,2026-05-16 03:58:44
2646,797,847,2025-12-08,2025-12-15,2025-12-12,2.54,0.0,Returned,2025-12-08 21:37:02,2025-12-12 03:57:56
2647,727,901,2026-03-06,2026-03-20,2026-03-12,3.05,0.0,Returned,2026-03-06 21:48:32,2026-03-12 10:04:25
2648,763,826,2026-04-19,2026-04-29,2026-04-19,8.53,0.0,Returned,2026-04-19 09:31:22,2026-04-19 13:44:09
2649,753,1092,2025-12-02,2025-12-09,2025-12-07,2.19,0.0,Returned,2025-12-02 16:10:20,2025-12-07 00:49:03
2650,551,910,2025-08-19,2025-08-26,2025-08-20,4.65,0.0,Returned,2025-08-19 05:33:41,2025-08-20 08:38:49
2651,985,677,2025-11-24,2025-12-04,2025-12-10,2.29,4.5,RETURNED,2025-11-24 07:05:11,2025-12-10 07:58:47
2652,530,1414,2026-03-12,2026-03-26,2026-04-01,8.5,4.5,Returned,2026-03-12 11:47:50,2026-04-01 22:47:32
2653,979,1062,2025-11-21,2025-12-05,,2.31,133.5,OVERDUE,2025-11-21 07:24:18,2025-11-21 07:24:18
2654,566,311,2025-11-30,2025-12-14,,4.42,126.75,Overdue,2025-11-30 12:25:09,2025-11-30 12:25:09
2655,948,1508,2026-04-07,2026-04-21,2026-04-18,2.89,0.0,Returned,2026-04-07 00:26:24,2026-04-18 22:40:04
2656,875,77,2026-03-26,2026-04-05,2026-04-10,4.79,3.75,Returned,2026-03-26 19:19:50,2026-04-10 00:02:29
2657,388,1470,2025-10-07,2025-10-14,2025-10-08,1.55,0.0,Returned,2025-10-07 21:10:10,2025-10-08 05:15:37
2658,641,1655,2025-09-01,2025-09-11,2025-09-07,1.85,0.0,Returned,2025-09-01 09:06:02,2025-09-07 03:50:54
2659,334,1126,2026-04-26,2026-05-06,,1.14,19.5,Overdue,2026-04-26 07:13:13,2026-04-26 07:13:13
2660,719,140,2025-06-06,2025-06-13,2025-06-12,2.88,0.0,Returned,2025-06-06 03:28:00,2025-06-12 09:22:09
2661,542,56,2026-04-26,2026-05-03,2026-05-01,3.76,0.0,Returned,2026-04-26 22:25:33,2026-05-01 07:30:03
2662,980,614,2025-12-15,2025-12-25,,7.87,118.5,Overdue,2025-12-15 02:41:16,2025-12-15 02:41:16
2663,745,770,2026-01-31,2026-02-07,2026-01-31,2.21,0.0,Returned,2026-01-31 05:53:54,2026-01-31 17:09:54
2664,290,1752,2025-09-05,2025-09-12,2025-09-11,8.32,0.0,Returned,2025-09-05 13:53:51,2025-09-11 17:39:42
2665,471,537,2025-10-27,2025-11-06,2025-10-28,1.99,0.0,Returned,2025-10-27 19:14:07,2025-10-28 09:44:30
2666,945,297,2025-11-04,2025-11-18,2025-11-24,4.7,4.5,Returned,2025-11-04 03:20:32,2025-11-24 15:43:05
2667,1,1361,2025-09-03,2025-09-13,2025-09-08,1.25,0.0,Returned,2025-09-03 08:02:26,2025-09-08 20:56:13
2668,306,349,2026-01-19,2026-01-29,2026-01-24,1.44,0.0,Returned,2026-01-19 01:22:07,2026-01-24 23:27:41
2669,58,1720,2025-07-13,2025-07-23,2025-07-22,1.18,0.0,Returned,2025-07-13 06:16:00,2025-07-22 05:06:53
2670,792,1168,2026-01-06,2026-01-13,2026-01-06,1.19,0.0,Returned,2026-01-06 08:28:08,2026-01-06 09:00:01
2671,236,1070,2025-06-14,2025-06-28,2025-06-24,6.6,0.0,Returned,2025-06-14 04:58:14,2025-06-24 12:05:07
2672,758,556,2026-01-26,2026-02-02,2026-01-28,2.23,0.0,Returned,2026-01-26 07:35:25,2026-01-28 00:38:16
2673,889,1708,2025-09-05,2025-09-15,2025-09-07,4.39,0.0,Returned,2025-09-05 09:28:03,2025-09-07 12:30:37
2674,555,711,2025-09-01,2025-09-08,2025-09-15,1.53,5.25,Returned,2025-09-01 15:48:35,2025-09-15 02:07:45
2675,1,75,2026-04-02,2026-04-09,2026-04-03,3.97,0.0,Returned,2026-04-02 11:03:10,2026-04-03 01:22:31
2676,181,223,2026-04-20,2026-04-30,2026-04-21,2.69,0.0,Returned,2026-04-20 07:47:24,2026-04-21 17:34:37
2677,950,1662,2025-06-08,2025-06-18,2025-06-24,4.41,4.5,Returned,2025-06-08 21:20:26,2025-06-24 00:42:02
2678,660,711,2025-09-12,2025-09-19,2025-09-20,2.86,0.75,Returned,2025-09-12 05:54:57,2025-09-20 23:40:29
2679,343,602,2026-05-12,2026-05-26,2026-05-30,4.24,3.0,Returned,2026-05-12 07:03:56,2026-05-30 01:59:29
2680,436,809,2025-10-14,2025-10-21,2025-10-21,1.96,0.0,Returned,2025-10-14 21:12:46,2025-10-21 15:12:10
2681,428,108,2025-09-18,2025-09-28,2025-09-19,3.31,0.0,Returned,2025-09-18 07:02:27,2025-09-19 04:28:22
2682,512,579,2026-01-23,2026-02-02,2026-02-11,4.67,6.75,Returned,2026-01-23 10:09:26,2026-02-11 01:33:32
2683,172,1686,2025-06-20,2025-06-30,2025-06-30,2.78,0.0,Returned,2025-06-20 19:11:51,2025-06-30 07:49:19
2684,586,914,2025-07-16,2025-07-30,2025-08-04,4.02,3.75,Returned,2025-07-16 19:06:22,2025-08-04 21:30:01
2685,919,178,2026-03-10,2026-03-17,2026-03-14,1.99,0.0,Returned,2026-03-10 08:33:01,2026-03-14 04:28:06
2686,149,329,2026-01-29,2026-02-08,2026-02-01,7.78,0.0,Returned,2026-01-29 13:53:48,2026-02-01 15:01:24
2687,705,580,2025-06-20,2025-07-04,2025-06-21,3.67,0.0,Returned,2025-06-20 15:27:31,2025-06-21 10:30:53
2688,213,1690,2026-04-24,2026-05-04,2026-04-28,4.55,0.0,Returned,2026-04-24 11:39:35,2026-04-28 17:02:28
2689,878,1658,2025-12-27,2026-01-03,2026-01-01,2.5,0.0,Returned,2025-12-27 20:12:47,2026-01-01 07:58:06
2690,327,808,2026-05-07,2026-05-21,,1.85,8.25,Overdue,2026-05-07 19:52:07,2026-05-07 19:52:07
2691,623,933,2025-08-01,2025-08-15,2025-08-12,1.17,0.0,Returned,2025-08-01 19:29:19,2025-08-12 10:06:05
2692,661,178,2026-05-14,2026-05-24,2026-05-20,1.56,0.0,Returned,2026-05-14 01:08:02,2026-05-20 05:57:45
2693,142,1502,2025-07-11,2025-07-18,2025-07-12,4.26,0.0,Returned,2025-07-11 14:03:01,2025-07-12 15:53:23
2694,288,1272,2025-09-01,2025-09-15,2025-09-14,4.2,0.0,Returned,2025-09-01 14:40:16,2025-09-14 16:45:02
2695,139,1294,2025-12-26,2026-01-05,2025-12-28,3.6,0.0,Returned,2025-12-26 00:53:28,2025-12-28 23:03:24
2696,590,157,2025-08-27,2025-09-06,2025-09-08,2.49,1.5,Returned,2025-08-27 08:09:12,2025-09-08 23:07:53
2697,734,1205,2025-10-09,2025-10-16,2025-10-13,7.97,0.0,Returned,2025-10-09 11:34:03,2025-10-13 13:18:17
2698,659,1677,2025-06-18,2025-06-28,2025-06-23,2.86,0.0,Returned,2025-06-18 14:49:52,2025-06-23 04:58:59
2699,345,1055,2025-09-01,2025-09-11,2025-09-09,2.66,0.0,Returned,2025-09-01 07:36:08,2025-09-09 00:55:41
2700,733,564,2025-11-16,2025-11-23,2025-11-20,2.64,0.0,Returned,2025-11-16 17:20:40,2025-11-20 20:53:10
2701,592,1344,2025-06-12,2025-06-19,2025-06-17,3.11,0.0,Returned,2025-06-12 20:15:10,2025-06-17 07:50:56
2702,550,49,2026-03-09,2026-03-23,2026-03-18,2.7,0.0,Returned,2026-03-09 03:59:01,2026-03-18 04:48:15
2703,652,919,2025-11-16,2025-11-30,2025-12-04,1.97,3.0,Returned,2025-11-16 00:06:42,2025-12-04 15:48:06
2704,70,1217,2025-10-02,2025-10-16,2025-10-09,2.96,0.0,Returned,2025-10-02 17:03:06,2025-10-09 14:09:48
2705,445,869,2025-11-13,2025-11-27,2025-11-24,6.72,0.0,Returned,2025-11-13 15:44:38,2025-11-24 05:35:32
2706,922,155,2026-04-24,2026-05-08,2026-05-08,6.14,0.0,Returned,2026-04-24 16:20:42,2026-05-08 18:07:16
2707,673,1108,2026-02-01,2026-02-11,2026-02-07,2.9,0.0,Returned,2026-02-01 07:19:42,2026-02-07 06:53:58
2708,767,879,2026-04-02,2026-04-09,2026-04-13,1.7,3.0,Returned,2026-04-02 00:08:26,2026-04-13 13:59:50
2709,737,1645,2025-07-11,2025-07-21,2025-07-22,1.65,0.75,Returned,2025-07-11 02:40:02,2025-07-22 22:30:21
2710,8,1559,2025-06-24,2025-07-01,2025-06-28,4.88,-1.5,Returned,2025-06-24 11:42:34,2025-06-28 06:23:17
2711,257,1449,2025-07-18,2025-07-25,2025-07-18,4.27,0.0,Returned,2025-07-18 09:38:35,2025-07-18 11:35:30
2712,730,1758,2026-01-03,2026-01-13,,2.36,104.25,Overdue,2026-01-03 16:41:41,2026-01-03 16:41:41
2713,786,1143,2026-02-16,2026-02-26,2026-02-26,3.87,0.0,Returned,2026-02-16 13:06:46,2026-02-26 06:52:53
2714,19,1249,2025-11-24,2025-12-08,2025-12-03,2.65,0.0,Returned,2025-11-24 07:29:33,2025-12-03 01:45:27
2715,810,1005,2026-02-09,2026-02-23,2026-02-17,2.04,0.0,Returned,2026-02-09 16:56:10,2026-02-17 07:33:58
2716,440,820,2026-01-29,2026-02-08,2026-02-04,4.56,0.0,RETURNED,2026-01-29 08:30:01,2026-02-04 11:50:29
2717,78,333,2025-11-08,2025-11-15,2025-11-08,1.23,0.0,Returned,2025-11-08 05:08:57,2025-11-08 18:43:32
2718,934,1685,2025-09-19,2025-09-26,,3.9,186.0,Overdue,2025-09-19 16:27:03,2025-09-19 16:27:03
2719,167,1368,2025-08-28,2025-09-04,2025-09-02,2.7,0.0,Returned,2025-08-28 02:14:27,2025-09-02 16:43:40
2720,684,1274,2025-06-24,2025-07-04,2025-06-24,2.87,0.0,Returned,2025-06-24 18:03:51,2025-06-24 18:03:51
2721,807,192,2025-10-14,2025-10-28,2025-10-21,2.27,0.0,Returned,2025-10-14 17:44:47,2025-10-21 20:59:22
2722,664,858,2025-08-05,2025-08-19,2025-08-07,3.1,0.0,Returned,2025-08-05 04:15:19,2025-08-07 08:11:25
2723,243,1494,2026-04-29,2026-05-13,,1.51,14.25,Overdue,2026-04-29 12:25:11,2026-04-29 12:25:11
2724,331,1167,2025-09-03,2025-09-17,2025-09-03,4.81,0.0,RETURNED,2025-09-03 19:30:35,2025-09-03 19:30:35
2725,297,1615,2025-09-12,2025-09-19,2025-09-12,3.91,0.0,Returned,2025-09-12 02:12:32,2025-09-12 06:22:20
2726,640,1217,2026-01-25,2026-02-01,2026-02-01,2.5,0.0,Returned,2026-01-25 06:53:13,2026-02-01 07:03:33
2727,619,794,2025-06-26,2025-07-10,,4.46,244.5,Overdue,2025-06-26 14:36:37,2025-06-26 14:36:37
2728,800,683,2026-01-17,2026-01-27,2026-01-31,2.93,3.0,Returned,2026-01-17 22:43:11,2026-01-31 13:45:31
2729,532,360,2025-11-05,2025-11-19,2025-11-11,2.56,-1.5,Returned,2025-11-05 08:21:57,2025-11-11 11:49:06
2730,754,971,2025-10-25,2025-11-04,2025-10-29,1.52,0.0,Returned,2025-10-25 14:23:58,2025-10-29 18:23:14
2731,960,5,2026-05-10,2026-05-20,,3.69,9.0,Overdue,2026-05-10 20:13:13,2026-05-10 20:13:13
2732,440,615,2025-06-21,2025-07-01,2025-06-25,4.65,0.0,Returned,2025-06-21 20:19:26,2025-06-25 07:16:44
2733,597,1477,2025-07-31,2025-08-10,2025-08-04,3.15,0.0,Returned,2025-07-31 11:55:35,2025-08-04 10:56:35
2734,919,1181,2025-12-31,2026-01-07,2026-01-03,4.83,0.0,Returned,2025-12-31 02:34:23,2026-01-03 06:16:40
2735,575,158,2025-10-03,2025-10-17,2025-10-20,2.72,2.25,Returned,2025-10-03 23:55:46,2025-10-20 01:44:30
2736,688,1432,2025-06-22,2025-07-02,2025-06-22,1.77,0.0,Returned,2025-06-22 22:54:16,2025-06-22 22:54:16
2737,120,1323,2026-01-03,2026-01-10,,3.54,106.5,Overdue,2026-01-03 04:04:49,2026-01-03 04:04:49
2738,422,256,2026-04-16,2026-04-30,2026-04-30,7.46,0.0,Returned,2026-04-16 17:45:16,2026-04-30 15:28:50
2739,814,473,2025-11-14,2025-11-21,2025-11-19,2.58,0.0,Returned,2025-11-14 15:12:41,2025-11-19 06:48:37
2740,1,1173,2025-06-20,2025-06-27,2025-07-07,3.41,7.5,Returned,2025-06-20 13:23:51,2025-07-07 13:45:01
2741,100,699,2025-06-19,2025-06-26,2025-07-03,1.53,5.25,Returned,2025-06-19 11:54:37,2025-07-03 14:29:17
2742,629,677,2026-02-24,2026-03-10,2026-03-05,1.06,0.0,Returned,2026-02-24 03:31:45,2026-03-05 14:34:50
2743,688,997,2026-03-13,2026-03-23,2026-03-16,1.37,0.0,Returned,2026-03-13 01:13:21,2026-03-16 02:59:30
2744,659,515,2026-01-26,2026-02-09,2026-02-08,3.26,0.0,Returned,2026-01-26 04:30:33,2026-02-08 00:15:42
2745,762,818,2026-02-22,2026-03-01,2026-02-23,3.1,0.0,Returned,2026-02-22 18:52:32,2026-02-23 09:18:41
2746,723,1446,2026-01-24,2026-02-03,,4.89,88.5,Overdue,2026-01-24 21:58:53,2026-01-24 21:58:53
2747,5,589,2025-11-04,2025-11-18,2025-11-11,4.9,0.0,Returned,2025-11-04 07:07:41,2025-11-11 23:33:04
2748,60,851,2025-09-06,2025-09-20,2025-09-13,2.22,0.0,Returned,2025-09-06 01:36:13,2025-09-13 14:58:20
2749,138,1441,2026-04-22,2026-05-06,2026-04-24,2.91,0.0,Returned,2026-04-22 18:10:45,2026-04-24 22:27:39
2750,779,1295,2026-05-24,2026-06-07,2026-06-05,2.12,0.0,Returned,2026-05-24 09:09:37,2026-06-05 17:43:03
2751,251,247,2025-11-14,2025-11-21,2025-11-18,7.3,0.0,Returned,2025-11-14 21:13:21,2025-11-18 19:33:25
2752,523,468,2026-03-15,2026-03-25,2026-03-25,4.43,0.0,Returned,2026-03-15 08:42:20,2026-03-25 09:34:12
2753,345,137,2025-11-27,2025-12-04,2025-12-02,2.9,0.0,Returned,2025-11-27 12:45:23,2025-12-02 00:32:13
2754,356,573,2026-04-23,2026-04-30,2026-04-29,5.08,0.0,Returned,2026-04-23 08:26:45,2026-04-29 20:21:25
2755,944,1119,2025-06-22,2025-07-06,2025-07-10,4.71,3.0,Returned,2025-06-22 06:32:34,2025-07-10 23:42:45
2756,96,162,2026-05-12,2026-05-22,2026-05-14,2.71,0.0,Returned,2026-05-12 01:55:01,2026-05-14 08:40:12
2757,486,1640,2025-10-04,2025-10-18,2025-10-22,3.1,3.0,Returned,2025-10-04 11:10:28,2025-10-22 03:27:55
2758,779,912,2025-10-18,2025-10-28,2025-10-24,3.1,0.0,Returned,2025-10-18 17:40:37,2025-10-24 18:07:01
2759,226,1510,2025-11-22,2025-12-02,2025-11-29,2.02,-1.5,Returned,2025-11-22 08:28:03,2025-11-29 08:46:07
2760,947,204,2026-04-06,2026-04-13,2026-04-08,2.68,0.0,Returned,2026-04-06 00:17:28,2026-04-08 08:49:48
2761,848,833,2026-05-11,2026-05-21,2026-05-18,4.38,0.0,Returned,2026-05-11 09:31:55,2026-05-18 09:21:50
2762,822,1676,2026-04-17,2026-05-01,2026-04-20,2.51,0.0,Returned,2026-04-17 03:26:25,2026-04-20 18:02:20
2763,69,293,2026-05-18,2026-05-25,2026-05-18,1.65,0.0,Returned,2026-05-18 10:46:03,2026-05-18 15:33:25
2764,268,1046,2025-08-11,2025-08-25,,1.87,210.0,Overdue,2025-08-11 11:15:12,2025-08-11 11:15:12
2765,472,1762,2025-12-21,2025-12-28,2025-12-23,4.01,0.0,Returned,2025-12-21 12:27:52,2025-12-23 22:47:07
2766,11,555,2026-05-16,2026-05-23,2026-05-23,2.64,0.0,Returned,2026-05-16 05:31:16,2026-05-23 08:05:34
2767,154,549,2025-08-13,2025-08-23,2025-08-16,1.3,0.0,Returned,2025-08-13 01:17:27,2025-08-16 06:07:09
2768,30,1458,2026-05-25,2026-06-08,2026-05-29,3.39,0.0,Returned,2026-05-25 06:12:09,2026-05-29 10:10:28
2769,573,1696,2026-03-28,2026-04-07,2026-04-07,1.59,0.0,RETURNED,2026-03-28 23:11:54,2026-04-07 00:53:29
2770,930,1767,2025-07-01,2025-07-08,2025-07-08,4.42,0.0,Returned,2025-07-01 19:36:00,2025-07-08 19:25:50
2771,453,859,2025-07-18,2025-08-01,2025-08-01,2.79,0.0,Returned,2025-07-18 08:40:10,2025-08-01 20:53:12
2772,348,1629,2025-07-13,2025-07-27,2025-07-17,4.95,0.0,Returned,2025-07-13 16:14:24,2025-07-17 12:12:52
2773,964,1635,2025-10-23,2025-11-06,2025-10-27,2.71,0.0,Returned,2025-10-23 18:30:03,2025-10-27 02:47:28
2774,953,857,2025-07-19,2025-07-26,2025-07-19,3.11,0.0,Returned,2025-07-19 07:17:12,2025-07-19 07:17:12
2775,11,33,2025-08-11,2025-08-18,2025-08-12,3.51,0.0,Returned,2025-08-11 01:53:11,2025-08-12 17:06:45
2776,986,1400,2025-07-04,2025-07-18,2025-07-14,2.06,0.0,Returned,2025-07-04 19:28:02,2025-07-14 03:52:45
2777,374,1726,2026-05-14,2026-05-21,,1.52,8.25,Overdue,2026-05-14 21:03:20,2026-05-14 21:03:20
2778,576,441,2026-05-22,2026-05-29,2026-05-25,1.88,0.0,Returned,2026-05-22 11:52:31,2026-05-25 06:41:02
2779,726,641,2026-05-10,2026-05-24,2026-05-20,1.99,0.0,Returned,2026-05-10 14:13:48,2026-05-20 22:37:30
2780,68,735,2026-05-06,2026-05-16,2026-05-08,1.24,-1.5,Returned,2026-05-06 18:26:55,2026-05-08 14:10:13
2781,242,164,2025-11-20,2025-11-30,2025-11-25,3.7,0.0,Returned,2025-11-20 09:03:50,2025-11-25 10:39:47
2782,476,133,2026-05-26,2026-06-02,2026-05-30,1.7,0.0,Returned,2026-05-26 18:26:38,2026-05-30 13:05:33
2783,8,747,2025-10-01,2025-10-11,2025-10-03,2.68,0.0,Returned,2025-10-01 10:45:20,2025-10-03 22:00:48
2784,747,1163,2026-04-01,2026-04-08,2026-04-04,4.52,0.0,Returned,2026-04-01 19:58:33,2026-04-04 10:47:47
2785,261,1453,2025-08-13,2025-08-23,2025-08-23,1.63,0.0,Returned,2025-08-13 17:50:41,2025-08-23 07:42:43
2786,26,1017,2026-05-04,2026-05-11,2026-05-16,3.57,3.75,Returned,2026-05-04 04:44:42,2026-05-16 02:09:29
2787,361,1462,2026-04-24,2026-05-04,2026-04-30,1.84,0.0,Returned,2026-04-24 05:46:50,2026-04-30 15:13:57
2788,598,656,2026-03-05,2026-03-15,2026-03-12,2.81,0.0,Returned,2026-03-05 20:37:27,2026-03-12 21:04:47
2789,554,272,2026-04-09,2026-04-23,2026-04-24,3.02,0.75,Returned,2026-04-09 10:41:07,2026-04-24 21:01:39
2790,955,785,2025-10-15,2025-10-22,2025-10-27,2.92,3.75,RETURNED,2025-10-15 23:56:12,2025-10-27 10:33:22
2791,669,183,2025-12-09,2025-12-23,2025-12-12,3.06,0.0,Returned,2025-12-09 20:18:44,2025-12-12 14:29:34
2792,201,706,2025-09-27,2025-10-07,2025-09-29,2.32,0.0,Returned,2025-09-27 22:51:22,2025-09-29 06:17:49
2793,310,1420,2026-01-17,2026-01-24,2026-01-19,2.3,0.0,Returned,2026-01-17 00:03:31,2026-01-19 23:24:46
2794,379,624,2025-11-21,2025-11-28,2025-11-28,4.77,0.0,Returned,2025-11-21 00:14:30,2025-11-28 17:12:17
2795,232,1199,2025-09-06,2025-09-20,2025-09-06,3.97,0.0,Returned,2025-09-06 15:51:35,2025-09-06 22:14:14
2796,617,1374,2025-09-23,2025-10-03,2025-10-04,3.6,0.75,Returned,2025-09-23 06:05:29,2025-10-04 20:38:30
2797,411,303,2025-10-03,2025-10-17,2025-10-11,2.94,0.0,Returned,2025-10-03 19:49:13,2025-10-11 12:13:52
2798,87,1303,2025-07-10,2025-07-20,2025-07-19,4.77,0.0,Returned,2025-07-10 12:16:08,2025-07-19 01:13:47
2799,335,670,2025-07-30,2025-08-13,2025-08-15,2.9,1.5,Returned,2025-07-30 05:50:36,2025-08-15 00:05:44
2800,805,1503,2025-09-09,2025-09-23,2025-09-09,5.04,0.0,RETURNED,2025-09-09 06:44:23,2025-09-09 11:14:25
2801,176,1184,2025-09-29,2025-10-06,2025-10-01,3.98,0.0,Returned,2025-09-29 21:36:54,2025-10-01 07:41:31
2802,845,1748,2025-11-16,2025-11-30,2025-11-25,2.03,0.0,Returned,2025-11-16 13:18:19,2025-11-25 18:00:43
2803,185,1413,2025-12-31,2026-01-07,2025-12-31,8.92,0.0,Returned,2025-12-31 13:27:43,2025-12-31 16:13:47
2804,852,488,2025-07-20,2025-07-27,2025-07-23,3.81,0.0,Returned,2025-07-20 03:06:26,2025-07-23 07:51:10
2805,533,709,2025-10-15,2025-10-22,2025-10-17,2.82,0.0,Returned,2025-10-15 09:59:43,2025-10-17 18:48:52
2806,650,470,2025-10-19,2025-10-26,2025-11-01,1.89,4.5,Returned,2025-10-19 19:07:37,2025-11-01 08:37:26
2807,160,1674,2026-01-01,2026-01-11,2026-01-19,3.15,6.0,Returned,2026-01-01 17:55:14,2026-01-19 20:19:00
2808,155,1206,2025-10-21,2025-11-04,2025-10-28,4.98,0.0,Returned,2025-10-21 16:48:36,2025-10-28 19:28:29
2809,304,1063,2025-07-03,2025-07-10,2025-07-03,2.22,0.0,Returned,2025-07-03 13:16:57,2025-07-03 21:20:12
2810,805,1519,2026-02-11,2026-02-25,2026-03-04,4.54,5.25,Returned,2026-02-11 18:20:04,2026-03-04 12:19:40
2811,130,379,2025-09-02,2025-09-12,2025-09-04,1.97,0.0,Returned,2025-09-02 01:42:41,2025-09-04 21:21:10
2812,57,1152,2025-07-21,2025-07-31,2025-07-31,1.65,0.0,Returned,2025-07-21 02:28:55,2025-07-31 01:18:30
2813,536,1586,2025-06-27,2025-07-07,2025-07-17,1.99,7.5,Returned,2025-06-27 07:13:02,2025-07-17 04:28:04
2814,186,425,2025-12-24,2026-01-07,2026-01-03,2.21,0.0,RETURNED,2025-12-24 00:01:54,2026-01-03 04:15:17
2815,354,1383,2025-10-02,2025-10-09,2025-10-06,1.12,0.0,Returned,2025-10-02 05:01:09,2025-10-06 07:33:26
2816,834,570,2025-08-04,2025-08-14,2025-08-07,1.81,0.0,Returned,2025-08-04 03:52:31,2025-08-07 02:02:14
2817,139,215,2025-11-21,2025-11-28,,2.29,138.75,Overdue,2025-11-21 21:50:26,2025-11-21 21:50:26
2818,768,1410,2025-08-10,2025-08-17,,2.14,216.0,Overdue,2025-08-10 11:38:43,2025-08-10 11:38:43
2819,473,752,2025-12-11,2025-12-25,2025-12-21,2.02,0.0,Returned,2025-12-11 21:56:19,2025-12-21 08:34:46
2820,521,1084,2026-04-30,2026-05-07,2026-05-04,1.9,0.0,Returned,2026-04-30 01:26:11,2026-05-04 05:07:51
2821,830,1567,2025-09-27,2025-10-07,2025-10-14,2.45,5.25,Returned,2025-09-27 02:21:29,2025-10-14 16:03:41
2822,457,1473,2026-05-21,2026-05-28,2026-05-26,2.79,0.0,Returned,2026-05-21 18:53:25,2026-05-26 10:41:21
2823,965,1724,2025-12-02,2025-12-16,2025-12-15,4.11,0.0,RETURNED,2025-12-02 11:17:00,2025-12-15 17:48:38
2824,330,1084,2025-07-22,2025-07-29,2025-07-31,2.9,1.5,Returned,2025-07-22 02:39:08,2025-07-31 21:58:01
2825,439,335,2026-03-10,2026-03-24,2026-03-20,1.12,0.0,Returned,2026-03-10 13:22:57,2026-03-20 12:33:20
2826,298,1186,2026-01-19,2026-02-02,2026-02-02,4.5,0.0,Returned,2026-01-19 23:18:21,2026-02-02 18:03:24
2827,370,1433,2025-09-16,2025-09-26,2025-09-19,1.79,0.0,Returned,2025-09-16 09:27:33,2025-09-19 16:32:54
2828,327,532,2026-03-15,2026-03-22,2026-03-18,1.12,0.0,Returned,2026-03-15 00:50:21,2026-03-18 02:37:28
2829,439,96,2026-03-29,2026-04-12,2026-04-06,2.21,0.0,RETURNED,2026-03-29 20:06:09,2026-04-06 13:27:29
2830,54,665,2025-07-24,2025-07-31,2025-07-24,2.22,0.0,Returned,2025-07-24 22:33:25,2025-07-24 22:33:25
2831,496,911,2025-11-11,2025-11-21,2025-11-13,7.78,0.0,Returned,2025-11-11 00:18:42,2025-11-13 02:40:06
2832,711,586,2025-09-10,2025-09-24,2025-09-24,4.38,0.0,Returned,2025-09-10 23:54:11,2025-09-24 01:00:46
2833,450,161,2025-07-17,2025-07-27,2025-07-23,2.59,0.0,Returned,2025-07-17 05:31:52,2025-07-23 19:55:38
2834,933,286,2025-08-18,2025-08-25,2025-08-25,2.25,0.0,Returned,2025-08-18 01:11:20,2025-08-25 21:30:51
2835,178,929,2026-05-14,2026-05-21,2026-05-16,2.7,0.0,Returned,2026-05-14 12:30:38,2026-05-16 03:14:13
2836,394,1367,2026-02-13,2026-02-27,2026-02-16,3.4,0.0,Returned,2026-02-13 20:59:21,2026-02-16 01:53:04
2837,802,1009,2025-11-05,2025-11-12,2025-11-12,1.51,0.0,Returned,2025-11-05 18:10:40,2025-11-12 17:17:58
2838,222,580,2025-10-09,2025-10-19,2025-10-19,4.93,0.0,Returned,2025-10-09 19:23:22,2025-10-19 04:16:28
2839,237,1496,2025-06-20,2025-07-04,2025-06-25,4.31,0.0,Returned,2025-06-20 12:03:38,2025-06-25 15:53:37
2840,868,1646,2025-12-30,2026-01-06,2026-01-04,1.66,0.0,Returned,2025-12-30 06:33:59,2026-01-04 11:10:11
2841,778,670,2025-12-19,2026-01-02,2025-12-28,2.95,0.0,Returned,2025-12-19 20:09:46,2025-12-28 20:34:23
2842,616,1708,2025-07-23,2025-08-06,2025-08-10,3.13,3.0,Returned,2025-07-23 15:06:51,2025-08-10 12:38:02
2843,995,410,2025-06-23,2025-06-30,2025-07-01,2.81,0.75,Returned,2025-06-23 16:34:29,2025-07-01 04:38:47
2844,785,1768,2025-08-12,2025-08-22,2025-08-22,4.39,0.0,Returned,2025-08-12 14:24:47,2025-08-22 02:42:44
2845,446,350,2026-04-19,2026-04-26,2026-04-21,1.19,0.0,Returned,2026-04-19 11:27:01,2026-04-21 01:38:48
2846,15,198,2026-02-16,2026-03-02,2026-02-26,2.52,0.0,Returned,2026-02-16 06:00:32,2026-02-26 01:14:55
2847,266,725,2026-04-09,2026-04-19,2026-04-19,8.01,0.0,Returned,2026-04-09 17:38:05,2026-04-19 04:58:19
2848,294,217,2025-10-25,2025-11-08,2025-11-11,1.77,2.25,Returned,2025-10-25 08:22:51,2025-11-11 04:07:18
2849,502,1345,2026-04-24,2026-05-04,2026-05-11,3.98,5.25,Returned,2026-04-24 09:38:14,2026-05-11 12:30:40
2850,723,527,2026-01-07,2026-01-21,2026-01-17,4.25,0.0,Returned,2026-01-07 04:31:06,2026-01-17 09:51:35
2851,930,1539,2025-12-30,2026-01-06,2026-01-02,4.57,0.0,Returned,2025-12-30 18:31:01,2026-01-02 03:45:34
2852,561,1152,2025-07-19,2025-07-29,2025-07-26,1.55,0.0,Returned,2025-07-19 19:14:35,2025-07-26 03:04:19
2853,77,1555,2025-08-18,2025-08-25,2025-08-30,1.74,3.75,Returned,2025-08-18 18:17:42,2025-08-30 18:06:09
2854,532,775,2026-04-26,2026-05-06,2026-05-02,2.19,0.0,Returned,2026-04-26 17:35:48,2026-05-02 02:16:55
2855,476,306,2025-11-22,2025-12-06,2025-11-30,2.75,0.0,Returned,2025-11-22 17:25:26,2025-11-30 01:24:13
2856,805,194,2026-05-13,2026-05-27,2026-05-14,2.98,0.0,Returned,2026-05-13 17:08:35,2026-05-14 03:45:15
2857,985,1312,2026-05-10,2026-05-20,2026-05-13,3.18,0.0,Returned,2026-05-10 04:24:11,2026-05-13 14:05:44
2858,564,1205,2026-05-22,2026-05-29,2026-06-01,5.29,3.75,Returned,2026-05-22 13:04:11,2026-06-01 14:23:27
2859,279,1156,2025-12-11,2025-12-25,2025-12-20,4.52,0.0,Returned,2025-12-11 10:00:23,2025-12-20 04:34:41
2860,941,663,2025-12-12,2025-12-22,2025-12-19,2.08,0.0,Returned,2025-12-12 09:08:51,2025-12-19 02:03:30
2861,724,1443,2025-10-07,2025-10-17,2025-10-10,2.66,0.0,Returned,2025-10-07 10:00:28,2025-10-10 05:12:45
2862,386,1352,2026-02-23,2026-03-05,2026-03-04,3.82,0.0,Returned,2026-02-23 20:02:38,2026-03-04 15:49:20
2863,8,1144,2025-10-30,2025-11-06,2025-11-07,2.83,0.75,Returned,2025-10-30 22:46:04,2025-11-07 17:06:36
2864,128,363,2026-03-28,2026-04-11,2026-04-04,2.5,0.0,Returned,2026-03-28 20:39:43,2026-04-04 13:00:57
2865,397,1668,2026-01-03,2026-01-17,2026-01-19,2.45,1.5,Returned,2026-01-03 14:02:46,2026-01-19 10:28:38
2866,460,709,2025-07-03,2025-07-13,,2.53,242.25,Overdue,2025-07-03 00:42:18,2025-07-03 00:42:18
2867,868,81,2025-11-18,2025-11-25,2025-11-21,2.77,0.0,Returned,2025-11-18 13:31:54,2025-11-21 06:13:02
2868,294,841,2026-02-20,2026-03-06,2026-02-21,3.8,0.0,Returned,2026-02-20 22:11:59,2026-02-21 12:54:42
2869,810,178,2025-07-25,2025-08-08,2025-07-30,1.96,0.0,Returned,2025-07-25 19:51:54,2025-07-30 01:41:52
2870,275,332,2025-09-17,2025-09-24,2025-09-18,1.05,0.0,Returned,2025-09-17 18:30:55,2025-09-18 14:34:44
2871,332,409,2025-07-23,2025-08-02,2025-07-28,3.4,0.0,Returned,2025-07-23 20:52:02,2025-07-28 16:13:17
2872,730,1704,2025-10-13,2025-10-27,,2.97,162.75,Overdue,2025-10-13 07:31:54,2025-10-13 07:31:54
2873,502,129,2025-07-31,2025-08-14,2025-08-09,3.04,0.0,Returned,2025-07-31 10:05:33,2025-08-09 18:37:33
2874,583,1149,2025-09-14,2025-09-21,2025-09-26,2.48,3.75,Returned,2025-09-14 11:53:00,2025-09-26 13:56:22
2875,931,1521,2025-11-20,2025-12-04,2025-11-21,7.03,0.0,Returned,2025-11-20 07:53:10,2025-11-21 12:46:32
2876,48,450,2025-10-26,2025-11-02,2025-11-12,4.75,7.5,Returned,2025-10-26 17:56:58,2025-11-12 14:46:38
2877,729,941,2025-09-14,2025-09-28,2025-09-28,2.28,0.0,Returned,2025-09-14 06:04:53,2025-09-28 00:25:24
2878,128,1516,2025-09-07,2025-09-21,2025-09-17,8.05,0.0,Returned,2025-09-07 15:30:01,2025-09-17 07:37:32
2879,555,1410,2026-01-20,2026-02-03,2026-01-28,1.61,0.0,Returned,2026-01-20 21:46:29,2026-01-28 11:05:30
2880,206,1342,2026-05-27,2026-06-10,2026-06-01,4.57,5.25,Returned,2026-05-27 11:51:10,2026-06-01 07:18:45
2881,849,667,2026-04-17,2026-04-24,2026-04-23,1.74,0.0,Returned,2026-04-17 16:52:57,2026-04-23 22:21:39
2882,155,79,2026-01-19,2026-01-26,2026-02-02,4.1,5.25,Returned,2026-01-19 12:03:43,2026-02-02 11:54:12
2883,60,189,2025-12-12,2025-12-19,2025-12-19,2.51,0.0,Returned,2025-12-12 02:42:30,2025-12-19 21:40:22
2884,971,341,2025-06-14,2025-06-21,2025-06-26,4.99,3.75,Returned,2025-06-14 17:27:53,2025-06-26 12:11:09
2885,547,1454,2025-09-29,2025-10-13,2025-10-05,2.19,0.0,Returned,2025-09-29 23:03:48,2025-10-05 07:18:56
2886,616,1303,2026-02-03,2026-02-10,2026-02-06,4.31,0.0,Returned,2026-02-03 03:42:57,2026-02-06 05:23:48
2887,146,580,2026-01-30,2026-02-06,2026-02-12,2.72,4.5,Returned,2026-01-30 16:16:26,2026-02-12 20:29:53
2888,66,181,2025-10-15,2025-10-29,2025-11-02,4.99,3.0,Returned,2025-10-15 04:33:40,2025-11-02 05:07:59
2889,646,1265,2026-02-28,2026-03-10,2026-02-28,1.42,0.0,Returned,2026-02-28 22:42:04,2026-02-28 22:42:04
2890,332,508,2025-07-09,2025-07-23,2025-07-09,2.88,0.0,Returned,2025-07-09 10:10:17,2025-07-09 10:10:17
2891,186,1686,2026-01-13,2026-01-23,2026-01-19,3.38,0.0,RETURNED,2026-01-13 21:10:16,2026-01-19 15:47:18
2892,489,1641,2025-11-16,2025-11-26,2025-12-03,4.63,5.25,Returned,2025-11-16 11:42:59,2025-12-03 21:01:07
2893,5,1009,2025-11-30,2025-12-07,2025-12-04,2.5,0.0,Returned,2025-11-30 04:57:47,2025-12-04 04:05:33
2894,945,923,2026-01-22,2026-01-29,2026-01-24,4.0,0.0,Returned,2026-01-22 22:36:54,2026-01-24 04:15:13
2895,124,248,2025-07-26,2025-08-09,2025-08-14,1.82,3.75,Returned,2025-07-26 10:49:39,2025-08-14 01:53:32
2896,815,1424,2025-09-05,2025-09-12,2025-09-11,2.81,0.0,Returned,2025-09-05 01:51:32,2025-09-11 06:14:52
2897,16,951,2025-12-05,2025-12-15,2025-12-07,7.24,0.0,Returned,2025-12-05 03:24:18,2025-12-07 13:51:15
2898,416,37,2026-01-27,2026-02-03,2026-02-11,4.8,6.0,Returned,2026-01-27 09:05:56,2026-02-11 15:24:36
2899,710,1023,2025-06-25,2025-07-09,2025-07-01,6.66,0.0,Returned,2025-06-25 14:44:30,2025-07-01 11:20:19
2900,225,342,2025-07-25,2025-08-08,2025-07-31,4.45,0.0,Returned,2025-07-25 05:43:42,2025-07-31 01:20:35
2901,451,562,2025-06-06,2025-06-16,2025-06-22,3.99,4.5,Returned,2025-06-06 02:18:55,2025-06-22 12:21:36
2902,828,628,2025-07-13,2025-07-23,2025-07-16,1.28,0.0,Returned,2025-07-13 16:59:54,2025-07-16 00:16:27
2903,275,318,2025-11-10,2025-11-24,2025-11-18,1.16,0.0,Returned,2025-11-10 23:41:04,2025-11-18 06:52:37
2904,733,1112,2026-05-11,2026-05-25,2026-05-18,2.69,0.0,Returned,2026-05-11 01:10:46,2026-05-18 07:11:43
2905,160,805,2025-09-24,2025-10-08,2025-10-17,4.92,6.75,Returned,2025-09-24 07:45:26,2025-10-17 07:28:47
2906,933,1752,2026-05-15,2026-05-22,2026-05-18,7.72,0.0,Returned,2026-05-15 05:00:34,2026-05-18 03:04:30
2907,301,1104,2026-05-20,2026-05-27,2026-05-27,1.7,0.0,Returned,2026-05-20 09:02:49,2026-05-27 01:29:13
2908,134,1657,2026-02-26,2026-03-08,2026-03-02,2.47,0.0,Returned,2026-02-26 22:02:31,2026-03-02 11:45:56
2909,94,1086,2025-09-03,2025-09-17,2025-09-04,7.85,0.0,Returned,2025-09-03 16:38:26,2025-09-04 15:41:06
2910,461,793,2025-12-19,2025-12-29,2025-12-19,2.85,0.0,Returned,2025-12-19 05:12:19,2025-12-19 08:35:30
2911,419,221,2025-12-26,2026-01-09,2025-12-31,1.93,0.0,Returned,2025-12-26 21:41:06,2025-12-31 11:11:17
2912,849,491,2026-02-11,2026-02-18,2026-02-11,2.5,0.0,Returned,2026-02-11 10:56:04,2026-02-11 10:56:04
2913,473,1285,2026-02-23,2026-03-05,2026-03-04,5.0,0.0,Returned,2026-02-23 02:03:49,2026-03-04 05:45:14
2914,877,866,2025-12-21,2026-01-04,2025-12-21,3.47,0.0,Returned,2025-12-21 13:59:30,2025-12-21 19:27:37
2915,149,1538,2025-09-14,2025-09-21,2025-09-19,4.42,0.0,Returned,2025-09-14 06:42:18,2025-09-19 08:42:40
2916,85,411,2025-07-26,2025-08-02,2025-08-02,4.08,0.0,Returned,2025-07-26 00:52:37,2025-08-02 23:54:34
2917,178,1715,2026-04-18,2026-05-02,2026-04-22,2.02,0.0,Returned,2026-04-18 02:55:51,2026-04-22 09:35:26
2918,51,1109,2026-04-21,2026-05-05,2026-04-30,2.55,0.0,Returned,2026-04-21 17:50:50,2026-04-30 05:49:02
2919,416,802,2026-04-03,2026-04-17,2026-04-04,2.74,0.0,Returned,2026-04-03 09:07:34,2026-04-04 09:37:57
2920,15,910,2025-07-20,2025-07-30,,6.84,229.5,Overdue,2025-07-20 05:48:58,2025-07-20 05:48:58
2921,933,808,2025-09-15,2025-09-29,2025-09-26,1.07,0.0,Returned,2025-09-15 03:24:11,2025-09-26 08:45:25
2922,461,555,2025-10-25,2025-11-04,2025-10-26,2.21,0.0,Returned,2025-10-25 17:34:01,2025-10-26 19:09:53
2923,961,1528,2026-04-26,2026-05-06,2026-05-07,4.47,0.75,Returned,2026-04-26 00:34:27,2026-05-07 01:52:40
2924,34,10,2026-02-23,2026-03-02,2026-03-01,4.52,0.0,Returned,2026-02-23 23:59:21,2026-03-01 05:16:31
2925,168,1434,2025-12-17,2025-12-24,2025-12-18,1.52,0.0,Returned,2025-12-17 05:05:47,2025-12-18 08:38:05
2926,791,474,2025-06-09,2025-06-16,,4.32,262.5,Overdue,2025-06-09 17:39:24,2025-06-09 17:39:24
2927,705,1491,2026-01-19,2026-01-29,2026-01-22,3.67,0.0,Returned,2026-01-19 03:13:02,2026-01-22 06:51:31
2928,257,1548,2026-01-14,2026-01-28,2026-02-02,2.06,3.75,Returned,2026-01-14 23:39:14,2026-02-02 21:07:36
2929,277,145,2026-01-27,2026-02-10,2026-02-03,1.52,0.0,Returned,2026-01-27 18:56:04,2026-02-03 07:59:59
2930,995,1316,2025-07-15,2025-07-29,2025-07-18,3.86,0.0,Returned,2025-07-15 07:05:12,2025-07-18 03:42:42
2931,466,703,2025-09-21,2025-10-05,2025-09-25,2.86,0.0,Returned,2025-09-21 01:16:02,2025-09-25 22:15:56
2932,524,1048,2026-02-26,2026-03-08,2026-03-05,1.95,0.0,Returned,2026-02-26 15:04:45,2026-03-05 03:28:48
2933,312,594,2025-08-12,2025-08-19,2025-08-23,4.61,3.0,Returned,2025-08-12 16:28:05,2025-08-23 13:57:15
2934,455,92,2025-08-09,2025-08-23,2025-08-31,7.74,6.0,Returned,2025-08-09 03:56:49,2025-08-31 00:23:00
2935,212,153,2025-08-16,2025-08-26,2025-08-16,4.78,0.0,Returned,2025-08-16 23:29:37,2025-08-16 23:29:37
2936,606,560,2025-11-18,2025-11-28,2025-11-23,4.09,0.0,Returned,2025-11-18 20:25:08,2025-11-23 11:33:01
2937,850,1073,2025-12-25,2026-01-01,2025-12-26,7.79,0.0,Returned,2025-12-25 19:00:49,2025-12-26 16:36:27
2938,926,1401,2025-08-18,2025-08-25,2025-08-24,2.31,0.0,Returned,2025-08-18 07:28:40,2025-08-24 14:20:04
2939,10,1126,2025-06-30,2025-07-07,2025-07-08,1.13,0.75,Returned,2025-06-30 13:24:27,2025-07-08 14:46:47
2940,9,1215,2025-12-14,2025-12-24,2025-12-26,2.19,1.5,Returned,2025-12-14 13:50:23,2025-12-26 10:11:28
2941,711,680,2026-01-24,2026-02-03,,3.77,88.5,Overdue,2026-01-24 11:54:57,2026-01-24 11:54:57
2942,237,1294,2026-05-12,2026-05-19,2026-05-19,2.53,0.0,Returned,2026-05-12 20:22:05,2026-05-19 18:37:12
2943,157,134,2026-02-15,2026-02-25,2026-02-19,1.08,0.0,Returned,2026-02-15 07:51:59,2026-02-19 21:44:06
2944,552,860,2026-03-11,2026-03-25,,4.64,51.0,Overdue,2026-03-11 04:27:47,2026-03-11 04:27:47
2945,109,561,2026-05-11,2026-05-25,2026-05-16,4.46,0.0,Returned,2026-05-11 00:22:24,2026-05-16 06:27:46
2946,973,1577,2026-01-01,2026-01-15,2026-01-11,3.62,0.0,Returned,2026-01-01 17:04:44,2026-01-11 23:38:40
2947,286,1122,2025-08-11,2025-08-25,2025-08-16,1.91,0.0,Returned,2025-08-11 10:09:17,2025-08-16 06:54:13
2948,984,1035,2026-04-07,2026-04-21,2026-04-19,4.67,0.0,Returned,2026-04-07 10:18:09,2026-04-19 03:30:36
2949,430,1069,2025-08-18,2025-08-28,2025-08-23,8.76,0.0,RETURNED,2025-08-18 22:57:39,2025-08-23 20:19:43
2950,528,1019,2025-12-09,2025-12-23,2025-12-09,4.99,0.0,Returned,2025-12-09 07:14:47,2025-12-09 17:48:24
2951,621,1190,2026-01-05,2026-01-15,2026-01-12,2.02,0.0,Returned,2026-01-05 12:51:42,2026-01-12 07:37:40
2952,556,441,2026-02-15,2026-02-25,2026-02-17,1.93,0.0,Returned,2026-02-15 23:55:38,2026-02-17 01:06:41
2953,428,1041,2025-08-16,2025-08-23,2025-08-16,1.55,0.0,Returned,2025-08-16 10:07:08,2025-08-16 10:07:08
2954,208,154,2026-03-14,2026-03-21,,7.39,54.0,Overdue,2026-03-14 07:01:39,2026-03-14 07:01:39
2955,639,1493,2025-10-31,2025-11-07,2025-11-04,1.51,0.0,Returned,2025-10-31 04:28:22,2025-11-04 06:53:11
2956,482,1056,2025-08-30,2025-09-06,2025-08-31,3.71,0.0,Returned,2025-08-30 11:33:41,2025-08-31 14:29:49
2957,187,1623,2025-10-14,2025-10-28,2025-10-17,2.02,0.0,Returned,2025-10-14 05:04:53,2025-10-17 06:20:49
2958,386,791,2025-10-20,2025-10-27,2025-10-24,3.02,0.0,Returned,2025-10-20 17:24:50,2025-10-24 12:05:23
2959,9,45,2025-07-18,2025-07-25,,4.44,233.25,Overdue,2025-07-18 07:59:19,2025-07-18 07:59:19
2960,899,1509,2026-04-04,2026-04-14,2026-04-11,4.88,0.0,Returned,2026-04-04 08:42:15,2026-04-11 08:48:42
2961,840,537,2026-02-05,2026-02-12,2026-02-09,2.23,0.0,Returned,2026-02-05 03:24:17,2026-02-09 04:46:36
2962,504,101,2026-03-28,2026-04-11,2026-03-30,3.28,0.0,Returned,2026-03-28 20:55:28,2026-03-30 16:52:27
2963,659,986,2025-08-09,2025-08-16,2025-08-12,4.25,0.0,Returned,2025-08-09 20:10:13,2025-08-12 00:45:46
2964,14,794,2025-11-14,2025-11-24,2025-11-22,4.9,0.0,Returned,2025-11-14 19:30:59,2025-11-22 11:26:08
2965,198,1102,2025-07-27,2025-08-06,2025-07-31,3.6,0.0,Returned,2025-07-27 00:13:58,2025-07-31 11:01:34
2966,296,1605,2026-04-04,2026-04-14,2026-04-04,1.65,0.0,Returned,2026-04-04 09:22:41,2026-04-04 15:58:37
2967,456,1391,2026-03-23,2026-04-02,2026-03-27,3.03,0.0,Returned,2026-03-23 15:41:39,2026-03-27 08:30:12
2968,833,172,2026-04-14,2026-04-28,2026-04-28,1.1,0.0,Returned,2026-04-14 02:52:46,2026-04-28 09:05:14
2969,698,416,2025-09-08,2025-09-15,2025-09-15,3.18,0.0,Returned,2025-09-08 07:37:41,2025-09-15 18:28:42
2970,501,1260,2025-06-15,2025-06-25,2025-06-23,4.19,0.0,Returned,2025-06-15 16:57:20,2025-06-23 18:11:30
2971,289,51,2025-07-07,2025-07-14,2025-07-15,1.57,0.75,Returned,2025-07-07 01:42:32,2025-07-15 20:12:38
2972,553,1494,2025-08-15,2025-08-29,2025-08-18,1.53,0.0,Returned,2025-08-15 10:00:20,2025-08-18 19:13:31
2973,249,673,2025-10-29,2025-11-08,2025-10-30,2.18,0.0,Returned,2025-10-29 18:38:02,2025-10-30 07:45:49
2974,160,461,2025-10-24,2025-11-03,2025-11-01,2.1,0.0,Returned,2025-10-24 12:30:13,2025-11-01 07:29:48
2975,886,379,2025-09-08,2025-09-15,,1.95,194.25,Overdue,2025-09-08 07:31:22,2025-09-08 07:31:22
2976,247,1082,2026-05-29,2026-06-08,2026-06-04,4.19,0.0,Returned,2026-05-29 18:58:46,2026-06-04 11:20:05
2977,929,875,2025-08-17,2025-08-31,2025-08-19,2.3,0.0,Returned,2025-08-17 14:06:54,2025-08-19 23:28:52
2978,285,1471,2025-07-05,2025-07-15,2025-07-10,1.82,0.0,Returned,2025-07-05 12:03:39,2025-07-10 17:21:21
2979,90,1241,2025-08-15,2025-08-25,2025-08-17,2.5,0.0,Returned,2025-08-15 01:40:20,2025-08-17 08:47:01
2980,56,1568,2026-05-13,2026-05-23,2026-05-13,1.97,0.0,Returned,2026-05-13 01:26:23,2026-05-13 14:48:04
2981,83,346,2026-05-18,2026-05-28,2026-05-25,3.65,0.0,Returned,2026-05-18 07:05:59,2026-05-25 16:18:15
2982,592,1463,2025-09-25,2025-10-05,2025-09-30,1.78,0.0,Returned,2025-09-25 08:52:36,2025-09-30 03:45:56
2983,872,945,2025-06-29,2025-07-13,2025-07-10,1.13,0.0,Returned,2025-06-29 15:46:53,2025-07-10 18:30:32
2984,877,187,2026-04-13,2026-04-20,2026-04-26,3.97,4.5,Returned,2026-04-13 15:45:23,2026-04-26 17:20:26
2985,113,186,2026-05-05,2026-05-15,2026-05-19,3.42,3.0,RETURNED,2026-05-05 14:45:28,2026-05-19 22:51:25
2986,894,738,2026-05-29,2026-06-12,2026-06-03,1.81,0.0,Returned,2026-05-29 21:38:00,2026-06-03 03:18:59
2987,7,1021,2026-03-04,2026-03-14,2026-03-21,3.32,5.25,Returned,2026-03-04 00:29:51,2026-03-21 02:40:03
2988,105,1400,2025-07-26,2025-08-02,2025-08-02,1.44,0.0,Returned,2025-07-26 05:54:32,2025-08-02 13:31:19
2989,961,657,2025-09-28,2025-10-12,2025-09-30,2.1,0.0,Returned,2025-09-28 00:09:48,2025-09-30 07:27:45
2990,503,434,2025-07-21,2025-07-28,2025-07-28,2.1,0.0,Returned,2025-07-21 22:18:00,2025-07-28 23:55:47
2991,531,188,2026-04-14,2026-04-21,2026-04-16,2.93,0.0,Returned,2026-04-14 09:08:01,2026-04-16 05:46:09
2992,961,1614,2025-12-02,2025-12-09,2025-12-06,3.15,0.0,Returned,2025-12-02 04:13:10,2025-12-06 09:57:03
2993,924,474,2025-07-23,2025-08-06,2025-07-26,3.29,0.0,Returned,2025-07-23 20:59:43,2025-07-26 03:21:44
2994,681,1586,2025-12-25,2026-01-08,2026-01-02,1.01,0.0,Returned,2025-12-25 06:46:47,2026-01-02 06:43:04
2995,715,1694,2025-09-25,2025-10-09,2025-10-03,1.62,0.0,Returned,2025-09-25 16:06:07,2025-10-03 04:16:05
2996,762,816,2025-10-02,2025-10-09,,1.97,176.25,Overdue,2025-10-02 06:58:56,2025-10-02 06:58:56
2997,781,545,2026-03-22,2026-04-05,2026-04-02,6.88,0.0,Returned,2026-03-22 10:00:52,2026-04-02 03:04:21
2998,442,557,2025-08-19,2025-09-02,,4.41,204.0,Overdue,2025-08-19 22:25:24,2025-08-19 22:25:24
2999,418,1202,2025-06-22,2025-06-29,2025-06-22,1.85,0.0,Returned,2025-06-22 10:04:15,2025-06-22 10:04:15
3000,235,1332,2025-07-15,2025-07-25,2025-07-18,4.18,0.0,Returned,2025-07-15 13:06:47,2025-07-18 01:05:54
3001,139,1094,2026-04-06,2026-04-13,2026-04-22,2.29,6.75,Returned,2026-04-06 04:34:54,2026-04-22 03:52:24
3002,296,1701,2026-04-16,2026-04-26,2026-04-16,3.62,0.0,Returned,2026-04-16 07:40:29,2026-04-16 11:04:57
3003,609,276,2025-12-22,2026-01-01,2025-12-28,2.14,0.0,Returned,2025-12-22 02:50:43,2025-12-28 19:54:16
3004,143,332,2026-04-29,2026-05-13,2026-05-10,1.01,0.0,Returned,2026-04-29 16:57:26,2026-05-10 04:33:45
3005,488,332,2026-02-09,2026-02-19,2026-03-01,1.13,7.5,Returned,2026-02-09 10:54:29,2026-03-01 15:56:22
3006,545,100,2025-10-01,2025-10-15,2025-10-09,2.88,0.0,Returned,2025-10-01 19:12:20,2025-10-09 16:02:32
3007,54,1268,2026-05-05,2026-05-12,2026-05-19,3.87,5.25,Returned,2026-05-05 16:42:04,2026-05-19 10:40:52
3008,226,720,2026-03-28,2026-04-11,2026-04-19,3.62,6.0,Returned,2026-03-28 21:47:39,2026-04-19 01:57:30
3009,893,157,2025-07-01,2025-07-11,2025-07-02,2.27,0.0,Returned,2025-07-01 17:37:51,2025-07-02 13:12:06
3010,650,1477,2026-04-26,2026-05-06,2026-04-29,2.66,0.0,Returned,2026-04-26 17:37:11,2026-04-29 01:16:14
3011,392,967,2025-07-17,2025-07-24,2025-07-20,3.47,0.0,Returned,2025-07-17 22:13:04,2025-07-20 15:50:36
3012,355,749,2025-08-12,2025-08-22,2025-08-22,2.7,0.0,Returned,2025-08-12 08:34:54,2025-08-22 04:53:07
3013,509,1141,2026-03-30,2026-04-09,,3.58,39.75,Overdue,2026-03-30 01:19:35,2026-03-30 01:19:35
3014,299,1410,2025-08-17,2025-08-27,2025-08-19,2.1,0.0,Returned,2025-08-17 21:53:37,2025-08-19 13:27:24
3015,899,276,2026-04-02,2026-04-16,2026-04-12,2.24,0.0,Returned,2026-04-02 17:07:34,2026-04-12 16:52:58
3016,190,569,2025-10-27,2025-11-10,2025-11-03,1.83,0.0,RETURNED,2025-10-27 05:53:32,2025-11-03 19:28:21
3017,798,1612,2026-05-06,2026-05-20,2026-05-19,3.44,0.0,Returned,2026-05-06 08:54:26,2026-05-19 23:31:09
3018,521,1767,2025-10-21,2025-10-28,2025-11-02,3.2,3.75,Returned,2025-10-21 15:53:04,2025-11-02 14:38:31
3019,349,1042,2026-04-26,2026-05-06,2026-04-30,1.81,0.0,Returned,2026-04-26 21:53:41,2026-04-30 22:31:12
3020,241,504,2025-08-19,2025-09-02,2025-09-12,1.59,7.5,Returned,2025-08-19 03:21:00,2025-09-12 11:21:50
3021,210,1206,2026-04-09,2026-04-16,2026-04-11,4.45,0.0,Returned,2026-04-09 11:13:49,2026-04-11 15:14:27
3022,338,1086,2025-11-26,2025-12-03,2025-12-03,6.68,0.0,Returned,2025-11-26 10:14:29,2025-12-03 19:38:21
3023,535,165,2025-12-25,2026-01-08,2025-12-25,3.02,0.0,Returned,2025-12-25 00:54:29,2025-12-25 17:25:10
3024,431,1252,2026-05-02,2026-05-12,2026-05-04,4.77,0.0,Returned,2026-05-02 07:56:56,2026-05-04 17:44:11
3025,242,70,2025-11-27,2025-12-07,2025-12-14,2.26,5.25,Returned,2025-11-27 16:07:59,2025-12-14 08:55:46
3026,541,1312,2025-07-02,2025-07-09,2025-07-02,4.16,0.0,Returned,2025-07-02 06:35:09,2025-07-02 18:52:35
3027,75,1706,2025-09-22,2025-10-02,2025-09-28,2.71,0.0,Returned,2025-09-22 07:33:40,2025-09-28 01:08:16
3028,100,427,2025-12-27,2026-01-03,2025-12-28,4.69,0.0,Returned,2025-12-27 16:02:20,2025-12-28 12:32:14
3029,188,168,2025-07-13,2025-07-27,2025-07-23,2.53,0.0,Returned,2025-07-13 20:29:03,2025-07-23 15:27:23
3030,195,264,2026-03-20,2026-03-27,2026-03-23,8.23,0.0,Returned,2026-03-20 09:05:39,2026-03-23 23:14:23
3031,13,512,2025-09-21,2025-10-05,2025-10-08,2.45,2.25,Returned,2025-09-21 09:05:42,2025-10-08 00:48:46
3032,60,130,2025-12-09,2025-12-16,2025-12-20,2.21,3.0,Returned,2025-12-09 15:58:32,2025-12-20 09:34:39
3033,59,809,2025-12-18,2025-12-25,2025-12-23,2.27,0.0,Returned,2025-12-18 07:26:31,2025-12-23 08:57:46
3034,588,926,2025-10-19,2025-11-02,2025-10-20,3.54,0.0,Returned,2025-10-19 20:30:29,2025-10-20 04:33:49
3035,104,1038,2025-08-24,2025-09-03,2025-09-07,4.26,3.0,Returned,2025-08-24 18:06:54,2025-09-07 20:17:34
3036,560,1372,2025-10-29,2025-11-12,2025-11-10,3.34,0.0,Returned,2025-10-29 08:27:41,2025-11-10 07:51:47
3037,433,1773,2026-05-28,2026-06-04,2026-05-31,3.88,0.0,Returned,2026-05-28 16:20:56,2026-05-31 18:02:18
3038,742,525,2025-07-24,2025-07-31,2025-07-28,8.06,0.0,Returned,2025-07-24 20:00:55,2025-07-28 16:36:44
3039,115,1090,2025-09-24,2025-10-04,2025-09-28,2.74,0.0,Returned,2025-09-24 03:10:54,2025-09-28 07:41:38
3040,612,711,2026-04-10,2026-04-20,2026-04-16,2.53,0.0,Returned,2026-04-10 04:18:04,2026-04-16 00:50:37
3041,929,1426,2026-01-04,2026-01-11,2026-01-07,3.46,0.0,Returned,2026-01-04 12:58:52,2026-01-07 14:35:10
3042,359,628,2025-08-22,2025-09-01,2025-08-26,1.49,0.0,Returned,2025-08-22 06:54:26,2025-08-26 20:16:49
3043,3,309,2025-08-14,2025-08-21,2025-08-19,2.66,0.0,Returned,2025-08-14 07:01:50,2025-08-19 00:31:31
3044,554,805,2025-11-15,2025-11-29,2025-11-17,4.84,0.0,Returned,2025-11-15 19:22:32,2025-11-17 15:21:55
3045,823,58,2025-08-30,2025-09-09,2025-09-07,3.41,0.0,Returned,2025-08-30 04:53:03,2025-09-07 15:35:31
3046,53,538,2025-12-08,2025-12-22,2025-12-18,3.19,0.0,Returned,2025-12-08 02:52:34,2025-12-18 07:05:25
3047,744,1288,2025-12-23,2026-01-02,2025-12-26,4.67,0.0,Returned,2025-12-23 02:26:15,2025-12-26 00:10:28
3048,402,816,2025-07-01,2025-07-15,2025-07-18,2.07,2.25,Returned,2025-07-01 18:41:46,2025-07-18 12:24:57
3049,271,842,2025-08-02,2025-08-16,2025-08-16,2.57,0.0,Returned,2025-08-02 00:53:37,2025-08-16 06:25:32
3050,504,1621,2025-12-14,2025-12-28,2025-12-15,2.08,0.0,Returned,2025-12-14 10:54:49,2025-12-15 12:59:18
3051,494,1599,2025-08-13,2025-08-27,2025-08-21,3.64,0.0,Returned,2025-08-13 05:34:41,2025-08-21 21:19:17
3052,581,1575,2025-07-31,2025-08-07,2025-08-04,2.78,0.0,Returned,2025-07-31 14:13:27,2025-08-04 00:25:55
3053,531,809,2025-11-09,2025-11-16,2025-11-09,1.35,0.0,Returned,2025-11-09 02:48:10,2025-11-09 22:06:08
3054,706,704,2026-03-26,2026-04-02,2026-03-27,2.61,0.0,Returned,2026-03-26 13:07:50,2026-03-27 23:48:12
3055,912,875,2025-06-19,2025-07-03,2025-06-27,1.73,0.0,Returned,2025-06-19 09:46:59,2025-06-27 11:03:31
3056,456,353,2026-02-09,2026-02-19,2026-02-17,2.03,0.0,Returned,2026-02-09 09:45:37,2026-02-17 17:51:02
3057,219,553,2025-10-19,2025-10-29,2025-10-25,2.92,0.0,Returned,2025-10-19 16:24:12,2025-10-25 03:37:18
3058,649,1686,2026-05-17,2026-05-31,2026-06-01,2.83,5.25,Returned,2026-05-17 06:30:15,2026-06-01 23:58:34
3059,810,498,2025-09-28,2025-10-08,2025-10-01,1.77,0.0,Returned,2025-09-28 20:39:58,2025-10-01 15:49:37
3060,947,795,2026-02-22,2026-03-04,2026-02-22,4.58,0.0,Returned,2026-02-22 19:40:37,2026-02-22 19:40:37
3061,151,1380,2026-04-07,2026-04-21,2026-04-08,4.06,0.0,RETURNED,2026-04-07 22:49:21,2026-04-08 19:21:23
3062,485,21,2026-03-13,2026-03-27,2026-03-18,1.94,0.0,Returned,2026-03-13 20:52:02,2026-03-18 05:51:47
3063,840,1142,2026-02-03,2026-02-10,2026-02-06,3.03,0.0,Returned,2026-02-03 16:19:38,2026-02-06 03:17:22
3064,266,1391,2025-09-04,2025-09-18,2025-09-23,3.07,3.75,Returned,2025-09-04 03:07:03,2025-09-23 02:48:14
3065,32,681,2025-10-23,2025-11-06,2025-11-02,2.76,0.0,Returned,2025-10-23 18:24:39,2025-11-02 13:11:16
3066,825,715,2026-01-30,2026-02-09,2026-02-02,8.24,0.0,Returned,2026-01-30 06:56:27,2026-02-02 09:28:55
3067,678,1213,2026-01-13,2026-01-23,2026-01-19,1.74,0.0,Returned,2026-01-13 10:56:01,2026-01-19 21:03:49
3068,984,1080,2025-06-07,2025-06-14,2025-06-07,3.73,0.0,Returned,2025-06-07 14:12:35,2025-06-07 16:30:06
3069,860,602,2025-12-29,2026-01-12,2026-01-16,3.57,3.0,Returned,2025-12-29 15:09:08,2026-01-16 18:48:23
3070,509,435,2025-11-16,2025-11-23,2025-11-22,2.46,0.0,Returned,2025-11-16 04:03:07,2025-11-22 00:59:59
3071,328,689,2026-03-19,2026-03-29,2026-03-25,3.24,0.0,Returned,2026-03-19 18:27:59,2026-03-25 00:09:01
3072,63,960,2025-09-17,2025-09-24,2025-09-22,6.05,0.0,Returned,2025-09-17 21:14:13,2025-09-22 23:27:57
3073,299,928,2026-02-17,2026-03-03,2026-02-21,3.95,0.0,Returned,2026-02-17 15:22:59,2026-02-21 05:21:59
3074,424,668,2025-09-17,2025-09-27,2025-09-23,4.81,0.0,Returned,2025-09-17 12:59:29,2025-09-23 05:30:47
3075,58,547,2026-05-01,2026-05-11,2026-05-15,2.25,3.0,Returned,2026-05-01 10:26:51,2026-05-15 10:26:57
3076,128,1656,2025-10-30,2025-11-09,2025-11-07,1.58,0.0,Returned,2025-10-30 14:42:50,2025-11-07 02:36:34
3077,592,342,2025-12-20,2025-12-30,,4.43,-114.75,Overdue,2025-12-20 06:06:24,2025-12-20 06:06:24
3078,521,1314,2025-11-12,2025-11-26,2025-11-18,4.54,0.0,Returned,2025-11-12 18:01:21,2025-11-18 00:23:13
3079,86,700,2025-08-30,2025-09-09,2025-09-07,1.56,0.0,Returned,2025-08-30 02:13:25,2025-09-07 01:01:16
3080,254,1686,2025-08-02,2025-08-12,2025-08-06,2.61,0.0,Returned,2025-08-02 22:27:20,2025-08-06 20:55:35
3081,857,1666,2026-04-09,2026-04-23,2026-04-22,1.8,0.0,Returned,2026-04-09 05:36:39,2026-04-22 15:29:40
3082,186,511,2026-05-08,2026-05-18,2026-05-10,1.35,0.0,Returned,2026-05-08 03:09:25,2026-05-10 05:07:40
3083,737,107,2025-08-08,2025-08-15,2025-08-09,2.58,0.0,Returned,2025-08-08 01:01:38,2025-08-09 14:25:54
3084,240,825,2026-04-18,2026-05-02,2026-04-22,7.05,0.0,Returned,2026-04-18 14:04:37,2026-04-22 06:26:52
3085,646,366,2025-12-11,2025-12-18,2025-12-17,4.4,0.0,Returned,2025-12-11 17:21:53,2025-12-17 23:39:21
3086,584,403,2025-08-16,2025-08-26,2025-08-31,7.27,3.75,Returned,2025-08-16 17:33:48,2025-08-31 15:32:47
3087,829,297,2026-03-25,2026-04-01,2026-03-28,4.99,-1.5,Returned,2026-03-25 11:57:51,2026-03-28 02:54:51
3088,127,221,2025-10-15,2025-10-29,2025-10-23,2.21,0.0,RETURNED,2025-10-15 15:49:21,2025-10-23 10:20:06
3089,993,45,2025-07-14,2025-07-24,2025-07-31,3.05,5.25,Returned,2025-07-14 01:30:57,2025-07-31 16:20:52
3090,415,792,2025-12-12,2025-12-26,2025-12-13,3.12,0.0,Returned,2025-12-12 04:43:45,2025-12-13 17:15:13
3091,371,221,2026-02-17,2026-02-24,2026-02-26,2.53,1.5,Returned,2026-02-17 05:41:03,2026-02-26 19:36:27
3092,286,1288,2025-09-03,2025-09-17,2025-09-07,3.18,0.0,Returned,2025-09-03 20:30:01,2025-09-07 03:53:49
3093,979,505,2025-10-16,2025-10-23,2025-10-17,2.88,0.0,Returned,2025-10-16 19:42:16,2025-10-17 19:17:12
3094,443,1223,2026-04-04,2026-04-14,2026-04-13,1.92,0.0,Returned,2026-04-04 09:31:44,2026-04-13 03:59:16
3095,198,1518,2025-11-01,2025-11-11,2025-11-01,5.81,0.0,Returned,2025-11-01 19:04:32,2025-11-01 19:04:32
3096,194,12,2026-03-06,2026-03-16,2026-03-13,2.54,0.0,Returned,2026-03-06 06:52:10,2026-03-13 23:29:01
3097,975,809,2026-04-03,2026-04-10,2026-04-20,1.47,7.5,Returned,2026-04-03 16:06:31,2026-04-20 13:10:41
3098,895,809,2025-10-22,2025-11-01,2025-10-26,2.39,0.0,Returned,2025-10-22 16:48:35,2025-10-26 16:09:01
3099,612,222,2026-04-17,2026-04-27,2026-04-26,2.21,0.0,Returned,2026-04-17 20:34:03,2026-04-26 01:54:45
3100,123,186,2026-01-26,2026-02-02,2026-01-26,3.16,0.0,Returned,2026-01-26 09:44:28,2026-01-26 09:44:28
3101,847,1565,2026-04-24,2026-05-01,2026-04-24,2.43,0.0,Returned,2026-04-24 06:22:40,2026-04-24 10:49:40
3102,541,514,2025-07-07,2025-07-14,2025-07-08,2.8,0.0,Returned,2025-07-07 16:10:52,2025-07-08 01:43:09
3103,940,680,2025-10-04,2025-10-11,2025-10-09,4.63,0.0,Returned,2025-10-04 06:31:22,2025-10-09 03:56:39
3104,93,1378,2026-02-21,2026-03-07,2026-03-04,4.26,0.0,Returned,2026-02-21 08:16:14,2026-03-04 06:43:50
3105,655,499,2026-01-14,2026-01-21,2026-01-30,3.4,6.75,Returned,2026-01-14 04:14:52,2026-01-30 20:53:30
3106,791,764,2025-07-12,2025-07-26,2025-07-14,4.73,0.0,Returned,2025-07-12 21:00:05,2025-07-14 04:58:46
3107,3,1195,2025-11-29,2025-12-06,,4.93,132.75,Overdue,2025-11-29 18:30:23,2025-11-29 18:30:23
3108,495,811,2025-09-17,2025-09-27,2025-09-24,1.88,0.0,Returned,2025-09-17 18:29:34,2025-09-24 23:44:39
3109,384,194,2026-01-19,2026-02-02,2026-02-05,2.86,2.25,Returned,2026-01-19 04:07:45,2026-02-05 15:32:08
3110,857,1778,2026-03-18,2026-04-01,2026-04-01,4.04,0.0,Returned,2026-03-18 21:25:31,2026-04-01 18:24:19
3111,424,930,2026-04-26,2026-05-10,2026-05-03,4.4,0.0,Returned,2026-04-26 05:47:18,2026-05-03 09:20:13
3112,270,1394,2026-04-16,2026-04-26,2026-04-20,4.53,0.0,Returned,2026-04-16 14:17:27,2026-04-20 07:49:03
3113,752,1400,2025-07-13,2025-07-23,2025-07-19,1.08,0.0,Returned,2025-07-13 05:49:21,2025-07-19 22:18:09
3114,956,124,2026-02-14,2026-02-24,2026-02-19,1.88,0.0,Returned,2026-02-14 10:44:01,2026-02-19 11:46:12
3115,715,1097,2025-08-06,2025-08-13,2025-08-06,2.52,0.0,Returned,2025-08-06 19:11:56,2025-08-06 19:11:56
3116,485,182,2026-01-30,2026-02-06,2026-01-30,3.63,0.0,Returned,2026-01-30 10:14:04,2026-01-30 13:44:17
3117,29,1221,2025-07-29,2025-08-05,2025-08-12,2.72,5.25,Returned,2025-07-29 08:59:43,2025-08-12 11:48:32
3118,331,1012,2025-11-29,2025-12-09,2025-12-04,1.63,0.0,Returned,2025-11-29 00:02:44,2025-12-04 03:03:26
3119,246,1541,2025-11-23,2025-11-30,2025-11-29,3.65,0.0,Returned,2025-11-23 04:00:57,2025-11-29 13:36:02
3120,330,703,2026-01-15,2026-01-29,2026-01-19,4.11,0.0,Returned,2026-01-15 12:45:07,2026-01-19 02:48:49
3121,359,252,2025-11-21,2025-11-28,2025-11-27,5.68,0.0,Returned,2025-11-21 21:30:47,2025-11-27 08:35:28
3122,92,1055,2026-03-27,2026-04-10,2026-03-31,4.79,0.0,Returned,2026-03-27 22:58:53,2026-03-31 04:40:56
3123,610,1461,2025-06-13,2025-06-23,2025-06-18,2.3,0.0,Returned,2025-06-13 12:36:39,2025-06-18 18:34:36
3124,689,1383,2026-05-07,2026-05-14,2026-05-10,2.06,0.0,Returned,2026-05-07 03:46:12,2026-05-10 01:03:21
3125,659,1240,2025-10-17,2025-10-31,,4.43,159.75,Overdue,2025-10-17 22:28:28,2025-10-17 22:28:28
3126,948,473,2025-12-22,2026-01-05,2026-01-08,4.01,2.25,Returned,2025-12-22 00:27:22,2026-01-08 06:37:51
3127,115,1163,2025-09-29,2025-10-06,2025-10-03,2.56,0.0,Returned,2025-09-29 13:02:16,2025-10-03 21:20:58
3128,406,4,2025-09-13,2025-09-23,2025-09-23,1.67,0.0,Returned,2025-09-13 03:02:26,2025-09-23 16:10:52
3129,740,580,2025-08-30,2025-09-09,2025-09-09,3.55,0.0,Returned,2025-08-30 12:28:41,2025-09-09 19:19:24
3130,676,812,2025-11-10,2025-11-24,2025-11-24,1.79,0.0,Returned,2025-11-10 02:58:01,2025-11-24 07:43:32
3131,120,994,2025-08-21,2025-09-04,2025-08-28,2.36,0.0,Returned,2025-08-21 12:49:42,2025-08-28 00:51:13
3132,527,1760,2026-04-10,2026-04-20,2026-04-23,1.64,2.25,Returned,2026-04-10 00:00:27,2026-04-23 00:19:58
3133,347,1624,2025-12-28,2026-01-04,2025-12-30,2.25,0.0,Returned,2025-12-28 08:59:24,2025-12-30 20:48:43
3134,188,27,2026-01-16,2026-01-26,2026-01-17,2.9,0.0,Returned,2026-01-16 17:08:59,2026-01-17 07:15:54
3135,940,1479,2025-07-30,2025-08-06,2025-07-31,2.91,0.0,Returned,2025-07-30 03:45:46,2025-07-31 05:00:08
3136,45,995,2026-04-21,2026-04-28,2026-04-24,2.2,0.0,Returned,2026-04-21 02:27:57,2026-04-24 16:29:32
3137,435,429,2025-07-10,2025-07-20,2025-07-16,1.3,0.0,Returned,2025-07-10 00:11:38,2025-07-16 05:26:48
3138,123,529,2025-07-07,2025-07-21,2025-07-11,3.54,0.0,Returned,2025-07-07 23:14:45,2025-07-11 09:43:56
3139,570,852,2025-12-19,2026-01-02,,4.88,112.5,Overdue,2025-12-19 03:31:03,2025-12-19 03:31:03
3140,844,997,2026-03-11,2026-03-25,2026-03-13,1.25,0.0,Returned,2026-03-11 00:26:20,2026-03-13 04:52:24
3141,352,612,2026-03-24,2026-04-07,2026-04-06,4.78,0.0,Returned,2026-03-24 14:23:35,2026-04-06 22:41:18
3142,929,1361,2026-05-06,2026-05-20,2026-05-26,1.62,4.5,Returned,2026-05-06 00:15:12,2026-05-26 17:21:09
3143,727,795,2025-11-18,2025-11-25,2025-11-20,3.53,0.0,Returned,2025-11-18 23:52:53,2025-11-20 22:11:26
3144,866,1724,2026-01-13,2026-01-23,2026-01-13,4.67,-1.5,Returned,2026-01-13 00:55:29,2026-01-13 01:00:32
3145,456,1206,2025-09-18,2025-09-28,2025-09-26,4.26,0.0,Returned,2025-09-18 02:55:18,2025-09-26 16:09:06
3146,46,511,2026-04-14,2026-04-21,,2.18,30.75,Overdue,2026-04-14 02:44:36,2026-04-14 02:44:36
3147,280,1238,2026-04-26,2026-05-03,2026-05-01,2.62,0.0,Returned,2026-04-26 08:54:50,2026-05-01 05:21:28
3148,979,693,2025-09-25,2025-10-05,2025-10-14,2.17,6.75,Returned,2025-09-25 19:10:34,2025-10-14 22:48:03
3149,564,726,2026-02-20,2026-02-27,,4.72,70.5,OVERDUE,2026-02-20 23:40:02,2026-02-20 23:40:02
3150,651,911,2025-11-14,2025-11-21,2025-11-20,5.35,0.0,Returned,2025-11-14 08:59:09,2025-11-20 10:07:04
3151,683,885,2026-02-21,2026-03-07,2026-03-12,2.61,3.75,Returned,2026-02-21 21:32:36,2026-03-12 06:17:41
3152,303,584,2026-01-12,2026-01-22,2026-01-20,3.12,0.0,Returned,2026-01-12 00:55:05,2026-01-20 11:57:38
3153,909,677,2025-07-31,2025-08-07,2025-08-09,1.99,1.5,Returned,2025-07-31 12:20:50,2025-08-09 16:04:45
3154,690,1230,2025-08-08,2025-08-15,2025-08-14,2.54,0.0,Returned,2025-08-08 23:33:54,2025-08-14 04:24:02
3155,923,377,2026-03-23,2026-04-02,2026-03-29,2.63,0.0,Returned,2026-03-23 16:09:33,2026-03-29 23:25:57
3156,941,336,2026-04-10,2026-04-17,,4.99,33.75,Overdue,2026-04-10 12:52:58,2026-04-10 12:52:58
3157,526,1573,2026-04-02,2026-04-09,2026-04-18,2.72,6.75,Returned,2026-04-02 17:55:59,2026-04-18 05:42:58
3158,248,1345,2026-03-16,2026-03-26,2026-03-31,3.13,3.75,Returned,2026-03-16 20:07:41,2026-03-31 18:11:07
3159,896,1172,2026-05-06,2026-05-20,2026-05-20,1.33,0.0,Returned,2026-05-06 15:46:41,2026-05-20 17:19:52
3160,570,244,2025-12-18,2025-12-28,2026-01-05,1.53,6.0,Returned,2025-12-18 14:47:50,2026-01-05 14:39:48
3161,278,1537,2026-01-05,2026-01-15,2026-01-10,4.12,0.0,Returned,2026-01-05 23:03:18,2026-01-10 12:55:49
3162,594,94,2025-08-11,2025-08-21,2025-08-14,2.14,0.0,Returned,2025-08-11 06:15:45,2025-08-14 08:14:24
3163,117,1506,2025-10-19,2025-11-02,2025-10-22,2.76,0.0,Returned,2025-10-19 10:39:27,2025-10-22 12:01:47
3164,511,1040,2025-08-16,2025-08-23,2025-08-19,2.92,0.0,Returned,2025-08-16 21:52:56,2025-08-19 21:41:52
3165,169,1175,2025-10-01,2025-10-11,2025-10-05,4.72,0.0,Returned,2025-10-01 00:44:48,2025-10-05 13:27:22
3166,858,1783,2025-11-26,2025-12-10,,2.1,129.75,Overdue,2025-11-26 03:17:52,2025-11-26 03:17:52
3167,391,983,2025-08-17,2025-08-24,2025-09-01,4.67,6.0,Returned,2025-08-17 17:27:42,2025-09-01 19:01:40
3168,282,175,2026-04-26,2026-05-06,2026-04-30,1.85,0.0,Returned,2026-04-26 17:46:38,2026-04-30 14:41:23
3169,837,1673,2025-08-06,2025-08-16,2025-08-15,4.47,0.0,Returned,2025-08-06 00:40:42,2025-08-15 08:24:07
3170,80,1257,2025-11-17,2025-12-01,2025-11-20,2.87,0.0,Returned,2025-11-17 22:36:39,2025-11-20 14:54:27
3171,680,1227,2025-10-21,2025-10-28,2025-10-24,2.95,0.0,Returned,2025-10-21 22:35:16,2025-10-24 07:16:39
3172,547,1495,2025-09-10,2025-09-24,,4.15,187.5,Overdue,2025-09-10 11:06:20,2025-09-10 11:06:20
3173,618,772,2026-03-07,2026-03-14,2026-03-16,1.69,1.5,Returned,2026-03-07 16:56:22,2026-03-16 23:12:57
3174,785,1015,2025-11-20,2025-11-30,2025-11-27,2.89,0.0,Returned,2025-11-20 22:20:06,2025-11-27 22:45:06
3175,208,1737,2025-08-14,2025-08-21,2025-08-15,1.99,0.0,Returned,2025-08-14 19:52:02,2025-08-15 10:34:10
3176,244,1573,2025-09-30,2025-10-14,,4.03,172.5,Overdue,2025-09-30 15:47:18,2025-09-30 15:47:18
3177,777,441,2025-08-09,2025-08-16,2025-08-11,2.47,0.0,Returned,2025-08-09 05:26:20,2025-08-11 08:15:23
3178,760,12,2025-09-13,2025-09-23,2025-09-20,2.32,0.0,Returned,2025-09-13 19:41:30,2025-09-20 07:07:00
3179,330,1039,2025-06-07,2025-06-21,2025-06-14,4.28,0.0,Returned,2025-06-07 19:48:26,2025-06-14 13:50:19
3180,522,358,2025-10-31,2025-11-07,2025-10-31,2.27,0.0,Returned,2025-10-31 19:49:41,2025-10-31 19:49:41
3181,341,1616,2025-06-20,2025-07-04,2025-07-06,2.9,1.5,Returned,2025-06-20 04:25:00,2025-07-06 04:34:10
3182,514,99,2026-04-30,2026-05-14,2026-05-14,3.15,0.0,Returned,2026-04-30 11:27:56,2026-05-14 22:13:47
3183,665,405,2025-09-27,2025-10-04,2025-10-03,8.9,0.0,Returned,2025-09-27 19:07:08,2025-10-03 16:30:37
3184,185,852,2026-05-16,2026-05-26,2026-05-19,3.28,0.0,Returned,2026-05-16 01:51:38,2026-05-19 22:01:41
3185,489,1233,2025-10-15,2025-10-29,2025-10-23,1.98,0.0,Returned,2025-10-15 02:05:12,2025-10-23 18:53:57
3186,556,1277,2025-06-08,2025-06-15,2025-06-15,7.71,0.0,Returned,2025-06-08 02:46:16,2025-06-15 01:52:34
3187,551,986,2025-07-21,2025-07-31,2025-07-27,3.26,0.0,Returned,2025-07-21 15:28:34,2025-07-27 01:22:24
3188,849,1463,2025-08-13,2025-08-20,2025-08-20,2.25,0.0,Returned,2025-08-13 09:04:11,2025-08-20 23:36:16
3189,348,1396,2025-08-30,2025-09-06,2025-08-30,3.48,0.0,Returned,2025-08-30 04:58:09,2025-08-30 16:05:29
3190,960,1649,2026-03-08,2026-03-18,2026-03-18,4.96,0.0,Returned,2026-03-08 16:05:34,2026-03-18 14:25:10
3191,987,1311,2025-11-09,2025-11-23,2025-11-09,4.45,0.0,RETURNED,2025-11-09 21:12:27,2025-11-09 21:12:27
3192,526,160,2025-09-01,2025-09-15,2025-09-07,1.95,0.0,Returned,2025-09-01 22:31:03,2025-09-07 00:22:47
3193,645,1361,2026-04-26,2026-05-03,2026-04-29,1.32,0.0,RETURNED,2026-04-26 03:34:30,2026-04-29 17:47:58
3194,442,660,2026-04-02,2026-04-16,2026-04-07,4.13,0.0,Returned,2026-04-02 00:39:21,2026-04-07 04:38:56
3195,764,81,2025-11-24,2025-12-01,2025-12-01,3.26,0.0,Returned,2025-11-24 16:47:40,2025-12-01 09:23:55
3196,905,687,2026-04-09,2026-04-19,2026-04-16,3.05,0.0,Returned,2026-04-09 10:55:34,2026-04-16 03:26:27
3197,829,518,2026-01-24,2026-02-03,2026-02-10,4.79,5.25,Returned,2026-01-24 08:01:18,2026-02-10 12:31:38
3198,158,1754,2025-07-04,2025-07-14,2025-07-05,4.5,0.0,Returned,2025-07-04 03:31:50,2025-07-05 04:15:21
3199,517,578,2026-01-11,2026-01-25,2026-02-04,3.37,7.5,Returned,2026-01-11 12:27:25,2026-02-04 12:26:36
3200,841,1440,2026-01-24,2026-02-03,2026-02-12,4.96,6.75,Returned,2026-01-24 22:32:26,2026-02-12 01:31:18
3201,82,577,2026-03-09,2026-03-19,2026-03-22,2.59,2.25,Returned,2026-03-09 02:26:59,2026-03-22 02:13:26
3202,382,1318,2026-03-30,2026-04-13,2026-04-06,4.12,0.0,Returned,2026-03-30 20:44:18,2026-04-06 00:37:53
3203,70,640,2026-03-11,2026-03-21,2026-03-21,2.28,0.0,Returned,2026-03-11 16:04:45,2026-03-21 21:28:31
3204,262,1121,2025-09-08,2025-09-15,2025-09-08,2.12,0.0,Returned,2025-09-08 00:59:17,2025-09-08 18:10:14
3205,762,557,2025-11-07,2025-11-17,2025-11-24,4.48,5.25,Returned,2025-11-07 03:05:24,2025-11-24 22:37:42
3206,828,127,2025-06-24,2025-07-08,2025-06-27,2.41,0.0,Returned,2025-06-24 02:20:40,2025-06-27 02:42:47
3207,529,992,2026-03-18,2026-03-25,2026-03-22,3.21,0.0,Returned,2026-03-18 06:27:59,2026-03-22 21:56:49
3208,949,943,2026-03-17,2026-03-24,2026-03-17,2.19,0.0,Returned,2026-03-17 23:32:25,2026-03-17 23:32:25
3209,127,436,2026-01-01,2026-01-11,2026-01-09,2.01,0.0,Returned,2026-01-01 00:42:54,2026-01-09 02:05:05
3210,140,1322,2026-02-18,2026-02-28,2026-02-20,3.16,0.0,Returned,2026-02-18 12:51:16,2026-02-20 05:43:35
3211,916,594,2026-02-10,2026-02-20,2026-02-19,4.13,0.0,Returned,2026-02-10 07:16:13,2026-02-19 21:55:58
3212,937,146,2025-06-08,2025-06-22,2025-06-08,2.76,0.0,Returned,2025-06-08 04:14:32,2025-06-08 04:14:32
3213,69,1369,2025-10-15,2025-10-25,2025-10-25,2.71,0.0,Returned,2025-10-15 18:18:45,2025-10-25 22:46:44
3214,834,300,2026-04-28,2026-05-05,2026-04-29,4.65,0.0,Returned,2026-04-28 22:06:45,2026-04-29 10:28:38
3215,651,945,2026-03-24,2026-04-07,2026-04-01,1.65,0.0,Returned,2026-03-24 20:36:50,2026-04-01 14:03:22
3216,199,512,2025-10-08,2025-10-18,2025-10-16,1.51,0.0,Returned,2025-10-08 08:09:34,2025-10-16 05:19:48
3217,899,489,2026-04-03,2026-04-13,2026-04-08,2.92,0.0,Returned,2026-04-03 02:29:53,2026-04-08 15:25:53
3218,27,70,2026-02-17,2026-02-24,2026-02-20,2.98,0.0,Returned,2026-02-17 08:16:11,2026-02-20 14:43:04
3219,700,1102,2025-06-06,2025-06-16,2025-06-14,4.75,0.0,Returned,2025-06-06 09:44:17,2025-06-14 21:22:39
3220,182,751,2025-06-27,2025-07-11,2025-07-16,1.88,3.75,Returned,2025-06-27 19:30:59,2025-07-16 17:14:18
3221,92,1663,2026-03-10,2026-03-24,2026-03-16,4.07,0.0,Returned,2026-03-10 09:55:50,2026-03-16 13:34:50
3222,998,1347,2026-05-10,2026-05-24,2026-05-16,2.2,0.0,Returned,2026-05-10 04:47:24,2026-05-16 00:32:38
3223,112,220,2025-11-22,2025-12-02,2025-11-24,1.67,0.0,Returned,2025-11-22 00:52:45,2025-11-24 19:08:21
3224,293,855,2025-08-04,2025-08-14,2025-08-06,4.67,0.0,Returned,2025-08-04 05:36:11,2025-08-06 04:19:27
3225,745,1579,2025-07-12,2025-07-26,2025-07-14,4.95,0.0,Returned,2025-07-12 05:17:49,2025-07-14 02:33:19
3226,655,8,2025-12-02,2025-12-12,2025-12-08,3.71,0.0,Returned,2025-12-02 23:02:28,2025-12-08 21:25:07
3227,317,1569,2025-10-30,2025-11-09,2025-11-01,1.49,0.0,Returned,2025-10-30 17:13:53,2025-11-01 05:04:36
3228,305,1413,2025-07-10,2025-07-24,2025-07-21,5.38,0.0,Returned,2025-07-10 20:18:01,2025-07-21 17:15:34
3229,358,1219,2026-01-23,2026-02-02,2026-01-27,2.91,0.0,Returned,2026-01-23 19:50:50,2026-01-27 03:17:21
3230,353,124,2025-07-26,2025-08-09,2025-07-26,2.39,0.0,Returned,2025-07-26 11:54:23,2025-07-26 15:48:27
3231,945,1604,2026-04-14,2026-04-21,2026-04-21,2.03,0.0,Returned,2026-04-14 20:55:38,2026-04-21 04:04:53
3232,391,1345,2025-11-21,2025-12-05,2025-11-26,3.81,0.0,Returned,2025-11-21 03:42:37,2025-11-26 05:03:39
3233,897,231,2026-04-03,2026-04-10,2026-04-18,3.36,6.0,Returned,2026-04-03 21:59:15,2026-04-18 04:44:46
3234,916,1502,2025-09-27,2025-10-04,2025-10-05,8.45,0.75,Returned,2025-09-27 15:48:37,2025-10-05 02:43:23
3235,625,1495,2026-04-08,2026-04-15,2026-04-24,3.08,6.75,Returned,2026-04-08 01:59:14,2026-04-24 08:26:21
3236,945,140,2026-02-23,2026-03-05,2026-03-02,4.43,0.0,Returned,2026-02-23 01:31:12,2026-03-02 00:54:38
3237,425,623,2026-03-20,2026-03-27,2026-03-27,4.62,0.0,Returned,2026-03-20 05:57:26,2026-03-27 17:26:05
3238,743,1111,2026-01-08,2026-01-22,2026-01-08,2.77,0.0,Returned,2026-01-08 15:01:56,2026-01-08 19:15:25
3239,738,1512,2026-02-26,2026-03-12,,1.77,60.75,Overdue,2026-02-26 14:10:31,2026-02-26 14:10:31
3240,380,465,2025-10-01,2025-10-15,2025-10-07,4.73,0.0,Returned,2025-10-01 23:46:24,2025-10-07 22:37:13
3241,457,1768,2025-07-07,2025-07-17,2025-07-12,3.56,-1.5,Returned,2025-07-07 00:36:43,2025-07-12 19:59:17
3242,940,1686,2026-02-18,2026-02-28,2026-03-01,3.77,0.75,Returned,2026-02-18 07:59:14,2026-03-01 03:32:38
3243,169,423,2025-11-03,2025-11-13,2025-11-22,1.34,6.75,Returned,2025-11-03 05:40:30,2025-11-22 10:33:05
3244,656,19,2026-01-26,2026-02-05,2026-02-02,3.14,0.0,Returned,2026-01-26 14:37:33,2026-02-02 08:23:52
3245,56,970,2025-12-11,2025-12-25,2026-01-04,2.35,7.5,Returned,2025-12-11 11:43:43,2026-01-04 21:16:46
3246,250,1754,2025-08-25,2025-09-01,2025-08-27,4.79,0.0,Returned,2025-08-25 04:19:21,2025-08-27 18:23:33
3247,90,703,2025-11-24,2025-12-01,2025-11-24,4.87,0.0,Returned,2025-11-24 12:46:52,2025-11-24 17:41:03
3248,884,139,2026-02-10,2026-02-24,2026-02-19,4.87,0.0,Returned,2026-02-10 18:51:09,2026-02-19 14:10:28
3249,829,1665,2025-08-30,2025-09-13,2025-09-09,1.65,0.0,Returned,2025-08-30 17:04:08,2025-09-09 18:47:56
3250,348,89,2026-04-16,2026-04-23,2026-04-17,6.53,0.0,Returned,2026-04-16 08:34:15,2026-04-17 04:48:26
3251,648,1380,2025-09-08,2025-09-15,2025-09-22,3.5,5.25,Returned,2025-09-08 17:40:05,2025-09-22 18:55:07
3252,935,521,2025-10-21,2025-10-31,2025-10-29,4.62,0.0,Returned,2025-10-21 22:04:53,2025-10-29 07:35:38
3253,790,927,2025-09-05,2025-09-12,2025-09-08,3.78,0.0,Returned,2025-09-05 21:17:37,2025-09-08 12:15:20
3254,784,468,2025-10-18,2025-10-25,2025-10-23,3.77,0.0,Returned,2025-10-18 14:33:56,2025-10-23 11:47:33
3255,789,1134,2025-10-09,2025-10-19,2025-10-17,1.96,0.0,Returned,2025-10-09 12:56:40,2025-10-17 13:31:08
3256,499,1535,2025-09-13,2025-09-27,,4.3,185.25,Overdue,2025-09-13 00:52:13,2025-09-13 00:52:13
3257,870,525,2025-08-24,2025-09-07,2025-09-05,6.14,0.0,Returned,2025-08-24 06:16:59,2025-09-05 04:38:57
3258,332,302,2026-03-13,2026-03-23,2026-03-13,3.75,0.0,Returned,2026-03-13 21:17:23,2026-03-13 21:17:23
3259,484,1150,2025-07-08,2025-07-15,2025-07-09,2.54,0.0,Returned,2025-07-08 12:24:30,2025-07-09 20:58:27
3260,461,1760,2025-08-27,2025-09-03,2025-09-02,2.36,0.0,Returned,2025-08-27 02:32:47,2025-09-02 19:59:14
3261,210,1146,2025-11-15,2025-11-25,2025-11-22,2.05,0.0,Returned,2025-11-15 17:17:58,2025-11-22 12:30:35
3262,316,12,2025-08-29,2025-09-08,2025-08-31,2.67,0.0,Returned,2025-08-29 22:26:27,2025-08-31 22:04:05
3263,81,592,2026-04-13,2026-04-23,2026-04-23,3.62,0.0,Returned,2026-04-13 19:05:53,2026-04-23 18:35:53
3264,67,1058,2025-10-31,2025-11-07,2025-11-03,1.95,0.0,Returned,2025-10-31 12:43:38,2025-11-03 04:18:32
3265,590,1698,2025-10-22,2025-10-29,,1.62,161.25,Overdue,2025-10-22 01:00:50,2025-10-22 01:00:50
3266,191,1673,2026-02-03,2026-02-13,2026-02-17,3.89,3.0,Returned,2026-02-03 09:53:49,2026-02-17 00:58:05
3267,212,1737,2025-12-07,2025-12-14,2025-12-14,1.91,0.0,Returned,2025-12-07 00:56:16,2025-12-14 13:39:26
3268,610,185,2025-11-17,2025-12-01,2025-11-26,4.17,0.0,Returned,2025-11-17 17:39:28,2025-11-26 02:13:17
3269,648,1320,2026-04-11,2026-04-21,2026-04-13,3.4,0.0,Returned,2026-04-11 08:10:39,2026-04-13 19:19:42
3270,376,609,2025-08-21,2025-09-04,2025-08-24,4.34,0.0,Returned,2025-08-21 22:47:06,2025-08-24 22:10:18
3271,41,1683,2026-04-08,2026-04-18,2026-04-11,3.24,0.0,Returned,2026-04-08 00:36:57,2026-04-11 12:30:57
3272,829,593,2026-05-18,2026-06-01,2026-05-19,3.31,0.0,RETURNED,2026-05-18 20:08:58,2026-05-19 18:30:31
3273,135,834,2025-11-24,2025-12-01,2025-11-26,1.12,0.0,Returned,2025-11-24 06:51:17,2025-11-26 04:52:35
3274,203,1145,2025-10-17,2025-10-27,2025-10-20,4.3,0.0,Returned,2025-10-17 00:24:51,2025-10-20 18:36:46
3275,294,1545,2026-03-20,2026-03-30,2026-03-23,4.38,0.0,Returned,2026-03-20 10:44:53,2026-03-23 10:29:09
3276,476,1200,2025-07-22,2025-08-01,2025-07-24,2.91,0.0,Returned,2025-07-22 20:42:01,2025-07-24 01:57:36
3277,205,652,2025-09-03,2025-09-17,,4.88,192.75,Overdue,2025-09-03 05:30:56,2025-09-03 05:30:56
3278,998,383,2025-06-23,2025-07-03,2025-07-03,1.05,0.0,RETURNED,2025-06-23 11:53:24,2025-07-03 07:00:39
3279,511,246,2025-08-27,2025-09-06,2025-09-04,8.89,0.0,Returned,2025-08-27 04:03:23,2025-09-04 20:20:08
3280,840,191,2025-06-09,2025-06-19,2025-06-19,4.1,0.0,Returned,2025-06-09 10:44:57,2025-06-19 07:15:54
3281,625,458,2025-09-23,2025-10-07,2025-10-04,7.28,0.0,Returned,2025-09-23 10:07:39,2025-10-04 11:21:41
3282,71,853,2025-08-03,2025-08-17,2025-08-24,3.72,5.25,Returned,2025-08-03 04:35:25,2025-08-24 22:11:47
3283,35,1664,2025-08-01,2025-08-08,2025-08-13,4.65,3.75,Returned,2025-08-01 09:55:41,2025-08-13 14:09:12
3284,346,439,2026-03-29,2026-04-08,2026-04-09,2.17,0.75,Returned,2026-03-29 19:04:29,2026-04-09 01:32:54
3285,301,1445,2026-01-03,2026-01-10,2026-01-10,3.94,0.0,Returned,2026-01-03 11:15:25,2026-01-10 05:01:37
3286,856,1273,2025-09-03,2025-09-10,2025-09-07,3.11,0.0,Returned,2025-09-03 05:44:41,2025-09-07 21:04:45
3287,969,416,2025-09-22,2025-10-06,2025-09-29,3.85,0.0,Returned,2025-09-22 06:34:29,2025-09-29 21:07:10
3288,798,840,2025-12-20,2025-12-27,,2.65,117.0,Overdue,2025-12-20 18:18:49,2025-12-20 18:18:49
3289,754,1146,2025-07-10,2025-07-20,2025-07-18,1.57,0.0,Returned,2025-07-10 15:24:59,2025-07-18 08:44:47
3290,401,755,2026-05-23,2026-05-30,2026-05-31,2.13,0.75,Returned,2026-05-23 18:51:38,2026-05-31 22:53:37
3291,194,1676,2026-05-06,2026-05-20,2026-05-16,4.07,0.0,Returned,2026-05-06 06:03:39,2026-05-16 01:30:04
3292,267,1293,2026-01-11,2026-01-21,2026-01-17,3.26,0.0,Returned,2026-01-11 08:45:55,2026-01-17 17:46:13
3293,907,972,2025-11-30,2025-12-07,,2.38,132.0,Overdue,2025-11-30 19:04:36,2025-11-30 19:04:36
3294,735,1486,2025-09-15,2025-09-22,2025-09-18,8.26,0.0,Returned,2025-09-15 09:39:37,2025-09-18 19:27:00
3295,945,648,2025-11-18,2025-12-02,2025-11-28,4.3,0.0,Returned,2025-11-18 11:10:32,2025-11-28 22:42:03
3296,20,1177,2026-04-29,2026-05-13,2026-05-02,3.6,0.0,Returned,2026-04-29 12:08:51,2026-05-02 05:14:54
3297,785,1401,2025-08-28,2025-09-04,2025-09-01,1.97,0.0,Returned,2025-08-28 13:25:39,2025-09-01 05:25:28
3298,764,221,2026-03-05,2026-03-19,2026-03-17,1.69,0.0,Returned,2026-03-05 10:57:38,2026-03-17 23:39:03
3299,47,799,2026-02-27,2026-03-13,2026-03-16,2.91,2.25,Returned,2026-02-27 17:37:06,2026-03-16 20:10:22
3300,116,421,2026-04-04,2026-04-11,2026-04-13,2.21,1.5,RETURNED,2026-04-04 09:43:05,2026-04-13 05:17:09
3301,975,1627,2026-03-18,2026-03-28,2026-03-21,3.65,0.0,Returned,2026-03-18 05:56:51,2026-03-21 02:21:30
3302,722,424,2025-11-16,2025-11-26,2025-11-29,2.33,2.25,Returned,2025-11-16 12:30:06,2025-11-29 12:47:35
3303,606,1298,2026-05-07,2026-05-14,2026-05-07,2.96,0.0,Returned,2026-05-07 06:18:06,2026-05-07 06:18:06
3304,224,1285,2026-04-11,2026-04-21,2026-04-15,4.29,0.0,Returned,2026-04-11 19:53:44,2026-04-15 17:02:15
3305,431,1185,2026-03-21,2026-03-28,2026-03-22,3.05,0.0,Returned,2026-03-21 03:21:07,2026-03-22 00:08:22
3306,280,1490,2025-07-30,2025-08-09,2025-08-19,3.32,7.5,Returned,2025-07-30 18:55:47,2025-08-19 11:38:45
3307,621,602,2026-03-25,2026-04-04,2026-04-02,3.87,0.0,Returned,2026-03-25 00:06:46,2026-04-02 12:55:32
3308,531,982,2026-03-05,2026-03-15,2026-03-14,3.47,0.0,Returned,2026-03-05 09:29:52,2026-03-14 12:37:29
3309,730,424,2025-08-18,2025-08-28,2025-08-28,2.16,0.0,Returned,2025-08-18 03:53:13,2025-08-28 08:47:32
3310,889,1456,2025-07-18,2025-07-25,2025-07-20,3.16,0.0,Returned,2025-07-18 22:35:48,2025-07-20 22:42:44
3311,938,298,2026-02-27,2026-03-06,,2.87,65.25,Overdue,2026-02-27 08:08:34,2026-02-27 08:08:34
3312,987,1120,2025-09-02,2025-09-09,2025-09-02,2.89,0.0,RETURNED,2025-09-02 02:39:42,2025-09-02 03:45:54
3313,190,1581,2025-12-31,2026-01-07,2026-01-01,1.73,0.0,Returned,2025-12-31 14:50:59,2026-01-01 06:11:29
3314,881,1308,2026-03-22,2026-03-29,2026-03-27,2.97,0.0,Returned,2026-03-22 15:11:01,2026-03-27 20:15:36
3315,726,330,2025-07-14,2025-07-28,2025-07-30,1.61,1.5,Returned,2025-07-14 00:00:57,2025-07-30 22:47:47
3316,837,1281,2026-04-23,2026-04-30,2026-04-30,3.47,0.0,Returned,2026-04-23 01:34:11,2026-04-30 23:23:07
3317,807,22,2025-07-07,2025-07-21,2025-07-10,2.43,0.0,Returned,2025-07-07 02:03:58,2025-07-10 14:17:38
3318,641,894,2025-10-15,2025-10-22,2025-10-17,1.72,0.0,Returned,2025-10-15 04:54:13,2025-10-17 03:03:01
3319,7,1493,2025-12-14,2025-12-28,2025-12-23,2.31,0.0,Returned,2025-12-14 09:50:34,2025-12-23 00:47:04
3320,278,1515,2025-11-24,2025-12-01,,6.77,136.5,Overdue,2025-11-24 17:48:44,2025-11-24 17:48:44
3321,60,1063,2026-04-18,2026-04-25,2026-04-25,2.83,0.0,Returned,2026-04-18 06:06:58,2026-04-25 17:49:20
3322,286,238,2026-04-04,2026-04-11,2026-04-10,1.51,0.0,Returned,2026-04-04 05:47:45,2026-04-10 05:30:06
3323,754,399,2026-01-31,2026-02-07,2026-02-02,3.51,0.0,Returned,2026-01-31 23:37:24,2026-02-02 15:13:04
3324,894,586,2026-04-06,2026-04-20,2026-04-08,4.93,0.0,Returned,2026-04-06 08:57:12,2026-04-08 02:12:15
3325,382,49,2025-11-26,2025-12-03,2025-12-03,3.64,0.0,Returned,2025-11-26 16:02:21,2025-12-03 10:18:25
3326,51,1645,2025-10-06,2025-10-16,2025-10-19,1.62,2.25,Returned,2025-10-06 03:54:51,2025-10-19 21:16:31
3327,860,1002,2026-03-20,2026-03-27,2026-04-06,1.74,7.5,Returned,2026-03-20 04:05:05,2026-04-06 18:59:24
3328,331,1280,2026-01-22,2026-02-01,2026-01-23,4.59,0.0,Returned,2026-01-22 21:52:10,2026-01-23 11:40:02
3329,146,379,2026-04-13,2026-04-23,2026-04-19,2.55,0.0,Returned,2026-04-13 20:55:26,2026-04-19 06:39:02
3330,131,969,2026-02-09,2026-02-19,2026-02-19,3.59,0.0,Returned,2026-02-09 03:49:39,2026-02-19 04:01:59
3331,565,1140,2025-08-22,2025-08-29,,4.61,207.0,Overdue,2025-08-22 11:47:27,2025-08-22 11:47:27
3332,58,691,2025-08-22,2025-09-05,2025-08-28,2.66,0.0,Returned,2025-08-22 09:49:29,2025-08-28 16:48:39
3333,625,665,2025-12-18,2025-12-25,2025-12-20,1.42,0.0,Returned,2025-12-18 18:54:52,2025-12-20 20:04:54
3334,266,1076,2025-06-09,2025-06-23,2025-06-18,7.9,0.0,Returned,2025-06-09 10:49:52,2025-06-18 00:52:42
3335,90,829,2026-02-10,2026-02-20,,4.28,75.75,Overdue,2026-02-10 00:41:27,2026-02-10 00:41:27
3336,80,1168,2026-01-05,2026-01-15,2026-01-12,1.23,0.0,Returned,2026-01-05 08:13:30,2026-01-12 04:07:33
3337,111,1060,2025-06-10,2025-06-20,2025-06-27,1.99,5.25,Returned,2025-06-10 00:35:43,2025-06-27 04:38:17
3338,132,97,2025-06-07,2025-06-21,2025-06-18,1.18,0.0,Returned,2025-06-07 14:39:16,2025-06-18 06:41:00
3339,892,568,2025-11-07,2025-11-17,2025-11-13,1.54,0.0,Returned,2025-11-07 15:27:48,2025-11-13 09:04:47
3340,189,779,2025-07-07,2025-07-17,2025-07-12,3.85,0.0,Returned,2025-07-07 04:09:58,2025-07-12 07:37:53
3341,355,1523,2025-12-03,2025-12-10,2025-12-05,1.74,0.0,Returned,2025-12-03 21:46:34,2025-12-05 04:55:48
3342,656,942,2025-07-25,2025-08-08,2025-07-31,1.37,0.0,Returned,2025-07-25 13:52:41,2025-07-31 04:45:09
3343,691,1417,2025-07-16,2025-07-30,2025-07-19,2.63,0.0,Returned,2025-07-16 22:09:23,2025-07-19 08:00:07
3344,89,192,2025-11-15,2025-11-29,2025-11-28,2.68,0.0,Returned,2025-11-15 23:08:03,2025-11-28 20:14:44
3345,554,142,2025-08-05,2025-08-12,2025-08-07,2.04,0.0,Returned,2025-08-05 21:39:24,2025-08-07 16:57:17
3346,16,1099,2025-07-14,2025-07-28,2025-07-19,1.75,0.0,Returned,2025-07-14 13:01:19,2025-07-19 00:42:46
3347,689,1454,2026-02-20,2026-03-02,2026-02-22,2.28,0.0,Returned,2026-02-20 05:26:35,2026-02-22 03:00:00
3348,919,798,2025-07-09,2025-07-19,2025-07-18,3.83,0.0,Returned,2025-07-09 15:10:12,2025-07-18 08:43:01
3349,104,1002,2026-02-03,2026-02-13,2026-02-11,1.74,0.0,Returned,2026-02-03 07:00:31,2026-02-11 08:40:43
3350,564,1652,2025-10-30,2025-11-13,2025-11-01,3.17,0.0,Returned,2025-10-30 23:46:34,2025-11-01 01:46:05
3351,527,139,2026-01-17,2026-01-31,2026-01-29,2.82,0.0,Returned,2026-01-17 00:18:28,2026-01-29 20:55:04
3352,122,1161,2025-10-15,2025-10-25,2025-10-20,2.92,0.0,Returned,2025-10-15 13:04:49,2025-10-20 20:38:04
3353,26,704,2025-07-30,2025-08-09,2025-08-05,3.86,0.0,Returned,2025-07-30 15:49:17,2025-08-05 07:09:06
3354,834,1296,2025-08-01,2025-08-15,2025-08-12,2.5,0.0,Returned,2025-08-01 14:38:38,2025-08-12 22:12:18
3355,297,1030,2025-07-20,2025-08-03,2025-07-20,3.84,0.0,Returned,2025-07-20 09:17:16,2025-07-20 09:17:16
3356,827,87,2025-12-20,2025-12-27,2025-12-23,1.53,0.0,Returned,2025-12-20 04:34:20,2025-12-23 06:16:55
3357,557,1261,2025-07-30,2025-08-06,,3.0,224.25,Overdue,2025-07-30 00:20:56,2025-07-30 00:20:56
3358,652,1444,2025-11-08,2025-11-18,2025-11-11,4.62,0.0,Returned,2025-11-08 12:13:20,2025-11-11 06:00:30
3359,235,977,2025-07-03,2025-07-17,2025-07-18,5.21,0.75,Returned,2025-07-03 12:06:14,2025-07-18 09:42:31
3360,761,97,2025-11-27,2025-12-07,2025-11-29,1.82,0.0,Returned,2025-11-27 08:38:14,2025-11-29 23:43:46
3361,245,679,2025-07-15,2025-07-22,2025-07-30,3.86,6.0,Returned,2025-07-15 05:04:55,2025-07-30 00:59:40
3362,566,1557,2026-01-29,2026-02-12,2026-02-06,4.0,0.0,Returned,2026-01-29 05:45:10,2026-02-06 13:15:16
3363,726,1246,2025-07-14,2025-07-21,2025-07-14,1.46,0.0,Returned,2025-07-14 01:52:35,2025-07-14 01:52:35
3364,659,1344,2026-02-01,2026-02-15,2026-02-07,2.55,0.0,Returned,2026-02-01 12:38:33,2026-02-07 20:28:52
3365,847,1459,2026-02-27,2026-03-13,2026-03-16,1.67,2.25,Returned,2026-02-27 03:28:55,2026-03-16 20:37:47
3366,976,721,2025-09-12,2025-09-26,,4.73,186.0,Overdue,2025-09-12 02:21:16,2025-09-12 02:21:16
3367,521,1515,2025-07-15,2025-07-25,2025-08-03,4.3,6.75,Returned,2025-07-15 08:43:03,2025-08-03 20:46:24
3368,338,1100,2025-11-12,2025-11-26,2025-11-23,2.39,0.0,Returned,2025-11-12 03:10:52,2025-11-23 03:04:39
3369,966,1529,2025-08-07,2025-08-14,2025-08-14,3.18,0.0,Returned,2025-08-07 12:01:46,2025-08-14 00:49:03
3370,314,1552,2025-08-12,2025-08-19,2025-08-13,2.92,0.0,Returned,2025-08-12 11:23:16,2025-08-13 05:11:14
3371,238,1066,2025-07-10,2025-07-20,2025-07-17,8.91,0.0,Returned,2025-07-10 10:03:22,2025-07-17 01:17:32
3372,362,946,2025-08-25,2025-09-01,2025-08-25,4.52,0.0,Returned,2025-08-25 11:39:40,2025-08-25 11:39:40
3373,277,1496,2025-08-28,2025-09-04,2025-08-29,3.58,0.0,Returned,2025-08-28 02:23:37,2025-08-29 01:42:26
3374,154,265,2026-04-07,2026-04-14,,6.15,36.0,Overdue,2026-04-07 03:31:25,2026-04-07 03:31:25
3375,859,122,2026-03-09,2026-03-23,2026-03-16,3.08,0.0,Returned,2026-03-09 11:43:30,2026-03-16 06:39:12
3376,41,23,2026-01-07,2026-01-14,2026-01-10,2.28,0.0,Returned,2026-01-07 08:30:46,2026-01-10 16:20:34
3377,340,1344,2025-12-25,2026-01-08,2026-01-07,4.56,0.0,Returned,2025-12-25 20:09:38,2026-01-07 02:38:39
3378,925,1018,2026-03-06,2026-03-20,2026-03-28,3.2,6.0,Returned,2026-03-06 21:28:10,2026-03-28 22:47:31
3379,67,1317,2025-06-08,2025-06-22,2025-06-08,4.72,0.0,Returned,2025-06-08 12:12:03,2025-06-08 16:33:03
3380,721,1005,2026-02-21,2026-03-03,2026-03-03,1.12,0.0,RETURNED,2026-02-21 18:15:56,2026-03-03 11:43:33
3381,193,1148,2025-08-31,2025-09-07,2025-09-02,1.39,0.0,Returned,2025-08-31 04:18:46,2025-09-02 11:39:07
3382,955,22,2026-03-13,2026-03-20,2026-03-23,2.19,2.25,Returned,2026-03-13 05:09:00,2026-03-23 17:30:35
3383,809,760,2026-03-29,2026-04-12,2026-04-05,2.58,0.0,Returned,2026-03-29 00:39:06,2026-04-05 18:46:17
3384,340,1439,2025-07-20,2025-07-27,2025-07-22,3.14,0.0,Returned,2025-07-20 04:01:17,2025-07-22 07:12:26
3385,460,21,2025-06-16,2025-06-30,2025-06-26,2.38,0.0,Returned,2025-06-16 06:09:29,2025-06-26 08:22:21
3386,937,796,2025-09-25,2025-10-09,2025-10-06,2.65,0.0,Returned,2025-09-25 22:50:33,2025-10-06 18:13:10
3387,362,22,2025-09-06,2025-09-16,2025-09-17,1.79,0.75,Returned,2025-09-06 06:04:32,2025-09-17 22:40:52
3388,890,937,2026-01-06,2026-01-13,2026-01-06,1.97,0.0,Returned,2026-01-06 23:56:40,2026-01-06 23:56:40
3389,468,626,2025-10-06,2025-10-13,2025-10-11,1.81,0.0,Returned,2025-10-06 03:30:36,2025-10-11 03:40:49
3390,40,1319,2025-07-17,2025-07-24,2025-08-02,4.86,6.75,Returned,2025-07-17 20:11:54,2025-08-02 01:50:03
3391,116,566,2025-07-03,2025-07-17,,2.1,239.25,Overdue,2025-07-03 14:58:31,2025-07-03 14:58:31
3392,519,315,2025-09-20,2025-09-27,2025-09-28,2.88,0.75,Returned,2025-09-20 12:45:42,2025-09-28 04:55:56
3393,475,982,2026-01-18,2026-02-01,2026-01-23,3.18,0.0,Returned,2026-01-18 10:11:18,2026-01-23 17:30:30
3394,579,721,2026-04-11,2026-04-21,2026-04-25,3.97,3.0,Returned,2026-04-11 13:19:07,2026-04-25 15:43:00
3395,791,1194,2025-09-13,2025-09-23,2025-09-14,5.95,0.0,Returned,2025-09-13 22:22:27,2025-09-14 14:20:57
3396,997,349,2026-02-03,2026-02-10,2026-02-16,1.38,4.5,Returned,2026-02-03 00:02:28,2026-02-16 15:08:01
3397,478,512,2026-03-22,2026-03-29,2026-03-26,2.34,0.0,Returned,2026-03-22 17:00:59,2026-03-26 15:32:22
3398,609,1674,2025-11-11,2025-11-18,2025-11-15,3.37,0.0,Returned,2025-11-11 12:11:44,2025-11-15 17:48:54
3399,161,588,2025-10-17,2025-10-31,2025-10-30,2.52,0.0,RETURNED,2025-10-17 23:14:49,2025-10-30 18:35:17
3400,1,994,2026-05-24,2026-06-03,2026-05-26,1.66,0.0,Returned,2026-05-24 14:17:16,2026-05-26 23:26:56
3401,973,931,2026-01-16,2026-01-30,2026-01-22,1.63,0.0,Returned,2026-01-16 01:40:46,2026-01-22 02:12:56
3402,196,1419,2026-02-10,2026-02-20,2026-02-18,1.73,0.0,Returned,2026-02-10 04:13:14,2026-02-18 14:29:40
3403,237,1428,2026-04-30,2026-05-10,2026-05-08,2.39,0.0,Returned,2026-04-30 05:53:22,2026-05-08 14:59:45
3404,289,129,2025-09-12,2025-09-22,2025-09-15,3.1,0.0,RETURNED,2025-09-12 10:23:39,2025-09-15 09:23:40
3405,926,230,2025-09-26,2025-10-06,2025-10-11,3.8,3.75,Returned,2025-09-26 11:40:31,2025-10-11 05:02:34
3406,810,1364,2025-07-03,2025-07-10,2025-07-05,2.1,0.0,Returned,2025-07-03 12:01:49,2025-07-05 05:13:16
3407,231,1424,2026-02-01,2026-02-08,2026-02-06,3.49,0.0,Returned,2026-02-01 07:11:07,2026-02-06 01:10:45
3408,521,816,2025-09-30,2025-10-10,2025-10-03,2.1,0.0,Returned,2025-09-30 09:05:16,2025-10-03 01:58:45
3409,976,489,2025-11-25,2025-12-02,2025-12-01,4.55,0.0,Returned,2025-11-25 13:46:03,2025-12-01 14:49:45
3410,153,1011,2025-06-19,2025-06-29,2025-06-28,2.72,0.0,Returned,2025-06-19 10:20:12,2025-06-28 10:33:15
3411,193,638,2026-03-10,2026-03-24,2026-03-15,2.18,0.0,Returned,2026-03-10 12:42:12,2026-03-15 15:46:45
3412,186,799,2026-01-27,2026-02-03,,1.98,88.5,Overdue,2026-01-27 15:28:01,2026-01-27 15:28:01
3413,487,96,2026-03-03,2026-03-13,2026-03-05,2.11,0.0,Returned,2026-03-03 00:09:23,2026-03-05 02:38:55
3414,250,667,2025-06-26,2025-07-10,2025-07-06,2.65,0.0,Returned,2025-06-26 04:58:39,2025-07-06 03:14:52
3415,784,1213,2025-10-02,2025-10-12,,2.94,174.0,Overdue,2025-10-02 19:04:28,2025-10-02 19:04:28
3416,319,1559,2026-05-05,2026-05-19,2026-05-07,2.74,0.0,Returned,2026-05-05 19:17:03,2026-05-07 10:57:20
3417,196,623,2025-10-20,2025-10-27,2025-10-25,3.49,0.0,Returned,2025-10-20 15:04:55,2025-10-25 10:16:55
3418,420,832,2025-07-10,2025-07-17,2025-07-15,4.05,0.0,Returned,2025-07-10 15:50:36,2025-07-15 02:06:38
3419,897,1674,2025-06-09,2025-06-16,2025-06-15,2.76,0.0,Returned,2025-06-09 12:08:16,2025-06-15 00:16:29
3420,804,859,2025-11-20,2025-11-27,2025-11-21,4.36,0.0,Returned,2025-11-20 16:55:02,2025-11-21 07:12:54
3421,660,1537,2026-05-14,2026-05-24,2026-05-18,4.9,0.0,RETURNED,2026-05-14 17:17:24,2026-05-18 20:21:08
3422,76,280,2025-08-14,2025-08-24,2025-08-17,4.54,0.0,Returned,2025-08-14 03:03:55,2025-08-17 05:48:48
3423,819,310,2026-04-30,2026-05-07,2026-05-02,4.11,0.0,Returned,2026-04-30 18:56:41,2026-05-02 23:09:33
3424,925,1445,2025-10-28,2025-11-11,2025-11-15,2.97,3.0,Returned,2025-10-28 12:16:00,2025-11-15 06:38:15
3425,37,297,2025-09-25,2025-10-05,2025-10-08,3.2,2.25,Returned,2025-09-25 00:14:11,2025-10-08 03:43:39
3426,285,1528,2025-12-14,2025-12-28,2025-12-26,3.61,0.0,Returned,2025-12-14 14:47:30,2025-12-26 22:12:52
3427,527,6,2025-08-04,2025-08-11,2025-08-05,4.14,0.0,Returned,2025-08-04 06:58:36,2025-08-05 03:50:52
3428,801,305,2025-09-30,2025-10-07,2025-10-06,1.75,0.0,Returned,2025-09-30 03:54:29,2025-10-06 01:41:35
3429,866,1706,2025-07-01,2025-07-11,2025-07-01,2.9,0.0,Returned,2025-07-01 15:44:14,2025-07-01 15:44:14
3430,483,23,2026-05-13,2026-05-23,2026-05-22,1.42,0.0,Returned,2026-05-13 20:31:18,2026-05-22 17:36:04
3431,853,140,2026-01-15,2026-01-29,2026-01-19,4.46,0.0,Returned,2026-01-15 22:18:19,2026-01-19 13:48:38
3432,912,806,2025-07-07,2025-07-21,2025-07-31,4.57,7.5,Returned,2025-07-07 14:15:52,2025-07-31 14:49:27
3433,404,1009,2026-02-27,2026-03-06,2026-03-04,2.92,0.0,Returned,2026-02-27 09:16:03,2026-03-04 18:48:04
3434,424,451,2025-12-14,2025-12-28,2025-12-21,4.96,0.0,Returned,2025-12-14 14:40:38,2025-12-21 11:09:43
3435,410,1213,2025-07-26,2025-08-02,2025-07-29,2.58,0.0,Returned,2025-07-26 18:58:03,2025-07-29 18:20:37
3436,615,155,2025-06-11,2025-06-21,2025-06-22,7.99,0.75,Returned,2025-06-11 22:42:34,2025-06-22 22:09:40
3437,8,1422,2025-08-22,2025-09-05,,2.98,201.75,Overdue,2025-08-22 23:44:33,2025-08-22 23:44:33
3438,701,353,2026-04-03,2026-04-13,2026-04-16,2.52,2.25,Returned,2026-04-03 09:19:25,2026-04-16 19:48:36
3439,477,1023,2026-01-07,2026-01-21,2026-01-29,5.01,6.0,Returned,2026-01-07 19:40:03,2026-01-29 01:41:29
3440,267,77,2026-03-12,2026-03-26,2026-03-19,2.95,0.0,Returned,2026-03-12 05:37:07,2026-03-19 18:20:02
3441,539,959,2025-10-15,2025-10-22,2025-10-23,6.07,0.75,Returned,2025-10-15 19:10:39,2025-10-23 22:33:23
3442,830,143,2025-09-15,2025-09-29,2025-09-18,1.76,0.0,Returned,2025-09-15 06:06:13,2025-09-18 18:35:10
3443,72,230,2025-12-03,2025-12-17,2025-12-19,3.02,1.5,Returned,2025-12-03 03:51:23,2025-12-19 18:25:28
3444,260,520,2025-08-07,2025-08-17,2025-08-09,3.66,0.0,RETURNED,2025-08-07 06:00:49,2025-08-09 19:08:08
3445,954,1334,2025-09-06,2025-09-13,2025-09-06,3.54,0.0,Returned,2025-09-06 14:58:39,2025-09-06 14:58:39
3446,650,442,2026-02-13,2026-02-23,2026-02-19,1.55,0.0,Returned,2026-02-13 01:28:11,2026-02-19 06:48:44
3447,85,250,2025-09-28,2025-10-05,2025-09-30,2.81,0.0,Returned,2025-09-28 06:01:31,2025-09-30 04:04:13
3448,571,649,2026-03-15,2026-03-25,2026-03-25,2.74,0.0,Returned,2026-03-15 14:45:22,2026-03-25 02:34:07
3449,762,1456,2025-08-24,2025-09-03,2025-08-30,3.21,0.0,Returned,2025-08-24 21:59:24,2025-08-30 01:09:13
3450,748,1034,2025-07-30,2025-08-13,2025-08-10,2.74,0.0,Returned,2025-07-30 02:10:55,2025-08-10 16:53:32
3451,501,1502,2025-06-25,2025-07-02,2025-06-25,5.09,0.0,Returned,2025-06-25 01:38:00,2025-06-25 08:27:50
3452,396,1725,2025-12-16,2025-12-30,2025-12-17,2.84,0.0,Returned,2025-12-16 10:47:54,2025-12-17 00:17:43
3453,819,949,2025-06-20,2025-06-30,2025-06-25,6.7,0.0,Returned,2025-06-20 20:04:20,2025-06-25 07:08:42
3454,276,1769,2026-05-14,2026-05-21,2026-05-18,4.97,0.0,Returned,2026-05-14 18:40:25,2026-05-18 07:17:05
3455,344,578,2025-10-05,2025-10-15,2025-10-07,4.25,0.0,Returned,2025-10-05 04:15:24,2025-10-07 19:48:24
3456,476,850,2025-10-15,2025-10-25,2025-10-22,2.84,0.0,Returned,2025-10-15 00:14:36,2025-10-22 23:20:19
3457,384,952,2026-04-10,2026-04-24,2026-04-13,6.01,0.0,Returned,2026-04-10 17:56:24,2026-04-13 00:28:10
3458,52,1671,2026-01-25,2026-02-01,2026-02-01,1.27,0.0,Returned,2026-01-25 06:18:52,2026-02-01 01:20:53
3459,19,1369,2025-11-25,2025-12-02,2025-11-29,4.89,0.0,Returned,2025-11-25 22:31:54,2025-11-29 02:19:46
3460,911,1772,2025-11-28,2025-12-08,2025-12-10,6.02,1.5,Returned,2025-11-28 18:46:25,2025-12-10 07:44:52
3461,882,175,2025-11-08,2025-11-15,2025-11-08,2.43,0.0,Returned,2025-11-08 02:29:47,2025-11-08 06:59:24
3462,679,1439,2026-01-07,2026-01-21,2026-01-31,3.71,7.5,Returned,2026-01-07 06:22:29,2026-01-31 11:52:25
3463,426,755,2026-03-10,2026-03-24,2026-03-28,2.56,3.0,Returned,2026-03-10 19:44:30,2026-03-28 07:19:49
3464,917,547,2026-02-17,2026-03-03,2026-03-08,2.25,3.75,Returned,2026-02-17 16:09:02,2026-03-08 06:48:21
3465,198,41,2025-07-30,2025-08-13,2025-08-02,1.9,0.0,Returned,2025-07-30 14:57:04,2025-08-02 19:06:26
3466,468,1591,2025-10-26,2025-11-09,2025-11-11,8.94,1.5,Returned,2025-10-26 17:38:08,2025-11-11 19:42:59
3467,617,856,2026-01-09,2026-01-23,2026-01-23,4.74,0.0,Returned,2026-01-09 10:16:54,2026-01-23 05:07:31
3468,474,1494,2025-08-11,2025-08-18,2025-08-11,1.87,0.0,Returned,2025-08-11 18:58:12,2025-08-11 18:58:12
3469,57,72,2025-08-09,2025-08-23,2025-08-31,1.27,6.0,Returned,2025-08-09 05:53:02,2025-08-31 07:23:12
3470,88,489,2025-09-19,2025-10-03,2025-09-30,3.18,-1.5,Returned,2025-09-19 19:26:46,2025-09-30 11:56:37
3471,371,719,2026-03-09,2026-03-16,2026-03-16,4.75,0.0,Returned,2026-03-09 20:46:25,2026-03-16 05:58:00
3472,33,1623,2026-04-21,2026-05-05,2026-04-27,2.4,0.0,Returned,2026-04-21 11:10:58,2026-04-27 07:29:10
3473,351,314,2026-02-17,2026-02-24,2026-02-24,4.44,0.0,Returned,2026-02-17 07:40:07,2026-02-24 05:41:52
3474,629,1435,2025-08-12,2025-08-19,2025-08-26,1.52,5.25,Returned,2025-08-12 07:04:15,2025-08-26 13:59:38
3475,189,1433,2026-02-22,2026-03-01,2026-02-26,2.91,0.0,Returned,2026-02-22 06:16:23,2026-02-26 21:05:40
3476,397,176,2026-02-02,2026-02-12,2026-02-09,1.98,0.0,Returned,2026-02-02 18:58:14,2026-02-09 08:58:55
3477,936,476,2025-10-30,2025-11-06,2025-10-30,3.01,0.0,Returned,2025-10-30 08:14:32,2025-10-30 08:14:32
3478,228,1665,2026-03-16,2026-03-26,2026-03-18,2.9,0.0,Returned,2026-03-16 13:38:11,2026-03-18 12:33:58
3479,83,945,2026-03-22,2026-04-01,2026-04-01,1.58,0.0,Returned,2026-03-22 07:21:33,2026-04-01 20:08:27
3480,867,16,2025-12-11,2025-12-25,2025-12-24,3.39,0.0,Returned,2025-12-11 19:34:09,2025-12-24 07:32:56
3481,707,904,2025-10-29,2025-11-12,2025-11-03,2.5,-1.5,Returned,2025-10-29 18:57:56,2025-11-03 20:47:26
3482,354,76,2025-09-09,2025-09-19,2025-09-18,3.16,0.0,Returned,2025-09-09 20:40:58,2025-09-18 10:36:42
3483,91,982,2026-05-04,2026-05-18,2026-05-26,4.5,6.0,Returned,2026-05-04 13:56:19,2026-05-26 01:35:01
3484,37,1778,2026-05-29,2026-06-08,2026-06-04,3.47,0.0,Returned,2026-05-29 14:27:09,2026-06-04 04:07:40
3485,244,488,2025-12-03,2025-12-10,2025-12-10,2.87,0.0,Returned,2025-12-03 22:23:07,2025-12-10 11:00:01
3486,481,1259,2025-10-25,2025-11-04,2025-11-07,2.88,2.25,Returned,2025-10-25 06:11:31,2025-11-07 07:50:43
3487,564,1039,2025-09-19,2025-10-03,2025-09-23,4.74,0.0,Returned,2025-09-19 10:48:33,2025-09-23 04:01:34
3488,18,914,2026-05-10,2026-05-17,2026-05-12,2.54,0.0,Returned,2026-05-10 03:47:08,2026-05-12 16:00:08
3489,358,1201,2026-05-01,2026-05-11,2026-05-03,4.75,0.0,Returned,2026-05-01 19:47:20,2026-05-03 22:40:15
3490,152,7,2025-09-01,2025-09-11,2025-09-05,3.73,0.0,Returned,2025-09-01 21:57:44,2025-09-05 10:12:00
3491,322,1659,2025-12-30,2026-01-13,,4.97,104.25,Overdue,2025-12-30 11:39:24,2025-12-30 11:39:24
3492,16,49,2026-01-18,2026-01-25,2026-01-25,4.89,0.0,Returned,2026-01-18 09:36:24,2026-01-25 14:22:07
3493,63,203,2025-11-02,2025-11-09,2025-11-19,2.92,7.5,Returned,2025-11-02 20:23:40,2025-11-19 18:01:11
3494,869,1364,2025-09-11,2025-09-25,2025-09-19,1.17,0.0,Returned,2025-09-11 19:47:03,2025-09-19 22:21:54
3495,43,313,2025-07-18,2025-07-28,2025-07-20,3.8,0.0,Returned,2025-07-18 08:13:19,2025-07-20 10:39:56
3496,670,1623,2026-04-22,2026-05-06,2026-04-24,2.94,0.0,Returned,2026-04-22 14:00:46,2026-04-24 01:34:23
3497,171,629,2026-04-11,2026-04-21,2026-04-12,2.34,0.0,Returned,2026-04-11 11:07:23,2026-04-12 16:39:01
3498,170,101,2025-08-16,2025-08-26,2025-08-24,4.35,0.0,Returned,2025-08-16 13:44:06,2025-08-24 18:34:19
3499,915,750,2025-07-04,2025-07-14,2025-07-08,1.56,0.0,Returned,2025-07-04 01:47:47,2025-07-08 22:25:01
3500,598,646,2025-11-04,2025-11-18,2025-11-07,4.85,0.0,Returned,2025-11-04 02:14:19,2025-11-07 06:46:50
3501,294,301,2025-07-12,2025-07-19,2025-07-17,3.56,0.0,Returned,2025-07-12 15:14:55,2025-07-17 16:57:45
3502,348,833,2025-08-24,2025-08-31,2025-08-26,3.79,0.0,Returned,2025-08-24 17:41:14,2025-08-26 18:52:36
3503,355,1294,2025-07-21,2025-07-28,2025-07-24,3.57,0.0,Returned,2025-07-21 08:23:00,2025-07-24 13:28:13
3504,916,1170,2025-09-18,2025-09-25,2025-09-19,1.21,0.0,Returned,2025-09-18 14:07:01,2025-09-19 04:34:27
3505,627,537,2026-04-27,2026-05-07,2026-05-03,1.31,0.0,Returned,2026-04-27 08:34:33,2026-05-03 17:49:28
3506,289,1400,2025-11-10,2025-11-24,2025-11-11,1.29,0.0,Returned,2025-11-10 09:26:54,2025-11-11 08:13:21
3507,162,368,2026-01-20,2026-01-30,2026-01-27,4.64,0.0,Returned,2026-01-20 14:34:32,2026-01-27 00:43:46
3508,504,1440,2026-01-07,2026-01-14,2026-01-07,4.44,0.0,Returned,2026-01-07 14:34:40,2026-01-07 14:34:40
3509,396,1200,2025-09-09,2025-09-23,,2.88,188.25,Overdue,2025-09-09 14:27:03,2025-09-09 14:27:03
3510,6,208,2025-06-08,2025-06-22,2025-06-20,4.78,0.0,Returned,2025-06-08 23:27:14,2025-06-20 11:40:51
3511,564,1739,2026-03-28,2026-04-04,2026-04-07,3.97,2.25,Returned,2026-03-28 16:32:10,2026-04-07 02:04:53
3512,718,1001,2026-03-05,2026-03-19,2026-03-08,1.51,0.0,Returned,2026-03-05 19:18:57,2026-03-08 09:07:26
3513,320,199,2026-01-03,2026-01-17,2026-01-24,4.18,5.25,Returned,2026-01-03 05:18:04,2026-01-24 17:42:01
3514,543,175,2025-06-11,2025-06-18,2025-06-18,2.35,0.0,Returned,2025-06-11 06:16:09,2025-06-18 11:22:11
3515,2,1699,2025-09-14,2025-09-28,2025-10-08,2.48,7.5,Returned,2025-09-14 08:11:14,2025-10-08 14:33:13
3516,422,779,2026-02-12,2026-02-26,2026-02-12,3.11,0.0,Returned,2026-02-12 07:42:18,2026-02-12 07:42:18
3517,31,1680,2025-08-11,2025-08-21,2025-08-12,4.14,0.0,Returned,2025-08-11 08:42:00,2025-08-12 06:35:35
3518,901,833,2026-02-04,2026-02-14,2026-02-17,4.63,2.25,Returned,2026-02-04 04:15:31,2026-02-17 10:00:15
3519,512,268,2025-10-03,2025-10-17,2025-10-04,1.64,0.0,Returned,2025-10-03 17:57:20,2025-10-04 07:35:28
3520,428,871,2025-07-26,2025-08-05,,1.64,225.0,Overdue,2025-07-26 21:43:04,2025-07-26 21:43:04
3521,591,839,2026-02-21,2026-02-28,2026-02-25,3.36,0.0,Returned,2026-02-21 19:55:50,2026-02-25 23:04:11
3522,866,1504,2025-09-05,2025-09-12,2025-09-05,5.27,0.0,Returned,2025-09-05 19:58:58,2025-09-05 19:58:58
3523,482,23,2026-03-10,2026-03-20,2026-03-18,1.57,0.0,Returned,2026-03-10 03:28:08,2026-03-18 10:54:08
3524,542,1774,2026-01-16,2026-01-23,2026-01-19,3.12,0.0,Returned,2026-01-16 18:50:02,2026-01-19 18:38:14
3525,778,770,2026-05-21,2026-05-28,2026-05-23,2.83,0.0,Returned,2026-05-21 05:13:38,2026-05-23 15:04:05
3526,924,51,2026-02-20,2026-02-27,,2.49,70.5,Overdue,2026-02-20 15:38:27,2026-02-20 15:38:27
3527,32,1708,2026-02-17,2026-03-03,2026-03-13,4.45,7.5,Returned,2026-02-17 22:16:36,2026-03-13 07:54:16
3528,530,1030,2026-03-25,2026-04-08,2026-03-30,3.44,0.0,Returned,2026-03-25 03:26:38,2026-03-30 14:02:40
3529,544,500,2026-04-08,2026-04-15,2026-04-09,2.94,0.0,Returned,2026-04-08 17:03:39,2026-04-09 10:17:11
3530,385,1266,2025-10-23,2025-10-30,2025-10-26,1.94,0.0,Returned,2025-10-23 01:22:19,2025-10-26 06:22:27
3531,883,610,2025-08-20,2025-09-03,2025-08-29,7.44,0.0,Returned,2025-08-20 12:33:25,2025-08-29 22:52:46
3532,4,1539,2026-05-19,2026-05-29,2026-05-19,4.41,0.0,Returned,2026-05-19 11:42:22,2026-05-19 11:42:22
3533,940,431,2025-11-30,2025-12-07,2025-12-03,2.03,0.0,Returned,2025-11-30 04:06:24,2025-12-03 10:49:49
3534,940,950,2025-09-29,2025-10-13,2025-10-12,6.02,0.0,RETURNED,2025-09-29 00:22:43,2025-10-12 06:50:46
3535,493,1762,2025-07-08,2025-07-15,2025-07-12,3.12,0.0,Returned,2025-07-08 06:10:44,2025-07-12 20:35:50
3536,765,722,2026-05-08,2026-05-15,2026-05-22,4.61,5.25,Returned,2026-05-08 23:38:11,2026-05-22 19:07:20
3537,753,62,2026-04-03,2026-04-10,2026-04-04,4.72,0.0,Returned,2026-04-03 15:31:42,2026-04-04 07:22:21
3538,508,1140,2025-09-30,2025-10-10,2025-10-07,3.07,0.0,RETURNED,2025-09-30 02:47:40,2025-10-07 15:51:46
3539,554,1072,2026-04-30,2026-05-14,2026-05-04,5.74,0.0,Returned,2026-04-30 18:03:22,2026-05-04 15:38:46
3540,173,264,2026-04-16,2026-04-30,2026-04-29,6.24,0.0,Returned,2026-04-16 00:09:41,2026-04-29 21:52:04
3541,61,517,2026-04-29,2026-05-06,2026-05-06,4.75,0.0,Returned,2026-04-29 19:48:01,2026-05-06 14:07:50
3542,57,309,2026-02-13,2026-02-27,2026-02-13,1.87,0.0,Returned,2026-02-13 13:34:14,2026-02-13 13:34:14
3543,528,1081,2026-03-17,2026-03-31,2026-03-28,3.95,0.0,Returned,2026-03-17 18:32:45,2026-03-28 08:32:12
3544,447,431,2025-09-18,2025-09-28,2025-10-06,2.12,6.0,Returned,2025-09-18 20:41:03,2025-10-06 09:48:45
3545,430,287,2026-03-03,2026-03-10,2026-03-10,2.82,0.0,Returned,2026-03-03 07:40:23,2026-03-10 10:26:35
3546,521,779,2025-12-30,2026-01-09,2026-01-09,2.88,0.0,Returned,2025-12-30 12:01:48,2026-01-09 09:27:00
3547,263,1,2025-11-07,2025-11-21,2025-11-08,1.79,0.0,Returned,2025-11-07 02:15:27,2025-11-08 21:39:17
3548,212,937,2026-01-26,2026-02-09,2026-02-06,1.56,0.0,Returned,2026-01-26 03:15:49,2026-02-06 21:59:08
3549,452,1408,2026-02-13,2026-02-27,,1.45,70.5,Overdue,2026-02-13 11:16:54,2026-02-13 11:16:54
3550,866,1017,2026-02-17,2026-03-03,2026-02-17,2.63,0.0,Returned,2026-02-17 14:40:25,2026-02-17 16:02:48
3551,224,751,2026-04-06,2026-04-20,2026-04-25,2.49,3.75,Returned,2026-04-06 11:38:38,2026-04-25 09:20:30
3552,209,850,2026-03-05,2026-03-15,2026-03-06,2.41,0.0,Returned,2026-03-05 16:02:20,2026-03-06 13:05:07
3553,88,1283,2025-08-04,2025-08-14,2025-08-04,2.57,0.0,Returned,2025-08-04 06:37:30,2025-08-04 06:37:30
3554,89,1190,2025-06-23,2025-07-03,2025-07-01,2.41,0.0,RETURNED,2025-06-23 13:24:08,2025-07-01 11:45:13
3555,755,631,2026-01-25,2026-02-01,2026-01-29,1.7,0.0,Returned,2026-01-25 14:41:05,2026-01-29 22:49:46
3556,342,1778,2025-07-11,2025-07-18,2025-07-11,3.58,0.0,Returned,2025-07-11 10:13:03,2025-07-11 13:37:54
3557,373,1036,2025-08-01,2025-08-08,2025-08-05,4.21,0.0,Returned,2025-08-01 23:51:59,2025-08-05 21:51:01
3558,658,946,2025-10-04,2025-10-18,2025-10-12,2.84,0.0,Returned,2025-10-04 03:19:59,2025-10-12 22:30:33
3559,820,264,2026-03-04,2026-03-18,2026-03-13,7.38,0.0,Returned,2026-03-04 19:00:24,2026-03-13 23:29:35
3560,415,165,2025-09-06,2025-09-16,2025-09-15,4.15,0.0,Returned,2025-09-06 05:11:43,2025-09-15 07:16:31
3561,531,1337,2025-07-21,2025-07-28,2025-07-26,4.25,0.0,Returned,2025-07-21 14:48:16,2025-07-26 00:20:41
3562,675,457,2026-05-01,2026-05-08,2026-05-04,4.96,0.0,Returned,2026-05-01 14:26:56,2026-05-04 00:16:47
3563,456,698,2026-04-01,2026-04-08,2026-04-03,2.22,0.0,Returned,2026-04-01 04:54:17,2026-04-03 04:33:50
3564,928,1648,2026-03-26,2026-04-09,2026-04-05,4.64,0.0,Returned,2026-03-26 02:27:10,2026-04-05 20:02:44
3565,189,1662,2025-11-10,2025-11-24,2025-11-26,4.01,1.5,Returned,2025-11-10 06:28:05,2025-11-26 12:00:57
3566,137,1603,2025-07-12,2025-07-19,2025-07-14,1.98,0.0,Returned,2025-07-12 06:25:12,2025-07-14 14:17:59
3567,826,972,2026-05-12,2026-05-19,2026-05-16,2.11,0.0,Returned,2026-05-12 10:54:42,2026-05-16 02:28:08
3568,46,1411,2025-12-03,2025-12-13,2025-12-10,2.45,0.0,Returned,2025-12-03 20:25:43,2025-12-10 22:44:01
3569,210,525,2026-01-18,2026-01-28,2026-02-06,6.17,6.75,Returned,2026-01-18 23:25:48,2026-02-06 09:34:16
3570,243,1441,2025-11-11,2025-11-25,2025-11-14,2.78,0.0,Returned,2025-11-11 03:58:13,2025-11-14 15:23:36
3571,283,1768,2025-07-09,2025-07-19,2025-07-16,2.79,0.0,Returned,2025-07-09 15:28:50,2025-07-16 05:22:53
3572,906,832,2025-06-29,2025-07-13,2025-07-08,3.69,0.0,Returned,2025-06-29 07:21:18,2025-07-08 10:36:45
3573,38,1685,2025-07-26,2025-08-05,2025-08-11,3.97,4.5,RETURNED,2025-07-26 06:10:03,2025-08-11 04:56:15
3574,787,639,2025-07-05,2025-07-19,2025-07-10,1.15,0.0,Returned,2025-07-05 17:44:19,2025-07-10 21:31:09
3575,167,1042,2025-08-02,2025-08-16,2025-08-21,1.72,3.75,Returned,2025-08-02 03:17:54,2025-08-21 18:30:23
3576,675,123,2026-03-30,2026-04-09,2026-04-06,1.02,0.0,Returned,2026-03-30 22:48:17,2026-04-06 07:34:27
3577,831,1625,2025-12-15,2025-12-22,2025-12-16,2.24,0.0,Returned,2025-12-15 00:25:08,2025-12-16 17:00:44
3578,6,1289,2025-12-24,2026-01-07,,1.06,108.75,Overdue,2025-12-24 12:43:07,2025-12-24 12:43:07
3579,192,1388,2025-11-25,2025-12-05,2025-12-01,2.14,0.0,Returned,2025-11-25 23:16:37,2025-12-01 04:22:31
3580,605,982,2025-10-28,2025-11-11,2025-10-30,2.66,0.0,Returned,2025-10-28 03:45:33,2025-10-30 23:03:20
3581,866,1660,2025-12-07,2025-12-17,2025-12-16,4.05,0.0,Returned,2025-12-07 17:44:03,2025-12-16 17:02:48
3582,440,623,2026-03-05,2026-03-15,2026-03-12,2.58,0.0,Returned,2026-03-05 10:21:05,2026-03-12 11:17:46
3583,633,1334,2025-09-04,2025-09-14,2025-09-06,2.52,0.0,Returned,2025-09-04 22:44:49,2025-09-06 04:45:59
3584,100,522,2025-12-24,2026-01-03,2026-01-03,4.59,0.0,Returned,2025-12-24 13:35:00,2026-01-03 17:16:21
3585,446,80,2025-08-23,2025-09-02,2025-08-24,4.58,0.0,Returned,2025-08-23 07:19:44,2025-08-24 15:36:57
3586,665,1059,2026-01-07,2026-01-14,2026-01-19,1.72,3.75,Returned,2026-01-07 00:56:16,2026-01-19 03:07:30
3587,111,764,2026-03-13,2026-03-20,2026-03-17,4.79,0.0,Returned,2026-03-13 13:28:07,2026-03-17 22:52:10
3588,581,1297,2025-10-10,2025-10-17,2025-10-18,2.43,0.75,Returned,2025-10-10 10:07:32,2025-10-18 18:36:35
3589,895,101,2026-05-25,2026-06-04,2026-06-04,4.66,0.0,Returned,2026-05-25 15:52:15,2026-06-04 17:38:04
3590,307,1703,2025-07-27,2025-08-06,2025-07-31,2.54,0.0,Returned,2025-07-27 04:01:36,2025-07-31 08:05:14
3591,19,1135,2026-05-05,2026-05-12,2026-05-08,3.19,0.0,Returned,2026-05-05 10:33:28,2026-05-08 04:53:38
3592,73,1589,2025-06-07,2025-06-21,2025-06-20,1.91,0.0,Returned,2025-06-07 23:24:05,2025-06-20 23:51:50
3593,155,1084,2025-12-12,2025-12-26,2025-12-14,1.57,0.0,Returned,2025-12-12 05:44:44,2025-12-14 04:31:24
3594,59,1526,2025-07-26,2025-08-09,2025-08-03,4.36,0.0,Returned,2025-07-26 14:40:21,2025-08-03 01:26:41
3595,695,1740,2026-01-27,2026-02-10,2026-01-29,4.99,0.0,Returned,2026-01-27 05:15:44,2026-01-29 01:22:14
3596,811,1369,2026-03-26,2026-04-05,2026-03-26,3.96,0.0,Returned,2026-03-26 06:07:03,2026-03-26 11:04:31
3597,261,374,2026-04-28,2026-05-05,,4.39,20.25,Overdue,2026-04-28 19:32:17,2026-04-28 19:32:17
3598,141,670,2026-01-09,2026-01-16,2026-01-13,4.12,0.0,Returned,2026-01-09 05:20:44,2026-01-13 15:58:20
3599,152,872,2026-04-10,2026-04-24,2026-04-20,2.12,0.0,Returned,2026-04-10 02:09:13,2026-04-20 03:05:42
3600,848,62,2026-02-18,2026-02-25,2026-02-24,4.5,0.0,Returned,2026-02-18 07:34:08,2026-02-24 07:21:05
3601,148,344,2025-09-27,2025-10-11,2025-09-29,4.14,0.0,Returned,2025-09-27 20:57:50,2025-09-29 07:26:02
3602,872,24,2026-04-25,2026-05-09,2026-04-26,4.92,0.0,Returned,2026-04-25 23:07:06,2026-04-26 23:49:55
3603,974,650,2025-12-08,2025-12-15,2025-12-10,4.73,0.0,Returned,2025-12-08 13:20:04,2025-12-10 14:20:59
3604,303,1239,2025-10-06,2025-10-16,2025-10-15,2.84,0.0,Returned,2025-10-06 08:42:24,2025-10-15 07:48:23
3605,553,1526,2025-07-31,2025-08-07,2025-08-12,4.34,3.75,Returned,2025-07-31 19:07:00,2025-08-12 03:47:37
3606,586,766,2026-05-23,2026-06-06,2026-05-31,4.86,0.0,Returned,2026-05-23 11:21:11,2026-05-31 09:45:28
3607,599,778,2025-08-28,2025-09-11,2025-08-30,2.88,0.0,Returned,2025-08-28 07:56:34,2025-08-30 07:26:43
3608,748,1269,2025-08-20,2025-08-27,2025-08-21,4.27,0.0,Returned,2025-08-20 06:10:54,2025-08-21 07:08:13
3609,214,479,2025-12-24,2026-01-07,,3.27,108.75,Overdue,2025-12-24 09:36:36,2025-12-24 09:36:36
3610,723,1316,2025-12-28,2026-01-11,2026-01-06,4.29,0.0,Returned,2025-12-28 13:57:04,2026-01-06 18:21:55
3611,8,930,2025-09-01,2025-09-08,2025-09-05,3.62,0.0,Returned,2025-09-01 14:18:08,2025-09-05 18:09:52
3612,344,536,2026-01-13,2026-01-20,2026-01-26,2.12,4.5,Returned,2026-01-13 01:58:57,2026-01-26 22:23:59
3613,321,538,2026-05-01,2026-05-15,2026-05-23,3.96,6.0,Returned,2026-05-01 19:01:44,2026-05-23 04:42:13
3614,943,423,2025-12-09,2025-12-19,2025-12-15,1.55,0.0,Returned,2025-12-09 02:33:30,2025-12-15 11:25:38
3615,406,767,2026-01-26,2026-02-02,2026-01-31,3.59,0.0,Returned,2026-01-26 05:33:53,2026-01-31 20:27:15
3616,651,1280,2025-11-02,2025-11-09,2025-11-07,3.34,0.0,Returned,2025-11-02 23:20:54,2025-11-07 17:25:26
3617,579,128,2025-07-10,2025-07-17,2025-07-17,4.2,0.0,Returned,2025-07-10 08:59:04,2025-07-17 20:13:00
3618,484,1073,2026-02-21,2026-02-28,2026-02-27,4.78,0.0,Returned,2026-02-21 11:14:55,2026-02-27 20:00:11
3619,299,831,2026-04-22,2026-04-29,2026-05-08,4.85,6.75,Returned,2026-04-22 01:42:16,2026-05-08 13:40:48
3620,580,242,2025-12-02,2025-12-12,2025-12-08,2.27,0.0,Returned,2025-12-02 02:59:53,2025-12-08 22:25:41
3621,670,338,2025-07-21,2025-08-04,2025-08-03,3.38,0.0,Returned,2025-07-21 05:36:16,2025-08-03 19:43:38
3622,170,1674,2025-08-28,2025-09-04,2025-08-28,2.88,0.0,Returned,2025-08-28 03:37:00,2025-08-28 23:45:26
3623,371,1372,2026-01-02,2026-01-12,2026-01-09,4.75,0.0,Returned,2026-01-02 23:24:01,2026-01-09 18:26:58
3624,942,526,2025-09-12,2025-09-19,,4.54,191.25,Overdue,2025-09-12 03:58:57,2025-09-12 03:58:57
3625,181,585,2025-10-25,2025-11-01,2025-11-08,3.78,5.25,Returned,2025-10-25 17:35:31,2025-11-08 02:02:42
3626,350,275,2026-04-07,2026-04-21,2026-04-17,3.18,0.0,Returned,2026-04-07 02:03:41,2026-04-17 17:33:19
3627,981,1266,2026-04-05,2026-04-12,2026-04-11,1.06,0.0,Returned,2026-04-05 16:44:01,2026-04-11 23:32:52
3628,245,1101,2026-03-05,2026-03-15,2026-03-08,4.45,0.0,Returned,2026-03-05 05:24:00,2026-03-08 11:47:48
3629,150,278,2026-02-18,2026-02-25,2026-02-22,4.6,0.0,Returned,2026-02-18 08:46:40,2026-02-22 09:04:50
3630,327,355,2025-10-30,2025-11-09,2025-11-03,1.8,0.0,Returned,2025-10-30 15:06:36,2025-11-03 01:55:34
3631,78,1094,2025-09-16,2025-09-26,2025-09-17,2.11,0.0,Returned,2025-09-16 04:59:50,2025-09-17 09:31:36
3632,349,580,2026-04-16,2026-04-23,2026-04-17,4.7,0.0,Returned,2026-04-16 13:42:28,2026-04-17 13:18:04
3633,815,666,2025-08-15,2025-08-22,2025-08-15,2.52,0.0,Returned,2025-08-15 14:40:10,2025-08-15 18:51:30
3634,148,1368,2026-04-03,2026-04-10,2026-04-10,4.4,0.0,Returned,2026-04-03 05:53:31,2026-04-10 04:10:01
3635,255,974,2025-08-16,2025-08-26,2025-08-23,2.81,0.0,Returned,2025-08-16 12:00:43,2025-08-23 02:30:46
3636,854,471,2025-06-24,2025-07-01,2025-06-25,1.9,0.0,Returned,2025-06-24 01:50:42,2025-06-25 23:40:04
3637,835,802,2026-01-25,2026-02-08,2026-01-29,2.42,0.0,Returned,2026-01-25 10:06:37,2026-01-29 17:10:15
3638,647,247,2025-09-27,2025-10-11,2025-09-29,8.15,0.0,Returned,2025-09-27 08:29:08,2025-09-29 22:43:33
3639,707,801,2025-07-01,2025-07-11,2025-07-10,2.91,0.0,Returned,2025-07-01 21:19:04,2025-07-10 02:01:14
3640,24,1376,2025-09-19,2025-09-26,,2.77,186.0,Overdue,2025-09-19 20:32:38,2025-09-19 20:32:38
3641,66,140,2025-09-21,2025-10-05,,2.62,179.25,Overdue,2025-09-21 08:14:31,2025-09-21 08:14:31
3642,630,1556,2026-04-03,2026-04-10,2026-04-07,1.93,0.0,Returned,2026-04-03 08:15:22,2026-04-07 03:03:41
3643,22,1285,2026-02-15,2026-02-22,,2.76,74.25,Overdue,2026-02-15 01:54:52,2026-02-15 01:54:52
3644,721,1353,2026-02-23,2026-03-05,2026-02-28,2.6,0.0,Returned,2026-02-23 07:23:17,2026-02-28 06:10:20
3645,707,590,2026-01-23,2026-01-30,2026-01-29,3.86,0.0,Returned,2026-01-23 07:29:55,2026-01-29 23:21:22
3646,645,590,2025-12-21,2025-12-31,2025-12-25,4.9,0.0,Returned,2025-12-21 08:50:17,2025-12-25 18:42:37
3647,990,469,2026-05-27,2026-06-10,2026-05-29,3.53,0.0,Returned,2026-05-27 10:51:07,2026-05-29 17:57:36
3648,862,1211,2025-10-23,2025-10-30,2025-10-27,3.59,0.0,Returned,2025-10-23 04:05:19,2025-10-27 09:54:06
3649,778,1503,2026-02-20,2026-02-27,2026-02-25,5.14,0.0,Returned,2026-02-20 07:01:08,2026-02-25 09:50:36
3650,338,385,2025-09-15,2025-09-22,2025-09-20,2.09,0.0,Returned,2025-09-15 22:27:05,2025-09-20 04:18:44
3651,665,789,2026-02-12,2026-02-22,2026-02-22,3.11,0.0,Returned,2026-02-12 19:58:55,2026-02-22 03:08:56
3652,525,1659,2025-12-18,2025-12-28,2025-12-22,4.69,0.0,Returned,2025-12-18 09:14:09,2025-12-22 08:11:07
3653,693,907,2026-05-15,2026-05-22,2026-05-22,4.39,0.0,Returned,2026-05-15 20:13:44,2026-05-22 19:09:06
3654,376,1768,2026-03-06,2026-03-16,2026-03-14,2.76,0.0,Returned,2026-03-06 06:47:52,2026-03-14 22:47:42
3655,296,186,2026-02-17,2026-02-24,2026-02-20,2.61,0.0,Returned,2026-02-17 20:11:21,2026-02-20 01:37:07
3656,773,561,2026-04-14,2026-04-21,2026-04-20,3.42,0.0,Returned,2026-04-14 20:59:25,2026-04-20 01:08:20
3657,296,572,2026-04-05,2026-04-12,2026-04-12,4.58,0.0,Returned,2026-04-05 00:05:44,2026-04-12 01:59:32
3658,678,1297,2025-10-12,2025-10-26,2025-10-24,1.68,0.0,Returned,2025-10-12 01:23:52,2025-10-24 20:40:37
3659,663,1707,2026-03-01,2026-03-15,2026-03-09,4.33,0.0,Returned,2026-03-01 14:42:02,2026-03-09 15:50:00
3660,991,11,2026-05-20,2026-05-30,2026-05-29,1.86,0.0,Returned,2026-05-20 00:11:24,2026-05-29 11:37:46
3661,89,25,2025-12-22,2026-01-05,2025-12-28,3.53,0.0,Returned,2025-12-22 23:00:47,2025-12-28 22:04:14
3662,88,1460,2026-02-19,2026-02-26,2026-02-25,2.13,0.0,Returned,2026-02-19 07:55:29,2026-02-25 20:03:21
3663,381,132,2025-09-28,2025-10-05,2025-10-03,1.38,0.0,Returned,2025-09-28 22:46:35,2025-10-03 22:35:08
3664,81,797,2026-01-06,2026-01-20,2026-01-06,3.15,0.0,Returned,2026-01-06 00:05:30,2026-01-06 10:45:09
3665,205,1117,2026-03-13,2026-03-27,2026-03-22,2.98,0.0,Returned,2026-03-13 02:01:17,2026-03-22 07:42:33
3666,204,1278,2025-09-26,2025-10-10,2025-10-19,2.94,6.75,Returned,2025-09-26 20:20:36,2025-10-19 01:37:28
3667,909,1597,2025-09-03,2025-09-10,2025-09-09,3.07,0.0,Returned,2025-09-03 00:40:09,2025-09-09 12:24:41
3668,994,808,2025-12-01,2025-12-15,2025-12-10,1.44,0.0,Returned,2025-12-01 10:54:03,2025-12-10 10:37:43
3669,618,1370,2025-07-22,2025-07-29,,3.36,230.25,Overdue,2025-07-22 16:00:03,2025-07-22 16:00:03
3670,740,112,2026-04-23,2026-05-03,2026-05-01,1.83,0.0,Returned,2026-04-23 09:28:05,2026-05-01 17:22:05
3671,891,1013,2026-05-16,2026-05-23,2026-05-31,2.04,6.0,Returned,2026-05-16 14:34:24,2026-05-31 02:42:43
3672,150,125,2025-07-20,2025-07-27,2025-07-27,1.7,0.0,Returned,2025-07-20 17:03:42,2025-07-27 07:33:18
3673,230,1349,2025-12-12,2025-12-19,2025-12-14,2.8,0.0,RETURNED,2025-12-12 05:13:26,2025-12-14 07:48:05
3674,699,1592,2025-09-10,2025-09-17,2025-09-14,5.32,0.0,Returned,2025-09-10 14:43:27,2025-09-14 07:44:56
3675,115,1139,2026-03-21,2026-03-31,2026-04-08,3.02,6.0,Returned,2026-03-21 16:49:52,2026-04-08 15:37:18
3676,293,527,2026-02-13,2026-02-20,2026-02-19,4.88,0.0,Returned,2026-02-13 10:59:51,2026-02-19 00:51:47
3677,81,825,2025-06-18,2025-06-28,,8.29,253.5,Overdue,2025-06-18 05:40:32,2025-06-18 05:40:32
3678,582,1520,2026-01-30,2026-02-13,2026-02-04,6.56,0.0,Returned,2026-01-30 21:23:35,2026-02-04 16:42:54
3679,809,195,2025-06-08,2025-06-15,2025-06-15,1.8,0.0,Returned,2025-06-08 06:39:13,2025-06-15 11:25:05
3680,471,1163,2026-02-28,2026-03-10,2026-03-09,2.87,0.0,Returned,2026-02-28 13:46:28,2026-03-09 22:54:39
3681,932,747,2026-04-30,2026-05-10,2026-05-09,3.07,0.0,Returned,2026-04-30 20:52:53,2026-05-09 19:06:18
3682,599,1768,2025-12-12,2025-12-26,2025-12-21,4.24,0.0,Returned,2025-12-12 08:42:36,2025-12-21 06:59:03
3683,26,906,2025-06-17,2025-06-24,2025-06-21,3.26,0.0,Returned,2025-06-17 07:37:56,2025-06-21 18:09:51
3684,419,1067,2026-04-26,2026-05-10,2026-05-09,8.95,0.0,Returned,2026-04-26 08:23:09,2026-05-09 14:54:17
3685,636,248,2025-12-22,2026-01-05,2026-01-01,2.06,0.0,Returned,2025-12-22 22:30:57,2026-01-01 19:20:01
3686,219,276,2025-07-24,2025-07-31,2025-07-31,1.65,0.0,Returned,2025-07-24 16:49:49,2025-07-31 06:12:11
3687,2,346,2026-04-16,2026-04-23,2026-05-01,4.34,6.0,Returned,2026-04-16 12:20:28,2026-05-01 20:01:13
3688,886,777,2025-09-27,2025-10-11,2025-10-17,3.49,4.5,Returned,2025-09-27 18:53:48,2025-10-17 17:27:27
3689,512,1068,2025-07-01,2025-07-15,2025-07-16,8.57,0.75,Returned,2025-07-01 07:57:50,2025-07-16 21:14:28
3690,741,1062,2025-07-27,2025-08-03,2025-07-27,2.13,0.0,Returned,2025-07-27 04:02:02,2025-07-27 10:56:25
3691,389,1342,2025-07-31,2025-08-10,2025-08-10,4.49,0.0,Returned,2025-07-31 03:06:05,2025-08-10 01:43:32
3692,661,1418,2026-03-19,2026-03-26,2026-03-31,1.66,3.75,Returned,2026-03-19 02:00:15,2026-03-31 08:12:46
3693,712,939,2026-03-02,2026-03-09,2026-03-05,2.57,0.0,Returned,2026-03-02 02:36:09,2026-03-05 01:26:43
3694,954,1411,2025-11-11,2025-11-18,2025-11-14,1.7,0.0,Returned,2025-11-11 13:32:01,2025-11-14 03:42:13
3695,656,1138,2026-03-02,2026-03-09,2026-03-09,2.51,0.0,Returned,2026-03-02 13:56:27,2026-03-09 01:42:37
3696,268,1271,2026-01-21,2026-01-31,2026-01-27,4.53,0.0,Returned,2026-01-21 17:04:22,2026-01-27 04:38:33
3697,700,744,2026-05-21,2026-06-04,2026-05-26,3.41,0.0,Returned,2026-05-21 12:52:52,2026-05-26 15:08:46
3698,611,471,2025-12-24,2026-01-07,2026-01-07,1.41,0.0,Returned,2025-12-24 12:34:41,2026-01-07 13:27:29
3699,19,708,2026-02-01,2026-02-15,2026-02-10,1.93,0.0,Returned,2026-02-01 05:09:23,2026-02-10 03:38:08
3700,325,126,2026-05-28,2026-06-11,2026-06-11,2.62,0.0,Returned,2026-05-28 07:14:41,2026-06-11 03:37:29
3701,301,1725,2025-08-25,2025-09-04,2025-08-28,2.93,0.0,Returned,2025-08-25 07:57:50,2025-08-28 15:37:34
3702,293,1167,2025-06-09,2025-06-19,2025-06-15,3.67,0.0,Returned,2025-06-09 23:41:44,2025-06-15 07:27:38
3703,905,917,2025-11-07,2025-11-17,2025-11-15,4.94,0.0,Returned,2025-11-07 21:36:18,2025-11-15 13:25:48
3704,176,679,2025-08-18,2025-08-28,2025-08-23,3.24,0.0,Returned,2025-08-18 11:49:25,2025-08-23 03:29:41
3705,994,1633,2025-07-16,2025-07-23,2025-07-29,3.73,4.5,Returned,2025-07-16 04:27:49,2025-07-29 05:17:30
3706,390,699,2025-10-26,2025-11-02,2025-10-29,2.5,0.0,Returned,2025-10-26 03:25:27,2025-10-29 06:40:25
3707,250,673,2026-03-04,2026-03-18,2026-03-18,1.38,0.0,Returned,2026-03-04 13:07:24,2026-03-18 01:32:07
3708,664,1375,2026-02-27,2026-03-06,2026-03-03,2.28,0.0,Returned,2026-02-27 06:35:02,2026-03-03 11:58:22
3709,587,1366,2026-01-22,2026-02-05,2026-01-27,3.42,0.0,Returned,2026-01-22 19:00:45,2026-01-27 21:06:42
3710,518,1006,2026-01-18,2026-02-01,2026-02-10,2.34,6.75,Returned,2026-01-18 23:23:51,2026-02-10 00:33:04
3711,918,1596,2026-02-03,2026-02-13,2026-02-18,8.07,3.75,Returned,2026-02-03 03:33:24,2026-02-18 02:23:13
3712,923,1010,2025-07-23,2025-08-06,2025-08-03,2.09,0.0,Returned,2025-07-23 02:58:32,2025-08-03 04:10:01
3713,11,1555,2025-12-06,2025-12-13,2025-12-13,1.55,0.0,Returned,2025-12-06 02:51:40,2025-12-13 11:22:47
3714,845,593,2025-06-10,2025-06-24,2025-06-18,3.23,0.0,Returned,2025-06-10 16:48:00,2025-06-18 03:46:41
3715,173,666,2026-04-11,2026-04-18,2026-04-17,2.54,0.0,Returned,2026-04-11 03:15:52,2026-04-17 16:23:02
3716,876,1465,2026-02-28,2026-03-14,2026-03-04,1.62,0.0,Returned,2026-02-28 02:09:00,2026-03-04 12:36:55
3717,591,1261,2026-02-06,2026-02-20,2026-03-01,4.87,6.75,Returned,2026-02-06 05:33:14,2026-03-01 10:32:04
3718,308,1299,2025-12-12,2025-12-22,2025-12-21,3.64,0.0,Returned,2025-12-12 21:48:29,2025-12-21 09:50:20
3719,109,832,2025-06-09,2025-06-16,2025-06-13,3.98,0.0,Returned,2025-06-09 16:01:59,2025-06-13 01:05:20
3720,453,1000,2026-05-15,2026-05-29,2026-05-28,4.0,0.0,Returned,2026-05-15 21:02:41,2026-05-28 20:08:57
3721,667,1594,2025-11-21,2025-11-28,2025-11-26,8.04,0.0,Returned,2025-11-21 11:48:08,2025-11-26 22:56:01
3722,629,813,2026-05-18,2026-06-01,2026-05-26,2.13,0.0,Returned,2026-05-18 04:10:24,2026-05-26 17:24:20
3723,336,1618,2025-10-25,2025-11-01,2025-10-30,1.82,0.0,Returned,2025-10-25 06:01:59,2025-10-30 10:10:53
3724,706,1307,2026-02-21,2026-02-28,2026-02-25,3.84,0.0,Returned,2026-02-21 07:59:38,2026-02-25 23:34:49
3725,962,411,2025-07-18,2025-07-28,2025-07-29,4.67,0.75,Returned,2025-07-18 10:45:28,2025-07-29 02:13:04
3726,54,125,2026-03-24,2026-04-03,2026-03-29,2.32,0.0,Returned,2026-03-24 11:05:23,2026-03-29 00:35:00
3727,65,709,2025-12-31,2026-01-10,,3.22,106.5,Overdue,2025-12-31 20:08:15,2025-12-31 20:08:15
3728,38,1193,2026-02-17,2026-02-24,2026-02-19,8.32,0.0,Returned,2026-02-17 19:19:51,2026-02-19 12:32:03
3729,576,1076,2026-01-20,2026-01-30,2026-01-20,5.99,0.0,Returned,2026-01-20 23:41:31,2026-01-20 23:41:31
3730,755,1015,2025-11-23,2025-12-07,2025-12-06,1.96,0.0,Returned,2025-11-23 05:44:42,2025-12-06 16:21:17
3731,91,1176,2026-02-26,2026-03-08,2026-03-08,4.68,0.0,Returned,2026-02-26 10:03:05,2026-03-08 18:01:37
3732,454,446,2025-09-26,2025-10-06,2025-10-05,1.65,0.0,Returned,2025-09-26 10:03:26,2025-10-05 16:45:50
3733,121,1505,2026-05-12,2026-05-26,2026-05-28,4.76,1.5,Returned,2026-05-12 16:00:01,2026-05-28 00:32:28
3734,935,709,2025-11-15,2025-11-29,2025-11-27,4.53,0.0,Returned,2025-11-15 18:55:36,2025-11-27 18:20:18
3735,597,469,2026-05-23,2026-06-06,2026-06-03,2.54,0.0,Returned,2026-05-23 02:14:24,2026-06-03 20:03:25
3736,621,173,2025-08-10,2025-08-20,,2.12,213.75,Overdue,2025-08-10 10:03:58,2025-08-10 10:03:58
3737,99,1697,2025-10-22,2025-10-29,2025-10-22,2.61,0.0,Returned,2025-10-22 07:56:02,2025-10-22 12:28:07
3738,750,1021,2026-03-22,2026-03-29,2026-03-30,2.81,0.75,Returned,2026-03-22 09:11:36,2026-03-30 16:15:53
3739,762,412,2026-02-15,2026-02-25,2026-02-18,4.23,0.0,Returned,2026-02-15 01:15:15,2026-02-18 14:57:06
3740,540,262,2025-10-05,2025-10-12,2025-10-18,3.04,4.5,Returned,2025-10-05 03:04:55,2025-10-18 20:47:08
3741,925,1342,2025-07-09,2025-07-19,2025-07-25,3.69,4.5,Returned,2025-07-09 03:00:21,2025-07-25 02:35:13
3742,470,172,2025-06-13,2025-06-20,2025-06-18,1.47,0.0,Returned,2025-06-13 05:04:27,2025-06-18 14:11:47
3743,882,743,2026-01-10,2026-01-17,2026-01-22,4.96,3.75,Returned,2026-01-10 03:06:19,2026-01-22 16:18:12
3744,384,757,2026-01-31,2026-02-07,2026-02-06,1.95,0.0,Returned,2026-01-31 21:31:38,2026-02-06 15:31:57
3745,79,149,2025-12-27,2026-01-10,2025-12-28,4.98,0.0,Returned,2025-12-27 00:47:10,2025-12-28 21:42:43
3746,384,1438,2026-04-17,2026-05-01,2026-04-22,4.8,0.0,Returned,2026-04-17 00:06:53,2026-04-22 02:52:27
3747,128,689,2025-06-19,2025-06-29,2025-06-20,3.71,0.0,Returned,2025-06-19 12:36:15,2025-06-20 20:38:52
3748,333,387,2026-01-14,2026-01-28,2026-01-24,2.71,0.0,Returned,2026-01-14 12:15:23,2026-01-24 14:46:29
3749,87,1261,2025-07-19,2025-07-26,2025-07-19,3.08,0.0,Returned,2025-07-19 10:37:36,2025-07-19 17:10:02
3750,710,1015,2026-04-18,2026-04-25,2026-04-22,2.69,0.0,Returned,2026-04-18 19:24:19,2026-04-22 02:26:22
3751,539,953,2025-08-28,2025-09-11,2025-09-06,5.22,0.0,Returned,2025-08-28 12:22:16,2025-09-06 08:57:46
3752,712,577,2026-04-05,2026-04-19,2026-04-16,4.72,0.0,Returned,2026-04-05 06:01:37,2026-04-16 23:56:54
3753,170,1577,2025-07-22,2025-08-01,2025-08-06,3.02,3.75,Returned,2025-07-22 04:47:05,2025-08-06 07:44:37
3754,30,1142,2025-10-16,2025-10-23,2025-10-26,3.37,2.25,Returned,2025-10-16 05:10:58,2025-10-26 13:52:05
3755,765,1030,2025-09-29,2025-10-09,2025-10-07,4.19,0.0,Returned,2025-09-29 06:22:40,2025-10-07 00:33:56
3756,271,671,2025-10-17,2025-10-31,,2.42,159.75,Overdue,2025-10-17 13:51:16,2025-10-17 13:51:16
3757,698,1163,2025-10-24,2025-11-03,2025-10-29,4.9,0.0,Returned,2025-10-24 01:25:19,2025-10-29 06:03:42
3758,926,1524,2026-04-27,2026-05-07,2026-05-07,1.44,0.0,Returned,2026-04-27 18:51:51,2026-05-07 17:01:48
3759,290,1345,2025-08-12,2025-08-22,2025-08-14,2.72,0.0,Returned,2025-08-12 00:11:40,2025-08-14 10:52:17
3760,70,1153,2025-06-24,2025-07-08,2025-07-01,1.11,0.0,Returned,2025-06-24 02:14:01,2025-07-01 04:13:30
3761,700,140,2025-10-17,2025-10-24,2025-10-22,2.76,0.0,Returned,2025-10-17 22:38:51,2025-10-22 04:18:29
3762,402,855,2026-04-10,2026-04-17,2026-04-10,3.54,0.0,Returned,2026-04-10 12:30:58,2026-04-10 18:50:28
3763,123,678,2026-03-29,2026-04-12,2026-04-07,4.8,0.0,Returned,2026-03-29 17:40:05,2026-04-07 04:51:20
3764,46,111,2025-06-29,2025-07-06,2025-07-09,1.98,2.25,RETURNED,2025-06-29 02:27:28,2025-07-09 02:50:10
3765,709,1569,2025-06-17,2025-07-01,2025-06-30,1.58,0.0,Returned,2025-06-17 22:42:24,2025-06-30 02:32:14
3766,980,1651,2026-04-21,2026-05-01,2026-05-06,4.52,3.75,Returned,2026-04-21 02:59:43,2026-05-06 21:17:16
3767,888,384,2025-09-25,2025-10-02,2025-09-29,1.05,0.0,Returned,2025-09-25 12:57:50,2025-09-29 23:42:43
3768,741,841,2026-03-13,2026-03-27,2026-03-15,4.48,0.0,Returned,2026-03-13 09:47:46,2026-03-15 10:06:17
3769,63,53,2025-11-01,2025-11-08,2025-11-11,1.73,2.25,Returned,2025-11-01 22:33:37,2025-11-11 02:25:51
3770,936,412,2025-08-18,2025-08-25,2025-08-24,2.84,0.0,Returned,2025-08-18 05:15:30,2025-08-24 19:19:10
3771,644,442,2025-09-25,2025-10-02,2025-09-30,1.28,0.0,Returned,2025-09-25 00:17:47,2025-09-30 11:14:04
3772,427,1729,2026-03-21,2026-03-31,2026-03-23,4.48,0.0,Returned,2026-03-21 05:04:35,2026-03-23 12:47:06
3773,510,31,2025-12-20,2025-12-27,2025-12-23,3.93,0.0,Returned,2025-12-20 11:06:49,2025-12-23 17:52:52
3774,593,704,2026-05-12,2026-05-22,2026-05-23,4.28,0.75,Returned,2026-05-12 12:13:33,2026-05-23 22:00:11
3775,728,1199,2026-05-14,2026-05-28,2026-05-25,4.3,0.0,Returned,2026-05-14 20:15:42,2026-05-25 20:45:03
3776,869,488,2026-02-10,2026-02-24,2026-02-19,4.03,0.0,Returned,2026-02-10 09:35:28,2026-02-19 12:24:00
3777,152,1014,2026-04-29,2026-05-06,2026-04-29,2.68,0.0,Returned,2026-04-29 09:59:28,2026-04-29 21:59:31
3778,827,697,2026-01-08,2026-01-15,2026-01-08,2.1,0.0,Returned,2026-01-08 10:23:26,2026-01-08 10:23:26
3779,109,1622,2025-08-16,2025-08-23,2025-08-20,1.99,0.0,Returned,2025-08-16 20:54:09,2025-08-20 05:27:35
3780,58,1737,2026-02-06,2026-02-20,2026-02-07,1.41,0.0,Returned,2026-02-06 11:02:27,2026-02-07 16:46:32
3781,328,792,2026-05-09,2026-05-16,2026-05-12,3.38,0.0,Returned,2026-05-09 05:55:05,2026-05-12 06:52:50
3782,292,12,2026-02-19,2026-02-26,2026-02-24,2.01,0.0,Returned,2026-02-19 07:44:51,2026-02-24 11:52:27
3783,199,1413,2025-09-02,2025-09-16,2025-09-14,7.07,0.0,Returned,2025-09-02 01:34:07,2025-09-14 22:43:34
3784,244,1171,2025-10-12,2025-10-19,2025-10-15,2.08,0.0,Returned,2025-10-12 15:01:59,2025-10-15 20:09:18
3785,189,56,2026-02-01,2026-02-15,2026-02-10,2.65,0.0,Returned,2026-02-01 06:37:09,2026-02-10 03:29:34
3786,217,306,2026-02-04,2026-02-11,2026-02-18,2.35,5.25,Returned,2026-02-04 08:42:55,2026-02-18 21:40:19
3787,68,1599,2026-04-04,2026-04-18,2026-04-14,4.88,0.0,Returned,2026-04-04 20:20:23,2026-04-14 14:16:39
3788,594,25,2026-03-06,2026-03-20,2026-03-14,3.72,0.0,Returned,2026-03-06 03:28:38,2026-03-14 04:21:17
3789,453,223,2026-02-28,2026-03-14,2026-03-08,2.02,0.0,Returned,2026-02-28 21:42:21,2026-03-08 13:17:05
3790,786,278,2025-10-06,2025-10-13,2025-10-21,4.27,6.0,Returned,2025-10-06 18:35:15,2025-10-21 21:15:13
3791,984,446,2026-03-23,2026-04-02,2026-03-31,1.05,0.0,Returned,2026-03-23 10:33:20,2026-03-31 00:22:32
3792,13,655,2025-06-10,2025-06-20,2025-06-14,1.52,0.0,Returned,2025-06-10 04:01:33,2025-06-14 03:15:13
3793,1000,1041,2026-04-10,2026-04-17,2026-04-13,2.92,0.0,Returned,2026-04-10 16:13:34,2026-04-13 07:52:51
3794,151,41,2025-12-19,2025-12-29,2025-12-24,2.29,0.0,Returned,2025-12-19 07:31:50,2025-12-24 12:23:59
3795,892,539,2026-02-12,2026-02-26,2026-02-15,3.78,0.0,RETURNED,2026-02-12 04:42:55,2026-02-15 03:10:54
3796,950,1240,2025-07-04,2025-07-11,2025-07-21,3.52,7.5,Returned,2025-07-04 03:53:50,2025-07-21 11:57:55
3797,887,1622,2025-09-27,2025-10-11,2025-10-05,1.97,0.0,Returned,2025-09-27 05:08:22,2025-10-05 23:28:33
3798,180,81,2025-06-23,2025-07-03,2025-06-24,3.79,0.0,Returned,2025-06-23 22:05:32,2025-06-24 05:33:17
3799,719,604,2025-09-16,2025-09-23,2025-09-22,2.38,0.0,Returned,2025-09-16 08:15:28,2025-09-22 15:07:45
3800,742,1702,2026-01-15,2026-01-29,2026-01-26,4.53,0.0,Returned,2026-01-15 21:58:52,2026-01-26 07:04:51
3801,867,296,2025-06-25,2025-07-02,,3.72,250.5,Overdue,2025-06-25 13:56:13,2025-06-25 13:56:13
3802,543,211,2025-06-17,2025-06-24,2025-06-18,3.13,0.0,Returned,2025-06-17 12:21:49,2025-06-18 11:53:22
3803,502,1735,2025-10-16,2025-10-30,2025-10-24,1.56,0.0,Returned,2025-10-16 11:11:21,2025-10-24 16:59:00
3804,12,469,2026-03-14,2026-03-24,2026-03-29,3.66,3.75,Returned,2026-03-14 08:38:13,2026-03-29 03:10:23
3805,501,1176,2025-11-01,2025-11-11,2025-11-20,3.66,6.75,Returned,2025-11-01 03:58:24,2025-11-20 07:03:32
3806,8,965,2025-12-24,2026-01-07,2025-12-27,3.92,0.0,Returned,2025-12-24 19:55:52,2025-12-27 09:46:27
3807,555,541,2026-03-26,2026-04-05,2026-04-08,1.6,2.25,Returned,2026-03-26 18:54:11,2026-04-08 21:29:42
3808,673,1022,2026-01-27,2026-02-03,2026-01-31,5.84,0.0,Returned,2026-01-27 21:28:06,2026-01-31 16:54:24
3809,120,1659,2025-11-25,2025-12-02,2025-11-28,4.08,0.0,Returned,2025-11-25 22:14:21,2025-11-28 20:51:45
3810,599,1090,2026-05-02,2026-05-16,2026-05-02,2.05,0.0,Returned,2026-05-02 12:59:45,2026-05-02 12:59:45
3811,709,938,2026-01-25,2026-02-04,2026-02-10,4.71,4.5,Returned,2026-01-25 23:46:50,2026-02-10 20:44:45
3812,963,454,2025-10-01,2025-10-15,2025-10-05,2.86,0.0,Returned,2025-10-01 23:28:36,2025-10-05 21:24:50
3813,121,299,2025-12-07,2025-12-17,2025-12-15,3.27,0.0,Returned,2025-12-07 20:27:35,2025-12-15 06:09:15
3814,134,686,2026-01-25,2026-02-04,2026-01-30,3.12,0.0,Returned,2026-01-25 23:07:55,2026-01-30 11:39:51
3815,170,1086,2025-12-04,2025-12-14,2025-12-07,8.17,0.0,Returned,2025-12-04 16:04:40,2025-12-07 18:55:13
3816,290,106,2026-03-29,2026-04-05,2026-04-10,2.95,3.75,Returned,2026-03-29 09:25:01,2026-04-10 03:01:43
3817,383,411,2025-11-08,2025-11-15,2025-11-11,4.75,0.0,Returned,2025-11-08 04:27:12,2025-11-11 19:26:15
3818,181,438,2025-11-18,2025-11-28,2025-11-26,2.79,0.0,Returned,2025-11-18 09:38:20,2025-11-26 14:37:38
3819,957,1165,2025-12-18,2025-12-28,,3.15,116.25,Overdue,2025-12-18 05:04:09,2025-12-18 05:04:09
3820,482,1094,2025-10-15,2025-10-22,2025-10-30,2.63,6.0,Returned,2025-10-15 08:07:07,2025-10-30 04:21:00
3821,474,329,2026-01-23,2026-01-30,2026-02-09,5.99,7.5,Returned,2026-01-23 22:16:37,2026-02-09 11:30:08
3822,951,140,2025-06-27,2025-07-07,2025-06-30,4.36,0.0,Returned,2025-06-27 15:30:36,2025-06-30 23:27:34
3823,441,858,2026-05-18,2026-06-01,2026-05-20,2.91,0.0,Returned,2026-05-18 03:07:06,2026-05-20 05:12:11
3824,587,1397,2025-08-30,2025-09-09,2025-09-04,3.54,0.0,Returned,2025-08-30 06:32:15,2025-09-04 19:08:42
3825,822,1683,2026-03-21,2026-03-28,2026-03-22,4.69,0.0,Returned,2026-03-21 09:51:34,2026-03-22 04:09:23
3826,446,1267,2025-07-30,2025-08-13,2025-08-09,3.51,0.0,Returned,2025-07-30 22:01:18,2025-08-09 23:36:36
3827,644,661,2026-03-14,2026-03-28,,4.22,48.75,Overdue,2026-03-14 06:36:07,2026-03-14 06:36:07
3828,931,595,2026-02-03,2026-02-17,2026-02-15,1.53,0.0,Returned,2026-02-03 16:20:57,2026-02-15 01:21:29
3829,656,1428,2025-07-10,2025-07-24,,2.74,234.0,Overdue,2025-07-10 02:11:16,2025-07-10 02:11:16
3830,822,13,2025-11-05,2025-11-19,2025-11-16,2.31,0.0,Returned,2025-11-05 09:56:47,2025-11-16 14:00:25
3831,584,766,2025-08-13,2025-08-27,2025-08-26,3.12,0.0,Returned,2025-08-13 15:23:54,2025-08-26 08:09:58
3832,18,128,2026-01-21,2026-02-04,2026-01-31,3.87,0.0,Returned,2026-01-21 21:15:14,2026-01-31 05:26:51
3833,999,457,2026-05-28,2026-06-04,2026-06-01,4.12,0.0,Returned,2026-05-28 22:24:46,2026-06-01 02:49:24
3834,90,1516,2025-10-13,2025-10-23,2025-11-02,6.77,7.5,Returned,2025-10-13 13:06:55,2025-11-02 08:05:17
3835,884,520,2025-07-15,2025-07-25,2025-07-15,4.72,0.0,Returned,2025-07-15 21:52:54,2025-07-15 21:52:54
3836,416,299,2026-01-18,2026-01-28,2026-01-19,3.69,0.0,Returned,2026-01-18 13:56:46,2026-01-19 18:46:46
3837,52,1294,2026-02-26,2026-03-05,2026-03-03,2.96,0.0,Returned,2026-02-26 19:38:57,2026-03-03 14:33:50
3838,696,1624,2025-11-19,2025-12-03,2025-12-02,2.8,0.0,Returned,2025-11-19 03:27:08,2025-12-02 01:51:24
3839,837,148,2025-06-24,2025-07-04,2025-06-29,3.95,0.0,Returned,2025-06-24 13:11:13,2025-06-29 01:04:13
3840,883,1664,2025-11-22,2025-12-02,2025-11-23,3.31,0.0,Returned,2025-11-22 19:11:42,2025-11-23 06:21:29
3841,463,34,2025-11-22,2025-12-02,2025-11-27,3.98,0.0,Returned,2025-11-22 07:18:19,2025-11-27 00:19:20
3842,536,1502,2025-07-03,2025-07-13,2025-07-05,5.86,0.0,Returned,2025-07-03 03:53:55,2025-07-05 04:40:38
3843,872,1235,2025-09-06,2025-09-13,2025-09-19,2.44,4.5,Returned,2025-09-06 08:48:19,2025-09-19 11:02:44
3844,680,626,2025-08-23,2025-08-30,2025-08-24,1.14,0.0,Returned,2025-08-23 16:31:27,2025-08-24 08:58:06
3845,268,625,2026-03-25,2026-04-04,2026-04-05,2.6,0.75,Returned,2026-03-25 18:02:01,2026-04-05 03:47:46
3846,655,1771,2025-11-20,2025-11-27,2025-11-24,5.06,0.0,Returned,2025-11-20 02:54:12,2025-11-24 01:00:56
3847,205,1773,2025-11-20,2025-11-30,2025-11-25,3.96,0.0,Returned,2025-11-20 09:53:13,2025-11-25 20:52:01
3848,972,476,2025-10-04,2025-10-14,2025-10-12,3.41,0.0,Returned,2025-10-04 16:43:17,2025-10-12 22:43:46
3849,575,1303,2026-03-03,2026-03-13,2026-03-12,4.07,0.0,Returned,2026-03-03 09:45:49,2026-03-12 06:50:01
3850,406,1198,2026-02-07,2026-02-14,2026-02-09,3.09,0.0,Returned,2026-02-07 09:00:46,2026-02-09 14:55:00
3851,478,516,2025-09-10,2025-09-24,2025-09-13,4.7,0.0,Returned,2025-09-10 15:03:58,2025-09-13 07:23:42
3852,771,1508,2026-04-12,2026-04-19,2026-04-19,3.76,0.0,Returned,2026-04-12 14:58:54,2026-04-19 07:36:48
3853,95,869,2025-12-14,2025-12-24,2025-12-20,5.94,0.0,Returned,2025-12-14 22:41:55,2025-12-20 20:18:46
3854,698,23,2026-05-23,2026-06-06,2026-05-27,1.9,0.0,Returned,2026-05-23 17:39:04,2026-05-27 08:56:56
3855,527,1188,2025-09-30,2025-10-14,2025-10-09,4.85,0.0,Returned,2025-09-30 18:14:06,2025-10-09 17:26:30
3856,871,793,2026-04-10,2026-04-24,2026-04-24,4.16,0.0,Returned,2026-04-10 13:23:16,2026-04-24 21:05:44
3857,456,1619,2026-01-22,2026-02-05,2026-02-04,1.93,0.0,Returned,2026-01-22 11:55:33,2026-02-04 16:09:47
3858,775,579,2026-01-28,2026-02-04,2026-02-01,4.43,0.0,Returned,2026-01-28 19:43:31,2026-02-01 10:30:34
3859,484,602,2025-11-27,2025-12-07,2025-12-16,3.62,6.75,Returned,2025-11-27 03:07:07,2025-12-16 11:29:27
3860,814,1065,2025-07-18,2025-07-25,2025-07-22,4.82,0.0,Returned,2025-07-18 04:26:24,2025-07-22 04:49:30
3861,609,909,2026-01-24,2026-02-07,2026-02-09,4.23,1.5,Returned,2026-01-24 16:09:06,2026-02-09 13:16:28
3862,943,1248,2026-02-09,2026-02-23,2026-02-20,4.51,0.0,Returned,2026-02-09 05:30:42,2026-02-20 16:56:46
3863,140,1247,2025-07-05,2025-07-15,2025-07-20,1.69,3.75,Returned,2025-07-05 08:24:04,2025-07-20 00:05:47
3864,116,1499,2026-02-18,2026-03-04,2026-03-03,2.0,0.0,Returned,2026-02-18 07:17:47,2026-03-03 09:35:16
3865,554,218,2026-05-01,2026-05-11,2026-05-12,2.99,0.75,Returned,2026-05-01 01:13:21,2026-05-12 08:42:55
3866,755,523,2025-12-21,2025-12-28,2025-12-28,4.86,0.0,Returned,2025-12-21 00:41:27,2025-12-28 15:27:51
3867,365,659,2025-11-17,2025-12-01,2025-11-30,3.22,0.0,Returned,2025-11-17 19:35:02,2025-11-30 11:05:26
3868,785,1370,2025-07-03,2025-07-13,2025-07-10,2.54,0.0,Returned,2025-07-03 13:13:22,2025-07-10 21:57:29
3869,630,1688,2026-02-15,2026-02-22,2026-02-17,2.96,0.0,Returned,2026-02-15 10:21:35,2026-02-17 18:18:15
3870,142,1780,2025-07-13,2025-07-20,2025-07-13,4.48,0.0,RETURNED,2025-07-13 20:22:52,2025-07-13 20:22:52
3871,700,1767,2026-02-01,2026-02-08,2026-02-02,4.19,0.0,Returned,2026-02-01 00:47:28,2026-02-02 18:40:30
3872,815,469,2025-08-06,2025-08-16,2025-08-14,3.16,0.0,Returned,2025-08-06 09:19:51,2025-08-14 03:35:58
3873,145,604,2026-02-09,2026-02-23,2026-03-05,2.62,7.5,Returned,2026-02-09 13:53:14,2026-03-05 08:14:06
3874,984,1037,2025-09-15,2025-09-25,2025-09-24,4.04,0.0,Returned,2025-09-15 03:01:14,2025-09-24 18:15:34
3875,320,1185,2026-01-17,2026-01-31,,3.71,90.75,Overdue,2026-01-17 19:43:35,2026-01-17 19:43:35
3876,257,1233,2025-10-04,2025-10-11,2025-10-09,2.13,0.0,Returned,2025-10-04 00:00:21,2025-10-09 23:59:07
3877,820,1032,2025-07-26,2025-08-09,2025-08-15,3.89,4.5,Returned,2025-07-26 06:20:30,2025-08-15 02:38:45
3878,303,1345,2025-07-11,2025-07-21,2025-07-13,4.94,0.0,Returned,2025-07-11 17:24:56,2025-07-13 01:04:42
3879,412,496,2026-04-20,2026-04-27,2026-04-23,2.57,0.0,Returned,2026-04-20 07:10:58,2026-04-23 13:04:23
3880,203,1466,2026-01-12,2026-01-22,2026-01-17,2.48,0.0,Returned,2026-01-12 04:29:03,2026-01-17 08:11:40
3881,502,253,2025-06-18,2025-06-28,2025-06-18,8.74,0.0,Returned,2025-06-18 10:54:24,2025-06-18 10:54:24
3882,812,1388,2025-10-09,2025-10-23,2025-10-21,2.4,0.0,Returned,2025-10-09 20:56:37,2025-10-21 13:40:20
3883,227,1500,2026-04-13,2026-04-20,2026-04-16,2.63,0.0,Returned,2026-04-13 16:31:19,2026-04-16 03:57:14
3884,707,1753,2026-02-20,2026-03-02,2026-03-08,4.87,4.5,Returned,2026-02-20 07:24:53,2026-03-08 17:06:13
3885,770,1439,2026-02-26,2026-03-12,2026-03-03,3.11,0.0,Returned,2026-02-26 10:53:53,2026-03-03 17:18:24
3886,178,737,2025-06-13,2025-06-20,2025-06-23,1.52,2.25,Returned,2025-06-13 04:15:26,2025-06-23 01:27:40
3887,784,192,2025-07-17,2025-07-27,2025-07-19,2.74,0.0,Returned,2025-07-17 02:14:08,2025-07-19 23:12:55
3888,181,536,2026-05-21,2026-06-04,2026-05-24,1.07,0.0,Returned,2026-05-21 17:48:36,2026-05-24 06:21:27
3889,4,1161,2025-12-09,2025-12-19,2025-12-16,4.42,0.0,Returned,2025-12-09 22:14:05,2025-12-16 20:13:15
3890,254,1639,2025-12-25,2026-01-01,2026-01-01,2.35,0.0,RETURNED,2025-12-25 18:44:55,2026-01-01 09:18:33
3891,356,306,2026-01-23,2026-01-30,2026-01-28,1.82,0.0,Returned,2026-01-23 11:01:01,2026-01-28 14:11:42
3892,691,1149,2026-01-29,2026-02-12,2026-02-10,1.16,0.0,Returned,2026-01-29 01:27:02,2026-02-10 15:05:12
3893,735,1304,2026-04-17,2026-04-27,2026-04-17,4.45,0.0,Returned,2026-04-17 06:53:47,2026-04-17 06:53:47
3894,187,1224,2025-07-21,2025-07-28,2025-07-21,1.77,0.0,Returned,2025-07-21 21:55:41,2025-07-21 21:55:41
3895,414,528,2026-03-19,2026-04-02,2026-03-22,4.77,0.0,Returned,2026-03-19 22:43:14,2026-03-22 08:59:56
3896,382,1783,2025-08-14,2025-08-21,2025-08-20,2.22,0.0,Returned,2025-08-14 07:43:49,2025-08-20 11:51:54
3897,530,184,2025-08-02,2025-08-09,2025-08-08,3.36,0.0,Returned,2025-08-02 17:01:15,2025-08-08 04:34:36
3898,977,1481,2026-01-16,2026-01-23,2026-01-19,4.59,0.0,Returned,2026-01-16 23:13:49,2026-01-19 01:02:50
3899,550,1191,2025-12-15,2025-12-29,,2.73,115.5,Overdue,2025-12-15 05:05:09,2025-12-15 05:05:09
3900,96,367,2025-09-23,2025-10-03,2025-10-03,4.15,0.0,Returned,2025-09-23 03:06:41,2025-10-03 22:20:58
3901,470,1592,2026-04-22,2026-05-02,2026-04-25,5.11,0.0,Returned,2026-04-22 09:48:13,2026-04-25 19:36:35
3902,717,548,2025-12-05,2025-12-12,2025-12-07,1.99,0.0,Returned,2025-12-05 05:09:56,2025-12-07 21:10:43
3903,619,383,2025-08-10,2025-08-17,2025-08-27,2.22,7.5,Returned,2025-08-10 05:25:13,2025-08-27 23:32:23
3904,287,837,2025-06-24,2025-07-04,2025-06-25,1.01,0.0,Returned,2025-06-24 21:38:20,2025-06-25 08:54:07
3905,315,910,2025-08-02,2025-08-09,2025-08-09,5.4,0.0,Returned,2025-08-02 20:57:27,2025-08-09 20:09:54
3906,823,1711,2025-07-20,2025-07-27,2025-07-22,2.62,0.0,Returned,2025-07-20 08:34:59,2025-07-22 09:32:33
3907,258,1273,2025-06-19,2025-06-26,2025-06-24,3.85,0.0,Returned,2025-06-19 12:22:59,2025-06-24 19:41:41
3908,993,828,2025-07-12,2025-07-19,2025-07-23,3.16,3.0,Returned,2025-07-12 23:51:40,2025-07-23 13:46:46
3909,747,7,2025-11-09,2025-11-16,2025-11-09,4.74,0.0,Returned,2025-11-09 04:41:50,2025-11-09 10:44:41
3910,220,653,2026-01-29,2026-02-12,2026-02-09,2.85,0.0,Returned,2026-01-29 17:49:01,2026-02-09 07:25:06
3911,170,237,2025-08-31,2025-09-10,2025-09-07,2.92,0.0,Returned,2025-08-31 11:31:32,2025-09-07 19:14:25
3912,957,1633,2026-05-10,2026-05-20,2026-05-17,4.63,0.0,Returned,2026-05-10 07:06:57,2026-05-17 16:34:10
3913,41,324,2026-03-26,2026-04-09,2026-04-03,4.27,0.0,Returned,2026-03-26 10:12:43,2026-04-03 01:59:48
3914,915,1271,2025-08-14,2025-08-21,2025-08-21,6.21,0.0,Returned,2025-08-14 01:27:45,2025-08-21 14:24:57
3915,343,30,2026-03-16,2026-03-26,2026-03-22,3.46,0.0,Returned,2026-03-16 18:46:43,2026-03-22 08:33:17
3916,883,1130,2025-08-03,2025-08-13,2025-08-09,1.66,0.0,Returned,2025-08-03 10:06:48,2025-08-09 19:42:16
3917,426,237,2026-02-27,2026-03-06,2026-03-04,2.08,0.0,Returned,2026-02-27 21:08:10,2026-03-04 09:13:20
3918,600,1453,2025-10-23,2025-11-02,2025-10-28,2.26,0.0,Returned,2025-10-23 22:57:59,2025-10-28 18:58:04
3919,452,1336,2025-11-09,2025-11-16,2025-11-14,4.81,0.0,Returned,2025-11-09 17:09:34,2025-11-14 12:49:43
3920,30,1078,2025-08-14,2025-08-24,2025-08-22,3.09,0.0,Returned,2025-08-14 15:17:38,2025-08-22 23:48:04
3921,642,267,2026-04-21,2026-05-01,2026-05-10,1.72,6.75,Returned,2026-04-21 01:42:52,2026-05-10 14:33:36
3922,844,1279,2025-08-10,2025-08-20,,4.58,213.75,Overdue,2025-08-10 19:16:09,2025-08-10 19:16:09
3923,870,542,2025-09-30,2025-10-10,2025-10-06,2.34,0.0,Returned,2025-09-30 22:42:48,2025-10-06 16:01:33
3924,272,25,2025-08-24,2025-08-31,2025-08-24,3.96,0.0,RETURNED,2025-08-24 00:10:35,2025-08-24 21:13:01
3925,702,267,2026-04-28,2026-05-12,2026-05-07,2.82,0.0,Returned,2026-04-28 22:25:51,2026-05-07 00:32:17
3926,375,512,2025-09-24,2025-10-04,2025-10-03,1.84,0.0,Returned,2025-09-24 17:34:40,2025-10-03 00:32:36
3927,224,141,2025-10-08,2025-10-18,2025-10-10,2.95,0.0,Returned,2025-10-08 13:18:20,2025-10-10 09:56:51
3928,274,1415,2026-01-06,2026-01-20,2026-01-15,2.73,0.0,Returned,2026-01-06 23:37:51,2026-01-15 06:27:20
3929,154,1376,2025-10-20,2025-10-27,2025-10-21,2.23,0.0,Returned,2025-10-20 09:34:08,2025-10-21 08:48:05
3930,495,486,2026-02-18,2026-02-25,2026-02-23,2.85,0.0,Returned,2026-02-18 20:53:16,2026-02-23 17:20:48
3931,955,1212,2025-10-31,2025-11-10,,4.82,152.25,Overdue,2025-10-31 11:45:35,2025-10-31 11:45:35
3932,173,1093,2026-02-06,2026-02-16,,2.09,78.75,Overdue,2026-02-06 20:29:30,2026-02-06 20:29:30
3933,818,1744,2026-05-10,2026-05-20,2026-05-29,4.04,6.75,Returned,2026-05-10 01:48:01,2026-05-29 12:09:44
3934,837,504,2026-05-02,2026-05-16,2026-05-26,2.07,7.5,Returned,2026-05-02 04:05:27,2026-05-26 07:34:49
3935,757,1747,2026-05-04,2026-05-18,2026-05-17,4.32,0.0,Returned,2026-05-04 21:09:50,2026-05-17 23:25:11
3936,320,712,2026-01-19,2026-01-29,2026-01-29,2.26,0.0,Returned,2026-01-19 19:38:45,2026-01-29 04:08:05
3937,640,509,2025-12-10,2025-12-17,2025-12-10,2.8,0.0,Returned,2025-12-10 22:51:41,2025-12-10 22:51:41
3938,907,1208,2026-03-15,2026-03-25,2026-03-20,1.21,0.0,Returned,2026-03-15 15:16:46,2026-03-20 13:12:26
3939,572,1153,2026-01-04,2026-01-11,2026-01-11,1.1,0.0,Returned,2026-01-04 11:04:09,2026-01-11 15:41:39
3940,680,379,2026-03-26,2026-04-09,2026-04-01,2.42,0.0,Returned,2026-03-26 03:50:25,2026-04-01 02:23:43
3941,244,1272,2025-09-10,2025-09-24,2025-09-22,6.93,0.0,Returned,2025-09-10 09:11:54,2025-09-22 14:21:39
3942,609,1115,2025-08-31,2025-09-14,2025-09-09,3.26,0.0,Returned,2025-08-31 13:23:59,2025-09-09 06:39:17
3943,122,652,2025-08-16,2025-08-23,2025-08-18,3.2,0.0,Returned,2025-08-16 00:31:28,2025-08-18 13:50:20
3944,966,1012,2025-06-12,2025-06-22,2025-06-19,2.97,0.0,Returned,2025-06-12 17:29:20,2025-06-19 17:34:23
3945,824,714,2025-11-17,2025-11-24,2025-11-22,4.81,0.0,Returned,2025-11-17 04:52:19,2025-11-22 01:23:51
3946,777,903,2026-02-12,2026-02-26,2026-02-26,4.12,0.0,Returned,2026-02-12 11:13:24,2026-02-26 23:14:23
3947,157,1150,2026-04-24,2026-05-08,2026-05-14,3.01,4.5,Returned,2026-04-24 01:25:23,2026-05-14 04:42:15
3948,716,775,2025-10-07,2025-10-17,2025-10-12,2.02,0.0,RETURNED,2025-10-07 18:29:18,2025-10-12 17:00:52
3949,532,256,2025-10-01,2025-10-11,,4.29,174.75,Overdue,2025-10-01 15:09:38,2025-10-01 15:09:38
3950,30,1087,2025-11-12,2025-11-26,2025-11-12,7.6,0.0,Returned,2025-11-12 20:39:31,2025-11-12 21:59:18
3951,274,977,2026-05-29,2026-06-12,2026-06-01,8.84,3.75,Returned,2026-05-29 22:56:25,2026-06-01 12:17:41
3952,798,1384,2025-06-25,2025-07-09,2025-07-09,1.5,0.0,Returned,2025-06-25 22:31:16,2025-07-09 17:00:27
3953,247,822,2026-02-28,2026-03-10,2026-03-05,7.78,0.0,Returned,2026-02-28 12:48:29,2026-03-05 08:16:59
3954,278,987,2026-01-15,2026-01-29,2026-02-04,3.22,4.5,Returned,2026-01-15 14:42:43,2026-02-04 14:39:48
3955,85,1110,2025-12-15,2025-12-29,2026-01-08,4.14,7.5,Returned,2025-12-15 12:28:17,2026-01-08 03:59:29
3956,747,1739,2025-12-26,2026-01-05,2026-01-01,4.02,0.0,Returned,2025-12-26 12:19:57,2026-01-01 06:04:52
3957,850,1408,2025-10-02,2025-10-16,2025-10-04,1.85,0.0,Returned,2025-10-02 04:18:59,2025-10-04 14:52:23
3958,158,500,2025-11-16,2025-11-30,2025-11-24,3.52,0.0,Returned,2025-11-16 22:12:41,2025-11-24 18:12:07
3959,413,1371,2026-05-13,2026-05-23,2026-05-18,3.21,0.0,Returned,2026-05-13 05:16:47,2026-05-18 11:06:29
3960,242,1503,2026-05-19,2026-05-29,2026-05-27,7.57,0.0,Returned,2026-05-19 08:43:53,2026-05-27 11:25:16
3961,574,311,2025-09-21,2025-10-05,2025-09-21,4.52,0.0,Returned,2025-09-21 17:37:27,2025-09-21 17:37:27
3962,901,326,2026-01-24,2026-02-03,,6.98,88.5,Overdue,2026-01-24 19:47:42,2026-01-24 19:47:42
3963,788,944,2026-03-21,2026-04-04,2026-03-30,1.04,0.0,Returned,2026-03-21 20:45:04,2026-03-30 12:42:01
3964,228,620,2026-01-15,2026-01-22,2026-01-20,3.04,0.0,Returned,2026-01-15 00:07:24,2026-01-20 09:41:40
3965,322,1693,2026-01-21,2026-01-31,2026-01-25,1.66,0.0,Returned,2026-01-21 23:56:54,2026-01-25 09:20:38
3966,306,1651,2025-10-27,2025-11-03,2025-11-06,4.22,2.25,Returned,2025-10-27 05:16:26,2025-11-06 18:26:32
3967,454,887,2025-08-02,2025-08-16,2025-08-21,2.86,3.75,Returned,2025-08-02 03:44:06,2025-08-21 20:21:31
3968,106,384,2026-01-04,2026-01-14,,2.46,103.5,Overdue,2026-01-04 19:12:01,2026-01-04 19:12:01
3969,996,2,2026-01-07,2026-01-17,2026-01-13,2.45,0.0,Returned,2026-01-07 10:41:41,2026-01-13 23:18:42
3970,621,1576,2025-07-29,2025-08-05,2025-08-01,2.94,0.0,Returned,2025-07-29 03:01:07,2025-08-01 12:09:20
3971,21,1273,2026-01-18,2026-02-01,2026-01-25,3.84,0.0,Returned,2026-01-18 06:21:32,2026-01-25 22:22:30
3972,105,973,2025-12-03,2025-12-10,2025-12-08,2.51,0.0,Returned,2025-12-03 13:35:46,2025-12-08 22:03:08
3973,593,1510,2026-03-15,2026-03-29,2026-03-30,2.4,0.75,Returned,2026-03-15 06:36:10,2026-03-30 12:32:15
3974,518,139,2025-06-24,2025-07-04,2025-07-04,3.41,0.0,Returned,2025-06-24 09:23:19,2025-07-04 19:33:32
3975,865,1251,2025-09-15,2025-09-29,2025-09-20,3.99,0.0,Returned,2025-09-15 21:38:50,2025-09-20 07:33:46
3976,963,1403,2025-10-06,2025-10-13,2025-10-10,2.35,0.0,Returned,2025-10-06 07:27:19,2025-10-10 19:05:39
3977,52,827,2025-09-11,2025-09-25,2025-09-11,7.55,0.0,Returned,2025-09-11 13:59:09,2025-09-11 13:59:09
3978,80,1188,2026-01-13,2026-01-20,2026-01-28,3.62,6.0,Returned,2026-01-13 16:28:14,2026-01-28 13:58:12
3979,800,323,2026-05-15,2026-05-22,2026-05-19,1.41,0.0,Returned,2026-05-15 12:30:17,2026-05-19 18:51:27
3980,303,1201,2026-05-17,2026-05-31,2026-06-01,4.2,3.0,Returned,2026-05-17 08:49:44,2026-06-01 16:51:28
3981,839,1711,2025-09-25,2025-10-05,2025-10-03,1.99,0.0,Returned,2025-09-25 15:45:39,2025-10-03 08:30:10
3982,408,1276,2025-08-04,2025-08-18,2025-08-19,8.49,0.75,Returned,2025-08-04 07:26:19,2025-08-19 00:56:52
3983,714,68,2025-06-28,2025-07-05,2025-07-01,2.34,0.0,Returned,2025-06-28 16:40:58,2025-07-01 12:16:27
3984,41,1235,2025-10-26,2025-11-09,2025-11-03,2.54,0.0,Returned,2025-10-26 11:51:56,2025-11-03 23:31:52
3985,386,1335,2026-05-11,2026-05-25,2026-05-19,4.9,0.0,Returned,2026-05-11 02:27:14,2026-05-19 22:47:18
3986,442,130,2025-12-15,2025-12-25,2025-12-26,1.05,0.75,Returned,2025-12-15 17:54:36,2025-12-26 19:19:32
3987,658,1144,2026-04-07,2026-04-21,2026-04-17,4.51,0.0,Returned,2026-04-07 19:19:27,2026-04-17 06:22:14
3988,885,992,2025-10-28,2025-11-07,2025-11-12,2.95,3.75,Returned,2025-10-28 07:47:37,2025-11-12 06:31:00
3989,95,532,2026-04-09,2026-04-23,2026-04-14,1.4,0.0,Returned,2026-04-09 23:40:09,2026-04-14 23:02:28
3990,149,1308,2025-11-09,2025-11-23,2025-11-16,2.85,0.0,Returned,2025-11-09 17:07:41,2025-11-16 22:22:57
3991,783,1649,2026-05-26,2026-06-09,2026-06-04,2.54,0.0,Returned,2026-05-26 13:45:27,2026-06-04 10:28:01
3992,591,1118,2025-10-07,2025-10-21,2025-10-22,4.86,0.75,Returned,2025-10-07 04:13:55,2025-10-22 10:57:11
3993,283,529,2025-07-30,2025-08-09,2025-08-18,2.79,6.75,Returned,2025-07-30 08:17:46,2025-08-18 07:34:14
3994,83,1625,2026-03-06,2026-03-16,2026-03-13,2.58,0.0,Returned,2026-03-06 15:37:34,2026-03-13 10:51:41
3995,689,976,2025-07-07,2025-07-14,2025-07-11,8.2,0.0,Returned,2025-07-07 14:48:30,2025-07-11 23:35:18
3996,411,1214,2025-12-05,2025-12-12,2025-12-09,1.97,0.0,Returned,2025-12-05 09:55:43,2025-12-09 17:15:16
3997,570,1723,2025-09-24,2025-10-01,2025-09-24,3.11,0.0,Returned,2025-09-24 03:03:30,2025-09-24 04:02:01
3998,742,174,2026-05-03,2026-05-17,2026-05-17,1.25,0.0,Returned,2026-05-03 00:25:13,2026-05-17 07:57:51
3999,497,399,2026-05-09,2026-05-16,2026-05-10,2.7,0.0,Returned,2026-05-09 03:13:59,2026-05-10 04:42:51
4000,580,1541,2025-12-28,2026-01-07,2025-12-29,3.16,0.0,Returned,2025-12-28 07:58:53,2025-12-29 23:25:45
4001,936,764,2025-11-27,2025-12-04,2025-12-08,3.7,3.0,Returned,2025-11-27 07:14:16,2025-12-08 15:34:09
4002,284,250,2026-03-04,2026-03-18,2026-03-04,1.53,0.0,Returned,2026-03-04 12:03:24,2026-03-04 18:27:27
4003,187,1682,2026-03-09,2026-03-23,2026-03-22,3.87,0.0,Returned,2026-03-09 00:09:25,2026-03-22 14:16:07
4004,703,1765,2026-02-21,2026-03-03,2026-02-22,4.57,0.0,Returned,2026-02-21 10:05:39,2026-02-22 13:11:47
4005,527,1318,2025-11-01,2025-11-15,2025-11-21,3.22,4.5,Returned,2025-11-01 12:17:48,2025-11-21 11:50:11
4006,119,1505,2025-12-14,2025-12-24,2025-12-15,4.84,0.0,Returned,2025-12-14 08:50:25,2025-12-15 04:23:20
4007,748,62,2026-04-10,2026-04-20,2026-04-15,2.55,0.0,Returned,2026-04-10 13:17:58,2026-04-15 20:18:48
4008,895,961,2026-01-16,2026-01-23,2026-01-16,4.15,0.0,Returned,2026-01-16 21:45:18,2026-01-16 21:45:18
4009,158,177,2026-01-17,2026-01-31,2026-01-18,2.18,0.0,Returned,2026-01-17 16:54:25,2026-01-18 20:49:57
4010,597,922,2025-12-03,2025-12-13,2025-12-09,2.23,0.0,Returned,2025-12-03 22:34:59,2025-12-09 18:58:51
4011,234,245,2025-06-22,2025-07-02,2025-06-26,2.52,0.0,Returned,2025-06-22 01:59:51,2025-06-26 14:04:43
4012,663,1703,2025-09-29,2025-10-13,2025-10-11,3.05,0.0,Returned,2025-09-29 14:54:45,2025-10-11 20:00:51
4013,635,1152,2026-03-21,2026-04-04,,1.06,43.5,Overdue,2026-03-21 03:43:13,2026-03-21 03:43:13
4014,98,1098,2025-07-07,2025-07-17,2025-07-20,2.39,2.25,Returned,2025-07-07 14:54:42,2025-07-20 03:52:58
4015,363,171,2025-06-27,2025-07-11,2025-06-30,1.74,0.0,Returned,2025-06-27 13:41:51,2025-06-30 12:23:36
4016,408,622,2025-08-25,2025-09-04,2025-08-30,3.72,0.0,Returned,2025-08-25 17:46:06,2025-08-30 06:00:23
4017,777,1267,2025-11-26,2025-12-10,2025-12-02,3.42,0.0,Returned,2025-11-26 11:51:21,2025-12-02 06:17:50
4018,191,807,2025-07-31,2025-08-10,2025-08-03,1.5,0.0,Returned,2025-07-31 20:43:07,2025-08-03 12:53:30
4019,846,14,2026-01-23,2026-01-30,2026-02-07,2.02,6.0,Returned,2026-01-23 15:09:57,2026-02-07 17:39:18
4020,158,1511,2026-03-27,2026-04-10,2026-03-27,1.6,0.0,Returned,2026-03-27 05:47:29,2026-03-27 17:28:21
4021,453,1068,2026-05-27,2026-06-03,2026-05-29,8.77,0.0,Returned,2026-05-27 23:43:50,2026-05-29 17:33:03
4022,329,1362,2026-02-05,2026-02-12,2026-02-11,2.44,0.0,Returned,2026-02-05 01:47:47,2026-02-11 06:09:01
4023,713,1119,2026-02-27,2026-03-13,2026-03-10,3.37,0.0,Returned,2026-02-27 00:10:26,2026-03-10 07:58:43
4024,442,541,2025-09-27,2025-10-04,2025-10-01,2.7,0.0,Returned,2025-09-27 19:24:59,2025-10-01 06:16:52
4025,734,1675,2026-05-24,2026-06-03,,3.02,0.0,Active,2026-05-24 10:45:32,2026-05-24 10:45:32
4026,957,667,2026-03-22,2026-03-29,2026-03-22,2.8,0.0,RETURNED,2026-03-22 06:35:50,2026-03-22 06:35:50
4027,364,1608,2026-04-17,2026-04-27,2026-05-02,1.93,3.75,Returned,2026-04-17 05:01:49,2026-05-02 04:46:24
4028,63,931,2025-11-26,2025-12-03,2025-12-06,1.64,2.25,Returned,2025-11-26 05:06:11,2025-12-06 13:10:07
4029,776,789,2026-04-13,2026-04-20,2026-04-14,4.06,0.0,Returned,2026-04-13 20:35:03,2026-04-14 18:37:58
4030,901,1711,2025-06-18,2025-06-28,2025-06-26,2.95,0.0,Returned,2025-06-18 18:13:53,2025-06-26 15:56:23
4031,299,354,2026-03-13,2026-03-20,2026-03-18,1.69,0.0,Returned,2026-03-13 04:57:33,2026-03-18 07:38:32
4032,167,1172,2025-07-08,2025-07-15,2025-07-08,1.5,0.0,Returned,2025-07-08 00:05:06,2025-07-08 07:40:17
4033,908,1196,2026-02-03,2026-02-10,2026-02-07,4.06,0.0,Returned,2026-02-03 03:48:30,2026-02-07 23:36:06
4034,657,639,2025-08-24,2025-09-07,2025-08-28,1.35,0.0,Returned,2025-08-24 13:18:59,2025-08-28 18:32:03
4035,233,1439,2025-09-28,2025-10-08,2025-10-03,3.99,0.0,Returned,2025-09-28 02:58:07,2025-10-03 20:54:53
4036,882,531,2025-11-16,2025-11-26,2025-11-27,3.85,0.75,Returned,2025-11-16 05:28:59,2025-11-27 20:25:48
4037,394,1622,2025-10-19,2025-11-02,2025-10-19,1.66,0.0,Returned,2025-10-19 02:30:03,2025-10-19 03:37:07
4038,702,1135,2026-02-14,2026-02-21,2026-02-21,2.57,0.0,Returned,2026-02-14 18:25:07,2026-02-21 02:20:33
4039,741,1017,2026-01-25,2026-02-08,2026-02-11,3.58,2.25,Returned,2026-01-25 07:24:43,2026-02-11 17:10:19
4040,929,1439,2026-04-04,2026-04-18,2026-04-08,2.85,0.0,Returned,2026-04-04 08:22:36,2026-04-08 01:59:24
4041,143,577,2025-12-31,2026-01-10,2026-01-04,4.41,0.0,Returned,2025-12-31 14:09:03,2026-01-04 17:38:28
4042,379,1665,2025-09-01,2025-09-08,2025-09-10,2.67,1.5,Returned,2025-09-01 21:58:50,2025-09-10 01:10:19
4043,369,699,2025-11-11,2025-11-18,2025-11-17,1.7,0.0,Returned,2025-11-11 05:50:02,2025-11-17 15:27:28
4044,398,368,2026-03-06,2026-03-13,2026-03-07,3.87,0.0,Returned,2026-03-06 14:47:48,2026-03-07 18:21:55
4045,646,816,2025-10-18,2025-11-01,2025-10-23,2.76,0.0,Returned,2025-10-18 10:21:02,2025-10-23 21:17:17
4046,733,805,2026-02-25,2026-03-04,2026-03-04,4.28,0.0,Returned,2026-02-25 21:15:53,2026-03-04 10:21:25
4047,517,1381,2025-09-15,2025-09-22,2025-09-20,2.56,0.0,Returned,2025-09-15 05:48:08,2025-09-20 23:39:59
4048,953,892,2025-10-08,2025-10-22,2025-10-10,5.19,0.0,Returned,2025-10-08 04:18:37,2025-10-10 02:17:00
4049,911,537,2026-03-25,2026-04-01,2026-03-30,1.98,0.0,Returned,2026-03-25 09:51:04,2026-03-30 18:30:23
4050,404,282,2025-10-19,2025-10-29,,2.34,161.25,Overdue,2025-10-19 07:13:37,2025-10-19 07:13:37
4051,586,878,2026-04-02,2026-04-16,2026-04-10,2.47,0.0,Returned,2026-04-02 21:50:17,2026-04-10 12:36:05
4052,311,1525,2026-05-08,2026-05-18,,1.23,10.5,Overdue,2026-05-08 16:12:49,2026-05-08 16:12:49
4053,268,1218,2026-04-14,2026-04-28,2026-04-21,3.46,0.0,Returned,2026-04-14 12:09:51,2026-04-21 20:46:44
4054,926,1652,2025-12-29,2026-01-08,2026-01-08,3.7,0.0,Returned,2025-12-29 01:34:29,2026-01-08 07:51:53
4055,815,759,2025-10-23,2025-11-02,2025-11-02,2.34,0.0,Returned,2025-10-23 10:24:15,2025-11-02 01:54:43
4056,868,1030,2026-05-10,2026-05-24,2026-05-15,3.45,0.0,Returned,2026-05-10 14:23:36,2026-05-15 13:08:22
4057,740,1577,2026-03-03,2026-03-13,,4.08,60.0,Overdue,2026-03-03 07:50:20,2026-03-03 07:50:20
4058,607,1140,2026-02-12,2026-02-19,2026-02-15,4.23,0.0,Returned,2026-02-12 15:43:54,2026-02-15 18:12:22
4059,374,537,2026-04-18,2026-04-28,2026-04-19,1.44,0.0,Returned,2026-04-18 20:55:04,2026-04-19 06:18:18
4060,248,767,2025-08-03,2025-08-17,2025-08-09,4.87,0.0,Returned,2025-08-03 19:41:04,2025-08-09 18:27:13
4061,28,1342,2026-05-24,2026-06-07,,4.81,0.0,Active,2026-05-24 21:50:21,2026-05-24 21:50:21
4062,373,810,2026-03-26,2026-04-05,2026-03-26,1.51,0.0,Returned,2026-03-26 10:35:36,2026-03-26 16:39:50
4063,283,468,2025-10-21,2025-11-04,2025-11-02,4.88,0.0,Returned,2025-10-21 00:12:29,2025-11-02 02:52:37
4064,448,849,2025-07-25,2025-08-04,2025-08-01,2.67,0.0,Returned,2025-07-25 04:10:58,2025-08-01 07:42:01
4065,227,978,2026-04-12,2026-04-26,2026-04-21,6.84,0.0,Returned,2026-04-12 06:35:34,2026-04-21 06:04:38
4066,151,1175,2025-11-01,2025-11-08,2025-11-01,3.77,0.0,Returned,2025-11-01 12:33:58,2025-11-01 12:33:58
4067,623,1093,2025-10-06,2025-10-13,2025-10-13,2.06,0.0,Returned,2025-10-06 21:33:51,2025-10-13 03:37:41
4068,750,1724,2026-01-10,2026-01-20,,3.98,99.0,Overdue,2026-01-10 09:52:47,2026-01-10 09:52:47
4069,805,55,2025-07-25,2025-08-04,2025-07-25,2.09,0.0,Returned,2025-07-25 12:03:55,2025-07-25 12:03:55
4070,909,1102,2026-02-10,2026-02-17,,4.61,78.0,Overdue,2026-02-10 02:02:12,2026-02-10 02:02:12
4071,452,1783,2025-09-06,2025-09-20,2025-09-23,1.62,2.25,Returned,2025-09-06 07:34:13,2025-09-23 03:13:47
4072,463,532,2026-03-01,2026-03-08,2026-03-05,2.46,0.0,Returned,2026-03-01 03:56:39,2026-03-05 00:46:48
4073,560,406,2026-03-09,2026-03-19,2026-03-18,3.75,0.0,Returned,2026-03-09 10:17:03,2026-03-18 07:21:57
4074,112,1176,2026-02-16,2026-02-23,2026-02-20,2.87,0.0,Returned,2026-02-16 21:59:16,2026-02-20 05:47:13
4075,231,890,2025-12-05,2025-12-12,2025-12-11,4.28,0.0,Returned,2025-12-05 20:24:24,2025-12-11 08:52:54
4076,557,1575,2025-12-30,2026-01-13,2026-01-18,1.75,3.75,Returned,2025-12-30 11:39:38,2026-01-18 21:53:09
4077,300,1468,2025-09-07,2025-09-17,2025-09-10,2.25,0.0,Returned,2025-09-07 19:18:48,2025-09-10 16:10:13
4078,862,428,2026-02-01,2026-02-08,,1.73,84.75,Overdue,2026-02-01 05:23:12,2026-02-01 05:23:12
4079,184,1785,2026-05-06,2026-05-20,2026-05-26,4.88,4.5,Returned,2026-05-06 21:03:33,2026-05-26 03:42:24
4080,159,1751,2025-12-28,2026-01-07,2026-01-01,8.59,0.0,Returned,2025-12-28 03:48:02,2026-01-01 05:20:31
4081,618,1323,2026-02-18,2026-02-25,2026-02-21,2.85,0.0,Returned,2026-02-18 09:14:34,2026-02-21 15:38:50
4082,820,1203,2026-05-06,2026-05-13,2026-05-10,2.2,0.0,Returned,2026-05-06 21:16:47,2026-05-10 04:43:20
4083,47,1785,2025-09-21,2025-09-28,2025-09-21,3.51,0.0,Returned,2025-09-21 10:14:31,2025-09-21 10:14:31
4084,359,39,2026-04-14,2026-04-24,2026-04-28,4.99,3.0,Returned,2026-04-14 11:14:24,2026-04-28 22:14:37
4085,414,945,2025-10-17,2025-10-24,2025-10-26,1.45,1.5,Returned,2025-10-17 14:18:02,2025-10-26 07:40:20
4086,800,1103,2025-10-06,2025-10-16,2025-10-13,2.82,0.0,Returned,2025-10-06 07:41:58,2025-10-13 19:03:29
4087,395,681,2025-11-18,2025-11-25,2025-11-23,3.31,0.0,Returned,2025-11-18 04:52:30,2025-11-23 18:58:27
4088,858,1486,2025-12-20,2025-12-27,2025-12-22,7.51,0.0,Returned,2025-12-20 08:04:51,2025-12-22 02:51:49
4089,206,1190,2026-01-19,2026-02-02,2026-01-20,1.97,0.0,Returned,2026-01-19 19:18:03,2026-01-20 08:00:16
4090,390,570,2026-02-27,2026-03-13,2026-03-23,1.96,7.5,Returned,2026-02-27 15:17:11,2026-03-23 23:51:33
4091,923,239,2026-04-07,2026-04-21,2026-05-01,2.1,7.5,Returned,2026-04-07 05:23:04,2026-05-01 08:42:17
4092,549,861,2026-02-16,2026-02-26,2026-02-22,2.99,0.0,Returned,2026-02-16 22:45:29,2026-02-22 11:34:29
4093,104,937,2025-12-02,2025-12-12,2025-12-12,1.84,0.0,Returned,2025-12-02 20:47:29,2025-12-12 20:04:39
4094,88,1252,2025-06-20,2025-07-04,2025-07-03,2.52,0.0,Returned,2025-06-20 17:40:57,2025-07-03 01:28:45
4095,614,1308,2025-12-23,2026-01-06,2025-12-23,2.96,0.0,Returned,2025-12-23 04:43:02,2025-12-23 18:54:40
4096,640,824,2026-02-09,2026-02-19,,4.35,76.5,Overdue,2026-02-09 10:49:42,2026-02-09 10:49:42
4097,109,503,2025-08-08,2025-08-18,2025-08-15,4.96,0.0,Returned,2025-08-08 17:10:32,2025-08-15 19:33:04
4098,559,1504,2026-05-10,2026-05-24,2026-05-23,8.37,0.0,Returned,2026-05-10 13:36:46,2026-05-23 19:16:15
4099,298,831,2025-10-31,2025-11-07,2025-11-03,4.0,0.0,Returned,2025-10-31 05:11:11,2025-11-03 08:08:05
4100,673,1439,2026-04-04,2026-04-14,2026-04-18,4.36,3.0,Returned,2026-04-04 03:02:48,2026-04-18 13:04:40
4101,738,1744,2025-12-06,2025-12-20,2025-12-20,2.95,0.0,Returned,2025-12-06 15:47:21,2025-12-20 21:44:07
4102,436,711,2025-12-29,2026-01-12,2026-01-01,1.74,0.0,Returned,2025-12-29 07:12:36,2026-01-01 14:49:05
4103,384,1098,2025-11-30,2025-12-14,2025-11-30,1.86,0.0,Returned,2025-11-30 06:06:08,2025-11-30 11:16:08
4104,744,1768,2025-09-19,2025-09-26,2025-09-25,3.98,0.0,Returned,2025-09-19 18:31:37,2025-09-25 23:25:04
4105,689,1530,2026-01-29,2026-02-08,2026-02-05,2.05,0.0,Returned,2026-01-29 07:21:54,2026-02-05 21:28:52
4106,566,157,2025-06-21,2025-07-05,2025-06-28,2.83,0.0,Returned,2025-06-21 22:39:12,2025-06-28 05:41:39
4107,594,796,2026-01-13,2026-01-20,2026-01-19,4.12,0.0,Returned,2026-01-13 10:48:42,2026-01-19 13:22:18
4108,836,28,2025-07-29,2025-08-05,2025-07-29,3.2,0.0,Returned,2025-07-29 08:29:58,2025-07-29 20:41:42
4109,443,1325,2026-03-13,2026-03-20,2026-03-14,3.6,0.0,Returned,2026-03-13 00:38:27,2026-03-14 20:23:16
4110,118,1697,2026-01-11,2026-01-18,2026-01-12,2.43,0.0,Returned,2026-01-11 21:50:35,2026-01-12 14:55:20
4111,9,842,2025-10-15,2025-10-22,2025-10-18,4.74,0.0,Returned,2025-10-15 12:37:01,2025-10-18 11:45:10
4112,8,831,2025-11-28,2025-12-05,2025-11-29,4.59,0.0,Returned,2025-11-28 17:00:58,2025-11-29 21:56:55
4113,879,402,2025-12-11,2025-12-21,2025-12-20,4.91,0.0,Returned,2025-12-11 09:35:16,2025-12-20 01:32:04
4114,357,556,2025-10-25,2025-11-01,2025-10-25,2.23,0.0,Returned,2025-10-25 14:58:23,2025-10-25 15:53:46
4115,285,667,2025-09-23,2025-10-03,2025-09-30,2.33,0.0,Returned,2025-09-23 03:25:30,2025-09-30 05:52:21
4116,301,1656,2025-12-28,2026-01-07,2026-01-06,2.81,0.0,Returned,2025-12-28 10:23:11,2026-01-06 23:39:20
4117,669,1069,2026-05-20,2026-05-30,2026-05-27,8.98,0.0,Returned,2026-05-20 05:16:05,2026-05-27 06:56:28
4118,278,156,2025-07-31,2025-08-14,2025-08-04,2.9,0.0,Returned,2025-07-31 22:37:57,2025-08-04 05:04:59
4119,357,1062,2025-10-31,2025-11-14,2025-11-02,2.03,0.0,Returned,2025-10-31 11:41:26,2025-11-02 01:57:51
4120,700,605,2026-01-11,2026-01-21,2026-01-29,2.37,6.0,RETURNED,2026-01-11 09:44:15,2026-01-29 06:10:54
4121,522,504,2026-03-13,2026-03-23,2026-03-22,2.33,0.0,Returned,2026-03-13 07:52:02,2026-03-22 02:29:04
4122,250,662,2025-12-18,2025-12-28,2025-12-23,2.81,0.0,Returned,2025-12-18 11:49:56,2025-12-23 09:06:34
4123,904,1250,2026-04-25,2026-05-09,2026-04-28,2.82,0.0,Returned,2026-04-25 22:48:02,2026-04-28 16:10:16
4124,898,1733,2025-06-18,2025-06-25,2025-06-23,1.34,0.0,Returned,2025-06-18 06:34:20,2025-06-23 18:37:05
4125,422,1204,2025-10-18,2025-10-25,2025-10-21,1.4,0.0,Returned,2025-10-18 07:06:18,2025-10-21 18:54:29
4126,211,71,2026-04-20,2026-05-04,2026-04-30,2.27,0.0,Returned,2026-04-20 12:19:31,2026-04-30 18:07:31
4127,217,605,2025-07-05,2025-07-15,2025-07-05,2.84,0.0,Returned,2025-07-05 15:05:22,2025-07-05 15:05:22
4128,933,750,2025-08-05,2025-08-15,2025-08-14,2.26,0.0,Returned,2025-08-05 08:53:03,2025-08-14 13:28:33
4129,950,1535,2025-07-19,2025-08-02,2025-07-31,7.73,0.0,Returned,2025-07-19 02:34:50,2025-07-31 18:24:17
4130,100,257,2025-11-12,2025-11-22,2025-11-27,5.25,3.75,Returned,2025-11-12 20:30:36,2025-11-27 04:25:52
4131,932,673,2026-02-05,2026-02-15,2026-02-13,1.59,0.0,Returned,2026-02-05 07:59:37,2026-02-13 12:12:43
4132,613,1367,2025-08-24,2025-08-31,2025-08-30,4.06,0.0,Returned,2025-08-24 20:54:39,2025-08-30 05:28:23
4133,957,191,2025-07-03,2025-07-13,2025-07-17,4.42,3.0,Returned,2025-07-03 19:31:47,2025-07-17 09:30:00
4134,120,1153,2025-11-11,2025-11-21,2025-11-13,1.21,0.0,Returned,2025-11-11 17:43:00,2025-11-13 12:58:49
4135,167,1428,2026-04-12,2026-04-19,2026-04-12,2.4,0.0,Returned,2026-04-12 06:28:10,2026-04-12 23:33:51
4136,480,852,2025-11-04,2025-11-18,2025-11-09,4.63,0.0,Returned,2025-11-04 18:16:20,2025-11-09 08:57:14
4137,588,1408,2025-10-29,2025-11-05,2025-11-12,2.08,5.25,Returned,2025-10-29 06:13:07,2025-11-12 08:08:25
4138,374,866,2025-10-18,2025-10-25,2025-10-29,3.68,3.0,Returned,2025-10-18 06:42:12,2025-10-29 22:28:59
4139,288,1746,2025-06-22,2025-07-02,2025-06-28,4.54,0.0,Returned,2025-06-22 08:21:12,2025-06-28 03:22:17
4140,524,170,2025-12-14,2025-12-21,2025-12-17,1.75,0.0,Returned,2025-12-14 12:37:23,2025-12-17 02:42:37
4141,809,269,2025-07-14,2025-07-24,2025-07-17,1.94,0.0,Returned,2025-07-14 22:41:45,2025-07-17 04:09:48
4142,990,695,2026-02-03,2026-02-13,2026-02-09,1.65,0.0,Returned,2026-02-03 09:35:53,2026-02-09 22:30:10
4143,664,1718,2025-08-10,2025-08-24,2025-08-25,2.46,0.75,Returned,2025-08-10 04:44:02,2025-08-25 22:55:25
4144,554,1083,2025-10-01,2025-10-11,2025-10-05,1.66,0.0,Returned,2025-10-01 14:24:38,2025-10-05 09:07:58
4145,352,1126,2025-07-08,2025-07-15,2025-07-09,1.15,0.0,Returned,2025-07-08 16:45:58,2025-07-09 21:30:32
4146,630,83,2026-02-04,2026-02-14,2026-02-05,3.6,0.0,Returned,2026-02-04 01:01:53,2026-02-05 04:35:31
4147,380,272,2025-09-29,2025-10-06,2025-09-30,3.48,0.0,Returned,2025-09-29 16:02:06,2025-09-30 02:02:31
4148,517,1570,2026-05-02,2026-05-09,2026-05-02,2.32,0.0,Returned,2026-05-02 19:13:31,2026-05-02 19:42:58
4149,583,468,2025-09-17,2025-09-27,2025-09-27,3.76,0.0,Returned,2025-09-17 16:15:30,2025-09-27 23:38:59
4150,343,677,2026-05-15,2026-05-25,2026-05-26,1.27,0.75,Returned,2026-05-15 10:37:18,2026-05-26 01:00:10
4151,622,1354,2026-04-01,2026-04-11,2026-04-20,4.14,6.75,Returned,2026-04-01 22:44:58,2026-04-20 00:52:19
4152,975,1191,2026-01-27,2026-02-03,,2.78,88.5,Overdue,2026-01-27 18:17:01,2026-01-27 18:17:01
4153,829,461,2026-01-27,2026-02-06,2026-02-03,1.89,0.0,Returned,2026-01-27 03:47:20,2026-02-03 04:31:47
4154,811,899,2025-06-07,2025-06-14,2025-06-14,3.03,0.0,Returned,2025-06-07 13:09:00,2025-06-14 18:00:26
4155,412,735,2026-05-04,2026-05-18,2026-05-27,1.81,6.75,Returned,2026-05-04 04:21:14,2026-05-27 01:28:44
4156,972,924,2026-04-23,2026-05-07,2026-05-10,4.15,2.25,Returned,2026-04-23 10:32:40,2026-05-10 00:54:23
4157,597,1161,2026-04-20,2026-04-27,2026-04-27,2.78,0.0,Returned,2026-04-20 23:13:49,2026-04-27 11:34:24
4158,933,958,2025-06-07,2025-06-21,2025-06-09,7.53,0.0,Returned,2025-06-07 01:50:04,2025-06-09 23:40:02
4159,503,1120,2026-01-24,2026-02-07,2026-02-03,1.51,0.0,Returned,2026-01-24 08:16:05,2026-02-03 08:40:56
4160,462,417,2026-03-22,2026-04-05,2026-03-26,3.77,0.0,Returned,2026-03-22 12:35:00,2026-03-26 11:33:25
4161,817,850,2025-12-17,2025-12-27,2025-12-19,2.2,0.0,Returned,2025-12-17 19:32:06,2025-12-19 00:04:51
4162,654,1297,2025-07-03,2025-07-17,2025-07-06,2.6,0.0,Returned,2025-07-03 07:35:42,2025-07-06 14:28:50
4163,699,1420,2025-07-20,2025-08-03,2025-07-20,1.87,0.0,Returned,2025-07-20 19:33:01,2025-07-20 19:33:01
4164,114,1062,2025-07-28,2025-08-11,2025-08-11,1.98,0.0,Returned,2025-07-28 04:57:51,2025-08-11 15:53:30
4165,937,248,2026-03-07,2026-03-14,2026-03-12,1.99,0.0,Returned,2026-03-07 09:05:08,2026-03-12 13:26:57
4166,693,1122,2025-08-02,2025-08-12,2025-08-08,2.35,0.0,Returned,2025-08-02 14:57:47,2025-08-08 01:00:05
4167,773,1513,2025-10-08,2025-10-22,2025-10-16,4.56,0.0,Returned,2025-10-08 13:00:01,2025-10-16 14:44:15
4168,677,539,2026-03-11,2026-03-18,,2.91,56.25,Overdue,2026-03-11 11:45:51,2026-03-11 11:45:51
4169,959,1751,2025-08-17,2025-08-24,2025-08-20,4.07,0.0,Returned,2025-08-17 13:13:36,2025-08-20 15:26:28
4170,322,668,2026-04-26,2026-05-10,2026-05-07,3.23,0.0,Returned,2026-04-26 09:42:37,2026-05-07 20:43:55
4171,529,973,2025-06-11,2025-06-18,2025-06-12,1.79,0.0,Returned,2025-06-11 17:06:01,2025-06-12 00:51:25
4172,279,976,2026-05-10,2026-05-17,2026-05-11,8.77,0.0,Returned,2026-05-10 14:45:22,2026-05-11 11:02:41
4173,268,639,2025-12-26,2026-01-02,2025-12-26,1.99,0.0,Returned,2025-12-26 20:14:16,2025-12-26 20:14:16
4174,138,779,2026-04-07,2026-04-21,2026-04-28,4.16,5.25,Returned,2026-04-07 16:40:06,2026-04-28 15:40:31
4175,579,1039,2026-01-21,2026-01-28,2026-01-29,3.98,0.75,Returned,2026-01-21 09:03:28,2026-01-29 02:43:23
4176,832,474,2025-06-06,2025-06-13,2025-06-16,4.47,2.25,Returned,2025-06-06 06:24:59,2025-06-16 03:29:39
4177,15,1530,2026-02-24,2026-03-10,2026-03-02,2.41,0.0,Returned,2026-02-24 03:02:27,2026-03-02 17:01:53
4178,951,1254,2025-08-25,2025-09-04,2025-08-28,4.28,0.0,Returned,2025-08-25 21:22:19,2025-08-28 19:59:22
4179,735,1038,2025-08-27,2025-09-06,2025-08-31,3.43,0.0,Returned,2025-08-27 15:30:57,2025-08-31 14:28:44
4180,930,790,2025-07-02,2025-07-09,2025-07-08,4.54,0.0,Returned,2025-07-02 18:06:20,2025-07-08 11:09:31
4181,62,276,2025-08-14,2025-08-24,2025-08-24,2.16,0.0,Returned,2025-08-14 05:24:23,2025-08-24 01:17:51
4182,999,248,2026-04-15,2026-04-29,2026-04-28,2.32,0.0,Returned,2026-04-15 05:27:59,2026-04-28 16:24:09
4183,450,1027,2025-06-24,2025-07-01,2025-06-30,3.35,0.0,Returned,2025-06-24 22:51:05,2025-06-30 01:21:07
4184,353,657,2025-06-21,2025-07-05,2025-06-22,1.56,0.0,Returned,2025-06-21 11:31:34,2025-06-22 10:21:05
4185,94,847,2026-02-11,2026-02-18,2026-02-13,3.64,0.0,Returned,2026-02-11 02:13:21,2026-02-13 01:59:15
4186,158,1227,2025-09-02,2025-09-09,2025-09-17,2.43,6.0,Returned,2025-09-02 13:33:11,2025-09-17 13:58:06
4187,975,1278,2025-10-03,2025-10-10,2025-10-09,2.72,0.0,Returned,2025-10-03 03:51:05,2025-10-09 23:28:11
4188,372,476,2025-10-13,2025-10-23,2025-10-19,2.84,0.0,Returned,2025-10-13 16:36:07,2025-10-19 10:54:01
4189,49,1233,2025-06-24,2025-07-08,2025-06-25,1.67,0.0,Returned,2025-06-24 09:27:14,2025-06-25 13:18:25
4190,878,1063,2025-09-10,2025-09-17,2025-09-16,2.18,0.0,Returned,2025-09-10 09:19:33,2025-09-16 11:10:52
4191,771,569,2026-04-18,2026-04-25,2026-04-20,1.6,0.0,Returned,2026-04-18 23:47:30,2026-04-20 16:07:47
4192,349,1636,2026-04-28,2026-05-08,2026-05-08,1.83,0.0,Returned,2026-04-28 12:12:43,2026-05-08 07:07:50
4193,637,233,2025-08-30,2025-09-09,2025-08-30,1.61,0.0,Returned,2025-08-30 01:48:05,2025-08-30 07:33:25
4194,540,818,2025-09-19,2025-09-26,2025-10-06,4.22,7.5,Returned,2025-09-19 13:29:12,2025-10-06 19:34:31
4195,424,487,2026-02-09,2026-02-19,2026-02-13,3.83,0.0,Returned,2026-02-09 12:37:17,2026-02-13 00:50:44
4196,362,1275,2026-03-01,2026-03-15,2026-03-03,8.13,0.0,Returned,2026-03-01 10:17:17,2026-03-03 03:01:33
4197,551,669,2025-08-31,2025-09-10,2025-09-20,4.76,7.5,Returned,2025-08-31 22:20:03,2025-09-20 12:31:00
4198,400,255,2025-11-22,2025-11-29,2025-11-28,7.55,0.0,Returned,2025-11-22 02:43:10,2025-11-28 07:51:13
4199,685,1021,2025-07-26,2025-08-09,2025-08-12,4.49,2.25,Returned,2025-07-26 09:50:23,2025-08-12 10:16:44
4200,304,513,2025-12-01,2025-12-08,2025-12-15,3.81,5.25,Returned,2025-12-01 03:14:47,2025-12-15 18:14:18
4201,909,442,2025-06-08,2025-06-22,2025-06-22,2.29,0.0,Returned,2025-06-08 14:55:46,2025-06-22 14:30:32
4202,458,587,2025-12-12,2025-12-19,2025-12-13,3.87,0.0,Returned,2025-12-12 14:17:53,2025-12-13 08:45:29
4203,717,75,2025-06-13,2025-06-20,2025-06-18,3.33,0.0,Returned,2025-06-13 04:50:40,2025-06-18 23:24:12
4204,857,186,2026-05-17,2026-05-24,2026-06-01,4.26,7.5,Returned,2026-05-17 06:23:06,2026-06-01 12:14:10
4205,205,1456,2025-08-24,2025-09-07,2025-09-12,3.31,3.75,Returned,2025-08-24 06:34:34,2025-09-12 00:39:09
4206,542,167,2026-01-23,2026-02-06,2026-02-04,2.59,0.0,Returned,2026-01-23 10:51:04,2026-02-04 23:32:54
4207,602,1008,2026-05-29,2026-06-12,2026-06-05,2.59,0.0,Returned,2026-05-29 07:00:56,2026-06-05 03:05:20
4208,48,636,2025-12-24,2026-01-07,,1.95,108.75,Overdue,2025-12-24 13:17:34,2025-12-24 13:17:34
4209,239,961,2025-08-11,2025-08-25,2025-08-21,2.64,0.0,Returned,2025-08-11 23:13:59,2025-08-21 12:21:13
4210,541,882,2025-12-17,2025-12-27,2025-12-27,2.17,0.0,Returned,2025-12-17 09:58:49,2025-12-27 00:39:33
4211,299,1638,2026-01-14,2026-01-28,,2.75,93.0,Overdue,2026-01-14 02:08:11,2026-01-14 02:08:11
4212,358,672,2025-09-18,2025-09-28,2025-09-18,1.28,0.0,Returned,2025-09-18 04:21:08,2025-09-18 15:27:13
4213,736,1274,2025-09-28,2025-10-08,2025-10-07,3.96,0.0,Returned,2025-09-28 08:26:15,2025-10-07 09:24:51
4214,604,1047,2025-08-24,2025-09-03,2025-08-28,2.96,0.0,Returned,2025-08-24 05:48:06,2025-08-28 05:28:16
4215,22,971,2025-09-05,2025-09-19,2025-09-06,2.03,0.0,Returned,2025-09-05 22:24:31,2025-09-06 05:38:07
4216,302,140,2025-09-17,2025-09-27,2025-10-07,3.17,7.5,Returned,2025-09-17 07:44:19,2025-10-07 07:21:45
4217,395,46,2026-04-30,2026-05-07,2026-05-10,4.14,2.25,Returned,2026-04-30 05:51:51,2026-05-10 02:58:32
4218,676,1759,2025-07-29,2025-08-05,2025-08-01,1.17,0.0,Returned,2025-07-29 02:18:57,2025-08-01 05:49:00
4219,833,1558,2026-02-01,2026-02-15,2026-02-07,2.94,0.0,Returned,2026-02-01 12:20:29,2026-02-07 01:44:43
4220,879,1637,2025-12-23,2025-12-30,2025-12-29,2.15,0.0,Returned,2025-12-23 17:14:26,2025-12-29 06:36:12
4221,469,1337,2025-08-26,2025-09-02,2025-08-29,2.95,0.0,Returned,2025-08-26 20:19:03,2025-08-29 10:55:01
4222,960,1590,2025-07-22,2025-08-05,2025-07-31,1.12,0.0,Returned,2025-07-22 07:09:39,2025-07-31 05:23:25
4223,233,1364,2026-02-05,2026-02-15,,1.68,79.5,Overdue,2026-02-05 18:38:57,2026-02-05 18:38:57
4224,77,327,2025-07-06,2025-07-13,2025-07-07,6.44,0.0,Returned,2025-07-06 08:46:37,2025-07-07 07:35:47
4225,9,1711,2026-02-13,2026-02-20,2026-02-14,2.35,0.0,Returned,2026-02-13 05:31:29,2026-02-14 13:36:58
4226,267,201,2025-10-11,2025-10-21,2025-10-30,4.97,6.75,Returned,2025-10-11 15:46:37,2025-10-30 22:18:04
4227,160,753,2025-11-06,2025-11-16,2025-11-13,2.76,0.0,Returned,2025-11-06 02:00:27,2025-11-13 14:57:40
4228,362,1239,2026-04-12,2026-04-19,2026-04-14,2.26,0.0,Returned,2026-04-12 09:56:35,2026-04-14 08:20:49
4229,951,1496,2026-02-16,2026-03-02,2026-02-18,2.56,0.0,Returned,2026-02-16 04:49:32,2026-02-18 19:10:27
4230,968,1646,2025-06-15,2025-06-25,2025-06-20,1.69,0.0,Returned,2025-06-15 16:34:48,2025-06-20 22:28:15
4231,217,841,2025-08-30,2025-09-13,2025-09-08,4.88,0.0,Returned,2025-08-30 16:33:32,2025-09-08 17:40:46
4232,566,457,2026-01-12,2026-01-26,2026-01-12,5.91,0.0,Returned,2026-01-12 21:12:02,2026-01-12 21:12:02
4233,264,1248,2025-07-26,2025-08-05,2025-08-04,4.31,0.0,Returned,2025-07-26 01:26:42,2025-08-04 18:39:14
4234,311,1437,2026-03-12,2026-03-22,2026-03-23,1.63,0.75,Returned,2026-03-12 17:08:23,2026-03-23 06:06:29
4235,1,101,2026-03-07,2026-03-14,2026-03-14,3.17,0.0,Returned,2026-03-07 07:46:20,2026-03-14 02:25:49
4236,621,952,2026-05-26,2026-06-02,2026-06-01,5.58,4.5,Returned,2026-05-26 15:40:04,2026-06-01 19:58:07
4237,318,900,2026-05-13,2026-05-23,2026-05-16,2.66,0.0,Returned,2026-05-13 06:40:42,2026-05-16 22:39:27
4238,887,202,2026-01-05,2026-01-19,2026-01-10,2.86,0.0,Returned,2026-01-05 05:45:05,2026-01-10 03:10:54
4239,555,312,2025-10-13,2025-10-20,2025-10-15,2.74,0.0,Returned,2025-10-13 05:45:34,2025-10-15 02:13:12
4240,341,30,2025-08-19,2025-08-29,2025-09-07,3.2,6.75,Returned,2025-08-19 02:36:04,2025-09-07 19:57:47
4241,510,1665,2026-05-17,2026-05-24,2026-05-24,1.88,0.0,Returned,2026-05-17 04:51:34,2026-05-24 21:26:07
4242,521,1391,2025-06-06,2025-06-13,2025-06-10,4.56,0.0,Returned,2025-06-06 19:55:59,2025-06-10 14:26:30
4243,94,1576,2025-10-15,2025-10-22,2025-10-22,2.59,0.0,Returned,2025-10-15 12:07:01,2025-10-22 16:37:50
4244,81,1545,2025-09-05,2025-09-15,2025-09-15,4.66,0.0,Returned,2025-09-05 21:53:20,2025-09-15 23:51:19
4245,89,819,2026-01-19,2026-01-26,2026-01-26,4.38,0.0,Returned,2026-01-19 10:31:35,2026-01-26 09:31:24
4246,117,1777,2026-05-24,2026-06-07,2026-06-05,3.57,0.0,Returned,2026-05-24 18:47:16,2026-06-05 05:44:37
4247,771,21,2025-11-30,2025-12-10,2025-12-07,1.37,0.0,Returned,2025-11-30 04:57:11,2025-12-07 09:41:40
4248,634,1406,2025-12-29,2026-01-12,2026-01-06,1.35,0.0,Returned,2025-12-29 04:16:16,2026-01-06 12:27:03
4249,477,1739,2026-02-25,2026-03-07,2026-02-28,3.84,0.0,Returned,2026-02-25 13:54:59,2026-02-28 18:41:45
4250,14,942,2026-03-13,2026-03-23,2026-03-21,2.16,0.0,Returned,2026-03-13 07:44:04,2026-03-21 18:19:12
4251,622,1670,2025-10-30,2025-11-06,2025-11-02,2.43,0.0,Returned,2025-10-30 19:57:42,2025-11-02 09:16:53
4252,425,1007,2025-12-17,2025-12-24,2025-12-24,2.39,0.0,Returned,2025-12-17 05:22:47,2025-12-24 04:28:50
4253,458,1596,2025-10-19,2025-11-02,2025-10-27,8.67,0.0,Returned,2025-10-19 19:48:15,2025-10-27 10:11:37
4254,618,1173,2026-05-16,2026-05-23,2026-05-22,4.07,0.0,Returned,2026-05-16 03:44:08,2026-05-22 13:23:46
4255,251,977,2026-05-10,2026-05-20,2026-05-26,5.55,4.5,Returned,2026-05-10 20:21:20,2026-05-26 17:53:20
4256,44,1107,2025-12-15,2025-12-29,2025-12-21,2.69,0.0,Returned,2025-12-15 13:00:59,2025-12-21 13:54:29
4257,261,710,2025-09-17,2025-10-01,2025-09-22,3.05,0.0,Returned,2025-09-17 14:00:48,2025-09-22 23:05:20
4258,518,764,2026-03-13,2026-03-27,2026-03-17,3.81,0.0,Returned,2026-03-13 16:45:13,2026-03-17 04:30:33
4259,956,649,2025-09-20,2025-09-30,2025-10-08,4.52,6.0,Returned,2025-09-20 08:39:39,2025-10-08 02:39:32
4260,415,1576,2025-10-09,2025-10-23,2025-10-10,1.53,0.0,Returned,2025-10-09 16:52:47,2025-10-10 03:31:53
4261,692,678,2026-05-26,2026-06-02,2026-05-27,4.3,0.0,RETURNED,2026-05-26 22:47:11,2026-05-27 23:43:51
4262,659,1401,2025-06-20,2025-06-30,2025-06-21,1.14,0.0,Returned,2025-06-20 19:00:19,2025-06-21 04:02:25
4263,655,1284,2025-08-17,2025-08-27,2025-09-01,4.15,3.75,Returned,2025-08-17 10:04:17,2025-09-01 02:55:29
4264,237,1536,2026-04-18,2026-04-28,2026-05-04,5.27,4.5,Returned,2026-04-18 13:45:00,2026-05-04 20:38:53
4265,201,1100,2026-05-08,2026-05-22,2026-05-22,1.86,0.0,Returned,2026-05-08 04:19:18,2026-05-22 04:32:28
4266,219,1152,2025-08-09,2025-08-19,2025-08-15,2.26,0.0,Returned,2025-08-09 09:57:25,2025-08-15 15:11:12
4267,964,631,2025-09-14,2025-09-24,2025-09-26,1.01,1.5,Returned,2025-09-14 17:13:53,2025-09-26 14:05:34
4268,247,1017,2026-01-07,2026-01-14,2026-01-17,3.83,2.25,Returned,2026-01-07 10:26:14,2026-01-17 05:56:14
4269,494,1625,2025-10-21,2025-10-31,2025-10-23,2.12,0.0,Returned,2025-10-21 07:44:44,2025-10-23 03:36:59
4270,413,3,2025-06-30,2025-07-14,2025-07-04,2.02,0.0,Returned,2025-06-30 10:31:34,2025-07-04 23:05:39
4271,450,597,2025-10-10,2025-10-17,2025-10-16,1.92,0.0,Returned,2025-10-10 17:17:18,2025-10-16 23:13:22
4272,118,1673,2025-11-21,2025-11-28,2025-11-28,4.4,0.0,Returned,2025-11-21 10:53:05,2025-11-28 10:20:08
4273,214,815,2026-02-11,2026-02-18,2026-02-11,2.31,0.0,Returned,2026-02-11 17:48:26,2026-02-11 17:48:26
4274,293,1265,2026-01-09,2026-01-19,2026-01-18,1.46,0.0,Returned,2026-01-09 06:09:40,2026-01-18 03:37:23
4275,331,153,2025-07-24,2025-07-31,2025-07-24,5.14,0.0,Returned,2025-07-24 13:11:18,2025-07-24 13:11:18
4276,244,1401,2025-07-11,2025-07-21,2025-07-17,1.16,0.0,Returned,2025-07-11 21:55:07,2025-07-17 20:20:07
4277,229,76,2026-03-12,2026-03-19,2026-03-13,3.51,0.0,Returned,2026-03-12 23:31:04,2026-03-13 10:31:18
4278,812,946,2025-07-22,2025-08-01,2025-08-08,2.97,5.25,Returned,2025-07-22 10:03:38,2025-08-08 13:51:37
4279,734,893,2025-08-15,2025-08-22,2025-08-25,1.83,2.25,Returned,2025-08-15 03:39:00,2025-08-25 09:10:52
4280,121,1125,2026-05-01,2026-05-11,2026-05-19,1.83,6.0,Returned,2026-05-01 23:21:06,2026-05-19 08:28:40
4281,688,1099,2026-02-15,2026-03-01,2026-02-27,2.09,0.0,Returned,2026-02-15 19:53:53,2026-02-27 05:33:43
4282,387,1615,2025-10-07,2025-10-14,2025-10-13,3.03,0.0,Returned,2025-10-07 10:47:19,2025-10-13 16:01:10
4283,886,397,2026-02-18,2026-02-25,2026-02-24,4.75,0.0,Returned,2026-02-18 04:22:24,2026-02-24 06:04:56
4284,855,1195,2026-01-05,2026-01-15,2026-01-15,6.84,0.0,Returned,2026-01-05 13:52:37,2026-01-15 06:05:29
4285,937,1321,2026-01-20,2026-02-03,2026-02-04,5.0,0.75,Returned,2026-01-20 05:15:17,2026-02-04 16:33:15
4286,880,397,2026-01-23,2026-02-02,2026-02-01,2.55,0.0,Returned,2026-01-23 21:56:17,2026-02-01 23:04:33
4287,9,14,2026-03-05,2026-03-15,2026-03-14,2.71,0.0,Returned,2026-03-05 16:07:17,2026-03-14 08:50:47
4288,212,508,2026-02-26,2026-03-08,2026-03-01,2.16,0.0,Returned,2026-02-26 22:39:33,2026-03-01 16:19:12
4289,227,1528,2026-02-23,2026-03-09,2026-02-23,4.71,0.0,Returned,2026-02-23 13:01:55,2026-02-23 13:01:55
4290,604,741,2025-07-20,2025-07-30,2025-08-05,4.38,4.5,Returned,2025-07-20 11:35:46,2025-08-05 14:14:36
4291,990,226,2025-09-16,2025-09-26,2025-09-22,2.93,0.0,Returned,2025-09-16 18:26:28,2025-09-22 02:07:53
4292,523,1291,2025-10-01,2025-10-11,2025-10-06,1.54,0.0,Returned,2025-10-01 19:16:47,2025-10-06 12:01:53
4293,246,492,2026-03-22,2026-04-01,2026-03-26,2.08,0.0,Returned,2026-03-22 01:08:55,2026-03-26 23:52:27
4294,259,877,2026-01-10,2026-01-24,2026-01-18,2.32,0.0,Returned,2026-01-10 17:16:22,2026-01-18 02:47:15
4295,82,1008,2025-10-26,2025-11-02,2025-10-31,2.58,0.0,Returned,2025-10-26 07:51:32,2025-10-31 12:39:30
4296,991,723,2025-06-22,2025-06-29,,4.38,252.75,Overdue,2025-06-22 19:25:39,2025-06-22 19:25:39
4297,641,1151,2025-10-23,2025-11-06,2025-11-03,3.86,0.0,Returned,2025-10-23 18:24:57,2025-11-03 15:42:39
4298,160,1324,2025-07-11,2025-07-21,2025-07-19,3.95,0.0,Returned,2025-07-11 23:29:22,2025-07-19 02:18:40
4299,209,991,2026-02-22,2026-03-08,2026-03-06,4.23,0.0,Returned,2026-02-22 09:59:01,2026-03-06 18:28:50
4300,594,254,2026-04-03,2026-04-13,2026-04-11,4.85,0.0,Returned,2026-04-03 09:31:35,2026-04-11 02:08:06
4301,578,1198,2025-11-28,2025-12-05,2025-12-06,4.2,0.75,Returned,2025-11-28 12:10:02,2025-12-06 10:21:13
4302,774,245,2025-11-06,2025-11-20,2025-11-11,2.23,0.0,Returned,2025-11-06 21:51:47,2025-11-11 00:01:54
4303,505,1171,2025-10-07,2025-10-17,2025-10-23,2.35,4.5,Returned,2025-10-07 01:08:46,2025-10-23 10:16:41
4304,815,145,2025-10-21,2025-11-04,2025-11-01,2.02,0.0,Returned,2025-10-21 14:40:24,2025-11-01 01:38:52
4305,764,311,2025-12-27,2026-01-03,,4.42,111.75,Overdue,2025-12-27 20:37:10,2025-12-27 20:37:10
4306,106,833,2025-06-15,2025-06-29,2025-06-26,3.77,0.0,Returned,2025-06-15 21:54:44,2025-06-26 12:32:29
4307,562,130,2026-01-30,2026-02-13,2026-02-01,1.87,0.0,Returned,2026-01-30 03:34:53,2026-02-01 09:55:44
4308,970,157,2026-05-04,2026-05-18,2026-05-28,2.07,7.5,Returned,2026-05-04 03:32:34,2026-05-28 10:51:38
4309,85,1301,2025-11-04,2025-11-14,2025-11-10,3.71,0.0,Returned,2025-11-04 18:11:12,2025-11-10 10:49:38
4310,839,1363,2025-07-05,2025-07-12,2025-07-10,2.86,0.0,Returned,2025-07-05 05:29:56,2025-07-10 06:34:09
4311,246,219,2025-09-30,2025-10-07,2025-10-04,1.5,0.0,Returned,2025-09-30 12:04:45,2025-10-04 06:45:17
4312,100,1098,2026-01-28,2026-02-11,2026-02-07,1.87,-1.5,Returned,2026-01-28 00:22:05,2026-02-07 14:08:40
4313,293,1378,2025-11-14,2025-11-28,2025-11-22,2.51,0.0,Returned,2025-11-14 07:07:22,2025-11-22 11:35:21
4314,941,543,2026-05-26,2026-06-09,2026-06-03,4.26,0.0,Returned,2026-05-26 13:24:33,2026-06-03 10:20:06
4315,519,778,2025-09-21,2025-09-28,,3.01,184.5,Overdue,2025-09-21 12:09:51,2025-09-21 12:09:51
4316,614,598,2026-04-27,2026-05-11,2026-05-15,4.17,3.0,Returned,2026-04-27 01:47:38,2026-05-15 01:27:06
4317,403,490,2026-01-16,2026-01-23,2026-01-16,1.62,0.0,Returned,2026-01-16 06:08:05,2026-01-16 17:26:52
4318,732,1634,2025-08-01,2025-08-08,2025-08-06,2.09,0.0,Returned,2025-08-01 22:22:07,2025-08-06 09:04:06
4319,749,1615,2026-05-08,2026-05-22,2026-05-28,3.51,4.5,Returned,2026-05-08 21:43:18,2026-05-28 10:26:58
4320,388,1000,2025-07-20,2025-07-27,2025-07-31,3.99,3.0,Returned,2025-07-20 13:47:27,2025-07-31 13:11:30
4321,212,943,2025-06-27,2025-07-11,2025-06-30,1.49,0.0,Returned,2025-06-27 20:32:15,2025-06-30 03:11:44
4322,666,1419,2025-10-09,2025-10-16,2025-10-16,2.87,0.0,Returned,2025-10-09 21:45:32,2025-10-16 18:26:20
4323,316,1363,2025-11-11,2025-11-18,2025-11-15,2.15,0.0,Returned,2025-11-11 13:35:35,2025-11-15 01:27:54
4324,621,475,2026-02-10,2026-02-17,2026-02-14,2.74,0.0,Returned,2026-02-10 21:22:39,2026-02-14 22:55:06
4325,145,830,2026-04-26,2026-05-06,2026-04-27,2.97,0.0,Returned,2026-04-26 09:57:15,2026-04-27 05:04:38
4326,96,1324,2025-11-30,2025-12-07,2025-12-04,4.62,0.0,Returned,2025-11-30 11:57:35,2025-12-04 16:59:39
4327,241,352,2025-07-11,2025-07-21,2025-07-21,1.64,0.0,Returned,2025-07-11 00:52:44,2025-07-21 11:53:41
4328,775,1022,2026-02-13,2026-02-20,2026-02-27,7.68,5.25,Returned,2026-02-13 10:45:33,2026-02-27 23:50:07
4329,323,1374,2025-06-19,2025-07-03,2025-07-03,4.04,0.0,Returned,2025-06-19 22:15:31,2025-07-03 19:53:34
4330,397,1225,2026-04-20,2026-04-30,2026-05-04,2.86,3.0,Returned,2026-04-20 06:08:25,2026-05-04 13:57:58
4331,737,435,2025-08-07,2025-08-14,2025-08-12,2.36,0.0,Returned,2025-08-07 22:29:36,2025-08-12 03:05:12
4332,541,811,2025-08-11,2025-08-21,2025-08-19,1.01,0.0,Returned,2025-08-11 07:42:11,2025-08-19 06:16:00
4333,483,1622,2025-07-21,2025-07-28,2025-08-04,2.49,5.25,Returned,2025-07-21 22:18:41,2025-08-04 15:52:12
4334,690,683,2026-05-27,2026-06-10,2026-06-07,4.57,0.0,Returned,2026-05-27 09:33:58,2026-06-07 03:56:24
4335,382,822,2025-11-06,2025-11-16,,8.31,147.75,Overdue,2025-11-06 22:32:57,2025-11-06 22:32:57
4336,104,768,2025-12-31,2026-01-14,2026-01-18,4.38,3.0,Returned,2025-12-31 19:37:20,2026-01-18 19:35:09
4337,76,1112,2025-06-08,2025-06-18,2025-06-14,3.27,0.0,Returned,2025-06-08 04:37:34,2025-06-14 13:43:14
4338,995,748,2025-08-11,2025-08-21,2025-08-31,3.24,7.5,Returned,2025-08-11 02:54:18,2025-08-31 15:08:48
4339,154,993,2026-05-12,2026-05-26,2026-05-25,1.44,0.0,Returned,2026-05-12 07:15:28,2026-05-25 17:16:45
4340,125,742,2025-12-03,2025-12-17,2025-12-12,4.97,0.0,Returned,2025-12-03 01:36:48,2025-12-12 12:07:20
4341,295,495,2025-08-16,2025-08-30,2025-08-23,2.76,0.0,Returned,2025-08-16 22:54:08,2025-08-23 02:44:18
4342,647,202,2025-11-19,2025-11-29,2025-11-25,3.0,0.0,Returned,2025-11-19 23:38:21,2025-11-25 11:16:04
4343,315,1528,2026-04-10,2026-04-24,2026-04-19,3.21,0.0,Returned,2026-04-10 08:36:50,2026-04-19 04:10:29
4344,389,1551,2025-06-07,2025-06-21,,4.09,258.75,Overdue,2025-06-07 02:15:09,2025-06-07 02:15:09
4345,387,1255,2026-01-29,2026-02-05,2026-02-11,3.3,4.5,Returned,2026-01-29 06:52:00,2026-02-11 19:10:00
4346,44,633,2025-10-23,2025-10-30,2025-10-29,1.35,0.0,Returned,2025-10-23 07:36:46,2025-10-29 06:09:42
4347,30,1066,2026-01-20,2026-01-30,2026-01-29,4.78,0.0,Returned,2026-01-20 04:01:04,2026-01-29 15:46:34
4348,470,758,2025-07-10,2025-07-20,2025-07-17,2.63,0.0,Returned,2025-07-10 23:42:49,2025-07-17 04:51:45
4349,31,1183,2026-01-22,2026-02-01,2026-01-28,4.56,0.0,RETURNED,2026-01-22 04:07:55,2026-01-28 03:55:49
4350,524,911,2025-08-10,2025-08-20,2025-08-11,4.37,0.0,Returned,2025-08-10 17:46:17,2025-08-11 23:15:16
4351,392,256,2025-11-28,2025-12-08,2025-12-06,5.71,0.0,Returned,2025-11-28 04:32:12,2025-12-06 13:56:57
4352,826,144,2026-03-02,2026-03-16,2026-03-22,1.76,4.5,Returned,2026-03-02 11:40:56,2026-03-22 16:12:25
4353,158,398,2025-12-16,2025-12-26,2025-12-26,3.84,0.0,Returned,2025-12-16 10:07:39,2025-12-26 08:24:12
4354,730,1059,2026-01-20,2026-01-30,2026-01-30,2.33,0.0,Returned,2026-01-20 20:46:08,2026-01-30 22:55:45
4355,215,1754,2026-02-12,2026-02-22,2026-02-15,4.55,-1.5,RETURNED,2026-02-12 09:22:31,2026-02-15 11:39:20
4356,305,256,2026-01-02,2026-01-09,2026-01-07,7.7,0.0,RETURNED,2026-01-02 22:25:30,2026-01-07 07:15:58
4357,786,1246,2026-01-30,2026-02-09,2026-01-30,1.01,0.0,Returned,2026-01-30 11:05:09,2026-01-30 11:05:09
4358,555,704,2025-09-02,2025-09-09,2025-09-08,3.5,0.0,Returned,2025-09-02 23:23:11,2025-09-08 04:59:40
4359,812,882,2025-10-12,2025-10-26,2025-10-19,1.85,0.0,Returned,2025-10-12 21:17:27,2025-10-19 09:50:00
4360,414,245,2026-01-06,2026-01-13,2026-01-09,1.51,0.0,Returned,2026-01-06 13:22:24,2026-01-09 07:22:41
4361,52,165,2025-11-17,2025-11-24,,3.88,141.75,Overdue,2025-11-17 13:35:37,2025-11-17 13:35:37
4362,590,124,2025-07-25,2025-08-01,2025-08-11,2.16,7.5,Returned,2025-07-25 12:11:23,2025-08-11 05:21:22
4363,362,1247,2025-10-28,2025-11-07,2025-11-01,1.4,0.0,Returned,2025-10-28 17:09:40,2025-11-01 02:40:30
4364,691,1055,2025-09-20,2025-09-27,2025-09-22,4.74,0.0,Returned,2025-09-20 20:49:46,2025-09-22 21:49:30
4365,31,606,2025-12-15,2025-12-25,2025-12-22,2.25,0.0,Returned,2025-12-15 20:35:47,2025-12-22 16:47:55
4366,275,1639,2025-08-26,2025-09-02,2025-09-06,2.94,3.0,Returned,2025-08-26 20:17:58,2025-09-06 11:47:43
4367,145,602,2026-01-31,2026-02-10,2026-02-04,3.63,0.0,Returned,2026-01-31 15:11:35,2026-02-04 16:25:52
4368,390,1531,2025-10-03,2025-10-13,2025-10-04,1.8,0.0,Returned,2025-10-03 05:44:38,2025-10-04 12:44:55
4369,98,106,2025-12-09,2025-12-16,2025-12-14,4.31,0.0,Returned,2025-12-09 20:02:44,2025-12-14 16:27:39
4370,64,1753,2025-09-30,2025-10-10,2025-10-12,4.91,1.5,Returned,2025-09-30 05:34:24,2025-10-12 22:53:39
4371,108,1544,2025-11-22,2025-11-29,2025-11-27,4.56,0.0,Returned,2025-11-22 08:27:08,2025-11-27 11:29:57
4372,449,1474,2026-02-02,2026-02-16,2026-02-07,8.53,0.0,Returned,2026-02-02 07:14:05,2026-02-07 12:09:38
4373,772,1390,2025-12-02,2025-12-16,,2.16,125.25,Overdue,2025-12-02 12:41:03,2025-12-02 12:41:03
4374,804,563,2025-11-24,2025-12-01,2025-11-24,1.88,0.0,Returned,2025-11-24 06:17:51,2025-11-24 09:51:38
4375,590,1087,2025-12-15,2025-12-25,2025-12-16,7.31,0.0,Returned,2025-12-15 05:19:17,2025-12-16 15:07:05
4376,424,658,2026-01-28,2026-02-11,2026-02-03,2.93,0.0,Returned,2026-01-28 13:58:58,2026-02-03 10:55:08
4377,588,266,2026-04-16,2026-04-23,2026-04-17,2.35,0.0,Returned,2026-04-16 00:53:49,2026-04-17 07:37:54
4378,667,1530,2025-11-22,2025-12-02,2025-11-30,2.27,0.0,Returned,2025-11-22 08:22:35,2025-11-30 19:16:47
4379,637,1388,2025-10-07,2025-10-14,2025-10-11,2.48,0.0,Returned,2025-10-07 14:58:35,2025-10-11 06:35:30
4380,618,175,2026-02-05,2026-02-12,2026-02-12,2.04,0.0,Returned,2026-02-05 19:17:59,2026-02-12 08:33:43
4381,722,1776,2026-04-01,2026-04-08,2026-04-06,4.3,0.0,Returned,2026-04-01 12:55:41,2026-04-06 15:45:15
4382,384,490,2025-08-27,2025-09-03,2025-09-01,1.69,0.0,Returned,2025-08-27 10:18:05,2025-09-01 10:31:52
4383,510,1414,2026-02-04,2026-02-11,2026-02-08,5.7,0.0,Returned,2026-02-04 18:36:27,2026-02-08 15:30:41
4384,664,1614,2025-08-16,2025-08-26,2025-08-17,4.84,0.0,Returned,2025-08-16 20:33:27,2025-08-17 06:19:11
4385,230,1674,2026-01-13,2026-01-27,2026-01-19,2.98,0.0,Returned,2026-01-13 08:11:52,2026-01-19 18:48:46
4386,372,837,2026-02-14,2026-02-21,2026-02-19,2.13,0.0,Returned,2026-02-14 14:46:32,2026-02-19 14:40:46
4387,722,307,2025-12-18,2025-12-25,2025-12-22,1.53,0.0,Returned,2025-12-18 21:16:42,2025-12-22 21:10:31
4388,944,1201,2025-07-10,2025-07-17,2025-07-27,3.71,7.5,Returned,2025-07-10 09:24:53,2025-07-27 06:29:16
4389,591,1088,2025-07-29,2025-08-08,2025-08-08,1.81,0.0,Returned,2025-07-29 20:11:08,2025-08-08 19:43:34
4390,366,948,2026-01-19,2026-01-29,2026-01-31,3.52,1.5,Returned,2026-01-19 12:45:27,2026-01-31 11:09:50
4391,953,1385,2025-12-13,2025-12-27,2026-01-04,2.2,6.0,Returned,2025-12-13 02:41:01,2026-01-04 17:49:27
4392,908,283,2026-02-19,2026-03-01,2026-02-19,1.86,0.0,Returned,2026-02-19 19:05:18,2026-02-19 19:05:18
4393,751,1677,2026-05-07,2026-05-14,2026-05-14,4.38,0.0,Returned,2026-05-07 05:27:50,2026-05-14 06:51:07
4394,367,15,2026-04-19,2026-04-26,2026-05-04,4.94,6.0,Returned,2026-04-19 13:49:40,2026-05-04 20:09:44
4395,318,1077,2025-10-15,2025-10-29,2025-10-17,4.02,0.0,Returned,2025-10-15 16:43:29,2025-10-17 03:39:58
4396,758,1194,2025-11-01,2025-11-15,2025-11-13,8.02,0.0,Returned,2025-11-01 00:51:29,2025-11-13 09:06:12
4397,255,394,2026-02-27,2026-03-13,2026-03-01,1.56,0.0,Returned,2026-02-27 06:15:11,2026-03-01 13:52:38
4398,657,1250,2026-05-02,2026-05-12,2026-05-06,3.95,0.0,Returned,2026-05-02 08:06:05,2026-05-06 05:05:55
4399,936,1151,2025-08-13,2025-08-23,2025-08-13,4.43,0.0,Returned,2025-08-13 09:54:18,2025-08-13 20:00:24
4400,695,386,2026-03-22,2026-04-01,2026-04-07,1.65,4.5,Returned,2026-03-22 20:16:04,2026-04-07 18:23:31
4401,873,584,2025-12-20,2026-01-03,2026-01-06,4.7,2.25,Returned,2025-12-20 04:52:05,2026-01-06 17:47:20
4402,234,159,2026-03-20,2026-04-03,2026-03-27,2.29,0.0,Returned,2026-03-20 18:31:14,2026-03-27 04:50:46
4403,780,1317,2026-02-16,2026-02-26,2026-02-19,3.03,0.0,RETURNED,2026-02-16 11:08:49,2026-02-19 09:49:38
4404,547,849,2026-04-27,2026-05-04,2026-04-28,2.21,0.0,Returned,2026-04-27 16:26:24,2026-04-28 22:35:14
4405,729,18,2026-05-14,2026-05-28,2026-06-01,3.33,7.5,Returned,2026-05-14 18:10:29,2026-06-01 01:29:26
4406,952,1192,2025-09-08,2025-09-15,2025-09-13,2.69,0.0,Returned,2025-09-08 12:40:00,2025-09-13 22:13:24
4407,476,903,2025-07-04,2025-07-11,2025-07-06,2.94,0.0,Returned,2025-07-04 03:29:07,2025-07-06 16:25:59
4408,523,793,2026-04-26,2026-05-10,2026-04-28,2.61,0.0,Returned,2026-04-26 09:29:57,2026-04-28 13:42:01
4409,871,348,2025-07-05,2025-07-19,2025-07-23,1.61,3.0,Returned,2025-07-05 23:30:27,2025-07-23 22:02:44
4410,317,541,2026-05-15,2026-05-22,2026-05-27,2.32,3.75,Returned,2026-05-15 19:52:56,2026-05-27 22:58:24
4411,678,387,2026-03-17,2026-03-24,2026-03-20,1.71,0.0,Returned,2026-03-17 20:24:02,2026-03-20 09:30:47
4412,836,614,2026-04-05,2026-04-12,2026-04-06,7.99,0.0,Returned,2026-04-05 05:08:22,2026-04-06 18:20:44
4413,280,285,2026-01-28,2026-02-04,2026-01-31,1.54,0.0,Returned,2026-01-28 10:10:10,2026-01-31 05:37:19
4414,59,633,2026-05-12,2026-05-26,2026-05-22,1.83,0.0,Returned,2026-05-12 11:25:02,2026-05-22 14:24:28
4415,299,1647,2026-04-28,2026-05-05,2026-04-30,4.48,0.0,Returned,2026-04-28 17:49:49,2026-04-30 23:15:24
4416,274,214,2025-08-21,2025-08-28,2025-08-21,1.74,0.0,Returned,2025-08-21 14:43:40,2025-08-21 17:09:47
4417,767,1062,2026-02-02,2026-02-16,2026-02-02,2.79,0.0,Returned,2026-02-02 00:26:47,2026-02-02 11:03:35
4418,413,128,2026-02-10,2026-02-17,2026-02-13,4.23,0.0,Returned,2026-02-10 17:20:14,2026-02-13 15:36:11
4419,308,1459,2025-07-15,2025-07-29,2025-08-07,1.59,6.75,Returned,2025-07-15 17:17:36,2025-08-07 04:43:21
4420,55,1392,2025-12-22,2026-01-01,2025-12-23,4.94,0.0,Returned,2025-12-22 12:04:52,2025-12-23 19:04:38
4421,610,205,2026-02-28,2026-03-14,2026-03-02,1.98,0.0,Returned,2026-02-28 05:54:05,2026-03-02 04:09:37
4422,425,1576,2026-03-23,2026-04-02,2026-03-23,2.09,0.0,Returned,2026-03-23 11:49:37,2026-03-23 17:23:26
4423,18,850,2026-05-04,2026-05-14,,2.13,13.5,Overdue,2026-05-04 00:44:57,2026-05-04 00:44:57
4424,938,737,2026-01-27,2026-02-03,2026-02-01,1.35,0.0,Returned,2026-01-27 06:16:22,2026-02-01 09:51:57
4425,713,1015,2026-05-14,2026-05-21,2026-05-16,2.84,0.0,Returned,2026-05-14 02:04:27,2026-05-16 23:14:40
4426,314,735,2025-06-30,2025-07-07,2025-07-07,2.3,0.0,Returned,2025-06-30 08:13:17,2025-07-07 09:27:12
4427,682,718,2026-01-19,2026-02-02,2026-01-25,7.94,0.0,RETURNED,2026-01-19 12:21:36,2026-01-25 16:43:28
4428,73,729,2025-11-11,2025-11-25,2025-11-21,2.28,0.0,Returned,2025-11-11 19:53:09,2025-11-21 05:06:26
4429,847,602,2025-12-21,2025-12-31,2026-01-03,2.99,2.25,Returned,2025-12-21 12:23:02,2026-01-03 03:58:43
4430,487,549,2025-07-12,2025-07-22,2025-07-25,1.42,2.25,Returned,2025-07-12 13:06:11,2025-07-25 16:31:12
4431,63,622,2025-10-10,2025-10-20,2025-10-18,2.68,0.0,Returned,2025-10-10 22:50:45,2025-10-18 17:49:18
4432,1,220,2026-05-09,2026-05-19,2026-05-17,2.67,0.0,Returned,2026-05-09 06:10:03,2026-05-17 21:33:39
4433,283,1322,2025-09-17,2025-09-24,2025-09-23,2.97,0.0,Returned,2025-09-17 05:05:17,2025-09-23 04:49:51
4434,698,472,2025-09-08,2025-09-15,2025-09-13,2.33,0.0,Returned,2025-09-08 07:59:08,2025-09-13 11:22:21
4435,667,472,2026-05-16,2026-05-30,2026-05-25,1.16,0.0,Returned,2026-05-16 14:45:18,2026-05-25 19:17:38
4436,684,424,2025-09-05,2025-09-12,2025-09-10,1.53,0.0,Returned,2025-09-05 17:45:58,2025-09-10 03:21:03
4437,454,48,2026-04-07,2026-04-17,2026-04-09,4.08,0.0,Returned,2026-04-07 03:45:53,2026-04-09 17:33:11
4438,955,508,2026-01-10,2026-01-24,2026-01-17,2.55,0.0,Returned,2026-01-10 08:17:46,2026-01-17 13:06:26
4439,742,1474,2025-11-04,2025-11-11,2025-11-07,4.55,0.0,Returned,2025-11-04 13:05:21,2025-11-07 08:01:31
4440,136,1256,2025-11-15,2025-11-29,2025-11-29,2.85,0.0,Returned,2025-11-15 13:20:06,2025-11-29 13:20:37
4441,302,870,2025-11-02,2025-11-12,2025-11-09,2.23,0.0,Returned,2025-11-02 08:08:03,2025-11-09 07:17:11
4442,107,4,2026-03-28,2026-04-07,2026-03-28,2.75,0.0,Returned,2026-03-28 22:43:05,2026-03-28 22:43:05
4443,259,1365,2026-05-28,2026-06-04,2026-05-30,2.17,0.0,Returned,2026-05-28 18:19:18,2026-05-30 20:44:08
4444,27,1443,2025-08-26,2025-09-02,2025-08-26,3.29,0.0,Returned,2025-08-26 01:27:36,2025-08-26 07:02:57
4445,106,1369,2025-12-27,2026-01-10,2025-12-27,4.14,0.0,Returned,2025-12-27 06:03:28,2025-12-27 20:13:29
4446,877,385,2025-12-03,2025-12-17,,2.15,124.5,Overdue,2025-12-03 03:28:19,2025-12-03 03:28:19
4447,171,911,2026-01-23,2026-02-06,2026-02-07,7.22,0.75,Returned,2026-01-23 23:48:32,2026-02-07 14:10:09
4448,789,930,2026-05-20,2026-05-30,2026-05-23,4.54,0.0,Returned,2026-05-20 10:04:16,2026-05-23 19:30:28
4449,709,1456,2026-02-21,2026-03-07,2026-03-03,4.39,0.0,Returned,2026-02-21 16:13:20,2026-03-03 09:10:19
4450,637,1008,2026-01-25,2026-02-08,2026-02-08,2.23,0.0,Returned,2026-01-25 23:02:16,2026-02-08 09:08:58
4451,230,343,2025-12-31,2026-01-07,2026-01-16,3.68,6.75,Returned,2025-12-31 06:18:00,2026-01-16 11:55:11
4452,466,271,2025-09-04,2025-09-18,2025-09-18,4.88,0.0,Returned,2025-09-04 20:12:19,2025-09-18 04:06:37
4453,726,1359,2025-08-02,2025-08-09,2025-08-08,2.05,0.0,Returned,2025-08-02 19:52:59,2025-08-08 11:03:02
4454,475,21,2025-07-18,2025-07-28,2025-07-23,1.84,0.0,Returned,2025-07-18 03:33:59,2025-07-23 09:12:48
4455,45,1506,2025-12-21,2025-12-28,2025-12-28,4.97,0.0,Returned,2025-12-21 15:13:13,2025-12-28 09:02:14
4456,137,590,2026-05-22,2026-06-05,2026-05-23,3.92,-1.5,RETURNED,2026-05-22 07:31:11,2026-05-23 13:08:18
4457,616,1691,2026-02-17,2026-02-24,2026-02-18,2.19,0.0,Returned,2026-02-17 13:33:46,2026-02-18 03:07:27
4458,601,1744,2025-07-12,2025-07-19,2025-07-15,4.58,0.0,Returned,2025-07-12 14:10:00,2025-07-15 17:01:33
4459,426,726,2025-09-19,2025-09-26,2025-09-25,4.28,0.0,Returned,2025-09-19 02:21:38,2025-09-25 22:56:40
4460,547,1401,2025-11-04,2025-11-18,2025-11-05,1.06,0.0,Returned,2025-11-04 17:44:45,2025-11-05 18:36:18
4461,902,21,2026-01-04,2026-01-14,2026-01-10,1.62,0.0,Returned,2026-01-04 23:03:28,2026-01-10 10:46:27
4462,519,670,2025-12-19,2025-12-26,2025-12-27,3.81,0.75,Returned,2025-12-19 23:20:46,2025-12-27 08:23:05
4463,10,1600,2025-11-16,2025-11-23,2025-11-20,4.29,0.0,Returned,2025-11-16 18:59:12,2025-11-20 09:54:21
4464,16,1753,2025-07-23,2025-08-06,2025-08-16,3.73,7.5,Returned,2025-07-23 03:40:03,2025-08-16 13:03:01
4465,617,680,2026-02-10,2026-02-24,2026-02-23,3.73,0.0,Returned,2026-02-10 15:02:54,2026-02-23 08:56:10
4466,573,953,2026-04-14,2026-04-21,2026-04-17,5.43,0.0,Returned,2026-04-14 06:10:20,2026-04-17 22:09:46
4467,600,274,2025-11-12,2025-11-26,2025-11-15,3.73,0.0,Returned,2025-11-12 22:09:39,2025-11-15 09:40:47
4468,425,102,2025-10-18,2025-11-01,2025-10-25,1.06,0.0,Returned,2025-10-18 10:51:20,2025-10-25 21:46:15
4469,226,55,2026-04-23,2026-05-03,2026-04-25,1.4,0.0,Returned,2026-04-23 02:12:52,2026-04-25 11:50:44
4470,508,1257,2025-12-08,2025-12-18,2025-12-13,4.6,0.0,Returned,2025-12-08 18:58:34,2025-12-13 13:10:50
4471,176,945,2026-03-28,2026-04-11,2026-04-17,1.08,4.5,Returned,2026-03-28 15:33:48,2026-04-17 21:09:13
4472,699,1734,2026-02-27,2026-03-09,2026-03-09,1.87,0.0,Returned,2026-02-27 05:52:20,2026-03-09 08:25:15
4473,976,664,2026-03-09,2026-03-16,2026-03-10,1.38,-1.5,Returned,2026-03-09 22:03:27,2026-03-10 20:48:54
4474,822,929,2025-12-07,2025-12-14,2025-12-14,2.99,0.0,Returned,2025-12-07 20:12:47,2025-12-14 23:27:24
4475,598,1322,2025-10-03,2025-10-17,2025-10-08,2.76,0.0,Returned,2025-10-03 14:32:59,2025-10-08 20:33:30
4476,748,1517,2026-05-27,2026-06-06,2026-06-03,8.64,0.0,Returned,2026-05-27 18:10:06,2026-06-03 10:37:37
4477,225,738,2026-05-07,2026-05-17,2026-05-16,2.3,0.0,Returned,2026-05-07 21:50:34,2026-05-16 12:14:38
4478,764,1628,2026-01-14,2026-01-28,2026-01-26,3.49,0.0,Returned,2026-01-14 06:39:37,2026-01-26 05:07:02
4479,821,1753,2025-11-02,2025-11-09,2025-11-06,4.27,0.0,Returned,2025-11-02 05:22:03,2025-11-06 19:47:58
4480,488,259,2026-03-29,2026-04-08,2026-04-13,4.39,3.75,Returned,2026-03-29 02:59:38,2026-04-13 16:49:12
4481,840,245,2025-12-10,2025-12-24,2025-12-21,1.71,0.0,Returned,2025-12-10 16:59:03,2025-12-21 21:24:39
4482,620,1246,2025-06-12,2025-06-19,,1.57,260.25,Overdue,2025-06-12 12:27:56,2025-06-12 12:27:56
4483,491,85,2026-01-25,2026-02-04,2026-02-02,1.58,0.0,Returned,2026-01-25 21:47:16,2026-02-02 16:36:35
4484,565,1075,2026-01-28,2026-02-11,2026-01-30,8.13,0.0,Returned,2026-01-28 11:53:02,2026-01-30 15:00:08
4485,776,1400,2025-06-09,2025-06-23,2025-06-20,1.38,0.0,Returned,2025-06-09 21:58:22,2025-06-20 23:49:24
4486,838,762,2026-02-16,2026-02-23,2026-02-19,2.79,0.0,Returned,2026-02-16 13:05:33,2026-02-19 12:49:15
4487,10,1336,2026-05-11,2026-05-18,2026-05-17,4.35,0.0,Returned,2026-05-11 07:16:29,2026-05-17 15:19:22
4488,552,630,2025-08-31,2025-09-07,2025-08-31,1.48,0.0,Returned,2025-08-31 13:04:51,2025-08-31 13:04:51
4489,152,597,2025-08-07,2025-08-17,2025-08-16,1.16,0.0,Returned,2025-08-07 15:38:16,2025-08-16 04:50:34
4490,540,390,2025-11-20,2025-11-27,2025-11-21,2.98,0.0,Returned,2025-11-20 08:02:06,2025-11-21 13:16:19
4491,225,1085,2026-04-10,2026-04-17,2026-04-16,2.24,0.0,Returned,2026-04-10 13:28:00,2026-04-16 18:01:47
4492,595,321,2025-07-26,2025-08-09,2025-08-06,1.29,0.0,Returned,2025-07-26 12:20:59,2025-08-06 14:27:09
4493,737,674,2025-09-28,2025-10-05,2025-09-30,2.04,0.0,Returned,2025-09-28 03:09:56,2025-09-30 19:44:56
4494,23,873,2025-10-24,2025-11-03,2025-10-26,2.11,0.0,Returned,2025-10-24 00:56:07,2025-10-26 13:54:51
4495,888,1091,2026-02-27,2026-03-06,2026-03-05,2.66,0.0,Returned,2026-02-27 18:40:45,2026-03-05 22:14:42
4496,153,735,2025-06-18,2025-07-02,2025-06-24,2.21,0.0,Returned,2025-06-18 21:04:02,2025-06-24 04:07:30
4497,990,578,2026-03-02,2026-03-12,2026-03-16,4.18,3.0,RETURNED,2026-03-02 05:27:27,2026-03-16 05:54:13
4498,502,1363,2025-07-20,2025-08-03,,2.87,226.5,Overdue,2025-07-20 05:31:54,2025-07-20 05:31:54
4499,87,1015,2026-01-14,2026-01-28,2026-01-27,2.27,0.0,Returned,2026-01-14 17:32:29,2026-01-27 03:44:00
4500,81,1603,2025-06-06,2025-06-13,2025-06-16,2.98,2.25,Returned,2025-06-06 22:11:54,2025-06-16 04:51:03
4501,718,702,2026-04-26,2026-05-10,2026-05-10,4.38,0.0,Returned,2026-04-26 17:17:05,2026-05-10 19:30:48
4502,615,1736,2025-07-07,2025-07-14,2025-07-13,1.02,0.0,Returned,2025-07-07 16:00:24,2025-07-13 01:17:20
4503,244,768,2025-08-26,2025-09-02,2025-08-29,4.46,0.0,Returned,2025-08-26 09:24:13,2025-08-29 11:58:40
4504,597,682,2026-02-19,2026-02-26,2026-02-21,2.91,0.0,Returned,2026-02-19 16:15:52,2026-02-21 22:33:21
4505,196,752,2026-02-02,2026-02-12,2026-02-09,1.99,0.0,Returned,2026-02-02 21:43:06,2026-02-09 16:38:38
4506,484,1254,2026-02-15,2026-03-01,2026-02-18,4.81,0.0,Returned,2026-02-15 15:14:28,2026-02-18 00:33:44
4507,611,1028,2026-05-29,2026-06-05,2026-06-04,3.71,0.0,Returned,2026-05-29 17:44:54,2026-06-04 03:39:01
4508,588,111,2025-08-28,2025-09-07,2025-09-10,1.81,2.25,Returned,2025-08-28 07:43:18,2025-09-10 17:08:16
4509,757,1000,2026-01-30,2026-02-09,2026-02-04,2.51,0.0,RETURNED,2026-01-30 15:22:51,2026-02-04 02:22:22
4510,236,1511,2026-05-13,2026-05-20,2026-05-23,1.45,2.25,Returned,2026-05-13 21:37:55,2026-05-23 05:24:56
4511,807,1098,2025-07-28,2025-08-07,2025-08-14,2.01,5.25,Returned,2025-07-28 00:43:39,2025-08-14 08:02:00
4512,564,328,2026-05-13,2026-05-23,2026-05-21,4.07,0.0,Returned,2026-05-13 08:24:54,2026-05-21 05:53:51
4513,43,28,2025-11-27,2025-12-07,2025-12-14,2.96,5.25,Returned,2025-11-27 21:18:35,2025-12-14 16:23:14
4514,16,408,2025-06-09,2025-06-19,2025-06-14,2.99,0.0,Returned,2025-06-09 20:29:43,2025-06-14 10:41:30
4515,281,1529,2026-03-10,2026-03-17,2026-03-17,4.9,0.0,Returned,2026-03-10 19:49:01,2026-03-17 19:03:20
4516,221,872,2026-01-29,2026-02-12,2026-02-09,2.33,0.0,Returned,2026-01-29 15:42:43,2026-02-09 17:43:29
4517,154,1041,2026-03-23,2026-04-02,2026-03-28,2.7,0.0,Returned,2026-03-23 20:03:50,2026-03-28 05:36:52
4518,587,3,2025-07-10,2025-07-20,,1.6,237.0,Overdue,2025-07-10 10:15:23,2025-07-10 10:15:23
4519,99,1300,2026-01-16,2026-01-26,2026-01-16,3.31,0.0,Returned,2026-01-16 01:36:00,2026-01-16 03:59:17
4520,670,1363,2026-03-24,2026-03-31,2026-03-31,2.77,0.0,Returned,2026-03-24 22:56:03,2026-03-31 15:47:36
4521,374,1394,2025-11-28,2025-12-08,,4.89,131.25,Overdue,2025-11-28 13:26:22,2025-11-28 13:26:22
4522,315,1310,2025-12-21,2025-12-31,2026-01-04,2.12,3.0,Returned,2025-12-21 21:37:50,2026-01-04 02:11:20
4523,675,1247,2025-12-03,2025-12-13,2025-12-20,2.37,5.25,Returned,2025-12-03 15:15:33,2025-12-20 17:07:06
4524,872,1673,2025-07-08,2025-07-15,2025-07-13,4.72,0.0,Returned,2025-07-08 12:02:02,2025-07-13 15:09:34
4525,29,83,2025-07-27,2025-08-06,2025-08-03,4.29,0.0,Returned,2025-07-27 22:12:34,2025-08-03 08:48:51
4526,764,685,2026-05-29,2026-06-12,2026-06-03,3.11,0.0,Returned,2026-05-29 06:19:47,2026-06-03 13:50:48
4527,859,22,2025-12-28,2026-01-07,2025-12-30,1.01,0.0,Returned,2025-12-28 15:39:10,2025-12-30 13:10:18
4528,389,1203,2025-08-14,2025-08-28,2025-08-19,1.7,0.0,Returned,2025-08-14 20:55:27,2025-08-19 09:02:27
4529,875,1347,2026-02-12,2026-02-19,2026-02-12,2.73,-1.5,Returned,2026-02-12 10:03:26,2026-02-12 10:03:26
4530,391,663,2025-10-04,2025-10-11,2025-10-05,1.91,0.0,RETURNED,2025-10-04 03:26:43,2025-10-05 01:32:40
4531,278,516,2025-11-28,2025-12-05,2025-11-30,3.64,0.0,Returned,2025-11-28 14:04:14,2025-11-30 02:14:19
4532,501,536,2025-09-12,2025-09-19,2025-09-17,1.97,0.0,Returned,2025-09-12 05:03:49,2025-09-17 12:41:20
4533,641,272,2025-07-29,2025-08-12,2025-08-07,3.79,0.0,Returned,2025-07-29 08:35:02,2025-08-07 22:46:38
4534,125,620,2025-11-12,2025-11-26,2025-11-28,4.08,-1.5,Returned,2025-11-12 06:10:14,2025-11-28 14:36:59
4535,779,730,2025-07-07,2025-07-14,2025-07-09,2.52,0.0,Returned,2025-07-07 02:22:25,2025-07-09 02:42:00
4536,18,1495,2025-09-17,2025-09-24,2025-09-17,4.27,0.0,Returned,2025-09-17 02:47:50,2025-09-17 06:01:51
4537,148,1183,2025-08-29,2025-09-12,2025-09-10,3.78,0.0,Returned,2025-08-29 10:30:26,2025-09-10 23:00:00
4538,567,1340,2026-05-15,2026-05-22,2026-05-30,2.84,6.0,Returned,2026-05-15 22:26:06,2026-05-30 16:14:03
4539,416,151,2025-12-26,2026-01-05,2026-01-05,4.38,0.0,Returned,2025-12-26 21:23:58,2026-01-05 09:12:15
4540,124,1468,2025-09-08,2025-09-18,2025-09-13,1.02,0.0,Returned,2025-09-08 08:11:56,2025-09-13 17:18:52
4541,984,1406,2026-04-29,2026-05-13,2026-04-29,2.47,0.0,Returned,2026-04-29 00:29:16,2026-04-29 09:06:46
4542,97,1699,2026-03-27,2026-04-10,2026-04-09,1.98,0.0,Returned,2026-03-27 20:53:58,2026-04-09 09:18:01
4543,542,459,2026-03-26,2026-04-09,2026-03-31,5.11,0.0,Returned,2026-03-26 02:33:07,2026-03-31 13:21:37
4544,19,284,2025-08-27,2025-09-06,2025-09-06,2.33,0.0,Returned,2025-08-27 19:16:18,2025-09-06 06:57:02
4545,771,89,2025-11-25,2025-12-05,2025-11-26,5.29,0.0,Returned,2025-11-25 08:59:04,2025-11-26 22:09:01
4546,178,871,2026-02-26,2026-03-05,2026-03-03,2.23,0.0,Returned,2026-02-26 11:14:02,2026-03-03 19:55:56
4547,586,719,2026-05-03,2026-05-13,2026-05-21,4.62,6.0,Returned,2026-05-03 08:30:44,2026-05-21 04:45:16
4548,836,1082,2026-01-27,2026-02-06,2026-01-31,3.78,0.0,Returned,2026-01-27 01:40:40,2026-01-31 01:06:32
4549,899,1362,2025-07-04,2025-07-11,2025-07-04,1.88,0.0,Returned,2025-07-04 21:00:53,2025-07-04 21:00:53
4550,163,509,2025-09-29,2025-10-13,2025-10-08,2.0,0.0,Returned,2025-09-29 04:30:12,2025-10-08 01:29:22
4551,711,1518,2025-09-10,2025-09-20,2025-09-20,4.31,0.0,Returned,2025-09-10 11:26:59,2025-09-20 00:22:24
4552,892,1061,2026-03-31,2026-04-10,2026-04-04,1.24,0.0,Returned,2026-03-31 09:59:13,2026-04-04 15:11:36
4553,995,396,2025-06-26,2025-07-03,2025-07-01,1.68,0.0,Returned,2025-06-26 10:34:04,2025-07-01 18:42:14
4554,786,142,2025-12-07,2025-12-21,2025-12-09,2.87,0.0,Returned,2025-12-07 02:32:08,2025-12-09 05:16:09
4555,933,1781,2026-04-04,2026-04-14,2026-04-08,3.81,0.0,Returned,2026-04-04 17:01:28,2026-04-08 23:20:18
4556,69,65,2025-08-01,2025-08-11,2025-08-11,3.74,0.0,Returned,2025-08-01 05:17:45,2025-08-11 12:37:10
4557,850,687,2026-01-30,2026-02-06,2026-02-01,4.37,0.0,Returned,2026-01-30 05:59:47,2026-02-01 12:10:02
4558,240,1750,2025-10-15,2025-10-22,2025-10-18,2.98,0.0,Returned,2025-10-15 14:26:13,2025-10-18 20:21:39
4559,328,562,2026-05-28,2026-06-07,2026-05-31,3.54,0.0,Returned,2026-05-28 06:07:53,2026-05-31 18:51:33
4560,804,377,2025-11-29,2025-12-09,2025-12-08,1.97,0.0,Returned,2025-11-29 17:02:57,2025-12-08 01:52:24
4561,800,524,2025-12-13,2025-12-27,2025-12-13,4.35,0.0,Returned,2025-12-13 22:03:42,2025-12-13 22:03:42
4562,187,1631,2025-08-07,2025-08-14,2025-08-07,4.54,0.0,Returned,2025-08-07 00:59:14,2025-08-07 16:19:46
4563,293,276,2026-01-21,2026-01-28,2026-01-22,1.8,0.0,Returned,2026-01-21 03:11:11,2026-01-22 12:26:33
4564,982,740,2025-08-24,2025-08-31,2025-08-31,2.18,0.0,Returned,2025-08-24 13:13:39,2025-08-31 18:39:39
4565,222,173,2026-02-15,2026-03-01,2026-02-20,2.02,0.0,Returned,2026-02-15 23:31:25,2026-02-20 07:11:18
4566,221,598,2025-08-26,2025-09-09,2025-09-05,2.98,0.0,Returned,2025-08-26 15:45:24,2025-09-05 15:10:44
4567,788,966,2025-10-22,2025-10-29,2025-11-03,4.37,3.75,Returned,2025-10-22 06:42:24,2025-11-03 20:06:30
4568,116,605,2025-10-07,2025-10-17,2025-10-21,2.57,3.0,Returned,2025-10-07 01:11:50,2025-10-21 14:06:29
4569,992,577,2026-03-23,2026-04-06,2026-04-10,3.6,3.0,Returned,2026-03-23 09:31:27,2026-04-10 20:59:03
4570,910,1284,2025-11-10,2025-11-20,2025-11-26,2.7,4.5,Returned,2025-11-10 07:11:44,2025-11-26 07:11:56
4571,325,1039,2026-05-28,2026-06-04,2026-05-30,3.93,0.0,Returned,2026-05-28 16:04:45,2026-05-30 23:36:39
4572,163,1575,2025-12-04,2025-12-18,2025-12-09,1.87,0.0,Returned,2025-12-04 03:12:22,2025-12-09 14:05:33
4573,315,1169,2025-09-01,2025-09-11,2025-09-04,1.07,0.0,Returned,2025-09-01 13:49:29,2025-09-04 15:10:20
4574,610,121,2026-01-27,2026-02-03,2026-01-27,2.77,0.0,Returned,2026-01-27 17:54:36,2026-01-27 17:54:36
4575,121,762,2025-06-15,2025-06-25,,4.13,255.75,Overdue,2025-06-15 04:40:24,2025-06-15 04:40:24
4576,391,1365,2026-03-03,2026-03-17,,1.3,57.0,Overdue,2026-03-03 10:01:00,2026-03-03 10:01:00
4577,941,1646,2025-07-06,2025-07-16,2025-07-12,1.59,0.0,Returned,2025-07-06 06:18:53,2025-07-12 11:33:45
4578,794,1266,2026-03-16,2026-03-30,2026-03-22,1.39,0.0,RETURNED,2026-03-16 10:42:54,2026-03-22 10:43:19
4579,527,883,2026-03-04,2026-03-14,,2.69,59.25,Overdue,2026-03-04 13:15:52,2026-03-04 13:15:52
4580,722,412,2026-03-15,2026-03-25,2026-03-20,3.0,0.0,Returned,2026-03-15 10:53:32,2026-03-20 19:19:17
4581,792,760,2025-10-17,2025-10-27,2025-10-17,2.84,0.0,Returned,2025-10-17 20:35:32,2025-10-17 20:35:32
4582,250,147,2026-01-22,2026-02-05,2026-02-03,3.13,0.0,Returned,2026-01-22 19:00:49,2026-02-03 09:51:05
4583,679,977,2025-07-04,2025-07-18,2025-07-08,4.36,0.0,Returned,2025-07-04 19:45:04,2025-07-08 16:52:21
4584,179,623,2025-08-16,2025-08-26,2025-09-02,2.68,5.25,Returned,2025-08-16 11:11:38,2025-09-02 23:55:52
4585,915,1270,2026-02-06,2026-02-20,2026-02-07,4.6,0.0,Returned,2026-02-06 14:07:51,2026-02-07 12:35:02
4586,677,542,2025-09-14,2025-09-28,2025-10-03,2.38,3.75,Returned,2025-09-14 21:04:31,2025-10-03 21:55:53
4587,778,1721,2025-08-30,2025-09-06,2025-08-31,2.45,0.0,Returned,2025-08-30 03:13:05,2025-08-31 17:02:07
4588,984,1303,2026-01-12,2026-01-22,2026-01-26,4.51,3.0,Returned,2026-01-12 21:12:39,2026-01-26 08:38:55
4589,208,1747,2025-06-10,2025-06-24,2025-06-12,3.97,0.0,Returned,2025-06-10 14:37:39,2025-06-12 10:33:16
4590,188,1064,2026-04-15,2026-04-25,2026-04-19,4.4,0.0,Returned,2026-04-15 10:42:14,2026-04-19 21:52:29
4591,132,918,2025-12-18,2026-01-01,2026-01-07,2.88,4.5,Returned,2025-12-18 11:17:25,2026-01-07 13:41:01
4592,899,934,2025-12-24,2025-12-31,2025-12-28,2.0,0.0,Returned,2025-12-24 06:55:03,2025-12-28 23:33:38
4593,549,395,2025-06-28,2025-07-12,2025-07-04,2.85,0.0,Returned,2025-06-28 00:48:13,2025-07-04 20:47:05
4594,157,1148,2025-08-18,2025-08-28,2025-08-23,1.16,0.0,Returned,2025-08-18 13:48:06,2025-08-23 10:28:03
4595,639,535,2025-11-05,2025-11-19,2025-11-26,1.11,5.25,Returned,2025-11-05 11:27:03,2025-11-26 15:02:55
4596,818,740,2026-01-02,2026-01-16,2026-01-07,1.15,-1.5,Returned,2026-01-02 19:55:38,2026-01-07 23:07:23
4597,284,1265,2025-06-15,2025-06-25,2025-06-22,1.47,0.0,Returned,2025-06-15 06:05:13,2025-06-22 18:01:37
4598,880,1458,2026-01-12,2026-01-19,2026-01-18,2.64,0.0,Returned,2026-01-12 19:40:20,2026-01-18 23:27:50
4599,384,1641,2025-10-21,2025-10-31,2025-10-24,2.62,0.0,Returned,2025-10-21 15:34:43,2025-10-24 11:36:27
4600,314,1192,2026-02-01,2026-02-11,2026-02-09,2.9,0.0,Returned,2026-02-01 04:24:25,2026-02-09 11:10:41
4601,894,1338,2026-01-07,2026-01-21,2026-01-16,4.98,0.0,Returned,2026-01-07 09:05:45,2026-01-16 09:05:58
4602,536,1279,2026-01-01,2026-01-08,2026-01-01,3.09,0.0,Returned,2026-01-01 19:33:37,2026-01-01 19:33:37
4603,844,869,2025-11-06,2025-11-13,2025-11-10,6.0,0.0,Returned,2025-11-06 09:57:05,2025-11-10 17:49:37
4604,542,1238,2025-09-20,2025-10-04,2025-10-04,2.29,0.0,Returned,2025-09-20 15:38:19,2025-10-04 03:40:02
4605,208,165,2026-01-18,2026-02-01,2026-01-22,3.65,0.0,Returned,2026-01-18 09:54:55,2026-01-22 18:23:01
4606,896,390,2025-07-23,2025-07-30,2025-07-27,2.35,0.0,Returned,2025-07-23 02:24:12,2025-07-27 08:05:32
4607,330,1370,2025-08-13,2025-08-27,,4.68,208.5,Overdue,2025-08-13 10:53:55,2025-08-13 10:53:55
4608,172,817,2025-08-04,2025-08-11,2025-08-07,2.04,0.0,Returned,2025-08-04 00:19:32,2025-08-07 02:53:08
4609,327,1680,2026-01-12,2026-01-22,2026-01-13,2.78,0.0,Returned,2026-01-12 14:27:01,2026-01-13 19:09:29
4610,22,1549,2025-11-07,2025-11-21,2025-11-18,1.75,0.0,Returned,2025-11-07 04:52:43,2025-11-18 02:38:32
4611,175,1116,2025-10-27,2025-11-10,2025-11-09,4.32,0.0,Returned,2025-10-27 09:00:07,2025-11-09 09:33:07
4612,753,1362,2025-07-06,2025-07-20,2025-07-09,2.24,0.0,Returned,2025-07-06 13:15:08,2025-07-09 12:12:26
4613,235,1021,2026-01-17,2026-01-31,2026-01-25,3.96,0.0,Returned,2026-01-17 10:37:58,2026-01-25 09:09:42
4614,870,99,2025-08-23,2025-09-02,2025-08-23,3.42,0.0,Returned,2025-08-23 12:47:18,2025-08-23 12:47:18
4615,716,156,2026-05-16,2026-05-30,2026-05-22,1.85,0.0,Returned,2026-05-16 03:04:34,2026-05-22 07:23:56
4616,996,920,2026-03-30,2026-04-09,2026-03-30,2.87,0.0,Returned,2026-03-30 18:48:36,2026-03-30 18:48:36
4617,243,1394,2025-11-16,2025-11-23,2025-11-20,3.14,0.0,Returned,2025-11-16 00:55:50,2025-11-20 07:22:46
4618,36,1218,2026-01-02,2026-01-09,2026-01-02,2.92,0.0,Returned,2026-01-02 08:19:14,2026-01-02 20:36:55
4619,527,538,2025-10-05,2025-10-19,2025-10-19,3.1,0.0,RETURNED,2025-10-05 07:58:00,2025-10-19 23:44:32
4620,275,599,2025-09-01,2025-09-08,2025-09-07,4.37,0.0,Returned,2025-09-01 15:08:52,2025-09-07 13:26:00
4621,126,1386,2025-07-29,2025-08-05,2025-07-29,2.11,0.0,Returned,2025-07-29 20:02:33,2025-07-29 20:56:34
4622,645,1364,2025-09-26,2025-10-03,2025-09-28,1.96,0.0,Returned,2025-09-26 22:44:37,2025-09-28 02:46:33
4623,377,1336,2026-03-26,2026-04-02,2026-04-02,4.68,0.0,Returned,2026-03-26 10:24:48,2026-04-02 00:29:11
4624,138,509,2026-02-20,2026-03-02,2026-02-20,2.07,0.0,Returned,2026-02-20 00:25:09,2026-02-20 02:18:09
4625,528,744,2025-12-30,2026-01-09,2026-01-07,4.46,0.0,Returned,2025-12-30 04:24:57,2026-01-07 13:11:28
4626,49,544,2026-01-08,2026-01-22,2026-01-12,4.29,0.0,Returned,2026-01-08 10:31:24,2026-01-12 13:05:26
4627,66,1248,2026-04-07,2026-04-17,2026-04-07,4.17,0.0,Returned,2026-04-07 02:07:45,2026-04-07 06:12:48
4628,72,1246,2025-08-16,2025-08-30,2025-08-25,2.01,0.0,Returned,2025-08-16 23:06:11,2025-08-25 10:30:38
4629,817,1674,2025-09-25,2025-10-02,2025-09-28,3.21,0.0,Returned,2025-09-25 00:57:07,2025-09-28 08:58:08
4630,337,1174,2025-07-14,2025-07-21,,4.23,236.25,Overdue,2025-07-14 18:28:03,2025-07-14 18:28:03
4631,485,1087,2025-08-01,2025-08-11,2025-08-17,5.63,4.5,Returned,2025-08-01 05:20:57,2025-08-17 18:16:09
4632,621,1698,2026-04-08,2026-04-22,2026-04-21,2.32,0.0,Returned,2026-04-08 14:43:20,2026-04-21 21:19:46
4633,818,511,2026-05-06,2026-05-16,2026-05-07,2.1,0.0,Returned,2026-05-06 04:20:39,2026-05-07 08:02:50
4634,719,1417,2026-01-28,2026-02-07,2026-02-06,4.27,0.0,Returned,2026-01-28 19:38:59,2026-02-06 21:34:21
4635,993,512,2026-04-01,2026-04-11,2026-04-08,1.42,0.0,Returned,2026-04-01 09:46:38,2026-04-08 09:22:11
4636,64,1363,2025-08-08,2025-08-22,2025-08-18,1.54,0.0,Returned,2025-08-08 11:14:15,2025-08-18 01:19:42
4637,984,962,2026-01-16,2026-01-23,2026-01-24,3.76,0.75,Returned,2026-01-16 13:42:11,2026-01-24 13:40:45
4638,367,1533,2025-07-05,2025-07-19,,1.79,237.75,Overdue,2025-07-05 06:00:59,2025-07-05 06:00:59
4639,517,662,2026-02-11,2026-02-25,2026-02-18,3.26,0.0,Returned,2026-02-11 12:48:04,2026-02-18 14:09:24
4640,225,1222,2026-05-11,2026-05-18,2026-05-24,2.71,4.5,Returned,2026-05-11 05:21:10,2026-05-24 12:57:47
4641,796,798,2026-05-09,2026-05-23,2026-05-28,3.14,3.75,Returned,2026-05-09 15:14:30,2026-05-28 17:35:53
4642,190,1161,2025-10-05,2025-10-15,,3.38,171.75,Overdue,2025-10-05 01:39:12,2025-10-05 01:39:12
4643,325,696,2026-02-06,2026-02-13,2026-02-22,2.11,6.75,Returned,2026-02-06 17:33:38,2026-02-22 00:50:28
4644,334,1187,2025-08-21,2025-09-04,2025-08-29,2.76,-1.5,Returned,2025-08-21 19:38:34,2025-08-29 03:37:40
4645,483,169,2026-05-12,2026-05-26,2026-05-17,2.84,0.0,Returned,2026-05-12 01:35:23,2026-05-17 03:00:55
4646,137,1391,2026-04-05,2026-04-12,2026-04-07,4.52,0.0,Returned,2026-04-05 21:29:47,2026-04-07 11:27:42
4647,83,1270,2025-07-14,2025-07-21,2025-07-14,7.66,0.0,Returned,2025-07-14 03:05:51,2025-07-14 05:50:27
4648,794,1331,2025-12-16,2025-12-30,2025-12-21,2.79,0.0,Returned,2025-12-16 11:20:06,2025-12-21 01:36:49
4649,488,1437,2025-11-09,2025-11-23,2025-11-15,2.04,0.0,RETURNED,2025-11-09 05:06:15,2025-11-15 00:10:28
4650,280,1755,2026-01-27,2026-02-10,2026-01-29,2.04,0.0,Returned,2026-01-27 11:55:40,2026-01-29 09:16:03
4651,365,961,2026-02-27,2026-03-09,2026-02-27,3.04,0.0,Returned,2026-02-27 01:43:50,2026-02-27 01:43:50
4652,70,221,2025-10-11,2025-10-21,2025-10-13,2.94,0.0,Returned,2025-10-11 15:21:15,2025-10-13 16:32:23
4653,667,33,2025-08-30,2025-09-13,2025-09-01,2.75,0.0,Returned,2025-08-30 09:10:46,2025-09-01 08:48:59
4654,21,1755,2025-09-01,2025-09-15,2025-09-18,2.12,2.25,Returned,2025-09-01 12:51:05,2025-09-18 22:55:34
4655,637,602,2026-05-27,2026-06-06,2026-05-30,3.85,0.0,Returned,2026-05-27 15:30:49,2026-05-30 19:30:56
4656,663,677,2025-10-12,2025-10-26,2025-10-23,1.44,0.0,Returned,2025-10-12 20:45:02,2025-10-23 00:39:22
4657,621,1662,2025-10-21,2025-10-28,,3.91,162.0,Overdue,2025-10-21 06:24:58,2025-10-21 06:24:58
4658,596,1736,2026-02-13,2026-02-23,2026-02-14,1.48,0.0,Returned,2026-02-13 00:01:31,2026-02-14 10:58:52
4659,455,453,2025-08-29,2025-09-12,2025-08-31,2.98,-1.5,Returned,2025-08-29 21:28:46,2025-08-31 21:19:47
4660,384,598,2026-03-27,2026-04-06,2026-04-13,3.72,5.25,Returned,2026-03-27 13:14:39,2026-04-13 00:03:56
4661,412,428,2026-03-03,2026-03-13,2026-03-06,1.94,0.0,Returned,2026-03-03 16:34:29,2026-03-06 01:08:14
4662,290,934,2026-03-25,2026-04-04,2026-04-02,2.28,0.0,Returned,2026-03-25 11:41:27,2026-04-02 22:56:34
4663,962,792,2025-06-22,2025-07-06,2025-06-22,3.53,0.0,Returned,2025-06-22 21:34:10,2025-06-22 21:34:10
4664,613,257,2026-01-31,2026-02-10,2026-02-10,6.12,0.0,Returned,2026-01-31 15:01:17,2026-02-10 19:32:34
4665,343,560,2025-12-12,2025-12-22,,5.0,120.75,Overdue,2025-12-12 12:58:21,2025-12-12 12:58:21
4666,117,526,2025-10-17,2025-10-27,2025-11-01,4.97,3.75,Returned,2025-10-17 08:37:48,2025-11-01 16:22:54
4667,706,604,2026-05-01,2026-05-08,2026-05-07,2.9,0.0,Returned,2026-05-01 02:30:10,2026-05-07 12:33:45
4668,882,1270,2025-09-26,2025-10-03,2025-10-03,8.46,0.0,Returned,2025-09-26 13:49:50,2025-10-03 06:51:59
4669,864,41,2025-11-10,2025-11-17,2025-11-26,1.74,6.75,Returned,2025-11-10 20:48:13,2025-11-26 17:10:34
4670,846,1310,2025-12-16,2025-12-26,2025-12-20,1.76,0.0,Returned,2025-12-16 19:04:57,2025-12-20 15:51:44
4671,110,512,2025-10-31,2025-11-10,2025-11-07,1.27,0.0,Returned,2025-10-31 21:35:37,2025-11-07 16:23:11
4672,273,406,2026-05-06,2026-05-20,2026-05-18,3.67,0.0,Returned,2026-05-06 20:05:48,2026-05-18 17:02:32
4673,766,1739,2025-08-05,2025-08-19,,4.62,214.5,Overdue,2025-08-05 03:56:17,2025-08-05 03:56:17
4674,431,277,2026-05-02,2026-05-12,2026-05-06,1.66,0.0,Returned,2026-05-02 15:56:36,2026-05-06 10:23:43
4675,790,252,2025-08-07,2025-08-21,2025-08-14,5.75,0.0,Returned,2025-08-07 13:34:13,2025-08-14 14:21:36
4676,232,1548,2025-11-09,2025-11-19,2025-11-14,2.13,0.0,Returned,2025-11-09 22:20:55,2025-11-14 08:35:51
4677,92,575,2025-06-13,2025-06-27,2025-06-17,5.69,0.0,Returned,2025-06-13 03:55:17,2025-06-17 12:09:14
4678,645,1776,2026-02-17,2026-02-27,2026-02-22,3.15,0.0,Returned,2026-02-17 11:10:01,2026-02-22 20:37:05
4679,158,511,2025-11-04,2025-11-14,2025-11-13,1.91,0.0,Returned,2025-11-04 06:54:28,2025-11-13 05:31:49
4680,792,1045,2025-07-26,2025-08-02,2025-08-02,2.62,0.0,Returned,2025-07-26 23:01:55,2025-08-02 00:13:59
4681,608,565,2026-04-09,2026-04-19,2026-04-20,2.13,0.75,Returned,2026-04-09 13:11:53,2026-04-20 18:21:14
4682,318,1595,2026-05-12,2026-05-19,2026-05-18,5.24,0.0,Returned,2026-05-12 06:28:36,2026-05-18 13:11:37
4683,785,824,2026-05-26,2026-06-02,2026-06-02,6.91,0.0,Returned,2026-05-26 23:56:51,2026-06-02 11:17:14
4684,803,853,2025-12-25,2026-01-01,2025-12-25,2.82,0.0,Returned,2025-12-25 07:02:34,2025-12-25 07:34:35
4685,514,39,2026-03-15,2026-03-22,2026-03-23,4.61,0.75,Returned,2026-03-15 00:19:24,2026-03-23 10:31:19
4686,530,815,2026-01-15,2026-01-25,2026-01-30,2.0,3.75,Returned,2026-01-15 18:52:32,2026-01-30 12:04:19
4687,745,474,2025-10-17,2025-10-27,2025-10-24,4.72,0.0,Returned,2025-10-17 17:16:41,2025-10-24 10:23:36
4688,787,1265,2025-08-08,2025-08-15,2025-08-17,1.79,1.5,Returned,2025-08-08 19:10:39,2025-08-17 11:25:52
4689,971,1435,2026-05-27,2026-06-03,2026-06-01,1.95,5.25,Returned,2026-05-27 10:17:54,2026-06-01 20:00:49
4690,901,865,2025-06-13,2025-06-23,2025-06-18,4.27,0.0,Returned,2025-06-13 10:30:39,2025-06-18 01:56:52
4691,817,829,2025-10-24,2025-10-31,2025-10-27,2.62,0.0,Returned,2025-10-24 16:14:54,2025-10-27 21:25:06
4692,949,384,2026-01-12,2026-01-26,2026-01-13,2.07,0.0,Returned,2026-01-12 23:45:19,2026-01-13 22:16:07
4693,147,788,2025-12-21,2026-01-04,2025-12-30,3.05,0.0,Returned,2025-12-21 22:04:50,2025-12-30 05:32:40
4694,224,653,2025-12-14,2025-12-28,2025-12-22,3.06,0.0,Returned,2025-12-14 14:43:07,2025-12-22 11:34:59
4695,909,390,2025-07-18,2025-07-28,2025-07-19,2.07,0.0,Returned,2025-07-18 03:41:46,2025-07-19 01:54:49
4696,910,169,2025-07-10,2025-07-17,,4.98,239.25,Overdue,2025-07-10 22:29:20,2025-07-10 22:29:20
4697,780,1002,2025-10-10,2025-10-24,2025-10-15,1.94,0.0,Returned,2025-10-10 04:06:02,2025-10-15 20:08:50
4698,741,787,2026-02-19,2026-03-01,2026-02-21,3.24,0.0,Returned,2026-02-19 07:31:02,2026-02-21 16:47:55
4699,289,790,2025-09-24,2025-10-04,2025-09-24,3.4,0.0,Returned,2025-09-24 08:47:56,2025-09-24 15:41:39
4700,209,910,2025-11-05,2025-11-19,2025-11-25,7.08,4.5,Returned,2025-11-05 18:01:40,2025-11-25 11:13:57
4701,473,394,2026-04-17,2026-04-27,2026-04-25,2.98,0.0,Returned,2026-04-17 14:50:11,2026-04-25 22:13:51
4702,255,1137,2026-05-14,2026-05-24,2026-05-16,3.28,0.0,Returned,2026-05-14 23:16:24,2026-05-16 08:30:39
4703,417,27,2026-04-06,2026-04-16,2026-04-13,3.92,0.0,Returned,2026-04-06 16:44:40,2026-04-13 18:21:57
4704,971,789,2025-07-20,2025-08-03,,3.0,226.5,Overdue,2025-07-20 06:20:37,2025-07-20 06:20:37
4705,405,1614,2025-06-07,2025-06-17,2025-06-14,3.69,0.0,Returned,2025-06-07 02:42:04,2025-06-14 17:17:55
4706,408,421,2025-12-21,2026-01-04,2025-12-23,2.12,0.0,Returned,2025-12-21 07:32:13,2025-12-23 09:25:42
4707,152,872,2025-07-21,2025-07-28,2025-07-22,2.63,0.0,Returned,2025-07-21 20:33:09,2025-07-22 06:54:32
4708,701,869,2025-10-09,2025-10-19,2025-10-20,4.12,0.75,Returned,2025-10-09 01:17:36,2025-10-20 12:49:58
4709,487,1556,2026-02-25,2026-03-11,2026-03-17,2.0,4.5,Returned,2026-02-25 03:51:19,2026-03-17 13:22:50
4710,671,794,2025-12-25,2026-01-08,2026-01-01,3.89,0.0,Returned,2025-12-25 09:59:44,2026-01-01 17:46:45
4711,304,43,2025-06-26,2025-07-06,2025-07-04,3.82,0.0,Returned,2025-06-26 08:23:46,2025-07-04 03:07:39
4712,848,850,2025-12-03,2025-12-10,2025-12-05,2.13,0.0,Returned,2025-12-03 14:53:26,2025-12-05 20:55:10
4713,661,449,2025-08-02,2025-08-09,2025-08-02,2.06,0.0,Returned,2025-08-02 04:34:26,2025-08-02 21:26:58
4714,694,753,2025-06-25,2025-07-02,2025-06-30,2.45,0.0,Returned,2025-06-25 16:32:00,2025-06-30 13:33:01
4715,284,606,2025-08-24,2025-08-31,,2.83,205.5,Overdue,2025-08-24 03:58:48,2025-08-24 03:58:48
4716,810,1638,2026-02-23,2026-03-09,2026-02-28,1.73,0.0,Returned,2026-02-23 06:12:06,2026-02-28 09:52:28
4717,923,839,2026-03-16,2026-03-30,2026-03-25,4.93,0.0,Returned,2026-03-16 12:47:49,2026-03-25 01:37:14
4718,544,4,2025-06-08,2025-06-18,2025-06-20,2.72,1.5,Returned,2025-06-08 12:36:38,2025-06-20 18:29:48
4719,750,1011,2025-08-18,2025-09-01,2025-08-20,2.92,0.0,Returned,2025-08-18 09:01:28,2025-08-20 12:00:55
4720,872,594,2025-09-12,2025-09-26,2025-09-18,2.93,0.0,Returned,2025-09-12 09:17:16,2025-09-18 05:37:40
4721,984,916,2025-10-14,2025-10-21,2025-10-19,4.36,0.0,Returned,2025-10-14 09:20:38,2025-10-19 17:35:35
4722,817,272,2025-08-07,2025-08-21,2025-08-12,2.79,0.0,Returned,2025-08-07 22:51:12,2025-08-12 20:47:28
4723,119,595,2026-04-15,2026-04-22,2026-04-21,1.89,0.0,Returned,2026-04-15 15:06:12,2026-04-21 14:50:06
4724,737,1396,2025-09-11,2025-09-21,2025-09-12,4.84,0.0,Returned,2025-09-11 13:44:51,2025-09-12 20:17:45
4725,587,1150,2025-07-31,2025-08-07,2025-08-01,4.23,0.0,Returned,2025-07-31 05:13:56,2025-08-01 10:40:07
4726,498,1249,2026-01-25,2026-02-08,2026-02-03,3.01,0.0,Returned,2026-01-25 16:45:07,2026-02-03 15:47:36
4727,149,807,2025-11-03,2025-11-17,2025-11-10,1.78,0.0,Returned,2025-11-03 16:57:25,2025-11-10 12:33:38
4728,214,84,2026-03-05,2026-03-19,2026-03-20,1.87,0.75,Returned,2026-03-05 11:38:58,2026-03-20 05:21:21
4729,281,1752,2025-11-01,2025-11-08,,4.82,153.75,Overdue,2025-11-01 19:15:26,2025-11-01 19:15:26
4730,350,472,2025-10-28,2025-11-11,,1.7,151.5,Overdue,2025-10-28 12:34:21,2025-10-28 12:34:21
4731,990,1014,2025-12-30,2026-01-06,2026-01-06,1.6,0.0,Returned,2025-12-30 18:56:57,2026-01-06 23:54:02
4732,478,205,2025-06-30,2025-07-14,2025-07-18,2.35,3.0,Returned,2025-06-30 00:38:49,2025-07-18 18:44:33
4733,853,644,2026-01-28,2026-02-11,2026-01-28,2.32,0.0,Returned,2026-01-28 22:34:05,2026-01-28 22:34:05
4734,596,211,2025-11-26,2025-12-10,2025-12-04,3.92,0.0,Returned,2025-11-26 05:54:46,2025-12-04 17:00:42
4735,998,1045,2026-05-03,2026-05-17,,2.36,11.25,Overdue,2026-05-03 00:54:28,2026-05-03 00:54:28
4736,176,1274,2025-08-25,2025-09-01,2025-08-29,3.16,0.0,Returned,2025-08-25 12:29:54,2025-08-29 16:00:37
4737,930,477,2026-04-27,2026-05-04,2026-05-04,3.39,0.0,Returned,2026-04-27 21:21:20,2026-05-04 17:32:02
4738,104,1564,2025-09-15,2025-09-25,2025-10-05,2.5,7.5,Returned,2025-09-15 05:47:42,2025-10-05 00:56:45
4739,307,1036,2026-03-28,2026-04-11,2026-04-20,3.93,6.75,Returned,2026-03-28 05:59:42,2026-04-20 02:29:09
4740,981,1596,2026-04-09,2026-04-19,2026-04-09,7.41,0.0,Returned,2026-04-09 07:46:23,2026-04-09 12:51:21
4741,395,181,2025-12-11,2025-12-18,2025-12-14,4.1,0.0,Returned,2025-12-11 19:21:19,2025-12-14 10:45:36
4742,53,535,2025-06-17,2025-06-27,,1.27,254.25,Overdue,2025-06-17 11:16:41,2025-06-17 11:16:41
4743,80,1493,2025-12-31,2026-01-07,2026-01-14,2.48,5.25,Returned,2025-12-31 13:01:09,2026-01-14 00:23:33
4744,40,1584,2026-01-01,2026-01-08,2026-01-05,2.13,0.0,Returned,2026-01-01 18:10:04,2026-01-05 13:13:08
4745,348,1454,2025-11-18,2025-12-02,2025-11-23,2.94,0.0,Returned,2025-11-18 08:16:45,2025-11-23 13:47:58
4746,379,934,2025-07-11,2025-07-25,2025-07-16,2.47,0.0,Returned,2025-07-11 02:54:49,2025-07-16 02:17:42
4747,751,1372,2025-07-18,2025-07-28,2025-07-28,4.69,0.0,Returned,2025-07-18 17:15:49,2025-07-28 16:43:35
4748,475,1197,2026-02-20,2026-03-06,2026-02-22,4.14,0.0,Returned,2026-02-20 15:49:24,2026-02-22 21:30:01
4749,929,760,2025-11-17,2025-12-01,2025-11-25,2.65,0.0,Returned,2025-11-17 04:12:20,2025-11-25 11:37:38
4750,630,1706,2025-09-05,2025-09-15,2025-09-07,3.44,0.0,Returned,2025-09-05 00:50:23,2025-09-07 08:00:45
4751,649,1282,2025-07-25,2025-08-04,2025-08-01,4.66,0.0,Returned,2025-07-25 07:55:50,2025-08-01 01:45:40
4752,256,533,2026-03-03,2026-03-10,,2.23,62.25,Overdue,2026-03-03 22:58:33,2026-03-03 22:58:33
4753,700,624,2026-03-21,2026-03-28,,4.55,48.75,Overdue,2026-03-21 17:41:53,2026-03-21 17:41:53
4754,877,317,2025-09-28,2025-10-05,2025-10-01,2.95,0.0,Returned,2025-09-28 10:04:18,2025-10-01 14:43:23
4755,657,10,2025-06-25,2025-07-05,2025-07-02,3.42,0.0,Returned,2025-06-25 15:34:26,2025-07-02 10:05:59
4756,409,1481,2026-01-13,2026-01-20,2026-01-14,3.46,0.0,Returned,2026-01-13 02:38:45,2026-01-14 06:46:37
4757,846,386,2025-10-10,2025-10-20,2025-10-12,2.55,0.0,RETURNED,2025-10-10 10:59:05,2025-10-12 13:04:03
4758,939,1488,2026-03-01,2026-03-15,2026-03-13,4.68,0.0,Returned,2026-03-01 20:29:58,2026-03-13 13:14:03
4759,968,995,2026-03-01,2026-03-15,2026-03-12,1.93,0.0,Returned,2026-03-01 08:15:24,2026-03-12 00:19:00
4760,776,337,2025-06-27,2025-07-07,,3.37,246.75,Overdue,2025-06-27 03:13:55,2025-06-27 03:13:55
4761,97,1647,2025-09-22,2025-10-02,2025-09-24,2.82,0.0,Returned,2025-09-22 08:32:29,2025-09-24 08:55:41
4762,551,499,2025-07-10,2025-07-24,2025-07-15,4.81,0.0,Returned,2025-07-10 12:06:19,2025-07-15 11:14:27
4763,93,1453,2025-11-18,2025-11-25,2025-11-24,1.79,0.0,Returned,2025-11-18 06:15:31,2025-11-24 09:33:06
4764,874,1065,2025-10-25,2025-11-04,2025-10-28,3.68,0.0,Returned,2025-10-25 21:10:44,2025-10-28 11:49:33
4765,109,350,2025-07-23,2025-08-06,2025-08-03,1.85,0.0,Returned,2025-07-23 22:17:54,2025-08-03 15:31:57
4766,447,920,2025-07-28,2025-08-07,2025-07-28,2.28,0.0,Returned,2025-07-28 00:36:00,2025-07-28 04:53:14
4767,864,746,2025-10-13,2025-10-27,2025-10-15,4.85,0.0,Returned,2025-10-13 03:04:36,2025-10-15 03:10:12
4768,349,458,2026-04-14,2026-04-28,2026-04-25,6.17,0.0,Returned,2026-04-14 12:59:16,2026-04-25 09:38:45
4769,497,1101,2026-03-05,2026-03-12,2026-03-18,2.76,4.5,Returned,2026-03-05 12:34:39,2026-03-18 19:46:02
4770,371,1706,2026-03-29,2026-04-12,2026-04-11,3.98,0.0,Returned,2026-03-29 20:48:46,2026-04-11 21:37:09
4771,865,788,2025-07-10,2025-07-20,2025-07-19,3.76,0.0,Returned,2025-07-10 00:08:21,2025-07-19 10:28:12
4772,778,1039,2025-08-22,2025-09-01,2025-08-25,4.75,0.0,Returned,2025-08-22 06:19:57,2025-08-25 01:26:00
4773,549,1401,2025-07-25,2025-08-08,2025-08-06,1.5,0.0,Returned,2025-07-25 11:17:42,2025-08-06 18:43:48
4774,520,208,2025-08-30,2025-09-06,2025-09-02,4.6,0.0,Returned,2025-08-30 15:05:24,2025-09-02 15:30:52
4775,653,1724,2025-09-01,2025-09-11,2025-09-01,3.33,0.0,Returned,2025-09-01 09:07:58,2025-09-01 19:06:15
4776,808,1235,2025-12-27,2026-01-10,2026-01-01,2.17,0.0,Returned,2025-12-27 20:40:37,2026-01-01 16:54:32
4777,84,855,2025-08-19,2025-08-26,2025-08-25,4.44,0.0,Returned,2025-08-19 01:08:27,2025-08-25 23:59:24
4778,775,924,2026-05-03,2026-05-10,2026-05-06,3.95,0.0,Returned,2026-05-03 11:56:45,2026-05-06 02:50:12
4779,236,1739,2026-05-21,2026-05-28,2026-05-27,3.6,0.0,Returned,2026-05-21 03:38:12,2026-05-27 13:48:17
4780,119,618,2026-02-02,2026-02-12,2026-02-11,3.22,0.0,Returned,2026-02-02 04:05:01,2026-02-11 04:47:08
4781,80,286,2026-05-11,2026-05-21,2026-05-14,2.47,0.0,Returned,2026-05-11 03:35:09,2026-05-14 15:25:52
4782,106,1471,2026-02-16,2026-03-02,2026-02-27,2.33,0.0,Returned,2026-02-16 16:42:07,2026-02-27 16:50:09
4783,535,1782,2025-11-03,2025-11-13,,2.37,150.0,Overdue,2025-11-03 19:05:46,2025-11-03 19:05:46
4784,518,850,2026-04-26,2026-05-06,2026-04-26,1.91,0.0,Returned,2026-04-26 08:01:55,2026-04-26 20:58:38
4785,170,1468,2026-04-15,2026-04-29,2026-04-19,1.31,0.0,Returned,2026-04-15 07:40:05,2026-04-19 11:27:09
4786,224,723,2025-12-04,2025-12-18,2025-12-17,3.05,0.0,Returned,2025-12-04 06:49:17,2025-12-17 20:19:43
4787,653,1574,2025-10-14,2025-10-28,2025-10-16,3.27,0.0,Returned,2025-10-14 19:59:30,2025-10-16 02:41:40
4788,743,1626,2025-10-04,2025-10-18,2025-10-08,3.67,0.0,Returned,2025-10-04 01:52:56,2025-10-08 18:46:10
4789,316,711,2025-09-11,2025-09-21,2025-09-13,2.11,0.0,Returned,2025-09-11 00:10:34,2025-09-13 02:50:33
4790,343,1631,2026-04-14,2026-04-24,2026-04-24,4.56,0.0,Returned,2026-04-14 11:28:13,2026-04-24 12:42:05
4791,370,1128,2026-04-21,2026-04-28,2026-04-25,2.45,0.0,Returned,2026-04-21 00:31:01,2026-04-25 12:45:08
4792,877,1174,2025-12-08,2025-12-18,2025-12-09,4.98,0.0,Returned,2025-12-08 05:57:51,2025-12-09 01:30:57
4793,50,1289,2026-01-14,2026-01-28,2026-01-19,1.15,0.0,Returned,2026-01-14 18:10:48,2026-01-19 20:45:56
4794,426,723,2025-11-06,2025-11-13,2025-11-06,3.75,0.0,Returned,2025-11-06 21:15:55,2025-11-06 21:15:55
4795,699,1580,2025-11-10,2025-11-24,2025-11-23,2.93,0.0,Returned,2025-11-10 15:22:20,2025-11-23 00:13:50
4796,824,1681,2026-02-11,2026-02-18,2026-02-14,3.1,0.0,Returned,2026-02-11 21:55:06,2026-02-14 14:49:05
4797,320,13,2025-08-03,2025-08-10,2025-08-14,1.79,3.0,Returned,2025-08-03 00:54:07,2025-08-14 03:08:53
4798,872,14,2025-11-08,2025-11-15,2025-11-20,2.03,3.75,Returned,2025-11-08 14:02:00,2025-11-20 20:56:48
4799,837,588,2025-10-28,2025-11-11,2025-11-08,3.68,0.0,Returned,2025-10-28 12:02:58,2025-11-08 01:15:12
4800,303,430,2026-01-16,2026-01-26,2026-01-16,2.06,0.0,Returned,2026-01-16 14:26:28,2026-01-16 14:26:28
4801,980,407,2025-10-28,2025-11-07,2025-11-14,3.89,5.25,Returned,2025-10-28 04:39:14,2025-11-14 04:22:12
4802,651,743,2026-02-21,2026-02-28,2026-02-25,3.64,0.0,Returned,2026-02-21 03:23:03,2026-02-25 22:46:25
4803,595,1412,2026-05-14,2026-05-21,2026-05-20,1.64,0.0,Returned,2026-05-14 08:04:02,2026-05-20 20:48:38
4804,690,171,2026-01-03,2026-01-17,2026-01-12,1.97,0.0,Returned,2026-01-03 13:49:21,2026-01-12 08:06:55
4805,656,1496,2025-09-18,2025-09-28,2025-09-22,4.3,0.0,Returned,2025-09-18 20:34:27,2025-09-22 20:48:01
4806,896,276,2026-03-13,2026-03-23,2026-03-14,2.55,0.0,Returned,2026-03-13 16:33:28,2026-03-14 11:08:54
4807,58,1301,2025-08-14,2025-08-28,,4.95,207.75,Overdue,2025-08-14 06:06:03,2025-08-14 06:06:03
4808,6,376,2026-05-15,2026-05-25,2026-05-22,2.41,0.0,Returned,2026-05-15 13:07:02,2026-05-22 20:41:32
4809,264,817,2025-06-22,2025-07-06,2025-06-22,2.48,0.0,Returned,2025-06-22 08:03:13,2025-06-22 12:29:50
4810,222,1454,2026-05-28,2026-06-04,2026-06-03,1.85,0.0,Returned,2026-05-28 11:17:17,2026-06-03 16:54:46
4811,223,554,2026-02-28,2026-03-10,2026-03-15,2.39,3.75,Returned,2026-02-28 12:20:00,2026-03-15 11:04:48
4812,901,1656,2026-04-05,2026-04-15,2026-04-16,2.69,0.75,Returned,2026-04-05 07:08:25,2026-04-16 23:05:50
4813,293,930,2025-09-04,2025-09-14,2025-09-05,4.52,0.0,Returned,2025-09-04 01:18:31,2025-09-05 23:14:39
4814,392,1767,2025-11-04,2025-11-18,2025-11-05,4.26,0.0,Returned,2025-11-04 17:48:39,2025-11-05 05:01:52
4815,134,1364,2026-04-03,2026-04-10,,2.13,39.0,Overdue,2026-04-03 20:14:14,2026-04-03 20:14:14
4816,201,139,2025-12-31,2026-01-10,2026-01-03,3.39,0.0,Returned,2025-12-31 23:28:59,2026-01-03 04:33:14
4817,347,102,2025-07-21,2025-07-28,2025-07-26,1.03,0.0,Returned,2025-07-21 09:36:48,2025-07-26 13:20:35
4818,532,1038,2026-01-19,2026-01-29,2026-02-01,4.87,2.25,Returned,2026-01-19 23:27:42,2026-02-01 05:55:25
4819,51,1538,2026-03-31,2026-04-10,2026-04-18,3.1,6.0,Returned,2026-03-31 08:52:17,2026-04-18 06:13:48
4820,611,465,2025-08-06,2025-08-16,2025-08-26,3.83,7.5,Returned,2025-08-06 11:53:01,2025-08-26 12:23:06
4821,182,272,2025-06-24,2025-07-01,2025-07-10,4.46,6.75,Returned,2025-06-24 18:03:58,2025-07-10 02:00:11
4822,366,809,2025-12-07,2025-12-17,2025-12-10,1.82,0.0,Returned,2025-12-07 00:20:21,2025-12-10 21:17:04
4823,915,287,2025-11-22,2025-11-29,2025-12-06,1.59,5.25,Returned,2025-11-22 13:45:54,2025-12-06 14:45:46
4824,432,980,2025-10-21,2025-11-04,,4.42,156.75,Overdue,2025-10-21 16:55:47,2025-10-21 16:55:47
4825,288,1629,2025-11-08,2025-11-22,2025-11-08,4.35,0.0,Returned,2025-11-08 06:30:22,2025-11-08 14:03:24
4826,340,397,2026-03-24,2026-03-31,2026-03-24,3.15,0.0,Returned,2026-03-24 07:33:56,2026-03-24 21:20:28
4827,929,29,2025-09-17,2025-09-24,2025-09-19,2.98,0.0,Returned,2025-09-17 18:30:51,2025-09-19 23:11:56
4828,884,825,2025-11-28,2025-12-12,2025-12-17,8.66,3.75,Returned,2025-11-28 15:15:55,2025-12-17 05:40:39
4829,217,850,2025-09-14,2025-09-24,,1.78,187.5,Overdue,2025-09-14 23:44:49,2025-09-14 23:44:49
4830,126,1094,2025-06-21,2025-07-05,2025-06-24,2.47,0.0,Returned,2025-06-21 22:04:19,2025-06-24 12:36:41
4831,676,272,2025-06-08,2025-06-15,2025-06-13,3.01,0.0,Returned,2025-06-08 21:37:57,2025-06-13 18:12:20
4832,629,239,2026-01-06,2026-01-20,2026-01-16,2.95,0.0,Returned,2026-01-06 08:43:56,2026-01-16 16:37:33
4833,857,604,2026-02-01,2026-02-11,2026-02-08,1.68,0.0,Returned,2026-02-01 19:02:03,2026-02-08 11:44:02
4834,57,1430,2025-06-10,2025-06-20,2025-06-10,2.5,0.0,Returned,2025-06-10 07:35:21,2025-06-10 22:02:50
4835,748,942,2025-07-02,2025-07-12,2025-07-03,1.01,0.0,Returned,2025-07-02 12:15:28,2025-07-03 10:56:50
4836,948,372,2025-06-19,2025-07-03,2025-06-30,3.36,0.0,Returned,2025-06-19 05:24:32,2025-06-30 02:04:57
4837,502,656,2025-06-10,2025-06-17,2025-06-21,1.93,3.0,Returned,2025-06-10 17:40:31,2025-06-21 23:31:41
4838,114,669,2025-08-20,2025-08-27,2025-08-24,3.22,0.0,Returned,2025-08-20 04:27:08,2025-08-24 19:27:11
4839,254,155,2026-03-09,2026-03-16,2026-03-12,5.83,0.0,Returned,2026-03-09 07:30:00,2026-03-12 04:25:12
4840,286,979,2025-09-28,2025-10-12,2025-10-07,5.72,0.0,Returned,2025-09-28 14:05:03,2025-10-07 03:54:55
4841,644,372,2026-03-19,2026-03-29,2026-03-20,4.18,0.0,Returned,2026-03-19 23:40:31,2026-03-20 00:03:02
4842,534,32,2025-08-09,2025-08-16,,4.9,216.75,OVERDUE,2025-08-09 20:13:04,2025-08-09 20:13:04
4843,135,249,2026-01-05,2026-01-12,2026-01-10,2.83,0.0,Returned,2026-01-05 08:35:44,2026-01-10 22:00:32
4844,906,819,2025-09-01,2025-09-08,2025-09-08,4.87,0.0,Returned,2025-09-01 10:14:07,2025-09-08 21:48:35
4845,592,94,2025-12-13,2025-12-20,2025-12-17,2.02,0.0,Returned,2025-12-13 10:14:03,2025-12-17 01:05:56
4846,12,580,2025-10-09,2025-10-19,2025-10-13,3.41,0.0,Returned,2025-10-09 12:21:22,2025-10-13 17:14:37
4847,619,1506,2026-02-12,2026-02-22,2026-02-17,3.06,0.0,Returned,2026-02-12 00:59:38,2026-02-17 19:35:04
4848,520,537,2026-04-08,2026-04-22,2026-04-18,2.13,0.0,Returned,2026-04-08 21:27:57,2026-04-18 23:26:40
4849,675,116,2026-02-02,2026-02-12,2026-02-08,3.94,0.0,Returned,2026-02-02 13:36:40,2026-02-08 07:14:06
4850,90,823,2026-04-09,2026-04-16,2026-04-16,7.52,0.0,Returned,2026-04-09 21:27:50,2026-04-16 17:41:46
4851,959,1019,2025-08-10,2025-08-17,2025-08-10,3.14,0.0,Returned,2025-08-10 09:01:01,2025-08-10 19:29:56
4852,176,3,2025-09-05,2025-09-12,2025-09-06,2.81,0.0,Returned,2025-09-05 04:52:43,2025-09-06 22:59:21
4853,42,764,2026-05-26,2026-06-09,2026-06-01,4.39,5.25,Returned,2026-05-26 22:21:33,2026-06-01 21:16:29
4854,587,1370,2026-03-18,2026-04-01,2026-03-29,3.0,0.0,Returned,2026-03-18 10:56:55,2026-03-29 05:32:02
4855,857,1605,2025-07-05,2025-07-15,2025-07-09,2.04,0.0,Returned,2025-07-05 15:23:44,2025-07-09 10:58:16
4856,733,280,2025-08-17,2025-08-31,2025-08-27,2.88,0.0,Returned,2025-08-17 05:33:21,2025-08-27 12:40:17
4857,937,1320,2025-08-17,2025-08-27,2025-08-19,3.04,0.0,Returned,2025-08-17 00:53:14,2025-08-19 11:17:18
4858,781,1191,2025-09-18,2025-09-25,2025-09-22,2.85,0.0,Returned,2025-09-18 16:32:23,2025-09-22 22:59:01
4859,915,798,2025-06-18,2025-06-28,2025-07-06,4.76,6.0,Returned,2025-06-18 17:18:24,2025-07-06 05:30:30
4860,839,469,2026-02-06,2026-02-20,2026-02-20,4.39,0.0,Returned,2026-02-06 08:22:12,2026-02-20 00:29:41
4861,158,641,2025-07-20,2025-08-03,2025-07-20,2.56,0.0,Returned,2025-07-20 17:27:43,2025-07-20 19:18:19
4862,79,1038,2025-08-20,2025-08-30,2025-09-08,4.4,6.75,Returned,2025-08-20 03:53:50,2025-09-08 19:35:47
4863,811,538,2026-02-01,2026-02-15,2026-02-04,3.42,0.0,Returned,2026-02-01 22:14:00,2026-02-04 12:53:53
4864,721,1138,2026-02-16,2026-03-02,2026-02-18,3.26,0.0,Returned,2026-02-16 02:26:52,2026-02-18 06:09:28
4865,909,889,2025-10-23,2025-11-02,2025-11-01,2.14,0.0,Returned,2025-10-23 00:44:49,2025-11-01 04:29:54
4866,542,1770,2025-11-26,2025-12-10,2025-12-09,6.2,0.0,Returned,2025-11-26 12:17:06,2025-12-09 21:45:21
4867,488,776,2025-10-10,2025-10-17,2025-10-15,2.06,0.0,Returned,2025-10-10 06:33:05,2025-10-15 05:21:51
4868,797,1236,2025-12-06,2025-12-13,2025-12-18,2.77,3.75,Returned,2025-12-06 07:08:15,2025-12-18 08:17:14
4869,755,1564,2026-01-11,2026-01-18,,1.7,100.5,Overdue,2026-01-11 09:35:26,2026-01-11 09:35:26
4870,48,1216,2025-09-29,2025-10-13,2025-10-02,2.67,0.0,Returned,2025-09-29 15:48:43,2025-10-02 16:44:14
4871,525,248,2025-07-01,2025-07-08,2025-07-01,1.7,0.0,Returned,2025-07-01 22:36:36,2025-07-01 22:36:36
4872,394,359,2026-03-25,2026-04-08,2026-03-29,2.17,0.0,Returned,2026-03-25 10:07:31,2026-03-29 10:23:51
4873,902,672,2026-05-24,2026-06-03,2026-05-25,1.77,0.0,Returned,2026-05-24 23:18:07,2026-05-25 23:36:20
4874,181,731,2025-11-10,2025-11-20,2025-11-22,1.56,1.5,Returned,2025-11-10 23:50:42,2025-11-22 02:47:05
4875,109,1396,2025-07-13,2025-07-23,2025-07-13,4.31,0.0,Returned,2025-07-13 21:27:20,2025-07-13 21:27:20
4876,247,502,2025-11-05,2025-11-12,2025-11-10,3.13,0.0,Returned,2025-11-05 08:43:58,2025-11-10 11:10:15
4877,34,6,2026-01-24,2026-01-31,2026-01-24,3.26,0.0,Returned,2026-01-24 16:59:15,2026-01-24 16:59:15
4878,209,733,2025-08-10,2025-08-17,,1.63,216.0,Overdue,2025-08-10 16:07:33,2025-08-10 16:07:33
4879,81,1308,2025-08-12,2025-08-19,2025-08-17,2.9,0.0,Returned,2025-08-12 21:38:00,2025-08-17 09:43:25
4880,249,371,2026-02-14,2026-02-24,2026-02-22,2.95,0.0,Returned,2026-02-14 17:48:45,2026-02-22 07:50:07
4881,836,499,2026-02-11,2026-02-18,2026-02-13,4.26,0.0,Returned,2026-02-11 07:35:57,2026-02-13 10:30:37
4882,454,2,2025-08-14,2025-08-21,2025-08-16,2.78,0.0,Returned,2025-08-14 01:38:43,2025-08-16 13:12:50
4883,572,1504,2026-04-20,2026-04-30,2026-04-28,5.04,0.0,Returned,2026-04-20 04:45:25,2026-04-28 10:23:26
4884,621,765,2026-04-03,2026-04-10,2026-04-09,4.89,0.0,Returned,2026-04-03 07:40:09,2026-04-09 03:04:45
4885,170,29,2025-07-22,2025-08-01,2025-07-29,4.94,0.0,Returned,2025-07-22 04:33:53,2025-07-29 02:44:35
4886,65,780,2026-05-21,2026-05-31,2026-05-23,3.72,0.0,Returned,2026-05-21 20:58:21,2026-05-23 14:04:51
4887,776,472,2025-11-29,2025-12-13,2025-11-29,2.11,0.0,Returned,2025-11-29 04:51:19,2025-11-29 13:54:01
4888,383,671,2025-08-30,2025-09-06,2025-09-13,1.72,5.25,Returned,2025-08-30 22:34:38,2025-09-13 00:20:57
4889,374,1251,2025-09-13,2025-09-23,2025-09-13,4.79,0.0,Returned,2025-09-13 19:02:24,2025-09-13 19:02:24
4890,750,1087,2026-02-17,2026-02-24,2026-02-18,4.13,0.0,Returned,2026-02-17 01:52:53,2026-02-18 14:31:16
4891,946,426,2025-08-27,2025-09-10,2025-08-28,3.8,0.0,Returned,2025-08-27 13:12:36,2025-08-28 10:36:36
4892,965,1779,2026-03-02,2026-03-12,2026-03-06,3.42,0.0,Returned,2026-03-02 17:26:08,2026-03-06 17:21:01
4893,495,1221,2025-11-13,2025-11-20,2025-11-20,3.53,-1.5,Returned,2025-11-13 11:51:43,2025-11-20 17:16:20
4894,222,656,2026-03-15,2026-03-22,2026-03-22,1.55,0.0,Returned,2026-03-15 04:11:59,2026-03-22 01:48:27
4895,363,490,2025-12-28,2026-01-07,2025-12-29,1.02,0.0,Returned,2025-12-28 01:44:55,2025-12-29 23:04:39
4896,208,268,2026-04-16,2026-04-30,2026-04-20,2.3,0.0,Returned,2026-04-16 03:33:56,2026-04-20 23:53:09
4897,610,1393,2025-07-20,2025-07-27,2025-07-23,3.62,0.0,Returned,2025-07-20 12:18:44,2025-07-23 00:25:17
4898,346,1639,2025-10-03,2025-10-10,,1.8,175.5,Overdue,2025-10-03 11:08:16,2025-10-03 11:08:16
4899,321,1075,2026-05-21,2026-05-31,,4.21,0.75,Overdue,2026-05-21 23:46:40,2026-05-21 23:46:40
4900,530,1639,2025-11-15,2025-11-22,2025-11-30,2.36,6.0,Returned,2025-11-15 20:24:29,2025-11-30 03:54:49
4901,653,1304,2026-05-26,2026-06-02,2026-05-27,2.84,0.0,Returned,2026-05-26 16:19:11,2026-05-27 18:33:58
4902,958,1385,2025-11-08,2025-11-15,2025-11-10,1.89,0.0,Returned,2025-11-08 14:35:17,2025-11-10 20:02:48
4903,289,106,2025-12-26,2026-01-05,2026-01-02,4.49,0.0,Returned,2025-12-26 11:40:06,2026-01-02 04:41:03
4904,385,824,2026-05-07,2026-05-14,2026-05-11,7.58,0.0,Returned,2026-05-07 09:59:22,2026-05-11 17:42:19
4905,211,1263,2025-12-03,2025-12-10,2025-12-06,4.0,0.0,RETURNED,2025-12-03 19:33:25,2025-12-06 00:29:49
4906,157,1370,2026-02-14,2026-02-28,2026-02-23,4.5,0.0,Returned,2026-02-14 13:14:46,2026-02-23 07:06:37
4907,770,1309,2025-10-05,2025-10-15,2025-10-09,2.73,0.0,Returned,2025-10-05 11:38:00,2025-10-09 14:20:00
4908,28,340,2025-08-31,2025-09-14,2025-09-19,2.71,3.75,Returned,2025-08-31 11:34:26,2025-09-19 04:53:27
4909,14,1750,2025-08-04,2025-08-14,2025-08-13,2.66,0.0,Returned,2025-08-04 07:11:38,2025-08-13 22:17:32
4910,603,124,2026-03-11,2026-03-21,2026-03-13,1.27,0.0,Returned,2026-03-11 22:39:39,2026-03-13 12:18:36
4911,569,1063,2026-04-10,2026-04-20,2026-04-23,2.93,2.25,Returned,2026-04-10 15:18:02,2026-04-23 22:14:25
4912,886,419,2025-09-12,2025-09-26,2025-09-29,2.18,2.25,Returned,2025-09-12 21:46:31,2025-09-29 01:16:39
4913,9,1342,2026-03-01,2026-03-08,2026-03-15,4.8,5.25,Returned,2026-03-01 18:49:00,2026-03-15 11:11:29
4914,848,23,2026-01-04,2026-01-18,2026-01-04,1.57,0.0,Returned,2026-01-04 04:40:08,2026-01-04 09:52:11
4915,471,1512,2025-06-13,2025-06-27,2025-06-16,1.14,0.0,Returned,2025-06-13 16:06:03,2025-06-16 09:28:19
4916,856,1500,2025-12-07,2025-12-17,2025-12-14,1.71,0.0,Returned,2025-12-07 07:20:24,2025-12-14 23:08:22
4917,664,562,2025-09-17,2025-10-01,2025-09-24,3.74,0.0,Returned,2025-09-17 09:57:05,2025-09-24 18:03:05
4918,481,1538,2025-12-11,2025-12-25,2025-12-24,3.44,0.0,Returned,2025-12-11 10:02:45,2025-12-24 01:27:50
4919,791,1743,2026-04-07,2026-04-21,2026-04-30,4.87,6.75,Returned,2026-04-07 07:16:19,2026-04-30 10:57:10
4920,802,544,2025-06-22,2025-07-02,2025-06-26,8.69,0.0,Returned,2025-06-22 05:37:57,2025-06-26 15:06:07
4921,522,1197,2025-08-07,2025-08-17,2025-08-18,3.62,0.75,Returned,2025-08-07 11:13:31,2025-08-18 15:53:21
4922,823,1767,2025-09-07,2025-09-17,2025-09-07,4.88,0.0,Returned,2025-09-07 23:27:29,2025-09-07 23:27:29
4923,566,1733,2025-07-05,2025-07-15,2025-07-13,1.15,0.0,Returned,2025-07-05 10:37:05,2025-07-13 10:53:28
4924,79,388,2026-04-28,2026-05-12,,1.91,15.0,Overdue,2026-04-28 07:14:06,2026-04-28 07:14:06
4925,393,791,2025-11-25,2025-12-05,2025-12-05,3.28,0.0,Returned,2025-11-25 14:48:17,2025-12-05 10:05:21
4926,792,1632,2025-11-30,2025-12-14,,3.33,126.75,Overdue,2025-11-30 16:46:40,2025-11-30 16:46:40
4927,688,1666,2025-09-25,2025-10-09,,2.22,176.25,Overdue,2025-09-25 20:40:59,2025-09-25 20:40:59
4928,19,478,2026-05-11,2026-05-25,2026-05-23,4.3,0.0,Returned,2026-05-11 04:37:20,2026-05-23 08:52:20
4929,119,1064,2025-11-27,2025-12-04,,3.12,134.25,Overdue,2025-11-27 04:38:47,2025-11-27 04:38:47
4930,129,123,2025-06-12,2025-06-19,2025-06-21,1.29,1.5,Returned,2025-06-12 08:00:27,2025-06-21 02:02:52
4931,124,972,2026-02-15,2026-02-22,2026-02-22,1.46,0.0,Returned,2026-02-15 09:25:39,2026-02-22 23:56:02
4932,626,1160,2025-06-10,2025-06-17,2025-06-13,4.59,0.0,Returned,2025-06-10 23:48:58,2025-06-13 05:36:54
4933,373,206,2025-10-24,2025-11-03,2025-11-03,2.19,0.0,Returned,2025-10-24 09:41:12,2025-11-03 21:52:57
4934,254,685,2026-01-15,2026-01-29,,2.88,92.25,OVERDUE,2026-01-15 14:43:32,2026-01-15 14:43:32
4935,920,1258,2026-02-05,2026-02-12,2026-02-06,3.62,0.0,Returned,2026-02-05 21:26:41,2026-02-06 17:24:48
4936,828,1090,2025-06-27,2025-07-04,2025-07-01,2.3,0.0,Returned,2025-06-27 09:59:10,2025-07-01 15:15:20
4937,579,1414,2025-11-05,2025-11-19,2025-11-21,8.12,1.5,Returned,2025-11-05 16:39:00,2025-11-21 11:16:36
4938,550,232,2025-09-28,2025-10-08,2025-10-07,2.26,0.0,Returned,2025-09-28 21:37:23,2025-10-07 18:26:03
4939,32,1245,2025-06-07,2025-06-14,2025-06-10,3.71,0.0,Returned,2025-06-07 02:39:15,2025-06-10 04:27:14
4940,654,751,2026-02-21,2026-02-28,2026-02-22,2.86,0.0,Returned,2026-02-21 20:53:09,2026-02-22 04:47:33
4941,147,1426,2025-12-13,2025-12-27,2025-12-24,4.04,0.0,Returned,2025-12-13 06:01:49,2025-12-24 00:06:04
4942,613,951,2026-03-06,2026-03-20,2026-03-06,8.15,0.0,RETURNED,2026-03-06 20:33:14,2026-03-06 20:33:14
4943,772,1329,2025-08-31,2025-09-10,2025-09-02,4.71,0.0,Returned,2025-08-31 12:31:41,2025-09-02 07:26:45
4944,539,1596,2026-03-04,2026-03-14,2026-03-23,6.05,6.75,Returned,2026-03-04 01:43:12,2026-03-23 03:44:43
4945,482,566,2026-03-27,2026-04-10,2026-04-01,2.32,0.0,Returned,2026-03-27 15:58:14,2026-04-01 03:11:53
4946,597,545,2026-05-15,2026-05-22,2026-05-16,8.88,0.0,Returned,2026-05-15 12:14:45,2026-05-16 16:01:52
4947,792,275,2026-05-13,2026-05-27,2026-05-31,3.88,3.0,Returned,2026-05-13 12:39:41,2026-05-31 03:03:30
4948,212,477,2026-02-28,2026-03-10,2026-03-08,3.14,0.0,Returned,2026-02-28 03:21:03,2026-03-08 11:07:13
4949,820,1062,2025-09-21,2025-10-05,2025-09-30,2.68,0.0,Returned,2025-09-21 11:10:35,2025-09-30 13:54:19
4950,570,1489,2025-10-17,2025-10-24,,4.67,165.0,Overdue,2025-10-17 10:34:48,2025-10-17 10:34:48
4951,744,312,2026-05-07,2026-05-17,2026-05-18,3.74,0.75,Returned,2026-05-07 12:59:26,2026-05-18 17:44:10
4952,351,1377,2025-08-22,2025-09-05,2025-09-02,2.05,0.0,Returned,2025-08-22 15:44:17,2025-09-02 23:02:07
4953,732,437,2025-12-18,2025-12-28,2025-12-25,2.72,0.0,Returned,2025-12-18 18:46:59,2025-12-25 02:45:36
4954,712,737,2026-02-07,2026-02-14,2026-02-07,1.81,0.0,Returned,2026-02-07 09:39:45,2026-02-07 17:38:12
4955,320,754,2026-02-12,2026-02-26,2026-03-08,1.7,7.5,Returned,2026-02-12 03:21:17,2026-03-08 15:42:19
4956,887,75,2025-06-25,2025-07-05,2025-07-02,3.49,0.0,Returned,2025-06-25 13:18:37,2025-07-02 07:14:09
4957,521,589,2025-06-18,2025-06-28,2025-06-24,3.07,0.0,Returned,2025-06-18 23:08:27,2025-06-24 03:46:29
4958,17,5,2025-10-28,2025-11-07,2025-11-05,4.37,0.0,Returned,2025-10-28 13:26:08,2025-11-05 23:29:31
4959,408,159,2026-04-09,2026-04-16,2026-04-12,2.47,0.0,Returned,2026-04-09 17:49:55,2026-04-12 21:57:25
4960,31,1625,2025-12-11,2025-12-21,2025-12-31,2.78,7.5,Returned,2025-12-11 05:34:21,2025-12-31 22:49:33
4961,447,1584,2025-10-02,2025-10-16,2025-10-17,1.29,0.75,Returned,2025-10-02 12:51:14,2025-10-17 06:46:55
4962,852,1724,2026-04-18,2026-04-25,2026-04-21,3.73,0.0,Returned,2026-04-18 00:21:40,2026-04-21 03:30:44
4963,363,40,2026-03-23,2026-04-02,,4.13,45.0,Overdue,2026-03-23 05:49:44,2026-03-23 05:49:44
4964,125,1543,2026-02-02,2026-02-09,2026-02-06,3.97,0.0,Returned,2026-02-02 08:49:23,2026-02-06 17:54:58
4965,563,1718,2026-04-23,2026-05-07,2026-05-06,1.54,0.0,Returned,2026-04-23 17:23:55,2026-05-06 06:08:50
4966,14,1595,2025-08-03,2025-08-17,2025-08-14,8.74,0.0,Returned,2025-08-03 19:12:57,2025-08-14 02:41:51
4967,92,807,2026-05-10,2026-05-20,2026-05-13,1.16,0.0,Returned,2026-05-10 05:16:11,2026-05-13 21:07:15
4968,485,65,2025-12-12,2025-12-26,2025-12-25,2.8,0.0,Returned,2025-12-12 08:07:25,2025-12-25 00:25:59
4969,294,253,2025-10-06,2025-10-16,2025-10-08,5.09,0.0,Returned,2025-10-06 19:49:50,2025-10-08 02:26:20
4970,491,246,2026-01-19,2026-01-29,2026-01-30,4.99,0.75,Returned,2026-01-19 11:25:11,2026-01-30 08:15:07
4971,289,958,2026-01-11,2026-01-25,2026-01-30,4.71,3.75,Returned,2026-01-11 07:47:37,2026-01-30 02:52:18
4972,761,252,2026-05-17,2026-05-27,2026-06-01,7.8,6.0,Returned,2026-05-17 12:38:43,2026-06-01 05:19:19
4973,906,834,2025-08-12,2025-08-26,2025-08-22,2.4,0.0,Returned,2025-08-12 12:53:02,2025-08-22 21:22:38
4974,324,1466,2025-09-27,2025-10-11,,1.96,174.75,Overdue,2025-09-27 06:16:36,2025-09-27 06:16:36
4975,450,1093,2025-06-26,2025-07-06,2025-06-29,1.77,0.0,Returned,2025-06-26 16:16:13,2025-06-29 16:10:45
4976,623,783,2026-04-23,2026-04-30,,3.2,24.0,OVERDUE,2026-04-23 18:37:20,2026-04-23 18:37:20
4977,77,985,2025-09-08,2025-09-15,2025-09-12,4.4,0.0,Returned,2025-09-08 04:35:35,2025-09-12 03:34:00
4978,529,1236,2026-02-14,2026-02-28,2026-02-26,1.67,0.0,Returned,2026-02-14 16:18:21,2026-02-26 04:25:03
4979,157,1573,2025-09-30,2025-10-14,2025-10-08,2.97,0.0,Returned,2025-09-30 20:26:57,2025-10-08 22:12:01
4980,1000,380,2025-07-22,2025-08-01,,2.65,228.0,Overdue,2025-07-22 23:19:26,2025-07-22 23:19:26
4981,83,723,2026-02-24,2026-03-10,2026-02-28,3.74,0.0,Returned,2026-02-24 00:10:15,2026-02-28 17:37:46
4982,460,1693,2025-10-05,2025-10-12,2025-10-14,1.68,1.5,Returned,2025-10-05 07:26:42,2025-10-14 14:07:44
4983,453,684,2026-01-30,2026-02-06,2026-02-04,4.09,0.0,Returned,2026-01-30 03:05:55,2026-02-04 19:49:36
4984,853,817,2025-06-13,2025-06-23,2025-06-20,2.01,0.0,Returned,2025-06-13 20:47:33,2025-06-20 06:49:14
4985,759,700,2025-09-25,2025-10-09,2025-10-08,2.37,0.0,Returned,2025-09-25 04:23:08,2025-10-08 11:19:50
4986,918,447,2025-10-14,2025-10-28,2025-10-27,1.45,0.0,Returned,2025-10-14 06:14:13,2025-10-27 20:07:12
4987,725,1552,2025-08-13,2025-08-23,,2.65,211.5,Overdue,2025-08-13 15:51:12,2025-08-13 15:51:12
4988,613,181,2025-09-09,2025-09-19,2025-09-09,3.67,0.0,Returned,2025-09-09 10:36:19,2025-09-09 23:55:12
4989,214,590,2026-01-09,2026-01-19,2026-01-10,3.31,0.0,Returned,2026-01-09 20:26:21,2026-01-10 02:08:39
4990,974,795,2025-11-26,2025-12-03,2025-11-26,3.75,0.0,Returned,2025-11-26 16:38:38,2025-11-26 16:38:38
4991,466,120,2025-06-30,2025-07-10,2025-07-06,2.77,0.0,Returned,2025-06-30 12:52:06,2025-07-06 19:27:59
4992,614,594,2025-09-03,2025-09-17,2025-09-09,2.85,0.0,Returned,2025-09-03 09:17:06,2025-09-09 16:10:16
4993,850,1213,2025-07-04,2025-07-18,2025-07-05,2.03,0.0,Returned,2025-07-04 05:52:30,2025-07-05 10:23:39
4994,820,596,2026-02-05,2026-02-12,2026-02-12,1.38,0.0,Returned,2026-02-05 05:28:05,2026-02-12 02:49:17
4995,970,784,2025-08-14,2025-08-24,2025-08-19,2.52,0.0,Returned,2025-08-14 01:43:48,2025-08-19 23:49:00
4996,681,937,2026-02-06,2026-02-13,2026-02-09,1.74,0.0,Returned,2026-02-06 09:09:33,2026-02-09 22:43:58
4997,344,1272,2025-07-24,2025-08-03,2025-08-03,4.66,0.0,Returned,2025-07-24 23:32:58,2025-08-03 18:45:02
4998,652,852,2025-06-24,2025-07-04,2025-06-27,3.16,0.0,Returned,2025-06-24 19:53:14,2025-06-27 07:16:46
4999,480,739,2026-03-04,2026-03-14,2026-03-06,1.58,0.0,Returned,2026-03-04 19:28:15,2026-03-06 12:15:18
5000,204,560,2025-10-05,2025-10-19,2025-10-07,4.27,0.0,Returned,2025-10-05 03:54:28,2025-10-07 23:14:33
5001,149,483,2025-10-13,2025-10-27,2025-10-24,2.66,0.0,Returned,2025-10-13 07:59:22,2025-10-24 14:52:28
5002,148,462,2025-09-15,2025-09-22,2025-09-17,1.05,0.0,Returned,2025-09-15 07:28:22,2025-09-17 03:16:34
5003,92,920,2025-11-09,2025-11-19,,1.86,145.5,Overdue,2025-11-09 22:05:10,2025-11-09 22:05:10
5004,217,630,2025-11-20,2025-12-04,2025-12-02,1.54,0.0,Returned,2025-11-20 23:00:01,2025-12-02 23:58:02
5005,725,1160,2025-12-05,2025-12-15,2025-12-12,3.01,0.0,Returned,2025-12-05 07:42:08,2025-12-12 09:48:05
5006,834,892,2026-01-04,2026-01-18,2026-01-06,8.0,-1.5,Returned,2026-01-04 23:04:05,2026-01-06 12:21:01
5007,896,1555,2025-12-12,2025-12-19,2025-12-17,2.28,0.0,Returned,2025-12-12 15:42:46,2025-12-17 12:29:48
5008,571,205,2026-05-11,2026-05-25,2026-05-24,2.02,0.0,Returned,2026-05-11 16:32:48,2026-05-24 13:48:21
5009,183,720,2026-05-10,2026-05-20,2026-05-28,4.86,6.0,Returned,2026-05-10 04:39:52,2026-05-28 14:46:17
5010,589,1510,2025-06-27,2025-07-04,2025-06-28,2.41,0.0,Returned,2025-06-27 02:52:20,2025-06-28 12:09:33
5011,425,1311,2026-05-15,2026-05-25,2026-05-15,3.34,0.0,Returned,2026-05-15 12:42:43,2026-05-15 12:42:43
5012,883,105,2025-12-11,2025-12-25,2025-12-18,3.25,0.0,Returned,2025-12-11 05:09:08,2025-12-18 05:34:59
5013,351,211,2025-07-27,2025-08-10,2025-08-16,3.32,4.5,Returned,2025-07-27 03:17:38,2025-08-16 18:03:36
5014,797,247,2026-04-07,2026-04-14,2026-04-09,8.35,0.0,Returned,2026-04-07 01:49:57,2026-04-09 20:03:13
5015,490,594,2025-12-31,2026-01-14,2026-01-12,2.92,0.0,Returned,2025-12-31 05:28:11,2026-01-12 08:44:03
5016,72,883,2026-04-07,2026-04-14,2026-04-14,2.0,0.0,Returned,2026-04-07 10:01:41,2026-04-14 04:22:10
5017,824,749,2026-01-30,2026-02-06,2026-02-11,4.44,3.75,Returned,2026-01-30 19:58:05,2026-02-11 03:24:29
5018,232,758,2026-03-04,2026-03-18,2026-03-26,2.43,6.0,RETURNED,2026-03-04 05:00:36,2026-03-26 04:32:41
5019,611,1633,2025-09-21,2025-10-05,2025-10-01,3.43,0.0,Returned,2025-09-21 03:46:37,2025-10-01 10:55:18
5020,909,1646,2026-03-09,2026-03-23,2026-03-12,2.31,0.0,Returned,2026-03-09 16:25:22,2026-03-12 07:37:32
5021,849,861,2026-01-06,2026-01-16,,3.08,102.0,Overdue,2026-01-06 02:03:38,2026-01-06 02:03:38
5022,591,1422,2025-10-07,2025-10-17,2025-10-17,2.1,0.0,Returned,2025-10-07 21:55:52,2025-10-17 13:58:48
5023,921,473,2026-02-06,2026-02-13,2026-02-12,4.28,0.0,Returned,2026-02-06 18:49:32,2026-02-12 19:59:58
5024,107,815,2026-01-26,2026-02-05,2026-02-02,2.11,0.0,Returned,2026-01-26 03:00:43,2026-02-02 11:48:21
5025,250,1624,2025-12-26,2026-01-09,2026-01-09,2.77,0.0,Returned,2025-12-26 15:04:32,2026-01-09 11:15:07
5026,174,101,2025-12-06,2025-12-20,2025-12-10,3.64,0.0,Returned,2025-12-06 10:54:20,2025-12-10 16:05:42
5027,786,1616,2026-01-02,2026-01-09,2026-01-08,2.85,0.0,Returned,2026-01-02 14:31:31,2026-01-08 22:39:52
5028,712,778,2025-11-26,2025-12-03,2025-12-02,4.72,0.0,Returned,2025-11-26 01:29:20,2025-12-02 02:40:09
5029,914,1080,2025-07-07,2025-07-17,2025-07-22,4.19,3.75,Returned,2025-07-07 14:18:17,2025-07-22 08:15:32
5030,989,123,2025-10-12,2025-10-22,,1.63,166.5,Overdue,2025-10-12 00:00:20,2025-10-12 00:00:20
5031,497,481,2026-04-09,2026-04-23,2026-04-12,2.28,0.0,Returned,2026-04-09 10:51:40,2026-04-12 13:41:29
5032,991,771,2026-05-22,2026-06-01,2026-05-24,1.86,0.0,Returned,2026-05-22 22:42:56,2026-05-24 23:35:03
5033,175,423,2026-03-08,2026-03-22,2026-03-17,1.72,0.0,RETURNED,2026-03-08 19:49:14,2026-03-17 10:57:08
5034,293,740,2025-08-10,2025-08-20,2025-08-13,1.82,0.0,Returned,2025-08-10 16:44:31,2025-08-13 00:21:07
5035,682,1499,2025-09-18,2025-09-25,2025-09-21,2.98,0.0,Returned,2025-09-18 01:06:27,2025-09-21 15:09:29
5036,449,1187,2025-12-24,2026-01-07,2026-01-17,3.52,7.5,Returned,2025-12-24 03:12:17,2026-01-17 21:48:25
5037,156,951,2025-12-10,2025-12-20,2025-12-11,8.46,0.0,Returned,2025-12-10 03:03:25,2025-12-11 01:37:25
5038,242,308,2025-10-29,2025-11-05,2025-11-03,1.95,0.0,Returned,2025-10-29 23:23:34,2025-11-03 16:53:42
5039,59,1555,2025-10-02,2025-10-12,2025-10-19,1.82,5.25,Returned,2025-10-02 05:11:06,2025-10-19 21:23:00
5040,305,1576,2025-11-17,2025-12-01,2025-12-07,2.53,4.5,Returned,2025-11-17 13:15:56,2025-12-07 17:21:34
5041,260,1742,2026-03-31,2026-04-07,2026-04-13,2.54,4.5,Returned,2026-03-31 21:31:02,2026-04-13 12:22:22
5042,810,624,2025-06-19,2025-07-03,2025-06-29,4.22,0.0,Returned,2025-06-19 01:12:14,2025-06-29 06:52:17
5043,568,1153,2026-02-05,2026-02-12,2026-02-11,1.2,0.0,Returned,2026-02-05 18:41:43,2026-02-11 14:21:49
5044,276,602,2025-11-24,2025-12-01,2025-12-01,2.67,0.0,Returned,2025-11-24 15:10:13,2025-12-01 06:20:24
5045,401,39,2026-05-02,2026-05-09,2026-05-02,4.89,0.0,Returned,2026-05-02 07:02:05,2026-05-02 07:02:05
5046,765,276,2025-11-13,2025-11-23,2025-11-15,1.58,0.0,Returned,2025-11-13 23:18:33,2025-11-15 18:45:31
5047,612,623,2025-11-12,2025-11-19,2025-11-12,3.45,0.0,Returned,2025-11-12 08:09:54,2025-11-12 14:13:25
5048,808,1610,2025-12-27,2026-01-03,2026-01-01,2.63,0.0,Returned,2025-12-27 18:36:54,2026-01-01 13:55:57
5049,687,883,2026-04-14,2026-04-21,2026-04-24,1.51,2.25,Returned,2026-04-14 21:32:34,2026-04-24 05:59:06
5050,666,1591,2026-04-03,2026-04-17,2026-04-11,5.05,0.0,Returned,2026-04-03 02:23:07,2026-04-11 20:30:13
5051,61,1412,2025-10-07,2025-10-21,2025-10-24,2.23,2.25,Returned,2025-10-07 12:09:26,2025-10-24 03:26:22
5052,465,849,2026-02-28,2026-03-10,2026-03-06,2.15,0.0,Returned,2026-02-28 09:07:05,2026-03-06 21:11:22
5053,822,1413,2026-02-26,2026-03-05,2026-03-02,4.83,0.0,Returned,2026-02-26 08:01:17,2026-03-02 09:36:46
5054,337,1724,2025-08-09,2025-08-23,,4.48,211.5,Overdue,2025-08-09 23:32:18,2025-08-09 23:32:18
5055,197,1538,2026-05-20,2026-05-30,2026-05-29,3.23,0.0,Returned,2026-05-20 11:50:40,2026-05-29 15:21:10
5056,263,538,2025-09-10,2025-09-20,2025-09-11,2.72,0.0,Returned,2025-09-10 00:36:11,2025-09-11 10:41:50
5057,857,276,2026-05-19,2026-06-02,,2.35,0.0,Active,2026-05-19 20:38:50,2026-05-19 20:38:50
5058,394,382,2025-11-22,2025-12-02,2025-12-02,1.89,0.0,Returned,2025-11-22 14:36:11,2025-12-02 07:43:20
5059,43,1707,2026-02-01,2026-02-11,2026-02-02,3.53,0.0,Returned,2026-02-01 21:50:22,2026-02-02 00:11:56
5060,478,407,2026-01-04,2026-01-18,2026-01-10,4.82,0.0,Returned,2026-01-04 13:23:10,2026-01-10 06:42:40
5061,392,1648,2026-03-08,2026-03-15,2026-03-09,3.16,0.0,Returned,2026-03-08 09:11:49,2026-03-09 13:40:38
5062,114,1472,2026-04-09,2026-04-19,2026-04-11,2.0,0.0,Returned,2026-04-09 04:16:18,2026-04-11 23:16:34
5063,398,1559,2025-11-24,2025-12-01,2025-11-25,3.92,0.0,Returned,2025-11-24 04:17:22,2025-11-25 08:13:48
5064,26,92,2025-12-07,2025-12-17,2025-12-17,8.22,0.0,Returned,2025-12-07 13:11:41,2025-12-17 14:45:27
5065,641,91,2025-06-30,2025-07-10,2025-07-18,6.61,6.0,Returned,2025-06-30 17:34:53,2025-07-18 23:58:43
5066,883,1410,2026-05-24,2026-05-31,2026-05-26,2.26,0.0,Returned,2026-05-24 07:37:42,2026-05-26 14:42:34
5067,386,1220,2026-02-15,2026-03-01,2026-02-28,3.6,0.0,Returned,2026-02-15 19:57:45,2026-02-28 11:41:29
5068,414,1055,2026-05-08,2026-05-15,,4.2,12.75,Overdue,2026-05-08 17:10:18,2026-05-08 17:10:18
5069,223,731,2025-12-09,2025-12-23,2025-12-21,2.06,0.0,Returned,2025-12-09 15:36:19,2025-12-21 16:45:06
5070,863,737,2025-12-16,2025-12-26,2025-12-22,2.47,0.0,Returned,2025-12-16 05:47:19,2025-12-22 22:26:50
5071,274,409,2025-10-22,2025-10-29,2025-10-24,3.52,0.0,Returned,2025-10-22 06:10:11,2025-10-24 19:07:59
5072,622,1493,2025-09-09,2025-09-16,2025-09-23,2.16,5.25,Returned,2025-09-09 21:06:25,2025-09-23 23:36:37
5073,358,942,2025-07-17,2025-07-24,2025-07-24,1.05,0.0,Returned,2025-07-17 21:52:25,2025-07-24 17:53:34
5074,937,1376,2026-04-19,2026-05-03,,2.07,21.75,Overdue,2026-04-19 02:25:09,2026-04-19 02:25:09
5075,586,1596,2025-08-15,2025-08-29,,4.62,207.0,Overdue,2025-08-15 22:45:09,2025-08-15 22:45:09
5076,148,1456,2025-06-11,2025-06-18,2025-06-26,2.84,6.0,Returned,2025-06-11 02:08:18,2025-06-26 23:34:05
5077,883,1151,2025-12-15,2025-12-29,2025-12-28,4.08,0.0,Returned,2025-12-15 05:48:54,2025-12-28 04:00:08
5078,444,1444,2026-01-14,2026-01-21,2026-01-18,2.7,0.0,Returned,2026-01-14 02:48:07,2026-01-18 04:39:05
5079,472,1267,2025-12-27,2026-01-03,2025-12-28,4.35,0.0,Returned,2025-12-27 16:47:53,2025-12-28 11:11:51
5080,42,586,2025-12-14,2025-12-21,2025-12-14,2.88,0.0,Returned,2025-12-14 01:22:04,2025-12-14 18:54:27
5081,218,600,2025-08-17,2025-08-27,2025-08-23,3.72,0.0,Returned,2025-08-17 09:24:30,2025-08-23 23:09:23
5082,112,1434,2025-11-03,2025-11-17,2025-11-22,2.64,3.75,Returned,2025-11-03 11:53:44,2025-11-22 09:13:06
5083,74,1453,2025-11-13,2025-11-27,,2.12,139.5,Overdue,2025-11-13 20:53:57,2025-11-13 20:53:57
5084,156,1732,2025-12-16,2025-12-23,,8.57,120.0,Overdue,2025-12-16 07:55:49,2025-12-16 07:55:49
5085,186,473,2026-02-24,2026-03-10,2026-03-05,4.38,0.0,Returned,2026-02-24 13:48:00,2026-03-05 17:17:47
5086,465,246,2026-03-25,2026-04-01,2026-03-28,4.45,0.0,Returned,2026-03-25 02:53:01,2026-03-28 08:59:33
5087,477,1149,2025-11-15,2025-11-29,2025-11-26,1.56,0.0,Returned,2025-11-15 01:47:15,2025-11-26 09:04:00
5088,941,343,2026-01-31,2026-02-07,2026-02-07,3.99,0.0,Returned,2026-01-31 12:16:54,2026-02-07 22:27:12
5089,94,277,2026-04-02,2026-04-16,,2.2,34.5,Overdue,2026-04-02 23:03:14,2026-04-02 23:03:14
5090,25,1578,2025-07-30,2025-08-06,2025-08-01,4.37,0.0,Returned,2025-07-30 11:04:20,2025-08-01 07:50:33
5091,736,1783,2025-06-14,2025-06-28,,1.86,253.5,Overdue,2025-06-14 22:16:35,2025-06-14 22:16:35
5092,450,532,2026-03-23,2026-03-30,2026-03-29,2.39,0.0,Returned,2026-03-23 21:17:44,2026-03-29 10:30:45
5093,896,929,2026-01-16,2026-01-23,2026-01-28,3.1,3.75,Returned,2026-01-16 01:25:12,2026-01-28 14:25:19
5094,809,40,2026-05-17,2026-05-24,2026-05-26,2.6,1.5,Returned,2026-05-17 18:49:04,2026-05-26 04:16:56
5095,816,287,2025-06-25,2025-07-09,2025-06-25,2.49,0.0,Returned,2025-06-25 02:56:21,2025-06-25 23:34:46
5096,648,69,2026-02-24,2026-03-03,2026-02-26,1.56,0.0,Returned,2026-02-24 13:26:56,2026-02-26 15:59:58
5097,118,1248,2025-06-16,2025-06-23,2025-06-18,2.89,0.0,Returned,2025-06-16 04:48:50,2025-06-18 23:21:56
5098,391,42,2025-08-24,2025-08-31,2025-08-26,1.58,0.0,Returned,2025-08-24 19:19:42,2025-08-26 20:41:26
5099,430,1196,2025-10-16,2025-10-26,2025-11-05,4.13,7.5,Returned,2025-10-16 11:58:14,2025-11-05 10:55:19
5100,187,1003,2025-06-13,2025-06-27,2025-06-30,2.29,2.25,Returned,2025-06-13 02:22:03,2025-06-30 10:19:11
5101,712,49,2026-03-11,2026-03-21,2026-03-20,3.79,0.0,Returned,2026-03-11 00:52:45,2026-03-20 06:01:10
5102,80,585,2026-05-13,2026-05-27,2026-05-16,4.84,0.0,Returned,2026-05-13 00:17:47,2026-05-16 09:45:38
5103,161,564,2025-09-11,2025-09-21,2025-09-25,2.23,3.0,Returned,2025-09-11 01:07:49,2025-09-25 20:46:31
5104,309,1687,2025-11-18,2025-11-25,2025-11-23,4.9,0.0,Returned,2025-11-18 15:45:06,2025-11-23 04:35:54
5105,135,1021,2025-07-03,2025-07-17,2025-07-04,3.52,0.0,Returned,2025-07-03 17:24:09,2025-07-04 19:12:41
5106,521,551,2025-12-20,2025-12-30,2025-12-30,4.74,0.0,Returned,2025-12-20 23:45:12,2025-12-30 15:51:46
5107,269,222,2026-04-30,2026-05-07,2026-05-06,2.03,0.0,Returned,2026-04-30 05:50:51,2026-05-06 00:57:46
5108,732,1108,2026-04-12,2026-04-19,,1.93,32.25,Overdue,2026-04-12 22:45:09,2026-04-12 22:45:09
5109,583,594,2025-11-21,2025-11-28,2025-11-27,4.16,0.0,Returned,2025-11-21 09:42:03,2025-11-27 13:04:41
5110,935,1548,2025-08-05,2025-08-15,2025-08-13,1.62,0.0,Returned,2025-08-05 12:32:39,2025-08-13 15:09:47
5111,762,491,2026-01-08,2026-01-18,2026-01-09,1.52,0.0,Returned,2026-01-08 16:25:02,2026-01-09 11:45:47
5112,776,347,2025-07-05,2025-07-15,2025-07-12,1.02,0.0,Returned,2025-07-05 02:39:13,2025-07-12 06:11:59
5113,442,220,2025-08-30,2025-09-06,2025-09-07,2.22,0.75,Returned,2025-08-30 06:30:08,2025-09-07 12:46:22
5114,419,1620,2025-08-13,2025-08-23,,1.57,211.5,OVERDUE,2025-08-13 13:19:36,2025-08-13 13:19:36
5115,549,249,2025-07-04,2025-07-18,2025-07-10,2.01,0.0,Returned,2025-07-04 11:22:32,2025-07-10 11:46:38
5116,737,560,2025-12-27,2026-01-06,2025-12-31,4.42,0.0,Returned,2025-12-27 13:21:17,2025-12-31 18:10:34
5117,69,486,2025-09-21,2025-10-05,2025-09-27,3.1,0.0,Returned,2025-09-21 19:04:50,2025-09-27 11:18:07
5118,320,322,2026-02-18,2026-02-25,2026-02-18,1.34,0.0,Returned,2026-02-18 08:37:42,2026-02-18 16:59:11
5119,342,1292,2025-07-07,2025-07-21,2025-07-19,1.92,0.0,Returned,2025-07-07 13:42:15,2025-07-19 11:10:24
5120,380,448,2026-05-15,2026-05-29,2026-05-30,2.22,0.75,Returned,2026-05-15 12:18:00,2026-05-30 21:10:46
5121,322,1527,2025-06-27,2025-07-07,2025-07-04,4.45,0.0,Returned,2025-06-27 18:01:38,2025-07-04 22:01:26
5122,229,93,2026-01-14,2026-01-28,2026-01-25,7.71,0.0,Returned,2026-01-14 05:56:43,2026-01-25 02:39:21
5123,85,1091,2026-01-25,2026-02-01,,2.93,90.0,Overdue,2026-01-25 06:01:52,2026-01-25 06:01:52
5124,70,1327,2025-10-08,2025-10-18,2025-10-24,4.69,4.5,Returned,2025-10-08 17:15:51,2025-10-24 15:29:06
5125,432,618,2025-09-20,2025-09-30,2025-09-28,2.52,0.0,Returned,2025-09-20 11:13:50,2025-09-28 03:03:41
5126,818,706,2026-01-09,2026-01-23,2026-01-11,2.15,0.0,Returned,2026-01-09 01:27:01,2026-01-11 16:45:30
5127,107,1705,2026-02-16,2026-03-02,2026-02-22,3.35,0.0,Returned,2026-02-16 15:56:29,2026-02-22 21:59:08
5128,659,1680,2026-03-11,2026-03-21,2026-03-21,2.92,0.0,Returned,2026-03-11 13:58:07,2026-03-21 00:44:45
5129,682,1577,2026-01-24,2026-02-07,2026-02-05,3.76,0.0,Returned,2026-01-24 07:27:23,2026-02-05 22:53:08
5130,261,4,2026-03-07,2026-03-17,2026-03-13,2.94,0.0,Returned,2026-03-07 21:38:11,2026-03-13 06:27:50
5131,811,853,2026-02-26,2026-03-05,2026-03-02,4.06,0.0,Returned,2026-02-26 21:27:21,2026-03-02 21:35:14
5132,523,1702,2026-05-24,2026-06-07,2026-06-07,3.03,0.0,Returned,2026-05-24 09:10:03,2026-06-07 23:14:36
5133,749,664,2025-11-18,2025-11-28,2025-11-21,1.69,0.0,Returned,2025-11-18 22:08:37,2025-11-21 10:56:03
5134,918,645,2026-05-26,2026-06-09,,4.71,0.0,Active,2026-05-26 13:01:19,2026-05-26 13:01:19
5135,500,235,2026-04-29,2026-05-06,2026-05-05,2.37,0.0,Returned,2026-04-29 02:50:50,2026-05-05 00:35:55
5136,221,751,2025-08-30,2025-09-09,2025-09-12,2.93,2.25,Returned,2025-08-30 00:16:57,2025-09-12 11:01:57
5137,394,1338,2025-06-24,2025-07-08,2025-07-01,3.85,0.0,Returned,2025-06-24 17:20:55,2025-07-01 15:57:44
5138,919,1411,2025-11-16,2025-11-26,2025-11-20,2.06,0.0,Returned,2025-11-16 14:15:55,2025-11-20 09:05:20
5139,666,796,2026-03-22,2026-03-29,2026-04-02,4.66,3.0,Returned,2026-03-22 21:11:17,2026-04-02 08:49:47
5140,795,1763,2025-08-29,2025-09-08,,4.79,199.5,Overdue,2025-08-29 16:00:55,2025-08-29 16:00:55
5141,359,1478,2025-12-23,2026-01-02,2025-12-31,2.79,0.0,RETURNED,2025-12-23 05:54:42,2025-12-31 14:25:56
5142,697,693,2025-12-15,2025-12-22,2025-12-15,2.25,0.0,Returned,2025-12-15 21:18:16,2025-12-15 21:18:16
5143,784,72,2026-05-24,2026-06-03,2026-05-30,2.17,0.0,Returned,2026-05-24 10:48:10,2026-05-30 13:57:05
5144,219,244,2026-03-23,2026-03-30,2026-03-25,2.41,0.0,Returned,2026-03-23 10:38:36,2026-03-25 20:36:15
5145,85,853,2025-10-05,2025-10-15,2025-10-12,2.87,0.0,Returned,2025-10-05 03:10:10,2025-10-12 20:00:57
5146,265,1106,2025-11-10,2025-11-24,2025-11-24,2.62,0.0,Returned,2025-11-10 06:47:17,2025-11-24 00:26:01
5147,59,860,2026-02-05,2026-02-19,2026-02-15,3.97,0.0,Returned,2026-02-05 04:25:13,2026-02-15 15:12:09
5148,58,1370,2026-01-23,2026-02-02,2026-02-06,3.58,3.0,Returned,2026-01-23 01:32:43,2026-02-06 01:35:36
5149,199,1672,2026-02-26,2026-03-08,,1.45,63.75,Overdue,2026-02-26 22:17:09,2026-02-26 22:17:09
5150,19,129,2026-02-25,2026-03-07,2026-03-16,4.81,6.75,Returned,2026-02-25 23:11:22,2026-03-16 17:42:29
5151,445,1206,2026-04-06,2026-04-20,2026-04-20,8.19,0.0,Returned,2026-04-06 10:39:11,2026-04-20 23:47:48
5152,21,596,2025-11-26,2025-12-03,2025-12-10,1.91,5.25,Returned,2025-11-26 08:57:58,2025-12-10 04:06:59
5153,88,1710,2025-12-28,2026-01-11,2026-01-10,2.66,0.0,Returned,2025-12-28 13:07:27,2026-01-10 19:06:10
5154,152,91,2026-02-08,2026-02-15,2026-02-13,4.49,0.0,Returned,2026-02-08 02:48:41,2026-02-13 22:48:55
5155,512,1161,2025-12-24,2025-12-31,2025-12-27,4.03,0.0,Returned,2025-12-24 13:23:40,2025-12-27 07:56:00
5156,232,196,2025-11-22,2025-12-02,2025-11-29,2.31,0.0,Returned,2025-11-22 15:45:49,2025-11-29 18:04:26
5157,23,1052,2025-12-02,2025-12-09,2025-12-16,2.0,5.25,Returned,2025-12-02 09:00:27,2025-12-16 09:31:20
5158,425,1278,2026-04-11,2026-04-21,2026-04-14,3.04,0.0,Returned,2026-04-11 05:54:38,2026-04-14 14:46:42
5159,762,1234,2026-03-23,2026-04-02,2026-04-01,2.91,0.0,Returned,2026-03-23 03:18:00,2026-04-01 14:39:17
5160,333,344,2025-11-16,2025-11-30,2025-12-07,3.55,5.25,Returned,2025-11-16 05:07:44,2025-12-07 01:20:59
5161,297,6,2025-08-01,2025-08-08,2025-08-02,3.42,0.0,Returned,2025-08-01 15:25:38,2025-08-02 20:16:30
5162,47,267,2025-11-25,2025-12-05,2025-12-12,2.93,5.25,Returned,2025-11-25 02:51:46,2025-12-12 07:21:35
5163,234,1509,2026-03-27,2026-04-03,,3.63,44.25,Overdue,2026-03-27 13:26:10,2026-03-27 13:26:10
5164,86,719,2025-11-24,2025-12-04,2025-12-11,4.53,5.25,Returned,2025-11-24 08:12:06,2025-12-11 01:01:39
5165,518,1503,2026-05-24,2026-06-07,2026-05-26,7.57,0.0,Returned,2026-05-24 13:36:35,2026-05-26 12:36:42
5166,53,594,2026-02-08,2026-02-22,2026-02-21,4.96,0.0,Returned,2026-02-08 05:24:11,2026-02-21 22:26:23
5167,322,1473,2026-03-17,2026-03-24,2026-04-01,2.33,6.0,Returned,2026-03-17 18:51:51,2026-04-01 05:40:05
5168,429,1176,2025-09-20,2025-09-30,2025-09-30,3.12,0.0,Returned,2025-09-20 02:33:14,2025-09-30 18:09:30
5169,142,1242,2025-12-07,2025-12-21,2025-12-27,2.84,4.5,Returned,2025-12-07 05:59:57,2025-12-27 07:23:21
5170,173,846,2026-04-08,2026-04-15,2026-04-12,2.87,0.0,Returned,2026-04-08 10:27:37,2026-04-12 12:36:26
5171,803,605,2025-09-11,2025-09-18,2025-09-13,1.6,0.0,Returned,2025-09-11 15:22:25,2025-09-13 20:57:36
5172,283,1429,2025-06-29,2025-07-06,2025-07-11,2.53,3.75,Returned,2025-06-29 08:43:59,2025-07-11 23:32:41
5173,760,1731,2025-09-02,2025-09-09,2025-09-05,4.79,0.0,Returned,2025-09-02 19:09:18,2025-09-05 05:16:21
5174,816,1785,2025-08-16,2025-08-30,2025-08-25,3.28,0.0,Returned,2025-08-16 20:15:49,2025-08-25 09:36:19
5175,350,939,2025-10-06,2025-10-13,2025-10-11,4.77,0.0,Returned,2025-10-06 22:09:16,2025-10-11 10:56:11
5176,594,1691,2026-05-05,2026-05-19,2026-05-09,2.12,0.0,Returned,2026-05-05 00:24:15,2026-05-09 19:03:43
5177,720,342,2025-07-22,2025-07-29,2025-07-22,3.59,0.0,Returned,2025-07-22 16:40:27,2025-07-22 16:40:27
5178,297,291,2025-06-07,2025-06-17,2025-06-25,2.14,6.0,Returned,2025-06-07 09:57:10,2025-06-25 15:00:25
5179,197,166,2026-04-15,2026-04-22,2026-04-15,3.01,0.0,Returned,2026-04-15 06:45:43,2026-04-15 17:27:33
5180,234,110,2025-08-05,2025-08-12,2025-08-07,2.09,0.0,Returned,2025-08-05 23:35:22,2025-08-07 03:04:15
5181,312,716,2025-07-03,2025-07-13,,7.69,242.25,Overdue,2025-07-03 00:51:05,2025-07-03 00:51:05
5182,979,1611,2026-03-27,2026-04-10,2026-03-28,2.92,0.0,Returned,2026-03-27 19:19:47,2026-03-28 01:25:24
5183,996,1453,2026-04-07,2026-04-21,2026-04-07,2.69,0.0,Returned,2026-04-07 20:14:57,2026-04-07 20:14:57
5184,463,530,2026-03-24,2026-04-07,2026-04-03,2.53,0.0,Returned,2026-03-24 06:39:05,2026-04-03 18:58:51
5185,573,964,2026-03-31,2026-04-10,2026-04-07,2.79,0.0,Returned,2026-03-31 17:32:41,2026-04-07 23:03:43
5186,245,941,2025-11-27,2025-12-07,2025-11-28,2.3,0.0,Returned,2025-11-27 21:23:35,2025-11-28 12:18:18
5187,742,723,2025-12-17,2025-12-27,2025-12-24,4.94,0.0,Returned,2025-12-17 18:22:46,2025-12-24 17:12:44
5188,781,294,2025-09-25,2025-10-05,2025-10-04,1.66,0.0,Returned,2025-09-25 08:07:40,2025-10-04 14:15:28
5189,63,1171,2025-10-15,2025-10-22,2025-10-19,1.35,0.0,Returned,2025-10-15 00:15:23,2025-10-19 09:13:57
5190,778,1448,2025-12-04,2025-12-14,2025-12-13,4.53,0.0,Returned,2025-12-04 11:54:07,2025-12-13 21:45:13
5191,212,619,2025-11-18,2025-12-02,,3.42,135.75,Overdue,2025-11-18 19:30:50,2025-11-18 19:30:50
5192,519,85,2026-04-01,2026-04-11,2026-04-07,1.41,0.0,Returned,2026-04-01 20:48:24,2026-04-07 23:07:04
5193,645,1093,2026-03-04,2026-03-18,2026-03-07,2.69,0.0,Returned,2026-03-04 01:07:53,2026-03-07 04:12:58
5194,909,866,2025-07-02,2025-07-12,2025-07-05,3.56,0.0,Returned,2025-07-02 19:34:30,2025-07-05 11:24:31
5195,106,1784,2025-06-15,2025-06-29,2025-07-06,4.33,5.25,Returned,2025-06-15 18:01:44,2025-07-06 23:07:02
5196,736,329,2025-06-19,2025-06-26,2025-06-26,5.5,0.0,Returned,2025-06-19 11:38:09,2025-06-26 11:26:24
5197,120,767,2026-04-12,2026-04-19,2026-04-15,4.15,0.0,Returned,2026-04-12 22:51:53,2026-04-15 07:31:07
5198,388,1235,2025-12-04,2025-12-18,2025-12-10,2.92,0.0,Returned,2025-12-04 00:43:54,2025-12-10 23:27:30
5199,549,443,2025-11-08,2025-11-18,2025-11-14,1.98,0.0,Returned,2025-11-08 01:58:08,2025-11-14 05:41:12
5200,960,1563,2025-11-02,2025-11-09,2025-11-07,2.09,0.0,Returned,2025-11-02 16:21:36,2025-11-07 16:49:34
5201,998,380,2025-06-30,2025-07-07,2025-07-02,2.36,0.0,Returned,2025-06-30 07:47:58,2025-07-02 12:15:59
5202,934,314,2025-10-22,2025-10-29,,3.47,161.25,Overdue,2025-10-22 05:49:10,2025-10-22 05:49:10
5203,149,1033,2025-09-02,2025-09-16,2025-09-06,2.83,0.0,Returned,2025-09-02 12:20:17,2025-09-06 15:13:48
5204,569,1203,2025-08-04,2025-08-11,2025-08-18,2.39,5.25,Returned,2025-08-04 23:36:25,2025-08-18 11:19:10
5205,508,279,2026-02-11,2026-02-21,2026-02-20,3.92,0.0,Returned,2026-02-11 05:06:00,2026-02-20 10:09:03
5206,206,1643,2025-08-25,2025-09-04,2025-09-01,2.55,0.0,Returned,2025-08-25 14:42:21,2025-09-01 21:16:36
5207,672,435,2026-05-14,2026-05-28,2026-05-14,2.18,0.0,Returned,2026-05-14 10:15:36,2026-05-14 10:15:36
5208,855,391,2025-11-16,2025-11-23,2025-11-21,2.13,0.0,Returned,2025-11-16 05:34:19,2025-11-21 06:45:48
5209,878,601,2025-07-04,2025-07-14,2025-07-08,4.97,0.0,Returned,2025-07-04 01:06:11,2025-07-08 16:58:47
5210,232,1320,2025-09-25,2025-10-02,2025-09-28,2.71,0.0,Returned,2025-09-25 13:54:51,2025-09-28 07:56:01
5211,845,1622,2025-07-28,2025-08-04,2025-07-31,2.93,0.0,Returned,2025-07-28 02:43:41,2025-07-31 23:16:41
5212,639,1393,2026-04-21,2026-04-28,2026-05-01,2.75,2.25,Returned,2026-04-21 10:37:22,2026-05-01 04:41:15
5213,581,1551,2025-10-01,2025-10-08,2025-10-02,3.61,0.0,Returned,2025-10-01 06:08:15,2025-10-02 08:06:53
5214,889,1550,2025-06-21,2025-07-05,2025-07-10,4.51,3.75,Returned,2025-06-21 06:20:15,2025-07-10 21:48:51
5215,188,1263,2026-04-25,2026-05-09,2026-05-06,4.35,0.0,Returned,2026-04-25 18:31:40,2026-05-06 10:28:05
5216,246,323,2026-04-08,2026-04-22,,2.3,30.0,OVERDUE,2026-04-08 08:34:47,2026-04-08 08:34:47
5217,526,1695,2026-05-09,2026-05-16,2026-05-16,1.68,0.0,Returned,2026-05-09 04:32:42,2026-05-16 08:30:42
5218,258,829,2025-08-10,2025-08-20,2025-08-24,4.88,3.0,Returned,2025-08-10 19:02:07,2025-08-24 01:36:29
5219,14,354,2025-08-25,2025-09-08,2025-09-05,2.86,0.0,Returned,2025-08-25 22:01:36,2025-09-05 19:13:04
5220,456,343,2025-07-28,2025-08-07,2025-08-15,3.32,6.0,Returned,2025-07-28 17:42:36,2025-08-15 03:34:56
5221,229,288,2025-08-03,2025-08-13,2025-08-12,1.58,0.0,Returned,2025-08-03 07:27:18,2025-08-12 19:53:43
5222,938,1400,2026-05-23,2026-06-02,2026-05-31,2.4,0.0,Returned,2026-05-23 19:40:14,2026-05-31 20:29:38
5223,741,840,2025-08-26,2025-09-09,2025-08-28,2.76,0.0,Returned,2025-08-26 21:36:47,2025-08-28 04:24:47
5224,599,1229,2025-07-14,2025-07-28,2025-07-24,2.97,0.0,Returned,2025-07-14 01:48:17,2025-07-24 16:56:22
5225,994,1622,2026-03-01,2026-03-11,2026-03-02,1.53,0.0,Returned,2026-03-01 01:45:05,2026-03-02 17:52:49
5226,627,1716,2025-06-22,2025-06-29,2025-06-23,2.11,0.0,Returned,2025-06-22 07:49:44,2025-06-23 09:19:22
5227,13,831,2025-08-02,2025-08-09,2025-08-03,4.79,0.0,Returned,2025-08-02 07:43:59,2025-08-03 07:55:15
5228,235,666,2025-10-17,2025-10-27,2025-10-25,1.52,0.0,Returned,2025-10-17 08:44:33,2025-10-25 09:34:59
5229,417,235,2026-02-10,2026-02-17,2026-02-16,2.02,0.0,Returned,2026-02-10 20:10:40,2026-02-16 00:34:03
5230,315,100,2025-08-24,2025-08-31,2025-09-08,4.22,6.0,Returned,2025-08-24 01:38:42,2025-09-08 17:37:10
5231,87,721,2025-11-09,2025-11-19,2025-11-29,4.42,7.5,Returned,2025-11-09 02:07:16,2025-11-29 21:46:22
5232,32,194,2025-06-19,2025-06-29,2025-06-21,2.84,0.0,Returned,2025-06-19 18:33:28,2025-06-21 03:27:55
5233,230,1361,2026-01-05,2026-01-15,2026-01-15,2.1,0.0,Returned,2026-01-05 10:54:48,2026-01-15 12:27:03
5234,906,599,2026-05-03,2026-05-10,2026-05-06,4.3,0.0,Returned,2026-05-03 15:51:13,2026-05-06 01:02:33
5235,296,620,2025-06-14,2025-06-24,,3.82,256.5,Overdue,2025-06-14 03:38:36,2025-06-14 03:38:36
5236,534,1495,2025-06-24,2025-07-04,2025-06-29,2.8,0.0,Returned,2025-06-24 19:49:46,2025-06-29 17:37:06
5237,584,880,2025-11-25,2025-12-02,2025-11-28,2.53,0.0,Returned,2025-11-25 03:46:52,2025-11-28 09:57:30
5238,376,198,2026-01-03,2026-01-17,2026-01-10,4.86,0.0,Returned,2026-01-03 18:17:55,2026-01-10 16:16:46
5239,423,560,2025-10-13,2025-10-23,2025-10-20,3.62,0.0,Returned,2025-10-13 01:43:46,2025-10-20 04:33:11
5240,384,247,2025-08-10,2025-08-17,2025-08-10,7.82,0.0,Returned,2025-08-10 07:09:23,2025-08-10 07:09:23
5241,723,918,2026-04-07,2026-04-17,2026-04-13,2.75,0.0,Returned,2026-04-07 11:57:04,2026-04-13 06:13:39
5242,897,1390,2025-08-08,2025-08-22,2025-08-22,2.1,0.0,Returned,2025-08-08 16:19:00,2025-08-22 10:57:10
5243,987,1188,2026-01-11,2026-01-25,2026-01-25,4.11,0.0,Returned,2026-01-11 08:37:07,2026-01-25 06:56:58
5244,754,777,2025-07-01,2025-07-15,2025-07-08,4.39,0.0,Returned,2025-07-01 09:38:19,2025-07-08 12:19:39
5245,465,430,2025-12-20,2025-12-30,2025-12-27,2.38,0.0,Returned,2025-12-20 01:30:08,2025-12-27 10:12:28
5246,315,1571,2026-03-28,2026-04-11,2026-04-13,1.27,1.5,Returned,2026-03-28 05:36:33,2026-04-13 12:14:08
5247,50,1125,2025-07-27,2025-08-10,2025-08-19,2.19,6.75,Returned,2025-07-27 17:51:51,2025-08-19 04:22:33
5248,825,1572,2026-01-22,2026-02-01,2026-01-23,4.94,0.0,Returned,2026-01-22 08:01:49,2026-01-23 13:44:46
5249,543,45,2026-05-11,2026-05-25,2026-05-18,3.03,0.0,Returned,2026-05-11 12:12:12,2026-05-18 10:54:31
5250,732,470,2025-10-17,2025-10-31,2025-10-19,1.43,0.0,Returned,2025-10-17 17:34:39,2025-10-19 18:50:48
5251,273,592,2025-10-03,2025-10-17,2025-10-07,4.1,0.0,Returned,2025-10-03 19:41:18,2025-10-07 11:36:04
5252,74,141,2025-06-20,2025-06-30,2025-06-25,2.23,0.0,Returned,2025-06-20 10:49:03,2025-06-25 23:28:38
5253,669,671,2025-08-14,2025-08-24,2025-08-22,2.4,0.0,Returned,2025-08-14 11:15:50,2025-08-22 08:48:04
5254,437,719,2026-01-17,2026-01-27,2026-01-20,3.93,0.0,Returned,2026-01-17 11:30:48,2026-01-20 11:23:12
5255,137,1004,2026-03-04,2026-03-18,2026-03-08,2.04,0.0,Returned,2026-03-04 06:22:43,2026-03-08 15:00:40
5256,319,1404,2025-06-06,2025-06-20,2025-06-27,1.87,5.25,Returned,2025-06-06 16:40:20,2025-06-27 19:49:18
5257,146,1082,2025-09-28,2025-10-05,2025-09-29,3.49,0.0,Returned,2025-09-28 21:33:50,2025-09-29 22:55:15
5258,482,1092,2026-03-11,2026-03-25,2026-03-14,2.91,0.0,Returned,2026-03-11 02:28:06,2026-03-14 02:39:43
5259,778,322,2025-08-10,2025-08-20,2025-08-11,1.6,0.0,Returned,2025-08-10 03:24:01,2025-08-11 16:03:22
5260,568,1768,2026-01-15,2026-01-29,2026-01-15,3.14,0.0,Returned,2026-01-15 11:39:38,2026-01-15 11:39:38
5261,29,940,2025-10-18,2025-10-25,2025-10-27,4.49,1.5,Returned,2025-10-18 03:49:09,2025-10-27 08:07:40
5262,40,21,2025-08-05,2025-08-12,2025-08-05,2.19,0.0,Returned,2025-08-05 03:21:33,2025-08-05 11:19:36
5263,159,928,2025-10-15,2025-10-22,2025-10-21,2.77,0.0,Returned,2025-10-15 06:22:56,2025-10-21 11:02:15
5264,386,922,2025-07-19,2025-08-02,2025-08-04,2.5,1.5,Returned,2025-07-19 23:30:31,2025-08-04 20:22:01
5265,772,1470,2025-10-30,2025-11-06,2025-10-31,2.42,0.0,Returned,2025-10-30 21:35:36,2025-10-31 13:59:53
5266,834,980,2025-07-21,2025-07-28,2025-07-22,2.54,0.0,Returned,2025-07-21 07:19:21,2025-07-22 07:17:51
5267,721,798,2026-03-31,2026-04-07,2026-04-03,2.88,0.0,Returned,2026-03-31 07:15:39,2026-04-03 19:55:52
5268,622,1284,2025-10-25,2025-11-04,2025-10-25,3.24,0.0,Returned,2025-10-25 21:31:01,2025-10-25 21:31:01
5269,558,657,2025-06-06,2025-06-13,2025-06-06,2.25,0.0,Returned,2025-06-06 09:32:53,2025-06-06 19:34:16
5270,478,1239,2025-08-25,2025-09-01,2025-08-30,1.96,0.0,Returned,2025-08-25 13:04:01,2025-08-30 11:45:35
5271,266,1087,2026-05-08,2026-05-15,2026-05-12,5.35,0.0,Returned,2026-05-08 15:22:29,2026-05-12 03:57:39
5272,848,1576,2025-07-28,2025-08-07,2025-08-10,2.55,2.25,Returned,2025-07-28 21:12:41,2025-08-10 01:58:52
5273,108,1132,2026-01-02,2026-01-12,2026-01-22,2.46,7.5,Returned,2026-01-02 06:40:34,2026-01-22 20:54:42
5274,964,1642,2025-08-29,2025-09-08,2025-09-01,4.51,0.0,Returned,2025-08-29 02:26:52,2025-09-01 21:46:07
5275,839,1491,2026-02-23,2026-03-05,2026-02-23,4.24,0.0,Returned,2026-02-23 14:30:02,2026-02-23 14:30:02
5276,703,590,2025-12-13,2025-12-20,2025-12-19,4.34,0.0,Returned,2025-12-13 17:13:44,2025-12-19 20:10:54
5277,37,720,2025-10-10,2025-10-17,2025-10-11,3.36,0.0,Returned,2025-10-10 09:22:11,2025-10-11 19:47:15
5278,92,1065,2025-09-10,2025-09-24,2025-09-11,3.28,0.0,Returned,2025-09-10 17:59:22,2025-09-11 12:16:34
5279,586,187,2026-04-09,2026-04-16,2026-04-12,4.76,0.0,Returned,2026-04-09 07:36:17,2026-04-12 14:53:14
5280,68,488,2026-03-03,2026-03-10,2026-03-09,4.77,0.0,Returned,2026-03-03 14:42:08,2026-03-09 09:08:45
5281,221,88,2025-07-26,2025-08-09,2025-08-08,1.14,0.0,Returned,2025-07-26 05:13:05,2025-08-08 05:33:36
5282,819,87,2025-08-31,2025-09-10,2025-09-06,1.66,0.0,Returned,2025-08-31 22:33:46,2025-09-06 02:32:41
5283,470,1613,2025-11-04,2025-11-11,2025-11-06,2.8,0.0,Returned,2025-11-04 06:33:14,2025-11-06 04:34:08
5284,484,123,2025-06-28,2025-07-08,2025-07-17,2.43,6.75,Returned,2025-06-28 22:11:36,2025-07-17 05:25:48
5285,595,429,2026-04-19,2026-04-26,2026-04-20,1.2,0.0,Returned,2026-04-19 22:56:22,2026-04-20 20:04:02
5286,686,33,2025-11-23,2025-11-30,2025-11-24,3.81,0.0,Returned,2025-11-23 19:23:42,2025-11-24 00:54:36
5287,489,112,2026-04-04,2026-04-11,2026-04-15,1.63,3.0,Returned,2026-04-04 22:18:41,2026-04-15 09:17:37
5288,195,667,2026-01-01,2026-01-08,2026-01-02,2.57,0.0,Returned,2026-01-01 16:38:31,2026-01-02 02:05:32
5289,927,1696,2026-03-22,2026-03-29,2026-04-04,2.68,4.5,Returned,2026-03-22 21:45:35,2026-04-04 15:38:37
5290,466,798,2025-10-25,2025-11-01,2025-10-29,3.84,0.0,Returned,2025-10-25 20:15:19,2025-10-29 13:24:42
5291,978,1465,2026-03-24,2026-04-07,2026-04-05,2.1,0.0,Returned,2026-03-24 03:50:47,2026-04-05 00:40:25
5292,754,1035,2026-01-26,2026-02-05,2026-02-08,3.3,2.25,Returned,2026-01-26 08:31:42,2026-02-08 21:49:20
5293,69,603,2025-06-17,2025-06-27,2025-06-22,2.23,0.0,Returned,2025-06-17 13:02:09,2025-06-22 10:50:06
5294,453,1508,2026-04-01,2026-04-08,2026-04-02,4.85,0.0,Returned,2026-04-01 06:40:51,2026-04-02 00:00:39
5295,138,390,2025-06-08,2025-06-15,2025-06-11,2.43,0.0,Returned,2025-06-08 06:59:49,2025-06-11 12:17:46
5296,11,1622,2026-04-03,2026-04-10,2026-04-03,1.93,0.0,Returned,2026-04-03 20:45:16,2026-04-03 20:45:16
5297,417,929,2026-01-11,2026-01-18,2026-01-19,3.84,0.75,Returned,2026-01-11 15:39:00,2026-01-19 00:48:10
5298,564,142,2025-08-30,2025-09-13,2025-09-08,1.86,0.0,Returned,2025-08-30 20:22:28,2025-09-08 03:26:03
5299,496,747,2025-06-19,2025-07-03,2025-06-21,2.52,0.0,Returned,2025-06-19 00:29:39,2025-06-21 20:04:18
5300,529,903,2026-05-10,2026-05-20,2026-05-15,3.92,0.0,Returned,2026-05-10 18:50:25,2026-05-15 23:49:39
5301,221,1401,2025-07-24,2025-08-07,2025-07-28,2.42,0.0,Returned,2025-07-24 16:56:56,2025-07-28 20:13:42
5302,956,1550,2026-04-04,2026-04-14,2026-04-14,4.07,0.0,Returned,2026-04-04 15:39:00,2026-04-14 04:29:31
5303,647,595,2026-04-22,2026-05-02,2026-04-24,1.62,0.0,Returned,2026-04-22 05:00:21,2026-04-24 12:09:28
5304,392,1722,2026-03-02,2026-03-16,2026-03-07,2.25,0.0,Returned,2026-03-02 20:23:55,2026-03-07 05:22:02
5305,111,823,2025-09-01,2025-09-08,2025-09-06,8.41,0.0,Returned,2025-09-01 13:35:54,2025-09-06 10:08:14
5306,85,1359,2026-02-15,2026-02-25,2026-02-23,1.06,0.0,Returned,2026-02-15 13:01:29,2026-02-23 16:36:46
5307,874,1294,2026-05-25,2026-06-04,2026-05-30,4.17,0.0,Returned,2026-05-25 02:27:46,2026-05-30 23:39:11
5308,641,1065,2026-04-01,2026-04-08,2026-04-08,4.15,0.0,Returned,2026-04-01 19:19:27,2026-04-08 05:12:58
5309,145,648,2025-09-17,2025-09-24,2025-10-01,4.41,5.25,Returned,2025-09-17 09:29:38,2025-10-01 21:06:38
5310,873,274,2025-07-23,2025-08-02,2025-07-30,3.25,0.0,Returned,2025-07-23 22:56:57,2025-07-30 21:34:18
5311,273,358,2026-02-16,2026-02-26,2026-02-23,1.68,0.0,Returned,2026-02-16 00:11:13,2026-02-23 15:02:53
5312,489,277,2026-04-21,2026-05-01,2026-04-27,2.48,0.0,Returned,2026-04-21 22:52:43,2026-04-27 12:24:08
5313,311,814,2026-01-22,2026-02-05,2026-02-01,1.84,0.0,Returned,2026-01-22 02:03:54,2026-02-01 03:03:36
5314,244,1785,2025-06-15,2025-06-22,2025-06-18,3.41,0.0,Returned,2025-06-15 05:40:57,2025-06-18 03:17:11
5315,442,211,2025-08-10,2025-08-17,2025-08-17,3.26,0.0,Returned,2025-08-10 06:20:06,2025-08-17 17:50:49
5316,709,125,2025-06-06,2025-06-13,2025-06-23,2.86,7.5,Returned,2025-06-06 18:45:56,2025-06-23 09:48:04
5317,321,949,2025-12-02,2025-12-09,2025-12-17,8.09,6.0,Returned,2025-12-02 20:11:58,2025-12-17 20:01:34
5318,936,1133,2025-08-05,2025-08-12,2025-08-05,2.31,0.0,Returned,2025-08-05 15:46:12,2025-08-05 15:46:12
5319,711,1495,2026-03-25,2026-04-01,2026-03-27,4.02,0.0,Returned,2026-03-25 13:32:43,2026-03-27 19:20:02
5320,984,1784,2026-01-24,2026-02-03,2026-01-28,3.21,0.0,Returned,2026-01-24 13:10:04,2026-01-28 14:28:07
5321,25,672,2025-06-09,2025-06-23,2025-06-25,1.55,1.5,Returned,2025-06-09 22:50:11,2025-06-25 14:49:47
5322,167,415,2026-01-01,2026-01-15,2026-01-13,2.68,0.0,Returned,2026-01-01 16:22:20,2026-01-13 15:23:24
5323,373,1725,2025-09-29,2025-10-09,2025-10-06,2.91,0.0,Returned,2025-09-29 16:28:15,2025-10-06 03:04:21
5324,203,1261,2025-07-05,2025-07-12,2025-07-07,2.63,0.0,Returned,2025-07-05 00:12:21,2025-07-07 14:54:12
5325,405,781,2026-02-11,2026-02-21,2026-02-16,4.84,0.0,Returned,2026-02-11 09:13:09,2026-02-16 16:33:44
5326,475,1621,2026-03-22,2026-03-29,2026-03-25,2.51,0.0,Returned,2026-03-22 01:38:07,2026-03-25 08:28:27
5327,527,684,2026-04-30,2026-05-10,2026-05-12,4.01,1.5,Returned,2026-04-30 17:34:17,2026-05-12 02:33:37
5328,761,930,2025-06-26,2025-07-10,,4.16,244.5,Overdue,2025-06-26 07:06:36,2025-06-26 07:06:36
5329,708,996,2026-04-13,2026-04-27,2026-04-22,1.41,0.0,Returned,2026-04-13 04:27:44,2026-04-22 00:05:23
5330,186,463,2026-02-25,2026-03-04,2026-03-07,1.96,2.25,Returned,2026-02-25 02:13:03,2026-03-07 14:25:20
5331,930,1224,2026-04-11,2026-04-25,2026-04-15,1.59,0.0,Returned,2026-04-11 20:13:38,2026-04-15 00:58:44
5332,627,1216,2026-02-07,2026-02-21,2026-02-11,1.88,0.0,Returned,2026-02-07 20:17:27,2026-02-11 02:23:26
5333,212,1650,2026-05-17,2026-05-24,2026-05-21,4.64,0.0,Returned,2026-05-17 13:50:50,2026-05-21 17:39:16
5334,341,1655,2025-09-24,2025-10-01,2025-09-30,2.86,0.0,Returned,2025-09-24 09:34:33,2025-09-30 20:45:04
5335,109,984,2025-08-05,2025-08-12,2025-08-06,4.42,0.0,Returned,2025-08-05 04:04:04,2025-08-06 10:38:52
5336,242,1096,2025-11-23,2025-12-07,2025-11-23,2.72,0.0,Returned,2025-11-23 14:52:07,2025-11-23 14:52:07
5337,725,950,2026-01-26,2026-02-05,2026-01-26,6.28,0.0,Returned,2026-01-26 23:09:16,2026-01-26 23:09:16
5338,505,837,2026-03-01,2026-03-11,2026-03-11,2.05,0.0,Returned,2026-03-01 21:18:42,2026-03-11 13:09:44
5339,948,704,2025-06-25,2025-07-02,2025-07-01,4.29,0.0,Returned,2025-06-25 06:18:05,2025-07-01 09:38:16
5340,829,1071,2026-04-16,2026-04-23,2026-04-24,6.28,0.75,Returned,2026-04-16 11:18:43,2026-04-24 06:32:51
5341,987,139,2026-05-21,2026-06-04,2026-05-21,3.21,0.0,Returned,2026-05-21 10:12:30,2026-05-21 16:06:23
5342,924,1780,2025-11-03,2025-11-17,2025-11-22,4.5,3.75,Returned,2025-11-03 21:07:55,2025-11-22 16:28:27
5343,66,911,2025-12-16,2025-12-30,2025-12-24,5.46,0.0,Returned,2025-12-16 11:06:34,2025-12-24 11:17:00
5344,514,1280,2026-02-22,2026-03-01,2026-02-24,4.28,0.0,Returned,2026-02-22 05:20:04,2026-02-24 13:10:08
5345,533,233,2026-01-06,2026-01-13,2026-01-10,2.57,0.0,Returned,2026-01-06 08:59:27,2026-01-10 09:32:57
5346,498,1753,2025-07-02,2025-07-16,2025-07-14,3.52,0.0,Returned,2025-07-02 03:20:26,2025-07-14 17:54:06
5347,344,2,2026-02-15,2026-03-01,2026-02-25,1.72,0.0,Returned,2026-02-15 05:41:03,2026-02-25 12:46:07
5348,76,970,2025-08-31,2025-09-07,2025-09-01,1.24,0.0,Returned,2025-08-31 13:49:44,2025-09-01 17:39:39
5349,167,160,2025-12-30,2026-01-06,2026-01-03,2.57,0.0,Returned,2025-12-30 05:45:31,2026-01-03 12:10:13
5350,77,1274,2025-08-20,2025-08-27,2025-08-20,4.32,0.0,Returned,2025-08-20 02:35:44,2025-08-20 19:36:22
5351,450,1518,2025-09-04,2025-09-18,2025-09-14,7.49,0.0,Returned,2025-09-04 08:04:45,2025-09-14 14:03:33
5352,5,1752,2026-05-20,2026-05-27,2026-05-24,8.08,0.0,Returned,2026-05-20 07:26:57,2026-05-24 16:48:46
5353,485,1094,2026-03-12,2026-03-22,2026-03-17,2.4,0.0,Returned,2026-03-12 02:44:47,2026-03-17 20:16:09
5354,346,166,2025-12-29,2026-01-05,2025-12-31,3.32,0.0,Returned,2025-12-29 04:59:31,2025-12-31 23:06:10
5355,984,748,2025-12-11,2025-12-18,2025-12-14,4.62,0.0,Returned,2025-12-11 22:50:22,2025-12-14 13:15:30
5356,376,693,2025-12-18,2025-12-28,2025-12-21,2.3,0.0,Returned,2025-12-18 20:13:02,2025-12-21 23:38:44
5357,336,999,2025-10-20,2025-10-27,2025-10-26,4.05,0.0,Returned,2025-10-20 01:12:33,2025-10-26 14:48:54
5358,740,353,2025-10-08,2025-10-15,,2.53,171.75,Overdue,2025-10-08 06:44:31,2025-10-08 06:44:31
5359,41,621,2026-04-28,2026-05-08,2026-04-29,3.83,0.0,Returned,2026-04-28 08:39:54,2026-04-29 12:34:57
5360,186,1582,2025-08-06,2025-08-13,2025-08-13,1.33,0.0,Returned,2025-08-06 21:27:03,2025-08-13 13:13:53
5361,234,155,2025-11-06,2025-11-20,2025-11-19,5.73,0.0,Returned,2025-11-06 12:13:30,2025-11-19 22:34:00
5362,863,1461,2025-11-08,2025-11-15,2025-11-10,1.12,0.0,Returned,2025-11-08 21:17:26,2025-11-10 06:58:31
5363,409,1691,2026-01-18,2026-02-01,2026-01-22,2.24,0.0,Returned,2026-01-18 02:43:51,2026-01-22 03:26:05
5364,195,947,2025-11-28,2025-12-08,2025-11-30,3.22,0.0,Returned,2025-11-28 16:01:07,2025-11-30 03:01:03
5365,704,1302,2026-02-10,2026-02-20,2026-02-10,3.64,0.0,Returned,2026-02-10 18:39:14,2026-02-10 18:39:14
5366,921,378,2025-07-04,2025-07-14,2025-07-11,2.71,0.0,Returned,2025-07-04 11:32:31,2025-07-11 15:59:21
5367,398,1297,2025-12-02,2025-12-12,2025-12-03,1.66,0.0,Returned,2025-12-02 05:32:18,2025-12-03 09:11:10
5368,210,760,2025-11-09,2025-11-16,2025-11-11,2.8,0.0,Returned,2025-11-09 03:05:02,2025-11-11 05:20:59
5369,568,1233,2025-11-24,2025-12-01,,2.71,136.5,Overdue,2025-11-24 10:57:51,2025-11-24 10:57:51
5370,825,1052,2026-01-05,2026-01-12,2026-01-09,1.43,0.0,Returned,2026-01-05 10:19:57,2026-01-09 04:17:34
5371,281,64,2026-05-04,2026-05-18,2026-05-06,3.16,0.0,Returned,2026-05-04 05:07:36,2026-05-06 13:09:09
5372,266,1377,2025-07-31,2025-08-07,2025-08-03,2.91,0.0,Returned,2025-07-31 13:02:12,2025-08-03 15:44:03
5373,323,493,2026-03-09,2026-03-16,2026-03-14,1.51,0.0,Returned,2026-03-09 19:48:13,2026-03-14 06:16:05
5374,89,1407,2025-09-27,2025-10-04,2025-09-28,1.61,0.0,Returned,2025-09-27 08:08:37,2025-09-28 00:19:03
5375,38,1510,2026-01-10,2026-01-24,2026-01-18,2.38,0.0,Returned,2026-01-10 03:39:00,2026-01-18 13:54:43
5376,139,805,2025-11-19,2025-12-03,2025-11-20,2.92,0.0,Returned,2025-11-19 01:19:52,2025-11-20 03:41:16
5377,372,1220,2025-12-19,2026-01-02,2026-01-02,3.01,0.0,Returned,2025-12-19 16:00:23,2026-01-02 21:42:58
5378,334,973,2025-07-17,2025-07-31,2025-07-29,2.79,0.0,Returned,2025-07-17 16:11:55,2025-07-29 02:22:27
5379,89,1550,2026-02-27,2026-03-06,2026-03-01,3.08,0.0,Returned,2026-02-27 08:49:32,2026-03-01 07:25:00
5380,987,1151,2025-11-26,2025-12-10,2025-12-03,4.65,0.0,Returned,2025-11-26 06:37:19,2025-12-03 07:17:35
5381,44,1501,2025-09-21,2025-09-28,2025-09-21,2.77,0.0,Returned,2025-09-21 06:50:37,2025-09-21 13:27:11
5382,86,1239,2026-03-01,2026-03-11,2026-03-13,2.22,1.5,Returned,2026-03-01 06:03:55,2026-03-13 17:56:17
5383,41,720,2025-11-01,2025-11-15,2025-11-13,3.31,0.0,Returned,2025-11-01 08:15:00,2025-11-13 19:34:11
5384,41,1625,2025-12-28,2026-01-04,2025-12-30,2.02,0.0,Returned,2025-12-28 22:11:05,2025-12-30 21:23:43
5385,345,1414,2025-07-05,2025-07-12,2025-07-06,6.93,0.0,Returned,2025-07-05 23:21:07,2025-07-06 16:31:36
5386,194,101,2025-10-29,2025-11-12,2025-11-18,3.23,4.5,Returned,2025-10-29 11:47:48,2025-11-18 17:26:37
5387,972,311,2025-09-23,2025-10-03,2025-09-28,4.35,0.0,Returned,2025-09-23 08:38:29,2025-09-28 21:50:42
5388,387,818,2026-03-23,2026-04-06,2026-03-23,4.16,0.0,Returned,2026-03-23 20:53:07,2026-03-23 20:53:07
5389,982,1073,2026-05-14,2026-05-24,2026-05-30,8.84,4.5,Returned,2026-05-14 14:38:09,2026-05-30 07:47:52
5390,18,233,2026-01-14,2026-01-24,,2.03,96.0,OVERDUE,2026-01-14 14:22:41,2026-01-14 14:22:41
5391,927,707,2025-07-24,2025-07-31,2025-07-31,1.52,0.0,Returned,2025-07-24 19:51:28,2025-07-31 18:08:31
5392,818,974,2026-01-24,2026-01-31,2026-01-25,2.85,0.0,Returned,2026-01-24 05:13:47,2026-01-25 19:16:18
5393,571,823,2026-01-10,2026-01-20,2026-01-23,8.54,2.25,Returned,2026-01-10 16:20:25,2026-01-23 17:33:52
5394,840,1635,2026-05-22,2026-06-01,2026-05-23,2.74,0.0,Returned,2026-05-22 13:42:07,2026-05-23 17:00:56
5395,23,1276,2025-11-18,2025-11-28,2025-11-18,6.96,0.0,Returned,2025-11-18 20:20:38,2025-11-18 20:20:38
5396,983,1387,2026-03-23,2026-03-30,2026-03-26,2.28,0.0,Returned,2026-03-23 02:14:52,2026-03-26 15:33:20
5397,766,869,2026-01-21,2026-02-04,2026-01-27,8.6,0.0,Returned,2026-01-21 02:27:20,2026-01-27 00:16:01
5398,434,1751,2025-12-02,2025-12-09,2025-12-09,8.74,0.0,Returned,2025-12-02 23:24:25,2025-12-09 06:09:49
5399,384,996,2026-02-19,2026-03-05,2026-02-22,2.2,0.0,Returned,2026-02-19 23:39:33,2026-02-22 01:42:30
5400,727,1661,2025-08-29,2025-09-05,2025-09-12,4.02,5.25,Returned,2025-08-29 05:57:18,2025-09-12 18:41:46
5401,22,1433,2026-01-04,2026-01-18,2026-01-19,2.87,0.75,Returned,2026-01-04 09:16:01,2026-01-19 06:54:39
5402,666,995,2026-05-11,2026-05-21,2026-05-12,2.2,0.0,Returned,2026-05-11 21:54:34,2026-05-12 09:27:48
5403,693,363,2025-09-02,2025-09-12,2025-09-07,3.0,0.0,Returned,2025-09-02 14:57:44,2025-09-07 09:29:42
5404,52,1556,2026-04-06,2026-04-13,2026-04-10,1.9,0.0,Returned,2026-04-06 17:20:07,2026-04-10 18:05:29
5405,671,911,2025-12-20,2025-12-30,2025-12-31,6.75,0.75,Returned,2025-12-20 08:30:34,2025-12-31 01:32:41
5406,346,604,2025-07-24,2025-08-03,2025-07-31,2.3,0.0,Returned,2025-07-24 17:13:09,2025-07-31 09:17:39
5407,769,624,2026-01-18,2026-02-01,2026-01-22,3.62,0.0,Returned,2026-01-18 05:04:27,2026-01-22 04:26:51
5408,267,1643,2026-04-13,2026-04-20,2026-04-17,3.68,0.0,Returned,2026-04-13 02:03:15,2026-04-17 19:00:45
5409,889,1447,2025-10-01,2025-10-11,2025-10-03,3.44,0.0,RETURNED,2025-10-01 00:09:14,2025-10-03 10:37:18
5410,530,8,2025-07-10,2025-07-24,2025-07-17,2.97,0.0,Returned,2025-07-10 17:32:27,2025-07-17 02:53:08
5411,218,1124,2025-07-20,2025-07-27,2025-07-27,1.86,0.0,Returned,2025-07-20 11:05:20,2025-07-27 21:58:22
5412,844,109,2025-08-22,2025-09-05,2025-08-29,1.87,0.0,Returned,2025-08-22 21:14:11,2025-08-29 22:40:16
5413,644,1702,2025-10-18,2025-10-28,2025-10-22,2.55,0.0,Returned,2025-10-18 10:35:31,2025-10-22 07:59:05
5414,884,490,2025-07-26,2025-08-05,2025-08-02,2.41,0.0,Returned,2025-07-26 22:40:07,2025-08-02 05:08:49
5415,229,305,2025-07-17,2025-07-31,2025-07-29,2.18,0.0,Returned,2025-07-17 14:30:07,2025-07-29 06:58:26
5416,291,1163,2025-08-09,2025-08-16,2025-08-16,4.73,0.0,Returned,2025-08-09 23:15:13,2025-08-16 18:13:16
5417,49,76,2026-03-05,2026-03-19,2026-03-11,2.64,0.0,Returned,2026-03-05 02:41:25,2026-03-11 20:41:13
5418,808,1411,2025-07-04,2025-07-18,2025-07-16,2.03,0.0,Returned,2025-07-04 13:01:10,2025-07-16 07:21:29
5419,228,1730,2025-10-23,2025-11-06,2025-10-31,5.42,0.0,Returned,2025-10-23 21:33:31,2025-10-31 04:48:24
5420,141,1625,2026-02-25,2026-03-07,2026-03-05,1.93,0.0,Returned,2026-02-25 09:03:02,2026-03-05 14:26:21
5421,886,733,2025-09-07,2025-09-21,2025-09-17,2.52,0.0,Returned,2025-09-07 06:43:40,2025-09-17 03:53:10
5422,602,264,2025-11-30,2025-12-10,2025-12-01,4.43,0.0,RETURNED,2025-11-30 12:20:56,2025-12-01 15:01:33
5423,915,1221,2025-06-09,2025-06-23,2025-06-17,3.15,0.0,Returned,2025-06-09 23:50:08,2025-06-17 02:52:40
5424,190,564,2025-10-22,2025-11-01,2025-10-28,2.18,0.0,Returned,2025-10-22 19:47:07,2025-10-28 14:51:17
5425,867,17,2026-02-23,2026-03-09,2026-02-25,2.78,0.0,Returned,2026-02-23 07:48:25,2026-02-25 10:32:22
5426,460,752,2025-08-05,2025-08-19,2025-08-06,2.23,0.0,Returned,2025-08-05 10:39:04,2025-08-06 07:31:23
5427,530,1406,2025-10-24,2025-11-07,2025-11-02,1.12,0.0,Returned,2025-10-24 01:11:43,2025-11-02 04:38:43
5428,215,316,2026-01-23,2026-02-06,2026-02-04,4.35,0.0,Returned,2026-01-23 02:37:18,2026-02-04 07:48:34
5429,349,474,2025-08-25,2025-09-04,2025-08-31,4.72,0.0,Returned,2025-08-25 13:35:36,2025-08-31 00:06:42
5430,758,1482,2025-07-30,2025-08-06,2025-08-08,3.79,1.5,Returned,2025-07-30 12:39:39,2025-08-08 23:07:30
5431,532,1488,2026-02-06,2026-02-13,2026-02-06,5.99,0.0,Returned,2026-02-06 05:46:20,2026-02-06 05:46:20
5432,530,1712,2026-05-06,2026-05-16,2026-05-22,1.81,4.5,Returned,2026-05-06 05:30:46,2026-05-22 03:11:58
5433,909,1400,2026-03-17,2026-03-24,2026-03-19,1.14,0.0,Returned,2026-03-17 19:07:50,2026-03-19 09:17:09
5434,29,752,2026-03-26,2026-04-05,2026-04-01,2.62,0.0,Returned,2026-03-26 06:39:34,2026-04-01 03:22:26
5435,775,548,2025-07-27,2025-08-06,2025-08-06,1.71,0.0,RETURNED,2025-07-27 15:43:40,2025-08-06 12:12:58
5436,194,1474,2025-07-05,2025-07-12,2025-07-09,4.93,0.0,Returned,2025-07-05 09:16:30,2025-07-09 12:37:49
5437,774,1527,2026-01-28,2026-02-07,2026-02-01,4.38,0.0,Returned,2026-01-28 07:13:36,2026-02-01 02:28:36
5438,315,1755,2026-03-27,2026-04-03,2026-04-02,2.05,0.0,Returned,2026-03-27 11:49:38,2026-04-02 06:59:17
5439,863,1631,2026-03-23,2026-03-30,2026-03-30,3.78,-1.5,Returned,2026-03-23 04:09:51,2026-03-30 02:32:46
5440,714,306,2026-01-01,2026-01-08,2026-01-13,2.33,3.75,Returned,2026-01-01 06:32:53,2026-01-13 09:40:59
5441,390,150,2026-03-19,2026-04-02,2026-04-02,3.54,0.0,Returned,2026-03-19 12:13:15,2026-04-02 03:43:09
5442,150,640,2026-05-08,2026-05-22,2026-05-13,2.57,0.0,Returned,2026-05-08 02:09:45,2026-05-13 03:18:55
5443,831,1294,2026-01-29,2026-02-05,2026-02-04,3.86,0.0,Returned,2026-01-29 00:11:21,2026-02-04 00:53:27
5444,547,376,2025-08-03,2025-08-17,2025-08-22,1.53,3.75,Returned,2025-08-03 13:10:39,2025-08-22 15:33:26
5445,292,1678,2025-07-27,2025-08-06,2025-07-28,3.01,0.0,Returned,2025-07-27 00:00:54,2025-07-28 18:20:05
5446,406,1398,2026-03-22,2026-04-05,2026-03-28,3.66,0.0,Returned,2026-03-22 18:05:05,2026-03-28 20:56:46
5447,529,1417,2026-04-22,2026-05-06,2026-04-29,4.13,0.0,Returned,2026-04-22 08:21:14,2026-04-29 10:32:59
5448,647,1208,2026-05-14,2026-05-28,2026-05-19,2.27,0.0,Returned,2026-05-14 23:09:55,2026-05-19 19:25:24
5449,776,464,2025-06-17,2025-07-01,2025-06-23,2.16,0.0,Returned,2025-06-17 02:31:13,2025-06-23 23:05:14
5450,864,1197,2025-07-27,2025-08-03,2025-08-01,3.11,0.0,Returned,2025-07-27 09:01:41,2025-08-01 13:27:00
5451,872,239,2025-10-29,2025-11-05,2025-11-03,2.33,0.0,Returned,2025-10-29 07:01:53,2025-11-03 10:33:54
5452,504,386,2026-03-26,2026-04-02,2026-04-02,2.7,0.0,Returned,2026-03-26 03:48:21,2026-04-02 05:26:34
5453,560,1079,2025-11-10,2025-11-17,2025-11-17,2.64,0.0,Returned,2025-11-10 03:16:52,2025-11-17 04:51:12
5454,984,77,2026-05-29,2026-06-12,2026-06-05,3.59,0.0,Returned,2026-05-29 21:25:43,2026-06-05 06:28:59
5455,436,1464,2026-02-12,2026-02-19,2026-02-15,2.45,0.0,Returned,2026-02-12 10:52:47,2026-02-15 13:43:15
5456,397,316,2026-01-24,2026-01-31,2026-01-26,4.1,0.0,Returned,2026-01-24 13:45:20,2026-01-26 04:35:16
5457,335,1461,2025-09-27,2025-10-04,2025-10-04,1.38,0.0,Returned,2025-09-27 15:40:35,2025-10-04 20:13:59
5458,40,190,2026-02-19,2026-02-26,2026-02-26,3.97,0.0,Returned,2026-02-19 23:27:01,2026-02-26 08:28:16
5459,304,424,2025-06-25,2025-07-02,2025-06-25,1.94,0.0,Returned,2025-06-25 10:08:30,2025-06-25 20:58:01
5460,552,456,2026-01-26,2026-02-05,2026-02-04,6.76,0.0,Returned,2026-01-26 15:16:27,2026-02-04 13:18:34
5461,459,1461,2025-09-11,2025-09-21,2025-09-26,1.28,3.75,Returned,2025-09-11 23:58:50,2025-09-26 00:43:50
5462,38,1348,2025-07-28,2025-08-07,2025-08-06,1.81,0.0,Returned,2025-07-28 04:30:51,2025-08-06 06:11:18
5463,109,1495,2025-10-09,2025-10-23,2025-10-19,3.11,0.0,Returned,2025-10-09 07:48:11,2025-10-19 11:20:45
5464,956,766,2025-10-19,2025-11-02,2025-10-22,2.69,0.0,Returned,2025-10-19 09:23:02,2025-10-22 06:55:01
5465,640,405,2026-01-03,2026-01-13,2026-01-11,8.47,0.0,Returned,2026-01-03 06:31:36,2026-01-11 04:19:14
5466,372,1672,2026-04-25,2026-05-05,,2.24,20.25,Overdue,2026-04-25 03:51:35,2026-04-25 03:51:35
5467,463,492,2025-10-11,2025-10-21,2025-10-19,1.27,0.0,Returned,2025-10-11 03:47:58,2025-10-19 11:54:39
5468,209,554,2025-12-19,2026-01-02,2025-12-19,1.86,0.0,Returned,2025-12-19 14:01:12,2025-12-19 17:49:16
5469,235,274,2025-07-31,2025-08-10,2025-08-02,4.27,0.0,Returned,2025-07-31 20:51:53,2025-08-02 01:34:50
5470,53,1352,2025-11-08,2025-11-18,2025-11-22,4.05,3.0,Returned,2025-11-08 02:01:49,2025-11-22 10:06:27
5471,626,136,2025-10-12,2025-10-26,2025-10-16,2.65,0.0,Returned,2025-10-12 08:19:34,2025-10-16 22:13:09
5472,26,248,2025-11-15,2025-11-29,2025-11-25,2.07,0.0,Returned,2025-11-15 11:40:35,2025-11-25 02:49:04
5473,867,1738,2025-11-10,2025-11-20,2025-11-18,1.43,0.0,Returned,2025-11-10 18:16:09,2025-11-18 04:03:53
5474,314,440,2025-10-31,2025-11-07,2025-11-01,1.62,0.0,Returned,2025-10-31 23:19:49,2025-11-01 16:58:53
5475,164,140,2025-11-05,2025-11-12,2025-11-07,2.51,0.0,Returned,2025-11-05 07:49:41,2025-11-07 14:08:45
5476,555,1205,2026-02-05,2026-02-19,2026-03-01,8.85,7.5,Returned,2026-02-05 16:08:03,2026-03-01 12:34:24
5477,493,179,2026-02-21,2026-03-03,2026-02-21,2.76,0.0,Returned,2026-02-21 05:11:30,2026-02-21 13:52:14
5478,263,1642,2025-07-23,2025-08-06,2025-08-01,2.63,0.0,Returned,2025-07-23 13:35:42,2025-08-01 11:39:52
5479,469,1706,2026-05-01,2026-05-15,2026-05-21,4.65,4.5,Returned,2026-05-01 18:10:22,2026-05-21 01:13:57
5480,616,972,2025-10-01,2025-10-08,2025-10-06,1.21,0.0,Returned,2025-10-01 11:38:43,2025-10-06 07:46:32
5481,820,1539,2026-01-02,2026-01-12,2026-01-14,2.57,1.5,Returned,2026-01-02 02:27:25,2026-01-14 10:22:34
5482,956,357,2026-04-07,2026-04-17,2026-04-09,1.86,0.0,Returned,2026-04-07 21:35:56,2026-04-09 20:43:43
5483,757,1380,2026-02-06,2026-02-20,2026-02-20,2.61,0.0,Returned,2026-02-06 19:44:52,2026-02-20 05:47:16
5484,340,861,2025-08-01,2025-08-08,,4.3,222.75,Overdue,2025-08-01 01:03:10,2025-08-01 01:03:10
5485,795,200,2025-11-06,2025-11-13,2025-11-11,2.84,0.0,Returned,2025-11-06 20:14:41,2025-11-11 09:07:26
5486,56,709,2026-01-01,2026-01-08,2026-01-05,3.36,0.0,Returned,2026-01-01 13:05:08,2026-01-05 04:21:40
5487,539,750,2025-08-19,2025-09-02,2025-08-23,2.14,0.0,Returned,2025-08-19 21:13:37,2025-08-23 07:36:16
5488,880,1146,2025-11-16,2025-11-26,2025-11-16,1.8,0.0,Returned,2025-11-16 13:35:16,2025-11-16 13:35:16
5489,306,1275,2025-06-18,2025-06-28,2025-06-20,5.38,0.0,Returned,2025-06-18 07:29:13,2025-06-20 02:30:12
5490,486,33,2026-02-09,2026-02-16,2026-02-10,4.99,0.0,Returned,2026-02-09 14:10:12,2026-02-10 10:04:21
5491,508,1733,2026-05-16,2026-05-30,2026-06-01,1.18,4.5,Returned,2026-05-16 04:07:27,2026-06-01 00:51:25
5492,191,1084,2026-05-07,2026-05-14,,1.72,13.5,Overdue,2026-05-07 11:41:42,2026-05-07 11:41:42
5493,583,951,2025-06-26,2025-07-06,2025-07-16,7.22,7.5,Returned,2025-06-26 08:51:51,2025-07-16 07:36:30
5494,166,1261,2025-07-08,2025-07-22,2025-07-30,3.47,6.0,Returned,2025-07-08 15:23:09,2025-07-30 01:06:40
5495,405,1268,2025-08-15,2025-08-29,2025-08-20,4.75,0.0,Returned,2025-08-15 22:20:54,2025-08-20 05:47:53
5496,766,991,2026-01-13,2026-01-20,2026-01-18,2.94,0.0,Returned,2026-01-13 03:06:52,2026-01-18 19:57:55
5497,55,629,2025-08-14,2025-08-24,2025-08-30,1.74,4.5,Returned,2025-08-14 12:06:52,2025-08-30 14:05:55
5498,725,59,2026-05-09,2026-05-19,2026-05-11,2.93,0.0,Returned,2026-05-09 15:15:05,2026-05-11 20:45:35
5499,293,586,2025-08-03,2025-08-17,2025-08-16,2.78,0.0,Returned,2025-08-03 21:42:42,2025-08-16 01:22:23
5500,611,832,2025-09-19,2025-09-26,2025-09-22,3.36,0.0,Returned,2025-09-19 11:35:03,2025-09-22 00:32:09
5501,706,1652,2025-09-25,2025-10-02,2025-10-11,2.63,6.75,Returned,2025-09-25 10:59:49,2025-10-11 09:49:41
5502,302,255,2025-12-07,2025-12-21,2025-12-12,7.24,0.0,Returned,2025-12-07 02:45:54,2025-12-12 08:22:21
5503,673,1623,2025-10-20,2025-11-03,2025-10-28,2.89,0.0,Returned,2025-10-20 01:42:26,2025-10-28 06:29:02
5504,159,1348,2025-12-24,2025-12-31,2025-12-24,2.0,0.0,Returned,2025-12-24 05:35:01,2025-12-24 15:00:07
5505,933,699,2025-10-01,2025-10-11,2025-10-02,1.79,0.0,Returned,2025-10-01 06:14:03,2025-10-02 15:39:09
5506,607,438,2026-04-28,2026-05-08,2026-04-30,1.71,0.0,Returned,2026-04-28 01:21:28,2026-04-30 15:32:06
5507,623,1000,2026-02-07,2026-02-14,2026-02-11,2.83,0.0,Returned,2026-02-07 21:55:43,2026-02-11 03:27:16
5508,925,1379,2025-12-26,2026-01-05,2026-01-03,2.76,0.0,Returned,2025-12-26 04:16:31,2026-01-03 03:59:03
5509,547,880,2025-12-02,2025-12-16,2025-12-05,1.85,0.0,Returned,2025-12-02 01:17:13,2025-12-05 08:50:24
5510,405,1236,2025-10-11,2025-10-18,2025-10-17,2.59,0.0,Returned,2025-10-11 18:12:08,2025-10-17 09:15:41
5511,591,1645,2026-04-23,2026-05-07,2026-04-24,2.92,0.0,Returned,2026-04-23 11:48:31,2026-04-24 21:13:24
5512,696,308,2025-09-13,2025-09-23,2025-09-22,1.67,0.0,Returned,2025-09-13 14:41:13,2025-09-22 04:29:37
5513,988,798,2025-07-23,2025-08-06,2025-08-03,3.09,0.0,Returned,2025-07-23 21:45:02,2025-08-03 09:45:18
5514,805,1228,2026-04-02,2026-04-16,2026-04-12,2.11,0.0,Returned,2026-04-02 10:18:46,2026-04-12 09:16:06
5515,874,1536,2025-06-12,2025-06-26,,6.72,255.0,OVERDUE,2025-06-12 01:35:42,2025-06-12 01:35:42
5516,673,632,2026-01-29,2026-02-08,,2.04,84.75,Overdue,2026-01-29 15:33:42,2026-01-29 15:33:42
5517,767,991,2025-07-06,2025-07-16,2025-07-10,4.34,0.0,Returned,2025-07-06 02:48:40,2025-07-10 02:25:33
5518,970,1494,2026-02-20,2026-03-02,2026-02-24,2.28,0.0,Returned,2026-02-20 06:05:10,2026-02-24 07:08:57
5519,787,526,2025-12-28,2026-01-04,2026-01-04,3.49,0.0,Returned,2025-12-28 04:39:40,2026-01-04 07:08:34
5520,28,203,2025-11-04,2025-11-11,2025-11-04,4.83,0.0,Returned,2025-11-04 20:58:07,2025-11-04 20:58:07
5521,811,1409,2025-11-30,2025-12-14,2025-12-13,1.83,0.0,Returned,2025-11-30 18:28:55,2025-12-13 02:30:05
5522,95,1192,2026-03-15,2026-03-29,2026-03-29,2.22,0.0,Returned,2026-03-15 17:11:10,2026-03-29 16:59:47
5523,542,1523,2026-04-06,2026-04-13,2026-04-08,1.69,0.0,Returned,2026-04-06 01:23:53,2026-04-08 15:48:15
5524,443,1146,2025-12-22,2026-01-05,2025-12-28,2.18,0.0,Returned,2025-12-22 04:42:56,2025-12-28 00:18:19
5525,134,1264,2026-02-28,2026-03-10,2026-02-28,4.2,0.0,Returned,2026-02-28 00:12:40,2026-02-28 16:34:40
5526,104,1292,2026-05-20,2026-05-27,2026-06-01,1.66,6.75,Returned,2026-05-20 09:18:12,2026-06-01 00:32:19
5527,149,744,2026-04-08,2026-04-22,2026-05-02,4.81,7.5,Returned,2026-04-08 13:57:14,2026-05-02 05:25:36
5528,257,1700,2025-10-20,2025-11-03,,4.43,157.5,Overdue,2025-10-20 16:45:00,2025-10-20 16:45:00
5529,567,578,2026-04-01,2026-04-15,2026-04-11,4.86,0.0,Returned,2026-04-01 13:08:15,2026-04-11 12:28:09
5530,682,1233,2026-04-20,2026-04-27,2026-05-01,2.71,3.0,Returned,2026-04-20 08:02:36,2026-05-01 02:30:16
5531,651,1004,2025-08-09,2025-08-16,2025-08-16,1.49,0.0,Returned,2025-08-09 06:40:40,2025-08-16 14:16:32
5532,558,1401,2025-11-04,2025-11-18,,1.58,146.25,Overdue,2025-11-04 19:40:32,2025-11-04 19:40:32
5533,436,535,2025-08-31,2025-09-10,2025-09-04,1.54,0.0,Returned,2025-08-31 04:41:40,2025-09-04 02:05:37
5534,442,1239,2025-06-12,2025-06-26,2025-06-30,2.22,3.0,Returned,2025-06-12 06:46:15,2025-06-30 03:06:31
5535,984,1013,2025-07-27,2025-08-10,2025-08-09,2.95,0.0,Returned,2025-07-27 09:31:28,2025-08-09 14:18:54
5536,92,286,2026-02-05,2026-02-12,2026-02-07,2.48,0.0,Returned,2026-02-05 18:42:05,2026-02-07 23:11:13
5537,115,1074,2025-07-08,2025-07-22,2025-07-28,4.55,4.5,Returned,2025-07-08 19:31:12,2025-07-28 18:17:03
5538,652,35,2026-02-01,2026-02-08,2026-02-11,4.69,2.25,Returned,2026-02-01 13:52:06,2026-02-11 23:00:29
5539,460,1027,2025-09-17,2025-09-24,2025-09-21,3.91,0.0,Returned,2025-09-17 13:28:45,2025-09-21 16:52:19
5540,440,1293,2025-09-01,2025-09-08,2025-09-06,4.29,0.0,Returned,2025-09-01 20:58:37,2025-09-06 05:48:57
5541,81,1048,2025-09-18,2025-09-25,2025-09-20,1.55,0.0,Returned,2025-09-18 06:46:02,2025-09-20 07:33:56
5542,47,676,2026-05-16,2026-05-26,2026-05-20,2.02,0.0,Returned,2026-05-16 07:59:55,2026-05-20 23:34:01
5543,643,123,2025-10-12,2025-10-19,,2.14,168.75,Overdue,2025-10-12 18:24:14,2025-10-12 18:24:14
5544,337,75,2026-03-27,2026-04-03,2026-03-31,3.78,0.0,Returned,2026-03-27 15:29:23,2026-03-31 14:07:11
5545,854,1082,2026-01-17,2026-01-31,2026-01-21,5.0,0.0,Returned,2026-01-17 03:34:19,2026-01-21 05:11:28
5546,24,295,2025-09-07,2025-09-17,2025-09-09,1.5,0.0,RETURNED,2025-09-07 09:11:40,2025-09-09 23:24:28
5547,818,1752,2025-09-24,2025-10-08,2025-10-02,5.67,0.0,Returned,2025-09-24 15:11:43,2025-10-02 12:20:09
5548,217,1456,2025-06-18,2025-06-28,2025-06-24,4.24,0.0,Returned,2025-06-18 13:39:04,2025-06-24 07:44:40
5549,566,323,2025-12-03,2025-12-13,,1.05,-127.5,Overdue,2025-12-03 01:03:16,2025-12-03 01:03:16
5550,266,998,2026-04-27,2026-05-04,2026-05-01,2.77,0.0,Returned,2026-04-27 18:24:14,2026-05-01 23:23:33
5551,712,1271,2025-11-06,2025-11-13,2025-11-07,8.36,0.0,Returned,2025-11-06 04:51:23,2025-11-07 12:20:09
5552,3,926,2025-08-10,2025-08-17,2025-08-15,3.12,0.0,Returned,2025-08-10 09:04:42,2025-08-15 00:49:59
5553,598,1627,2026-02-18,2026-02-25,2026-02-22,2.69,0.0,Returned,2026-02-18 21:20:37,2026-02-22 23:20:29
5554,118,1535,2026-04-15,2026-04-29,2026-04-17,8.58,0.0,Returned,2026-04-15 13:55:30,2026-04-17 23:37:36
5555,45,622,2025-11-14,2025-11-21,,3.05,144.0,Overdue,2025-11-14 09:00:13,2025-11-14 09:00:13
5556,296,1668,2025-08-29,2025-09-08,2025-09-04,2.06,0.0,Returned,2025-08-29 10:47:06,2025-09-04 21:02:33
5557,882,305,2026-04-02,2026-04-09,2026-04-03,1.65,0.0,Returned,2026-04-02 19:19:27,2026-04-03 18:35:17
5558,536,1607,2025-11-23,2025-12-03,2025-11-29,2.22,0.0,Returned,2025-11-23 15:23:28,2025-11-29 03:02:28
5559,595,1018,2025-12-11,2025-12-25,2025-12-23,3.13,0.0,Returned,2025-12-11 22:53:22,2025-12-23 12:15:11
5560,916,918,2025-12-05,2025-12-19,2025-12-14,2.6,0.0,Returned,2025-12-05 14:49:54,2025-12-14 04:54:38
5561,269,318,2026-01-20,2026-01-27,2026-01-20,1.46,0.0,Returned,2026-01-20 19:52:48,2026-01-20 19:52:48
5562,961,108,2026-01-15,2026-01-25,2026-01-26,3.32,0.75,Returned,2026-01-15 15:11:59,2026-01-26 06:06:49
5563,825,1636,2026-01-01,2026-01-15,2026-01-11,1.91,0.0,Returned,2026-01-01 16:45:33,2026-01-11 12:22:24
5564,646,185,2026-03-09,2026-03-16,2026-03-11,4.35,0.0,Returned,2026-03-09 23:13:40,2026-03-11 00:49:35
5565,388,979,2025-06-13,2025-06-27,2025-07-06,5.62,6.75,Returned,2025-06-13 17:31:18,2025-07-06 15:16:12
5566,322,1050,2025-08-18,2025-08-28,2025-08-21,1.13,0.0,Returned,2025-08-18 06:37:58,2025-08-21 00:58:25
5567,415,364,2026-01-01,2026-01-11,2026-01-10,4.01,0.0,Returned,2026-01-01 03:42:31,2026-01-10 20:12:32
5568,43,311,2026-05-16,2026-05-30,2026-05-22,4.9,0.0,Returned,2026-05-16 07:42:22,2026-05-22 15:32:47
5569,843,525,2025-06-20,2025-06-27,,6.52,254.25,Overdue,2025-06-20 21:45:27,2025-06-20 21:45:27
5570,582,762,2025-12-03,2025-12-10,2025-12-06,4.79,0.0,Returned,2025-12-03 11:03:29,2025-12-06 10:26:56
5571,7,1408,2025-07-27,2025-08-10,2025-07-28,1.81,0.0,Returned,2025-07-27 06:14:47,2025-07-28 03:36:26
5572,618,1439,2025-06-10,2025-06-20,2025-06-18,2.8,0.0,Returned,2025-06-10 09:52:41,2025-06-18 08:29:26
5573,688,719,2026-05-13,2026-05-20,2026-05-28,3.77,6.0,Returned,2026-05-13 21:52:24,2026-05-28 12:30:31
5574,498,87,2025-06-08,2025-06-15,2025-06-09,2.41,0.0,Returned,2025-06-08 01:07:12,2025-06-09 21:15:18
5575,39,1498,2025-09-26,2025-10-10,2025-10-08,2.86,0.0,Returned,2025-09-26 21:14:25,2025-10-08 10:58:40
5576,596,221,2026-01-10,2026-01-24,2026-01-20,2.82,0.0,Returned,2026-01-10 11:40:08,2026-01-20 10:36:26
5577,341,1190,2025-09-26,2025-10-03,2025-09-28,2.4,0.0,Returned,2025-09-26 02:21:35,2025-09-28 14:24:45
5578,565,1305,2025-10-20,2025-11-03,2025-10-26,2.62,0.0,Returned,2025-10-20 18:52:27,2025-10-26 17:48:20
5579,588,276,2025-06-20,2025-07-04,2025-06-24,1.71,0.0,Returned,2025-06-20 09:35:49,2025-06-24 18:31:18
5580,638,1001,2026-05-02,2026-05-09,2026-05-07,1.73,0.0,Returned,2026-05-02 08:18:23,2026-05-07 12:29:51
5581,637,1077,2025-07-12,2025-07-26,2025-07-13,4.04,-1.5,Returned,2025-07-12 08:20:37,2025-07-13 12:07:14
5582,766,1081,2025-11-07,2025-11-14,2025-11-16,4.42,1.5,Returned,2025-11-07 15:13:18,2025-11-16 19:37:29
5583,469,764,2026-01-05,2026-01-15,2026-01-06,4.12,0.0,Returned,2026-01-05 01:38:57,2026-01-06 05:36:42
5584,423,365,2025-09-10,2025-09-17,2025-09-13,4.55,0.0,Returned,2025-09-10 19:03:33,2025-09-13 23:42:08
5585,578,1106,2025-12-17,2025-12-27,2025-12-26,2.6,0.0,Returned,2025-12-17 14:02:39,2025-12-26 12:14:16
5586,28,34,2025-08-20,2025-09-03,2025-09-13,4.96,7.5,Returned,2025-08-20 10:26:33,2025-09-13 17:30:05
5587,426,1724,2025-07-24,2025-08-03,2025-07-27,4.39,0.0,Returned,2025-07-24 14:07:04,2025-07-27 10:06:58
5588,607,1171,2026-01-12,2026-01-26,2026-01-13,1.26,0.0,Returned,2026-01-12 09:05:47,2026-01-13 13:53:23
5589,969,504,2026-05-04,2026-05-11,2026-05-05,2.75,0.0,Returned,2026-05-04 13:54:41,2026-05-05 11:46:16
5590,964,1437,2025-09-03,2025-09-13,2025-09-07,2.03,0.0,Returned,2025-09-03 03:37:06,2025-09-07 07:06:53
5591,535,493,2026-02-27,2026-03-13,2026-03-13,1.96,0.0,Returned,2026-02-27 05:10:22,2026-03-13 04:39:58
5592,861,1454,2026-02-18,2026-03-04,2026-02-20,2.65,0.0,Returned,2026-02-18 21:40:32,2026-02-20 21:13:47
5593,224,1331,2025-09-04,2025-09-11,2025-09-10,3.93,0.0,Returned,2025-09-04 04:48:37,2025-09-10 11:24:32
5594,65,499,2026-03-04,2026-03-14,2026-03-06,4.85,0.0,Returned,2026-03-04 07:48:04,2026-03-06 10:16:38
5595,188,108,2025-12-05,2025-12-15,2025-12-14,3.45,0.0,Returned,2025-12-05 18:43:54,2025-12-14 17:19:17
5596,77,277,2026-03-30,2026-04-13,2026-04-05,1.69,0.0,Returned,2026-03-30 21:35:06,2026-04-05 07:21:57
5597,953,374,2025-09-14,2025-09-28,2025-09-20,3.18,0.0,Returned,2025-09-14 17:42:51,2025-09-20 13:00:27
5598,681,1412,2025-08-12,2025-08-22,2025-08-18,1.81,0.0,Returned,2025-08-12 11:57:58,2025-08-18 19:22:00
5599,879,1636,2025-08-04,2025-08-14,2025-08-19,1.68,3.75,Returned,2025-08-04 05:08:02,2025-08-19 00:18:02
5600,696,1560,2025-10-25,2025-11-01,2025-10-27,4.2,0.0,Returned,2025-10-25 05:21:39,2025-10-27 11:00:58
5601,914,920,2026-04-05,2026-04-15,2026-04-08,2.8,0.0,Returned,2026-04-05 06:37:38,2026-04-08 16:18:38
5602,321,1761,2026-03-09,2026-03-19,2026-03-16,3.8,0.0,Returned,2026-03-09 20:17:32,2026-03-16 20:36:50
5603,167,1127,2025-06-10,2025-06-24,2025-06-13,2.3,0.0,Returned,2025-06-10 04:32:14,2025-06-13 09:48:05
5604,133,796,2026-05-28,2026-06-11,2026-06-09,2.61,0.0,Returned,2026-05-28 16:28:35,2026-06-09 17:48:10
5605,766,701,2026-01-18,2026-01-25,2026-01-19,1.72,0.0,Returned,2026-01-18 06:52:02,2026-01-19 15:19:47
5606,972,504,2026-05-10,2026-05-17,,2.32,11.25,Overdue,2026-05-10 20:00:09,2026-05-10 20:00:09
5607,582,1586,2025-09-28,2025-10-12,2025-10-12,2.31,0.0,Returned,2025-09-28 03:12:29,2025-10-12 20:14:04
5608,680,1086,2025-07-02,2025-07-12,2025-07-12,6.8,0.0,Returned,2025-07-02 06:12:54,2025-07-12 18:27:06
5609,279,1079,2025-12-28,2026-01-07,2025-12-30,2.61,0.0,Returned,2025-12-28 11:54:26,2025-12-30 08:12:26
5610,820,41,2025-09-03,2025-09-17,2025-09-18,2.52,0.75,Returned,2025-09-03 19:12:31,2025-09-18 14:27:27
5611,105,1306,2026-04-29,2026-05-09,2026-05-06,2.95,0.0,Returned,2026-04-29 01:46:00,2026-05-06 14:09:19
5612,490,13,2025-08-17,2025-08-24,2025-08-17,1.99,0.0,Returned,2025-08-17 13:52:46,2025-08-17 13:52:46
5613,71,864,2025-06-16,2025-06-30,2025-06-25,2.68,0.0,Returned,2025-06-16 06:30:43,2025-06-25 10:38:50
5614,415,140,2025-12-25,2026-01-01,2025-12-28,2.7,0.0,Returned,2025-12-25 07:05:12,2025-12-28 04:20:25
5615,355,127,2026-05-06,2026-05-16,2026-05-14,1.53,0.0,Returned,2026-05-06 08:07:56,2026-05-14 15:03:50
5616,661,1656,2026-01-06,2026-01-20,2026-01-29,2.3,6.75,Returned,2026-01-06 05:03:45,2026-01-29 18:52:12
5617,415,1452,2025-08-02,2025-08-09,2025-08-05,4.26,0.0,Returned,2025-08-02 20:08:08,2025-08-05 11:04:19
5618,467,1457,2026-03-13,2026-03-23,2026-03-17,4.38,0.0,Returned,2026-03-13 04:53:38,2026-03-17 15:00:08
5619,930,853,2025-09-19,2025-10-03,2025-10-01,4.35,0.0,Returned,2025-09-19 09:31:15,2025-10-01 07:37:48
5620,766,1548,2026-01-06,2026-01-20,2026-01-16,2.92,0.0,Returned,2026-01-06 02:07:13,2026-01-16 01:52:27
5621,123,71,2026-02-13,2026-02-23,2026-02-19,1.92,0.0,Returned,2026-02-13 14:22:49,2026-02-19 08:28:05
5622,678,421,2025-11-27,2025-12-04,2025-12-02,1.09,0.0,Returned,2025-11-27 08:52:12,2025-12-02 15:48:04
5623,590,868,2025-10-27,2025-11-03,2025-10-31,4.06,0.0,Returned,2025-10-27 11:09:05,2025-10-31 23:50:01
5624,559,58,2025-12-08,2025-12-18,2025-12-14,3.75,0.0,Returned,2025-12-08 23:26:36,2025-12-14 19:35:04
5625,960,351,2025-12-07,2025-12-21,2025-12-29,2.03,6.0,Returned,2025-12-07 08:31:26,2025-12-29 18:14:08
5626,631,1575,2025-11-01,2025-11-15,2025-11-02,2.93,0.0,Returned,2025-11-01 07:09:42,2025-11-02 16:08:54
5627,982,80,2025-12-09,2025-12-16,2025-12-09,3.12,0.0,Returned,2025-12-09 05:38:27,2025-12-09 08:39:51
5628,556,304,2026-02-18,2026-02-25,2026-02-22,3.08,0.0,Returned,2026-02-18 16:29:58,2026-02-22 11:47:40
5629,58,82,2025-06-22,2025-07-06,2025-07-01,3.21,0.0,Returned,2025-06-22 10:45:27,2025-07-01 03:02:33
5630,596,234,2026-02-05,2026-02-19,2026-02-06,2.08,0.0,Returned,2026-02-05 20:15:32,2026-02-06 23:49:23
5631,628,1252,2025-06-13,2025-06-23,2025-06-27,2.6,3.0,Returned,2025-06-13 03:39:01,2025-06-27 13:08:28
5632,965,921,2025-10-29,2025-11-08,2025-10-31,2.64,0.0,Returned,2025-10-29 02:03:41,2025-10-31 05:28:20
5633,459,279,2025-06-29,2025-07-06,2025-07-04,3.43,0.0,Returned,2025-06-29 12:23:17,2025-07-04 14:19:15
5634,393,1382,2025-12-05,2025-12-19,2025-12-17,2.46,0.0,Returned,2025-12-05 09:15:13,2025-12-17 01:07:03
5635,857,51,2025-12-09,2025-12-23,2025-12-18,2.05,0.0,Returned,2025-12-09 00:27:44,2025-12-18 05:15:22
5636,342,1077,2025-09-24,2025-10-04,2025-10-04,4.1,0.0,Returned,2025-09-24 16:12:51,2025-10-04 07:37:09
5637,651,295,2025-09-08,2025-09-15,2025-09-22,2.87,5.25,Returned,2025-09-08 11:11:48,2025-09-22 20:24:30
5638,309,1077,2025-09-11,2025-09-21,2025-09-15,2.88,0.0,Returned,2025-09-11 00:16:34,2025-09-15 05:11:06
5639,103,1162,2025-11-23,2025-11-30,2025-11-25,3.88,0.0,Returned,2025-11-23 02:25:31,2025-11-25 21:25:03
5640,768,1113,2026-01-01,2026-01-15,2026-01-15,2.57,0.0,Returned,2026-01-01 00:09:48,2026-01-15 14:56:47
5641,145,1573,2026-04-23,2026-05-03,2026-05-05,4.65,1.5,Returned,2026-04-23 01:52:22,2026-05-05 20:54:44
5642,948,862,2026-01-24,2026-01-31,2026-01-24,4.94,0.0,Returned,2026-01-24 00:51:51,2026-01-24 16:38:43
5643,58,1704,2025-08-11,2025-08-18,2025-08-15,4.65,0.0,Returned,2025-08-11 21:10:48,2025-08-15 16:50:47
5644,568,1755,2025-06-21,2025-07-05,2025-06-25,2.09,0.0,Returned,2025-06-21 09:46:35,2025-06-25 12:24:53
5645,818,196,2026-05-06,2026-05-13,2026-05-13,1.88,0.0,Returned,2026-05-06 01:16:40,2026-05-13 21:47:28
5646,90,835,2026-01-31,2026-02-10,2026-02-04,2.07,0.0,Returned,2026-01-31 17:16:08,2026-02-04 10:40:37
5647,192,594,2025-07-26,2025-08-05,2025-07-28,4.33,0.0,Returned,2025-07-26 18:46:40,2025-07-28 08:58:22
5648,105,1527,2026-03-22,2026-04-05,2026-03-23,2.73,0.0,Returned,2026-03-22 04:00:56,2026-03-23 13:13:14
5649,883,450,2025-09-01,2025-09-08,2025-09-07,3.86,0.0,Returned,2025-09-01 22:41:41,2025-09-07 16:12:48
5650,933,524,2025-11-17,2025-11-27,2025-11-25,5.16,0.0,Returned,2025-11-17 15:11:04,2025-11-25 12:05:40
5651,403,1543,2025-07-30,2025-08-06,,4.07,224.25,Overdue,2025-07-30 05:47:28,2025-07-30 05:47:28
5652,98,602,2026-03-14,2026-03-28,2026-03-20,3.29,0.0,Returned,2026-03-14 07:52:02,2026-03-20 17:31:21
5653,57,1109,2026-03-17,2026-03-27,2026-03-20,2.86,0.0,Returned,2026-03-17 09:24:09,2026-03-20 16:03:10
5654,571,277,2025-06-14,2025-06-28,2025-06-25,2.1,0.0,Returned,2025-06-14 19:34:06,2025-06-25 22:58:10
5655,165,767,2025-12-25,2026-01-08,2025-12-31,2.73,0.0,Returned,2025-12-25 08:17:26,2025-12-31 12:35:31
5656,811,1548,2025-07-24,2025-08-03,2025-08-05,2.15,1.5,Returned,2025-07-24 02:03:04,2025-08-05 04:13:31
5657,44,1193,2026-04-14,2026-04-21,2026-04-15,8.19,0.0,Returned,2026-04-14 21:04:56,2026-04-15 17:27:18
5658,811,645,2025-12-09,2025-12-23,,3.78,120.0,Overdue,2025-12-09 20:03:42,2025-12-09 20:03:42
5659,959,671,2026-01-03,2026-01-10,,1.09,106.5,Overdue,2026-01-03 23:02:56,2026-01-03 23:02:56
5660,556,1580,2025-08-16,2025-08-30,2025-08-25,2.83,0.0,Returned,2025-08-16 06:47:23,2025-08-25 21:22:22
5661,674,512,2025-09-07,2025-09-14,,2.22,195.0,Overdue,2025-09-07 01:34:18,2025-09-07 01:34:18
5662,591,650,2025-11-03,2025-11-10,,3.93,152.25,OVERDUE,2025-11-03 23:20:27,2025-11-03 23:20:27
5663,901,1655,2025-12-16,2025-12-23,2026-01-02,2.98,7.5,Returned,2025-12-16 05:08:02,2026-01-02 05:53:13
5664,63,1614,2026-01-28,2026-02-07,2026-01-31,4.79,0.0,Returned,2026-01-28 05:54:04,2026-01-31 17:19:07
5665,744,91,2026-01-26,2026-02-05,2026-01-26,5.0,0.0,Returned,2026-01-26 20:34:30,2026-01-26 20:34:30
5666,415,855,2025-06-07,2025-06-21,2025-06-14,4.66,0.0,RETURNED,2025-06-07 08:21:17,2025-06-14 05:46:06
5667,385,838,2026-01-27,2026-02-03,2026-01-28,1.84,0.0,Returned,2026-01-27 16:22:20,2026-01-28 20:01:50
5668,200,1644,2025-10-13,2025-10-27,2025-10-15,3.41,0.0,Returned,2025-10-13 05:06:27,2025-10-15 07:35:05
5669,942,884,2025-10-23,2025-10-30,2025-10-28,2.71,0.0,Returned,2025-10-23 15:16:32,2025-10-28 23:20:15
5670,905,1726,2026-01-31,2026-02-10,2026-02-01,2.4,0.0,Returned,2026-01-31 08:57:28,2026-02-01 19:58:44
5671,106,249,2025-08-28,2025-09-07,2025-09-02,1.83,0.0,Returned,2025-08-28 01:26:07,2025-09-02 13:12:55
5672,635,1696,2026-02-12,2026-02-19,2026-02-16,1.82,-1.5,Returned,2026-02-12 04:41:39,2026-02-16 16:33:37
5673,136,1624,2026-04-07,2026-04-14,2026-04-22,2.94,6.0,Returned,2026-04-07 13:15:31,2026-04-22 10:16:08
5674,112,566,2026-01-07,2026-01-17,2026-01-21,1.85,3.0,Returned,2026-01-07 15:33:26,2026-01-21 05:25:57
5675,305,855,2026-05-11,2026-05-18,2026-05-15,4.63,0.0,Returned,2026-05-11 04:21:50,2026-05-15 23:23:34
5676,906,676,2025-08-25,2025-09-01,2025-08-31,1.09,0.0,Returned,2025-08-25 09:16:53,2025-08-31 19:28:09
5677,866,749,2025-11-21,2025-12-01,2025-11-28,4.92,0.0,Returned,2025-11-21 00:19:24,2025-11-28 22:33:50
5678,799,309,2026-04-29,2026-05-06,2026-05-14,2.53,6.0,Returned,2026-04-29 17:32:36,2026-05-14 10:38:06
5679,980,233,2026-01-19,2026-01-26,2026-01-22,2.49,0.0,Returned,2026-01-19 09:02:16,2026-01-22 23:04:13
5680,650,147,2026-04-28,2026-05-05,2026-04-29,2.71,0.0,Returned,2026-04-28 17:17:46,2026-04-29 12:08:56
5681,20,140,2025-08-27,2025-09-10,2025-08-30,4.0,0.0,Returned,2025-08-27 10:04:19,2025-08-30 03:49:58
5682,439,1364,2026-03-06,2026-03-16,2026-03-14,2.04,0.0,Returned,2026-03-06 18:25:25,2026-03-14 13:56:22
5683,6,1368,2026-02-03,2026-02-13,2026-02-11,4.98,0.0,Returned,2026-02-03 05:32:30,2026-02-11 12:37:14
5684,488,1542,2025-12-18,2026-01-01,2025-12-29,3.48,0.0,Returned,2025-12-18 09:29:25,2025-12-29 04:44:49
5685,532,1208,2025-07-17,2025-07-27,2025-07-20,1.82,0.0,Returned,2025-07-17 09:53:53,2025-07-20 04:25:48
5686,582,1757,2025-09-10,2025-09-24,2025-09-21,1.1,0.0,Returned,2025-09-10 07:10:02,2025-09-21 13:17:37
5687,515,1237,2026-02-19,2026-03-05,2026-02-27,1.68,0.0,Returned,2026-02-19 02:54:31,2026-02-27 11:06:07
5688,423,1515,2025-06-07,2025-06-21,2025-06-11,6.2,0.0,Returned,2025-06-07 23:51:34,2025-06-11 07:19:45
5689,23,1475,2025-09-13,2025-09-27,2025-09-17,5.86,0.0,Returned,2025-09-13 10:35:17,2025-09-17 04:43:39
5690,283,420,2025-07-19,2025-07-29,2025-07-19,2.23,0.0,Returned,2025-07-19 15:53:38,2025-07-19 19:02:32
5691,38,279,2026-05-17,2026-05-24,2026-05-24,4.8,0.0,Returned,2026-05-17 11:03:22,2026-05-24 01:29:41
5692,447,1294,2025-12-08,2025-12-22,2025-12-08,4.4,0.0,Returned,2025-12-08 09:05:48,2025-12-08 15:13:59
5693,816,574,2026-04-08,2026-04-15,2026-04-13,5.6,0.0,Returned,2026-04-08 08:21:53,2026-04-13 00:43:25
5694,730,1120,2026-02-10,2026-02-17,2026-02-25,1.71,6.0,Returned,2026-02-10 15:16:26,2026-02-25 16:28:39
5695,445,21,2025-06-07,2025-06-21,2025-06-17,1.42,0.0,Returned,2025-06-07 01:45:56,2025-06-17 12:25:09
5696,320,562,2026-03-20,2026-03-27,2026-03-24,2.56,0.0,Returned,2026-03-20 21:34:53,2026-03-24 13:48:51
5697,504,601,2025-12-04,2025-12-11,2025-12-04,4.21,0.0,Returned,2025-12-04 05:45:02,2025-12-04 20:36:36
5698,934,83,2026-03-17,2026-03-27,2026-03-21,4.36,0.0,RETURNED,2026-03-17 05:53:15,2026-03-21 23:32:34
5699,400,1258,2025-08-24,2025-09-03,2025-08-29,4.98,0.0,Returned,2025-08-24 00:32:54,2025-08-29 22:23:56
5700,12,1605,2025-07-25,2025-08-01,2025-07-28,1.63,0.0,Returned,2025-07-25 04:59:50,2025-07-28 13:08:12
5701,934,78,2025-07-11,2025-07-25,2025-07-17,3.04,0.0,Returned,2025-07-11 02:28:14,2025-07-17 01:30:32
5702,662,156,2026-01-21,2026-01-31,,2.68,-90.75,Overdue,2026-01-21 15:53:02,2026-01-21 15:53:02
5703,998,1465,2025-11-07,2025-11-21,2025-11-10,1.76,0.0,Returned,2025-11-07 01:05:34,2025-11-10 18:14:48
5704,770,710,2025-08-01,2025-08-11,2025-08-02,4.03,0.0,Returned,2025-08-01 17:19:40,2025-08-02 02:55:40
5705,131,1328,2025-06-22,2025-06-29,2025-06-26,3.23,0.0,Returned,2025-06-22 20:23:19,2025-06-26 11:49:21
5706,118,1087,2026-03-06,2026-03-16,2026-03-21,8.11,3.75,Returned,2026-03-06 17:23:09,2026-03-21 03:07:51
5707,322,1166,2026-01-26,2026-02-09,2026-02-11,3.26,1.5,Returned,2026-01-26 22:27:53,2026-02-11 00:41:59
5708,913,197,2026-03-25,2026-04-04,2026-04-01,2.46,0.0,Returned,2026-03-25 08:03:44,2026-04-01 05:27:09
5709,652,1498,2025-06-13,2025-06-23,,2.04,257.25,Overdue,2025-06-13 12:10:07,2025-06-13 12:10:07
5710,272,1245,2025-11-03,2025-11-17,2025-11-12,3.56,0.0,Returned,2025-11-03 05:23:33,2025-11-12 18:58:09
5711,582,1484,2026-03-12,2026-03-22,2026-03-15,7.23,0.0,Returned,2026-03-12 16:18:19,2026-03-15 23:11:54
5712,625,904,2025-12-21,2025-12-31,2026-01-04,3.79,3.0,Returned,2025-12-21 05:06:30,2026-01-04 02:25:16
5713,835,1542,2026-03-14,2026-03-21,2026-03-14,4.96,0.0,Returned,2026-03-14 18:42:59,2026-03-14 18:42:59
5714,499,897,2025-09-24,2025-10-04,2025-09-30,2.91,0.0,Returned,2025-09-24 08:45:58,2025-09-30 01:23:22
5715,279,975,2025-07-21,2025-07-28,2025-08-06,1.67,6.75,Returned,2025-07-21 12:55:06,2025-08-06 16:16:27
5716,544,1454,2025-07-29,2025-08-08,2025-08-02,1.56,0.0,Returned,2025-07-29 10:38:55,2025-08-02 16:37:07
5717,374,1381,2026-01-01,2026-01-08,2026-01-04,4.67,0.0,Returned,2026-01-01 17:41:19,2026-01-04 03:55:03
5718,376,831,2025-12-03,2025-12-13,2025-12-10,2.96,0.0,Returned,2025-12-03 07:39:58,2025-12-10 00:27:43
5719,4,1154,2025-10-14,2025-10-21,2025-10-14,4.15,0.0,Returned,2025-10-14 11:24:49,2025-10-14 11:24:49
5720,658,687,2026-04-06,2026-04-13,2026-04-13,2.68,0.0,Returned,2026-04-06 08:31:44,2026-04-13 07:13:06
5721,476,1571,2025-08-03,2025-08-13,2025-08-07,1.69,0.0,Returned,2025-08-03 14:33:26,2025-08-07 12:49:58
5722,354,1519,2025-06-10,2025-06-20,,8.12,259.5,Overdue,2025-06-10 12:15:31,2025-06-10 12:15:31
5723,449,1591,2026-05-01,2026-05-15,2026-05-11,5.75,0.0,Returned,2026-05-01 11:58:23,2026-05-11 22:41:56
5724,359,211,2026-03-01,2026-03-15,2026-03-02,3.48,0.0,Returned,2026-03-01 17:30:52,2026-03-02 13:12:17
5725,533,293,2026-05-12,2026-05-22,2026-05-15,2.33,0.0,Returned,2026-05-12 09:26:59,2026-05-15 23:31:28
5726,849,1458,2026-04-07,2026-04-21,2026-04-18,3.87,0.0,Returned,2026-04-07 15:15:22,2026-04-18 02:31:23
5727,92,1574,2026-03-29,2026-04-08,2026-04-05,4.14,0.0,Returned,2026-03-29 01:41:32,2026-04-05 04:55:42
5728,510,229,2026-02-02,2026-02-12,2026-02-06,4.06,0.0,Returned,2026-02-02 14:47:05,2026-02-06 02:06:43
5729,361,970,2025-07-04,2025-07-14,2025-07-06,1.42,0.0,Returned,2025-07-04 12:35:13,2025-07-06 05:36:54
5730,87,417,2025-07-10,2025-07-17,2025-07-16,3.94,0.0,Returned,2025-07-10 20:17:42,2025-07-16 17:07:21
5731,573,1395,2026-04-26,2026-05-03,2026-05-01,2.87,0.0,Returned,2026-04-26 13:43:46,2026-05-01 22:38:09
5732,870,357,2025-11-07,2025-11-17,,2.0,147.0,Overdue,2025-11-07 06:38:28,2025-11-07 06:38:28
5733,382,504,2026-04-09,2026-04-19,2026-04-09,2.78,0.0,Returned,2026-04-09 19:37:31,2026-04-09 19:37:31
5734,204,38,2025-10-22,2025-10-29,2025-10-28,3.24,0.0,Returned,2025-10-22 15:46:01,2025-10-28 05:09:21
5735,172,103,2025-11-16,2025-11-30,2025-11-16,1.52,0.0,Returned,2025-11-16 08:02:42,2025-11-16 08:02:42
5736,692,1256,2026-04-11,2026-04-21,2026-04-23,2.61,1.5,Returned,2026-04-11 12:28:18,2026-04-23 10:31:59
5737,307,485,2026-02-15,2026-03-01,2026-02-28,1.57,0.0,Returned,2026-02-15 07:49:29,2026-02-28 22:45:16
5738,670,1594,2026-03-28,2026-04-04,2026-04-02,5.45,0.0,Returned,2026-03-28 08:20:39,2026-04-02 21:33:19
5739,684,116,2025-12-01,2025-12-15,2025-12-12,3.42,0.0,Returned,2025-12-01 01:04:13,2025-12-12 15:37:19
5740,760,637,2025-10-11,2025-10-25,,2.23,164.25,Overdue,2025-10-11 12:47:16,2025-10-11 12:47:16
5741,556,996,2025-09-20,2025-09-27,2025-09-27,1.97,0.0,Returned,2025-09-20 04:29:57,2025-09-27 05:40:36
5742,446,1466,2025-07-30,2025-08-09,,2.44,222.0,Overdue,2025-07-30 10:58:36,2025-07-30 10:58:36
5743,667,1639,2025-07-14,2025-07-24,2025-07-26,2.77,1.5,Returned,2025-07-14 14:06:17,2025-07-26 09:15:16
5744,230,514,2026-01-11,2026-01-25,2026-01-27,2.57,1.5,Returned,2026-01-11 23:15:27,2026-01-27 08:25:55
5745,190,398,2025-08-04,2025-08-18,2025-08-10,3.73,0.0,Returned,2025-08-04 08:48:09,2025-08-10 18:14:10
5746,572,1589,2025-09-29,2025-10-09,,1.62,176.25,Overdue,2025-09-29 16:24:44,2025-09-29 16:24:44
5747,209,1529,2025-07-02,2025-07-09,2025-07-03,4.1,0.0,Returned,2025-07-02 09:35:54,2025-07-03 21:15:29
5748,244,1661,2025-09-30,2025-10-10,2025-10-13,2.89,2.25,Returned,2025-09-30 17:05:58,2025-10-13 02:28:03
5749,709,528,2026-05-07,2026-05-14,2026-05-09,3.86,0.0,Returned,2026-05-07 05:50:31,2026-05-09 07:56:34
5750,796,653,2025-10-09,2025-10-19,2025-10-14,3.94,0.0,Returned,2025-10-09 10:28:50,2025-10-14 17:20:08
5751,875,723,2025-07-28,2025-08-04,2025-08-01,3.66,0.0,Returned,2025-07-28 07:01:22,2025-08-01 05:39:48
5752,775,279,2026-05-10,2026-05-20,2026-05-11,4.62,0.0,Returned,2026-05-10 12:49:37,2026-05-11 07:53:02
5753,717,1660,2025-07-25,2025-08-04,2025-07-29,3.86,0.0,Returned,2025-07-25 22:15:51,2025-07-29 17:39:39
5754,531,368,2025-12-30,2026-01-06,2026-01-12,3.27,4.5,Returned,2025-12-30 05:32:04,2026-01-12 04:28:56
5755,466,1198,2025-11-10,2025-11-17,2025-11-18,3.92,0.75,Returned,2025-11-10 07:31:59,2025-11-18 03:36:51
5756,142,1740,2025-12-29,2026-01-05,2025-12-31,4.65,0.0,Returned,2025-12-29 07:57:40,2025-12-31 09:08:25
5757,282,1251,2026-04-28,2026-05-08,2026-05-02,3.64,0.0,Returned,2026-04-28 12:10:46,2026-05-02 21:12:30
5758,977,1433,2025-07-23,2025-08-02,2025-07-25,1.66,0.0,Returned,2025-07-23 15:11:56,2025-07-25 20:05:47
5759,162,1644,2026-01-16,2026-01-23,2026-01-20,2.77,0.0,Returned,2026-01-16 13:33:29,2026-01-20 09:07:36
5760,914,778,2026-04-12,2026-04-22,2026-04-15,2.66,0.0,Returned,2026-04-12 12:58:43,2026-04-15 06:34:17
5761,765,288,2026-02-25,2026-03-04,2026-03-07,1.63,2.25,Returned,2026-02-25 13:28:38,2026-03-07 22:46:29
5762,533,313,2026-05-05,2026-05-19,2026-05-12,3.21,0.0,Returned,2026-05-05 20:43:13,2026-05-12 22:28:13
5763,321,1538,2026-01-08,2026-01-15,2026-01-09,4.19,0.0,Returned,2026-01-08 11:40:46,2026-01-09 12:38:52
5764,131,1134,2026-05-19,2026-06-02,2026-05-29,1.26,0.0,Returned,2026-05-19 14:52:42,2026-05-29 21:03:01
5765,587,606,2025-10-15,2025-10-22,2025-10-17,1.99,0.0,Returned,2025-10-15 10:33:58,2025-10-17 08:59:23
5766,99,1341,2025-08-08,2025-08-18,2025-08-15,3.14,0.0,Returned,2025-08-08 18:32:01,2025-08-15 22:09:18
5767,842,1417,2025-10-24,2025-11-07,2025-11-02,4.81,0.0,Returned,2025-10-24 06:31:15,2025-11-02 16:28:25
5768,485,560,2025-10-12,2025-10-22,2025-10-14,4.39,0.0,Returned,2025-10-12 12:52:32,2025-10-14 01:24:21
5769,325,32,2026-05-10,2026-05-17,2026-05-16,3.89,0.0,Returned,2026-05-10 10:50:55,2026-05-16 10:57:18
5770,621,21,2026-02-17,2026-03-03,2026-02-26,1.61,0.0,Returned,2026-02-17 22:34:54,2026-02-26 17:58:07
5771,299,1268,2025-08-06,2025-08-16,2025-08-16,3.28,0.0,Returned,2025-08-06 03:08:39,2025-08-16 09:14:09
5772,116,1134,2025-08-24,2025-09-03,2025-09-13,2.27,7.5,Returned,2025-08-24 22:55:01,2025-09-13 04:42:35
5773,328,566,2025-06-21,2025-07-05,2025-06-21,2.67,0.0,Returned,2025-06-21 15:13:43,2025-06-21 15:13:43
5774,786,1204,2025-10-28,2025-11-11,,1.28,151.5,Overdue,2025-10-28 07:13:38,2025-10-28 07:13:38
5775,594,839,2026-05-06,2026-05-16,2026-05-15,2.51,0.0,Returned,2026-05-06 21:41:38,2026-05-15 09:09:39
5776,567,1632,2025-11-06,2025-11-16,2025-11-22,3.28,4.5,Returned,2025-11-06 16:47:11,2025-11-22 21:19:21
5777,103,1250,2026-03-27,2026-04-06,2026-03-29,3.28,0.0,Returned,2026-03-27 13:42:48,2026-03-29 23:02:37
5778,644,409,2025-07-10,2025-07-20,2025-07-16,4.73,0.0,Returned,2025-07-10 02:03:47,2025-07-16 11:09:19
5779,938,1388,2026-04-24,2026-05-01,2026-05-08,2.36,5.25,Returned,2026-04-24 05:56:40,2026-05-08 21:51:47
5780,73,1501,2026-01-09,2026-01-23,2026-01-11,1.83,0.0,Returned,2026-01-09 17:09:33,2026-01-11 10:24:54
5781,202,1418,2025-10-09,2025-10-16,2025-10-21,2.29,3.75,Returned,2025-10-09 17:18:10,2025-10-21 11:44:04
5782,721,345,2026-03-02,2026-03-16,2026-03-26,4.64,7.5,Returned,2026-03-02 02:36:53,2026-03-26 03:18:46
5783,179,1621,2025-08-14,2025-08-21,2025-08-18,1.82,0.0,Returned,2025-08-14 10:27:40,2025-08-18 00:45:42
5784,547,596,2025-12-21,2025-12-31,2025-12-26,1.58,0.0,Returned,2025-12-21 22:52:55,2025-12-26 22:47:08
5785,910,1432,2026-03-15,2026-03-22,2026-03-24,2.19,1.5,Returned,2026-03-15 06:55:09,2026-03-24 04:05:09
5786,734,723,2025-08-06,2025-08-13,2025-08-12,2.71,0.0,Returned,2025-08-06 01:52:49,2025-08-12 19:40:42
5787,330,1253,2026-01-17,2026-01-31,,4.37,90.75,Overdue,2026-01-17 23:23:16,2026-01-17 23:23:16
5788,452,1616,2025-11-19,2025-11-26,2025-11-23,2.77,-1.5,Returned,2025-11-19 13:22:45,2025-11-23 07:34:06
5789,978,826,2026-04-30,2026-05-10,2026-05-14,5.28,3.0,Returned,2026-04-30 22:19:44,2026-05-14 00:02:59
5790,183,1153,2025-11-22,2025-12-02,2025-11-22,1.96,0.0,Returned,2025-11-22 11:39:03,2025-11-22 11:39:03
5791,713,571,2025-11-18,2025-11-25,2025-12-05,5.64,7.5,Returned,2025-11-18 23:06:05,2025-12-05 20:17:09
5792,145,1725,2025-06-28,2025-07-12,2025-07-05,2.13,0.0,Returned,2025-06-28 12:37:27,2025-07-05 11:11:55
5793,887,487,2025-11-23,2025-12-03,2025-12-01,3.32,0.0,Returned,2025-11-23 21:02:00,2025-12-01 17:21:20
5794,614,1295,2026-01-10,2026-01-24,2026-01-10,2.81,0.0,Returned,2026-01-10 12:24:29,2026-01-10 18:24:01
5795,145,1322,2025-12-03,2025-12-17,2025-12-04,4.51,0.0,Returned,2025-12-03 11:49:05,2025-12-04 15:12:29
5796,897,1166,2025-06-06,2025-06-13,2025-06-07,2.85,0.0,Returned,2025-06-06 07:08:42,2025-06-07 03:03:13
5797,659,1265,2026-05-04,2026-05-18,2026-05-11,1.85,0.0,RETURNED,2026-05-04 06:51:20,2026-05-11 02:20:44
5798,163,266,2026-01-07,2026-01-21,2026-01-10,2.16,0.0,Returned,2026-01-07 23:09:03,2026-01-10 11:28:32
5799,55,470,2026-05-08,2026-05-15,2026-05-08,2.0,0.0,Returned,2026-05-08 19:33:02,2026-05-08 19:33:02
5800,649,771,2025-11-05,2025-11-15,,2.56,148.5,Overdue,2025-11-05 00:57:51,2025-11-05 00:57:51
5801,583,198,2025-11-08,2025-11-22,2025-11-27,3.4,3.75,Returned,2025-11-08 23:06:43,2025-11-27 08:42:14
5802,946,170,2026-02-13,2026-02-20,2026-02-19,1.56,0.0,Returned,2026-02-13 11:27:57,2026-02-19 00:39:14
5803,406,463,2025-12-26,2026-01-02,,2.27,112.5,Overdue,2025-12-26 16:05:43,2025-12-26 16:05:43
5804,681,1205,2025-07-20,2025-08-03,2025-08-07,7.51,3.0,Returned,2025-07-20 20:12:33,2025-08-07 13:05:42
5805,165,1212,2025-09-18,2025-09-25,2025-09-24,4.58,0.0,Returned,2025-09-18 06:38:53,2025-09-24 14:28:00
5806,145,1709,2026-03-20,2026-03-27,2026-03-25,3.66,0.0,Returned,2026-03-20 11:20:05,2026-03-25 14:42:37
5807,41,1548,2026-05-08,2026-05-18,2026-05-17,2.9,0.0,Returned,2026-05-08 00:59:08,2026-05-17 03:58:49
5808,836,500,2026-05-28,2026-06-11,2026-06-11,2.93,0.0,Returned,2026-05-28 14:42:39,2026-06-11 00:09:09
5809,157,589,2026-04-04,2026-04-14,2026-04-07,4.39,0.0,Returned,2026-04-04 15:08:21,2026-04-07 23:23:38
5810,882,1266,2026-02-10,2026-02-20,2026-02-13,2.49,0.0,Returned,2026-02-10 13:35:22,2026-02-13 20:27:50
5811,775,1513,2025-06-17,2025-06-27,2025-07-05,6.74,6.0,Returned,2025-06-17 00:21:06,2025-07-05 18:45:50
5812,64,1449,2026-01-22,2026-01-29,2026-01-24,3.46,0.0,Returned,2026-01-22 12:34:46,2026-01-24 08:43:17
5813,232,402,2026-04-30,2026-05-07,2026-05-04,5.09,0.0,Returned,2026-04-30 05:58:50,2026-05-04 13:31:16
5814,668,1551,2025-07-14,2025-07-24,2025-07-24,3.0,0.0,Returned,2025-07-14 10:56:30,2025-07-24 05:00:19
5815,972,13,2025-11-11,2025-11-21,2025-11-22,2.97,0.75,Returned,2025-11-11 03:23:01,2025-11-22 14:16:19
5816,33,101,2025-08-10,2025-08-17,2025-08-13,3.33,0.0,Returned,2025-08-10 18:49:12,2025-08-13 22:12:08
5817,215,933,2025-09-15,2025-09-22,2025-09-16,1.3,0.0,Returned,2025-09-15 21:31:29,2025-09-16 03:17:12
5818,415,567,2026-02-12,2026-02-22,2026-02-22,2.01,0.0,Returned,2026-02-12 05:52:24,2026-02-22 22:35:30
5819,49,849,2025-11-20,2025-11-27,2025-12-04,1.9,5.25,Returned,2025-11-20 22:50:30,2025-12-04 19:38:25
5820,534,1751,2025-10-03,2025-10-10,2025-10-04,5.69,0.0,Returned,2025-10-03 15:46:16,2025-10-04 08:39:02
5821,124,1031,2025-11-10,2025-11-20,2025-11-19,2.68,0.0,Returned,2025-11-10 16:42:46,2025-11-19 13:39:47
5822,662,1745,2026-02-01,2026-02-08,2026-02-06,3.31,0.0,Returned,2026-02-01 20:28:01,2026-02-06 19:02:16
5823,40,1126,2026-05-22,2026-06-05,2026-05-23,1.18,0.0,Returned,2026-05-22 19:31:05,2026-05-23 11:32:36
5824,888,699,2025-07-31,2025-08-14,2025-08-04,2.48,0.0,Returned,2025-07-31 10:39:44,2025-08-04 01:34:12
5825,728,602,2026-02-01,2026-02-11,2026-02-10,4.33,0.0,Returned,2026-02-01 21:07:43,2026-02-10 12:48:38
5826,887,830,2025-06-29,2025-07-09,2025-07-03,2.63,0.0,Returned,2025-06-29 04:46:34,2025-07-03 13:39:53
5827,888,1109,2026-01-11,2026-01-18,2026-01-13,3.98,0.0,Returned,2026-01-11 11:15:19,2026-01-13 21:41:43
5828,708,1002,2026-03-18,2026-03-28,2026-03-28,1.46,0.0,Returned,2026-03-18 14:57:50,2026-03-28 10:05:58
5829,559,1695,2025-08-14,2025-08-24,2025-08-22,2.37,0.0,Returned,2025-08-14 04:58:18,2025-08-22 20:12:53
5830,759,265,2025-08-04,2025-08-14,2025-08-11,8.77,0.0,Returned,2025-08-04 01:05:23,2025-08-11 07:42:22
5831,710,1625,2026-01-08,2026-01-15,2026-01-14,2.67,0.0,Returned,2026-01-08 00:58:31,2026-01-14 02:46:40
5832,948,11,2025-07-05,2025-07-19,2025-07-19,2.34,0.0,Returned,2025-07-05 05:51:07,2025-07-19 12:13:22
5833,969,426,2025-12-13,2025-12-20,,3.7,122.25,Overdue,2025-12-13 17:34:44,2025-12-13 17:34:44
5834,314,423,2026-01-11,2026-01-25,2026-01-14,2.29,0.0,Returned,2026-01-11 04:39:07,2026-01-14 04:51:49
5835,414,609,2026-03-31,2026-04-14,2026-04-02,6.87,0.0,Returned,2026-03-31 23:06:54,2026-04-02 05:15:07
5836,732,389,2025-12-07,2025-12-14,2025-12-08,2.17,0.0,Returned,2025-12-07 07:42:17,2025-12-08 03:03:24
5837,777,99,2025-08-14,2025-08-24,2025-08-14,3.21,0.0,Returned,2025-08-14 13:14:26,2025-08-14 13:14:26
5838,458,97,2026-05-11,2026-05-21,2026-05-15,1.42,0.0,Returned,2026-05-11 20:05:48,2026-05-15 21:36:57
5839,773,773,2026-01-22,2026-01-29,,2.84,92.25,Overdue,2026-01-22 17:20:21,2026-01-22 17:20:21
5840,875,1493,2025-06-27,2025-07-04,2025-07-01,1.51,0.0,Returned,2025-06-27 13:31:28,2025-07-01 23:48:10
5841,916,166,2026-01-27,2026-02-10,2026-02-03,4.1,0.0,Returned,2026-01-27 11:09:02,2026-02-03 16:30:07
5842,415,559,2026-01-05,2026-01-19,2026-01-10,2.56,0.0,Returned,2026-01-05 15:08:40,2026-01-10 19:42:36
5843,792,536,2026-05-04,2026-05-18,2026-05-18,2.07,0.0,Returned,2026-05-04 20:34:48,2026-05-18 05:58:10
5844,933,1063,2026-01-19,2026-01-26,,2.56,94.5,Overdue,2026-01-19 15:18:22,2026-01-19 15:18:22
5845,911,1473,2026-03-13,2026-03-23,2026-03-31,2.96,6.0,Returned,2026-03-13 21:39:59,2026-03-31 12:54:45
5846,502,1746,2025-10-01,2025-10-15,2025-10-14,4.32,0.0,Returned,2025-10-01 06:53:46,2025-10-14 15:21:56
5847,846,55,2026-04-19,2026-04-26,2026-04-24,1.67,0.0,Returned,2026-04-19 17:07:59,2026-04-24 17:33:21
5848,357,775,2026-04-02,2026-04-12,2026-04-05,2.61,0.0,Returned,2026-04-02 03:20:51,2026-04-05 02:45:47
5849,120,1683,2025-09-04,2025-09-11,2025-09-08,3.1,0.0,Returned,2025-09-04 02:44:14,2025-09-08 02:54:35
5850,502,1025,2026-04-23,2026-04-30,2026-04-28,5.66,0.0,Returned,2026-04-23 12:00:49,2026-04-28 20:43:14
5851,116,186,2025-09-11,2025-09-21,2025-09-19,4.02,0.0,Returned,2025-09-11 23:35:20,2025-09-19 21:20:10
5852,255,526,2026-04-29,2026-05-13,2026-05-04,4.15,0.0,Returned,2026-04-29 12:43:45,2026-05-04 13:27:13
5853,383,1316,2026-03-04,2026-03-18,,3.14,56.25,Overdue,2026-03-04 17:18:20,2026-03-04 17:18:20
5854,527,759,2025-12-12,2025-12-19,2025-12-13,2.12,0.0,Returned,2025-12-12 03:45:19,2025-12-13 16:26:04
5855,889,1432,2025-10-06,2025-10-20,2025-10-14,2.41,0.0,Returned,2025-10-06 11:27:03,2025-10-14 16:13:01
5856,222,1125,2026-05-16,2026-05-23,2026-06-01,2.2,7.5,Returned,2026-05-16 03:53:50,2026-06-01 06:40:47
5857,53,228,2025-12-02,2025-12-09,2025-12-05,4.67,0.0,Returned,2025-12-02 15:43:43,2025-12-05 21:29:07
5858,477,420,2025-09-07,2025-09-21,2025-09-22,1.65,0.75,Returned,2025-09-07 14:22:41,2025-09-22 20:52:20
5859,7,1266,2026-04-03,2026-04-17,2026-04-16,1.64,0.0,Returned,2026-04-03 14:41:30,2026-04-16 07:39:52
5860,82,524,2026-05-03,2026-05-10,2026-05-08,4.41,0.0,Returned,2026-05-03 08:09:56,2026-05-08 15:19:19
5861,39,512,2025-08-26,2025-09-05,2025-08-27,1.28,0.0,Returned,2025-08-26 07:13:12,2025-08-27 09:29:00
5862,22,939,2026-01-31,2026-02-07,2026-02-08,2.8,0.75,Returned,2026-01-31 17:42:06,2026-02-08 16:55:34
5863,958,396,2026-01-21,2026-01-31,2026-01-24,1.73,0.0,Returned,2026-01-21 06:05:59,2026-01-24 13:02:16
5864,515,1737,2025-12-05,2025-12-12,2025-12-12,1.4,0.0,Returned,2025-12-05 06:37:20,2025-12-12 15:19:45
5865,292,333,2026-02-28,2026-03-10,2026-03-05,1.62,0.0,Returned,2026-02-28 13:27:55,2026-03-05 04:38:24
5866,573,586,2025-11-27,2025-12-04,2025-12-02,4.76,0.0,Returned,2025-11-27 07:55:04,2025-12-02 18:10:06
5867,4,1307,2026-04-22,2026-05-06,2026-05-02,3.61,0.0,Returned,2026-04-22 06:42:21,2026-05-02 16:24:59
5868,664,992,2025-07-19,2025-08-02,2025-07-21,3.67,0.0,Returned,2025-07-19 23:10:59,2025-07-21 02:15:34
5869,297,203,2026-02-15,2026-02-25,2026-02-24,3.12,0.0,Returned,2026-02-15 19:37:37,2026-02-24 22:39:15
5870,414,287,2025-08-23,2025-09-06,2025-08-23,2.46,0.0,Returned,2025-08-23 07:40:46,2025-08-23 19:25:42
5871,998,1721,2025-12-26,2026-01-09,2025-12-27,1.44,0.0,Returned,2025-12-26 21:51:50,2025-12-27 23:59:39
5872,636,1415,2025-11-08,2025-11-22,2025-11-18,3.18,0.0,Returned,2025-11-08 20:29:45,2025-11-18 22:40:03
5873,97,655,2026-01-26,2026-02-05,2026-02-06,2.69,0.75,Returned,2026-01-26 16:07:26,2026-02-06 13:07:20
5874,757,254,2026-02-25,2026-03-07,2026-03-11,7.12,3.0,Returned,2026-02-25 20:38:17,2026-03-11 09:27:26
5875,841,295,2025-12-16,2025-12-30,2025-12-16,2.09,0.0,Returned,2025-12-16 15:52:18,2025-12-16 15:52:18
5876,884,962,2025-08-07,2025-08-14,2025-08-10,3.18,0.0,Returned,2025-08-07 07:52:46,2025-08-10 11:50:56
5877,849,1302,2026-01-09,2026-01-23,2026-01-16,4.85,0.0,Returned,2026-01-09 06:58:49,2026-01-16 15:41:44
5878,366,285,2025-12-06,2025-12-20,2025-12-12,2.61,0.0,Returned,2025-12-06 23:12:04,2025-12-12 07:51:04
5879,788,1433,2025-11-21,2025-11-28,2025-11-24,2.46,0.0,Returned,2025-11-21 23:06:26,2025-11-24 19:42:10
5880,461,705,2026-01-18,2026-02-01,2026-01-31,1.17,0.0,Returned,2026-01-18 10:01:19,2026-01-31 01:52:15
5881,988,1710,2025-09-12,2025-09-19,2025-09-14,4.38,0.0,Returned,2025-09-12 09:41:50,2025-09-14 23:41:08
5882,967,578,2025-11-05,2025-11-19,2025-11-16,4.54,0.0,Returned,2025-11-05 19:09:05,2025-11-16 20:46:54
5883,216,55,2025-10-19,2025-10-29,2025-10-27,2.42,0.0,Returned,2025-10-19 20:30:07,2025-10-27 02:21:12
5884,445,805,2025-12-03,2025-12-13,2025-12-20,2.57,5.25,Returned,2025-12-03 11:28:07,2025-12-20 01:53:36
5885,83,1335,2025-07-06,2025-07-13,2025-07-12,2.73,0.0,Returned,2025-07-06 18:42:09,2025-07-12 10:33:02
5886,824,1706,2026-03-05,2026-03-15,2026-03-15,4.71,0.0,Returned,2026-03-05 01:42:31,2026-03-15 02:09:41
5887,461,311,2025-07-07,2025-07-21,2025-07-20,4.01,0.0,Returned,2025-07-07 10:13:31,2025-07-20 06:20:08
5888,700,835,2025-09-07,2025-09-14,2025-09-24,1.73,7.5,Returned,2025-09-07 03:06:43,2025-09-24 12:44:19
5889,845,848,2026-01-10,2026-01-24,2026-01-15,5.0,0.0,Returned,2026-01-10 02:02:29,2026-01-15 08:15:31
5890,818,1204,2025-06-23,2025-07-07,2025-07-10,1.9,2.25,Returned,2025-06-23 20:45:16,2025-07-10 05:20:57
5891,264,1495,2025-06-12,2025-06-26,2025-06-18,4.82,0.0,Returned,2025-06-12 12:01:20,2025-06-18 09:09:25
5892,227,1458,2025-07-30,2025-08-06,2025-08-06,2.89,0.0,Returned,2025-07-30 13:38:09,2025-08-06 16:56:07
5893,466,1384,2025-12-16,2025-12-26,2025-12-17,1.15,0.0,Returned,2025-12-16 22:51:23,2025-12-17 23:20:45
5894,684,1331,2026-03-15,2026-03-25,2026-03-29,3.49,3.0,Returned,2026-03-15 04:49:38,2026-03-29 08:22:21
5895,192,367,2025-08-28,2025-09-07,2025-09-04,3.44,0.0,Returned,2025-08-28 21:29:32,2025-09-04 20:24:45
5896,598,523,2025-06-19,2025-07-03,2025-06-20,2.58,0.0,Returned,2025-06-19 13:45:23,2025-06-20 07:42:17
5897,42,1752,2026-03-16,2026-03-30,2026-04-06,7.53,5.25,Returned,2026-03-16 19:35:13,2026-04-06 18:22:51
5898,813,252,2025-07-17,2025-07-24,,5.51,234.0,Overdue,2025-07-17 14:09:49,2025-07-17 14:09:49
5899,318,1751,2025-10-23,2025-11-06,2025-11-06,5.33,0.0,Returned,2025-10-23 00:06:27,2025-11-06 17:28:38
5900,879,1411,2025-09-25,2025-10-02,,2.21,181.5,Overdue,2025-09-25 20:22:01,2025-09-25 20:22:01
5901,765,1556,2025-12-27,2026-01-03,2026-01-04,2.78,0.75,Returned,2025-12-27 10:26:11,2026-01-04 18:16:22
5902,945,1732,2025-09-11,2025-09-21,,4.76,189.75,Overdue,2025-09-11 22:16:35,2025-09-11 22:16:35
5903,228,1014,2026-01-05,2026-01-15,2026-01-10,2.15,-1.5,Returned,2026-01-05 17:34:39,2026-01-10 10:45:56
5904,257,637,2025-11-12,2025-11-22,2025-11-19,2.48,0.0,Returned,2025-11-12 14:09:12,2025-11-19 20:40:46
5905,795,762,2026-04-24,2026-05-08,2026-05-10,2.56,1.5,RETURNED,2026-04-24 20:18:24,2026-05-10 15:40:54
5906,521,1474,2025-06-12,2025-06-26,2025-06-25,5.9,0.0,Returned,2025-06-12 11:03:55,2025-06-25 14:56:24
5907,804,1374,2025-09-19,2025-09-26,2025-10-04,3.46,6.0,Returned,2025-09-19 17:27:41,2025-10-04 05:35:55
5908,508,1367,2026-01-09,2026-01-19,2026-01-12,2.86,0.0,Returned,2026-01-09 09:48:12,2026-01-12 15:27:25
5909,154,1709,2025-11-03,2025-11-10,2025-11-09,3.96,0.0,Returned,2025-11-03 05:21:08,2025-11-09 14:39:24
5910,49,1225,2025-09-17,2025-10-01,2025-09-21,2.08,0.0,Returned,2025-09-17 18:02:59,2025-09-21 22:15:51
5911,754,1054,2026-03-20,2026-04-03,2026-04-02,4.72,0.0,Returned,2026-03-20 19:16:30,2026-04-02 23:05:43
5912,97,277,2025-10-27,2025-11-06,2025-10-29,2.7,0.0,Returned,2025-10-27 22:34:51,2025-10-29 08:35:06
5913,97,186,2026-01-14,2026-01-21,2026-01-18,2.71,0.0,Returned,2026-01-14 11:42:45,2026-01-18 14:37:09
5914,929,1351,2025-07-03,2025-07-13,2025-07-11,3.79,0.0,Returned,2025-07-03 21:02:53,2025-07-11 04:11:45
5915,949,1444,2025-12-31,2026-01-07,2026-01-02,4.0,0.0,Returned,2025-12-31 03:37:40,2026-01-02 12:32:01
5916,820,1576,2026-02-05,2026-02-15,2026-02-09,2.91,0.0,Returned,2026-02-05 22:11:33,2026-02-09 21:10:40
5917,320,661,2025-11-16,2025-11-30,2025-12-10,3.4,7.5,RETURNED,2025-11-16 23:33:42,2025-12-10 11:47:27
5918,62,1293,2026-02-24,2026-03-03,2026-03-10,3.61,5.25,Returned,2026-02-24 18:28:19,2026-03-10 20:48:07
5919,927,653,2025-09-21,2025-10-05,2025-10-12,4.33,5.25,Returned,2025-09-21 03:09:14,2025-10-12 07:54:06
5920,276,822,2026-04-01,2026-04-15,2026-04-17,4.82,1.5,Returned,2026-04-01 21:58:58,2026-04-17 07:11:49
5921,249,473,2025-07-01,2025-07-15,2025-07-25,2.65,7.5,Returned,2025-07-01 04:33:06,2025-07-25 21:05:52
5922,718,542,2025-12-04,2025-12-18,2025-12-15,2.55,0.0,RETURNED,2025-12-04 08:43:29,2025-12-15 01:57:03
5923,405,124,2026-03-23,2026-03-30,2026-03-24,1.45,0.0,Returned,2026-03-23 08:27:23,2026-03-24 14:27:44
5924,161,1596,2025-07-14,2025-07-24,2025-07-17,4.72,0.0,Returned,2025-07-14 07:21:19,2025-07-17 12:35:56
5925,941,694,2025-12-08,2025-12-18,2025-12-15,2.47,0.0,Returned,2025-12-08 17:55:58,2025-12-15 19:56:01
5926,833,122,2026-01-04,2026-01-14,2026-01-13,4.91,0.0,Returned,2026-01-04 00:19:58,2026-01-13 16:34:07
5927,27,458,2025-12-02,2025-12-12,2025-12-12,4.25,0.0,Returned,2025-12-02 10:06:36,2025-12-12 12:54:49
5928,591,1227,2025-11-25,2025-12-05,2025-11-29,2.52,0.0,Returned,2025-11-25 06:51:35,2025-11-29 02:27:30
5929,25,1207,2026-01-26,2026-02-05,,7.67,87.0,Overdue,2026-01-26 04:27:44,2026-01-26 04:27:44
5930,894,932,2026-02-20,2026-03-06,2026-02-28,2.46,-1.5,Returned,2026-02-20 23:04:30,2026-02-28 12:01:04
5931,82,859,2025-06-22,2025-07-02,2025-07-02,4.74,0.0,Returned,2025-06-22 18:35:56,2025-07-02 13:48:05
5932,918,317,2026-04-06,2026-04-16,2026-04-25,4.19,-6.75,Returned,2026-04-06 03:23:55,2026-04-25 07:42:55
5933,327,1288,2025-11-10,2025-11-24,2025-11-14,4.56,0.0,Returned,2025-11-10 22:38:10,2025-11-14 10:42:46
5934,527,129,2026-03-28,2026-04-11,2026-03-31,3.8,0.0,Returned,2026-03-28 17:42:44,2026-03-31 18:31:57
5935,390,1559,2026-05-24,2026-06-03,2026-06-01,2.69,6.75,Returned,2026-05-24 20:28:37,2026-06-01 04:32:18
5936,892,593,2025-08-16,2025-08-30,2025-08-17,3.88,0.0,Returned,2025-08-16 01:33:50,2025-08-17 19:19:14
5937,802,660,2026-03-30,2026-04-06,2026-04-02,2.71,0.0,Returned,2026-03-30 23:39:46,2026-04-02 11:09:08
5938,345,1752,2025-08-17,2025-08-31,2025-09-07,5.6,5.25,Returned,2025-08-17 14:36:22,2025-09-07 07:35:29
5939,571,1330,2025-09-27,2025-10-07,2025-10-12,4.3,3.75,Returned,2025-09-27 15:41:04,2025-10-12 19:06:19
5940,743,1402,2026-04-23,2026-05-07,2026-05-06,1.73,0.0,Returned,2026-04-23 16:20:14,2026-05-06 05:35:46
5941,98,623,2026-01-15,2026-01-22,2026-01-18,2.6,0.0,Returned,2026-01-15 06:13:05,2026-01-18 17:05:24
5942,669,137,2026-01-14,2026-01-21,2026-01-22,2.77,-0.75,Returned,2026-01-14 17:00:01,2026-01-22 01:35:43
5943,148,1550,2025-10-16,2025-10-23,2025-10-18,3.78,0.0,Returned,2025-10-16 07:43:07,2025-10-18 10:25:22
5944,482,1705,2026-02-23,2026-03-09,2026-03-09,4.12,0.0,Returned,2026-02-23 14:49:04,2026-03-09 13:23:45
5945,213,1235,2025-11-23,2025-12-03,2025-11-26,2.56,0.0,Returned,2025-11-23 06:30:19,2025-11-26 06:47:26
5946,288,907,2025-12-20,2025-12-27,2025-12-24,3.54,0.0,Returned,2025-12-20 16:40:54,2025-12-24 19:34:03
5947,156,1715,2025-07-12,2025-07-26,,1.89,232.5,Overdue,2025-07-12 16:11:01,2025-07-12 16:11:01
5948,123,1408,2026-02-12,2026-02-19,2026-02-21,1.99,1.5,Returned,2026-02-12 18:21:32,2026-02-21 14:04:50
5949,365,1646,2026-01-16,2026-01-30,2026-01-26,1.77,0.0,Returned,2026-01-16 16:08:49,2026-01-26 05:27:48
5950,48,1071,2026-01-08,2026-01-15,,7.64,102.75,Overdue,2026-01-08 20:22:07,2026-01-08 20:22:07
5951,551,201,2026-01-15,2026-01-29,2026-01-23,4.4,0.0,Returned,2026-01-15 01:31:21,2026-01-23 19:57:41
5952,567,352,2025-07-03,2025-07-17,2025-07-05,2.88,0.0,Returned,2025-07-03 07:40:49,2025-07-05 16:14:13
5953,481,722,2026-05-01,2026-05-08,2026-05-03,3.0,0.0,Returned,2026-05-01 13:35:47,2026-05-03 00:14:07
5954,709,1680,2026-05-18,2026-05-28,2026-05-26,4.64,0.0,Returned,2026-05-18 11:16:52,2026-05-26 12:50:46
5955,294,111,2025-10-15,2025-10-22,,1.33,166.5,Overdue,2025-10-15 13:39:04,2025-10-15 13:39:04
5956,440,1674,2025-10-01,2025-10-11,2025-10-05,2.84,0.0,Returned,2025-10-01 09:43:41,2025-10-05 14:02:24
5957,576,54,2025-12-02,2025-12-09,2025-12-06,2.23,0.0,Returned,2025-12-02 21:24:40,2025-12-06 17:44:46
5958,446,1353,2025-09-05,2025-09-19,2025-09-24,2.91,3.75,Returned,2025-09-05 11:13:20,2025-09-24 21:02:22
5959,277,804,2026-04-13,2026-04-27,2026-04-15,2.04,0.0,Returned,2026-04-13 13:35:34,2026-04-15 18:12:55
5960,475,582,2026-03-17,2026-03-31,2026-03-19,2.56,0.0,Returned,2026-03-17 10:08:38,2026-03-19 12:55:58
5961,969,175,2026-05-21,2026-05-28,2026-05-30,2.2,1.5,Returned,2026-05-21 17:41:47,2026-05-30 10:47:01
5962,589,1095,2025-07-07,2025-07-14,,2.39,241.5,Overdue,2025-07-07 06:03:03,2025-07-07 06:03:03
5963,617,221,2025-06-25,2025-07-05,2025-06-28,2.94,0.0,Returned,2025-06-25 21:08:39,2025-06-28 00:28:57
5964,538,565,2026-02-24,2026-03-10,2026-03-05,2.74,0.0,Returned,2026-02-24 03:57:06,2026-03-05 06:56:21
5965,810,1371,2026-03-19,2026-03-29,2026-03-19,4.36,0.0,Returned,2026-03-19 22:32:28,2026-03-19 22:32:28
5966,288,638,2025-08-28,2025-09-07,2025-08-30,1.34,0.0,Returned,2025-08-28 12:37:49,2025-08-30 20:01:27
5967,508,1126,2026-03-26,2026-04-05,2026-03-30,1.71,0.0,Returned,2026-03-26 13:12:15,2026-03-30 06:56:15
5968,68,854,2025-11-15,2025-11-29,,5.0,138.0,Overdue,2025-11-15 18:29:58,2025-11-15 18:29:58
5969,926,94,2025-09-04,2025-09-14,2025-09-08,2.23,0.0,Returned,2025-09-04 12:51:13,2025-09-08 23:42:09
5970,788,1386,2025-10-22,2025-11-05,2025-11-04,2.84,0.0,Returned,2025-10-22 04:12:50,2025-11-04 04:01:19
5971,910,155,2026-05-04,2026-05-14,2026-05-08,5.9,0.0,Returned,2026-05-04 17:50:25,2026-05-08 00:04:53
5972,720,1218,2026-01-30,2026-02-13,2026-01-30,4.93,0.0,Returned,2026-01-30 22:09:42,2026-01-30 22:09:42
5973,516,1150,2026-01-16,2026-01-23,2026-01-21,4.8,0.0,Returned,2026-01-16 06:27:23,2026-01-21 05:16:59
5974,726,547,2026-04-16,2026-04-26,2026-04-19,1.17,0.0,Returned,2026-04-16 16:06:34,2026-04-19 02:57:10
5975,277,930,2025-06-21,2025-07-05,2025-06-29,3.51,0.0,Returned,2025-06-21 12:02:27,2025-06-29 19:37:50
5976,217,795,2026-02-19,2026-03-01,2026-02-26,4.53,0.0,Returned,2026-02-19 02:39:49,2026-02-26 23:39:37
5977,293,1328,2025-12-12,2025-12-19,2025-12-17,3.29,0.0,Returned,2025-12-12 14:08:04,2025-12-17 10:56:36
5978,650,1377,2026-03-11,2026-03-18,2026-03-12,2.52,0.0,Returned,2026-03-11 08:32:48,2026-03-12 16:57:25
5979,147,1307,2025-08-16,2025-08-26,2025-08-22,3.96,0.0,Returned,2025-08-16 17:20:55,2025-08-22 14:03:13
5980,428,1143,2026-03-17,2026-03-31,2026-03-23,4.33,0.0,Returned,2026-03-17 08:16:47,2026-03-23 10:48:33
5981,240,1691,2025-08-27,2025-09-10,2025-09-05,1.68,0.0,Returned,2025-08-27 15:53:28,2025-09-05 15:51:36
5982,29,1473,2026-03-27,2026-04-10,2026-04-08,2.1,0.0,Returned,2026-03-27 10:20:39,2026-04-08 12:14:43
5983,592,911,2025-07-20,2025-07-27,2025-07-27,8.24,0.0,Returned,2025-07-20 21:47:37,2025-07-27 21:52:30
5984,236,980,2025-07-17,2025-07-31,2025-07-24,3.4,0.0,Returned,2025-07-17 12:09:07,2025-07-24 03:22:58
5985,589,633,2026-02-19,2026-02-26,,2.11,71.25,Overdue,2026-02-19 11:09:02,2026-02-19 11:09:02
5986,983,735,2025-12-07,2025-12-14,2025-12-14,2.1,0.0,Returned,2025-12-07 19:06:04,2025-12-14 08:46:29
5987,9,563,2026-01-08,2026-01-15,2026-01-13,2.5,0.0,Returned,2026-01-08 13:59:12,2026-01-13 23:31:39
5988,526,798,2026-04-29,2026-05-06,,4.33,19.5,Overdue,2026-04-29 04:47:45,2026-04-29 04:47:45
5989,287,1243,2025-07-14,2025-07-28,2025-07-31,4.67,2.25,Returned,2025-07-14 19:53:29,2025-07-31 04:20:54
5990,812,893,2025-10-12,2025-10-26,2025-10-23,2.73,0.0,Returned,2025-10-12 03:47:31,2025-10-23 07:17:31
5991,160,1753,2025-11-02,2025-11-12,2025-11-02,4.98,0.0,Returned,2025-11-02 01:10:50,2025-11-02 17:19:10
5992,463,529,2026-03-10,2026-03-20,2026-03-19,4.74,0.0,Returned,2026-03-10 02:21:21,2026-03-19 01:57:57
5993,401,1183,2026-03-11,2026-03-25,2026-04-01,4.78,5.25,Returned,2026-03-11 16:03:33,2026-04-01 23:41:27
5994,184,555,2025-07-07,2025-07-21,2025-07-21,1.87,0.0,Returned,2025-07-07 05:36:16,2025-07-21 03:36:03
5995,71,1705,2025-10-28,2025-11-11,2025-11-06,2.99,0.0,Returned,2025-10-28 06:21:15,2025-11-06 22:08:48
5996,892,321,2026-01-26,2026-02-05,2026-02-12,2.19,5.25,Returned,2026-01-26 21:01:24,2026-02-12 16:59:18
5997,85,863,2026-04-07,2026-04-14,,3.12,36.0,Overdue,2026-04-07 13:14:09,2026-04-07 13:14:09
5998,96,1431,2026-05-08,2026-05-22,2026-05-10,2.17,0.0,Returned,2026-05-08 03:44:13,2026-05-10 09:02:49
5999,850,621,2025-12-23,2026-01-06,2025-12-31,4.88,0.0,Returned,2025-12-23 13:42:30,2025-12-31 03:43:00
6000,287,701,2025-11-12,2025-11-22,2025-11-19,1.74,0.0,Returned,2025-11-12 12:38:21,2025-11-19 13:17:30
6001,510,546,2025-12-25,2026-01-08,2026-01-08,1.28,0.0,Returned,2025-12-25 13:42:56,2026-01-08 07:51:35
6002,510,1426,2025-11-10,2025-11-17,2025-11-15,2.65,0.0,Returned,2025-11-10 02:15:10,2025-11-15 12:13:27
6003,858,587,2025-09-06,2025-09-13,2025-09-11,2.59,0.0,Returned,2025-09-06 06:52:30,2025-09-11 08:32:01
6004,503,426,2026-03-12,2026-03-26,,2.61,50.25,Overdue,2026-03-12 04:31:30,2026-03-12 04:31:30
6005,10,1174,2025-07-21,2025-07-31,2025-07-28,4.87,0.0,Returned,2025-07-21 13:52:25,2025-07-28 20:06:12
6006,920,26,2025-11-23,2025-12-03,2025-12-03,3.24,0.0,Returned,2025-11-23 06:21:23,2025-12-03 03:44:33
6007,310,883,2025-12-17,2025-12-31,2025-12-31,2.02,0.0,Returned,2025-12-17 00:05:25,2025-12-31 08:34:50
6008,483,1360,2025-10-23,2025-11-06,2025-11-03,1.67,0.0,Returned,2025-10-23 18:30:46,2025-11-03 04:45:07
6009,123,899,2025-11-08,2025-11-22,2025-11-20,4.94,0.0,Returned,2025-11-08 16:38:59,2025-11-20 06:32:51
6010,444,1258,2025-06-09,2025-06-16,2025-06-11,2.88,0.0,Returned,2025-06-09 13:52:43,2025-06-11 10:38:09
6011,138,683,2026-02-23,2026-03-05,2026-03-04,2.69,0.0,Returned,2026-02-23 07:29:28,2026-03-04 15:58:04
6012,822,830,2025-11-12,2025-11-19,2025-11-16,4.99,0.0,Returned,2025-11-12 07:05:13,2025-11-16 19:29:24
6013,851,1699,2025-10-09,2025-10-23,2025-10-13,2.93,0.0,Returned,2025-10-09 08:37:05,2025-10-13 08:12:00
6014,861,1410,2025-08-08,2025-08-18,2025-08-26,2.6,6.0,Returned,2025-08-08 17:54:05,2025-08-26 08:40:43
6015,7,75,2025-10-29,2025-11-12,2025-11-09,2.66,0.0,Returned,2025-10-29 03:18:56,2025-11-09 09:18:01
6016,898,850,2025-09-20,2025-09-30,2025-09-28,2.83,0.0,Returned,2025-09-20 23:05:15,2025-09-28 18:28:17
6017,915,1475,2026-04-25,2026-05-05,,7.9,20.25,Overdue,2026-04-25 11:49:24,2026-04-25 11:49:24
6018,344,1124,2026-05-02,2026-05-12,2026-05-02,1.73,0.0,Returned,2026-05-02 07:22:52,2026-05-02 20:02:59
6019,768,920,2025-08-19,2025-09-02,2025-09-05,2.48,-2.25,Returned,2025-08-19 22:23:15,2025-09-05 11:07:17
6020,48,543,2025-11-11,2025-11-25,2025-11-14,4.91,0.0,Returned,2025-11-11 08:04:31,2025-11-14 11:28:51
6021,102,494,2026-05-26,2026-06-09,2026-05-30,2.94,0.0,Returned,2026-05-26 06:09:31,2026-05-30 09:23:49
6022,246,1200,2025-11-15,2025-11-29,2025-11-23,3.45,0.0,Returned,2025-11-15 05:52:47,2025-11-23 08:04:14
6023,365,49,2025-08-27,2025-09-10,2025-09-02,4.03,0.0,Returned,2025-08-27 08:33:53,2025-09-02 03:45:53
6024,632,1612,2026-03-23,2026-04-06,2026-03-25,3.84,0.0,Returned,2026-03-23 19:16:24,2026-03-25 13:22:02
6025,980,1245,2026-01-26,2026-02-09,2026-02-09,4.2,0.0,Returned,2026-01-26 13:26:17,2026-02-09 11:19:48
6026,688,126,2025-11-17,2025-12-01,2025-11-22,2.59,0.0,Returned,2025-11-17 22:42:57,2025-11-22 16:07:14
6027,39,1288,2025-06-06,2025-06-13,2025-06-13,2.8,0.0,Returned,2025-06-06 14:55:31,2025-06-13 07:48:16
6028,467,866,2025-07-27,2025-08-10,2025-08-06,3.3,0.0,Returned,2025-07-27 19:03:53,2025-08-06 14:42:41
6029,734,1613,2025-12-21,2026-01-04,2025-12-24,3.25,0.0,Returned,2025-12-21 18:56:17,2025-12-24 07:54:49
6030,463,829,2025-07-29,2025-08-05,2025-07-30,4.69,0.0,Returned,2025-07-29 11:37:26,2025-07-30 19:59:31
6031,69,579,2026-04-09,2026-04-19,2026-04-11,3.66,0.0,Returned,2026-04-09 21:22:37,2026-04-11 14:06:59
6032,671,636,2026-05-05,2026-05-12,2026-05-05,2.29,0.0,Returned,2026-05-05 10:37:02,2026-05-05 11:42:09
6033,268,368,2025-07-17,2025-07-24,2025-07-19,3.84,0.0,Returned,2025-07-17 20:44:09,2025-07-19 06:10:23
6034,333,1024,2025-07-26,2025-08-09,2025-08-03,5.64,0.0,Returned,2025-07-26 06:57:17,2025-08-03 06:58:39
6035,536,1403,2026-04-17,2026-05-01,2026-04-21,1.96,0.0,Returned,2026-04-17 19:13:09,2026-04-21 06:41:58
6036,632,1412,2026-05-27,2026-06-03,2026-06-02,2.89,0.0,Returned,2026-05-27 04:12:55,2026-06-02 19:00:23
6037,946,967,2025-09-23,2025-09-30,2025-09-24,3.03,0.0,Returned,2025-09-23 01:34:15,2025-09-24 15:04:32
6038,257,375,2026-03-06,2026-03-20,2026-03-26,1.88,4.5,Returned,2026-03-06 09:45:10,2026-03-26 21:03:17
6039,701,831,2025-09-06,2025-09-20,2025-09-28,4.42,6.0,Returned,2025-09-06 03:52:12,2025-09-28 06:34:51
6040,358,1015,2026-03-30,2026-04-06,2026-04-05,2.25,0.0,Returned,2026-03-30 22:29:46,2026-04-05 07:35:57
6041,156,1506,2026-02-09,2026-02-16,2026-02-16,4.26,0.0,Returned,2026-02-09 09:45:09,2026-02-16 09:08:57
6042,578,1632,2025-09-28,2025-10-05,2025-10-05,3.66,0.0,Returned,2025-09-28 04:12:27,2025-10-05 21:25:21
6043,285,1246,2025-12-29,2026-01-12,2026-01-12,1.02,0.0,Returned,2025-12-29 20:25:24,2026-01-12 16:18:47
6044,294,707,2025-11-13,2025-11-20,,1.58,144.75,Overdue,2025-11-13 03:26:14,2025-11-13 03:26:14
6045,998,424,2025-08-19,2025-09-02,2025-09-09,1.76,5.25,RETURNED,2025-08-19 12:53:54,2025-09-09 01:50:43
6046,106,862,2026-04-11,2026-04-25,2026-04-22,2.54,0.0,Returned,2026-04-11 14:08:59,2026-04-22 06:55:40
6047,686,221,2026-05-15,2026-05-25,2026-05-15,2.06,0.0,Returned,2026-05-15 06:39:48,2026-05-15 20:06:48
6048,14,1645,2025-10-20,2025-10-27,2025-10-20,2.92,0.0,Returned,2025-10-20 22:37:35,2025-10-20 22:37:35
6049,909,344,2026-05-20,2026-06-03,2026-05-25,4.08,0.0,Returned,2026-05-20 05:11:38,2026-05-25 12:28:47
6050,210,419,2026-01-21,2026-02-04,2026-01-24,1.91,0.0,Returned,2026-01-21 22:09:24,2026-01-24 07:33:06
6051,741,562,2025-09-11,2025-09-25,2025-10-05,3.08,7.5,Returned,2025-09-11 04:44:07,2025-10-05 04:48:27
6052,815,782,2026-04-29,2026-05-06,2026-04-29,2.73,0.0,Returned,2026-04-29 08:52:51,2026-04-29 11:34:19
6053,350,1460,2026-01-15,2026-01-29,2026-01-29,2.05,0.0,Returned,2026-01-15 22:05:02,2026-01-29 00:33:01
6054,279,1746,2025-12-26,2026-01-02,2026-01-02,2.79,0.0,Returned,2025-12-26 10:19:33,2026-01-02 03:14:55
6055,962,1100,2025-10-15,2025-10-29,2025-10-18,2.71,0.0,Returned,2025-10-15 11:52:29,2025-10-18 23:53:44
6056,553,471,2025-08-16,2025-08-26,2025-08-16,2.39,0.0,Returned,2025-08-16 02:57:01,2025-08-16 09:35:06
6057,129,700,2025-08-20,2025-08-30,2025-09-06,2.84,5.25,Returned,2025-08-20 18:49:33,2025-09-06 19:05:09
6058,893,1400,2025-08-30,2025-09-13,2025-09-06,2.04,0.0,Returned,2025-08-30 21:29:11,2025-09-06 15:02:06
6059,473,409,2026-01-11,2026-01-21,2026-01-12,2.63,0.0,Returned,2026-01-11 20:48:16,2026-01-12 22:26:54
6060,774,715,2025-12-13,2025-12-23,2025-12-16,5.12,0.0,Returned,2025-12-13 00:19:07,2025-12-16 04:05:54
6061,999,462,2025-07-11,2025-07-21,2025-07-20,1.13,0.0,Returned,2025-07-11 00:54:52,2025-07-20 02:23:15
6062,542,186,2025-12-14,2025-12-21,,2.99,121.5,Overdue,2025-12-14 00:22:39,2025-12-14 00:22:39
6063,951,894,2025-08-11,2025-08-21,2025-08-15,1.56,0.0,Returned,2025-08-11 17:28:11,2025-08-15 10:35:59
6064,323,189,2025-09-05,2025-09-19,2025-09-10,3.72,0.0,Returned,2025-09-05 19:21:31,2025-09-10 10:16:54
6065,818,1268,2026-01-08,2026-01-22,2026-01-16,4.39,-1.5,Returned,2026-01-08 22:52:08,2026-01-16 10:53:21
6066,914,136,2026-03-19,2026-04-02,2026-03-25,2.78,0.0,Returned,2026-03-19 23:23:44,2026-03-25 22:52:23
6067,233,1596,2026-01-22,2026-01-29,2026-01-26,8.9,0.0,Returned,2026-01-22 16:37:49,2026-01-26 17:33:35
6068,400,1478,2026-02-13,2026-02-23,2026-03-03,4.67,6.0,Returned,2026-02-13 22:32:07,2026-03-03 00:48:40
6069,553,652,2025-08-12,2025-08-26,2025-08-15,3.85,0.0,Returned,2025-08-12 00:51:03,2025-08-15 17:56:54
6070,63,432,2025-11-23,2025-11-30,2025-12-09,1.52,6.75,Returned,2025-11-23 13:15:56,2025-12-09 01:12:22
6071,544,360,2025-06-14,2025-06-24,2025-06-22,2.89,0.0,Returned,2025-06-14 19:14:08,2025-06-22 14:39:06
6072,642,409,2026-01-22,2026-01-29,2026-01-24,3.25,0.0,Returned,2026-01-22 00:53:04,2026-01-24 23:44:43
6073,689,976,2025-10-21,2025-10-31,2025-10-25,6.05,0.0,Returned,2025-10-21 15:41:29,2025-10-25 12:30:38
6074,494,1325,2026-02-01,2026-02-08,,3.05,84.75,Overdue,2026-02-01 21:18:28,2026-02-01 21:18:28
6075,91,1246,2025-06-28,2025-07-08,2025-07-06,2.21,0.0,Returned,2025-06-28 18:38:47,2025-07-06 22:01:17
6076,311,281,2026-05-13,2026-05-27,2026-05-27,2.01,0.0,Returned,2026-05-13 03:12:32,2026-05-27 10:29:09
6077,798,478,2025-08-02,2025-08-16,2025-08-07,4.19,0.0,Returned,2025-08-02 09:08:03,2025-08-07 22:31:52
6078,505,699,2025-08-26,2025-09-09,2025-09-07,2.77,0.0,Returned,2025-08-26 09:48:21,2025-09-07 10:22:29
6079,989,1667,2026-03-18,2026-03-28,2026-03-21,2.14,0.0,Returned,2026-03-18 18:48:24,2026-03-21 20:04:02
6080,768,891,2026-01-17,2026-01-24,,6.83,96.0,Overdue,2026-01-17 11:54:36,2026-01-17 11:54:36
6081,5,721,2025-09-04,2025-09-14,2025-09-13,3.94,0.0,Returned,2025-09-04 15:57:31,2025-09-13 23:23:27
6082,942,1408,2025-06-18,2025-07-02,,1.39,250.5,Overdue,2025-06-18 09:08:19,2025-06-18 09:08:19
6083,992,1213,2026-01-30,2026-02-06,2026-01-30,2.56,0.0,Returned,2026-01-30 17:24:07,2026-01-30 17:24:07
6084,316,704,2026-01-12,2026-01-19,2026-01-18,3.46,0.0,Returned,2026-01-12 12:01:37,2026-01-18 17:28:39
6085,39,1408,2025-09-04,2025-09-14,2025-09-14,1.21,0.0,RETURNED,2025-09-04 01:41:59,2025-09-14 03:41:05
6086,994,1645,2025-09-26,2025-10-03,2025-09-26,2.11,0.0,Returned,2025-09-26 07:17:08,2025-09-26 19:51:30
6087,244,1240,2025-12-05,2025-12-15,2025-12-09,3.17,0.0,Returned,2025-12-05 19:48:41,2025-12-09 08:02:45
6088,769,763,2025-12-12,2025-12-19,,2.84,123.0,Overdue,2025-12-12 17:38:51,2025-12-12 17:38:51
6089,639,1591,2025-06-17,2025-07-01,2025-06-27,5.69,0.0,Returned,2025-06-17 19:48:36,2025-06-27 20:00:11
6090,655,1581,2025-10-21,2025-10-28,2025-10-25,1.36,0.0,Returned,2025-10-21 05:32:41,2025-10-25 03:31:24
6091,167,1153,2025-07-04,2025-07-18,2025-07-13,1.93,0.0,Returned,2025-07-04 08:55:32,2025-07-13 23:51:32
6092,577,1040,2025-10-02,2025-10-09,2025-10-11,1.99,1.5,Returned,2025-10-02 20:15:37,2025-10-11 13:21:40
6093,399,602,2025-08-14,2025-08-21,2025-08-17,2.71,0.0,Returned,2025-08-14 07:04:56,2025-08-17 16:29:03
6094,324,246,2026-02-24,2026-03-03,2026-02-27,4.51,0.0,Returned,2026-02-24 06:28:16,2026-02-27 05:17:58
6095,335,722,2026-01-17,2026-01-27,2026-01-17,3.37,0.0,Returned,2026-01-17 05:06:15,2026-01-17 16:30:40
6096,354,209,2025-06-15,2025-06-22,2025-06-15,4.87,0.0,Returned,2025-06-15 02:32:24,2025-06-15 18:14:43
6097,96,1727,2026-05-19,2026-05-29,2026-05-24,4.64,0.0,Returned,2026-05-19 10:19:50,2026-05-24 17:38:21
6098,254,1166,2025-12-03,2025-12-13,2025-12-07,3.39,0.0,Returned,2025-12-03 06:04:53,2025-12-07 06:31:02
6099,224,1413,2026-01-15,2026-01-25,2026-01-24,5.94,0.0,Returned,2026-01-15 02:39:35,2026-01-24 15:45:58
6100,470,1283,2025-08-16,2025-08-23,2025-08-22,4.44,0.0,RETURNED,2025-08-16 22:34:13,2025-08-22 10:37:08
6101,736,451,2026-02-01,2026-02-15,2026-02-12,3.73,0.0,Returned,2026-02-01 17:10:41,2026-02-12 18:54:44
6102,932,1433,2025-08-30,2025-09-09,2025-08-30,1.79,0.0,Returned,2025-08-30 21:25:14,2025-08-30 21:25:14
6103,190,826,2026-04-10,2026-04-24,2026-04-18,4.37,0.0,Returned,2026-04-10 17:06:01,2026-04-18 18:40:51
6104,805,746,2025-09-10,2025-09-20,2025-09-10,2.85,0.0,Returned,2025-09-10 15:47:04,2025-09-10 18:37:34
6105,400,320,2026-04-17,2026-04-27,2026-04-21,1.48,0.0,Returned,2026-04-17 19:50:03,2026-04-21 20:28:31
6106,640,1625,2025-06-27,2025-07-04,,1.59,249.0,Overdue,2025-06-27 10:10:46,2025-06-27 10:10:46
6107,392,1250,2026-01-24,2026-02-03,2026-01-25,3.88,0.0,Returned,2026-01-24 12:15:22,2026-01-25 14:15:52
6108,437,1019,2025-07-14,2025-07-24,2025-07-15,3.28,0.0,Returned,2025-07-14 01:12:19,2025-07-15 03:06:08
6109,369,1087,2025-12-03,2025-12-13,2025-12-03,5.03,0.0,Returned,2025-12-03 09:07:29,2025-12-03 09:07:29
6110,493,1390,2025-09-16,2025-09-23,2025-09-19,2.16,0.0,Returned,2025-09-16 07:35:23,2025-09-19 10:01:29
6111,875,536,2026-01-13,2026-01-23,2026-01-20,2.32,0.0,Returned,2026-01-13 08:34:42,2026-01-20 11:55:25
6112,786,235,2025-09-15,2025-09-25,2025-10-05,2.7,7.5,Returned,2025-09-15 11:04:14,2025-10-05 05:39:21
6113,760,1052,2026-05-20,2026-06-03,2026-05-31,2.1,0.0,Returned,2026-05-20 04:01:01,2026-05-31 13:11:57
6114,697,469,2026-04-07,2026-04-14,2026-04-12,4.29,0.0,Returned,2026-04-07 04:16:35,2026-04-12 20:31:42
6115,895,889,2025-09-04,2025-09-11,2025-09-10,1.86,0.0,Returned,2025-09-04 02:33:29,2025-09-10 02:24:23
6116,355,781,2025-11-26,2025-12-03,2025-11-29,4.68,0.0,Returned,2025-11-26 15:38:15,2025-11-29 01:11:20
6117,301,679,2026-05-18,2026-05-28,,4.63,3.0,Overdue,2026-05-18 13:51:49,2026-05-18 13:51:49
6118,783,373,2025-11-16,2025-11-23,2025-11-19,4.51,0.0,Returned,2025-11-16 09:40:46,2025-11-19 23:26:02
6119,363,1622,2026-03-07,2026-03-21,2026-03-14,1.92,0.0,Returned,2026-03-07 16:07:16,2026-03-14 04:59:52
6120,254,427,2026-04-14,2026-04-21,2026-04-16,4.6,0.0,Returned,2026-04-14 11:10:17,2026-04-16 13:10:52
6121,145,1482,2026-02-26,2026-03-12,2026-03-02,3.11,0.0,Returned,2026-02-26 06:16:21,2026-03-02 23:01:39
6122,213,1469,2025-12-16,2025-12-30,2025-12-30,1.38,0.0,Returned,2025-12-16 02:39:55,2025-12-30 20:16:05
6123,801,569,2026-01-26,2026-02-09,2026-01-27,1.57,0.0,Returned,2026-01-26 09:20:27,2026-01-27 01:35:17
6124,206,207,2026-05-08,2026-05-18,2026-05-09,3.83,0.0,Returned,2026-05-08 23:15:21,2026-05-09 03:59:45
6125,851,1752,2025-11-01,2025-11-11,2025-11-07,7.96,0.0,Returned,2025-11-01 13:23:41,2025-11-07 21:08:01
6126,806,703,2026-05-28,2026-06-04,2026-06-04,2.62,0.0,Returned,2026-05-28 14:22:18,2026-06-04 03:42:46
6127,620,1474,2025-07-31,2025-08-14,2025-08-03,7.51,0.0,RETURNED,2025-07-31 02:49:02,2025-08-03 12:09:36
6128,220,502,2025-06-12,2025-06-26,2025-07-04,3.32,6.0,Returned,2025-06-12 09:30:52,2025-07-04 13:18:11
6129,252,452,2026-04-16,2026-04-23,2026-04-16,4.43,0.0,Returned,2026-04-16 08:08:40,2026-04-16 18:56:33
6130,2,375,2025-11-02,2025-11-12,2025-11-03,1.56,0.0,Returned,2025-11-02 10:37:18,2025-11-03 19:08:01
6131,172,742,2026-05-23,2026-06-06,2026-06-05,4.22,0.0,Returned,2026-05-23 05:49:39,2026-06-05 04:33:29
6132,38,1496,2025-06-23,2025-07-07,2025-06-24,4.79,0.0,Returned,2025-06-23 07:22:23,2025-06-24 20:29:07
6133,318,1000,2025-12-12,2025-12-22,2025-12-15,3.33,0.0,Returned,2025-12-12 09:16:15,2025-12-15 04:59:00
6134,109,1590,2025-09-20,2025-09-30,2025-09-28,1.64,0.0,Returned,2025-09-20 08:24:29,2025-09-28 18:35:16
6135,95,1609,2025-10-07,2025-10-17,2025-10-11,1.73,0.0,Returned,2025-10-07 09:53:40,2025-10-11 04:38:58
6136,412,558,2026-02-06,2026-02-20,2026-02-07,3.4,0.0,Returned,2026-02-06 17:47:26,2026-02-07 19:09:04
6137,612,1532,2025-06-06,2025-06-13,,1.7,264.75,Overdue,2025-06-06 06:42:35,2025-06-06 06:42:35
6138,475,1146,2026-02-11,2026-02-25,,2.05,72.0,Overdue,2026-02-11 15:14:30,2026-02-11 15:14:30
6139,623,936,2025-10-23,2025-10-30,2025-10-24,1.62,0.0,Returned,2025-10-23 21:26:01,2025-10-24 13:33:19
6140,431,760,2025-11-22,2025-11-29,2025-11-30,2.21,0.75,Returned,2025-11-22 00:13:52,2025-11-30 16:48:20
6141,767,124,2025-07-20,2025-08-03,2025-07-25,2.28,0.0,Returned,2025-07-20 07:26:28,2025-07-25 06:00:43
6142,171,309,2025-11-16,2025-11-26,2025-12-03,2.36,5.25,RETURNED,2025-11-16 03:57:51,2025-12-03 23:09:22
6143,403,1575,2026-04-18,2026-04-28,2026-04-24,2.26,0.0,Returned,2026-04-18 04:22:57,2026-04-24 06:29:20
6144,56,1308,2025-06-14,2025-06-21,2025-06-16,2.29,0.0,Returned,2025-06-14 18:43:47,2025-06-16 15:33:16
6145,577,1296,2026-02-20,2026-03-02,2026-02-23,2.62,0.0,Returned,2026-02-20 07:13:02,2026-02-23 13:27:40
6146,324,41,2025-07-25,2025-08-08,2025-07-26,1.52,0.0,Returned,2025-07-25 14:31:10,2025-07-26 04:57:47
6147,111,1564,2025-11-11,2025-11-25,2025-11-25,2.73,0.0,Returned,2025-11-11 01:41:41,2025-11-25 13:02:24
6148,973,149,2026-01-19,2026-02-02,2026-01-24,2.63,0.0,Returned,2026-01-19 15:14:29,2026-01-24 17:59:03
6149,789,1049,2026-02-17,2026-02-27,2026-02-27,2.05,0.0,Returned,2026-02-17 11:50:18,2026-02-27 01:36:56
6150,685,1171,2025-07-30,2025-08-13,2025-08-12,2.1,0.0,Returned,2025-07-30 21:50:15,2025-08-12 07:47:25
6151,455,1398,2025-11-19,2025-11-26,2025-11-24,4.71,0.0,Returned,2025-11-19 19:56:34,2025-11-24 20:49:53
6152,670,500,2026-05-18,2026-05-28,2026-05-21,3.53,0.0,Returned,2026-05-18 17:39:39,2026-05-21 07:19:51
6153,185,1341,2025-06-08,2025-06-18,2025-06-24,4.98,4.5,Returned,2025-06-08 11:09:52,2025-06-24 02:52:16
6154,286,1170,2026-02-17,2026-03-03,2026-02-19,1.13,0.0,Returned,2026-02-17 02:51:52,2026-02-19 02:30:46
6155,730,615,2025-12-12,2025-12-19,,4.63,123.0,Overdue,2025-12-12 19:34:58,2025-12-12 19:34:58
6156,262,620,2026-03-09,2026-03-19,2026-03-11,4.33,0.0,Returned,2026-03-09 11:12:22,2026-03-11 01:01:27
6157,116,600,2025-08-18,2025-08-25,2025-08-23,4.53,0.0,Returned,2025-08-18 07:24:25,2025-08-23 04:12:14
6158,561,622,2025-07-02,2025-07-09,2025-07-05,4.99,-1.5,Returned,2025-07-02 19:23:44,2025-07-05 07:36:51
6159,665,1203,2025-09-08,2025-09-15,2025-09-11,2.39,0.0,Returned,2025-09-08 04:31:35,2025-09-11 06:49:07
6160,776,1497,2026-04-09,2026-04-16,2026-04-15,2.07,0.0,Returned,2026-04-09 08:47:27,2026-04-15 00:13:15
6161,950,647,2025-07-11,2025-07-21,2025-07-17,3.62,0.0,Returned,2025-07-11 04:48:42,2025-07-17 15:05:29
6162,212,472,2025-08-16,2025-08-26,2025-08-21,1.87,0.0,Returned,2025-08-16 01:16:13,2025-08-21 22:59:59
6163,132,553,2025-07-17,2025-07-27,2025-07-27,4.99,0.0,Returned,2025-07-17 03:29:54,2025-07-27 16:09:07
6164,905,1217,2025-12-09,2025-12-16,2025-12-12,1.51,0.0,Returned,2025-12-09 08:16:29,2025-12-12 13:37:19
6165,587,722,2026-02-21,2026-02-28,2026-02-26,4.65,0.0,Returned,2026-02-21 03:05:35,2026-02-26 12:21:12
6166,33,844,2026-05-15,2026-05-25,2026-05-23,4.55,0.0,Returned,2026-05-15 03:00:40,2026-05-23 08:35:37
6167,75,1469,2026-02-26,2026-03-12,2026-03-14,1.13,1.5,Returned,2026-02-26 10:12:25,2026-03-14 23:56:34
6168,693,297,2025-10-15,2025-10-25,2025-10-15,2.87,0.0,Returned,2025-10-15 19:56:41,2025-10-15 19:56:41
6169,906,362,2025-11-27,2025-12-07,2025-12-12,1.82,3.75,Returned,2025-11-27 03:33:30,2025-12-12 21:16:37
6170,730,854,2025-09-02,2025-09-16,2025-09-10,4.85,0.0,Returned,2025-09-02 12:23:44,2025-09-10 14:01:10
6171,684,1703,2026-01-14,2026-01-21,2026-01-21,3.81,0.0,Returned,2026-01-14 07:58:58,2026-01-21 11:46:30
6172,778,1214,2026-01-16,2026-01-30,2026-01-18,2.93,0.0,Returned,2026-01-16 11:43:06,2026-01-18 21:12:05
6173,661,1077,2026-01-09,2026-01-23,2026-02-02,3.84,7.5,Returned,2026-01-09 14:40:55,2026-02-02 03:17:25
6174,176,1701,2025-11-25,2025-12-05,,4.63,133.5,Overdue,2025-11-25 14:39:08,2025-11-25 14:39:08
6175,880,1605,2025-08-23,2025-09-06,2025-09-06,1.88,0.0,Returned,2025-08-23 14:40:50,2025-09-06 22:30:11
6176,970,1432,2025-09-19,2025-10-03,2025-09-19,2.26,0.0,Returned,2025-09-19 22:51:13,2025-09-19 22:51:13
6177,148,741,2026-04-14,2026-04-28,2026-04-27,3.37,0.0,Returned,2026-04-14 05:04:20,2026-04-27 05:02:43
6178,884,749,2025-07-09,2025-07-16,2025-07-10,3.2,0.0,Returned,2025-07-09 04:17:06,2025-07-10 17:10:43
6179,854,538,2026-02-01,2026-02-15,2026-02-04,3.69,0.0,Returned,2026-02-01 21:38:58,2026-02-04 20:07:49
6180,816,257,2025-08-24,2025-09-03,2025-08-31,5.89,0.0,Returned,2025-08-24 08:07:04,2025-08-31 15:48:57
6181,559,1271,2026-03-28,2026-04-07,2026-03-31,7.58,0.0,Returned,2026-03-28 03:05:44,2026-03-31 17:13:24
6182,841,1645,2026-05-24,2026-06-03,2026-06-03,2.91,0.0,Returned,2026-05-24 02:35:54,2026-06-03 00:45:48
6183,467,294,2026-01-21,2026-01-31,2026-01-24,2.23,0.0,Returned,2026-01-21 07:19:44,2026-01-24 07:20:56
6184,1000,250,2025-12-02,2025-12-16,2025-12-12,1.64,0.0,Returned,2025-12-02 13:11:50,2025-12-12 03:41:17
6185,329,1010,2026-02-16,2026-03-02,2026-02-20,1.71,0.0,Returned,2026-02-16 01:36:16,2026-02-20 21:07:42
6186,559,1726,2025-12-31,2026-01-10,2026-01-06,2.02,0.0,Returned,2025-12-31 03:48:11,2026-01-06 19:17:23
6187,706,464,2026-01-22,2026-01-29,2026-01-28,2.05,0.0,Returned,2026-01-22 21:06:58,2026-01-28 06:13:50
6188,654,56,2026-05-03,2026-05-17,,4.26,11.25,Overdue,2026-05-03 16:08:02,2026-05-03 16:08:02
6189,37,215,2025-07-11,2025-07-25,2025-08-04,1.83,7.5,Returned,2025-07-11 09:10:39,2025-08-04 13:15:15
6190,983,16,2026-05-11,2026-05-18,2026-05-14,4.17,0.0,Returned,2026-05-11 02:42:07,2026-05-14 22:07:57
6191,918,1137,2025-08-26,2025-09-09,2025-09-14,3.04,3.75,Returned,2025-08-26 16:10:46,2025-09-14 08:30:03
6192,101,1768,2026-05-05,2026-05-19,,3.74,9.75,Overdue,2026-05-05 15:27:35,2026-05-05 15:27:35
6193,753,828,2025-07-25,2025-08-01,2025-07-30,4.86,0.0,Returned,2025-07-25 02:08:51,2025-07-30 16:56:28
6194,932,395,2025-10-12,2025-10-22,2025-10-16,2.11,0.0,Returned,2025-10-12 17:24:10,2025-10-16 13:04:26
6195,483,1373,2026-05-28,2026-06-11,2026-06-08,4.48,0.0,Returned,2026-05-28 08:06:56,2026-06-08 06:59:48
6196,150,1495,2025-11-16,2025-11-23,2025-11-27,2.82,3.0,Returned,2025-11-16 10:20:24,2025-11-27 16:48:58
6197,600,212,2025-12-14,2025-12-24,2025-12-21,4.07,0.0,Returned,2025-12-14 13:53:28,2025-12-21 21:17:36
6198,235,1635,2025-07-07,2025-07-17,2025-07-11,1.82,0.0,Returned,2025-07-07 20:15:10,2025-07-11 06:26:32
6199,169,1160,2025-06-26,2025-07-03,,2.55,249.75,Overdue,2025-06-26 18:20:49,2025-06-26 18:20:49
6200,119,1732,2026-01-24,2026-01-31,2026-01-27,6.48,0.0,Returned,2026-01-24 00:04:11,2026-01-27 16:30:17
6201,914,1273,2025-08-20,2025-08-30,2025-08-30,3.1,0.0,Returned,2025-08-20 06:45:04,2025-08-30 10:53:16
6202,79,349,2026-03-31,2026-04-07,2026-04-05,2.06,0.0,Returned,2026-03-31 00:28:32,2026-04-05 07:42:45
6203,367,189,2026-02-20,2026-02-27,2026-03-06,4.81,5.25,Returned,2026-02-20 21:20:12,2026-03-06 10:19:04
6204,791,1751,2025-11-21,2025-12-05,2025-11-28,4.48,0.0,Returned,2025-11-21 23:45:32,2025-11-28 09:44:55
6205,194,1314,2026-01-11,2026-01-21,2026-01-18,2.88,0.0,RETURNED,2026-01-11 16:51:40,2026-01-18 21:24:51
6206,767,1371,2025-07-23,2025-07-30,2025-08-02,3.94,2.25,Returned,2025-07-23 20:37:48,2025-08-02 23:10:08
6207,292,373,2026-04-20,2026-04-27,2026-04-20,3.28,0.0,Returned,2026-04-20 09:48:11,2026-04-20 09:48:11
6208,193,519,2025-08-18,2025-08-25,2025-08-18,4.12,0.0,RETURNED,2025-08-18 18:06:39,2025-08-18 19:52:54
6209,16,309,2025-09-03,2025-09-17,2025-09-06,1.57,0.0,Returned,2025-09-03 06:29:40,2025-09-06 02:04:15
6210,762,1248,2026-01-01,2026-01-11,2026-01-07,2.7,0.0,Returned,2026-01-01 08:17:02,2026-01-07 19:58:41
6211,72,623,2025-12-31,2026-01-10,2026-01-02,3.09,0.0,Returned,2025-12-31 13:19:30,2026-01-02 20:28:36
6212,205,1665,2026-04-24,2026-05-01,,1.61,23.25,Overdue,2026-04-24 06:13:26,2026-04-24 06:13:26
6213,239,286,2026-01-22,2026-02-01,2026-02-01,2.56,0.0,Returned,2026-01-22 03:58:09,2026-02-01 04:19:01
6214,794,585,2025-10-21,2025-10-28,2025-10-21,4.2,0.0,Returned,2025-10-21 01:46:59,2025-10-21 03:52:49
6215,606,1326,2025-09-09,2025-09-19,2025-09-19,3.47,0.0,Returned,2025-09-09 22:24:47,2025-09-19 07:27:22
6216,128,708,2025-08-31,2025-09-14,2025-09-03,2.28,0.0,Returned,2025-08-31 10:12:06,2025-09-03 04:01:48
6217,55,349,2026-05-20,2026-06-03,2026-06-01,2.0,5.25,Returned,2026-05-20 16:51:58,2026-06-01 11:08:00
6218,841,1428,2026-03-01,2026-03-11,2026-03-04,2.63,0.0,Returned,2026-03-01 11:30:51,2026-03-04 10:02:22
6219,757,801,2025-11-09,2025-11-23,2025-11-11,2.94,0.0,Returned,2025-11-09 06:47:26,2025-11-11 15:06:58
6220,52,1563,2026-01-20,2026-01-30,2026-01-23,2.65,0.0,Returned,2026-01-20 01:25:18,2026-01-23 15:08:53
6221,771,1249,2025-11-27,2025-12-11,2025-12-09,2.66,0.0,Returned,2025-11-27 03:27:44,2025-12-09 02:05:27
6222,353,685,2026-05-06,2026-05-13,2026-05-11,3.21,0.0,Returned,2026-05-06 06:27:12,2026-05-11 11:28:13
6223,392,1487,2025-09-20,2025-09-27,2025-09-25,6.29,0.0,Returned,2025-09-20 12:36:20,2025-09-25 06:11:44
6224,735,1366,2026-01-31,2026-02-14,2026-02-02,4.57,0.0,Returned,2026-01-31 04:50:52,2026-02-02 11:08:01
6225,903,393,2025-09-05,2025-09-12,2025-09-05,2.71,0.0,Returned,2025-09-05 15:56:49,2025-09-05 15:56:49
6226,357,107,2026-03-13,2026-03-27,2026-03-19,3.13,0.0,Returned,2026-03-13 17:07:58,2026-03-19 20:04:10
6227,578,1676,2025-10-14,2025-10-21,2025-10-18,4.0,0.0,Returned,2025-10-14 11:39:20,2025-10-18 22:02:05
6228,705,640,2025-06-25,2025-07-05,2025-06-28,2.45,0.0,Returned,2025-06-25 05:32:15,2025-06-28 08:50:42
6229,336,72,2025-07-13,2025-07-27,2025-07-20,1.58,0.0,Returned,2025-07-13 23:23:55,2025-07-20 11:36:20
6230,264,769,2025-12-25,2026-01-01,2025-12-29,1.87,0.0,Returned,2025-12-25 17:22:07,2025-12-29 19:47:10
6231,941,1136,2026-01-25,2026-02-01,,4.0,90.0,Overdue,2026-01-25 19:45:32,2026-01-25 19:45:32
6232,874,21,2026-02-13,2026-02-23,2026-02-23,1.55,0.0,Returned,2026-02-13 15:11:04,2026-02-23 06:14:41
6233,818,1460,2026-04-12,2026-04-19,2026-04-13,1.15,0.0,Returned,2026-04-12 23:04:16,2026-04-13 11:55:51
6234,918,288,2025-10-30,2025-11-06,2025-11-05,1.6,0.0,Returned,2025-10-30 10:07:00,2025-11-05 06:13:02
6235,739,1009,2025-12-21,2026-01-04,2025-12-24,2.76,0.0,Returned,2025-12-21 16:37:18,2025-12-24 10:31:20
6236,699,1693,2025-06-19,2025-07-03,2025-06-24,2.82,0.0,Returned,2025-06-19 08:46:58,2025-06-24 09:39:21
6237,491,1222,2025-07-25,2025-08-01,2025-07-31,2.64,0.0,Returned,2025-07-25 11:58:34,2025-07-31 01:26:56
6238,284,719,2026-01-03,2026-01-13,2026-01-08,3.28,0.0,Returned,2026-01-03 17:46:57,2026-01-08 12:13:16
6239,766,451,2026-04-13,2026-04-23,2026-05-01,3.39,6.0,Returned,2026-04-13 04:58:04,2026-05-01 03:34:54
6240,29,872,2026-01-09,2026-01-16,2026-01-13,2.82,0.0,Returned,2026-01-09 09:51:11,2026-01-13 01:09:06
6241,267,1070,2025-08-22,2025-09-01,2025-08-27,8.1,0.0,Returned,2025-08-22 11:31:39,2025-08-27 10:37:16
6242,52,490,2026-05-19,2026-06-02,,2.46,0.0,ACTIVE,2026-05-19 03:43:33,2026-05-19 03:43:33
6243,504,1063,2026-03-03,2026-03-13,2026-03-07,1.7,0.0,Returned,2026-03-03 18:00:40,2026-03-07 06:26:33
6244,500,1151,2025-09-22,2025-10-02,2025-09-28,4.08,0.0,Returned,2025-09-22 15:01:39,2025-09-28 16:26:39
6245,155,1708,2026-01-31,2026-02-14,2026-02-15,4.4,0.75,Returned,2026-01-31 00:53:02,2026-02-15 01:45:09
6246,760,575,2026-03-14,2026-03-28,2026-04-06,6.25,6.75,Returned,2026-03-14 15:04:12,2026-04-06 06:25:52
6247,920,1546,2026-05-26,2026-06-02,2026-05-26,3.85,0.0,Returned,2026-05-26 18:01:47,2026-05-26 18:01:47
6248,869,548,2026-02-11,2026-02-25,2026-02-19,2.0,0.0,Returned,2026-02-11 19:17:33,2026-02-19 04:21:18
6249,385,1307,2026-05-19,2026-06-02,2026-06-01,4.96,0.0,Returned,2026-05-19 10:40:02,2026-06-01 02:05:15
6250,68,538,2026-02-25,2026-03-07,2026-03-02,3.67,0.0,Returned,2026-02-25 08:24:09,2026-03-02 00:29:51
6251,487,613,2025-06-23,2025-07-03,2025-07-06,4.22,2.25,Returned,2025-06-23 06:58:40,2025-07-06 21:21:07
6252,430,979,2026-02-02,2026-02-09,2026-02-04,5.94,0.0,Returned,2026-02-02 01:32:49,2026-02-04 16:59:33
6253,288,815,2026-02-05,2026-02-15,2026-02-13,1.61,0.0,Returned,2026-02-05 07:22:14,2026-02-13 04:41:45
6254,19,175,2025-11-17,2025-11-24,2025-11-17,2.37,0.0,Returned,2025-11-17 14:49:27,2025-11-17 14:49:27
6255,614,1110,2025-09-30,2025-10-10,2025-10-06,2.61,0.0,Returned,2025-09-30 17:53:17,2025-10-06 12:22:25
6256,924,930,2026-05-19,2026-05-26,2026-05-25,3.96,0.0,Returned,2026-05-19 15:05:14,2026-05-25 13:35:27
6257,424,1409,2026-03-17,2026-03-31,2026-03-20,2.41,0.0,Returned,2026-03-17 09:34:10,2026-03-20 17:47:14
6258,628,11,2025-06-09,2025-06-23,2025-06-25,2.77,1.5,Returned,2025-06-09 04:39:07,2025-06-25 19:11:16
6259,348,299,2025-07-05,2025-07-12,,3.27,243.0,Overdue,2025-07-05 08:38:30,2025-07-05 08:38:30
6260,19,835,2025-12-05,2025-12-15,,1.57,126.0,Overdue,2025-12-05 09:25:43,2025-12-05 09:25:43
6261,678,320,2026-01-06,2026-01-16,2026-01-07,1.31,0.0,Returned,2026-01-06 00:28:23,2026-01-07 13:35:29
6262,340,914,2026-03-23,2026-04-06,2026-04-04,4.45,0.0,Returned,2026-03-23 17:12:08,2026-04-04 09:52:33
6263,594,1192,2025-10-06,2025-10-20,2025-10-16,2.43,0.0,Returned,2025-10-06 01:58:59,2025-10-16 10:25:38
6264,610,526,2025-08-28,2025-09-04,2025-09-01,4.04,0.0,Returned,2025-08-28 13:39:56,2025-09-01 01:45:25
6265,653,388,2026-02-09,2026-02-19,2026-02-20,2.95,0.75,Returned,2026-02-09 01:42:29,2026-02-20 21:21:47
6266,135,1360,2025-09-08,2025-09-18,2025-09-16,1.23,0.0,RETURNED,2025-09-08 21:21:27,2025-09-16 00:47:54
6267,459,884,2025-06-27,2025-07-07,2025-07-06,2.93,0.0,Returned,2025-06-27 02:53:58,2025-07-06 21:10:11
6268,67,201,2026-05-10,2026-05-17,2026-05-10,3.64,0.0,Returned,2026-05-10 11:39:15,2026-05-10 16:10:19
6269,169,855,2025-10-30,2025-11-06,2025-11-06,2.8,0.0,Returned,2025-10-30 08:02:00,2025-11-06 17:39:08
6270,756,470,2025-09-23,2025-10-03,2025-10-03,1.39,0.0,Returned,2025-09-23 22:37:36,2025-10-03 07:16:58
6271,408,1338,2026-01-10,2026-01-24,2026-01-12,4.26,0.0,Returned,2026-01-10 19:32:26,2026-01-12 03:00:04
6272,543,73,2026-04-03,2026-04-10,2026-04-09,2.4,0.0,Returned,2026-04-03 08:09:03,2026-04-09 17:53:55
6273,692,1300,2025-12-24,2026-01-07,,4.69,108.75,Overdue,2025-12-24 23:13:15,2025-12-24 23:13:15
6274,957,1680,2025-09-14,2025-09-24,2025-09-22,4.79,0.0,Returned,2025-09-14 14:33:40,2025-09-22 09:18:37
6275,356,916,2026-03-05,2026-03-15,,2.95,58.5,Overdue,2026-03-05 02:46:59,2026-03-05 02:46:59
6276,109,557,2026-01-07,2026-01-14,2026-01-21,4.04,5.25,Returned,2026-01-07 00:36:09,2026-01-21 21:40:51
6277,761,784,2026-01-10,2026-01-17,2026-01-26,3.97,6.75,Returned,2026-01-10 07:17:00,2026-01-26 05:03:24
6278,692,1118,2025-11-20,2025-11-27,2025-12-03,3.75,4.5,Returned,2025-11-20 02:06:53,2025-12-03 01:20:40
6279,266,1461,2026-05-26,2026-06-02,2026-05-28,1.47,0.0,Returned,2026-05-26 23:37:27,2026-05-28 14:49:25
6280,559,1543,2025-10-06,2025-10-16,2025-10-09,3.28,0.0,Returned,2025-10-06 18:40:06,2025-10-09 03:16:11
6281,26,1638,2026-04-30,2026-05-10,2026-04-30,2.48,0.0,Returned,2026-04-30 22:10:59,2026-04-30 22:10:59
6282,254,429,2025-07-21,2025-07-31,2025-07-30,1.87,0.0,Returned,2025-07-21 01:25:45,2025-07-30 20:29:42
6283,406,26,2025-09-15,2025-09-22,,3.73,189.0,Overdue,2025-09-15 02:38:11,2025-09-15 02:38:11
6284,357,1396,2026-02-23,2026-03-09,2026-03-06,3.21,0.0,Returned,2026-02-23 15:55:25,2026-03-06 19:36:03
6285,27,931,2025-11-08,2025-11-18,2025-11-11,1.92,0.0,Returned,2025-11-08 09:01:24,2025-11-11 12:24:55
6286,900,350,2025-08-21,2025-09-04,2025-08-26,2.26,0.0,Returned,2025-08-21 13:46:16,2025-08-26 01:23:12
6287,516,1047,2025-12-21,2025-12-28,2025-12-25,2.04,0.0,Returned,2025-12-21 10:30:26,2025-12-25 15:40:42
6288,494,1266,2026-04-19,2026-04-29,2026-04-25,1.52,0.0,Returned,2026-04-19 22:29:32,2026-04-25 11:30:54
6289,364,1774,2025-07-04,2025-07-18,2025-07-14,3.62,0.0,Returned,2025-07-04 00:47:26,2025-07-14 14:39:01
6290,787,1119,2026-03-18,2026-03-25,2026-03-31,4.64,4.5,Returned,2026-03-18 11:59:47,2026-03-31 09:46:04
6291,558,736,2025-12-14,2025-12-21,2025-12-17,2.0,0.0,Returned,2025-12-14 20:41:34,2025-12-17 22:56:19
6292,432,301,2026-03-08,2026-03-18,2026-03-18,4.49,0.0,Returned,2026-03-08 15:48:34,2026-03-18 09:06:44
6293,420,1709,2025-08-03,2025-08-13,2025-08-14,4.82,0.75,Returned,2025-08-03 12:38:54,2025-08-14 12:21:00
6294,839,553,2025-08-18,2025-09-01,2025-08-31,3.69,0.0,Returned,2025-08-18 10:13:55,2025-08-31 20:36:24
6295,570,1355,2025-08-02,2025-08-12,2025-08-15,4.98,2.25,Returned,2025-08-02 05:38:06,2025-08-15 09:27:50
6296,946,930,2025-07-18,2025-07-25,2025-07-21,2.69,0.0,Returned,2025-07-18 13:57:02,2025-07-21 21:54:38
6297,180,156,2025-10-01,2025-10-08,2025-10-06,2.82,0.0,Returned,2025-10-01 17:28:25,2025-10-06 17:45:50
6298,220,1293,2025-11-26,2025-12-03,2025-11-26,4.05,0.0,Returned,2025-11-26 08:03:04,2025-11-26 17:57:04
6299,119,205,2025-09-20,2025-09-27,2025-09-27,1.72,0.0,Returned,2025-09-20 22:19:57,2025-09-27 03:00:47
6300,237,1477,2026-05-02,2026-05-16,2026-05-02,3.42,0.0,Returned,2026-05-02 15:51:52,2026-05-02 22:04:40
6301,971,721,2025-12-30,2026-01-13,2026-01-05,2.95,0.0,Returned,2025-12-30 16:12:46,2026-01-05 10:17:38
6302,890,394,2025-07-03,2025-07-10,2025-07-07,1.94,0.0,Returned,2025-07-03 07:03:24,2025-07-07 07:42:09
6303,139,592,2026-01-07,2026-01-14,2026-01-07,3.64,0.0,Returned,2026-01-07 10:34:01,2026-01-07 15:00:15
6304,177,1032,2025-12-06,2025-12-16,,3.04,125.25,Overdue,2025-12-06 03:16:53,2025-12-06 03:16:53
6305,246,869,2025-10-02,2025-10-09,2025-10-04,7.87,0.0,Returned,2025-10-02 16:57:18,2025-10-04 21:54:53
6306,459,1639,2025-09-21,2025-10-01,2025-09-22,2.63,0.0,Returned,2025-09-21 01:04:42,2025-09-22 04:55:19
6307,962,213,2025-08-11,2025-08-25,2025-08-26,4.83,0.75,Returned,2025-08-11 09:20:07,2025-08-26 05:29:13
6308,922,1652,2025-12-02,2025-12-16,2025-12-11,4.87,0.0,Returned,2025-12-02 03:37:20,2025-12-11 23:59:46
6309,659,974,2025-12-28,2026-01-07,,1.92,108.75,Overdue,2025-12-28 16:58:51,2025-12-28 16:58:51
6310,799,890,2025-11-23,2025-12-07,2025-12-08,7.46,0.75,Returned,2025-11-23 00:42:41,2025-12-08 06:42:01
6311,883,1633,2025-06-09,2025-06-19,2025-06-28,4.12,6.75,Returned,2025-06-09 15:05:59,2025-06-28 15:50:29
6312,447,600,2026-04-02,2026-04-09,2026-04-06,3.1,0.0,Returned,2026-04-02 07:08:49,2026-04-06 20:08:25
6313,454,48,2025-11-13,2025-11-23,2025-11-18,4.74,0.0,Returned,2025-11-13 19:42:09,2025-11-18 01:09:45
6314,322,537,2025-12-01,2025-12-08,,2.48,131.25,Overdue,2025-12-01 11:21:41,2025-12-01 11:21:41
6315,855,1409,2025-06-07,2025-06-17,2025-06-23,2.33,4.5,Returned,2025-06-07 22:02:50,2025-06-23 04:51:20
6316,329,1492,2025-12-11,2025-12-21,2025-12-20,4.02,0.0,Returned,2025-12-11 05:19:56,2025-12-20 05:28:40
6317,505,1744,2025-11-26,2025-12-06,2025-12-05,4.35,0.0,Returned,2025-11-26 06:01:17,2025-12-05 07:42:21
6318,686,1136,2026-01-17,2026-01-27,2026-01-19,2.62,0.0,Returned,2026-01-17 02:43:17,2026-01-19 15:34:07
6319,580,146,2025-06-14,2025-06-24,2025-07-04,3.15,7.5,Returned,2025-06-14 05:19:05,2025-07-04 05:43:48
6320,131,848,2025-12-07,2025-12-17,2025-12-08,4.09,0.0,Returned,2025-12-07 11:32:30,2025-12-08 18:45:33
6321,704,1047,2025-11-13,2025-11-23,2025-11-22,2.66,0.0,Returned,2025-11-13 23:31:16,2025-11-22 18:33:41
6322,375,135,2026-04-08,2026-04-15,2026-04-10,2.84,0.0,Returned,2026-04-08 02:20:50,2026-04-10 16:58:29
6323,727,1765,2025-10-01,2025-10-08,2025-10-18,3.43,7.5,Returned,2025-10-01 06:25:10,2025-10-18 17:51:51
6324,330,55,2025-08-20,2025-08-27,2025-08-24,1.92,0.0,Returned,2025-08-20 04:02:09,2025-08-24 04:24:36
6325,58,1631,2025-07-20,2025-07-27,2025-07-20,4.33,0.0,Returned,2025-07-20 05:25:07,2025-07-20 11:08:23
6326,812,496,2025-11-19,2025-11-26,2025-11-20,1.64,0.0,Returned,2025-11-19 17:51:06,2025-11-20 06:43:41
6327,706,1014,2025-08-20,2025-09-03,2025-08-22,1.98,0.0,Returned,2025-08-20 04:21:49,2025-08-22 01:18:25
6328,108,1396,2025-06-28,2025-07-08,2025-06-28,2.87,0.0,Returned,2025-06-28 09:43:08,2025-06-28 11:54:00
6329,849,857,2025-07-31,2025-08-14,2025-08-07,3.51,0.0,Returned,2025-07-31 00:57:53,2025-08-07 18:08:37
6330,995,391,2026-01-31,2026-02-10,2026-02-02,1.75,0.0,Returned,2026-01-31 10:37:28,2026-02-02 00:39:45
6331,149,1474,2026-02-05,2026-02-15,2026-02-13,8.51,0.0,Returned,2026-02-05 01:42:17,2026-02-13 11:24:55
6332,898,802,2025-10-19,2025-10-29,2025-11-01,2.82,2.25,Returned,2025-10-19 00:55:37,2025-11-01 04:34:20
6333,877,169,2025-12-20,2025-12-27,2025-12-23,3.33,0.0,Returned,2025-12-20 10:13:34,2025-12-23 18:43:21
6334,777,246,2026-05-11,2026-05-25,2026-05-16,4.92,0.0,Returned,2026-05-11 22:28:23,2026-05-16 10:09:56
6335,784,1452,2026-04-27,2026-05-11,2026-05-01,3.12,0.0,Returned,2026-04-27 18:34:58,2026-05-01 04:30:02
6336,234,780,2026-03-01,2026-03-08,2026-03-13,3.74,3.75,Returned,2026-03-01 04:39:48,2026-03-13 12:16:56
6337,937,1646,2025-11-30,2025-12-14,2025-12-08,2.66,0.0,Returned,2025-11-30 18:34:36,2025-12-08 04:50:40
6338,982,1400,2026-02-10,2026-02-24,2026-02-12,1.38,0.0,Returned,2026-02-10 09:31:39,2026-02-12 08:56:10
6339,164,601,2026-05-12,2026-05-19,2026-05-13,2.62,0.0,Returned,2026-05-12 03:15:44,2026-05-13 08:18:15
6340,914,1594,2026-03-17,2026-03-31,2026-03-21,4.82,0.0,Returned,2026-03-17 16:30:03,2026-03-21 03:31:39
6341,270,135,2025-08-17,2025-08-27,2025-08-24,2.14,0.0,Returned,2025-08-17 21:35:46,2025-08-24 00:38:03
6342,559,441,2026-04-11,2026-04-21,2026-04-24,2.49,2.25,Returned,2026-04-11 00:58:23,2026-04-24 14:26:16
6343,413,26,2026-03-01,2026-03-11,2026-03-09,3.64,0.0,Returned,2026-03-01 10:06:50,2026-03-09 16:26:54
6344,269,1674,2025-12-13,2025-12-20,2025-12-25,3.06,3.75,Returned,2025-12-13 16:15:36,2025-12-25 13:03:09
6345,786,721,2025-08-07,2025-08-17,2025-08-16,3.03,-1.5,Returned,2025-08-07 23:59:46,2025-08-16 18:12:16
6346,404,1484,2026-04-26,2026-05-06,2026-05-02,6.6,0.0,Returned,2026-04-26 22:49:56,2026-05-02 01:47:07
6347,41,968,2026-04-16,2026-04-30,2026-04-21,4.66,0.0,Returned,2026-04-16 20:14:59,2026-04-21 05:45:01
6348,536,1580,2025-12-04,2025-12-14,2025-12-06,3.32,0.0,Returned,2025-12-04 03:41:29,2025-12-06 03:02:52
6349,711,1,2025-06-26,2025-07-03,2025-06-28,2.53,0.0,Returned,2025-06-26 22:08:56,2025-06-28 19:40:58
6350,430,554,2026-04-01,2026-04-11,2026-04-04,2.54,0.0,Returned,2026-04-01 18:50:55,2026-04-04 02:03:15
6351,759,882,2025-06-22,2025-07-02,2025-06-30,2.6,0.0,Returned,2025-06-22 12:30:11,2025-06-30 09:45:41
6352,748,944,2026-03-23,2026-04-06,2026-04-07,2.22,0.75,Returned,2026-03-23 16:33:44,2026-04-07 14:55:33
6353,17,1575,2025-11-04,2025-11-14,2025-11-06,2.64,0.0,Returned,2025-11-04 02:15:12,2025-11-06 13:31:02
6354,243,1147,2025-10-11,2025-10-21,2025-10-11,1.96,0.0,Returned,2025-10-11 02:35:05,2025-10-11 22:29:07
6355,66,736,2026-03-04,2026-03-11,2026-03-11,1.99,0.0,Returned,2026-03-04 03:03:19,2026-03-11 18:37:23
6356,467,1439,2026-04-07,2026-04-17,2026-04-14,4.08,0.0,Returned,2026-04-07 22:46:15,2026-04-14 11:56:07
6357,794,537,2025-07-17,2025-07-27,,1.56,231.75,Overdue,2025-07-17 15:53:24,2025-07-17 15:53:24
6358,223,1390,2026-04-18,2026-05-02,2026-05-01,2.48,0.0,Returned,2026-04-18 10:24:04,2026-05-01 17:16:09
6359,641,1163,2025-12-21,2026-01-04,2025-12-31,3.13,0.0,Returned,2025-12-21 11:17:21,2025-12-31 14:18:13
6360,854,1234,2026-01-10,2026-01-24,2026-01-17,2.11,0.0,Returned,2026-01-10 18:42:16,2026-01-17 08:31:37
6361,488,309,2025-10-09,2025-10-16,2025-10-13,1.55,0.0,Returned,2025-10-09 16:26:37,2025-10-13 11:41:11
6362,594,1774,2025-08-22,2025-08-29,2025-08-26,4.26,0.0,Returned,2025-08-22 03:15:39,2025-08-26 08:04:15
6363,890,1104,2026-02-20,2026-03-02,2026-03-02,2.79,0.0,Returned,2026-02-20 01:02:41,2026-03-02 09:55:51
6364,936,1033,2026-03-25,2026-04-08,2026-04-18,4.07,7.5,Returned,2026-03-25 15:26:50,2026-04-18 21:16:27
6365,873,398,2025-11-25,2025-12-09,2025-11-30,4.38,0.0,Returned,2025-11-25 10:02:00,2025-11-30 03:36:23
6366,974,1575,2025-07-24,2025-07-31,2025-08-03,1.57,2.25,Returned,2025-07-24 10:05:07,2025-08-03 09:14:27
6367,31,497,2026-04-19,2026-05-03,2026-04-23,2.83,0.0,Returned,2026-04-19 23:20:25,2026-04-23 06:31:16
6368,470,514,2026-02-04,2026-02-14,2026-02-10,4.26,0.0,Returned,2026-02-04 07:02:18,2026-02-10 19:33:09
6369,371,438,2026-05-26,2026-06-02,2026-05-28,2.61,0.0,Returned,2026-05-26 19:30:25,2026-05-28 14:57:04
6370,512,236,2026-02-19,2026-02-26,2026-02-22,2.16,0.0,Returned,2026-02-19 05:38:39,2026-02-22 15:09:52
6371,709,782,2025-10-21,2025-10-28,2025-10-22,4.73,0.0,Returned,2025-10-21 04:39:04,2025-10-22 07:09:58
6372,888,1038,2025-11-08,2025-11-15,2025-11-12,3.1,0.0,Returned,2025-11-08 13:50:39,2025-11-12 14:40:36
6373,782,1240,2025-11-22,2025-12-02,2025-11-22,3.51,0.0,Returned,2025-11-22 21:58:00,2025-11-22 21:58:00
6374,426,1294,2026-04-10,2026-04-17,2026-04-10,4.71,0.0,Returned,2026-04-10 01:26:36,2026-04-10 02:09:25
6375,72,846,2025-10-24,2025-11-07,,3.2,154.5,Overdue,2025-10-24 16:39:44,2025-10-24 16:39:44
6376,613,545,2025-11-06,2025-11-20,2025-11-13,6.85,0.0,Returned,2025-11-06 07:33:57,2025-11-13 23:37:24
6377,185,455,2026-04-20,2026-05-04,2026-05-09,3.29,3.75,Returned,2026-04-20 06:14:36,2026-05-09 00:09:33
6378,111,750,2025-09-10,2025-09-17,2025-09-24,2.49,5.25,Returned,2025-09-10 05:48:02,2025-09-24 09:12:16
6379,753,499,2026-04-09,2026-04-19,2026-04-28,3.1,6.75,Returned,2026-04-09 13:18:00,2026-04-28 20:21:41
6380,214,1444,2025-10-16,2025-10-30,2025-10-18,2.83,0.0,Returned,2025-10-16 16:46:25,2025-10-18 15:39:54
6381,968,690,2026-03-16,2026-03-23,2026-03-21,4.18,0.0,Returned,2026-03-16 04:42:17,2026-03-21 20:17:08
6382,333,1223,2026-04-24,2026-05-01,2026-04-25,2.26,0.0,Returned,2026-04-24 15:15:49,2026-04-25 18:47:19
6383,642,1384,2025-06-15,2025-06-25,2025-06-26,1.3,0.75,Returned,2025-06-15 00:16:44,2025-06-26 10:18:45
6384,152,24,2025-09-29,2025-10-13,2025-10-12,2.99,0.0,Returned,2025-09-29 22:59:58,2025-10-12 19:53:31
6385,676,1153,2025-08-02,2025-08-09,,1.95,222.0,Overdue,2025-08-02 16:34:13,2025-08-02 16:34:13
6386,744,1363,2025-12-09,2025-12-19,2025-12-14,2.75,0.0,Returned,2025-12-09 02:30:09,2025-12-14 09:14:15
6387,228,564,2026-04-27,2026-05-04,2026-05-01,2.03,0.0,Returned,2026-04-27 11:20:57,2026-05-01 09:48:17
6388,878,1657,2025-10-23,2025-11-06,2025-10-28,1.67,0.0,Returned,2025-10-23 06:48:13,2025-10-28 03:46:19
6389,281,1718,2025-10-07,2025-10-21,2025-10-16,1.73,0.0,Returned,2025-10-07 18:28:25,2025-10-16 00:08:58
6390,559,278,2025-09-25,2025-10-05,,4.94,179.25,Overdue,2025-09-25 17:05:19,2025-09-25 17:05:19
6391,396,1239,2025-06-28,2025-07-12,2025-07-12,2.77,0.0,Returned,2025-06-28 13:00:30,2025-07-12 06:56:59
6392,922,1116,2026-02-24,2026-03-10,2026-03-03,3.79,0.0,Returned,2026-02-24 03:27:20,2026-03-03 22:22:40
6393,477,553,2025-07-27,2025-08-06,2025-07-28,3.99,0.0,Returned,2025-07-27 11:21:44,2025-07-28 14:54:53
6394,456,178,2026-03-20,2026-04-03,2026-03-25,2.64,0.0,Returned,2026-03-20 10:04:14,2026-03-25 17:26:34
6395,174,1298,2025-09-29,2025-10-13,2025-10-10,2.9,0.0,RETURNED,2025-09-29 14:37:09,2025-10-10 23:03:18
6396,737,477,2026-03-10,2026-03-24,2026-03-22,2.74,0.0,Returned,2026-03-10 17:29:41,2026-03-22 18:14:14
6397,191,1366,2026-02-17,2026-02-27,2026-02-23,3.53,0.0,Returned,2026-02-17 17:01:15,2026-02-23 08:51:46
6398,339,1575,2025-11-30,2025-12-10,,2.05,129.75,Overdue,2025-11-30 10:05:55,2025-11-30 10:05:55
6399,332,230,2025-12-22,2025-12-29,2025-12-29,4.61,0.0,Returned,2025-12-22 23:18:54,2025-12-29 23:22:01
6400,151,1675,2025-12-29,2026-01-08,2025-12-30,3.69,0.0,Returned,2025-12-29 08:12:29,2025-12-30 04:28:56
6401,511,279,2025-12-15,2025-12-25,2025-12-23,2.53,0.0,Returned,2025-12-15 23:24:26,2025-12-23 17:56:40
6402,910,247,2025-11-21,2025-12-05,2025-11-22,4.94,0.0,Returned,2025-11-21 18:49:39,2025-11-22 20:32:57
6403,108,888,2026-04-10,2026-04-24,2026-04-19,1.78,0.0,Returned,2026-04-10 19:49:45,2026-04-19 16:50:19
6404,205,1543,2025-07-30,2025-08-13,2025-07-31,3.65,0.0,Returned,2025-07-30 22:36:17,2025-07-31 20:05:14
6405,8,138,2026-05-18,2026-05-25,2026-05-24,2.79,0.0,Returned,2026-05-18 09:32:56,2026-05-24 05:11:31
6406,850,1097,2026-04-04,2026-04-18,2026-04-24,1.83,4.5,Returned,2026-04-04 08:03:34,2026-04-24 17:17:41
6407,679,640,2025-12-25,2026-01-01,2025-12-27,1.86,0.0,Returned,2025-12-25 20:13:00,2025-12-27 03:47:32
6408,28,1062,2025-09-22,2025-10-06,2025-10-05,1.8,0.0,Returned,2025-09-22 14:14:19,2025-10-05 03:27:20
6409,268,1081,2026-01-02,2026-01-16,2026-01-13,4.06,0.0,Returned,2026-01-02 01:53:29,2026-01-13 16:58:10
6410,141,197,2026-01-28,2026-02-07,2026-01-31,2.2,0.0,Returned,2026-01-28 01:19:54,2026-01-31 21:18:39
6411,258,1216,2026-01-19,2026-02-02,2026-01-25,2.49,0.0,Returned,2026-01-19 11:43:03,2026-01-25 16:15:19
6412,820,954,2025-07-26,2025-08-09,2025-07-30,7.1,0.0,Returned,2025-07-26 17:01:25,2025-07-30 09:17:48
6413,292,127,2025-12-07,2025-12-14,2025-12-11,2.69,0.0,Returned,2025-12-07 15:07:33,2025-12-11 09:35:52
6414,176,522,2026-04-14,2026-04-21,2026-04-17,2.64,0.0,Returned,2026-04-14 02:50:02,2026-04-17 01:27:30
6415,989,550,2025-06-10,2025-06-24,,2.29,256.5,Overdue,2025-06-10 23:02:40,2025-06-10 23:02:40
6416,803,140,2025-11-15,2025-11-25,2025-11-19,4.92,0.0,Returned,2025-11-15 00:49:20,2025-11-19 05:04:34
6417,993,206,2025-07-08,2025-07-15,2025-07-12,2.49,0.0,Returned,2025-07-08 10:57:22,2025-07-12 23:36:13
6418,400,1570,2025-11-05,2025-11-12,2025-11-19,1.14,5.25,Returned,2025-11-05 06:19:43,2025-11-19 08:01:34
6419,81,699,2025-11-23,2025-12-03,,1.62,135.0,Overdue,2025-11-23 03:07:47,2025-11-23 03:07:47
6420,193,1455,2026-02-18,2026-02-28,2026-02-27,1.65,0.0,Returned,2026-02-18 18:04:21,2026-02-27 20:21:51
6421,898,1295,2026-04-06,2026-04-20,2026-04-30,1.66,7.5,Returned,2026-04-06 06:57:33,2026-04-30 22:44:29
6422,837,1010,2025-09-17,2025-10-01,2025-09-27,1.9,0.0,Returned,2025-09-17 10:54:02,2025-09-27 23:46:29
6423,781,1410,2025-06-18,2025-06-25,2025-06-25,1.95,0.0,Returned,2025-06-18 08:36:34,2025-06-25 12:27:32
6424,577,143,2025-08-21,2025-09-04,2025-08-21,2.27,0.0,Returned,2025-08-21 03:23:34,2025-08-21 19:29:16
6425,232,929,2026-04-12,2026-04-19,2026-04-21,2.64,1.5,Returned,2026-04-12 04:47:59,2026-04-21 21:44:19
6426,18,826,2025-10-10,2025-10-20,2025-10-11,5.3,0.0,Returned,2025-10-10 18:39:34,2025-10-11 00:58:38
6427,685,334,2026-03-11,2026-03-18,2026-03-18,2.48,0.0,Returned,2026-03-11 10:57:34,2026-03-18 01:47:58
6428,376,427,2025-12-22,2026-01-01,2026-01-04,2.58,2.25,Returned,2025-12-22 19:39:53,2026-01-04 11:46:34
6429,283,237,2025-11-21,2025-11-28,2025-11-28,2.54,0.0,Returned,2025-11-21 21:59:14,2025-11-28 16:11:27
6430,671,1359,2025-07-20,2025-07-30,2025-07-21,1.78,0.0,Returned,2025-07-20 23:55:14,2025-07-21 23:13:36
6431,676,1192,2026-04-06,2026-04-13,2026-04-09,1.59,0.0,Returned,2026-04-06 15:55:31,2026-04-09 03:37:56
6432,348,536,2025-07-06,2025-07-13,2025-07-07,1.17,0.0,Returned,2025-07-06 05:16:29,2025-07-07 08:09:18
6433,403,679,2026-01-08,2026-01-18,2026-01-15,2.9,0.0,Returned,2026-01-08 12:07:14,2026-01-15 19:16:25
6434,981,1417,2026-02-21,2026-03-03,2026-03-01,2.7,0.0,Returned,2026-02-21 20:51:53,2026-03-01 23:32:33
6435,414,64,2025-08-19,2025-08-26,2025-09-03,4.97,6.0,Returned,2025-08-19 06:15:22,2025-09-03 13:07:36
6436,227,788,2025-11-01,2025-11-15,2025-11-15,4.95,0.0,Returned,2025-11-01 20:40:00,2025-11-15 17:46:00
6437,461,1682,2025-07-02,2025-07-16,2025-07-15,2.74,0.0,Returned,2025-07-02 14:55:26,2025-07-15 17:49:11
6438,672,411,2025-06-26,2025-07-06,2025-07-04,3.99,0.0,Returned,2025-06-26 21:38:20,2025-07-04 09:52:15
6439,183,1496,2026-03-01,2026-03-08,2026-03-06,4.78,0.0,Returned,2026-03-01 09:03:56,2026-03-06 20:54:47
6440,801,564,2025-08-20,2025-08-27,2025-08-25,2.72,0.0,Returned,2025-08-20 02:52:08,2025-08-25 18:50:44
6441,736,1050,2025-10-04,2025-10-18,2025-10-07,1.66,0.0,Returned,2025-10-04 17:54:44,2025-10-07 16:33:14
6442,357,1434,2026-03-30,2026-04-06,2026-03-30,2.73,0.0,Returned,2026-03-30 04:03:11,2026-03-30 16:50:32
6443,571,1771,2025-10-20,2025-10-30,2025-10-28,4.48,0.0,Returned,2025-10-20 04:33:11,2025-10-28 13:21:34
6444,705,361,2025-08-20,2025-08-30,2025-08-25,2.51,0.0,Returned,2025-08-20 10:20:33,2025-08-25 16:54:29
6445,647,201,2025-10-11,2025-10-21,2025-10-12,2.63,0.0,Returned,2025-10-11 06:45:05,2025-10-12 09:18:57
6446,154,1336,2025-09-24,2025-10-08,2025-10-04,3.6,0.0,Returned,2025-09-24 15:30:16,2025-10-04 14:43:53
6447,795,1659,2025-06-12,2025-06-26,2025-06-23,4.94,0.0,Returned,2025-06-12 23:09:17,2025-06-23 15:45:49
6448,769,1684,2026-05-28,2026-06-07,2026-06-01,4.13,0.0,Returned,2026-05-28 03:06:28,2026-06-01 15:09:21
6449,20,264,2025-08-16,2025-08-30,2025-08-23,7.04,0.0,Returned,2025-08-16 02:26:53,2025-08-23 05:42:51
6450,63,740,2025-10-13,2025-10-27,2025-10-13,1.39,0.0,Returned,2025-10-13 12:00:01,2025-10-13 12:00:01
6451,490,1692,2025-09-04,2025-09-18,2025-09-06,1.69,0.0,Returned,2025-09-04 10:10:56,2025-09-06 20:34:07
6452,264,826,2026-03-13,2026-03-27,2026-03-19,6.89,0.0,Returned,2026-03-13 00:41:02,2026-03-19 06:24:36
6453,322,457,2026-05-24,2026-06-03,2026-06-03,6.12,0.0,Returned,2026-05-24 12:42:27,2026-06-03 16:49:40
6454,656,1336,2025-08-10,2025-08-20,2025-08-15,4.06,0.0,Returned,2025-08-10 04:36:14,2025-08-15 15:47:28
6455,102,539,2025-10-03,2025-10-10,2025-10-06,2.97,0.0,Returned,2025-10-03 16:15:18,2025-10-06 14:58:44
6456,569,856,2025-06-21,2025-07-05,2025-06-24,3.72,0.0,Returned,2025-06-21 22:26:21,2025-06-24 02:29:25
6457,247,1394,2026-03-25,2026-04-08,2026-04-18,2.68,7.5,Returned,2026-03-25 01:57:10,2026-04-18 05:31:57
6458,78,1622,2025-10-02,2025-10-16,2025-10-11,2.1,0.0,Returned,2025-10-02 21:18:10,2025-10-11 19:30:10
6459,880,248,2026-03-01,2026-03-15,2026-03-14,2.25,0.0,Returned,2026-03-01 12:11:49,2026-03-14 01:18:05
6460,276,1074,2025-07-25,2025-08-01,2025-07-27,6.97,0.0,Returned,2025-07-25 12:12:05,2025-07-27 18:45:51
6461,998,1576,2025-10-12,2025-10-19,2025-10-15,2.85,0.0,Returned,2025-10-12 18:57:33,2025-10-15 01:24:16
6462,38,1275,2026-05-23,2026-05-30,2026-05-28,7.16,0.0,Returned,2026-05-23 17:36:26,2026-05-28 13:37:37
6463,778,1678,2025-06-08,2025-06-22,2025-06-12,4.5,0.0,Returned,2025-06-08 08:53:30,2025-06-12 09:43:40
6464,54,1454,2025-11-20,2025-12-04,2025-12-10,1.78,4.5,Returned,2025-11-20 00:59:38,2025-12-10 11:30:15
6465,569,601,2025-12-30,2026-01-13,2026-01-07,3.14,0.0,Returned,2025-12-30 06:31:48,2026-01-07 02:30:41
6466,247,1491,2025-08-04,2025-08-14,2025-08-12,4.77,0.0,Returned,2025-08-04 17:39:30,2025-08-12 03:43:25
6467,323,1781,2026-05-13,2026-05-23,2026-06-01,4.27,7.5,Returned,2026-05-13 00:04:51,2026-06-01 01:36:54
6468,5,832,2026-01-31,2026-02-10,2026-02-03,3.9,0.0,Returned,2026-01-31 20:27:34,2026-02-03 01:14:28
6469,318,1234,2025-06-15,2025-06-22,2025-06-15,1.84,0.0,Returned,2025-06-15 18:04:27,2025-06-15 18:04:27
6470,578,511,2025-08-21,2025-08-31,2025-09-06,1.94,4.5,Returned,2025-08-21 01:33:37,2025-09-06 20:24:17
6471,678,1569,2026-01-24,2026-02-03,2026-01-28,2.15,0.0,Returned,2026-01-24 12:02:19,2026-01-28 09:25:36
6472,971,545,2026-05-18,2026-06-01,2026-06-01,8.56,0.0,Returned,2026-05-18 04:51:01,2026-06-01 05:36:52
6473,427,1633,2025-12-13,2025-12-20,2025-12-17,3.78,0.0,Returned,2025-12-13 07:19:38,2025-12-17 07:49:40
6474,355,457,2025-11-11,2025-11-21,2025-11-26,6.18,3.75,Returned,2025-11-11 03:20:34,2025-11-26 02:22:37
6475,583,900,2026-01-31,2026-02-10,2026-02-08,3.34,0.0,Returned,2026-01-31 12:17:19,2026-02-08 22:34:27
6476,935,408,2025-07-09,2025-07-16,,4.4,240.0,Overdue,2025-07-09 11:53:12,2025-07-09 11:53:12
6477,500,1048,2025-08-27,2025-09-06,2025-09-02,2.77,0.0,Returned,2025-08-27 03:53:18,2025-09-02 05:15:45
6478,560,292,2025-11-13,2025-11-27,2025-11-18,1.84,0.0,Returned,2025-11-13 04:18:27,2025-11-18 07:35:40
6479,215,1263,2026-04-17,2026-04-27,2026-04-20,3.82,0.0,Returned,2026-04-17 20:03:12,2026-04-20 05:31:27
6480,153,277,2025-08-10,2025-08-20,2025-08-11,1.99,0.0,Returned,2025-08-10 01:32:36,2025-08-11 13:25:16
6481,145,1513,2026-02-17,2026-03-03,2026-02-27,6.54,0.0,Returned,2026-02-17 08:54:27,2026-02-27 13:45:58
6482,24,1385,2025-06-13,2025-06-27,2025-06-26,2.35,0.0,Returned,2025-06-13 23:07:49,2025-06-26 17:04:18
6483,255,511,2025-08-29,2025-09-12,2025-08-31,1.66,0.0,Returned,2025-08-29 11:48:12,2025-08-31 16:52:13
6484,430,1647,2026-02-06,2026-02-20,2026-02-17,4.36,0.0,Returned,2026-02-06 15:08:27,2026-02-17 22:41:27
6485,735,1615,2025-06-19,2025-06-29,2025-06-24,4.86,0.0,Returned,2025-06-19 07:46:59,2025-06-24 22:36:16
6486,887,1069,2026-04-28,2026-05-05,2026-05-02,5.06,0.0,Returned,2026-04-28 06:51:18,2026-05-02 14:24:33
6487,979,759,2025-12-12,2025-12-22,2025-12-21,1.98,0.0,Returned,2025-12-12 20:06:31,2025-12-21 04:13:26
6488,31,1255,2026-01-09,2026-01-23,2026-01-11,3.61,0.0,Returned,2026-01-09 00:36:24,2026-01-11 11:13:07
6489,581,1645,2025-10-18,2025-10-28,2025-10-19,2.91,0.0,Returned,2025-10-18 22:57:54,2025-10-19 09:24:22
6490,386,178,2026-01-26,2026-02-02,2026-02-02,1.65,0.0,Returned,2026-01-26 04:17:40,2026-02-02 20:08:50
6491,568,271,2025-10-22,2025-10-29,2025-10-26,4.02,0.0,Returned,2025-10-22 11:09:43,2025-10-26 02:00:54
6492,807,1247,2026-02-19,2026-03-05,2026-03-07,1.4,1.5,Returned,2026-02-19 00:12:15,2026-03-07 22:48:57
6493,581,210,2026-04-16,2026-04-26,,4.23,27.0,Overdue,2026-04-16 22:48:10,2026-04-16 22:48:10
6494,546,1166,2025-11-06,2025-11-16,2025-11-11,3.72,0.0,Returned,2025-11-06 11:46:55,2025-11-11 11:50:20
6495,427,1076,2026-04-28,2026-05-12,2026-05-11,6.6,0.0,Returned,2026-04-28 05:09:16,2026-05-11 08:22:03
6496,747,1023,2026-02-17,2026-03-03,2026-02-20,6.56,0.0,Returned,2026-02-17 17:13:10,2026-02-20 01:02:02
6497,55,1081,2026-05-12,2026-05-19,2026-05-14,3.9,0.0,Returned,2026-05-12 07:13:05,2026-05-14 04:29:25
6498,650,1746,2026-01-01,2026-01-11,2026-01-01,4.64,0.0,Returned,2026-01-01 04:12:12,2026-01-01 17:44:11
6499,192,1573,2026-05-10,2026-05-20,2026-05-21,2.72,0.75,Returned,2026-05-10 19:39:08,2026-05-21 22:37:45
6500,260,1574,2025-09-25,2025-10-09,2025-09-28,4.24,0.0,Returned,2025-09-25 20:05:54,2025-09-28 20:37:26
