review_id,customer_id,content_id,rating,review_text,review_date,created_at,updated_at
1,802,251,4,Loved the soundtrack and visuals.,2025-07-13 09:15:37,2025-07-13 09:15:37,2025-07-13 09:15:37
2,369,119,4,Loved the soundtrack and visuals.,2025-06-21 04:03:59,2025-06-21 04:03:59,2025-06-21 04:03:59
3,198,585,4,"Solid entry, will check out more from this title.",2025-07-21 01:26:59,2025-07-21 01:26:59,2025-07-21 01:26:59
4,750,548,5,"Not what I expected, but still worth it.",2025-06-06 19:11:15,2025-06-06 19:11:15,2025-06-06 19:11:15
5,223,451,5,Really enjoyed the pacing and the cast.,2026-04-22 01:38:00,2026-04-22 01:38:00,2026-04-22 01:38:00
6,604,387,5,Would recommend to a friend.,2026-03-20 09:56:49,2026-03-20 09:56:49,2026-03-20 09:56:49
7,402,491,5,Didn't fully connect with the storyline.,2026-05-05 14:09:01,2026-05-05 14:09:01,2026-05-05 14:09:01
8,640,182,4,One of the better titles in this category.,2025-10-28 15:13:18,2025-10-28 15:13:18,2025-10-28 15:13:18
9,845,481,1,"Great picture quality, average story.",2025-10-11 21:13:35,2025-10-11 21:13:35,2025-10-11 21:13:35
10,776,312,4,Would recommend to a friend.,2025-06-13 21:03:45,2025-06-13 21:03:45,2025-06-13 21:03:45
11,687,148,5,"Not what I expected, but still worth it.",2025-07-14 18:17:48,2025-07-14 18:17:48,2025-07-14 18:17:48
12,57,219,4,A bit slow to start but picked up later.,2025-11-14 08:17:18,2025-11-14 08:17:18,2025-11-14 08:17:18
13,964,258,3,"Not what I expected, but still worth it.",2025-07-29 17:27:14,2025-07-29 17:27:14,2025-07-29 17:27:14
14,726,71,4,Didn't fully connect with the storyline.,2025-07-01 11:11:05,2025-07-01 11:11:05,2025-07-01 11:11:05
15,746,190,3,A bit slow to start but picked up later.,2026-03-29 13:31:39,2026-03-29 13:31:39,2026-03-29 13:31:39
16,281,294,5,Loved the soundtrack and visuals.,2026-04-04 23:32:53,2026-04-04 23:32:53,2026-04-04 23:32:53
17,290,33,4,One of the better titles in this category.,2026-03-17 06:57:21,2026-03-17 06:57:21,2026-03-17 06:57:21
18,532,578,3,"Solid entry, will check out more from this title.",2025-09-08 21:35:07,2025-09-08 21:35:07,2025-09-08 21:35:07
19,771,412,5,"Solid entry, will check out more from this title.",2026-01-14 22:03:49,2026-01-14 22:03:49,2026-01-14 22:03:49
20,19,449,4,"Great picture quality, average story.",2025-11-03 09:50:40,2025-11-03 09:50:40,2025-11-03 09:50:40
21,815,281,1,Loved the soundtrack and visuals.,2026-04-09 04:20:13,2026-04-09 04:20:13,2026-04-09 04:20:13
22,800,242,4,Really enjoyed the pacing and the cast.,2025-12-10 02:58:53,2025-12-10 02:58:53,2025-12-10 02:58:53
23,586,47,5,"Solid entry, will check out more from this title.",2025-06-28 20:52:35,2025-06-28 20:52:35,2025-06-28 20:52:35
24,609,46,5,"Not what I expected, but still worth it.",2025-10-09 01:19:18,2025-10-09 01:19:18,2025-10-09 01:19:18
25,353,428,5,"Decent, but I have seen better.",2026-05-31 23:41:19,2026-05-31 23:41:19,2026-05-31 23:41:19
26,844,430,5,Really enjoyed the pacing and the cast.,2025-11-21 03:49:46,2025-11-21 03:49:46,2025-11-21 03:49:46
27,604,549,4,"Decent, but I have seen better.",2026-04-16 01:18:37,2026-04-16 01:18:37,2026-04-16 01:18:37
28,744,596,5,One of the better titles in this category.,2025-11-07 16:05:40,2025-11-07 16:05:40,2025-11-07 16:05:40
29,361,5,3,A bit slow to start but picked up later.,2025-08-02 17:37:41,2025-08-02 17:37:41,2025-08-02 17:37:41
30,652,203,4,"Decent, but I have seen better.",2025-06-15 14:34:35,2025-06-15 14:34:35,2025-06-15 14:34:35
31,616,212,3,Really enjoyed the pacing and the cast.,2025-06-23 14:11:32,2025-06-23 14:11:32,2025-06-23 14:11:32
32,213,106,5,"Decent, but I have seen better.",2025-10-20 09:03:12,2025-10-20 09:03:12,2025-10-20 09:03:12
33,674,546,5,"Solid entry, will check out more from this title.",2025-07-19 05:05:55,2025-07-19 05:05:55,2025-07-19 05:05:55
34,330,307,5,Really enjoyed the pacing and the cast.,2025-08-23 11:41:53,2025-08-23 11:41:53,2025-08-23 11:41:53
35,475,454,5,One of the better titles in this category.,2025-11-14 07:46:03,2025-11-14 07:46:03,2025-11-14 07:46:03
36,703,530,4,One of the better titles in this category.,2025-10-15 10:17:25,2025-10-15 10:17:25,2025-10-15 10:17:25
37,347,251,5,One of the better titles in this category.,2025-09-25 22:35:57,2025-09-25 22:35:57,2025-09-25 22:35:57
38,828,316,3,Really enjoyed the pacing and the cast.,2026-03-03 08:58:08,2026-03-03 08:58:08,2026-03-03 08:58:08
39,324,600,5,"Decent, but I have seen better.",2026-01-21 05:46:34,2026-01-21 05:46:34,2026-01-21 05:46:34
40,658,338,4,"Great picture quality, average story.",2025-06-19 09:18:38,2025-06-19 09:18:38,2025-06-19 09:18:38
41,442,215,3,Really enjoyed the pacing and the cast.,2026-03-12 20:44:27,2026-03-12 20:44:27,2026-03-12 20:44:27
42,569,529,4,One of the better titles in this category.,2025-08-28 22:10:14,2025-08-28 22:10:14,2025-08-28 22:10:14
43,844,69,3,Didn't fully connect with the storyline.,2025-11-04 08:40:56,2025-11-04 08:40:56,2025-11-04 08:40:56
44,175,83,5,Would recommend to a friend.,2025-11-30 02:45:52,2025-11-30 02:45:52,2025-11-30 02:45:52
45,961,207,5,Really enjoyed the pacing and the cast.,2026-03-20 23:40:59,2026-03-20 23:40:59,2026-03-20 23:40:59
46,628,576,4,One of the better titles in this category.,2025-06-07 10:28:26,2025-06-07 10:28:26,2025-06-07 10:28:26
47,694,73,3,"Decent, but I have seen better.",2026-04-22 08:02:36,2026-04-22 08:02:36,2026-04-22 08:02:36
48,559,245,2,A bit slow to start but picked up later.,2025-08-18 03:14:36,2025-08-18 03:14:36,2025-08-18 03:14:36
49,944,390,2,Loved the soundtrack and visuals.,2025-07-02 10:08:19,2025-07-02 10:08:19,2025-07-02 10:08:19
50,470,281,3,"Not what I expected, but still worth it.",2025-12-23 22:07:26,2025-12-23 22:07:26,2025-12-23 22:07:26
51,930,526,4,"Decent, but I have seen better.",2025-07-22 23:12:24,2025-07-22 23:12:24,2025-07-22 23:12:24
52,989,511,4,Loved the soundtrack and visuals.,2026-03-09 13:57:37,2026-03-09 13:57:37,2026-03-09 13:57:37
53,567,158,5,"Solid entry, will check out more from this title.",2026-02-19 03:38:00,2026-02-19 03:38:00,2026-02-19 03:38:00
54,597,545,5,One of the better titles in this category.,2026-05-23 16:21:37,2026-05-23 16:21:37,2026-05-23 16:21:37
55,666,249,5,One of the better titles in this category.,2025-12-13 16:38:28,2025-12-13 16:38:28,2025-12-13 16:38:28
56,105,578,3,,2026-01-18 03:59:50,2026-01-18 03:59:50,2026-01-18 03:59:50
57,256,134,4,"Not what I expected, but still worth it.",2025-09-16 16:45:44,2025-09-16 16:45:44,2025-09-16 16:45:44
58,390,594,5,"Solid entry, will check out more from this title.",2025-10-10 03:36:40,2025-10-10 03:36:40,2025-10-10 03:36:40
59,183,392,5,Loved the soundtrack and visuals.,2025-12-20 02:28:54,2025-12-20 02:28:54,2025-12-20 02:28:54
60,607,286,3,"Decent, but I have seen better.",2026-02-21 05:05:22,2026-02-21 05:05:22,2026-02-21 05:05:22
61,810,169,5,Didn't fully connect with the storyline.,2025-07-14 05:31:06,2025-07-14 05:31:06,2025-07-14 05:31:06
62,547,363,4,"Great picture quality, average story.",2026-02-09 00:59:02,2026-02-09 00:59:02,2026-02-09 00:59:02
63,651,276,5,Loved the soundtrack and visuals.,2026-04-07 14:18:55,2026-04-07 14:18:55,2026-04-07 14:18:55
64,440,15,1,"Solid entry, will check out more from this title.",2025-12-25 10:38:28,2025-12-25 10:38:28,2025-12-25 10:38:28
65,846,204,4,"Great picture quality, average story.",2025-10-11 10:30:30,2025-10-11 10:30:30,2025-10-11 10:30:30
66,332,111,3,Would recommend to a friend.,2026-05-16 21:40:26,2026-05-16 21:40:26,2026-05-16 21:40:26
67,41,430,3,A bit slow to start but picked up later.,2026-01-25 09:04:24,2026-01-25 09:04:24,2026-01-25 09:04:24
68,318,329,1,Would recommend to a friend.,2026-02-14 10:13:51,2026-02-14 10:13:51,2026-02-14 10:13:51
69,384,22,4,Really enjoyed the pacing and the cast.,2026-01-20 19:01:19,2026-01-20 19:01:19,2026-01-20 19:01:19
70,780,314,2,"Great picture quality, average story.",2026-04-20 19:02:21,2026-04-20 19:02:21,2026-04-20 19:02:21
71,65,115,4,Really enjoyed the pacing and the cast.,2026-04-13 04:06:13,2026-04-13 04:06:13,2026-04-13 04:06:13
72,91,7,1,Didn't fully connect with the storyline.,2025-12-12 09:26:50,2025-12-12 09:26:50,2025-12-12 09:26:50
73,581,426,5,Would recommend to a friend.,2025-09-12 09:50:45,2025-09-12 09:50:45,2025-09-12 09:50:45
74,866,126,3,"Decent, but I have seen better.",2025-08-28 13:19:19,2025-08-28 13:19:19,2025-08-28 13:19:19
75,322,3,2,Would recommend to a friend.,2025-12-31 07:58:56,2025-12-31 07:58:56,2025-12-31 07:58:56
76,15,512,3,Didn't fully connect with the storyline.,2025-11-25 19:55:49,2025-11-25 19:55:49,2025-11-25 19:55:49
77,248,542,5,"Decent, but I have seen better.",2026-04-07 20:00:19,2026-04-07 20:00:19,2026-04-07 20:00:19
78,444,573,5,"Not what I expected, but still worth it.",2025-07-25 00:15:55,2025-07-25 00:15:55,2025-07-25 00:15:55
79,126,144,5,One of the better titles in this category.,2025-07-29 18:36:21,2025-07-29 18:36:21,2025-07-29 18:36:21
80,426,344,4,"Solid entry, will check out more from this title.",2026-01-31 13:15:26,2026-01-31 13:15:26,2026-01-31 13:15:26
81,824,99,4,"Great picture quality, average story.",2026-02-28 10:06:34,2026-02-28 10:06:34,2026-02-28 10:06:34
82,423,586,5,Didn't fully connect with the storyline.,2026-04-10 14:16:58,2026-04-10 14:16:58,2026-04-10 14:16:58
83,281,420,3,Would recommend to a friend.,2025-12-15 12:23:26,2025-12-15 12:23:26,2025-12-15 12:23:26
84,18,491,5,Loved the soundtrack and visuals.,2026-01-26 08:03:32,2026-01-26 08:03:32,2026-01-26 08:03:32
85,90,372,4,Would recommend to a friend.,2025-07-01 07:22:39,2025-07-01 07:22:39,2025-07-01 07:22:39
86,324,540,5,"Not what I expected, but still worth it.",2026-01-12 12:56:46,2026-01-12 12:56:46,2026-01-12 12:56:46
87,575,111,5,Didn't fully connect with the storyline.,2025-07-22 10:35:48,2025-07-22 10:35:48,2025-07-22 10:35:48
88,663,280,5,"Not what I expected, but still worth it.",2026-01-31 06:31:06,2026-01-31 06:31:06,2026-01-31 06:31:06
89,372,379,5,"Solid entry, will check out more from this title.",2025-11-07 21:54:43,2025-11-07 21:54:43,2025-11-07 21:54:43
90,500,594,1,"Not what I expected, but still worth it.",2025-09-27 01:27:04,2025-09-27 01:27:04,2025-09-27 01:27:04
91,532,249,2,"Decent, but I have seen better.",2025-06-29 08:58:20,2025-06-29 08:58:20,2025-06-29 08:58:20
92,730,329,3,"Not what I expected, but still worth it.",2026-01-27 21:15:14,2026-01-27 21:15:14,2026-01-27 21:15:14
93,336,75,5,Didn't fully connect with the storyline.,2025-08-12 17:02:26,2025-08-12 17:02:26,2025-08-12 17:02:26
94,937,545,5,"Decent, but I have seen better.",2026-01-24 23:54:50,2026-01-24 23:54:50,2026-01-24 23:54:50
95,310,76,5,Loved the soundtrack and visuals.,2026-01-06 07:47:06,2026-01-06 07:47:06,2026-01-06 07:47:06
96,233,135,5,"Not what I expected, but still worth it.",2025-09-05 13:48:16,2025-09-05 13:48:16,2025-09-05 13:48:16
97,611,131,4,A bit slow to start but picked up later.,2026-01-04 02:47:54,2026-01-04 02:47:54,2026-01-04 02:47:54
98,913,89,4,Didn't fully connect with the storyline.,2025-11-09 12:56:40,2025-11-09 12:56:40,2025-11-09 12:56:40
99,791,500,5,"Solid entry, will check out more from this title.",2025-09-03 17:14:31,2025-09-03 17:14:31,2025-09-03 17:14:31
100,474,583,5,"Great picture quality, average story.",2026-05-20 00:43:41,2026-05-20 00:43:41,2026-05-20 00:43:41
101,114,480,4,A bit slow to start but picked up later.,2025-12-22 06:09:57,2025-12-22 06:09:57,2025-12-22 06:09:57
102,323,78,4,A bit slow to start but picked up later.,2026-01-06 12:21:57,2026-01-06 12:21:57,2026-01-06 12:21:57
103,610,316,5,One of the better titles in this category.,2026-05-17 04:26:28,2026-05-17 04:26:28,2026-05-17 04:26:28
104,973,98,3,Really enjoyed the pacing and the cast.,2025-06-09 21:11:56,2025-06-09 21:11:56,2025-06-09 21:11:56
105,781,392,5,One of the better titles in this category.,2025-09-15 03:01:31,2025-09-15 03:01:31,2025-09-15 03:01:31
106,807,254,5,Loved the soundtrack and visuals.,2025-10-30 07:50:20,2025-10-30 07:50:20,2025-10-30 07:50:20
107,212,504,5,"Decent, but I have seen better.",2025-09-07 03:19:06,2025-09-07 03:19:06,2025-09-07 03:19:06
108,109,415,4,"Great picture quality, average story.",2026-05-05 00:38:09,2026-05-05 00:38:09,2026-05-05 00:38:09
109,36,97,3,"Great picture quality, average story.",2026-01-17 19:27:09,2026-01-17 19:27:09,2026-01-17 19:27:09
110,329,332,5,Really enjoyed the pacing and the cast.,2026-05-05 11:45:51,2026-05-05 11:45:51,2026-05-05 11:45:51
111,356,563,3,"Not what I expected, but still worth it.",2025-11-14 03:00:16,2025-11-14 03:00:16,2025-11-14 03:00:16
112,189,447,3,"Solid entry, will check out more from this title.",2025-12-13 03:07:43,2025-12-13 03:07:43,2025-12-13 03:07:43
113,97,12,3,"Great picture quality, average story.",2025-09-19 01:11:59,2025-09-19 01:11:59,2025-09-19 01:11:59
114,321,221,5,"Decent, but I have seen better.",2025-07-17 02:04:52,2025-07-17 02:04:52,2025-07-17 02:04:52
115,162,89,5,Didn't fully connect with the storyline.,2025-08-13 03:48:00,2025-08-13 03:48:00,2025-08-13 03:48:00
116,320,185,3,"Solid entry, will check out more from this title.",2025-11-30 21:28:51,2025-11-30 21:28:51,2025-11-30 21:28:51
117,306,555,4,Would recommend to a friend.,2025-09-21 11:26:51,2025-09-21 11:26:51,2025-09-21 11:26:51
118,934,49,5,"Great picture quality, average story.",2025-08-20 00:04:50,2025-08-20 00:04:50,2025-08-20 00:04:50
119,374,386,1,"Solid entry, will check out more from this title.",2025-12-17 11:04:37,2025-12-17 11:04:37,2025-12-17 11:04:37
120,999,202,5,"Great picture quality, average story.",2025-09-12 03:41:47,2025-09-12 03:41:47,2025-09-12 03:41:47
121,204,134,5,Didn't fully connect with the storyline.,2026-02-06 23:59:35,2026-02-06 23:59:35,2026-02-06 23:59:35
122,59,394,4,Didn't fully connect with the storyline.,2026-04-02 23:28:52,2026-04-02 23:28:52,2026-04-02 23:28:52
123,7,509,4,Would recommend to a friend.,2026-01-24 20:05:37,2026-01-24 20:05:37,2026-01-24 20:05:37
124,844,250,1,Really enjoyed the pacing and the cast.,2025-08-25 04:39:39,2025-08-25 04:39:39,2025-08-25 04:39:39
125,201,398,5,"Decent, but I have seen better.",2025-12-17 05:51:44,2025-12-17 05:51:44,2025-12-17 05:51:44
126,123,572,4,Would recommend to a friend.,2026-03-25 05:09:12,2026-03-25 05:09:12,2026-03-25 05:09:12
127,148,242,3,Really enjoyed the pacing and the cast.,2026-05-07 15:26:43,2026-05-07 15:26:43,2026-05-07 15:26:43
128,438,265,5,Loved the soundtrack and visuals.,2026-03-26 12:07:12,2026-03-26 12:07:12,2026-03-26 12:07:12
129,454,256,3,"Great picture quality, average story.",2025-12-02 08:20:42,2025-12-02 08:20:42,2025-12-02 08:20:42
130,96,379,5,Didn't fully connect with the storyline.,2025-11-08 10:03:26,2025-11-08 10:03:26,2025-11-08 10:03:26
131,675,448,5,One of the better titles in this category.,2026-05-13 11:28:33,2026-05-13 11:28:33,2026-05-13 11:28:33
132,985,479,5,"Great picture quality, average story.",2026-01-01 12:11:33,2026-01-01 12:11:33,2026-01-01 12:11:33
133,936,168,5,A bit slow to start but picked up later.,2026-01-27 12:52:41,2026-01-27 12:52:41,2026-01-27 12:52:41
134,609,564,5,"Not what I expected, but still worth it.",2025-10-06 14:08:34,2025-10-06 14:08:34,2025-10-06 14:08:34
135,840,142,4,"Not what I expected, but still worth it.",2025-09-06 07:54:08,2025-09-06 07:54:08,2025-09-06 07:54:08
136,184,523,4,"Great picture quality, average story.",2026-01-12 21:21:37,2026-01-12 21:21:37,2026-01-12 21:21:37
137,26,118,4,"Great picture quality, average story.",2025-08-10 05:39:31,2025-08-10 05:39:31,2025-08-10 05:39:31
138,762,266,5,One of the better titles in this category.,2026-03-29 06:50:32,2026-03-29 06:50:32,2026-03-29 06:50:32
139,137,261,5,Really enjoyed the pacing and the cast.,2025-08-22 06:14:04,2025-08-22 06:14:04,2025-08-22 06:14:04
140,314,156,3,"Decent, but I have seen better.",2025-11-21 07:37:28,2025-11-21 07:37:28,2025-11-21 07:37:28
141,564,355,4,"Solid entry, will check out more from this title.",2025-09-05 07:30:53,2025-09-05 07:30:53,2025-09-05 07:30:53
142,572,152,5,A bit slow to start but picked up later.,2026-03-23 23:41:32,2026-03-23 23:41:32,2026-03-23 23:41:32
143,95,89,4,Loved the soundtrack and visuals.,2026-03-15 01:31:01,2026-03-15 01:31:01,2026-03-15 01:31:01
144,672,335,4,One of the better titles in this category.,2025-06-23 08:11:13,2025-06-23 08:11:13,2025-06-23 08:11:13
145,225,395,5,"Decent, but I have seen better.",2025-07-03 17:33:29,2025-07-03 17:33:29,2025-07-03 17:33:29
146,316,210,4,Really enjoyed the pacing and the cast.,2026-03-16 17:20:30,2026-03-16 17:20:30,2026-03-16 17:20:30
147,83,84,4,"Great picture quality, average story.",2026-02-09 14:13:38,2026-02-09 14:13:38,2026-02-09 14:13:38
148,823,405,3,"Great picture quality, average story.",2026-04-24 05:56:55,2026-04-24 05:56:55,2026-04-24 05:56:55
149,86,503,4,Didn't fully connect with the storyline.,2026-02-03 19:58:00,2026-02-03 19:58:00,2026-02-03 19:58:00
150,246,336,4,"Not what I expected, but still worth it.",2026-05-13 11:56:49,2026-05-13 11:56:49,2026-05-13 11:56:49
151,942,274,5,Didn't fully connect with the storyline.,2025-08-06 20:22:54,2025-08-06 20:22:54,2025-08-06 20:22:54
152,764,181,4,"Solid entry, will check out more from this title.",2025-07-15 07:50:04,2025-07-15 07:50:04,2025-07-15 07:50:04
153,292,404,5,Would recommend to a friend.,2026-04-23 11:17:57,2026-04-23 11:17:57,2026-04-23 11:17:57
154,477,312,4,Didn't fully connect with the storyline.,2025-08-03 06:04:01,2025-08-03 06:04:01,2025-08-03 06:04:01
155,682,374,5,A bit slow to start but picked up later.,2026-03-05 10:47:16,2026-03-05 10:47:16,2026-03-05 10:47:16
156,395,384,5,One of the better titles in this category.,2025-07-23 04:00:48,2025-07-23 04:00:48,2025-07-23 04:00:48
157,936,541,5,"Great picture quality, average story.",2026-03-04 22:54:06,2026-03-04 22:54:06,2026-03-04 22:54:06
158,251,298,4,Didn't fully connect with the storyline.,2026-03-08 12:50:25,2026-03-08 12:50:25,2026-03-08 12:50:25
159,660,385,3,"Solid entry, will check out more from this title.",2025-06-09 19:54:24,2025-06-09 19:54:24,2025-06-09 19:54:24
160,666,240,5,"Decent, but I have seen better.",2026-01-24 07:44:46,2026-01-24 07:44:46,2026-01-24 07:44:46
161,352,320,5,"Not what I expected, but still worth it.",2026-01-12 13:09:18,2026-01-12 13:09:18,2026-01-12 13:09:18
162,63,341,4,A bit slow to start but picked up later.,2025-09-09 15:18:21,2025-09-09 15:18:21,2025-09-09 15:18:21
163,136,340,3,"Solid entry, will check out more from this title.",2026-04-06 13:29:07,2026-04-06 13:29:07,2026-04-06 13:29:07
164,9,246,5,"Great picture quality, average story.",2025-08-06 03:02:22,2025-08-06 03:02:22,2025-08-06 03:02:22
165,462,530,5,Didn't fully connect with the storyline.,2025-06-19 18:49:41,2025-06-19 18:49:41,2025-06-19 18:49:41
166,813,7,5,A bit slow to start but picked up later.,2026-03-27 01:22:09,2026-03-27 01:22:09,2026-03-27 01:22:09
167,454,158,4,"Great picture quality, average story.",2026-01-14 09:08:59,2026-01-14 09:08:59,2026-01-14 09:08:59
168,310,34,5,"Great picture quality, average story.",2025-08-17 07:29:14,2025-08-17 07:29:14,2025-08-17 07:29:14
169,772,486,4,Really enjoyed the pacing and the cast.,2025-08-26 19:12:16,2025-08-26 19:12:16,2025-08-26 19:12:16
170,833,6,4,Loved the soundtrack and visuals.,2026-01-07 00:53:14,2026-01-07 00:53:14,2026-01-07 00:53:14
171,607,582,3,Would recommend to a friend.,2026-02-21 12:25:54,2026-02-21 12:25:54,2026-02-21 12:25:54
172,434,158,4,"Not what I expected, but still worth it.",2025-06-10 21:48:15,2025-06-10 21:48:15,2025-06-10 21:48:15
173,801,69,3,"Decent, but I have seen better.",2026-03-13 22:10:57,2026-03-13 22:10:57,2026-03-13 22:10:57
174,702,501,5,Really enjoyed the pacing and the cast.,2025-08-19 01:43:19,2025-08-19 01:43:19,2025-08-19 01:43:19
175,882,483,3,"Great picture quality, average story.",2025-06-22 00:05:53,2025-06-22 00:05:53,2025-06-22 00:05:53
176,954,164,3,Really enjoyed the pacing and the cast.,2025-06-17 12:44:33,2025-06-17 12:44:33,2025-06-17 12:44:33
177,318,452,5,Would recommend to a friend.,2025-12-04 13:52:27,2025-12-04 13:52:27,2025-12-04 13:52:27
178,18,594,5,"Not what I expected, but still worth it.",2026-02-21 19:55:26,2026-02-21 19:55:26,2026-02-21 19:55:26
179,48,510,1,Loved the soundtrack and visuals.,2025-09-09 07:08:39,2025-09-09 07:08:39,2025-09-09 07:08:39
180,532,326,2,"Great picture quality, average story.",2026-05-22 21:48:13,2026-05-22 21:48:13,2026-05-22 21:48:13
181,489,118,4,Loved the soundtrack and visuals.,2025-08-16 11:21:09,2025-08-16 11:21:09,2025-08-16 11:21:09
182,688,572,1,"Solid entry, will check out more from this title.",2026-04-22 08:01:38,2026-04-22 08:01:38,2026-04-22 08:01:38
183,983,318,5,One of the better titles in this category.,2025-10-15 11:10:36,2025-10-15 11:10:36,2025-10-15 11:10:36
184,229,282,5,"Not what I expected, but still worth it.",2025-11-20 19:30:24,2025-11-20 19:30:24,2025-11-20 19:30:24
185,868,99,5,Would recommend to a friend.,2026-01-04 23:17:29,2026-01-04 23:17:29,2026-01-04 23:17:29
186,303,220,2,Loved the soundtrack and visuals.,2026-01-07 19:43:59,2026-01-07 19:43:59,2026-01-07 19:43:59
187,645,154,4,,2025-06-26 00:41:18,2025-06-26 00:41:18,2025-06-26 00:41:18
188,8,593,4,"Not what I expected, but still worth it.",2026-05-29 16:04:05,2026-05-29 16:04:05,2026-05-29 16:04:05
189,251,114,5,Really enjoyed the pacing and the cast.,2026-02-01 22:05:03,2026-02-01 22:05:03,2026-02-01 22:05:03
190,641,319,5,Didn't fully connect with the storyline.,2026-03-26 10:48:54,2026-03-26 10:48:54,2026-03-26 10:48:54
191,735,181,3,"Solid entry, will check out more from this title.",2025-11-19 19:23:47,2025-11-19 19:23:47,2025-11-19 19:23:47
192,394,187,4,Would recommend to a friend.,2025-08-26 07:43:14,2025-08-26 07:43:14,2025-08-26 07:43:14
193,993,599,4,"Not what I expected, but still worth it.",2025-11-09 16:34:39,2025-11-09 16:34:39,2025-11-09 16:34:39
194,647,385,4,Loved the soundtrack and visuals.,2026-02-12 20:53:56,2026-02-12 20:53:56,2026-02-12 20:53:56
195,751,330,5,"Solid entry, will check out more from this title.",2025-10-04 22:25:58,2025-10-04 22:25:58,2025-10-04 22:25:58
196,189,377,4,Loved the soundtrack and visuals.,2025-06-07 00:29:06,2025-06-07 00:29:06,2025-06-07 00:29:06
197,262,75,5,"Solid entry, will check out more from this title.",2025-11-05 06:36:54,2025-11-05 06:36:54,2025-11-05 06:36:54
198,96,506,3,Didn't fully connect with the storyline.,2025-08-07 21:44:53,2025-08-07 21:44:53,2025-08-07 21:44:53
199,691,448,2,A bit slow to start but picked up later.,2025-08-11 10:26:35,2025-08-11 10:26:35,2025-08-11 10:26:35
200,340,295,5,"Not what I expected, but still worth it.",2025-07-21 01:49:59,2025-07-21 01:49:59,2025-07-21 01:49:59
201,12,96,4,"Solid entry, will check out more from this title.",2025-07-01 11:51:26,2025-07-01 11:51:26,2025-07-01 11:51:26
202,783,318,1,"Solid entry, will check out more from this title.",2025-07-23 00:56:11,2025-07-23 00:56:11,2025-07-23 00:56:11
203,523,351,4,"Not what I expected, but still worth it.",2026-01-08 17:17:48,2026-01-08 17:17:48,2026-01-08 17:17:48
204,1000,192,2,Really enjoyed the pacing and the cast.,2025-08-27 13:57:41,2025-08-27 13:57:41,2025-08-27 13:57:41
205,909,481,4,"Not what I expected, but still worth it.",2025-07-14 14:00:36,2025-07-14 14:00:36,2025-07-14 14:00:36
206,656,258,2,"Decent, but I have seen better.",2025-07-07 06:57:50,2025-07-07 06:57:50,2025-07-07 06:57:50
207,797,43,5,"Decent, but I have seen better.",2025-10-28 17:27:44,2025-10-28 17:27:44,2025-10-28 17:27:44
208,89,252,2,Didn't fully connect with the storyline.,2025-11-14 01:26:37,2025-11-14 01:26:37,2025-11-14 01:26:37
209,617,7,4,One of the better titles in this category.,2025-06-08 18:14:54,2025-06-08 18:14:54,2025-06-08 18:14:54
210,413,539,2,Really enjoyed the pacing and the cast.,2026-05-05 17:38:24,2026-05-05 17:38:24,2026-05-05 17:38:24
211,625,492,5,One of the better titles in this category.,2026-01-25 13:54:26,2026-01-25 13:54:26,2026-01-25 13:54:26
212,728,574,2,Really enjoyed the pacing and the cast.,2026-04-08 14:00:02,2026-04-08 14:00:02,2026-04-08 14:00:02
213,317,503,3,"Great picture quality, average story.",2026-02-21 05:14:39,2026-02-21 05:14:39,2026-02-21 05:14:39
214,841,162,4,Loved the soundtrack and visuals.,2026-03-31 21:46:39,2026-03-31 21:46:39,2026-03-31 21:46:39
215,708,77,4,"Solid entry, will check out more from this title.",2026-01-22 08:07:51,2026-01-22 08:07:51,2026-01-22 08:07:51
216,755,570,5,Loved the soundtrack and visuals.,2025-09-01 20:28:31,2025-09-01 20:28:31,2025-09-01 20:28:31
217,93,569,1,Didn't fully connect with the storyline.,2025-06-13 16:19:45,2025-06-13 16:19:45,2025-06-13 16:19:45
218,169,220,1,"Not what I expected, but still worth it.",2025-12-27 07:13:36,2025-12-27 07:13:36,2025-12-27 07:13:36
219,470,407,4,"Not what I expected, but still worth it.",2025-11-22 00:01:21,2025-11-22 00:01:21,2025-11-22 00:01:21
220,566,418,2,Didn't fully connect with the storyline.,2025-09-23 06:26:44,2025-09-23 06:26:44,2025-09-23 06:26:44
221,99,536,5,A bit slow to start but picked up later.,2026-03-08 15:19:18,2026-03-08 15:19:18,2026-03-08 15:19:18
222,560,561,4,Didn't fully connect with the storyline.,2025-10-21 08:42:16,2025-10-21 08:42:16,2025-10-21 08:42:16
223,926,100,5,Loved the soundtrack and visuals.,2025-10-21 12:38:40,2025-10-21 12:38:40,2025-10-21 12:38:40
224,964,429,5,"Decent, but I have seen better.",2025-07-08 04:08:34,2025-07-08 04:08:34,2025-07-08 04:08:34
225,350,157,1,One of the better titles in this category.,2026-04-05 17:40:52,2026-04-05 17:40:52,2026-04-05 17:40:52
226,48,26,4,Loved the soundtrack and visuals.,2026-03-27 16:30:28,2026-03-27 16:30:28,2026-03-27 16:30:28
227,985,541,5,"Decent, but I have seen better.",2025-08-24 17:32:26,2025-08-24 17:32:26,2025-08-24 17:32:26
228,396,542,3,"Solid entry, will check out more from this title.",2025-07-18 16:09:35,2025-07-18 16:09:35,2025-07-18 16:09:35
229,15,209,5,"Decent, but I have seen better.",2026-02-05 14:52:06,2026-02-05 14:52:06,2026-02-05 14:52:06
230,120,335,5,,2025-10-14 05:40:50,2025-10-14 05:40:50,2025-10-14 05:40:50
231,40,134,4,Loved the soundtrack and visuals.,2025-06-18 13:12:16,2025-06-18 13:12:16,2025-06-18 13:12:16
232,722,565,5,Loved the soundtrack and visuals.,2025-07-20 03:59:44,2025-07-20 03:59:44,2025-07-20 03:59:44
233,21,270,2,One of the better titles in this category.,2025-09-28 13:34:13,2025-09-28 13:34:13,2025-09-28 13:34:13
234,42,246,4,Really enjoyed the pacing and the cast.,2026-03-22 18:06:42,2026-03-22 18:06:42,2026-03-22 18:06:42
235,124,99,4,"Not what I expected, but still worth it.",2025-08-16 02:48:38,2025-08-16 02:48:38,2025-08-16 02:48:38
236,765,274,3,"Solid entry, will check out more from this title.",2026-05-03 17:40:24,2026-05-03 17:40:24,2026-05-03 17:40:24
237,368,561,3,One of the better titles in this category.,2025-06-14 20:17:19,2025-06-14 20:17:19,2025-06-14 20:17:19
238,924,241,4,Loved the soundtrack and visuals.,2026-05-05 10:25:14,2026-05-05 10:25:14,2026-05-05 10:25:14
239,808,325,4,One of the better titles in this category.,2026-01-29 12:14:48,2026-01-29 12:14:48,2026-01-29 12:14:48
240,938,227,4,Didn't fully connect with the storyline.,2025-10-31 15:45:04,2025-10-31 15:45:04,2025-10-31 15:45:04
241,231,447,5,Really enjoyed the pacing and the cast.,2025-08-11 12:24:07,2025-08-11 12:24:07,2025-08-11 12:24:07
242,932,444,3,Really enjoyed the pacing and the cast.,2026-03-10 17:40:05,2026-03-10 17:40:05,2026-03-10 17:40:05
243,151,484,3,"Solid entry, will check out more from this title.",2026-04-09 19:00:31,2026-04-09 19:00:31,2026-04-09 19:00:31
244,316,486,4,"Decent, but I have seen better.",2026-05-13 09:07:35,2026-05-13 09:07:35,2026-05-13 09:07:35
245,922,265,4,"Great picture quality, average story.",2026-04-03 18:34:29,2026-04-03 18:34:29,2026-04-03 18:34:29
246,351,199,4,Loved the soundtrack and visuals.,2025-10-10 15:49:52,2025-10-10 15:49:52,2025-10-10 15:49:52
247,144,451,5,Would recommend to a friend.,2026-02-27 06:43:38,2026-02-27 06:43:38,2026-02-27 06:43:38
248,65,93,5,Really enjoyed the pacing and the cast.,2026-05-03 05:00:45,2026-05-03 05:00:45,2026-05-03 05:00:45
249,327,368,5,"Solid entry, will check out more from this title.",2025-08-28 03:50:29,2025-08-28 03:50:29,2025-08-28 03:50:29
250,494,554,5,"Great picture quality, average story.",2026-04-07 12:26:25,2026-04-07 12:26:25,2026-04-07 12:26:25
251,351,7,4,Loved the soundtrack and visuals.,2026-03-05 14:48:46,2026-03-05 14:48:46,2026-03-05 14:48:46
252,848,226,3,Loved the soundtrack and visuals.,2025-11-05 08:04:12,2025-11-05 08:04:12,2025-11-05 08:04:12
253,21,578,5,Really enjoyed the pacing and the cast.,2025-09-27 13:02:36,2025-09-27 13:02:36,2025-09-27 13:02:36
254,389,303,5,One of the better titles in this category.,2026-05-16 04:58:49,2026-05-16 04:58:49,2026-05-16 04:58:49
255,532,542,1,Really enjoyed the pacing and the cast.,2025-07-16 05:39:22,2025-07-16 05:39:22,2025-07-16 05:39:22
256,778,570,4,"Not what I expected, but still worth it.",2025-09-09 00:31:51,2025-09-09 00:31:51,2025-09-09 00:31:51
257,947,464,2,"Solid entry, will check out more from this title.",2025-09-02 10:53:33,2025-09-02 10:53:33,2025-09-02 10:53:33
258,680,527,5,One of the better titles in this category.,2026-04-19 06:15:42,2026-04-19 06:15:42,2026-04-19 06:15:42
259,358,385,4,A bit slow to start but picked up later.,2026-01-31 14:33:37,2026-01-31 14:33:37,2026-01-31 14:33:37
260,652,205,4,"Decent, but I have seen better.",2026-03-18 20:11:47,2026-03-18 20:11:47,2026-03-18 20:11:47
261,735,407,1,,2025-12-01 16:30:09,2025-12-01 16:30:09,2025-12-01 16:30:09
262,591,230,2,One of the better titles in this category.,2026-05-13 23:54:58,2026-05-13 23:54:58,2026-05-13 23:54:58
263,855,333,4,"Great picture quality, average story.",2025-12-07 00:31:09,2025-12-07 00:31:09,2025-12-07 00:31:09
264,53,174,5,"Great picture quality, average story.",2025-06-15 11:38:44,2025-06-15 11:38:44,2025-06-15 11:38:44
265,972,303,3,Really enjoyed the pacing and the cast.,2026-03-19 03:53:47,2026-03-19 03:53:47,2026-03-19 03:53:47
266,228,296,5,Loved the soundtrack and visuals.,2026-04-18 11:32:45,2026-04-18 11:32:45,2026-04-18 11:32:45
267,958,355,5,Would recommend to a friend.,2026-05-27 16:01:26,2026-05-27 16:01:26,2026-05-27 16:01:26
268,643,566,4,"Solid entry, will check out more from this title.",2026-02-14 14:18:31,2026-02-14 14:18:31,2026-02-14 14:18:31
269,755,211,5,Didn't fully connect with the storyline.,2025-08-17 01:53:41,2025-08-17 01:53:41,2025-08-17 01:53:41
270,308,58,3,"Solid entry, will check out more from this title.",2026-02-03 14:52:38,2026-02-03 14:52:38,2026-02-03 14:52:38
271,744,130,2,Didn't fully connect with the storyline.,2026-04-03 06:17:33,2026-04-03 06:17:33,2026-04-03 06:17:33
272,965,430,5,"Not what I expected, but still worth it.",2025-07-31 19:31:01,2025-07-31 19:31:01,2025-07-31 19:31:01
273,564,337,4,Really enjoyed the pacing and the cast.,2025-08-04 20:28:18,2025-08-04 20:28:18,2025-08-04 20:28:18
274,681,64,5,Loved the soundtrack and visuals.,2026-02-05 19:33:03,2026-02-05 19:33:03,2026-02-05 19:33:03
275,650,234,4,A bit slow to start but picked up later.,2025-12-29 01:12:03,2025-12-29 01:12:03,2025-12-29 01:12:03
276,624,247,3,Would recommend to a friend.,2025-12-18 05:27:27,2025-12-18 05:27:27,2025-12-18 05:27:27
277,652,424,3,"Solid entry, will check out more from this title.",2026-02-04 00:58:49,2026-02-04 00:58:49,2026-02-04 00:58:49
278,482,360,5,Loved the soundtrack and visuals.,2026-05-08 15:53:08,2026-05-08 15:53:08,2026-05-08 15:53:08
279,265,411,3,Would recommend to a friend.,2026-04-22 02:49:15,2026-04-22 02:49:15,2026-04-22 02:49:15
280,38,53,3,Really enjoyed the pacing and the cast.,2026-02-09 05:05:54,2026-02-09 05:05:54,2026-02-09 05:05:54
281,665,390,5,Really enjoyed the pacing and the cast.,2025-08-15 22:13:23,2025-08-15 22:13:23,2025-08-15 22:13:23
282,317,148,5,"Solid entry, will check out more from this title.",2026-03-30 01:56:42,2026-03-30 01:56:42,2026-03-30 01:56:42
283,193,535,5,"Great picture quality, average story.",2025-06-09 02:15:14,2025-06-09 02:15:14,2025-06-09 02:15:14
284,496,206,5,Would recommend to a friend.,2025-11-18 06:45:59,2025-11-18 06:45:59,2025-11-18 06:45:59
285,143,340,4,One of the better titles in this category.,2025-11-02 20:45:18,2025-11-02 20:45:18,2025-11-02 20:45:18
286,255,58,3,Didn't fully connect with the storyline.,2026-02-19 03:52:26,2026-02-19 03:52:26,2026-02-19 03:52:26
287,4,3,5,Didn't fully connect with the storyline.,2026-04-27 02:24:58,2026-04-27 02:24:58,2026-04-27 02:24:58
288,212,462,5,"Solid entry, will check out more from this title.",2026-05-09 06:51:03,2026-05-09 06:51:03,2026-05-09 06:51:03
289,476,234,4,Loved the soundtrack and visuals.,2025-06-07 18:58:00,2025-06-07 18:58:00,2025-06-07 18:58:00
290,771,54,5,"Decent, but I have seen better.",2025-08-30 07:19:26,2025-08-30 07:19:26,2025-08-30 07:19:26
291,883,483,3,"Decent, but I have seen better.",2026-05-21 01:40:00,2026-05-21 01:40:00,2026-05-21 01:40:00
292,740,184,2,Really enjoyed the pacing and the cast.,2026-02-08 20:35:10,2026-02-08 20:35:10,2026-02-08 20:35:10
293,254,292,4,"Solid entry, will check out more from this title.",2025-09-05 07:30:26,2025-09-05 07:30:26,2025-09-05 07:30:26
294,34,70,4,Would recommend to a friend.,2025-07-27 23:39:55,2025-07-27 23:39:55,2025-07-27 23:39:55
295,562,6,4,"Decent, but I have seen better.",2026-03-10 07:01:00,2026-03-10 07:01:00,2026-03-10 07:01:00
296,154,339,5,"Solid entry, will check out more from this title.",2025-10-05 23:08:52,2025-10-05 23:08:52,2025-10-05 23:08:52
297,279,255,4,One of the better titles in this category.,2026-02-09 17:05:38,2026-02-09 17:05:38,2026-02-09 17:05:38
298,413,470,5,Loved the soundtrack and visuals.,2025-07-07 14:46:38,2025-07-07 14:46:38,2025-07-07 14:46:38
299,510,148,4,A bit slow to start but picked up later.,2025-06-11 06:21:36,2025-06-11 06:21:36,2025-06-11 06:21:36
300,65,521,4,Really enjoyed the pacing and the cast.,2025-06-28 21:25:24,2025-06-28 21:25:24,2025-06-28 21:25:24
301,794,483,5,"Solid entry, will check out more from this title.",2026-01-23 07:42:36,2026-01-23 07:42:36,2026-01-23 07:42:36
302,558,525,4,Loved the soundtrack and visuals.,2026-04-25 10:25:38,2026-04-25 10:25:38,2026-04-25 10:25:38
303,507,306,3,A bit slow to start but picked up later.,2025-11-21 13:40:24,2025-11-21 13:40:24,2025-11-21 13:40:24
304,240,273,5,"Decent, but I have seen better.",2025-08-22 12:15:06,2025-08-22 12:15:06,2025-08-22 12:15:06
305,537,503,4,Would recommend to a friend.,2025-08-24 06:35:40,2025-08-24 06:35:40,2025-08-24 06:35:40
306,306,199,4,Didn't fully connect with the storyline.,2026-03-01 18:44:57,2026-03-01 18:44:57,2026-03-01 18:44:57
307,399,231,5,"Solid entry, will check out more from this title.",2025-10-31 18:53:15,2025-10-31 18:53:15,2025-10-31 18:53:15
308,783,516,5,"Solid entry, will check out more from this title.",2025-10-26 23:46:54,2025-10-26 23:46:54,2025-10-26 23:46:54
309,56,311,4,Loved the soundtrack and visuals.,2025-09-22 11:19:04,2025-09-22 11:19:04,2025-09-22 11:19:04
310,743,59,5,Loved the soundtrack and visuals.,2026-03-30 03:59:21,2026-03-30 03:59:21,2026-03-30 03:59:21
311,633,577,3,One of the better titles in this category.,2025-10-10 19:05:22,2025-10-10 19:05:22,2025-10-10 19:05:22
312,558,472,4,One of the better titles in this category.,2025-06-22 12:27:39,2025-06-22 12:27:39,2025-06-22 12:27:39
313,38,480,5,Didn't fully connect with the storyline.,2025-07-27 21:58:31,2025-07-27 21:58:31,2025-07-27 21:58:31
314,511,32,5,Didn't fully connect with the storyline.,2025-08-24 18:40:40,2025-08-24 18:40:40,2025-08-24 18:40:40
315,659,550,4,Didn't fully connect with the storyline.,2025-06-06 12:00:41,2025-06-06 12:00:41,2025-06-06 12:00:41
316,375,66,4,"Decent, but I have seen better.",2025-09-13 05:56:37,2025-09-13 05:56:37,2025-09-13 05:56:37
317,498,58,0,Really enjoyed the pacing and the cast.,2026-01-09 11:13:21,2026-01-09 11:13:21,2026-01-09 11:13:21
318,54,367,2,"Decent, but I have seen better.",2025-08-30 04:51:03,2025-08-30 04:51:03,2025-08-30 04:51:03
319,198,421,4,Didn't fully connect with the storyline.,2026-05-06 00:30:12,2026-05-06 00:30:12,2026-05-06 00:30:12
320,760,19,5,Really enjoyed the pacing and the cast.,2026-01-26 01:12:08,2026-01-26 01:12:08,2026-01-26 01:12:08
321,868,115,4,Would recommend to a friend.,2025-07-30 22:08:57,2025-07-30 22:08:57,2025-07-30 22:08:57
322,160,566,5,A bit slow to start but picked up later.,2025-11-02 21:08:49,2025-11-02 21:08:49,2025-11-02 21:08:49
323,659,60,2,Didn't fully connect with the storyline.,2025-10-17 11:40:45,2025-10-17 11:40:45,2025-10-17 11:40:45
324,899,521,5,Really enjoyed the pacing and the cast.,2025-10-12 10:32:07,2025-10-12 10:32:07,2025-10-12 10:32:07
325,288,279,5,Would recommend to a friend.,2025-08-04 02:27:51,2025-08-04 02:27:51,2025-08-04 02:27:51
326,809,584,4,Didn't fully connect with the storyline.,2025-11-26 04:50:46,2025-11-26 04:50:46,2025-11-26 04:50:46
327,3,361,4,"Solid entry, will check out more from this title.",2025-09-20 04:39:48,2025-09-20 04:39:48,2025-09-20 04:39:48
328,115,359,4,"Solid entry, will check out more from this title.",2025-08-07 16:32:34,2025-08-07 16:32:34,2025-08-07 16:32:34
329,528,175,5,A bit slow to start but picked up later.,2026-05-12 04:25:14,2026-05-12 04:25:14,2026-05-12 04:25:14
330,838,565,5,Didn't fully connect with the storyline.,2026-05-02 10:15:26,2026-05-02 10:15:26,2026-05-02 10:15:26
331,890,49,4,,2026-05-10 09:07:29,2026-05-10 09:07:29,2026-05-10 09:07:29
332,403,521,4,"Not what I expected, but still worth it.",2026-04-26 23:17:48,2026-04-26 23:17:48,2026-04-26 23:17:48
333,415,172,2,"Solid entry, will check out more from this title.",2026-03-28 09:52:41,2026-03-28 09:52:41,2026-03-28 09:52:41
334,206,139,4,Really enjoyed the pacing and the cast.,2026-04-17 17:53:50,2026-04-17 17:53:50,2026-04-17 17:53:50
335,999,512,5,Would recommend to a friend.,2026-05-19 21:13:25,2026-05-19 21:13:25,2026-05-19 21:13:25
336,521,102,4,Would recommend to a friend.,2025-10-11 03:12:50,2025-10-11 03:12:50,2025-10-11 03:12:50
337,175,246,2,"Great picture quality, average story.",2026-01-10 22:57:13,2026-01-10 22:57:13,2026-01-10 22:57:13
338,74,414,5,"Great picture quality, average story.",2025-07-30 05:15:53,2025-07-30 05:15:53,2025-07-30 05:15:53
339,590,213,2,Didn't fully connect with the storyline.,2025-06-14 14:35:53,2025-06-14 14:35:53,2025-06-14 14:35:53
340,909,130,4,Loved the soundtrack and visuals.,2026-03-18 00:26:01,2026-03-18 00:26:01,2026-03-18 00:26:01
341,21,556,3,"Great picture quality, average story.",2026-02-28 13:54:38,2026-02-28 13:54:38,2026-02-28 13:54:38
342,656,40,3,"Decent, but I have seen better.",2025-12-22 17:00:54,2025-12-22 17:00:54,2025-12-22 17:00:54
343,559,33,5,"Not what I expected, but still worth it.",2025-07-03 19:34:17,2025-07-03 19:34:17,2025-07-03 19:34:17
344,683,569,4,"Solid entry, will check out more from this title.",2025-11-23 19:24:11,2025-11-23 19:24:11,2025-11-23 19:24:11
345,517,153,2,,2025-11-26 21:06:13,2025-11-26 21:06:13,2025-11-26 21:06:13
346,571,413,5,Didn't fully connect with the storyline.,2025-07-19 14:38:57,2025-07-19 14:38:57,2025-07-19 14:38:57
347,390,525,4,Loved the soundtrack and visuals.,2026-04-18 14:37:15,2026-04-18 14:37:15,2026-04-18 14:37:15
348,204,11,5,Really enjoyed the pacing and the cast.,2025-11-04 19:26:55,2025-11-04 19:26:55,2025-11-04 19:26:55
349,713,519,5,"Great picture quality, average story.",2025-10-12 04:11:25,2025-10-12 04:11:25,2025-10-12 04:11:25
350,462,176,3,"Decent, but I have seen better.",2026-01-13 14:49:43,2026-01-13 14:49:43,2026-01-13 14:49:43
351,300,439,4,Loved the soundtrack and visuals.,2025-09-30 19:49:02,2025-09-30 19:49:02,2025-09-30 19:49:02
352,485,44,1,"Solid entry, will check out more from this title.",2026-01-04 10:29:33,2026-01-04 10:29:33,2026-01-04 10:29:33
353,192,281,5,"Great picture quality, average story.",2025-09-08 20:58:54,2025-09-08 20:58:54,2025-09-08 20:58:54
354,35,18,3,Really enjoyed the pacing and the cast.,2025-11-05 19:20:39,2025-11-05 19:20:39,2025-11-05 19:20:39
355,198,553,3,"Great picture quality, average story.",2025-10-09 16:15:31,2025-10-09 16:15:31,2025-10-09 16:15:31
356,427,440,4,A bit slow to start but picked up later.,2026-05-09 23:21:03,2026-05-09 23:21:03,2026-05-09 23:21:03
357,803,556,4,Loved the soundtrack and visuals.,2025-06-30 06:59:30,2025-06-30 06:59:30,2025-06-30 06:59:30
358,7,89,5,Really enjoyed the pacing and the cast.,2026-03-12 14:47:56,2026-03-12 14:47:56,2026-03-12 14:47:56
359,10,543,4,"Solid entry, will check out more from this title.",2026-02-02 13:12:01,2026-02-02 13:12:01,2026-02-02 13:12:01
360,930,219,4,Didn't fully connect with the storyline.,2025-07-14 18:21:26,2025-07-14 18:21:26,2025-07-14 18:21:26
361,343,501,3,"Solid entry, will check out more from this title.",2026-02-11 01:18:15,2026-02-11 01:18:15,2026-02-11 01:18:15
362,750,348,5,"Great picture quality, average story.",2026-04-11 15:35:51,2026-04-11 15:35:51,2026-04-11 15:35:51
363,563,252,4,"Decent, but I have seen better.",2025-06-09 14:01:09,2025-06-09 14:01:09,2025-06-09 14:01:09
364,731,385,5,"Decent, but I have seen better.",2025-07-18 22:58:07,2025-07-18 22:58:07,2025-07-18 22:58:07
365,623,109,4,Didn't fully connect with the storyline.,2025-12-01 00:48:31,2025-12-01 00:48:31,2025-12-01 00:48:31
366,713,308,5,Didn't fully connect with the storyline.,2025-12-14 22:22:02,2025-12-14 22:22:02,2025-12-14 22:22:02
367,986,4,5,,2026-01-22 17:20:06,2026-01-22 17:20:06,2026-01-22 17:20:06
368,950,223,5,Would recommend to a friend.,2025-07-15 10:30:25,2025-07-15 10:30:25,2025-07-15 10:30:25
369,368,587,4,One of the better titles in this category.,2026-03-27 20:05:10,2026-03-27 20:05:10,2026-03-27 20:05:10
370,953,374,4,A bit slow to start but picked up later.,2025-11-25 05:04:37,2025-11-25 05:04:37,2025-11-25 05:04:37
371,810,44,5,A bit slow to start but picked up later.,2026-04-03 20:54:21,2026-04-03 20:54:21,2026-04-03 20:54:21
372,573,507,5,"Great picture quality, average story.",2025-12-23 18:35:03,2025-12-23 18:35:03,2025-12-23 18:35:03
373,920,518,5,"Decent, but I have seen better.",2025-11-11 15:09:17,2025-11-11 15:09:17,2025-11-11 15:09:17
374,667,250,3,Loved the soundtrack and visuals.,2025-09-18 06:32:45,2025-09-18 06:32:45,2025-09-18 06:32:45
375,138,170,4,One of the better titles in this category.,2025-10-02 16:06:15,2025-10-02 16:06:15,2025-10-02 16:06:15
376,791,568,3,"Not what I expected, but still worth it.",2025-08-18 12:23:05,2025-08-18 12:23:05,2025-08-18 12:23:05
377,866,90,5,"Solid entry, will check out more from this title.",2025-11-01 16:47:26,2025-11-01 16:47:26,2025-11-01 16:47:26
378,380,165,4,"Not what I expected, but still worth it.",2026-05-04 06:14:58,2026-05-04 06:14:58,2026-05-04 06:14:58
379,659,72,5,Would recommend to a friend.,2026-01-30 21:46:48,2026-01-30 21:46:48,2026-01-30 21:46:48
380,784,71,5,"Not what I expected, but still worth it.",2025-08-26 20:08:28,2025-08-26 20:08:28,2025-08-26 20:08:28
381,276,511,3,"Great picture quality, average story.",2025-08-28 01:43:42,2025-08-28 01:43:42,2025-08-28 01:43:42
382,474,335,5,A bit slow to start but picked up later.,2025-10-06 21:41:38,2025-10-06 21:41:38,2025-10-06 21:41:38
383,751,4,5,Loved the soundtrack and visuals.,2026-01-28 14:41:15,2026-01-28 14:41:15,2026-01-28 14:41:15
384,135,59,4,Didn't fully connect with the storyline.,2025-07-19 22:01:49,2025-07-19 22:01:49,2025-07-19 22:01:49
385,213,301,5,"Solid entry, will check out more from this title.",2026-01-11 23:58:04,2026-01-11 23:58:04,2026-01-11 23:58:04
386,590,77,5,"Great picture quality, average story.",2025-09-19 07:43:14,2025-09-19 07:43:14,2025-09-19 07:43:14
387,578,347,3,Didn't fully connect with the storyline.,2025-12-06 04:55:03,2025-12-06 04:55:03,2025-12-06 04:55:03
388,824,546,5,"Not what I expected, but still worth it.",2026-02-24 04:17:52,2026-02-24 04:17:52,2026-02-24 04:17:52
389,494,568,4,One of the better titles in this category.,2026-02-18 11:56:42,2026-02-18 11:56:42,2026-02-18 11:56:42
390,596,455,4,Didn't fully connect with the storyline.,2025-09-28 09:46:30,2025-09-28 09:46:30,2025-09-28 09:46:30
391,425,237,5,Didn't fully connect with the storyline.,2025-09-30 05:29:49,2025-09-30 05:29:49,2025-09-30 05:29:49
392,752,557,5,A bit slow to start but picked up later.,2026-04-07 20:23:21,2026-04-07 20:23:21,2026-04-07 20:23:21
393,660,510,4,Didn't fully connect with the storyline.,2025-11-01 11:11:42,2025-11-01 11:11:42,2025-11-01 11:11:42
394,734,191,5,"Solid entry, will check out more from this title.",2026-03-02 19:13:17,2026-03-02 19:13:17,2026-03-02 19:13:17
395,658,72,4,"Great picture quality, average story.",2025-12-03 04:15:14,2025-12-03 04:15:14,2025-12-03 04:15:14
396,592,125,5,"Solid entry, will check out more from this title.",2025-09-23 21:19:14,2025-09-23 21:19:14,2025-09-23 21:19:14
397,352,491,5,One of the better titles in this category.,2025-08-30 13:23:03,2025-08-30 13:23:03,2025-08-30 13:23:03
398,215,33,5,A bit slow to start but picked up later.,2026-04-02 18:42:36,2026-04-02 18:42:36,2026-04-02 18:42:36
399,598,588,4,Really enjoyed the pacing and the cast.,2025-08-27 01:21:00,2025-08-27 01:21:00,2025-08-27 01:21:00
400,881,582,5,Loved the soundtrack and visuals.,2025-12-03 12:02:18,2025-12-03 12:02:18,2025-12-03 12:02:18
401,430,598,5,A bit slow to start but picked up later.,2025-08-12 18:25:47,2025-08-12 18:25:47,2025-08-12 18:25:47
402,716,102,5,Would recommend to a friend.,2025-06-20 13:13:56,2025-06-20 13:13:56,2025-06-20 13:13:56
403,766,451,1,"Great picture quality, average story.",2025-07-23 16:39:48,2025-07-23 16:39:48,2025-07-23 16:39:48
404,240,370,4,One of the better titles in this category.,2025-10-18 00:47:36,2025-10-18 00:47:36,2025-10-18 00:47:36
405,484,172,5,"Solid entry, will check out more from this title.",2026-01-23 12:06:32,2026-01-23 12:06:32,2026-01-23 12:06:32
406,935,182,4,"Great picture quality, average story.",2026-04-21 21:44:03,2026-04-21 21:44:03,2026-04-21 21:44:03
407,561,53,5,"Not what I expected, but still worth it.",2025-11-26 06:35:51,2025-11-26 06:35:51,2025-11-26 06:35:51
408,626,526,5,Didn't fully connect with the storyline.,2025-08-14 13:26:11,2025-08-14 13:26:11,2025-08-14 13:26:11
409,612,293,5,"Decent, but I have seen better.",2025-10-18 19:43:03,2025-10-18 19:43:03,2025-10-18 19:43:03
410,785,193,3,"Solid entry, will check out more from this title.",2025-12-19 19:55:40,2025-12-19 19:55:40,2025-12-19 19:55:40
411,612,54,2,Loved the soundtrack and visuals.,2025-07-31 20:56:50,2025-07-31 20:56:50,2025-07-31 20:56:50
412,245,577,5,Really enjoyed the pacing and the cast.,2026-04-11 01:51:26,2026-04-11 01:51:26,2026-04-11 01:51:26
413,942,298,4,"Decent, but I have seen better.",2025-12-08 05:30:52,2025-12-08 05:30:52,2025-12-08 05:30:52
414,569,541,5,"Solid entry, will check out more from this title.",2025-07-16 20:26:35,2025-07-16 20:26:35,2025-07-16 20:26:35
415,513,587,5,"Great picture quality, average story.",2025-08-07 00:35:39,2025-08-07 00:35:39,2025-08-07 00:35:39
416,741,395,5,"Decent, but I have seen better.",2025-08-29 12:34:37,2025-08-29 12:34:37,2025-08-29 12:34:37
417,777,286,4,Loved the soundtrack and visuals.,2025-12-23 16:56:35,2025-12-23 16:56:35,2025-12-23 16:56:35
418,283,548,3,"Great picture quality, average story.",2025-09-18 10:06:32,2025-09-18 10:06:32,2025-09-18 10:06:32
419,893,494,4,Didn't fully connect with the storyline.,2026-03-06 06:47:47,2026-03-06 06:47:47,2026-03-06 06:47:47
420,510,166,4,Would recommend to a friend.,2025-11-03 17:50:23,2025-11-03 17:50:23,2025-11-03 17:50:23
421,687,174,5,"Not what I expected, but still worth it.",2026-01-17 12:55:52,2026-01-17 12:55:52,2026-01-17 12:55:52
422,94,596,5,"Decent, but I have seen better.",2025-06-18 20:19:13,2025-06-18 20:19:13,2025-06-18 20:19:13
423,253,545,4,"Solid entry, will check out more from this title.",2025-11-09 19:55:48,2025-11-09 19:55:48,2025-11-09 19:55:48
424,411,557,5,"Decent, but I have seen better.",2026-04-02 00:52:05,2026-04-02 00:52:05,2026-04-02 00:52:05
425,908,586,5,"Not what I expected, but still worth it.",2026-01-26 04:40:26,2026-01-26 04:40:26,2026-01-26 04:40:26
426,564,142,5,One of the better titles in this category.,2025-08-18 11:55:14,2025-08-18 11:55:14,2025-08-18 11:55:14
427,156,356,5,Would recommend to a friend.,2026-04-03 13:29:38,2026-04-03 13:29:38,2026-04-03 13:29:38
428,3,446,5,"Great picture quality, average story.",2026-05-09 18:09:23,2026-05-09 18:09:23,2026-05-09 18:09:23
429,508,479,1,"Solid entry, will check out more from this title.",2025-10-21 03:59:44,2025-10-21 03:59:44,2025-10-21 03:59:44
430,335,517,1,"Great picture quality, average story.",2026-03-03 19:42:07,2026-03-03 19:42:07,2026-03-03 19:42:07
431,905,313,4,,2026-01-25 22:58:07,2026-01-25 22:58:07,2026-01-25 22:58:07
432,891,22,5,Really enjoyed the pacing and the cast.,2026-01-28 19:58:30,2026-01-28 19:58:30,2026-01-28 19:58:30
433,159,516,4,Didn't fully connect with the storyline.,2025-12-04 07:37:47,2025-12-04 07:37:47,2025-12-04 07:37:47
434,605,131,4,Didn't fully connect with the storyline.,2025-10-23 14:14:54,2025-10-23 14:14:54,2025-10-23 14:14:54
435,297,348,5,"Solid entry, will check out more from this title.",2026-04-13 21:04:43,2026-04-13 21:04:43,2026-04-13 21:04:43
436,902,114,5,Loved the soundtrack and visuals.,2025-08-16 14:58:00,2025-08-16 14:58:00,2025-08-16 14:58:00
437,263,507,4,Didn't fully connect with the storyline.,2026-03-08 11:49:09,2026-03-08 11:49:09,2026-03-08 11:49:09
438,35,425,3,"Solid entry, will check out more from this title.",2026-02-14 02:10:35,2026-02-14 02:10:35,2026-02-14 02:10:35
439,338,233,4,Didn't fully connect with the storyline.,2026-04-18 14:05:13,2026-04-18 14:05:13,2026-04-18 14:05:13
440,70,76,4,"Decent, but I have seen better.",2025-08-07 13:59:45,2025-08-07 13:59:45,2025-08-07 13:59:45
441,716,254,4,Didn't fully connect with the storyline.,2025-08-05 20:11:13,2025-08-05 20:11:13,2025-08-05 20:11:13
442,223,257,3,A bit slow to start but picked up later.,2026-01-12 06:04:24,2026-01-12 06:04:24,2026-01-12 06:04:24
443,564,107,5,Would recommend to a friend.,2026-04-27 22:58:31,2026-04-27 22:58:31,2026-04-27 22:58:31
444,646,522,5,"Great picture quality, average story.",2026-04-29 09:27:03,2026-04-29 09:27:03,2026-04-29 09:27:03
445,188,238,1,A bit slow to start but picked up later.,2025-11-07 13:42:35,2025-11-07 13:42:35,2025-11-07 13:42:35
446,668,201,5,"Solid entry, will check out more from this title.",2025-11-23 16:37:00,2025-11-23 16:37:00,2025-11-23 16:37:00
447,461,180,5,"Solid entry, will check out more from this title.",2026-04-20 05:54:59,2026-04-20 05:54:59,2026-04-20 05:54:59
448,388,381,1,Would recommend to a friend.,2025-10-17 11:45:46,2025-10-17 11:45:46,2025-10-17 11:45:46
449,168,119,5,"Great picture quality, average story.",2025-08-29 08:09:40,2025-08-29 08:09:40,2025-08-29 08:09:40
450,323,54,4,Loved the soundtrack and visuals.,2026-03-31 23:27:11,2026-03-31 23:27:11,2026-03-31 23:27:11
451,952,329,5,Would recommend to a friend.,2026-04-06 18:39:35,2026-04-06 18:39:35,2026-04-06 18:39:35
452,140,143,5,One of the better titles in this category.,2025-10-05 08:33:49,2025-10-05 08:33:49,2025-10-05 08:33:49
453,774,511,4,"Solid entry, will check out more from this title.",2025-09-25 16:17:57,2025-09-25 16:17:57,2025-09-25 16:17:57
454,16,238,0,"Great picture quality, average story.",2025-08-28 04:21:17,2025-08-28 04:21:17,2025-08-28 04:21:17
455,891,60,5,"Not what I expected, but still worth it.",2025-08-25 08:24:04,2025-08-25 08:24:04,2025-08-25 08:24:04
456,670,528,4,"Decent, but I have seen better.",2026-04-09 23:17:50,2026-04-09 23:17:50,2026-04-09 23:17:50
457,874,413,4,"Great picture quality, average story.",2025-11-22 23:43:11,2025-11-22 23:43:11,2025-11-22 23:43:11
458,977,285,5,Didn't fully connect with the storyline.,2026-03-21 04:39:17,2026-03-21 04:39:17,2026-03-21 04:39:17
459,551,274,5,"Not what I expected, but still worth it.",2025-12-05 18:02:05,2025-12-05 18:02:05,2025-12-05 18:02:05
460,254,195,5,"Not what I expected, but still worth it.",2026-03-08 21:57:45,2026-03-08 21:57:45,2026-03-08 21:57:45
461,538,449,4,A bit slow to start but picked up later.,2025-06-18 20:25:23,2025-06-18 20:25:23,2025-06-18 20:25:23
462,745,50,3,"Not what I expected, but still worth it.",2026-01-10 14:32:54,2026-01-10 14:32:54,2026-01-10 14:32:54
463,837,547,3,"Great picture quality, average story.",2025-06-30 18:27:08,2025-06-30 18:27:08,2025-06-30 18:27:08
464,517,260,4,One of the better titles in this category.,2025-06-16 02:42:08,2025-06-16 02:42:08,2025-06-16 02:42:08
465,754,520,5,Loved the soundtrack and visuals.,2025-07-02 23:41:05,2025-07-02 23:41:05,2025-07-02 23:41:05
466,153,85,4,One of the better titles in this category.,2025-11-17 07:50:34,2025-11-17 07:50:34,2025-11-17 07:50:34
467,63,567,4,Really enjoyed the pacing and the cast.,2025-11-29 11:04:06,2025-11-29 11:04:06,2025-11-29 11:04:06
468,108,281,5,"Decent, but I have seen better.",2026-02-05 18:08:36,2026-02-05 18:08:36,2026-02-05 18:08:36
469,619,450,4,"Great picture quality, average story.",2026-04-24 06:16:01,2026-04-24 06:16:01,2026-04-24 06:16:01
470,914,216,3,"Decent, but I have seen better.",2026-05-06 22:24:28,2026-05-06 22:24:28,2026-05-06 22:24:28
471,422,378,5,"Great picture quality, average story.",2025-10-12 21:01:47,2025-10-12 21:01:47,2025-10-12 21:01:47
472,630,491,4,Didn't fully connect with the storyline.,2026-05-17 08:32:40,2026-05-17 08:32:40,2026-05-17 08:32:40
473,405,194,1,Loved the soundtrack and visuals.,2025-06-06 05:03:21,2025-06-06 05:03:21,2025-06-06 05:03:21
474,376,335,4,Really enjoyed the pacing and the cast.,2025-06-10 04:38:34,2025-06-10 04:38:34,2025-06-10 04:38:34
475,740,8,5,One of the better titles in this category.,2025-09-30 16:47:43,2025-09-30 16:47:43,2025-09-30 16:47:43
476,523,50,3,One of the better titles in this category.,2025-10-15 16:34:33,2025-10-15 16:34:33,2025-10-15 16:34:33
477,229,161,4,A bit slow to start but picked up later.,2025-11-09 18:45:45,2025-11-09 18:45:45,2025-11-09 18:45:45
478,208,321,4,One of the better titles in this category.,2025-12-13 01:39:29,2025-12-13 01:39:29,2025-12-13 01:39:29
479,717,228,5,"Solid entry, will check out more from this title.",2025-06-30 15:53:24,2025-06-30 15:53:24,2025-06-30 15:53:24
480,767,264,3,"Decent, but I have seen better.",2025-08-06 06:06:38,2025-08-06 06:06:38,2025-08-06 06:06:38
481,997,442,5,A bit slow to start but picked up later.,2026-01-12 03:34:57,2026-01-12 03:34:57,2026-01-12 03:34:57
482,409,82,5,"Solid entry, will check out more from this title.",2026-01-30 11:13:45,2026-01-30 11:13:45,2026-01-30 11:13:45
483,706,25,3,Would recommend to a friend.,2025-06-10 14:02:51,2025-06-10 14:02:51,2025-06-10 14:02:51
484,13,384,4,Didn't fully connect with the storyline.,2026-03-28 04:33:07,2026-03-28 04:33:07,2026-03-28 04:33:07
485,767,447,3,One of the better titles in this category.,2026-03-18 10:12:31,2026-03-18 10:12:31,2026-03-18 10:12:31
486,369,260,4,"Not what I expected, but still worth it.",2026-03-30 23:07:58,2026-03-30 23:07:58,2026-03-30 23:07:58
487,555,592,5,Really enjoyed the pacing and the cast.,2025-09-07 23:31:29,2025-09-07 23:31:29,2025-09-07 23:31:29
488,410,498,4,"Not what I expected, but still worth it.",2025-10-11 00:48:22,2025-10-11 00:48:22,2025-10-11 00:48:22
489,680,336,5,Would recommend to a friend.,2026-01-05 10:11:59,2026-01-05 10:11:59,2026-01-05 10:11:59
490,385,577,4,"Decent, but I have seen better.",2025-10-13 15:37:35,2025-10-13 15:37:35,2025-10-13 15:37:35
491,599,167,4,A bit slow to start but picked up later.,2026-03-11 23:22:55,2026-03-11 23:22:55,2026-03-11 23:22:55
492,696,75,5,"Decent, but I have seen better.",2026-03-14 07:27:54,2026-03-14 07:27:54,2026-03-14 07:27:54
493,819,54,5,Would recommend to a friend.,2026-05-11 23:22:05,2026-05-11 23:22:05,2026-05-11 23:22:05
494,601,563,4,Would recommend to a friend.,2025-12-02 07:18:31,2025-12-02 07:18:31,2025-12-02 07:18:31
495,511,473,3,Didn't fully connect with the storyline.,2026-03-06 13:49:19,2026-03-06 13:49:19,2026-03-06 13:49:19
496,448,89,5,"Solid entry, will check out more from this title.",2025-11-15 21:14:45,2025-11-15 21:14:45,2025-11-15 21:14:45
497,824,19,4,"Not what I expected, but still worth it.",2026-01-01 01:26:40,2026-01-01 01:26:40,2026-01-01 01:26:40
498,111,363,3,"Decent, but I have seen better.",2025-06-29 17:52:13,2025-06-29 17:52:13,2025-06-29 17:52:13
499,375,477,4,"Great picture quality, average story.",2026-04-18 12:04:56,2026-04-18 12:04:56,2026-04-18 12:04:56
500,379,486,5,,2025-09-13 05:47:59,2025-09-13 05:47:59,2025-09-13 05:47:59
501,687,86,4,Loved the soundtrack and visuals.,2026-03-19 12:02:23,2026-03-19 12:02:23,2026-03-19 12:02:23
502,634,459,5,"Great picture quality, average story.",2026-01-27 09:44:47,2026-01-27 09:44:47,2026-01-27 09:44:47
503,791,412,5,"Solid entry, will check out more from this title.",2025-07-09 01:52:32,2025-07-09 01:52:32,2025-07-09 01:52:32
504,578,492,4,Didn't fully connect with the storyline.,2026-03-26 16:01:17,2026-03-26 16:01:17,2026-03-26 16:01:17
505,70,571,4,"Decent, but I have seen better.",2025-11-06 18:21:36,2025-11-06 18:21:36,2025-11-06 18:21:36
506,47,241,4,Would recommend to a friend.,2025-12-21 04:42:32,2025-12-21 04:42:32,2025-12-21 04:42:32
507,186,190,4,A bit slow to start but picked up later.,2026-02-07 07:12:20,2026-02-07 07:12:20,2026-02-07 07:12:20
508,4,156,4,Would recommend to a friend.,2026-03-06 14:04:10,2026-03-06 14:04:10,2026-03-06 14:04:10
509,841,324,4,One of the better titles in this category.,2025-09-21 08:17:32,2025-09-21 08:17:32,2025-09-21 08:17:32
510,26,248,5,Didn't fully connect with the storyline.,2025-09-28 05:47:28,2025-09-28 05:47:28,2025-09-28 05:47:28
511,247,467,3,A bit slow to start but picked up later.,2025-08-03 04:54:22,2025-08-03 04:54:22,2025-08-03 04:54:22
512,407,532,5,"Great picture quality, average story.",2025-12-05 11:06:04,2025-12-05 11:06:04,2025-12-05 11:06:04
513,777,436,4,"Great picture quality, average story.",2025-09-16 21:21:56,2025-09-16 21:21:56,2025-09-16 21:21:56
514,933,197,1,Would recommend to a friend.,2026-03-28 16:28:41,2026-03-28 16:28:41,2026-03-28 16:28:41
515,652,263,4,One of the better titles in this category.,2026-02-23 06:44:16,2026-02-23 06:44:16,2026-02-23 06:44:16
516,209,207,3,"Great picture quality, average story.",2025-09-13 11:50:49,2025-09-13 11:50:49,2025-09-13 11:50:49
517,234,340,4,"Decent, but I have seen better.",2026-02-14 20:35:07,2026-02-14 20:35:07,2026-02-14 20:35:07
518,648,290,5,Really enjoyed the pacing and the cast.,2026-04-03 19:37:47,2026-04-03 19:37:47,2026-04-03 19:37:47
519,377,474,4,Loved the soundtrack and visuals.,2026-05-13 07:45:00,2026-05-13 07:45:00,2026-05-13 07:45:00
520,346,356,4,"Great picture quality, average story.",2026-05-06 23:27:38,2026-05-06 23:27:38,2026-05-06 23:27:38
521,310,289,5,"Great picture quality, average story.",2025-10-21 20:38:10,2025-10-21 20:38:10,2025-10-21 20:38:10
522,85,24,5,"Not what I expected, but still worth it.",2025-12-20 11:51:41,2025-12-20 11:51:41,2025-12-20 11:51:41
523,401,532,4,"Solid entry, will check out more from this title.",2025-12-29 06:13:34,2025-12-29 06:13:34,2025-12-29 06:13:34
524,671,314,5,Really enjoyed the pacing and the cast.,2026-05-17 02:59:45,2026-05-17 02:59:45,2026-05-17 02:59:45
525,435,436,4,"Not what I expected, but still worth it.",2025-06-27 21:45:05,2025-06-27 21:45:05,2025-06-27 21:45:05
526,184,456,5,Would recommend to a friend.,2025-08-08 01:31:08,2025-08-08 01:31:08,2025-08-08 01:31:08
527,689,434,4,A bit slow to start but picked up later.,2026-04-09 10:32:45,2026-04-09 10:32:45,2026-04-09 10:32:45
528,89,279,5,"Solid entry, will check out more from this title.",2026-04-08 20:58:43,2026-04-08 20:58:43,2026-04-08 20:58:43
529,575,21,4,,2026-02-21 06:39:22,2026-02-21 06:39:22,2026-02-21 06:39:22
530,163,413,4,"Great picture quality, average story.",2025-12-26 04:07:01,2025-12-26 04:07:01,2025-12-26 04:07:01
531,121,509,5,"Decent, but I have seen better.",2025-07-29 09:06:12,2025-07-29 09:06:12,2025-07-29 09:06:12
532,655,10,4,One of the better titles in this category.,2025-08-27 10:37:31,2025-08-27 10:37:31,2025-08-27 10:37:31
533,591,155,3,One of the better titles in this category.,2025-09-01 20:09:13,2025-09-01 20:09:13,2025-09-01 20:09:13
534,427,485,5,"Not what I expected, but still worth it.",2025-06-27 23:11:11,2025-06-27 23:11:11,2025-06-27 23:11:11
535,197,532,3,,2025-12-25 15:29:42,2025-12-25 15:29:42,2025-12-25 15:29:42
536,285,64,5,"Solid entry, will check out more from this title.",2025-09-12 13:07:57,2025-09-12 13:07:57,2025-09-12 13:07:57
537,58,40,3,One of the better titles in this category.,2026-02-21 08:41:18,2026-02-21 08:41:18,2026-02-21 08:41:18
538,469,268,3,One of the better titles in this category.,2025-08-29 13:19:37,2025-08-29 13:19:37,2025-08-29 13:19:37
539,362,417,5,Didn't fully connect with the storyline.,2025-12-25 16:37:34,2025-12-25 16:37:34,2025-12-25 16:37:34
540,79,183,1,"Great picture quality, average story.",2025-07-26 09:00:19,2025-07-26 09:00:19,2025-07-26 09:00:19
541,272,395,4,A bit slow to start but picked up later.,2025-12-28 12:45:41,2025-12-28 12:45:41,2025-12-28 12:45:41
542,629,232,5,"Solid entry, will check out more from this title.",2025-06-09 04:03:47,2025-06-09 04:03:47,2025-06-09 04:03:47
543,579,146,2,"Great picture quality, average story.",2026-01-29 02:37:08,2026-01-29 02:37:08,2026-01-29 02:37:08
544,186,109,4,One of the better titles in this category.,2025-08-01 00:42:57,2025-08-01 00:42:57,2025-08-01 00:42:57
545,473,190,5,One of the better titles in this category.,2026-03-16 00:52:31,2026-03-16 00:52:31,2026-03-16 00:52:31
546,861,199,5,Loved the soundtrack and visuals.,2025-10-22 03:29:27,2025-10-22 03:29:27,2025-10-22 03:29:27
547,648,598,4,Would recommend to a friend.,2025-12-03 19:28:25,2025-12-03 19:28:25,2025-12-03 19:28:25
548,121,372,1,A bit slow to start but picked up later.,2025-11-11 07:48:48,2025-11-11 07:48:48,2025-11-11 07:48:48
549,8,258,2,One of the better titles in this category.,2026-05-17 10:29:31,2026-05-17 10:29:31,2026-05-17 10:29:31
550,777,63,2,Would recommend to a friend.,2026-02-14 19:06:30,2026-02-14 19:06:30,2026-02-14 19:06:30
551,473,505,3,"Great picture quality, average story.",2026-04-05 14:15:07,2026-04-05 14:15:07,2026-04-05 14:15:07
552,848,208,3,"Solid entry, will check out more from this title.",2026-04-09 23:38:53,2026-04-09 23:38:53,2026-04-09 23:38:53
553,519,203,5,"Solid entry, will check out more from this title.",2025-06-15 04:07:04,2025-06-15 04:07:04,2025-06-15 04:07:04
554,136,161,4,Would recommend to a friend.,2025-07-27 22:02:39,2025-07-27 22:02:39,2025-07-27 22:02:39
555,777,176,3,"Decent, but I have seen better.",2026-03-02 06:57:20,2026-03-02 06:57:20,2026-03-02 06:57:20
556,732,521,4,Didn't fully connect with the storyline.,2025-08-13 20:08:14,2025-08-13 20:08:14,2025-08-13 20:08:14
557,244,154,4,Would recommend to a friend.,2025-12-26 09:26:35,2025-12-26 09:26:35,2025-12-26 09:26:35
558,513,446,5,"Great picture quality, average story.",2026-03-28 11:13:06,2026-03-28 11:13:06,2026-03-28 11:13:06
559,255,108,2,"Great picture quality, average story.",2025-07-09 04:07:13,2025-07-09 04:07:13,2025-07-09 04:07:13
560,3,271,3,"Great picture quality, average story.",2026-04-29 12:01:17,2026-04-29 12:01:17,2026-04-29 12:01:17
561,4,194,5,Really enjoyed the pacing and the cast.,2026-05-12 18:00:27,2026-05-12 18:00:27,2026-05-12 18:00:27
562,159,214,4,"Not what I expected, but still worth it.",2025-08-23 14:43:04,2025-08-23 14:43:04,2025-08-23 14:43:04
563,782,493,5,Loved the soundtrack and visuals.,2025-10-29 03:27:14,2025-10-29 03:27:14,2025-10-29 03:27:14
564,574,115,5,One of the better titles in this category.,2026-04-27 03:56:45,2026-04-27 03:56:45,2026-04-27 03:56:45
565,547,204,4,"Not what I expected, but still worth it.",2025-09-01 21:05:50,2025-09-01 21:05:50,2025-09-01 21:05:50
566,946,29,1,"Great picture quality, average story.",2026-03-31 22:39:26,2026-03-31 22:39:26,2026-03-31 22:39:26
567,646,355,2,"Great picture quality, average story.",2026-05-11 13:51:41,2026-05-11 13:51:41,2026-05-11 13:51:41
568,552,250,5,One of the better titles in this category.,2025-07-26 13:12:35,2025-07-26 13:12:35,2025-07-26 13:12:35
569,215,595,5,"Not what I expected, but still worth it.",2025-06-23 11:51:59,2025-06-23 11:51:59,2025-06-23 11:51:59
570,517,497,1,Really enjoyed the pacing and the cast.,2025-09-30 17:35:24,2025-09-30 17:35:24,2025-09-30 17:35:24
571,762,162,5,"Not what I expected, but still worth it.",2026-01-08 08:50:07,2026-01-08 08:50:07,2026-01-08 08:50:07
572,667,587,5,One of the better titles in this category.,2025-07-07 01:53:04,2025-07-07 01:53:04,2025-07-07 01:53:04
573,568,6,4,"Great picture quality, average story.",2025-07-08 19:48:27,2025-07-08 19:48:27,2025-07-08 19:48:27
574,898,584,3,Really enjoyed the pacing and the cast.,2026-01-22 16:51:53,2026-01-22 16:51:53,2026-01-22 16:51:53
575,216,564,4,Really enjoyed the pacing and the cast.,2025-12-03 07:02:34,2025-12-03 07:02:34,2025-12-03 07:02:34
576,496,482,4,"Solid entry, will check out more from this title.",2025-06-27 23:54:19,2025-06-27 23:54:19,2025-06-27 23:54:19
577,986,406,4,A bit slow to start but picked up later.,2025-09-05 23:58:35,2025-09-05 23:58:35,2025-09-05 23:58:35
578,901,510,5,"Solid entry, will check out more from this title.",2026-04-22 12:35:09,2026-04-22 12:35:09,2026-04-22 12:35:09
579,981,3,4,Really enjoyed the pacing and the cast.,2025-07-06 01:02:09,2025-07-06 01:02:09,2025-07-06 01:02:09
580,141,226,4,"Not what I expected, but still worth it.",2026-05-02 18:15:23,2026-05-02 18:15:23,2026-05-02 18:15:23
581,997,10,1,One of the better titles in this category.,2025-09-11 08:39:03,2025-09-11 08:39:03,2025-09-11 08:39:03
582,771,247,3,"Not what I expected, but still worth it.",2026-05-04 21:35:22,2026-05-04 21:35:22,2026-05-04 21:35:22
583,39,302,5,"Decent, but I have seen better.",2025-07-03 20:57:40,2025-07-03 20:57:40,2025-07-03 20:57:40
584,566,149,4,Loved the soundtrack and visuals.,2025-12-26 12:19:45,2025-12-26 12:19:45,2025-12-26 12:19:45
585,973,548,4,"Great picture quality, average story.",2025-12-06 03:11:06,2025-12-06 03:11:06,2025-12-06 03:11:06
586,562,306,3,Really enjoyed the pacing and the cast.,2025-10-17 18:42:08,2025-10-17 18:42:08,2025-10-17 18:42:08
587,287,25,3,"Great picture quality, average story.",2026-03-19 17:36:18,2026-03-19 17:36:18,2026-03-19 17:36:18
588,225,532,5,,2025-08-20 17:56:37,2025-08-20 17:56:37,2025-08-20 17:56:37
589,123,443,2,One of the better titles in this category.,2026-01-23 11:28:13,2026-01-23 11:28:13,2026-01-23 11:28:13
590,433,334,4,"Great picture quality, average story.",2026-04-25 18:26:21,2026-04-25 18:26:21,2026-04-25 18:26:21
591,234,80,3,"Solid entry, will check out more from this title.",2025-12-27 06:40:37,2025-12-27 06:40:37,2025-12-27 06:40:37
592,514,500,4,Really enjoyed the pacing and the cast.,2025-10-19 00:54:40,2025-10-19 00:54:40,2025-10-19 00:54:40
593,903,30,5,Didn't fully connect with the storyline.,2025-09-17 11:54:15,2025-09-17 11:54:15,2025-09-17 11:54:15
594,272,213,4,"Decent, but I have seen better.",2026-03-18 12:18:39,2026-03-18 12:18:39,2026-03-18 12:18:39
595,888,356,4,"Great picture quality, average story.",2025-10-21 02:05:44,2025-10-21 02:05:44,2025-10-21 02:05:44
596,624,124,5,"Solid entry, will check out more from this title.",2025-12-09 23:55:01,2025-12-09 23:55:01,2025-12-09 23:55:01
597,447,296,4,Didn't fully connect with the storyline.,2025-07-27 03:55:06,2025-07-27 03:55:06,2025-07-27 03:55:06
598,339,306,5,One of the better titles in this category.,2025-11-20 03:05:03,2025-11-20 03:05:03,2025-11-20 03:05:03
599,41,345,4,One of the better titles in this category.,2025-09-09 11:45:15,2025-09-09 11:45:15,2025-09-09 11:45:15
600,433,7,3,A bit slow to start but picked up later.,2026-04-05 22:38:40,2026-04-05 22:38:40,2026-04-05 22:38:40
601,606,500,3,Would recommend to a friend.,2025-11-04 09:43:09,2025-11-04 09:43:09,2025-11-04 09:43:09
602,722,161,5,Really enjoyed the pacing and the cast.,2026-01-15 01:00:18,2026-01-15 01:00:18,2026-01-15 01:00:18
603,796,355,4,"Great picture quality, average story.",2026-06-01 07:41:40,2026-06-01 07:41:40,2026-06-01 07:41:40
604,212,549,4,"Great picture quality, average story.",2026-03-13 05:11:06,2026-03-13 05:11:06,2026-03-13 05:11:06
605,373,212,3,Didn't fully connect with the storyline.,2025-09-26 02:29:32,2025-09-26 02:29:32,2025-09-26 02:29:32
606,764,587,3,"Not what I expected, but still worth it.",2026-04-01 05:53:43,2026-04-01 05:53:43,2026-04-01 05:53:43
607,971,281,0,"Great picture quality, average story.",2025-06-30 13:43:51,2025-06-30 13:43:51,2025-06-30 13:43:51
608,777,34,4,Loved the soundtrack and visuals.,2026-01-29 02:41:56,2026-01-29 02:41:56,2026-01-29 02:41:56
609,467,120,4,A bit slow to start but picked up later.,2025-09-23 19:15:19,2025-09-23 19:15:19,2025-09-23 19:15:19
610,806,411,3,"Not what I expected, but still worth it.",2025-12-08 14:06:11,2025-12-08 14:06:11,2025-12-08 14:06:11
611,348,56,5,"Decent, but I have seen better.",2026-04-08 22:09:58,2026-04-08 22:09:58,2026-04-08 22:09:58
612,501,8,5,"Solid entry, will check out more from this title.",2025-07-04 03:34:20,2025-07-04 03:34:20,2025-07-04 03:34:20
613,983,420,3,"Decent, but I have seen better.",2025-08-22 04:33:24,2025-08-22 04:33:24,2025-08-22 04:33:24
614,754,520,5,"Solid entry, will check out more from this title.",2025-07-30 15:15:48,2025-07-30 15:15:48,2025-07-30 15:15:48
615,643,355,3,One of the better titles in this category.,2025-06-28 10:09:42,2025-06-28 10:09:42,2025-06-28 10:09:42
616,259,415,1,One of the better titles in this category.,2025-10-09 00:08:57,2025-10-09 00:08:57,2025-10-09 00:08:57
617,174,540,4,"Great picture quality, average story.",2025-08-23 21:03:22,2025-08-23 21:03:22,2025-08-23 21:03:22
618,148,573,4,"Not what I expected, but still worth it.",2026-01-12 03:54:50,2026-01-12 03:54:50,2026-01-12 03:54:50
619,808,208,4,Would recommend to a friend.,2026-01-18 21:34:58,2026-01-18 21:34:58,2026-01-18 21:34:58
620,116,78,5,Really enjoyed the pacing and the cast.,2025-10-23 09:25:36,2025-10-23 09:25:36,2025-10-23 09:25:36
621,528,12,2,Didn't fully connect with the storyline.,2026-05-10 02:37:03,2026-05-10 02:37:03,2026-05-10 02:37:03
622,753,586,1,"Great picture quality, average story.",2025-12-25 06:36:50,2025-12-25 06:36:50,2025-12-25 06:36:50
623,276,8,3,Loved the soundtrack and visuals.,2025-07-28 13:40:39,2025-07-28 13:40:39,2025-07-28 13:40:39
624,95,402,1,"Not what I expected, but still worth it.",2025-12-10 17:13:18,2025-12-10 17:13:18,2025-12-10 17:13:18
625,341,156,1,"Solid entry, will check out more from this title.",2026-04-10 07:53:02,2026-04-10 07:53:02,2026-04-10 07:53:02
626,232,445,4,A bit slow to start but picked up later.,2025-10-11 08:08:32,2025-10-11 08:08:32,2025-10-11 08:08:32
627,727,583,5,"Not what I expected, but still worth it.",2026-03-26 01:24:02,2026-03-26 01:24:02,2026-03-26 01:24:02
628,626,411,5,Loved the soundtrack and visuals.,2025-10-28 03:29:55,2025-10-28 03:29:55,2025-10-28 03:29:55
629,827,338,5,Would recommend to a friend.,2026-03-17 04:30:09,2026-03-17 04:30:09,2026-03-17 04:30:09
630,740,91,4,One of the better titles in this category.,2025-10-29 10:33:48,2025-10-29 10:33:48,2025-10-29 10:33:48
631,481,56,3,A bit slow to start but picked up later.,2026-04-19 02:41:23,2026-04-19 02:41:23,2026-04-19 02:41:23
632,506,74,5,Really enjoyed the pacing and the cast.,2026-05-23 17:02:51,2026-05-23 17:02:51,2026-05-23 17:02:51
633,590,552,3,Didn't fully connect with the storyline.,2025-07-21 14:28:53,2025-07-21 14:28:53,2025-07-21 14:28:53
634,20,325,5,One of the better titles in this category.,2025-09-06 01:25:35,2025-09-06 01:25:35,2025-09-06 01:25:35
635,707,426,5,One of the better titles in this category.,2026-03-28 22:08:06,2026-03-28 22:08:06,2026-03-28 22:08:06
636,938,463,1,"Decent, but I have seen better.",2025-08-06 08:25:26,2025-08-06 08:25:26,2025-08-06 08:25:26
637,859,46,4,One of the better titles in this category.,2025-07-10 09:46:42,2025-07-10 09:46:42,2025-07-10 09:46:42
638,852,458,5,A bit slow to start but picked up later.,2025-10-30 13:28:20,2025-10-30 13:28:20,2025-10-30 13:28:20
639,519,67,3,Would recommend to a friend.,2025-09-26 15:49:04,2025-09-26 15:49:04,2025-09-26 15:49:04
640,261,539,3,Would recommend to a friend.,2025-12-26 00:27:27,2025-12-26 00:27:27,2025-12-26 00:27:27
641,895,458,4,Would recommend to a friend.,2026-05-22 10:39:37,2026-05-22 10:39:37,2026-05-22 10:39:37
642,536,6,4,"Great picture quality, average story.",2025-09-06 17:50:56,2025-09-06 17:50:56,2025-09-06 17:50:56
643,869,86,3,Would recommend to a friend.,2025-08-08 22:36:25,2025-08-08 22:36:25,2025-08-08 22:36:25
644,956,420,5,Didn't fully connect with the storyline.,2025-07-02 12:47:59,2025-07-02 12:47:59,2025-07-02 12:47:59
645,335,183,5,One of the better titles in this category.,2025-11-23 22:25:18,2025-11-23 22:25:18,2025-11-23 22:25:18
646,352,141,5,Loved the soundtrack and visuals.,2025-08-12 06:27:14,2025-08-12 06:27:14,2025-08-12 06:27:14
647,798,470,4,Didn't fully connect with the storyline.,2026-02-01 01:15:15,2026-02-01 01:15:15,2026-02-01 01:15:15
648,478,416,3,Didn't fully connect with the storyline.,2026-05-27 11:14:37,2026-05-27 11:14:37,2026-05-27 11:14:37
649,160,67,4,"Not what I expected, but still worth it.",2026-01-12 10:18:51,2026-01-12 10:18:51,2026-01-12 10:18:51
650,160,199,5,A bit slow to start but picked up later.,2026-05-29 02:00:55,2026-05-29 02:00:55,2026-05-29 02:00:55
651,786,348,4,Didn't fully connect with the storyline.,2026-04-08 01:39:14,2026-04-08 01:39:14,2026-04-08 01:39:14
652,363,565,5,A bit slow to start but picked up later.,2025-06-22 14:43:27,2025-06-22 14:43:27,2025-06-22 14:43:27
653,740,424,5,"Decent, but I have seen better.",2026-02-09 03:31:00,2026-02-09 03:31:00,2026-02-09 03:31:00
654,937,226,3,,2025-08-12 08:45:14,2025-08-12 08:45:14,2025-08-12 08:45:14
655,618,60,5,"Not what I expected, but still worth it.",2026-02-14 11:26:55,2026-02-14 11:26:55,2026-02-14 11:26:55
656,575,470,3,Really enjoyed the pacing and the cast.,2025-10-26 02:35:20,2025-10-26 02:35:20,2025-10-26 02:35:20
657,292,287,1,One of the better titles in this category.,2026-01-15 11:49:16,2026-01-15 11:49:16,2026-01-15 11:49:16
658,469,522,5,"Not what I expected, but still worth it.",2026-02-14 01:31:54,2026-02-14 01:31:54,2026-02-14 01:31:54
659,893,487,5,One of the better titles in this category.,2026-03-11 06:12:06,2026-03-11 06:12:06,2026-03-11 06:12:06
660,48,193,5,One of the better titles in this category.,2026-03-25 06:35:46,2026-03-25 06:35:46,2026-03-25 06:35:46
661,678,240,1,Would recommend to a friend.,2026-02-06 12:04:41,2026-02-06 12:04:41,2026-02-06 12:04:41
662,157,351,4,"Great picture quality, average story.",2025-11-19 08:44:43,2025-11-19 08:44:43,2025-11-19 08:44:43
663,600,578,4,Really enjoyed the pacing and the cast.,2025-07-02 00:33:06,2025-07-02 00:33:06,2025-07-02 00:33:06
664,278,167,4,"Not what I expected, but still worth it.",2026-01-22 04:00:07,2026-01-22 04:00:07,2026-01-22 04:00:07
665,389,222,4,"Not what I expected, but still worth it.",2025-08-26 13:37:43,2025-08-26 13:37:43,2025-08-26 13:37:43
666,143,293,5,Would recommend to a friend.,2026-01-08 10:35:42,2026-01-08 10:35:42,2026-01-08 10:35:42
667,257,86,5,One of the better titles in this category.,2025-08-27 21:52:33,2025-08-27 21:52:33,2025-08-27 21:52:33
668,620,381,4,Didn't fully connect with the storyline.,2026-05-11 20:54:28,2026-05-11 20:54:28,2026-05-11 20:54:28
669,691,277,4,"Great picture quality, average story.",2025-10-12 17:35:17,2025-10-12 17:35:17,2025-10-12 17:35:17
670,33,493,3,"Decent, but I have seen better.",2025-08-04 16:36:44,2025-08-04 16:36:44,2025-08-04 16:36:44
671,649,83,5,"Not what I expected, but still worth it.",2026-05-08 14:42:59,2026-05-08 14:42:59,2026-05-08 14:42:59
672,592,28,3,"Decent, but I have seen better.",2025-12-02 20:54:46,2025-12-02 20:54:46,2025-12-02 20:54:46
673,180,173,1,Would recommend to a friend.,2025-06-29 23:53:07,2025-06-29 23:53:07,2025-06-29 23:53:07
674,105,491,5,One of the better titles in this category.,2025-11-07 22:25:59,2025-11-07 22:25:59,2025-11-07 22:25:59
675,311,177,4,Loved the soundtrack and visuals.,2025-07-21 04:27:48,2025-07-21 04:27:48,2025-07-21 04:27:48
676,606,224,3,Would recommend to a friend.,2025-12-14 08:12:50,2025-12-14 08:12:50,2025-12-14 08:12:50
677,972,520,3,"Great picture quality, average story.",2025-11-30 21:59:52,2025-11-30 21:59:52,2025-11-30 21:59:52
678,585,142,1,"Great picture quality, average story.",2026-03-23 08:23:55,2026-03-23 08:23:55,2026-03-23 08:23:55
679,599,168,2,Would recommend to a friend.,2025-11-09 12:23:38,2025-11-09 12:23:38,2025-11-09 12:23:38
680,73,368,4,"Decent, but I have seen better.",2025-06-16 22:27:17,2025-06-16 22:27:17,2025-06-16 22:27:17
681,868,562,5,Really enjoyed the pacing and the cast.,2026-05-06 23:16:21,2026-05-06 23:16:21,2026-05-06 23:16:21
682,975,416,5,"Solid entry, will check out more from this title.",2025-12-10 10:56:09,2025-12-10 10:56:09,2025-12-10 10:56:09
683,926,542,5,"Not what I expected, but still worth it.",2025-12-16 09:32:46,2025-12-16 09:32:46,2025-12-16 09:32:46
684,920,469,4,"Great picture quality, average story.",2025-08-13 14:01:21,2025-08-13 14:01:21,2025-08-13 14:01:21
685,584,551,5,Really enjoyed the pacing and the cast.,2025-08-07 09:57:23,2025-08-07 09:57:23,2025-08-07 09:57:23
686,496,270,5,"Decent, but I have seen better.",2025-10-12 11:56:09,2025-10-12 11:56:09,2025-10-12 11:56:09
687,412,516,4,Really enjoyed the pacing and the cast.,2025-08-16 11:47:43,2025-08-16 11:47:43,2025-08-16 11:47:43
688,710,65,2,"Not what I expected, but still worth it.",2025-12-17 08:29:12,2025-12-17 08:29:12,2025-12-17 08:29:12
689,785,295,4,One of the better titles in this category.,2025-09-23 09:26:03,2025-09-23 09:26:03,2025-09-23 09:26:03
690,250,184,5,"Not what I expected, but still worth it.",2026-03-31 05:46:39,2026-03-31 05:46:39,2026-03-31 05:46:39
691,503,300,5,One of the better titles in this category.,2026-02-23 04:27:37,2026-02-23 04:27:37,2026-02-23 04:27:37
692,416,368,4,Didn't fully connect with the storyline.,2025-07-28 18:13:44,2025-07-28 18:13:44,2025-07-28 18:13:44
693,846,496,4,"Not what I expected, but still worth it.",2026-05-10 13:27:40,2026-05-10 13:27:40,2026-05-10 13:27:40
694,208,540,2,Would recommend to a friend.,2026-05-29 21:28:08,2026-05-29 21:28:08,2026-05-29 21:28:08
695,341,159,4,Really enjoyed the pacing and the cast.,2026-02-28 00:33:36,2026-02-28 00:33:36,2026-02-28 00:33:36
696,93,429,3,Would recommend to a friend.,2025-11-13 12:59:52,2025-11-13 12:59:52,2025-11-13 12:59:52
697,659,445,5,Didn't fully connect with the storyline.,2025-12-22 05:45:53,2025-12-22 05:45:53,2025-12-22 05:45:53
698,830,446,5,One of the better titles in this category.,2026-01-17 08:33:14,2026-01-17 08:33:14,2026-01-17 08:33:14
699,426,13,5,"Decent, but I have seen better.",2025-12-14 09:52:43,2025-12-14 09:52:43,2025-12-14 09:52:43
700,448,103,5,A bit slow to start but picked up later.,2025-08-10 10:25:30,2025-08-10 10:25:30,2025-08-10 10:25:30
701,321,509,3,A bit slow to start but picked up later.,2025-06-30 11:39:20,2025-06-30 11:39:20,2025-06-30 11:39:20
702,105,94,4,"Decent, but I have seen better.",2025-10-12 09:43:55,2025-10-12 09:43:55,2025-10-12 09:43:55
703,721,421,1,A bit slow to start but picked up later.,2025-11-21 14:21:56,2025-11-21 14:21:56,2025-11-21 14:21:56
704,561,171,3,"Great picture quality, average story.",2026-03-12 10:26:17,2026-03-12 10:26:17,2026-03-12 10:26:17
705,391,88,4,Would recommend to a friend.,2025-08-16 03:02:19,2025-08-16 03:02:19,2025-08-16 03:02:19
706,526,361,4,"Solid entry, will check out more from this title.",2026-01-14 21:17:29,2026-01-14 21:17:29,2026-01-14 21:17:29
707,610,401,4,One of the better titles in this category.,2026-02-18 18:56:33,2026-02-18 18:56:33,2026-02-18 18:56:33
708,13,393,4,Loved the soundtrack and visuals.,2026-05-31 16:08:49,2026-05-31 16:08:49,2026-05-31 16:08:49
709,190,256,4,"Great picture quality, average story.",2026-02-15 14:22:08,2026-02-15 14:22:08,2026-02-15 14:22:08
710,46,557,4,Would recommend to a friend.,2026-03-12 07:37:39,2026-03-12 07:37:39,2026-03-12 07:37:39
711,827,585,2,One of the better titles in this category.,2025-08-10 21:10:30,2025-08-10 21:10:30,2025-08-10 21:10:30
712,540,339,5,"Great picture quality, average story.",2026-03-16 08:38:43,2026-03-16 08:38:43,2026-03-16 08:38:43
713,260,342,4,Loved the soundtrack and visuals.,2025-12-16 06:10:29,2025-12-16 06:10:29,2025-12-16 06:10:29
714,41,530,4,"Solid entry, will check out more from this title.",2026-01-21 00:41:32,2026-01-21 00:41:32,2026-01-21 00:41:32
715,201,134,1,"Solid entry, will check out more from this title.",2026-05-20 09:17:42,2026-05-20 09:17:42,2026-05-20 09:17:42
716,144,289,4,Loved the soundtrack and visuals.,2025-08-09 15:17:13,2025-08-09 15:17:13,2025-08-09 15:17:13
717,57,262,5,"Great picture quality, average story.",2026-03-13 03:29:07,2026-03-13 03:29:07,2026-03-13 03:29:07
718,281,466,4,"Great picture quality, average story.",2025-10-17 23:44:43,2025-10-17 23:44:43,2025-10-17 23:44:43
719,329,159,5,Would recommend to a friend.,2025-10-04 06:21:13,2025-10-04 06:21:13,2025-10-04 06:21:13
720,234,542,5,Didn't fully connect with the storyline.,2026-04-12 10:06:11,2026-04-12 10:06:11,2026-04-12 10:06:11
721,436,266,4,Didn't fully connect with the storyline.,2025-12-17 23:55:29,2025-12-17 23:55:29,2025-12-17 23:55:29
722,512,130,4,Would recommend to a friend.,2026-03-30 15:28:16,2026-03-30 15:28:16,2026-03-30 15:28:16
723,816,167,5,Really enjoyed the pacing and the cast.,2025-12-23 02:24:31,2025-12-23 02:24:31,2025-12-23 02:24:31
724,585,569,5,One of the better titles in this category.,2025-07-09 19:55:31,2025-07-09 19:55:31,2025-07-09 19:55:31
725,7,528,5,Really enjoyed the pacing and the cast.,2026-02-10 00:02:56,2026-02-10 00:02:56,2026-02-10 00:02:56
726,739,555,4,"Not what I expected, but still worth it.",2025-12-26 09:51:58,2025-12-26 09:51:58,2025-12-26 09:51:58
727,724,41,5,,2025-12-03 22:06:42,2025-12-03 22:06:42,2025-12-03 22:06:42
728,380,502,3,One of the better titles in this category.,2026-02-08 21:51:47,2026-02-08 21:51:47,2026-02-08 21:51:47
729,162,159,3,"Solid entry, will check out more from this title.",2026-04-10 05:41:45,2026-04-10 05:41:45,2026-04-10 05:41:45
730,638,245,3,Didn't fully connect with the storyline.,2025-07-10 06:57:25,2025-07-10 06:57:25,2025-07-10 06:57:25
731,41,217,5,A bit slow to start but picked up later.,2025-12-31 04:03:04,2025-12-31 04:03:04,2025-12-31 04:03:04
732,531,35,4,"Decent, but I have seen better.",2025-07-02 21:33:22,2025-07-02 21:33:22,2025-07-02 21:33:22
733,296,191,2,"Solid entry, will check out more from this title.",2026-03-05 02:22:58,2026-03-05 02:22:58,2026-03-05 02:22:58
734,38,425,4,Didn't fully connect with the storyline.,2026-03-01 05:31:01,2026-03-01 05:31:01,2026-03-01 05:31:01
735,748,77,3,Loved the soundtrack and visuals.,2025-08-15 20:16:01,2025-08-15 20:16:01,2025-08-15 20:16:01
736,569,109,5,Would recommend to a friend.,2025-06-28 04:13:50,2025-06-28 04:13:50,2025-06-28 04:13:50
737,274,512,5,"Solid entry, will check out more from this title.",2026-01-02 16:01:25,2026-01-02 16:01:25,2026-01-02 16:01:25
738,468,211,5,Didn't fully connect with the storyline.,2025-08-13 21:00:33,2025-08-13 21:00:33,2025-08-13 21:00:33
739,396,248,5,"Not what I expected, but still worth it.",2026-02-10 00:51:31,2026-02-10 00:51:31,2026-02-10 00:51:31
740,843,472,4,One of the better titles in this category.,2025-08-02 02:57:28,2025-08-02 02:57:28,2025-08-02 02:57:28
741,491,397,5,One of the better titles in this category.,2026-05-14 01:57:23,2026-05-14 01:57:23,2026-05-14 01:57:23
742,358,180,5,"Decent, but I have seen better.",2025-10-12 06:44:21,2025-10-12 06:44:21,2025-10-12 06:44:21
743,166,129,5,Really enjoyed the pacing and the cast.,2026-05-05 23:24:27,2026-05-05 23:24:27,2026-05-05 23:24:27
744,165,220,5,"Solid entry, will check out more from this title.",2026-05-19 23:22:35,2026-05-19 23:22:35,2026-05-19 23:22:35
745,148,451,4,A bit slow to start but picked up later.,2025-07-28 09:26:05,2025-07-28 09:26:05,2025-07-28 09:26:05
746,674,442,5,"Solid entry, will check out more from this title.",2025-10-19 19:12:00,2025-10-19 19:12:00,2025-10-19 19:12:00
747,984,563,3,Would recommend to a friend.,2026-02-25 20:12:03,2026-02-25 20:12:03,2026-02-25 20:12:03
748,923,114,1,One of the better titles in this category.,2025-09-03 04:02:58,2025-09-03 04:02:58,2025-09-03 04:02:58
749,606,40,5,"Decent, but I have seen better.",2025-09-01 09:41:59,2025-09-01 09:41:59,2025-09-01 09:41:59
750,233,34,5,Didn't fully connect with the storyline.,2025-08-01 09:19:31,2025-08-01 09:19:31,2025-08-01 09:19:31
751,329,437,2,One of the better titles in this category.,2025-10-18 01:18:54,2025-10-18 01:18:54,2025-10-18 01:18:54
752,629,386,4,Didn't fully connect with the storyline.,2026-03-13 06:23:50,2026-03-13 06:23:50,2026-03-13 06:23:50
753,419,321,5,Didn't fully connect with the storyline.,2026-05-21 06:40:58,2026-05-21 06:40:58,2026-05-21 06:40:58
754,970,344,4,Would recommend to a friend.,2025-07-26 23:00:43,2025-07-26 23:00:43,2025-07-26 23:00:43
755,150,138,4,Really enjoyed the pacing and the cast.,2026-03-31 00:35:11,2026-03-31 00:35:11,2026-03-31 00:35:11
756,316,537,2,A bit slow to start but picked up later.,2025-10-09 22:55:55,2025-10-09 22:55:55,2025-10-09 22:55:55
757,324,514,4,Would recommend to a friend.,2025-10-06 20:57:12,2025-10-06 20:57:12,2025-10-06 20:57:12
758,827,353,5,Loved the soundtrack and visuals.,2025-06-11 09:34:19,2025-06-11 09:34:19,2025-06-11 09:34:19
759,315,46,3,Would recommend to a friend.,2026-03-21 18:51:51,2026-03-21 18:51:51,2026-03-21 18:51:51
760,691,248,3,"Not what I expected, but still worth it.",2025-10-24 12:49:08,2025-10-24 12:49:08,2025-10-24 12:49:08
761,485,209,4,"Not what I expected, but still worth it.",2025-09-18 08:01:30,2025-09-18 08:01:30,2025-09-18 08:01:30
762,484,429,3,Would recommend to a friend.,2025-12-16 13:06:26,2025-12-16 13:06:26,2025-12-16 13:06:26
763,722,341,5,Really enjoyed the pacing and the cast.,2026-04-15 16:18:28,2026-04-15 16:18:28,2026-04-15 16:18:28
764,625,191,5,Would recommend to a friend.,2025-06-24 07:17:11,2025-06-24 07:17:11,2025-06-24 07:17:11
765,558,149,4,Didn't fully connect with the storyline.,2025-08-20 04:04:58,2025-08-20 04:04:58,2025-08-20 04:04:58
766,292,589,4,Loved the soundtrack and visuals.,2025-10-11 10:42:40,2025-10-11 10:42:40,2025-10-11 10:42:40
767,216,202,5,"Great picture quality, average story.",2025-11-12 10:57:20,2025-11-12 10:57:20,2025-11-12 10:57:20
768,708,172,5,Really enjoyed the pacing and the cast.,2025-12-11 02:24:19,2025-12-11 02:24:19,2025-12-11 02:24:19
769,319,439,5,"Solid entry, will check out more from this title.",2026-03-09 12:31:13,2026-03-09 12:31:13,2026-03-09 12:31:13
770,144,490,1,Really enjoyed the pacing and the cast.,2026-01-28 07:07:15,2026-01-28 07:07:15,2026-01-28 07:07:15
771,364,376,5,"Great picture quality, average story.",2026-02-28 13:40:58,2026-02-28 13:40:58,2026-02-28 13:40:58
772,507,334,2,"Great picture quality, average story.",2025-10-05 08:59:07,2025-10-05 08:59:07,2025-10-05 08:59:07
773,558,565,5,Loved the soundtrack and visuals.,2025-09-09 14:34:45,2025-09-09 14:34:45,2025-09-09 14:34:45
774,23,259,5,"Great picture quality, average story.",2025-07-23 09:31:51,2025-07-23 09:31:51,2025-07-23 09:31:51
775,554,331,4,"Decent, but I have seen better.",2025-10-09 20:45:43,2025-10-09 20:45:43,2025-10-09 20:45:43
776,568,519,5,One of the better titles in this category.,2025-11-20 12:58:51,2025-11-20 12:58:51,2025-11-20 12:58:51
777,953,545,4,A bit slow to start but picked up later.,2025-11-24 16:14:31,2025-11-24 16:14:31,2025-11-24 16:14:31
778,205,262,5,"Solid entry, will check out more from this title.",2026-03-10 11:54:50,2026-03-10 11:54:50,2026-03-10 11:54:50
779,589,33,5,Loved the soundtrack and visuals.,2025-11-06 01:22:58,2025-11-06 01:22:58,2025-11-06 01:22:58
780,547,554,1,Didn't fully connect with the storyline.,2026-05-23 07:50:39,2026-05-23 07:50:39,2026-05-23 07:50:39
781,754,570,4,Really enjoyed the pacing and the cast.,2025-09-10 13:59:45,2025-09-10 13:59:45,2025-09-10 13:59:45
782,917,574,4,Loved the soundtrack and visuals.,2025-06-10 17:18:02,2025-06-10 17:18:02,2025-06-10 17:18:02
783,984,582,4,"Great picture quality, average story.",2026-01-28 15:39:18,2026-01-28 15:39:18,2026-01-28 15:39:18
784,85,132,5,"Not what I expected, but still worth it.",2025-08-29 23:54:07,2025-08-29 23:54:07,2025-08-29 23:54:07
785,26,154,5,Would recommend to a friend.,2025-12-23 10:36:18,2025-12-23 10:36:18,2025-12-23 10:36:18
786,730,70,4,"Great picture quality, average story.",2025-08-20 18:11:20,2025-08-20 18:11:20,2025-08-20 18:11:20
787,409,577,5,"Solid entry, will check out more from this title.",2026-02-25 12:03:15,2026-02-25 12:03:15,2026-02-25 12:03:15
788,587,217,4,Would recommend to a friend.,2025-11-11 20:35:43,2025-11-11 20:35:43,2025-11-11 20:35:43
789,225,325,5,One of the better titles in this category.,2025-09-19 11:18:32,2025-09-19 11:18:32,2025-09-19 11:18:32
790,373,356,3,Would recommend to a friend.,2025-06-06 18:49:38,2025-06-06 18:49:38,2025-06-06 18:49:38
791,818,151,3,"Solid entry, will check out more from this title.",2025-12-14 22:29:19,2025-12-14 22:29:19,2025-12-14 22:29:19
792,52,459,5,"Great picture quality, average story.",2025-10-21 21:00:28,2025-10-21 21:00:28,2025-10-21 21:00:28
793,659,238,4,Would recommend to a friend.,2025-06-10 04:57:11,2025-06-10 04:57:11,2025-06-10 04:57:11
794,775,594,4,"Great picture quality, average story.",2025-08-19 01:42:18,2025-08-19 01:42:18,2025-08-19 01:42:18
795,911,13,3,One of the better titles in this category.,2025-07-07 09:55:31,2025-07-07 09:55:31,2025-07-07 09:55:31
796,480,45,3,"Not what I expected, but still worth it.",2025-10-17 16:34:38,2025-10-17 16:34:38,2025-10-17 16:34:38
797,533,409,5,A bit slow to start but picked up later.,2025-12-14 22:33:40,2025-12-14 22:33:40,2025-12-14 22:33:40
798,726,354,4,Didn't fully connect with the storyline.,2025-08-05 10:55:26,2025-08-05 10:55:26,2025-08-05 10:55:26
799,825,474,2,Really enjoyed the pacing and the cast.,2026-02-04 05:44:46,2026-02-04 05:44:46,2026-02-04 05:44:46
800,628,293,4,Didn't fully connect with the storyline.,2025-08-08 15:55:42,2025-08-08 15:55:42,2025-08-08 15:55:42
801,835,419,5,Loved the soundtrack and visuals.,2025-07-31 07:47:14,2025-07-31 07:47:14,2025-07-31 07:47:14
802,797,99,1,Didn't fully connect with the storyline.,2025-10-27 01:43:13,2025-10-27 01:43:13,2025-10-27 01:43:13
803,544,393,5,Didn't fully connect with the storyline.,2026-02-05 21:43:33,2026-02-05 21:43:33,2026-02-05 21:43:33
804,432,460,5,"Not what I expected, but still worth it.",2026-04-05 16:49:38,2026-04-05 16:49:38,2026-04-05 16:49:38
805,429,433,3,Would recommend to a friend.,2025-11-11 10:01:07,2025-11-11 10:01:07,2025-11-11 10:01:07
806,299,181,4,"Not what I expected, but still worth it.",2026-01-16 05:11:46,2026-01-16 05:11:46,2026-01-16 05:11:46
807,847,486,1,"Not what I expected, but still worth it.",2026-01-07 06:04:47,2026-01-07 06:04:47,2026-01-07 06:04:47
808,201,64,4,A bit slow to start but picked up later.,2025-11-11 16:51:42,2025-11-11 16:51:42,2025-11-11 16:51:42
809,765,1,3,Would recommend to a friend.,2025-12-11 22:21:04,2025-12-11 22:21:04,2025-12-11 22:21:04
810,996,87,3,"Decent, but I have seen better.",2025-09-08 23:41:58,2025-09-08 23:41:58,2025-09-08 23:41:58
811,80,83,5,"Solid entry, will check out more from this title.",2026-03-23 22:42:36,2026-03-23 22:42:36,2026-03-23 22:42:36
812,2,247,5,"Solid entry, will check out more from this title.",2026-03-29 11:41:08,2026-03-29 11:41:08,2026-03-29 11:41:08
813,711,370,2,One of the better titles in this category.,2026-04-21 14:33:39,2026-04-21 14:33:39,2026-04-21 14:33:39
814,790,109,4,"Decent, but I have seen better.",2025-07-22 20:41:09,2025-07-22 20:41:09,2025-07-22 20:41:09
815,163,18,4,Didn't fully connect with the storyline.,2025-07-20 01:09:34,2025-07-20 01:09:34,2025-07-20 01:09:34
816,858,176,4,Didn't fully connect with the storyline.,2025-06-08 19:10:53,2025-06-08 19:10:53,2025-06-08 19:10:53
817,145,132,1,Really enjoyed the pacing and the cast.,2026-03-11 09:28:11,2026-03-11 09:28:11,2026-03-11 09:28:11
818,746,238,4,Loved the soundtrack and visuals.,2026-02-22 23:35:03,2026-02-22 23:35:03,2026-02-22 23:35:03
819,561,305,5,"Decent, but I have seen better.",2025-09-10 17:18:19,2025-09-10 17:18:19,2025-09-10 17:18:19
820,469,334,5,,2025-11-18 21:23:02,2025-11-18 21:23:02,2025-11-18 21:23:02
821,51,523,4,"Decent, but I have seen better.",2026-02-06 23:11:45,2026-02-06 23:11:45,2026-02-06 23:11:45
822,803,165,3,Loved the soundtrack and visuals.,2025-08-18 11:35:00,2025-08-18 11:35:00,2025-08-18 11:35:00
823,793,398,5,"Decent, but I have seen better.",2026-04-16 01:01:58,2026-04-16 01:01:58,2026-04-16 01:01:58
824,824,570,4,A bit slow to start but picked up later.,2025-10-19 12:28:51,2025-10-19 12:28:51,2025-10-19 12:28:51
825,670,551,3,"Not what I expected, but still worth it.",2025-12-16 03:19:59,2025-12-16 03:19:59,2025-12-16 03:19:59
826,521,470,5,One of the better titles in this category.,2026-04-12 19:31:10,2026-04-12 19:31:10,2026-04-12 19:31:10
827,174,292,5,"Solid entry, will check out more from this title.",2026-02-27 18:17:07,2026-02-27 18:17:07,2026-02-27 18:17:07
828,408,41,2,"Solid entry, will check out more from this title.",2025-09-23 05:04:17,2025-09-23 05:04:17,2025-09-23 05:04:17
829,182,424,5,Really enjoyed the pacing and the cast.,2025-08-29 01:09:02,2025-08-29 01:09:02,2025-08-29 01:09:02
830,126,96,4,"Decent, but I have seen better.",2025-08-07 05:34:49,2025-08-07 05:34:49,2025-08-07 05:34:49
831,899,316,4,Really enjoyed the pacing and the cast.,2026-03-06 09:06:05,2026-03-06 09:06:05,2026-03-06 09:06:05
832,669,464,4,Loved the soundtrack and visuals.,2025-11-13 06:22:22,2025-11-13 06:22:22,2025-11-13 06:22:22
833,513,523,4,"Decent, but I have seen better.",2026-05-26 10:08:50,2026-05-26 10:08:50,2026-05-26 10:08:50
834,938,409,3,,2025-09-04 08:04:56,2025-09-04 08:04:56,2025-09-04 08:04:56
835,494,262,5,A bit slow to start but picked up later.,2026-01-03 05:18:08,2026-01-03 05:18:08,2026-01-03 05:18:08
836,888,489,4,,2026-05-10 00:56:25,2026-05-10 00:56:25,2026-05-10 00:56:25
837,219,595,4,"Not what I expected, but still worth it.",2025-06-13 03:38:20,2025-06-13 03:38:20,2025-06-13 03:38:20
838,499,282,3,Really enjoyed the pacing and the cast.,2026-04-19 23:07:50,2026-04-19 23:07:50,2026-04-19 23:07:50
839,697,213,3,Would recommend to a friend.,2025-11-11 00:04:48,2025-11-11 00:04:48,2025-11-11 00:04:48
840,344,51,4,Really enjoyed the pacing and the cast.,2025-09-03 18:40:18,2025-09-03 18:40:18,2025-09-03 18:40:18
841,166,251,4,"Decent, but I have seen better.",2025-12-05 06:20:30,2025-12-05 06:20:30,2025-12-05 06:20:30
842,927,33,5,Didn't fully connect with the storyline.,2025-06-18 01:28:28,2025-06-18 01:28:28,2025-06-18 01:28:28
843,210,44,4,"Great picture quality, average story.",2026-05-21 15:23:26,2026-05-21 15:23:26,2026-05-21 15:23:26
844,949,54,1,A bit slow to start but picked up later.,2025-06-23 10:30:34,2025-06-23 10:30:34,2025-06-23 10:30:34
845,464,105,4,Would recommend to a friend.,2026-03-19 00:55:21,2026-03-19 00:55:21,2026-03-19 00:55:21
846,928,192,5,Would recommend to a friend.,2026-01-10 04:26:46,2026-01-10 04:26:46,2026-01-10 04:26:46
847,598,493,2,Loved the soundtrack and visuals.,2026-01-22 10:57:45,2026-01-22 10:57:45,2026-01-22 10:57:45
848,686,308,3,"Solid entry, will check out more from this title.",2025-09-21 05:19:48,2025-09-21 05:19:48,2025-09-21 05:19:48
849,352,460,4,"Great picture quality, average story.",2025-11-08 15:12:24,2025-11-08 15:12:24,2025-11-08 15:12:24
850,816,89,4,Really enjoyed the pacing and the cast.,2025-08-18 11:26:57,2025-08-18 11:26:57,2025-08-18 11:26:57
851,197,561,4,Loved the soundtrack and visuals.,2025-09-20 12:05:11,2025-09-20 12:05:11,2025-09-20 12:05:11
852,599,460,5,"Not what I expected, but still worth it.",2025-07-01 18:46:21,2025-07-01 18:46:21,2025-07-01 18:46:21
853,440,257,3,A bit slow to start but picked up later.,2025-10-13 05:33:26,2025-10-13 05:33:26,2025-10-13 05:33:26
854,909,522,4,"Decent, but I have seen better.",2025-09-25 11:30:17,2025-09-25 11:30:17,2025-09-25 11:30:17
855,94,255,3,Really enjoyed the pacing and the cast.,2025-11-01 20:58:50,2025-11-01 20:58:50,2025-11-01 20:58:50
856,117,270,4,Really enjoyed the pacing and the cast.,2026-01-15 12:31:25,2026-01-15 12:31:25,2026-01-15 12:31:25
857,556,182,5,Would recommend to a friend.,2026-01-22 11:35:57,2026-01-22 11:35:57,2026-01-22 11:35:57
858,638,55,3,"Decent, but I have seen better.",2025-09-29 11:56:31,2025-09-29 11:56:31,2025-09-29 11:56:31
859,612,522,4,,2025-08-28 23:04:56,2025-08-28 23:04:56,2025-08-28 23:04:56
860,329,21,5,Didn't fully connect with the storyline.,2025-10-20 06:20:19,2025-10-20 06:20:19,2025-10-20 06:20:19
861,875,24,5,"Solid entry, will check out more from this title.",2025-11-17 18:00:59,2025-11-17 18:00:59,2025-11-17 18:00:59
862,481,53,3,Loved the soundtrack and visuals.,2025-06-08 00:03:08,2025-06-08 00:03:08,2025-06-08 00:03:08
863,485,224,5,,2026-05-24 08:15:33,2026-05-24 08:15:33,2026-05-24 08:15:33
864,161,372,5,Would recommend to a friend.,2026-04-01 11:44:03,2026-04-01 11:44:03,2026-04-01 11:44:03
865,537,369,4,Loved the soundtrack and visuals.,2026-04-09 07:01:35,2026-04-09 07:01:35,2026-04-09 07:01:35
866,669,37,3,Didn't fully connect with the storyline.,2026-03-18 14:03:31,2026-03-18 14:03:31,2026-03-18 14:03:31
867,177,406,3,"Solid entry, will check out more from this title.",2026-05-18 14:24:28,2026-05-18 14:24:28,2026-05-18 14:24:28
868,32,383,5,"Decent, but I have seen better.",2026-05-29 17:59:02,2026-05-29 17:59:02,2026-05-29 17:59:02
869,130,577,5,One of the better titles in this category.,2025-12-24 23:46:51,2025-12-24 23:46:51,2025-12-24 23:46:51
870,53,257,5,"Not what I expected, but still worth it.",2025-10-14 04:16:28,2025-10-14 04:16:28,2025-10-14 04:16:28
871,870,575,5,Loved the soundtrack and visuals.,2026-03-29 14:28:23,2026-03-29 14:28:23,2026-03-29 14:28:23
872,730,186,5,One of the better titles in this category.,2025-06-22 14:12:59,2025-06-22 14:12:59,2025-06-22 14:12:59
873,295,450,1,"Great picture quality, average story.",2026-04-04 12:01:40,2026-04-04 12:01:40,2026-04-04 12:01:40
874,669,62,2,"Great picture quality, average story.",2025-08-04 13:43:26,2025-08-04 13:43:26,2025-08-04 13:43:26
875,948,357,5,"Decent, but I have seen better.",2025-06-12 11:14:44,2025-06-12 11:14:44,2025-06-12 11:14:44
876,137,248,3,Really enjoyed the pacing and the cast.,2026-03-17 01:46:40,2026-03-17 01:46:40,2026-03-17 01:46:40
877,1000,337,3,"Solid entry, will check out more from this title.",2026-05-15 03:30:43,2026-05-15 03:30:43,2026-05-15 03:30:43
878,87,503,4,Really enjoyed the pacing and the cast.,2026-05-30 03:35:40,2026-05-30 03:35:40,2026-05-30 03:35:40
879,18,363,4,"Great picture quality, average story.",2025-10-05 15:49:37,2025-10-05 15:49:37,2025-10-05 15:49:37
880,141,409,4,"Decent, but I have seen better.",2026-03-19 02:26:27,2026-03-19 02:26:27,2026-03-19 02:26:27
881,274,300,2,"Solid entry, will check out more from this title.",2025-08-29 10:23:45,2025-08-29 10:23:45,2025-08-29 10:23:45
882,184,411,5,A bit slow to start but picked up later.,2025-10-11 08:15:45,2025-10-11 08:15:45,2025-10-11 08:15:45
883,632,583,4,A bit slow to start but picked up later.,2026-03-28 04:58:28,2026-03-28 04:58:28,2026-03-28 04:58:28
884,736,521,5,Loved the soundtrack and visuals.,2026-05-05 00:32:21,2026-05-05 00:32:21,2026-05-05 00:32:21
885,906,552,4,"Solid entry, will check out more from this title.",2025-09-28 08:03:56,2025-09-28 08:03:56,2025-09-28 08:03:56
886,259,298,2,Would recommend to a friend.,2025-12-08 05:27:13,2025-12-08 05:27:13,2025-12-08 05:27:13
887,190,252,5,"Solid entry, will check out more from this title.",2025-07-11 06:44:20,2025-07-11 06:44:20,2025-07-11 06:44:20
888,833,512,5,"Great picture quality, average story.",2026-02-19 08:01:07,2026-02-19 08:01:07,2026-02-19 08:01:07
889,413,262,4,Really enjoyed the pacing and the cast.,2025-11-20 15:21:19,2025-11-20 15:21:19,2025-11-20 15:21:19
890,45,239,4,Didn't fully connect with the storyline.,2025-07-18 06:56:21,2025-07-18 06:56:21,2025-07-18 06:56:21
891,35,592,4,Would recommend to a friend.,2025-08-13 17:08:23,2025-08-13 17:08:23,2025-08-13 17:08:23
892,175,457,3,Loved the soundtrack and visuals.,2025-08-07 05:10:01,2025-08-07 05:10:01,2025-08-07 05:10:01
893,263,61,4,Loved the soundtrack and visuals.,2026-03-03 21:59:26,2026-03-03 21:59:26,2026-03-03 21:59:26
894,914,24,4,Really enjoyed the pacing and the cast.,2025-11-10 05:40:02,2025-11-10 05:40:02,2025-11-10 05:40:02
895,83,481,4,Really enjoyed the pacing and the cast.,2025-10-30 13:28:27,2025-10-30 13:28:27,2025-10-30 13:28:27
896,142,517,4,Loved the soundtrack and visuals.,2025-06-19 09:08:31,2025-06-19 09:08:31,2025-06-19 09:08:31
897,638,262,4,"Not what I expected, but still worth it.",2025-10-22 13:48:37,2025-10-22 13:48:37,2025-10-22 13:48:37
898,708,171,2,Didn't fully connect with the storyline.,2025-08-20 02:25:59,2025-08-20 02:25:59,2025-08-20 02:25:59
899,926,278,5,Would recommend to a friend.,2026-03-06 20:37:05,2026-03-06 20:37:05,2026-03-06 20:37:05
900,591,403,4,"Great picture quality, average story.",2026-05-24 21:50:05,2026-05-24 21:50:05,2026-05-24 21:50:05
901,30,497,5,"Decent, but I have seen better.",2025-10-16 13:56:57,2025-10-16 13:56:57,2025-10-16 13:56:57
902,424,236,3,"Decent, but I have seen better.",2026-05-29 02:02:31,2026-05-29 02:02:31,2026-05-29 02:02:31
903,241,54,4,"Solid entry, will check out more from this title.",2025-09-20 16:03:49,2025-09-20 16:03:49,2025-09-20 16:03:49
904,192,570,3,A bit slow to start but picked up later.,2025-06-16 20:17:41,2025-06-16 20:17:41,2025-06-16 20:17:41
905,40,46,4,"Decent, but I have seen better.",2025-06-13 02:36:20,2025-06-13 02:36:20,2025-06-13 02:36:20
906,192,495,4,One of the better titles in this category.,2025-08-21 11:42:56,2025-08-21 11:42:56,2025-08-21 11:42:56
907,801,415,1,"Decent, but I have seen better.",2026-02-11 11:26:19,2026-02-11 11:26:19,2026-02-11 11:26:19
908,631,417,4,"Solid entry, will check out more from this title.",2026-02-18 01:25:57,2026-02-18 01:25:57,2026-02-18 01:25:57
909,688,464,5,"Not what I expected, but still worth it.",2026-03-29 12:37:49,2026-03-29 12:37:49,2026-03-29 12:37:49
910,215,144,5,"Great picture quality, average story.",2025-10-03 16:46:18,2025-10-03 16:46:18,2025-10-03 16:46:18
911,85,557,3,A bit slow to start but picked up later.,2025-06-16 02:25:44,2025-06-16 02:25:44,2025-06-16 02:25:44
912,46,99,4,One of the better titles in this category.,2026-03-29 22:20:47,2026-03-29 22:20:47,2026-03-29 22:20:47
913,260,16,5,Really enjoyed the pacing and the cast.,2026-06-01 18:49:16,2026-06-01 18:49:16,2026-06-01 18:49:16
914,501,546,5,,2025-10-26 17:55:52,2025-10-26 17:55:52,2025-10-26 17:55:52
915,487,13,5,"Solid entry, will check out more from this title.",2025-12-30 05:42:18,2025-12-30 05:42:18,2025-12-30 05:42:18
916,814,55,5,"Not what I expected, but still worth it.",2026-01-22 05:39:16,2026-01-22 05:39:16,2026-01-22 05:39:16
917,98,39,3,Would recommend to a friend.,2026-02-13 23:32:30,2026-02-13 23:32:30,2026-02-13 23:32:30
918,184,385,5,"Solid entry, will check out more from this title.",2025-09-23 05:53:15,2025-09-23 05:53:15,2025-09-23 05:53:15
919,486,199,4,A bit slow to start but picked up later.,2025-11-28 10:50:55,2025-11-28 10:50:55,2025-11-28 10:50:55
920,565,31,3,A bit slow to start but picked up later.,2026-02-27 07:02:07,2026-02-27 07:02:07,2026-02-27 07:02:07
921,863,31,4,"Not what I expected, but still worth it.",2025-08-01 18:52:01,2025-08-01 18:52:01,2025-08-01 18:52:01
922,493,126,4,Didn't fully connect with the storyline.,2025-07-07 21:17:18,2025-07-07 21:17:18,2025-07-07 21:17:18
923,712,548,3,"Not what I expected, but still worth it.",2025-09-07 04:25:49,2025-09-07 04:25:49,2025-09-07 04:25:49
924,218,406,3,Didn't fully connect with the storyline.,2025-08-04 00:53:56,2025-08-04 00:53:56,2025-08-04 00:53:56
925,52,225,5,"Solid entry, will check out more from this title.",2026-02-06 01:26:22,2026-02-06 01:26:22,2026-02-06 01:26:22
926,599,141,1,Didn't fully connect with the storyline.,2026-03-18 05:08:26,2026-03-18 05:08:26,2026-03-18 05:08:26
927,371,428,5,"Great picture quality, average story.",2025-06-25 23:14:19,2025-06-25 23:14:19,2025-06-25 23:14:19
928,835,11,3,"Decent, but I have seen better.",2025-12-11 02:36:16,2025-12-11 02:36:16,2025-12-11 02:36:16
929,600,37,4,Loved the soundtrack and visuals.,2025-08-04 09:12:07,2025-08-04 09:12:07,2025-08-04 09:12:07
930,428,174,5,"Decent, but I have seen better.",2025-09-17 15:08:45,2025-09-17 15:08:45,2025-09-17 15:08:45
931,728,81,3,Really enjoyed the pacing and the cast.,2026-05-05 18:03:49,2026-05-05 18:03:49,2026-05-05 18:03:49
932,99,114,4,"Not what I expected, but still worth it.",2025-07-27 13:19:49,2025-07-27 13:19:49,2025-07-27 13:19:49
933,135,45,4,"Not what I expected, but still worth it.",2026-01-17 10:22:11,2026-01-17 10:22:11,2026-01-17 10:22:11
934,394,170,4,Loved the soundtrack and visuals.,2025-10-08 23:06:31,2025-10-08 23:06:31,2025-10-08 23:06:31
935,934,452,4,"Decent, but I have seen better.",2025-07-03 21:40:13,2025-07-03 21:40:13,2025-07-03 21:40:13
936,333,510,2,Loved the soundtrack and visuals.,2025-12-03 07:01:56,2025-12-03 07:01:56,2025-12-03 07:01:56
937,269,550,1,A bit slow to start but picked up later.,2025-09-19 18:16:39,2025-09-19 18:16:39,2025-09-19 18:16:39
938,733,577,0,Really enjoyed the pacing and the cast.,2025-06-26 20:32:54,2025-06-26 20:32:54,2025-06-26 20:32:54
939,374,560,5,Would recommend to a friend.,2025-08-12 02:47:56,2025-08-12 02:47:56,2025-08-12 02:47:56
940,509,298,5,"Decent, but I have seen better.",2025-07-11 22:47:31,2025-07-11 22:47:31,2025-07-11 22:47:31
941,827,153,5,"Solid entry, will check out more from this title.",2026-01-06 17:26:09,2026-01-06 17:26:09,2026-01-06 17:26:09
942,601,486,5,"Not what I expected, but still worth it.",2025-11-28 08:20:22,2025-11-28 08:20:22,2025-11-28 08:20:22
943,665,219,5,"Not what I expected, but still worth it.",2025-11-01 03:57:54,2025-11-01 03:57:54,2025-11-01 03:57:54
944,201,152,5,"Solid entry, will check out more from this title.",2026-01-04 17:09:22,2026-01-04 17:09:22,2026-01-04 17:09:22
945,42,508,4,Would recommend to a friend.,2025-09-15 08:53:09,2025-09-15 08:53:09,2025-09-15 08:53:09
946,84,322,5,One of the better titles in this category.,2025-11-03 12:32:37,2025-11-03 12:32:37,2025-11-03 12:32:37
947,322,88,5,Didn't fully connect with the storyline.,2025-07-17 23:24:28,2025-07-17 23:24:28,2025-07-17 23:24:28
948,309,437,4,Really enjoyed the pacing and the cast.,2025-09-27 08:22:43,2025-09-27 08:22:43,2025-09-27 08:22:43
949,905,315,3,"Great picture quality, average story.",2026-04-07 14:46:18,2026-04-07 14:46:18,2026-04-07 14:46:18
950,317,235,5,Loved the soundtrack and visuals.,2025-07-26 03:43:59,2025-07-26 03:43:59,2025-07-26 03:43:59
951,766,169,3,One of the better titles in this category.,2025-10-20 04:21:06,2025-10-20 04:21:06,2025-10-20 04:21:06
952,549,237,5,Really enjoyed the pacing and the cast.,2025-08-15 01:41:32,2025-08-15 01:41:32,2025-08-15 01:41:32
953,971,304,5,"Not what I expected, but still worth it.",2025-12-12 17:57:32,2025-12-12 17:57:32,2025-12-12 17:57:32
954,854,350,5,Didn't fully connect with the storyline.,2026-03-04 05:05:38,2026-03-04 05:05:38,2026-03-04 05:05:38
955,32,162,5,Would recommend to a friend.,2025-10-11 21:34:57,2025-10-11 21:34:57,2025-10-11 21:34:57
956,513,414,3,"Great picture quality, average story.",2025-11-15 09:38:58,2025-11-15 09:38:58,2025-11-15 09:38:58
957,869,390,4,One of the better titles in this category.,2026-05-20 10:25:46,2026-05-20 10:25:46,2026-05-20 10:25:46
958,73,193,5,Would recommend to a friend.,2026-02-24 13:18:36,2026-02-24 13:18:36,2026-02-24 13:18:36
959,254,319,5,"Decent, but I have seen better.",2026-05-11 20:53:32,2026-05-11 20:53:32,2026-05-11 20:53:32
960,906,593,4,Didn't fully connect with the storyline.,2025-07-26 07:29:13,2025-07-26 07:29:13,2025-07-26 07:29:13
961,402,448,5,"Decent, but I have seen better.",2026-02-15 17:12:55,2026-02-15 17:12:55,2026-02-15 17:12:55
962,460,339,4,"Solid entry, will check out more from this title.",2025-08-23 09:50:21,2025-08-23 09:50:21,2025-08-23 09:50:21
963,563,300,3,"Solid entry, will check out more from this title.",2026-02-28 05:15:48,2026-02-28 05:15:48,2026-02-28 05:15:48
964,107,204,1,Really enjoyed the pacing and the cast.,2026-04-01 18:25:36,2026-04-01 18:25:36,2026-04-01 18:25:36
965,445,254,5,A bit slow to start but picked up later.,2025-08-05 08:37:16,2025-08-05 08:37:16,2025-08-05 08:37:16
966,920,473,3,Really enjoyed the pacing and the cast.,2025-10-27 17:16:14,2025-10-27 17:16:14,2025-10-27 17:16:14
967,571,213,3,"Solid entry, will check out more from this title.",2026-04-29 09:32:03,2026-04-29 09:32:03,2026-04-29 09:32:03
968,21,195,4,Would recommend to a friend.,2025-08-23 18:24:44,2025-08-23 18:24:44,2025-08-23 18:24:44
969,289,483,3,Didn't fully connect with the storyline.,2026-05-04 09:22:48,2026-05-04 09:22:48,2026-05-04 09:22:48
970,777,196,4,One of the better titles in this category.,2025-11-11 15:12:07,2025-11-11 15:12:07,2025-11-11 15:12:07
971,115,519,5,Really enjoyed the pacing and the cast.,2025-10-27 19:53:04,2025-10-27 19:53:04,2025-10-27 19:53:04
972,771,115,2,Loved the soundtrack and visuals.,2025-07-15 10:27:42,2025-07-15 10:27:42,2025-07-15 10:27:42
973,829,54,4,"Decent, but I have seen better.",2025-11-27 00:41:37,2025-11-27 00:41:37,2025-11-27 00:41:37
974,295,478,3,"Not what I expected, but still worth it.",2025-08-24 04:59:57,2025-08-24 04:59:57,2025-08-24 04:59:57
975,904,254,3,Really enjoyed the pacing and the cast.,2026-01-09 00:24:27,2026-01-09 00:24:27,2026-01-09 00:24:27
976,68,151,5,,2025-07-22 14:05:06,2025-07-22 14:05:06,2025-07-22 14:05:06
977,747,66,4,A bit slow to start but picked up later.,2026-04-27 23:07:18,2026-04-27 23:07:18,2026-04-27 23:07:18
978,457,465,5,One of the better titles in this category.,2025-07-04 04:35:13,2025-07-04 04:35:13,2025-07-04 04:35:13
979,394,128,2,Loved the soundtrack and visuals.,2025-11-10 06:35:35,2025-11-10 06:35:35,2025-11-10 06:35:35
980,635,267,5,"Solid entry, will check out more from this title.",2026-03-27 16:56:35,2026-03-27 16:56:35,2026-03-27 16:56:35
981,41,155,1,Would recommend to a friend.,2026-01-24 01:20:54,2026-01-24 01:20:54,2026-01-24 01:20:54
982,900,98,1,"Not what I expected, but still worth it.",2026-04-20 02:02:54,2026-04-20 02:02:54,2026-04-20 02:02:54
983,36,33,3,"Great picture quality, average story.",2025-11-29 16:51:53,2025-11-29 16:51:53,2025-11-29 16:51:53
984,664,439,5,Really enjoyed the pacing and the cast.,2025-09-27 02:34:00,2025-09-27 02:34:00,2025-09-27 02:34:00
985,237,377,1,"Not what I expected, but still worth it.",2025-08-09 07:43:32,2025-08-09 07:43:32,2025-08-09 07:43:32
986,88,149,3,One of the better titles in this category.,2025-07-06 08:45:08,2025-07-06 08:45:08,2025-07-06 08:45:08
987,214,363,5,"Decent, but I have seen better.",2025-10-18 17:50:21,2025-10-18 17:50:21,2025-10-18 17:50:21
988,290,144,4,"Not what I expected, but still worth it.",2025-10-08 07:42:02,2025-10-08 07:42:02,2025-10-08 07:42:02
989,583,577,5,One of the better titles in this category.,2025-09-08 06:36:15,2025-09-08 06:36:15,2025-09-08 06:36:15
990,300,319,5,"Decent, but I have seen better.",2025-06-19 17:01:24,2025-06-19 17:01:24,2025-06-19 17:01:24
991,155,404,1,Loved the soundtrack and visuals.,2026-04-16 22:44:53,2026-04-16 22:44:53,2026-04-16 22:44:53
992,134,429,5,"Great picture quality, average story.",2026-02-26 19:32:57,2026-02-26 19:32:57,2026-02-26 19:32:57
993,532,384,5,"Not what I expected, but still worth it.",2025-07-21 15:49:58,2025-07-21 15:49:58,2025-07-21 15:49:58
994,250,473,4,A bit slow to start but picked up later.,2026-01-08 16:14:25,2026-01-08 16:14:25,2026-01-08 16:14:25
995,339,467,5,"Solid entry, will check out more from this title.",2025-07-28 21:52:04,2025-07-28 21:52:04,2025-07-28 21:52:04
996,282,127,3,Loved the soundtrack and visuals.,2025-10-07 17:47:39,2025-10-07 17:47:39,2025-10-07 17:47:39
997,923,495,1,"Great picture quality, average story.",2026-04-19 00:57:22,2026-04-19 00:57:22,2026-04-19 00:57:22
998,221,237,4,Loved the soundtrack and visuals.,2026-02-15 05:45:09,2026-02-15 05:45:09,2026-02-15 05:45:09
999,961,134,4,Loved the soundtrack and visuals.,2026-04-30 12:40:54,2026-04-30 12:40:54,2026-04-30 12:40:54
1000,775,85,5,"Not what I expected, but still worth it.",2025-09-30 02:29:54,2025-09-30 02:29:54,2025-09-30 02:29:54
1001,296,540,1,"Not what I expected, but still worth it.",2025-11-12 13:15:57,2025-11-12 13:15:57,2025-11-12 13:15:57
1002,238,386,5,"Great picture quality, average story.",2025-07-20 17:41:45,2025-07-20 17:41:45,2025-07-20 17:41:45
1003,467,347,1,Would recommend to a friend.,2026-01-10 13:14:47,2026-01-10 13:14:47,2026-01-10 13:14:47
1004,491,418,1,Loved the soundtrack and visuals.,2025-12-08 13:39:01,2025-12-08 13:39:01,2025-12-08 13:39:01
1005,896,542,5,"Solid entry, will check out more from this title.",2026-03-17 21:04:36,2026-03-17 21:04:36,2026-03-17 21:04:36
1006,872,276,4,Would recommend to a friend.,2025-10-11 14:33:39,2025-10-11 14:33:39,2025-10-11 14:33:39
1007,225,509,4,A bit slow to start but picked up later.,2025-08-26 08:26:44,2025-08-26 08:26:44,2025-08-26 08:26:44
1008,142,452,5,Loved the soundtrack and visuals.,2025-08-23 13:25:57,2025-08-23 13:25:57,2025-08-23 13:25:57
1009,772,174,1,"Solid entry, will check out more from this title.",2025-07-01 16:18:05,2025-07-01 16:18:05,2025-07-01 16:18:05
1010,233,255,5,A bit slow to start but picked up later.,2025-07-10 00:27:25,2025-07-10 00:27:25,2025-07-10 00:27:25
1011,44,259,5,One of the better titles in this category.,2025-12-02 12:55:55,2025-12-02 12:55:55,2025-12-02 12:55:55
1012,502,340,4,"Solid entry, will check out more from this title.",2025-10-06 14:00:17,2025-10-06 14:00:17,2025-10-06 14:00:17
1013,999,257,4,Didn't fully connect with the storyline.,2026-03-18 03:45:56,2026-03-18 03:45:56,2026-03-18 03:45:56
1014,23,512,4,Loved the soundtrack and visuals.,2025-08-21 00:32:02,2025-08-21 00:32:02,2025-08-21 00:32:02
1015,658,80,5,One of the better titles in this category.,2025-09-30 20:54:04,2025-09-30 20:54:04,2025-09-30 20:54:04
1016,514,218,1,"Decent, but I have seen better.",2025-11-12 03:28:29,2025-11-12 03:28:29,2025-11-12 03:28:29
1017,40,287,2,,2025-09-28 20:14:49,2025-09-28 20:14:49,2025-09-28 20:14:49
1018,604,400,5,"Solid entry, will check out more from this title.",2026-04-26 10:18:12,2026-04-26 10:18:12,2026-04-26 10:18:12
1019,213,247,3,,2025-07-04 15:17:29,2025-07-04 15:17:29,2025-07-04 15:17:29
1020,432,48,5,Really enjoyed the pacing and the cast.,2025-10-04 09:41:16,2025-10-04 09:41:16,2025-10-04 09:41:16
1021,837,310,5,Would recommend to a friend.,2025-10-29 03:23:47,2025-10-29 03:23:47,2025-10-29 03:23:47
1022,356,291,2,"Great picture quality, average story.",2025-09-21 16:24:45,2025-09-21 16:24:45,2025-09-21 16:24:45
1023,2,216,5,"Decent, but I have seen better.",2026-01-17 23:07:18,2026-01-17 23:07:18,2026-01-17 23:07:18
1024,602,20,5,One of the better titles in this category.,2025-12-07 06:39:23,2025-12-07 06:39:23,2025-12-07 06:39:23
1025,727,7,5,"Solid entry, will check out more from this title.",2026-05-14 00:49:38,2026-05-14 00:49:38,2026-05-14 00:49:38
1026,127,579,5,"Not what I expected, but still worth it.",2025-10-27 08:01:13,2025-10-27 08:01:13,2025-10-27 08:01:13
1027,712,588,5,"Great picture quality, average story.",2026-05-13 04:31:31,2026-05-13 04:31:31,2026-05-13 04:31:31
1028,427,450,3,A bit slow to start but picked up later.,2026-02-02 23:57:19,2026-02-02 23:57:19,2026-02-02 23:57:19
1029,821,83,3,"Great picture quality, average story.",2025-12-19 04:39:06,2025-12-19 04:39:06,2025-12-19 04:39:06
1030,502,9,5,One of the better titles in this category.,2025-11-26 03:35:12,2025-11-26 03:35:12,2025-11-26 03:35:12
1031,685,153,4,"Great picture quality, average story.",2025-09-27 02:12:47,2025-09-27 02:12:47,2025-09-27 02:12:47
1032,31,377,5,"Solid entry, will check out more from this title.",2026-04-06 19:22:44,2026-04-06 19:22:44,2026-04-06 19:22:44
1033,20,329,2,A bit slow to start but picked up later.,2026-02-06 05:27:49,2026-02-06 05:27:49,2026-02-06 05:27:49
1034,847,265,4,Really enjoyed the pacing and the cast.,2025-07-27 23:10:15,2025-07-27 23:10:15,2025-07-27 23:10:15
1035,314,156,3,"Great picture quality, average story.",2025-11-22 16:39:02,2025-11-22 16:39:02,2025-11-22 16:39:02
1036,978,580,4,"Great picture quality, average story.",2025-09-25 14:40:52,2025-09-25 14:40:52,2025-09-25 14:40:52
1037,858,171,3,A bit slow to start but picked up later.,2026-04-21 02:27:34,2026-04-21 02:27:34,2026-04-21 02:27:34
1038,696,416,5,"Great picture quality, average story.",2025-07-26 03:17:19,2025-07-26 03:17:19,2025-07-26 03:17:19
1039,330,84,5,Didn't fully connect with the storyline.,2025-11-30 01:17:16,2025-11-30 01:17:16,2025-11-30 01:17:16
1040,637,217,1,Loved the soundtrack and visuals.,2025-10-12 20:52:15,2025-10-12 20:52:15,2025-10-12 20:52:15
1041,211,412,5,"Great picture quality, average story.",2025-07-06 18:18:00,2025-07-06 18:18:00,2025-07-06 18:18:00
1042,589,428,3,Really enjoyed the pacing and the cast.,2026-01-22 14:09:08,2026-01-22 14:09:08,2026-01-22 14:09:08
1043,202,378,5,"Solid entry, will check out more from this title.",2025-09-10 04:26:30,2025-09-10 04:26:30,2025-09-10 04:26:30
1044,529,530,5,A bit slow to start but picked up later.,2025-07-08 04:57:27,2025-07-08 04:57:27,2025-07-08 04:57:27
1045,95,544,4,"Decent, but I have seen better.",2025-08-27 17:10:28,2025-08-27 17:10:28,2025-08-27 17:10:28
1046,380,476,2,Really enjoyed the pacing and the cast.,2025-06-12 04:20:55,2025-06-12 04:20:55,2025-06-12 04:20:55
1047,177,29,3,"Great picture quality, average story.",2025-07-01 15:19:12,2025-07-01 15:19:12,2025-07-01 15:19:12
1048,528,33,5,A bit slow to start but picked up later.,2026-02-08 16:41:29,2026-02-08 16:41:29,2026-02-08 16:41:29
1049,870,230,5,"Great picture quality, average story.",2025-09-04 12:40:28,2025-09-04 12:40:28,2025-09-04 12:40:28
1050,700,321,4,Didn't fully connect with the storyline.,2025-06-24 14:59:23,2025-06-24 14:59:23,2025-06-24 14:59:23
1051,917,1,4,Loved the soundtrack and visuals.,2026-01-23 11:32:06,2026-01-23 11:32:06,2026-01-23 11:32:06
1052,208,437,1,Would recommend to a friend.,2025-09-24 13:10:08,2025-09-24 13:10:08,2025-09-24 13:10:08
1053,288,223,3,"Decent, but I have seen better.",2025-08-05 21:48:56,2025-08-05 21:48:56,2025-08-05 21:48:56
1054,344,7,5,Really enjoyed the pacing and the cast.,2026-01-23 04:15:35,2026-01-23 04:15:35,2026-01-23 04:15:35
1055,876,374,4,"Not what I expected, but still worth it.",2026-03-17 19:06:31,2026-03-17 19:06:31,2026-03-17 19:06:31
1056,190,361,4,Loved the soundtrack and visuals.,2026-01-17 20:07:46,2026-01-17 20:07:46,2026-01-17 20:07:46
1057,855,284,5,Really enjoyed the pacing and the cast.,2025-07-07 11:45:12,2025-07-07 11:45:12,2025-07-07 11:45:12
1058,441,467,5,"Solid entry, will check out more from this title.",2026-02-05 04:03:56,2026-02-05 04:03:56,2026-02-05 04:03:56
1059,723,201,5,Didn't fully connect with the storyline.,2026-01-07 13:53:23,2026-01-07 13:53:23,2026-01-07 13:53:23
1060,542,419,4,"Solid entry, will check out more from this title.",2026-03-31 09:13:35,2026-03-31 09:13:35,2026-03-31 09:13:35
1061,268,347,5,Didn't fully connect with the storyline.,2026-02-12 08:40:03,2026-02-12 08:40:03,2026-02-12 08:40:03
1062,82,334,5,"Great picture quality, average story.",2026-05-31 11:29:53,2026-05-31 11:29:53,2026-05-31 11:29:53
1063,840,326,5,One of the better titles in this category.,2026-05-26 16:49:23,2026-05-26 16:49:23,2026-05-26 16:49:23
1064,125,225,4,Loved the soundtrack and visuals.,2025-10-22 17:30:44,2025-10-22 17:30:44,2025-10-22 17:30:44
1065,373,245,4,One of the better titles in this category.,2026-03-21 23:46:38,2026-03-21 23:46:38,2026-03-21 23:46:38
1066,124,116,5,"Decent, but I have seen better.",2026-04-24 21:40:49,2026-04-24 21:40:49,2026-04-24 21:40:49
1067,519,575,3,"Solid entry, will check out more from this title.",2025-11-16 16:35:24,2025-11-16 16:35:24,2025-11-16 16:35:24
1068,894,570,4,Didn't fully connect with the storyline.,2026-04-04 14:33:05,2026-04-04 14:33:05,2026-04-04 14:33:05
1069,846,463,3,One of the better titles in this category.,2025-07-24 22:46:47,2025-07-24 22:46:47,2025-07-24 22:46:47
1070,23,532,5,"Decent, but I have seen better.",2025-06-14 01:00:50,2025-06-14 01:00:50,2025-06-14 01:00:50
1071,46,172,5,Loved the soundtrack and visuals.,2025-12-14 06:43:04,2025-12-14 06:43:04,2025-12-14 06:43:04
1072,691,470,5,Loved the soundtrack and visuals.,2025-07-12 19:28:05,2025-07-12 19:28:05,2025-07-12 19:28:05
1073,781,144,4,Really enjoyed the pacing and the cast.,2025-06-20 21:25:33,2025-06-20 21:25:33,2025-06-20 21:25:33
1074,323,378,4,Didn't fully connect with the storyline.,2025-08-10 07:43:55,2025-08-10 07:43:55,2025-08-10 07:43:55
1075,180,326,3,Would recommend to a friend.,2026-03-28 17:40:24,2026-03-28 17:40:24,2026-03-28 17:40:24
1076,326,145,4,"Not what I expected, but still worth it.",2026-01-05 22:02:56,2026-01-05 22:02:56,2026-01-05 22:02:56
1077,919,221,5,Would recommend to a friend.,2026-04-05 09:48:00,2026-04-05 09:48:00,2026-04-05 09:48:00
1078,9,564,4,Loved the soundtrack and visuals.,2025-06-18 23:11:09,2025-06-18 23:11:09,2025-06-18 23:11:09
1079,906,460,3,Didn't fully connect with the storyline.,2025-06-18 11:14:56,2025-06-18 11:14:56,2025-06-18 11:14:56
1080,430,280,3,Really enjoyed the pacing and the cast.,2026-02-04 17:19:42,2026-02-04 17:19:42,2026-02-04 17:19:42
1081,701,261,3,One of the better titles in this category.,2026-01-04 18:11:28,2026-01-04 18:11:28,2026-01-04 18:11:28
1082,223,103,5,Really enjoyed the pacing and the cast.,2026-01-03 17:57:17,2026-01-03 17:57:17,2026-01-03 17:57:17
1083,175,334,3,Didn't fully connect with the storyline.,2025-06-30 23:19:41,2025-06-30 23:19:41,2025-06-30 23:19:41
1084,756,557,2,Didn't fully connect with the storyline.,2026-01-22 02:55:03,2026-01-22 02:55:03,2026-01-22 02:55:03
1085,905,302,4,Loved the soundtrack and visuals.,2025-12-31 03:43:17,2025-12-31 03:43:17,2025-12-31 03:43:17
1086,376,27,4,One of the better titles in this category.,2026-05-25 22:54:24,2026-05-25 22:54:24,2026-05-25 22:54:24
1087,284,330,4,Would recommend to a friend.,2025-09-24 01:25:43,2025-09-24 01:25:43,2025-09-24 01:25:43
1088,629,73,3,"Solid entry, will check out more from this title.",2025-10-26 03:04:32,2025-10-26 03:04:32,2025-10-26 03:04:32
1089,341,170,4,"Great picture quality, average story.",2025-08-08 12:57:37,2025-08-08 12:57:37,2025-08-08 12:57:37
1090,842,175,4,Would recommend to a friend.,2025-06-30 13:59:19,2025-06-30 13:59:19,2025-06-30 13:59:19
1091,630,560,1,,2026-05-23 17:31:49,2026-05-23 17:31:49,2026-05-23 17:31:49
1092,214,235,1,Really enjoyed the pacing and the cast.,2025-10-08 00:37:35,2025-10-08 00:37:35,2025-10-08 00:37:35
1093,198,508,5,A bit slow to start but picked up later.,2025-08-01 07:16:54,2025-08-01 07:16:54,2025-08-01 07:16:54
1094,533,148,4,"Not what I expected, but still worth it.",2026-05-30 15:07:50,2026-05-30 15:07:50,2026-05-30 15:07:50
1095,674,321,4,A bit slow to start but picked up later.,2025-11-27 20:53:53,2025-11-27 20:53:53,2025-11-27 20:53:53
1096,974,131,5,"Great picture quality, average story.",2025-08-26 00:09:49,2025-08-26 00:09:49,2025-08-26 00:09:49
1097,521,300,5,"Not what I expected, but still worth it.",2025-07-15 05:44:21,2025-07-15 05:44:21,2025-07-15 05:44:21
1098,632,63,4,"Great picture quality, average story.",2026-02-25 07:13:36,2026-02-25 07:13:36,2026-02-25 07:13:36
1099,442,593,4,A bit slow to start but picked up later.,2025-10-02 16:44:54,2025-10-02 16:44:54,2025-10-02 16:44:54
1100,314,392,4,Didn't fully connect with the storyline.,2025-08-26 14:23:04,2025-08-26 14:23:04,2025-08-26 14:23:04
1101,389,338,5,A bit slow to start but picked up later.,2026-04-16 19:07:18,2026-04-16 19:07:18,2026-04-16 19:07:18
1102,546,595,4,Would recommend to a friend.,2026-05-27 11:11:50,2026-05-27 11:11:50,2026-05-27 11:11:50
1103,664,243,4,"Great picture quality, average story.",2025-12-25 17:39:33,2025-12-25 17:39:33,2025-12-25 17:39:33
1104,679,432,4,"Not what I expected, but still worth it.",2026-05-06 18:20:14,2026-05-06 18:20:14,2026-05-06 18:20:14
1105,172,336,4,Would recommend to a friend.,2025-12-20 12:41:21,2025-12-20 12:41:21,2025-12-20 12:41:21
1106,513,346,5,Would recommend to a friend.,2025-12-25 07:22:16,2025-12-25 07:22:16,2025-12-25 07:22:16
1107,580,591,5,One of the better titles in this category.,2026-04-25 19:43:08,2026-04-25 19:43:08,2026-04-25 19:43:08
1108,643,140,4,"Decent, but I have seen better.",2025-06-11 07:20:52,2025-06-11 07:20:52,2025-06-11 07:20:52
1109,11,419,2,A bit slow to start but picked up later.,2026-05-12 12:19:26,2026-05-12 12:19:26,2026-05-12 12:19:26
1110,392,521,2,"Great picture quality, average story.",2026-04-17 04:21:32,2026-04-17 04:21:32,2026-04-17 04:21:32
1111,773,255,5,Loved the soundtrack and visuals.,2026-03-04 00:24:03,2026-03-04 00:24:03,2026-03-04 00:24:03
1112,725,366,4,Didn't fully connect with the storyline.,2025-12-16 03:50:34,2025-12-16 03:50:34,2025-12-16 03:50:34
1113,234,279,1,Didn't fully connect with the storyline.,2025-06-13 18:00:59,2025-06-13 18:00:59,2025-06-13 18:00:59
1114,750,542,4,"Not what I expected, but still worth it.",2026-04-18 14:20:10,2026-04-18 14:20:10,2026-04-18 14:20:10
1115,64,317,5,Didn't fully connect with the storyline.,2025-07-21 12:02:56,2025-07-21 12:02:56,2025-07-21 12:02:56
1116,398,599,4,"Great picture quality, average story.",2026-02-24 00:11:15,2026-02-24 00:11:15,2026-02-24 00:11:15
1117,721,440,4,Really enjoyed the pacing and the cast.,2025-11-19 05:10:24,2025-11-19 05:10:24,2025-11-19 05:10:24
1118,826,422,4,Didn't fully connect with the storyline.,2026-03-14 14:15:36,2026-03-14 14:15:36,2026-03-14 14:15:36
1119,475,490,4,Really enjoyed the pacing and the cast.,2025-08-29 02:41:58,2025-08-29 02:41:58,2025-08-29 02:41:58
1120,747,441,3,One of the better titles in this category.,2025-07-30 23:43:31,2025-07-30 23:43:31,2025-07-30 23:43:31
1121,458,255,5,A bit slow to start but picked up later.,2026-04-10 07:15:41,2026-04-10 07:15:41,2026-04-10 07:15:41
1122,180,268,5,Didn't fully connect with the storyline.,2025-06-30 17:44:28,2025-06-30 17:44:28,2025-06-30 17:44:28
1123,527,80,5,Really enjoyed the pacing and the cast.,2025-12-07 16:07:48,2025-12-07 16:07:48,2025-12-07 16:07:48
1124,365,283,4,"Solid entry, will check out more from this title.",2026-05-31 18:45:15,2026-05-31 18:45:15,2026-05-31 18:45:15
1125,543,260,3,Really enjoyed the pacing and the cast.,2026-01-15 04:52:51,2026-01-15 04:52:51,2026-01-15 04:52:51
1126,535,61,4,"Solid entry, will check out more from this title.",2025-08-08 23:31:59,2025-08-08 23:31:59,2025-08-08 23:31:59
1127,252,301,4,Loved the soundtrack and visuals.,2025-08-08 18:05:42,2025-08-08 18:05:42,2025-08-08 18:05:42
1128,974,135,5,"Not what I expected, but still worth it.",2025-10-17 19:30:10,2025-10-17 19:30:10,2025-10-17 19:30:10
1129,364,99,5,One of the better titles in this category.,2026-04-17 09:10:08,2026-04-17 09:10:08,2026-04-17 09:10:08
1130,573,513,5,"Not what I expected, but still worth it.",2025-10-06 08:16:38,2025-10-06 08:16:38,2025-10-06 08:16:38
1131,395,539,5,A bit slow to start but picked up later.,2025-11-27 04:14:30,2025-11-27 04:14:30,2025-11-27 04:14:30
1132,646,303,3,A bit slow to start but picked up later.,2025-12-13 02:14:13,2025-12-13 02:14:13,2025-12-13 02:14:13
1133,275,505,5,Didn't fully connect with the storyline.,2026-03-30 23:48:55,2026-03-30 23:48:55,2026-03-30 23:48:55
1134,417,582,4,Didn't fully connect with the storyline.,2026-02-22 01:02:23,2026-02-22 01:02:23,2026-02-22 01:02:23
1135,529,390,4,Really enjoyed the pacing and the cast.,2025-06-22 05:05:46,2025-06-22 05:05:46,2025-06-22 05:05:46
1136,738,101,4,"Solid entry, will check out more from this title.",2026-01-25 14:46:36,2026-01-25 14:46:36,2026-01-25 14:46:36
1137,45,202,5,"Not what I expected, but still worth it.",2025-12-28 01:20:01,2025-12-28 01:20:01,2025-12-28 01:20:01
1138,230,100,4,"Solid entry, will check out more from this title.",2025-09-24 09:30:31,2025-09-24 09:30:31,2025-09-24 09:30:31
1139,564,338,5,"Decent, but I have seen better.",2025-10-30 07:39:34,2025-10-30 07:39:34,2025-10-30 07:39:34
1140,176,455,5,Really enjoyed the pacing and the cast.,2025-08-25 08:24:50,2025-08-25 08:24:50,2025-08-25 08:24:50
1141,211,381,5,A bit slow to start but picked up later.,2025-08-06 22:23:44,2025-08-06 22:23:44,2025-08-06 22:23:44
1142,581,395,5,"Solid entry, will check out more from this title.",2025-10-06 22:42:51,2025-10-06 22:42:51,2025-10-06 22:42:51
1143,992,13,2,"Not what I expected, but still worth it.",2025-09-11 01:45:54,2025-09-11 01:45:54,2025-09-11 01:45:54
1144,627,176,5,"Decent, but I have seen better.",2025-11-21 02:12:15,2025-11-21 02:12:15,2025-11-21 02:12:15
1145,697,371,3,Would recommend to a friend.,2026-02-05 16:54:21,2026-02-05 16:54:21,2026-02-05 16:54:21
1146,203,35,5,Loved the soundtrack and visuals.,2026-06-01 04:24:03,2026-06-01 04:24:03,2026-06-01 04:24:03
1147,983,259,5,One of the better titles in this category.,2025-10-10 11:22:54,2025-10-10 11:22:54,2025-10-10 11:22:54
1148,658,523,5,Didn't fully connect with the storyline.,2026-04-05 18:55:14,2026-04-05 18:55:14,2026-04-05 18:55:14
1149,118,411,0,A bit slow to start but picked up later.,2026-05-03 14:39:01,2026-05-03 14:39:01,2026-05-03 14:39:01
1150,342,66,5,Would recommend to a friend.,2025-06-11 20:25:45,2025-06-11 20:25:45,2025-06-11 20:25:45
1151,944,154,4,"Great picture quality, average story.",2025-11-05 23:29:55,2025-11-05 23:29:55,2025-11-05 23:29:55
1152,91,158,4,Would recommend to a friend.,2025-10-18 09:13:56,2025-10-18 09:13:56,2025-10-18 09:13:56
1153,670,54,5,"Not what I expected, but still worth it.",2025-10-17 07:54:33,2025-10-17 07:54:33,2025-10-17 07:54:33
1154,36,332,5,"Decent, but I have seen better.",2025-12-05 02:55:00,2025-12-05 02:55:00,2025-12-05 02:55:00
1155,106,382,4,A bit slow to start but picked up later.,2025-08-22 04:35:37,2025-08-22 04:35:37,2025-08-22 04:35:37
1156,654,341,2,,2025-09-01 07:08:52,2025-09-01 07:08:52,2025-09-01 07:08:52
1157,819,207,1,"Great picture quality, average story.",2025-09-23 20:45:49,2025-09-23 20:45:49,2025-09-23 20:45:49
1158,331,167,2,Really enjoyed the pacing and the cast.,2025-11-13 19:43:18,2025-11-13 19:43:18,2025-11-13 19:43:18
1159,109,436,5,"Solid entry, will check out more from this title.",2025-11-13 20:28:47,2025-11-13 20:28:47,2025-11-13 20:28:47
1160,770,159,3,A bit slow to start but picked up later.,2025-11-14 06:35:55,2025-11-14 06:35:55,2025-11-14 06:35:55
1161,656,592,2,"Great picture quality, average story.",2025-11-24 06:40:07,2025-11-24 06:40:07,2025-11-24 06:40:07
1162,489,130,5,"Decent, but I have seen better.",2026-05-15 06:56:17,2026-05-15 06:56:17,2026-05-15 06:56:17
1163,401,400,5,Didn't fully connect with the storyline.,2026-04-25 02:25:26,2026-04-25 02:25:26,2026-04-25 02:25:26
1164,325,119,2,"Decent, but I have seen better.",2025-07-23 01:12:20,2025-07-23 01:12:20,2025-07-23 01:12:20
1165,551,87,3,Didn't fully connect with the storyline.,2025-07-27 08:39:17,2025-07-27 08:39:17,2025-07-27 08:39:17
1166,212,163,3,One of the better titles in this category.,2025-12-12 02:54:24,2025-12-12 02:54:24,2025-12-12 02:54:24
1167,901,335,4,"Solid entry, will check out more from this title.",2026-02-27 13:08:02,2026-02-27 13:08:02,2026-02-27 13:08:02
1168,625,104,4,"Decent, but I have seen better.",2026-02-23 20:05:16,2026-02-23 20:05:16,2026-02-23 20:05:16
1169,382,553,3,Loved the soundtrack and visuals.,2026-04-29 12:19:07,2026-04-29 12:19:07,2026-04-29 12:19:07
1170,488,522,5,A bit slow to start but picked up later.,2026-05-25 23:54:25,2026-05-25 23:54:25,2026-05-25 23:54:25
1171,169,584,5,A bit slow to start but picked up later.,2025-06-22 16:25:20,2025-06-22 16:25:20,2025-06-22 16:25:20
1172,913,404,2,Didn't fully connect with the storyline.,2025-12-05 14:49:16,2025-12-05 14:49:16,2025-12-05 14:49:16
1173,292,137,4,"Not what I expected, but still worth it.",2026-05-03 01:10:47,2026-05-03 01:10:47,2026-05-03 01:10:47
1174,840,439,1,"Great picture quality, average story.",2025-11-13 05:42:57,2025-11-13 05:42:57,2025-11-13 05:42:57
1175,368,476,3,"Solid entry, will check out more from this title.",2026-04-09 16:48:44,2026-04-09 16:48:44,2026-04-09 16:48:44
1176,815,182,5,"Not what I expected, but still worth it.",2026-02-04 02:19:45,2026-02-04 02:19:45,2026-02-04 02:19:45
1177,674,71,5,Loved the soundtrack and visuals.,2026-04-26 07:00:57,2026-04-26 07:00:57,2026-04-26 07:00:57
1178,314,379,4,A bit slow to start but picked up later.,2026-04-10 07:03:43,2026-04-10 07:03:43,2026-04-10 07:03:43
1179,601,357,3,Loved the soundtrack and visuals.,2025-09-11 18:44:42,2025-09-11 18:44:42,2025-09-11 18:44:42
1180,296,589,4,Would recommend to a friend.,2026-05-31 02:05:04,2026-05-31 02:05:04,2026-05-31 02:05:04
1181,23,235,4,A bit slow to start but picked up later.,2025-07-07 07:17:32,2025-07-07 07:17:32,2025-07-07 07:17:32
1182,990,354,4,"Great picture quality, average story.",2026-03-29 04:04:27,2026-03-29 04:04:27,2026-03-29 04:04:27
1183,457,405,5,Loved the soundtrack and visuals.,2026-03-14 09:56:04,2026-03-14 09:56:04,2026-03-14 09:56:04
1184,3,348,2,"Not what I expected, but still worth it.",2026-01-16 02:41:56,2026-01-16 02:41:56,2026-01-16 02:41:56
1185,690,211,4,"Not what I expected, but still worth it.",2025-07-30 09:44:12,2025-07-30 09:44:12,2025-07-30 09:44:12
1186,989,350,5,"Great picture quality, average story.",2026-03-20 06:49:36,2026-03-20 06:49:36,2026-03-20 06:49:36
1187,713,523,5,Loved the soundtrack and visuals.,2025-09-06 14:40:57,2025-09-06 14:40:57,2025-09-06 14:40:57
1188,617,227,1,"Great picture quality, average story.",2026-05-15 13:55:18,2026-05-15 13:55:18,2026-05-15 13:55:18
1189,708,536,3,"Not what I expected, but still worth it.",2025-09-07 21:37:27,2025-09-07 21:37:27,2025-09-07 21:37:27
1190,622,299,3,"Decent, but I have seen better.",2025-10-19 20:43:34,2025-10-19 20:43:34,2025-10-19 20:43:34
1191,730,53,4,"Decent, but I have seen better.",2026-04-15 21:42:34,2026-04-15 21:42:34,2026-04-15 21:42:34
1192,287,573,4,"Decent, but I have seen better.",2026-03-24 00:33:25,2026-03-24 00:33:25,2026-03-24 00:33:25
1193,954,591,5,"Solid entry, will check out more from this title.",2026-03-22 01:21:59,2026-03-22 01:21:59,2026-03-22 01:21:59
1194,302,198,3,Would recommend to a friend.,2025-10-22 04:19:50,2025-10-22 04:19:50,2025-10-22 04:19:50
1195,149,425,4,A bit slow to start but picked up later.,2026-02-13 14:18:44,2026-02-13 14:18:44,2026-02-13 14:18:44
1196,899,493,1,Really enjoyed the pacing and the cast.,2025-09-28 06:41:08,2025-09-28 06:41:08,2025-09-28 06:41:08
1197,902,407,3,"Great picture quality, average story.",2026-05-13 23:48:16,2026-05-13 23:48:16,2026-05-13 23:48:16
1198,160,532,4,Really enjoyed the pacing and the cast.,2026-01-05 14:23:22,2026-01-05 14:23:22,2026-01-05 14:23:22
1199,259,315,5,"Great picture quality, average story.",2026-05-26 18:01:35,2026-05-26 18:01:35,2026-05-26 18:01:35
1200,102,436,4,A bit slow to start but picked up later.,2025-08-01 22:52:05,2025-08-01 22:52:05,2025-08-01 22:52:05
1201,845,277,4,One of the better titles in this category.,2026-03-12 09:46:22,2026-03-12 09:46:22,2026-03-12 09:46:22
1202,356,315,4,"Solid entry, will check out more from this title.",2025-07-24 20:09:20,2025-07-24 20:09:20,2025-07-24 20:09:20
1203,759,510,4,Really enjoyed the pacing and the cast.,2026-01-18 09:25:29,2026-01-18 09:25:29,2026-01-18 09:25:29
1204,982,23,5,"Great picture quality, average story.",2026-03-22 18:35:27,2026-03-22 18:35:27,2026-03-22 18:35:27
1205,296,423,5,One of the better titles in this category.,2026-02-21 18:32:29,2026-02-21 18:32:29,2026-02-21 18:32:29
1206,103,225,1,"Solid entry, will check out more from this title.",2025-09-09 11:20:02,2025-09-09 11:20:02,2025-09-09 11:20:02
1207,348,321,5,Loved the soundtrack and visuals.,2025-10-13 04:03:59,2025-10-13 04:03:59,2025-10-13 04:03:59
1208,51,523,3,"Decent, but I have seen better.",2025-07-31 17:49:55,2025-07-31 17:49:55,2025-07-31 17:49:55
1209,431,224,5,One of the better titles in this category.,2025-06-22 16:38:48,2025-06-22 16:38:48,2025-06-22 16:38:48
1210,838,421,4,"Solid entry, will check out more from this title.",2025-11-04 18:51:41,2025-11-04 18:51:41,2025-11-04 18:51:41
1211,632,12,4,Didn't fully connect with the storyline.,2026-03-11 10:15:48,2026-03-11 10:15:48,2026-03-11 10:15:48
1212,882,439,5,Loved the soundtrack and visuals.,2025-09-13 02:47:12,2025-09-13 02:47:12,2025-09-13 02:47:12
1213,810,165,4,Didn't fully connect with the storyline.,2026-02-01 07:13:35,2026-02-01 07:13:35,2026-02-01 07:13:35
1214,995,87,4,Didn't fully connect with the storyline.,2025-11-21 14:07:31,2025-11-21 14:07:31,2025-11-21 14:07:31
1215,200,26,3,Didn't fully connect with the storyline.,2026-01-29 13:35:56,2026-01-29 13:35:56,2026-01-29 13:35:56
1216,658,248,3,A bit slow to start but picked up later.,2025-10-05 04:20:59,2025-10-05 04:20:59,2025-10-05 04:20:59
1217,112,78,5,"Decent, but I have seen better.",2026-03-08 01:08:41,2026-03-08 01:08:41,2026-03-08 01:08:41
1218,955,203,5,Didn't fully connect with the storyline.,2025-08-27 07:34:29,2025-08-27 07:34:29,2025-08-27 07:34:29
1219,758,412,4,Didn't fully connect with the storyline.,2025-06-06 17:34:00,2025-06-06 17:34:00,2025-06-06 17:34:00
1220,988,1,4,"Not what I expected, but still worth it.",2026-04-12 08:14:39,2026-04-12 08:14:39,2026-04-12 08:14:39
1221,891,238,3,Loved the soundtrack and visuals.,2026-02-26 23:28:58,2026-02-26 23:28:58,2026-02-26 23:28:58
1222,917,445,4,A bit slow to start but picked up later.,2025-09-01 07:40:23,2025-09-01 07:40:23,2025-09-01 07:40:23
1223,58,112,3,A bit slow to start but picked up later.,2025-09-06 13:01:26,2025-09-06 13:01:26,2025-09-06 13:01:26
1224,433,122,4,One of the better titles in this category.,2025-07-10 08:08:37,2025-07-10 08:08:37,2025-07-10 08:08:37
1225,458,184,4,Would recommend to a friend.,2025-09-06 15:25:41,2025-09-06 15:25:41,2025-09-06 15:25:41
1226,328,419,2,One of the better titles in this category.,2026-05-17 11:38:51,2026-05-17 11:38:51,2026-05-17 11:38:51
1227,483,300,4,"Decent, but I have seen better.",2025-11-15 21:37:22,2025-11-15 21:37:22,2025-11-15 21:37:22
1228,857,380,2,Would recommend to a friend.,2025-09-11 07:07:34,2025-09-11 07:07:34,2025-09-11 07:07:34
1229,62,119,3,Didn't fully connect with the storyline.,2026-04-22 22:03:51,2026-04-22 22:03:51,2026-04-22 22:03:51
1230,370,13,3,"Not what I expected, but still worth it.",2025-09-15 04:45:01,2025-09-15 04:45:01,2025-09-15 04:45:01
1231,175,352,4,Didn't fully connect with the storyline.,2025-07-22 07:27:18,2025-07-22 07:27:18,2025-07-22 07:27:18
1232,99,264,5,"Not what I expected, but still worth it.",2026-05-24 13:39:18,2026-05-24 13:39:18,2026-05-24 13:39:18
1233,64,517,5,"Not what I expected, but still worth it.",2025-07-22 12:25:43,2025-07-22 12:25:43,2025-07-22 12:25:43
1234,54,340,5,Loved the soundtrack and visuals.,2025-08-01 12:14:40,2025-08-01 12:14:40,2025-08-01 12:14:40
1235,40,463,4,One of the better titles in this category.,2025-12-16 05:29:09,2025-12-16 05:29:09,2025-12-16 05:29:09
1236,29,584,4,"Great picture quality, average story.",2025-07-14 13:36:33,2025-07-14 13:36:33,2025-07-14 13:36:33
1237,524,91,5,Really enjoyed the pacing and the cast.,2026-04-04 17:24:01,2026-04-04 17:24:01,2026-04-04 17:24:01
1238,147,349,3,"Not what I expected, but still worth it.",2026-05-28 16:22:14,2026-05-28 16:22:14,2026-05-28 16:22:14
1239,694,350,3,"Not what I expected, but still worth it.",2026-01-28 08:34:37,2026-01-28 08:34:37,2026-01-28 08:34:37
1240,531,577,3,Loved the soundtrack and visuals.,2026-03-25 21:44:49,2026-03-25 21:44:49,2026-03-25 21:44:49
1241,280,87,5,Really enjoyed the pacing and the cast.,2025-10-18 19:36:39,2025-10-18 19:36:39,2025-10-18 19:36:39
1242,554,151,3,"Solid entry, will check out more from this title.",2025-10-04 14:43:22,2025-10-04 14:43:22,2025-10-04 14:43:22
1243,888,330,4,"Decent, but I have seen better.",2025-10-18 11:19:07,2025-10-18 11:19:07,2025-10-18 11:19:07
1244,691,557,5,,2025-08-22 10:53:20,2025-08-22 10:53:20,2025-08-22 10:53:20
1245,384,121,5,Loved the soundtrack and visuals.,2026-02-17 08:55:13,2026-02-17 08:55:13,2026-02-17 08:55:13
1246,37,456,4,"Not what I expected, but still worth it.",2026-04-23 04:23:22,2026-04-23 04:23:22,2026-04-23 04:23:22
1247,344,452,5,Didn't fully connect with the storyline.,2025-08-18 16:02:02,2025-08-18 16:02:02,2025-08-18 16:02:02
1248,493,295,5,"Solid entry, will check out more from this title.",2025-06-06 14:53:14,2025-06-06 14:53:14,2025-06-06 14:53:14
1249,569,396,4,Really enjoyed the pacing and the cast.,2026-01-29 10:30:37,2026-01-29 10:30:37,2026-01-29 10:30:37
1250,710,73,3,"Decent, but I have seen better.",2025-09-06 06:56:47,2025-09-06 06:56:47,2025-09-06 06:56:47
1251,615,496,4,"Great picture quality, average story.",2025-09-29 00:39:44,2025-09-29 00:39:44,2025-09-29 00:39:44
1252,47,574,4,Would recommend to a friend.,2025-08-05 07:29:10,2025-08-05 07:29:10,2025-08-05 07:29:10
1253,822,311,5,One of the better titles in this category.,2026-01-20 18:18:58,2026-01-20 18:18:58,2026-01-20 18:18:58
1254,127,483,4,"Decent, but I have seen better.",2025-12-17 11:16:48,2025-12-17 11:16:48,2025-12-17 11:16:48
1255,369,265,4,A bit slow to start but picked up later.,2026-03-17 00:57:34,2026-03-17 00:57:34,2026-03-17 00:57:34
1256,889,510,5,Didn't fully connect with the storyline.,2026-02-01 18:23:52,2026-02-01 18:23:52,2026-02-01 18:23:52
1257,68,272,4,A bit slow to start but picked up later.,2025-06-24 12:20:04,2025-06-24 12:20:04,2025-06-24 12:20:04
1258,855,300,4,Didn't fully connect with the storyline.,2025-10-11 13:20:45,2025-10-11 13:20:45,2025-10-11 13:20:45
1259,774,480,4,A bit slow to start but picked up later.,2025-11-03 14:04:34,2025-11-03 14:04:34,2025-11-03 14:04:34
1260,381,548,5,Didn't fully connect with the storyline.,2026-01-09 03:37:12,2026-01-09 03:37:12,2026-01-09 03:37:12
1261,397,213,5,Didn't fully connect with the storyline.,2025-08-22 03:30:42,2025-08-22 03:30:42,2025-08-22 03:30:42
1262,880,350,3,A bit slow to start but picked up later.,2026-05-18 20:08:54,2026-05-18 20:08:54,2026-05-18 20:08:54
1263,425,303,5,A bit slow to start but picked up later.,2026-01-05 13:10:20,2026-01-05 13:10:20,2026-01-05 13:10:20
1264,181,27,5,Loved the soundtrack and visuals.,2026-04-14 20:02:25,2026-04-14 20:02:25,2026-04-14 20:02:25
1265,74,528,4,One of the better titles in this category.,2026-03-15 19:19:48,2026-03-15 19:19:48,2026-03-15 19:19:48
1266,706,470,5,A bit slow to start but picked up later.,2026-04-29 18:04:16,2026-04-29 18:04:16,2026-04-29 18:04:16
1267,656,186,5,"Not what I expected, but still worth it.",2026-05-08 08:41:02,2026-05-08 08:41:02,2026-05-08 08:41:02
1268,645,12,3,Really enjoyed the pacing and the cast.,2025-09-15 22:15:35,2025-09-15 22:15:35,2025-09-15 22:15:35
1269,162,382,3,,2025-09-30 14:20:58,2025-09-30 14:20:58,2025-09-30 14:20:58
1270,216,44,5,Loved the soundtrack and visuals.,2025-08-29 17:54:32,2025-08-29 17:54:32,2025-08-29 17:54:32
1271,391,267,3,Really enjoyed the pacing and the cast.,2026-01-09 05:02:39,2026-01-09 05:02:39,2026-01-09 05:02:39
1272,647,319,3,A bit slow to start but picked up later.,2026-04-07 23:52:48,2026-04-07 23:52:48,2026-04-07 23:52:48
1273,780,584,5,Loved the soundtrack and visuals.,2026-05-21 04:56:26,2026-05-21 04:56:26,2026-05-21 04:56:26
1274,186,2,3,"Decent, but I have seen better.",2025-07-27 12:28:55,2025-07-27 12:28:55,2025-07-27 12:28:55
1275,70,242,2,"Not what I expected, but still worth it.",2026-05-28 00:49:42,2026-05-28 00:49:42,2026-05-28 00:49:42
1276,438,252,4,A bit slow to start but picked up later.,2026-01-31 19:58:22,2026-01-31 19:58:22,2026-01-31 19:58:22
1277,185,271,2,Really enjoyed the pacing and the cast.,2025-08-25 09:47:04,2025-08-25 09:47:04,2025-08-25 09:47:04
1278,887,259,4,"Great picture quality, average story.",2026-04-14 22:21:55,2026-04-14 22:21:55,2026-04-14 22:21:55
1279,674,477,4,"Decent, but I have seen better.",2025-07-21 18:48:11,2025-07-21 18:48:11,2025-07-21 18:48:11
1280,78,141,5,"Decent, but I have seen better.",2026-01-07 08:43:58,2026-01-07 08:43:58,2026-01-07 08:43:58
1281,835,482,5,Loved the soundtrack and visuals.,2025-11-27 23:41:05,2025-11-27 23:41:05,2025-11-27 23:41:05
1282,854,119,5,Really enjoyed the pacing and the cast.,2025-12-22 23:27:08,2025-12-22 23:27:08,2025-12-22 23:27:08
1283,513,133,3,"Solid entry, will check out more from this title.",2025-06-29 02:23:41,2025-06-29 02:23:41,2025-06-29 02:23:41
1284,453,212,5,Would recommend to a friend.,2026-04-13 10:04:30,2026-04-13 10:04:30,2026-04-13 10:04:30
1285,398,474,5,"Decent, but I have seen better.",2025-06-15 08:04:23,2025-06-15 08:04:23,2025-06-15 08:04:23
1286,52,189,5,"Great picture quality, average story.",2026-03-05 05:11:41,2026-03-05 05:11:41,2026-03-05 05:11:41
1287,779,348,5,"Great picture quality, average story.",2026-03-16 13:57:38,2026-03-16 13:57:38,2026-03-16 13:57:38
1288,335,17,4,One of the better titles in this category.,2026-02-11 11:18:33,2026-02-11 11:18:33,2026-02-11 11:18:33
1289,638,525,3,Really enjoyed the pacing and the cast.,2026-02-16 03:46:19,2026-02-16 03:46:19,2026-02-16 03:46:19
1290,369,392,3,Really enjoyed the pacing and the cast.,2026-03-08 21:27:45,2026-03-08 21:27:45,2026-03-08 21:27:45
1291,878,178,5,"Decent, but I have seen better.",2025-11-15 08:38:28,2025-11-15 08:38:28,2025-11-15 08:38:28
1292,356,322,5,Would recommend to a friend.,2026-02-06 20:42:52,2026-02-06 20:42:52,2026-02-06 20:42:52
1293,35,19,5,One of the better titles in this category.,2025-07-06 17:07:44,2025-07-06 17:07:44,2025-07-06 17:07:44
1294,494,313,5,A bit slow to start but picked up later.,2025-06-07 15:31:42,2025-06-07 15:31:42,2025-06-07 15:31:42
1295,218,407,5,Didn't fully connect with the storyline.,2026-02-03 14:30:34,2026-02-03 14:30:34,2026-02-03 14:30:34
1296,582,159,5,"Decent, but I have seen better.",2025-12-21 00:51:08,2025-12-21 00:51:08,2025-12-21 00:51:08
1297,149,552,5,One of the better titles in this category.,2026-01-29 11:22:26,2026-01-29 11:22:26,2026-01-29 11:22:26
1298,742,427,4,Really enjoyed the pacing and the cast.,2025-10-17 19:06:35,2025-10-17 19:06:35,2025-10-17 19:06:35
1299,193,251,3,Loved the soundtrack and visuals.,2025-07-30 05:53:04,2025-07-30 05:53:04,2025-07-30 05:53:04
1300,731,350,5,"Great picture quality, average story.",2025-11-19 21:01:18,2025-11-19 21:01:18,2025-11-19 21:01:18
1301,140,263,4,"Decent, but I have seen better.",2025-06-29 04:17:02,2025-06-29 04:17:02,2025-06-29 04:17:02
1302,487,205,5,,2026-05-28 11:09:38,2026-05-28 11:09:38,2026-05-28 11:09:38
1303,580,110,5,Loved the soundtrack and visuals.,2025-12-16 13:11:25,2025-12-16 13:11:25,2025-12-16 13:11:25
1304,650,440,2,"Decent, but I have seen better.",2026-05-12 06:14:19,2026-05-12 06:14:19,2026-05-12 06:14:19
1305,120,484,4,"Great picture quality, average story.",2025-11-05 10:24:10,2025-11-05 10:24:10,2025-11-05 10:24:10
1306,377,415,4,Didn't fully connect with the storyline.,2026-01-06 15:28:26,2026-01-06 15:28:26,2026-01-06 15:28:26
1307,591,566,5,Really enjoyed the pacing and the cast.,2026-05-17 12:25:00,2026-05-17 12:25:00,2026-05-17 12:25:00
1308,3,580,5,Really enjoyed the pacing and the cast.,2025-07-14 14:41:08,2025-07-14 14:41:08,2025-07-14 14:41:08
1309,778,207,5,Loved the soundtrack and visuals.,2026-03-04 16:49:21,2026-03-04 16:49:21,2026-03-04 16:49:21
1310,272,417,3,"Not what I expected, but still worth it.",2026-05-07 09:54:33,2026-05-07 09:54:33,2026-05-07 09:54:33
1311,368,142,4,"Great picture quality, average story.",2025-08-14 02:09:12,2025-08-14 02:09:12,2025-08-14 02:09:12
1312,355,476,4,Really enjoyed the pacing and the cast.,2025-11-02 18:14:24,2025-11-02 18:14:24,2025-11-02 18:14:24
1313,124,230,3,"Great picture quality, average story.",2025-06-10 14:47:38,2025-06-10 14:47:38,2025-06-10 14:47:38
1314,58,430,5,A bit slow to start but picked up later.,2026-04-06 08:16:53,2026-04-06 08:16:53,2026-04-06 08:16:53
1315,52,25,5,Didn't fully connect with the storyline.,2025-09-11 19:48:44,2025-09-11 19:48:44,2025-09-11 19:48:44
1316,682,474,4,A bit slow to start but picked up later.,2026-03-11 08:27:43,2026-03-11 08:27:43,2026-03-11 08:27:43
1317,549,439,5,"Great picture quality, average story.",2025-07-31 07:54:41,2025-07-31 07:54:41,2025-07-31 07:54:41
1318,938,571,5,A bit slow to start but picked up later.,2026-05-31 15:32:32,2026-05-31 15:32:32,2026-05-31 15:32:32
1319,26,593,4,Really enjoyed the pacing and the cast.,2025-06-22 07:40:24,2025-06-22 07:40:24,2025-06-22 07:40:24
1320,919,224,5,Didn't fully connect with the storyline.,2025-10-04 18:35:57,2025-10-04 18:35:57,2025-10-04 18:35:57
1321,750,169,3,Didn't fully connect with the storyline.,2026-03-01 12:46:41,2026-03-01 12:46:41,2026-03-01 12:46:41
1322,61,232,4,Would recommend to a friend.,2026-03-23 12:48:24,2026-03-23 12:48:24,2026-03-23 12:48:24
1323,313,452,1,A bit slow to start but picked up later.,2025-10-14 18:40:09,2025-10-14 18:40:09,2025-10-14 18:40:09
1324,848,76,5,"Solid entry, will check out more from this title.",2025-08-23 18:21:07,2025-08-23 18:21:07,2025-08-23 18:21:07
1325,180,207,3,"Decent, but I have seen better.",2026-05-12 18:38:46,2026-05-12 18:38:46,2026-05-12 18:38:46
1326,673,308,4,Loved the soundtrack and visuals.,2025-12-15 07:53:05,2025-12-15 07:53:05,2025-12-15 07:53:05
1327,953,186,5,Would recommend to a friend.,2025-10-24 16:46:19,2025-10-24 16:46:19,2025-10-24 16:46:19
1328,849,469,5,"Solid entry, will check out more from this title.",2026-03-03 19:02:46,2026-03-03 19:02:46,2026-03-03 19:02:46
1329,901,169,5,"Decent, but I have seen better.",2026-03-18 09:41:06,2026-03-18 09:41:06,2026-03-18 09:41:06
1330,963,65,5,Would recommend to a friend.,2025-11-06 16:55:23,2025-11-06 16:55:23,2025-11-06 16:55:23
1331,564,470,4,One of the better titles in this category.,2025-06-16 04:25:09,2025-06-16 04:25:09,2025-06-16 04:25:09
1332,264,229,4,One of the better titles in this category.,2026-05-12 10:12:00,2026-05-12 10:12:00,2026-05-12 10:12:00
1333,617,66,3,Would recommend to a friend.,2025-10-08 01:58:38,2025-10-08 01:58:38,2025-10-08 01:58:38
1334,475,447,5,Really enjoyed the pacing and the cast.,2025-08-20 20:22:58,2025-08-20 20:22:58,2025-08-20 20:22:58
1335,238,157,4,Really enjoyed the pacing and the cast.,2025-06-23 15:58:56,2025-06-23 15:58:56,2025-06-23 15:58:56
1336,58,79,5,A bit slow to start but picked up later.,2026-05-19 14:40:04,2026-05-19 14:40:04,2026-05-19 14:40:04
1337,528,235,3,A bit slow to start but picked up later.,2025-12-10 16:47:04,2025-12-10 16:47:04,2025-12-10 16:47:04
1338,434,128,5,"Decent, but I have seen better.",2025-06-12 06:57:16,2025-06-12 06:57:16,2025-06-12 06:57:16
1339,722,35,3,Would recommend to a friend.,2026-03-03 09:01:03,2026-03-03 09:01:03,2026-03-03 09:01:03
1340,221,421,3,"Not what I expected, but still worth it.",2025-09-05 22:36:24,2025-09-05 22:36:24,2025-09-05 22:36:24
1341,636,563,4,,2026-05-21 22:25:06,2026-05-21 22:25:06,2026-05-21 22:25:06
1342,815,278,4,A bit slow to start but picked up later.,2026-03-24 05:03:42,2026-03-24 05:03:42,2026-03-24 05:03:42
1343,143,536,5,A bit slow to start but picked up later.,2025-06-08 16:38:13,2025-06-08 16:38:13,2025-06-08 16:38:13
1344,535,35,4,Didn't fully connect with the storyline.,2025-12-03 19:35:29,2025-12-03 19:35:29,2025-12-03 19:35:29
1345,303,511,4,Didn't fully connect with the storyline.,2026-04-29 13:20:53,2026-04-29 13:20:53,2026-04-29 13:20:53
1346,140,344,5,One of the better titles in this category.,2025-10-05 04:48:41,2025-10-05 04:48:41,2025-10-05 04:48:41
1347,559,497,4,Really enjoyed the pacing and the cast.,2025-10-06 22:30:44,2025-10-06 22:30:44,2025-10-06 22:30:44
1348,23,270,4,"Solid entry, will check out more from this title.",2025-10-09 08:48:59,2025-10-09 08:48:59,2025-10-09 08:48:59
1349,942,440,5,"Great picture quality, average story.",2026-01-29 16:19:11,2026-01-29 16:19:11,2026-01-29 16:19:11
1350,990,119,4,Didn't fully connect with the storyline.,2026-05-06 06:23:26,2026-05-06 06:23:26,2026-05-06 06:23:26
1351,593,583,2,"Solid entry, will check out more from this title.",2025-11-27 18:28:02,2025-11-27 18:28:02,2025-11-27 18:28:02
1352,802,438,4,"Not what I expected, but still worth it.",2025-10-10 19:27:51,2025-10-10 19:27:51,2025-10-10 19:27:51
1353,947,196,5,Really enjoyed the pacing and the cast.,2025-08-02 14:30:14,2025-08-02 14:30:14,2025-08-02 14:30:14
1354,808,148,3,"Solid entry, will check out more from this title.",2025-10-16 12:13:30,2025-10-16 12:13:30,2025-10-16 12:13:30
1355,70,360,2,Loved the soundtrack and visuals.,2025-11-30 00:20:17,2025-11-30 00:20:17,2025-11-30 00:20:17
1356,67,257,5,Would recommend to a friend.,2025-07-02 10:58:06,2025-07-02 10:58:06,2025-07-02 10:58:06
1357,387,561,5,Loved the soundtrack and visuals.,2025-06-23 00:17:55,2025-06-23 00:17:55,2025-06-23 00:17:55
1358,911,558,4,"Solid entry, will check out more from this title.",2025-09-28 05:38:40,2025-09-28 05:38:40,2025-09-28 05:38:40
1359,940,218,4,"Great picture quality, average story.",2025-07-15 12:47:37,2025-07-15 12:47:37,2025-07-15 12:47:37
1360,318,20,4,Didn't fully connect with the storyline.,2025-12-28 23:19:13,2025-12-28 23:19:13,2025-12-28 23:19:13
1361,523,532,5,"Great picture quality, average story.",2025-07-15 13:22:05,2025-07-15 13:22:05,2025-07-15 13:22:05
1362,855,255,3,"Decent, but I have seen better.",2025-12-05 13:03:59,2025-12-05 13:03:59,2025-12-05 13:03:59
1363,668,380,5,A bit slow to start but picked up later.,2026-02-17 05:14:40,2026-02-17 05:14:40,2026-02-17 05:14:40
1364,249,466,3,Loved the soundtrack and visuals.,2025-09-10 11:40:07,2025-09-10 11:40:07,2025-09-10 11:40:07
1365,311,447,3,Really enjoyed the pacing and the cast.,2026-02-16 15:43:20,2026-02-16 15:43:20,2026-02-16 15:43:20
1366,642,362,5,"Great picture quality, average story.",2025-09-28 02:16:40,2025-09-28 02:16:40,2025-09-28 02:16:40
1367,292,414,1,"Not what I expected, but still worth it.",2025-08-31 01:44:54,2025-08-31 01:44:54,2025-08-31 01:44:54
1368,988,524,2,Loved the soundtrack and visuals.,2025-07-13 10:29:51,2025-07-13 10:29:51,2025-07-13 10:29:51
1369,705,588,4,Really enjoyed the pacing and the cast.,2025-11-14 23:44:54,2025-11-14 23:44:54,2025-11-14 23:44:54
1370,162,231,2,A bit slow to start but picked up later.,2025-06-25 08:36:58,2025-06-25 08:36:58,2025-06-25 08:36:58
1371,916,125,5,"Not what I expected, but still worth it.",2025-07-06 05:27:08,2025-07-06 05:27:08,2025-07-06 05:27:08
1372,866,417,5,A bit slow to start but picked up later.,2026-01-03 09:23:27,2026-01-03 09:23:27,2026-01-03 09:23:27
1373,528,327,5,"Not what I expected, but still worth it.",2026-05-16 08:48:07,2026-05-16 08:48:07,2026-05-16 08:48:07
1374,557,483,3,"Great picture quality, average story.",2025-09-11 08:41:26,2025-09-11 08:41:26,2025-09-11 08:41:26
1375,888,334,5,"Solid entry, will check out more from this title.",2026-04-02 06:17:12,2026-04-02 06:17:12,2026-04-02 06:17:12
1376,862,4,4,Loved the soundtrack and visuals.,2026-05-02 15:42:43,2026-05-02 15:42:43,2026-05-02 15:42:43
1377,244,244,4,One of the better titles in this category.,2025-06-23 18:55:17,2025-06-23 18:55:17,2025-06-23 18:55:17
1378,690,201,3,"Great picture quality, average story.",2026-04-05 17:03:45,2026-04-05 17:03:45,2026-04-05 17:03:45
1379,812,119,5,Loved the soundtrack and visuals.,2026-02-21 18:35:47,2026-02-21 18:35:47,2026-02-21 18:35:47
1380,874,246,1,Didn't fully connect with the storyline.,2025-12-31 05:00:40,2025-12-31 05:00:40,2025-12-31 05:00:40
1381,191,23,3,Loved the soundtrack and visuals.,2025-09-02 17:01:50,2025-09-02 17:01:50,2025-09-02 17:01:50
1382,101,294,5,Really enjoyed the pacing and the cast.,2026-02-07 01:26:39,2026-02-07 01:26:39,2026-02-07 01:26:39
1383,323,401,2,Didn't fully connect with the storyline.,2026-02-06 04:29:31,2026-02-06 04:29:31,2026-02-06 04:29:31
1384,121,37,4,"Solid entry, will check out more from this title.",2026-05-18 07:09:17,2026-05-18 07:09:17,2026-05-18 07:09:17
1385,952,101,1,Didn't fully connect with the storyline.,2025-11-11 18:10:03,2025-11-11 18:10:03,2025-11-11 18:10:03
1386,24,92,4,Really enjoyed the pacing and the cast.,2025-11-14 22:27:55,2025-11-14 22:27:55,2025-11-14 22:27:55
1387,995,17,4,"Decent, but I have seen better.",2026-02-08 22:16:49,2026-02-08 22:16:49,2026-02-08 22:16:49
1388,315,152,4,Loved the soundtrack and visuals.,2026-01-03 20:43:01,2026-01-03 20:43:01,2026-01-03 20:43:01
1389,654,548,3,Loved the soundtrack and visuals.,2025-12-11 13:32:34,2025-12-11 13:32:34,2025-12-11 13:32:34
1390,566,574,3,Really enjoyed the pacing and the cast.,2025-07-29 23:26:24,2025-07-29 23:26:24,2025-07-29 23:26:24
1391,685,474,1,Loved the soundtrack and visuals.,2025-11-04 21:43:59,2025-11-04 21:43:59,2025-11-04 21:43:59
1392,460,414,4,One of the better titles in this category.,2025-07-12 12:30:27,2025-07-12 12:30:27,2025-07-12 12:30:27
1393,398,70,3,Really enjoyed the pacing and the cast.,2025-07-18 22:30:55,2025-07-18 22:30:55,2025-07-18 22:30:55
1394,372,138,4,"Decent, but I have seen better.",2025-11-14 15:44:28,2025-11-14 15:44:28,2025-11-14 15:44:28
1395,151,74,4,"Solid entry, will check out more from this title.",2026-03-04 06:07:42,2026-03-04 06:07:42,2026-03-04 06:07:42
1396,404,431,4,Would recommend to a friend.,2025-07-02 21:28:50,2025-07-02 21:28:50,2025-07-02 21:28:50
1397,979,308,4,Loved the soundtrack and visuals.,2026-05-09 11:22:33,2026-05-09 11:22:33,2026-05-09 11:22:33
1398,476,416,5,"Great picture quality, average story.",2026-02-16 07:04:41,2026-02-16 07:04:41,2026-02-16 07:04:41
1399,584,129,4,"Decent, but I have seen better.",2025-12-21 17:10:20,2025-12-21 17:10:20,2025-12-21 17:10:20
1400,864,191,2,"Not what I expected, but still worth it.",2025-06-10 05:52:37,2025-06-10 05:52:37,2025-06-10 05:52:37
1401,46,19,4,"Solid entry, will check out more from this title.",2025-08-09 03:33:08,2025-08-09 03:33:08,2025-08-09 03:33:08
1402,155,364,3,"Not what I expected, but still worth it.",2026-02-06 13:26:33,2026-02-06 13:26:33,2026-02-06 13:26:33
1403,613,538,2,"Great picture quality, average story.",2026-05-17 11:16:44,2026-05-17 11:16:44,2026-05-17 11:16:44
1404,249,66,1,Really enjoyed the pacing and the cast.,2025-09-01 21:13:30,2025-09-01 21:13:30,2025-09-01 21:13:30
1405,575,540,5,"Great picture quality, average story.",2025-08-05 19:57:24,2025-08-05 19:57:24,2025-08-05 19:57:24
1406,589,326,5,,2025-12-25 16:11:58,2025-12-25 16:11:58,2025-12-25 16:11:58
1407,964,43,5,"Great picture quality, average story.",2025-08-03 07:14:14,2025-08-03 07:14:14,2025-08-03 07:14:14
1408,850,388,3,Didn't fully connect with the storyline.,2025-10-28 10:34:40,2025-10-28 10:34:40,2025-10-28 10:34:40
1409,246,91,3,Would recommend to a friend.,2025-12-14 00:05:57,2025-12-14 00:05:57,2025-12-14 00:05:57
1410,335,433,4,Didn't fully connect with the storyline.,2025-10-20 01:16:37,2025-10-20 01:16:37,2025-10-20 01:16:37
1411,768,90,4,"Not what I expected, but still worth it.",2025-07-30 09:56:33,2025-07-30 09:56:33,2025-07-30 09:56:33
1412,957,293,4,Loved the soundtrack and visuals.,2026-04-04 03:50:48,2026-04-04 03:50:48,2026-04-04 03:50:48
1413,905,268,3,One of the better titles in this category.,2025-12-24 23:41:52,2025-12-24 23:41:52,2025-12-24 23:41:52
1414,466,498,5,Loved the soundtrack and visuals.,2026-01-17 21:08:35,2026-01-17 21:08:35,2026-01-17 21:08:35
1415,509,190,5,A bit slow to start but picked up later.,2026-02-25 22:32:43,2026-02-25 22:32:43,2026-02-25 22:32:43
1416,928,446,5,One of the better titles in this category.,2025-07-02 06:23:07,2025-07-02 06:23:07,2025-07-02 06:23:07
1417,575,156,4,"Solid entry, will check out more from this title.",2026-03-30 02:43:47,2026-03-30 02:43:47,2026-03-30 02:43:47
1418,597,108,5,"Decent, but I have seen better.",2025-10-08 07:55:03,2025-10-08 07:55:03,2025-10-08 07:55:03
1419,850,181,2,One of the better titles in this category.,2025-08-17 17:05:49,2025-08-17 17:05:49,2025-08-17 17:05:49
1420,554,295,3,Would recommend to a friend.,2025-12-19 14:07:21,2025-12-19 14:07:21,2025-12-19 14:07:21
1421,965,510,3,A bit slow to start but picked up later.,2025-11-25 00:57:49,2025-11-25 00:57:49,2025-11-25 00:57:49
1422,868,25,4,"Not what I expected, but still worth it.",2026-03-06 04:36:03,2026-03-06 04:36:03,2026-03-06 04:36:03
1423,283,501,5,"Not what I expected, but still worth it.",2026-03-07 21:59:39,2026-03-07 21:59:39,2026-03-07 21:59:39
1424,396,498,4,One of the better titles in this category.,2025-12-18 12:08:42,2025-12-18 12:08:42,2025-12-18 12:08:42
1425,519,181,4,"Not what I expected, but still worth it.",2026-04-17 09:28:58,2026-04-17 09:28:58,2026-04-17 09:28:58
1426,400,28,5,"Decent, but I have seen better.",2025-10-08 05:54:42,2025-10-08 05:54:42,2025-10-08 05:54:42
1427,327,243,4,"Decent, but I have seen better.",2025-12-26 12:23:34,2025-12-26 12:23:34,2025-12-26 12:23:34
1428,129,308,5,"Not what I expected, but still worth it.",2025-12-13 08:18:32,2025-12-13 08:18:32,2025-12-13 08:18:32
1429,467,289,4,One of the better titles in this category.,2025-11-10 16:15:57,2025-11-10 16:15:57,2025-11-10 16:15:57
1430,832,309,4,Didn't fully connect with the storyline.,2025-10-07 03:44:59,2025-10-07 03:44:59,2025-10-07 03:44:59
1431,437,429,5,Really enjoyed the pacing and the cast.,2025-12-08 18:53:13,2025-12-08 18:53:13,2025-12-08 18:53:13
1432,262,331,4,Would recommend to a friend.,2026-01-02 18:15:22,2026-01-02 18:15:22,2026-01-02 18:15:22
1433,257,581,3,"Decent, but I have seen better.",2026-03-25 12:29:39,2026-03-25 12:29:39,2026-03-25 12:29:39
1434,215,527,5,"Great picture quality, average story.",2025-07-09 23:01:14,2025-07-09 23:01:14,2025-07-09 23:01:14
1435,507,120,3,Really enjoyed the pacing and the cast.,2025-08-12 04:58:33,2025-08-12 04:58:33,2025-08-12 04:58:33
1436,389,497,2,Didn't fully connect with the storyline.,2025-10-15 04:57:50,2025-10-15 04:57:50,2025-10-15 04:57:50
1437,445,537,5,"Great picture quality, average story.",2026-03-23 22:37:12,2026-03-23 22:37:12,2026-03-23 22:37:12
1438,1000,569,4,"Solid entry, will check out more from this title.",2026-05-25 10:19:12,2026-05-25 10:19:12,2026-05-25 10:19:12
1439,510,591,4,"Solid entry, will check out more from this title.",2025-07-05 02:16:01,2025-07-05 02:16:01,2025-07-05 02:16:01
1440,616,374,4,"Solid entry, will check out more from this title.",2026-01-25 07:36:58,2026-01-25 07:36:58,2026-01-25 07:36:58
1441,851,295,4,"Great picture quality, average story.",2025-09-08 17:07:54,2025-09-08 17:07:54,2025-09-08 17:07:54
1442,422,221,5,"Decent, but I have seen better.",2025-11-01 16:14:00,2025-11-01 16:14:00,2025-11-01 16:14:00
1443,525,423,3,"Solid entry, will check out more from this title.",2025-10-27 15:11:52,2025-10-27 15:11:52,2025-10-27 15:11:52
1444,995,319,5,A bit slow to start but picked up later.,2025-08-12 22:53:00,2025-08-12 22:53:00,2025-08-12 22:53:00
1445,617,92,4,Loved the soundtrack and visuals.,2025-09-15 08:17:05,2025-09-15 08:17:05,2025-09-15 08:17:05
1446,672,465,5,"Great picture quality, average story.",2025-11-12 10:44:04,2025-11-12 10:44:04,2025-11-12 10:44:04
1447,322,350,4,"Not what I expected, but still worth it.",2026-02-23 01:37:32,2026-02-23 01:37:32,2026-02-23 01:37:32
1448,72,374,4,"Decent, but I have seen better.",2025-11-07 02:28:14,2025-11-07 02:28:14,2025-11-07 02:28:14
1449,970,251,4,Loved the soundtrack and visuals.,2025-08-04 15:54:22,2025-08-04 15:54:22,2025-08-04 15:54:22
1450,329,143,5,"Great picture quality, average story.",2025-11-13 17:42:51,2025-11-13 17:42:51,2025-11-13 17:42:51
1451,101,512,4,A bit slow to start but picked up later.,2026-05-22 09:25:05,2026-05-22 09:25:05,2026-05-22 09:25:05
1452,409,194,4,Didn't fully connect with the storyline.,2025-06-25 21:35:27,2025-06-25 21:35:27,2025-06-25 21:35:27
1453,639,35,5,"Great picture quality, average story.",2026-03-24 08:48:42,2026-03-24 08:48:42,2026-03-24 08:48:42
1454,273,486,1,Really enjoyed the pacing and the cast.,2025-12-22 04:35:32,2025-12-22 04:35:32,2025-12-22 04:35:32
1455,590,194,3,"Decent, but I have seen better.",2026-02-14 17:04:54,2026-02-14 17:04:54,2026-02-14 17:04:54
1456,163,140,3,Loved the soundtrack and visuals.,2026-02-25 09:36:35,2026-02-25 09:36:35,2026-02-25 09:36:35
1457,804,447,3,Would recommend to a friend.,2025-11-09 00:13:58,2025-11-09 00:13:58,2025-11-09 00:13:58
1458,661,356,5,A bit slow to start but picked up later.,2025-12-02 23:38:55,2025-12-02 23:38:55,2025-12-02 23:38:55
1459,864,485,3,"Solid entry, will check out more from this title.",2026-01-14 06:48:19,2026-01-14 06:48:19,2026-01-14 06:48:19
1460,192,546,3,"Not what I expected, but still worth it.",2025-11-30 06:44:49,2025-11-30 06:44:49,2025-11-30 06:44:49
1461,186,436,5,Would recommend to a friend.,2025-09-19 23:35:27,2025-09-19 23:35:27,2025-09-19 23:35:27
1462,936,337,2,,2025-11-20 11:41:49,2025-11-20 11:41:49,2025-11-20 11:41:49
1463,674,100,4,"Decent, but I have seen better.",2025-11-15 10:36:09,2025-11-15 10:36:09,2025-11-15 10:36:09
1464,362,489,4,Would recommend to a friend.,2026-04-30 05:04:21,2026-04-30 05:04:21,2026-04-30 05:04:21
1465,420,438,5,A bit slow to start but picked up later.,2025-09-29 09:46:20,2025-09-29 09:46:20,2025-09-29 09:46:20
1466,743,341,5,Would recommend to a friend.,2025-12-27 05:43:07,2025-12-27 05:43:07,2025-12-27 05:43:07
1467,913,149,2,One of the better titles in this category.,2025-07-18 16:36:02,2025-07-18 16:36:02,2025-07-18 16:36:02
1468,603,123,4,"Not what I expected, but still worth it.",2026-02-18 02:23:49,2026-02-18 02:23:49,2026-02-18 02:23:49
1469,675,506,5,"Solid entry, will check out more from this title.",2025-07-06 09:57:43,2025-07-06 09:57:43,2025-07-06 09:57:43
1470,494,271,5,Would recommend to a friend.,2025-09-11 18:57:39,2025-09-11 18:57:39,2025-09-11 18:57:39
1471,18,325,5,Loved the soundtrack and visuals.,2026-03-03 23:46:15,2026-03-03 23:46:15,2026-03-03 23:46:15
1472,403,225,4,One of the better titles in this category.,2026-03-24 10:45:00,2026-03-24 10:45:00,2026-03-24 10:45:00
1473,772,175,3,Loved the soundtrack and visuals.,2026-01-02 09:53:24,2026-01-02 09:53:24,2026-01-02 09:53:24
1474,626,501,2,"Great picture quality, average story.",2025-09-07 07:12:49,2025-09-07 07:12:49,2025-09-07 07:12:49
1475,854,273,5,"Great picture quality, average story.",2025-07-30 14:42:51,2025-07-30 14:42:51,2025-07-30 14:42:51
1476,854,322,1,"Not what I expected, but still worth it.",2025-12-31 14:58:49,2025-12-31 14:58:49,2025-12-31 14:58:49
1477,894,396,4,One of the better titles in this category.,2025-12-18 05:23:36,2025-12-18 05:23:36,2025-12-18 05:23:36
1478,82,492,3,Would recommend to a friend.,2025-09-02 09:00:48,2025-09-02 09:00:48,2025-09-02 09:00:48
1479,932,392,1,"Decent, but I have seen better.",2025-06-06 12:39:42,2025-06-06 12:39:42,2025-06-06 12:39:42
1480,426,73,3,Loved the soundtrack and visuals.,2025-11-07 18:37:06,2025-11-07 18:37:06,2025-11-07 18:37:06
1481,792,212,3,"Not what I expected, but still worth it.",2025-07-09 03:54:36,2025-07-09 03:54:36,2025-07-09 03:54:36
1482,29,464,4,A bit slow to start but picked up later.,2026-02-10 08:00:24,2026-02-10 08:00:24,2026-02-10 08:00:24
1483,689,466,5,A bit slow to start but picked up later.,2026-01-15 04:14:57,2026-01-15 04:14:57,2026-01-15 04:14:57
1484,124,119,5,Would recommend to a friend.,2026-04-06 04:29:10,2026-04-06 04:29:10,2026-04-06 04:29:10
1485,279,265,4,A bit slow to start but picked up later.,2025-12-04 09:20:55,2025-12-04 09:20:55,2025-12-04 09:20:55
1486,958,179,4,"Decent, but I have seen better.",2025-07-12 02:25:47,2025-07-12 02:25:47,2025-07-12 02:25:47
1487,588,526,4,"Not what I expected, but still worth it.",2026-01-08 13:04:23,2026-01-08 13:04:23,2026-01-08 13:04:23
1488,535,24,4,Really enjoyed the pacing and the cast.,2025-12-28 05:46:17,2025-12-28 05:46:17,2025-12-28 05:46:17
1489,514,484,4,Really enjoyed the pacing and the cast.,2026-05-21 05:32:53,2026-05-21 05:32:53,2026-05-21 05:32:53
1490,26,140,1,"Not what I expected, but still worth it.",2026-01-23 03:55:20,2026-01-23 03:55:20,2026-01-23 03:55:20
1491,479,133,5,A bit slow to start but picked up later.,2025-08-01 08:00:26,2025-08-01 08:00:26,2025-08-01 08:00:26
1492,285,450,5,"Decent, but I have seen better.",2026-04-14 14:47:51,2026-04-14 14:47:51,2026-04-14 14:47:51
1493,126,154,3,Didn't fully connect with the storyline.,2026-05-01 18:33:10,2026-05-01 18:33:10,2026-05-01 18:33:10
1494,693,323,2,Didn't fully connect with the storyline.,2025-08-08 02:46:41,2025-08-08 02:46:41,2025-08-08 02:46:41
1495,701,153,4,Loved the soundtrack and visuals.,2026-01-25 03:46:43,2026-01-25 03:46:43,2026-01-25 03:46:43
1496,396,387,5,"Great picture quality, average story.",2025-08-04 11:48:01,2025-08-04 11:48:01,2025-08-04 11:48:01
1497,876,96,2,Would recommend to a friend.,2025-06-25 08:21:48,2025-06-25 08:21:48,2025-06-25 08:21:48
1498,753,277,3,"Great picture quality, average story.",2026-01-07 03:55:39,2026-01-07 03:55:39,2026-01-07 03:55:39
1499,737,317,3,Loved the soundtrack and visuals.,2025-10-06 05:24:25,2025-10-06 05:24:25,2025-10-06 05:24:25
1500,264,545,3,"Great picture quality, average story.",2025-08-23 05:18:09,2025-08-23 05:18:09,2025-08-23 05:18:09
1501,155,35,3,"Not what I expected, but still worth it.",2025-11-26 05:58:34,2025-11-26 05:58:34,2025-11-26 05:58:34
1502,885,146,5,"Not what I expected, but still worth it.",2025-10-27 02:33:56,2025-10-27 02:33:56,2025-10-27 02:33:56
1503,737,147,5,Loved the soundtrack and visuals.,2025-12-27 20:46:46,2025-12-27 20:46:46,2025-12-27 20:46:46
1504,861,107,4,One of the better titles in this category.,2025-09-09 01:43:19,2025-09-09 01:43:19,2025-09-09 01:43:19
1505,233,329,5,"Decent, but I have seen better.",2025-07-06 19:45:06,2025-07-06 19:45:06,2025-07-06 19:45:06
1506,113,308,5,A bit slow to start but picked up later.,2026-01-13 17:56:23,2026-01-13 17:56:23,2026-01-13 17:56:23
1507,260,26,5,Would recommend to a friend.,2025-10-20 15:52:02,2025-10-20 15:52:02,2025-10-20 15:52:02
1508,117,110,5,One of the better titles in this category.,2026-02-14 23:55:58,2026-02-14 23:55:58,2026-02-14 23:55:58
1509,411,328,3,"Not what I expected, but still worth it.",2026-04-10 18:30:14,2026-04-10 18:30:14,2026-04-10 18:30:14
1510,269,410,4,Really enjoyed the pacing and the cast.,2026-01-18 17:19:54,2026-01-18 17:19:54,2026-01-18 17:19:54
1511,202,261,5,One of the better titles in this category.,2026-04-22 15:30:27,2026-04-22 15:30:27,2026-04-22 15:30:27
1512,512,331,5,Really enjoyed the pacing and the cast.,2025-09-29 07:40:51,2025-09-29 07:40:51,2025-09-29 07:40:51
1513,573,112,5,Didn't fully connect with the storyline.,2026-04-22 06:46:14,2026-04-22 06:46:14,2026-04-22 06:46:14
1514,785,349,5,A bit slow to start but picked up later.,2026-05-06 08:26:45,2026-05-06 08:26:45,2026-05-06 08:26:45
1515,405,164,4,A bit slow to start but picked up later.,2026-04-23 06:41:27,2026-04-23 06:41:27,2026-04-23 06:41:27
1516,555,22,5,Would recommend to a friend.,2025-09-03 00:34:47,2025-09-03 00:34:47,2025-09-03 00:34:47
1517,199,180,1,"Not what I expected, but still worth it.",2026-04-13 20:56:10,2026-04-13 20:56:10,2026-04-13 20:56:10
1518,789,135,5,A bit slow to start but picked up later.,2025-09-26 23:18:06,2025-09-26 23:18:06,2025-09-26 23:18:06
1519,243,108,4,A bit slow to start but picked up later.,2025-12-01 20:05:20,2025-12-01 20:05:20,2025-12-01 20:05:20
1520,842,54,4,"Not what I expected, but still worth it.",2025-10-09 19:14:13,2025-10-09 19:14:13,2025-10-09 19:14:13
1521,483,267,5,Didn't fully connect with the storyline.,2026-02-11 14:49:42,2026-02-11 14:49:42,2026-02-11 14:49:42
1522,828,5,1,Didn't fully connect with the storyline.,2025-07-08 23:26:17,2025-07-08 23:26:17,2025-07-08 23:26:17
1523,66,318,3,"Decent, but I have seen better.",2026-04-08 14:51:34,2026-04-08 14:51:34,2026-04-08 14:51:34
1524,736,85,4,Didn't fully connect with the storyline.,2026-05-24 03:37:38,2026-05-24 03:37:38,2026-05-24 03:37:38
1525,511,250,4,One of the better titles in this category.,2025-12-11 07:51:12,2025-12-11 07:51:12,2025-12-11 07:51:12
1526,977,56,5,A bit slow to start but picked up later.,2025-11-14 09:58:47,2025-11-14 09:58:47,2025-11-14 09:58:47
1527,574,26,3,One of the better titles in this category.,2026-01-12 16:15:37,2026-01-12 16:15:37,2026-01-12 16:15:37
1528,173,130,5,"Great picture quality, average story.",2026-04-05 06:34:55,2026-04-05 06:34:55,2026-04-05 06:34:55
1529,830,286,5,Loved the soundtrack and visuals.,2025-09-06 13:55:55,2025-09-06 13:55:55,2025-09-06 13:55:55
1530,738,221,4,Didn't fully connect with the storyline.,2025-09-28 06:14:17,2025-09-28 06:14:17,2025-09-28 06:14:17
1531,329,233,4,Really enjoyed the pacing and the cast.,2025-09-22 05:00:18,2025-09-22 05:00:18,2025-09-22 05:00:18
1532,524,371,4,A bit slow to start but picked up later.,2025-08-25 21:33:08,2025-08-25 21:33:08,2025-08-25 21:33:08
1533,793,196,5,Loved the soundtrack and visuals.,2025-08-24 18:13:02,2025-08-24 18:13:02,2025-08-24 18:13:02
1534,428,248,2,Really enjoyed the pacing and the cast.,2025-07-10 06:12:14,2025-07-10 06:12:14,2025-07-10 06:12:14
1535,704,548,1,A bit slow to start but picked up later.,2025-08-18 13:37:12,2025-08-18 13:37:12,2025-08-18 13:37:12
1536,100,292,2,"Great picture quality, average story.",2025-11-19 13:02:16,2025-11-19 13:02:16,2025-11-19 13:02:16
1537,121,174,4,"Decent, but I have seen better.",2026-05-31 20:01:36,2026-05-31 20:01:36,2026-05-31 20:01:36
1538,369,168,3,Loved the soundtrack and visuals.,2026-03-04 11:43:19,2026-03-04 11:43:19,2026-03-04 11:43:19
1539,71,69,4,Would recommend to a friend.,2025-08-06 18:19:42,2025-08-06 18:19:42,2025-08-06 18:19:42
1540,304,106,5,A bit slow to start but picked up later.,2025-08-28 21:57:12,2025-08-28 21:57:12,2025-08-28 21:57:12
1541,652,12,4,"Not what I expected, but still worth it.",2025-07-13 07:06:10,2025-07-13 07:06:10,2025-07-13 07:06:10
1542,676,526,3,"Not what I expected, but still worth it.",2026-02-23 15:51:28,2026-02-23 15:51:28,2026-02-23 15:51:28
1543,729,406,2,One of the better titles in this category.,2025-12-01 05:22:14,2025-12-01 05:22:14,2025-12-01 05:22:14
1544,769,468,5,"Great picture quality, average story.",2025-08-29 00:24:46,2025-08-29 00:24:46,2025-08-29 00:24:46
1545,451,27,2,A bit slow to start but picked up later.,2025-12-09 12:37:49,2025-12-09 12:37:49,2025-12-09 12:37:49
1546,600,11,5,Would recommend to a friend.,2025-07-19 21:28:10,2025-07-19 21:28:10,2025-07-19 21:28:10
1547,135,183,2,"Decent, but I have seen better.",2026-01-26 22:47:51,2026-01-26 22:47:51,2026-01-26 22:47:51
1548,378,415,4,Loved the soundtrack and visuals.,2025-11-17 10:14:50,2025-11-17 10:14:50,2025-11-17 10:14:50
1549,566,556,5,One of the better titles in this category.,2026-02-19 13:09:15,2026-02-19 13:09:15,2026-02-19 13:09:15
1550,462,593,3,A bit slow to start but picked up later.,2026-01-10 01:31:27,2026-01-10 01:31:27,2026-01-10 01:31:27
1551,563,73,3,Loved the soundtrack and visuals.,2026-01-12 07:44:08,2026-01-12 07:44:08,2026-01-12 07:44:08
1552,257,459,5,"Great picture quality, average story.",2025-06-26 00:08:52,2025-06-26 00:08:52,2025-06-26 00:08:52
1553,713,137,5,Would recommend to a friend.,2025-08-26 12:46:14,2025-08-26 12:46:14,2025-08-26 12:46:14
1554,628,196,4,A bit slow to start but picked up later.,2026-04-12 20:55:52,2026-04-12 20:55:52,2026-04-12 20:55:52
1555,139,258,5,Would recommend to a friend.,2026-04-16 12:07:58,2026-04-16 12:07:58,2026-04-16 12:07:58
1556,193,555,5,"Not what I expected, but still worth it.",2025-08-24 13:45:51,2025-08-24 13:45:51,2025-08-24 13:45:51
1557,749,153,5,Really enjoyed the pacing and the cast.,2026-05-25 17:11:00,2026-05-25 17:11:00,2026-05-25 17:11:00
1558,136,248,1,"Decent, but I have seen better.",2025-10-28 14:34:35,2025-10-28 14:34:35,2025-10-28 14:34:35
1559,52,191,3,A bit slow to start but picked up later.,2025-09-01 11:06:03,2025-09-01 11:06:03,2025-09-01 11:06:03
1560,387,29,5,Didn't fully connect with the storyline.,2025-12-10 10:50:48,2025-12-10 10:50:48,2025-12-10 10:50:48
1561,913,25,4,"Decent, but I have seen better.",2026-04-27 22:24:51,2026-04-27 22:24:51,2026-04-27 22:24:51
1562,590,191,5,"Great picture quality, average story.",2025-08-24 17:41:45,2025-08-24 17:41:45,2025-08-24 17:41:45
1563,350,332,5,"Decent, but I have seen better.",2026-02-08 01:41:28,2026-02-08 01:41:28,2026-02-08 01:41:28
1564,535,378,4,A bit slow to start but picked up later.,2025-10-26 06:29:33,2025-10-26 06:29:33,2025-10-26 06:29:33
1565,592,48,5,Really enjoyed the pacing and the cast.,2025-06-29 11:13:58,2025-06-29 11:13:58,2025-06-29 11:13:58
1566,388,313,4,Really enjoyed the pacing and the cast.,2026-02-24 22:02:16,2026-02-24 22:02:16,2026-02-24 22:02:16
1567,492,460,4,One of the better titles in this category.,2025-10-06 00:05:03,2025-10-06 00:05:03,2025-10-06 00:05:03
1568,889,302,4,"Great picture quality, average story.",2025-10-31 10:28:21,2025-10-31 10:28:21,2025-10-31 10:28:21
1569,509,261,4,"Great picture quality, average story.",2025-08-21 00:15:32,2025-08-21 00:15:32,2025-08-21 00:15:32
1570,693,94,5,"Solid entry, will check out more from this title.",2025-07-24 18:34:35,2025-07-24 18:34:35,2025-07-24 18:34:35
1571,100,239,3,One of the better titles in this category.,2026-01-08 11:25:09,2026-01-08 11:25:09,2026-01-08 11:25:09
1572,184,241,4,"Great picture quality, average story.",2026-01-09 07:21:12,2026-01-09 07:21:12,2026-01-09 07:21:12
1573,196,13,4,Would recommend to a friend.,2026-01-22 13:18:18,2026-01-22 13:18:18,2026-01-22 13:18:18
1574,324,148,5,"Great picture quality, average story.",2025-09-28 12:20:48,2025-09-28 12:20:48,2025-09-28 12:20:48
1575,42,328,5,Really enjoyed the pacing and the cast.,2025-07-02 14:17:28,2025-07-02 14:17:28,2025-07-02 14:17:28
1576,169,217,4,One of the better titles in this category.,2026-01-19 09:48:22,2026-01-19 09:48:22,2026-01-19 09:48:22
1577,845,36,3,"Decent, but I have seen better.",2026-02-06 03:32:02,2026-02-06 03:32:02,2026-02-06 03:32:02
1578,189,278,1,A bit slow to start but picked up later.,2025-12-09 03:48:18,2025-12-09 03:48:18,2025-12-09 03:48:18
1579,930,441,5,Would recommend to a friend.,2026-02-10 11:24:03,2026-02-10 11:24:03,2026-02-10 11:24:03
1580,419,19,2,"Great picture quality, average story.",2026-04-15 14:46:43,2026-04-15 14:46:43,2026-04-15 14:46:43
1581,738,248,4,Really enjoyed the pacing and the cast.,2025-09-09 20:18:57,2025-09-09 20:18:57,2025-09-09 20:18:57
1582,258,532,5,"Great picture quality, average story.",2025-09-15 00:01:37,2025-09-15 00:01:37,2025-09-15 00:01:37
1583,357,232,4,"Not what I expected, but still worth it.",2025-08-03 22:44:08,2025-08-03 22:44:08,2025-08-03 22:44:08
1584,774,468,5,"Solid entry, will check out more from this title.",2026-04-17 19:10:24,2026-04-17 19:10:24,2026-04-17 19:10:24
1585,524,551,4,"Great picture quality, average story.",2026-03-18 17:53:28,2026-03-18 17:53:28,2026-03-18 17:53:28
1586,952,352,2,Loved the soundtrack and visuals.,2026-04-12 13:02:24,2026-04-12 13:02:24,2026-04-12 13:02:24
1587,511,582,3,"Solid entry, will check out more from this title.",2025-07-04 15:33:34,2025-07-04 15:33:34,2025-07-04 15:33:34
1588,793,472,4,"Solid entry, will check out more from this title.",2026-03-10 02:12:11,2026-03-10 02:12:11,2026-03-10 02:12:11
1589,580,460,1,"Solid entry, will check out more from this title.",2025-06-07 15:11:19,2025-06-07 15:11:19,2025-06-07 15:11:19
1590,704,314,4,"Decent, but I have seen better.",2026-04-24 00:49:37,2026-04-24 00:49:37,2026-04-24 00:49:37
1591,807,141,2,Loved the soundtrack and visuals.,2026-03-07 20:28:09,2026-03-07 20:28:09,2026-03-07 20:28:09
1592,893,253,4,One of the better titles in this category.,2025-06-07 01:24:27,2025-06-07 01:24:27,2025-06-07 01:24:27
1593,141,193,4,,2026-05-26 08:10:42,2026-05-26 08:10:42,2026-05-26 08:10:42
1594,25,255,5,"Not what I expected, but still worth it.",2026-01-16 06:53:30,2026-01-16 06:53:30,2026-01-16 06:53:30
1595,335,524,4,One of the better titles in this category.,2025-07-17 22:52:10,2025-07-17 22:52:10,2025-07-17 22:52:10
1596,216,361,4,"Decent, but I have seen better.",2025-10-27 22:23:36,2025-10-27 22:23:36,2025-10-27 22:23:36
1597,587,498,5,One of the better titles in this category.,2026-01-04 11:04:17,2026-01-04 11:04:17,2026-01-04 11:04:17
1598,961,136,5,"Not what I expected, but still worth it.",2025-07-04 14:28:19,2025-07-04 14:28:19,2025-07-04 14:28:19
1599,711,290,3,"Not what I expected, but still worth it.",2026-04-09 03:03:43,2026-04-09 03:03:43,2026-04-09 03:03:43
1600,424,412,2,Loved the soundtrack and visuals.,2026-03-17 03:49:37,2026-03-17 03:49:37,2026-03-17 03:49:37
1601,482,281,5,"Not what I expected, but still worth it.",2026-05-10 05:14:49,2026-05-10 05:14:49,2026-05-10 05:14:49
1602,164,126,5,Didn't fully connect with the storyline.,2026-03-08 22:52:55,2026-03-08 22:52:55,2026-03-08 22:52:55
1603,405,353,5,One of the better titles in this category.,2026-04-01 05:11:41,2026-04-01 05:11:41,2026-04-01 05:11:41
1604,174,365,2,,2025-11-16 18:20:20,2025-11-16 18:20:20,2025-11-16 18:20:20
1605,608,121,3,One of the better titles in this category.,2025-08-20 20:21:49,2025-08-20 20:21:49,2025-08-20 20:21:49
1606,401,498,3,"Great picture quality, average story.",2026-03-29 09:59:09,2026-03-29 09:59:09,2026-03-29 09:59:09
1607,445,445,3,A bit slow to start but picked up later.,2026-05-12 10:45:53,2026-05-12 10:45:53,2026-05-12 10:45:53
1608,950,283,3,Really enjoyed the pacing and the cast.,2025-09-08 00:01:34,2025-09-08 00:01:34,2025-09-08 00:01:34
1609,130,340,3,Would recommend to a friend.,2026-03-18 06:17:37,2026-03-18 06:17:37,2026-03-18 06:17:37
1610,560,226,4,"Not what I expected, but still worth it.",2025-12-03 14:04:56,2025-12-03 14:04:56,2025-12-03 14:04:56
1611,742,316,5,"Great picture quality, average story.",2025-08-26 04:16:35,2025-08-26 04:16:35,2025-08-26 04:16:35
1612,159,75,5,"Not what I expected, but still worth it.",2025-11-22 12:44:04,2025-11-22 12:44:04,2025-11-22 12:44:04
1613,280,211,4,Would recommend to a friend.,2025-06-25 15:51:29,2025-06-25 15:51:29,2025-06-25 15:51:29
1614,411,355,5,A bit slow to start but picked up later.,2025-09-25 20:53:49,2025-09-25 20:53:49,2025-09-25 20:53:49
1615,49,453,4,"Not what I expected, but still worth it.",2025-09-08 05:34:00,2025-09-08 05:34:00,2025-09-08 05:34:00
1616,224,475,5,Didn't fully connect with the storyline.,2026-05-26 10:58:55,2026-05-26 10:58:55,2026-05-26 10:58:55
1617,741,471,4,A bit slow to start but picked up later.,2025-08-05 05:05:06,2025-08-05 05:05:06,2025-08-05 05:05:06
1618,824,442,5,Didn't fully connect with the storyline.,2025-12-04 09:55:55,2025-12-04 09:55:55,2025-12-04 09:55:55
1619,558,418,5,Would recommend to a friend.,2025-09-08 23:55:24,2025-09-08 23:55:24,2025-09-08 23:55:24
1620,645,237,4,Loved the soundtrack and visuals.,2025-12-29 10:14:17,2025-12-29 10:14:17,2025-12-29 10:14:17
1621,718,2,4,One of the better titles in this category.,2026-05-06 06:46:11,2026-05-06 06:46:11,2026-05-06 06:46:11
1622,862,82,2,"Solid entry, will check out more from this title.",2025-06-27 21:21:12,2025-06-27 21:21:12,2025-06-27 21:21:12
1623,480,295,3,Loved the soundtrack and visuals.,2025-09-03 14:40:03,2025-09-03 14:40:03,2025-09-03 14:40:03
1624,398,28,4,One of the better titles in this category.,2026-05-08 05:41:35,2026-05-08 05:41:35,2026-05-08 05:41:35
1625,684,506,4,One of the better titles in this category.,2025-09-17 22:38:27,2025-09-17 22:38:27,2025-09-17 22:38:27
1626,669,49,5,"Solid entry, will check out more from this title.",2025-06-07 11:23:47,2025-06-07 11:23:47,2025-06-07 11:23:47
1627,737,367,4,Didn't fully connect with the storyline.,2025-10-16 23:46:28,2025-10-16 23:46:28,2025-10-16 23:46:28
1628,983,506,5,Would recommend to a friend.,2025-11-19 09:57:03,2025-11-19 09:57:03,2025-11-19 09:57:03
1629,624,218,5,A bit slow to start but picked up later.,2026-02-18 05:21:40,2026-02-18 05:21:40,2026-02-18 05:21:40
1630,531,214,2,Really enjoyed the pacing and the cast.,2025-06-29 07:19:57,2025-06-29 07:19:57,2025-06-29 07:19:57
1631,454,136,5,Loved the soundtrack and visuals.,2025-11-27 19:37:40,2025-11-27 19:37:40,2025-11-27 19:37:40
1632,668,332,4,One of the better titles in this category.,2025-10-31 17:25:28,2025-10-31 17:25:28,2025-10-31 17:25:28
1633,663,127,3,"Not what I expected, but still worth it.",2025-06-09 06:41:47,2025-06-09 06:41:47,2025-06-09 06:41:47
1634,536,487,4,"Great picture quality, average story.",2025-11-03 01:43:56,2025-11-03 01:43:56,2025-11-03 01:43:56
1635,424,209,1,One of the better titles in this category.,2026-03-27 10:03:01,2026-03-27 10:03:01,2026-03-27 10:03:01
1636,713,357,4,Didn't fully connect with the storyline.,2025-07-27 03:02:43,2025-07-27 03:02:43,2025-07-27 03:02:43
1637,450,571,4,"Great picture quality, average story.",2025-12-21 02:13:37,2025-12-21 02:13:37,2025-12-21 02:13:37
1638,559,378,5,"Not what I expected, but still worth it.",2026-04-13 02:35:20,2026-04-13 02:35:20,2026-04-13 02:35:20
1639,873,169,1,A bit slow to start but picked up later.,2026-05-14 18:05:59,2026-05-14 18:05:59,2026-05-14 18:05:59
1640,120,202,4,"Decent, but I have seen better.",2026-03-07 22:18:34,2026-03-07 22:18:34,2026-03-07 22:18:34
1641,332,188,3,Didn't fully connect with the storyline.,2026-03-19 18:01:54,2026-03-19 18:01:54,2026-03-19 18:01:54
1642,234,555,3,"Not what I expected, but still worth it.",2026-02-02 11:44:25,2026-02-02 11:44:25,2026-02-02 11:44:25
1643,128,560,3,"Decent, but I have seen better.",2025-12-07 10:22:50,2025-12-07 10:22:50,2025-12-07 10:22:50
1644,176,348,5,Would recommend to a friend.,2025-11-27 10:15:57,2025-11-27 10:15:57,2025-11-27 10:15:57
1645,801,403,5,Loved the soundtrack and visuals.,2026-02-04 17:19:25,2026-02-04 17:19:25,2026-02-04 17:19:25
1646,585,495,3,Didn't fully connect with the storyline.,2025-09-10 21:25:08,2025-09-10 21:25:08,2025-09-10 21:25:08
1647,339,398,4,One of the better titles in this category.,2025-11-26 01:20:07,2025-11-26 01:20:07,2025-11-26 01:20:07
1648,83,484,3,Would recommend to a friend.,2025-12-15 00:58:30,2025-12-15 00:58:30,2025-12-15 00:58:30
1649,117,225,4,Didn't fully connect with the storyline.,2025-08-19 23:04:13,2025-08-19 23:04:13,2025-08-19 23:04:13
1650,252,454,3,Loved the soundtrack and visuals.,2025-11-30 09:53:06,2025-11-30 09:53:06,2025-11-30 09:53:06
1651,591,321,5,A bit slow to start but picked up later.,2026-04-28 12:52:51,2026-04-28 12:52:51,2026-04-28 12:52:51
1652,364,487,2,Would recommend to a friend.,2026-02-24 23:31:56,2026-02-24 23:31:56,2026-02-24 23:31:56
1653,480,367,4,"Not what I expected, but still worth it.",2026-05-20 15:32:23,2026-05-20 15:32:23,2026-05-20 15:32:23
1654,53,191,4,"Not what I expected, but still worth it.",2026-02-25 12:31:48,2026-02-25 12:31:48,2026-02-25 12:31:48
1655,432,158,3,"Solid entry, will check out more from this title.",2025-10-13 13:45:20,2025-10-13 13:45:20,2025-10-13 13:45:20
1656,937,64,4,Would recommend to a friend.,2025-09-19 23:07:37,2025-09-19 23:07:37,2025-09-19 23:07:37
1657,519,177,1,Didn't fully connect with the storyline.,2026-03-05 19:10:37,2026-03-05 19:10:37,2026-03-05 19:10:37
1658,992,81,3,,2026-05-24 16:46:30,2026-05-24 16:46:30,2026-05-24 16:46:30
1659,213,133,3,Didn't fully connect with the storyline.,2025-10-22 03:47:31,2025-10-22 03:47:31,2025-10-22 03:47:31
1660,190,588,5,Didn't fully connect with the storyline.,2025-11-08 03:29:10,2025-11-08 03:29:10,2025-11-08 03:29:10
1661,804,553,3,Loved the soundtrack and visuals.,2026-03-07 03:47:11,2026-03-07 03:47:11,2026-03-07 03:47:11
1662,241,485,3,Loved the soundtrack and visuals.,2026-05-08 10:05:49,2026-05-08 10:05:49,2026-05-08 10:05:49
1663,489,136,3,"Not what I expected, but still worth it.",2025-06-24 20:58:31,2025-06-24 20:58:31,2025-06-24 20:58:31
1664,875,106,5,"Decent, but I have seen better.",2026-02-26 20:12:12,2026-02-26 20:12:12,2026-02-26 20:12:12
1665,588,64,4,"Decent, but I have seen better.",2025-07-05 14:21:21,2025-07-05 14:21:21,2025-07-05 14:21:21
1666,467,570,5,One of the better titles in this category.,2026-01-09 16:55:47,2026-01-09 16:55:47,2026-01-09 16:55:47
1667,940,299,4,"Decent, but I have seen better.",2026-02-14 00:47:43,2026-02-14 00:47:43,2026-02-14 00:47:43
1668,363,558,3,"Solid entry, will check out more from this title.",2026-05-09 09:40:05,2026-05-09 09:40:05,2026-05-09 09:40:05
1669,279,454,3,"Solid entry, will check out more from this title.",2026-01-09 07:42:55,2026-01-09 07:42:55,2026-01-09 07:42:55
1670,620,530,5,"Not what I expected, but still worth it.",2025-07-29 22:53:50,2025-07-29 22:53:50,2025-07-29 22:53:50
1671,863,510,5,Didn't fully connect with the storyline.,2026-01-18 13:21:26,2026-01-18 13:21:26,2026-01-18 13:21:26
1672,738,263,3,Would recommend to a friend.,2026-04-29 13:48:05,2026-04-29 13:48:05,2026-04-29 13:48:05
1673,19,303,2,"Decent, but I have seen better.",2026-01-02 02:04:49,2026-01-02 02:04:49,2026-01-02 02:04:49
1674,276,566,4,Would recommend to a friend.,2025-10-30 03:46:00,2025-10-30 03:46:00,2025-10-30 03:46:00
1675,790,539,5,A bit slow to start but picked up later.,2025-10-04 16:20:48,2025-10-04 16:20:48,2025-10-04 16:20:48
1676,33,536,4,"Not what I expected, but still worth it.",2026-03-04 17:31:11,2026-03-04 17:31:11,2026-03-04 17:31:11
1677,748,251,4,"Not what I expected, but still worth it.",2025-11-25 00:53:25,2025-11-25 00:53:25,2025-11-25 00:53:25
1678,928,108,5,"Decent, but I have seen better.",2026-05-04 22:43:08,2026-05-04 22:43:08,2026-05-04 22:43:08
1679,252,524,4,One of the better titles in this category.,2026-01-08 21:18:31,2026-01-08 21:18:31,2026-01-08 21:18:31
1680,558,356,4,"Great picture quality, average story.",2026-04-06 09:27:56,2026-04-06 09:27:56,2026-04-06 09:27:56
1681,936,64,4,Loved the soundtrack and visuals.,2025-08-22 14:00:26,2025-08-22 14:00:26,2025-08-22 14:00:26
1682,193,404,5,Really enjoyed the pacing and the cast.,2025-09-08 06:56:09,2025-09-08 06:56:09,2025-09-08 06:56:09
1683,648,102,3,Would recommend to a friend.,2026-04-28 05:30:59,2026-04-28 05:30:59,2026-04-28 05:30:59
1684,350,140,4,Loved the soundtrack and visuals.,2026-01-15 14:15:43,2026-01-15 14:15:43,2026-01-15 14:15:43
1685,345,479,5,A bit slow to start but picked up later.,2026-03-10 07:57:42,2026-03-10 07:57:42,2026-03-10 07:57:42
1686,799,236,5,Didn't fully connect with the storyline.,2025-09-26 19:39:44,2025-09-26 19:39:44,2025-09-26 19:39:44
1687,509,64,3,Loved the soundtrack and visuals.,2025-07-25 00:09:14,2025-07-25 00:09:14,2025-07-25 00:09:14
1688,410,452,4,"Not what I expected, but still worth it.",2025-09-08 02:06:05,2025-09-08 02:06:05,2025-09-08 02:06:05
1689,565,275,5,"Solid entry, will check out more from this title.",2025-10-31 13:27:06,2025-10-31 13:27:06,2025-10-31 13:27:06
1690,428,570,3,"Not what I expected, but still worth it.",2025-09-14 12:19:54,2025-09-14 12:19:54,2025-09-14 12:19:54
1691,532,399,3,Really enjoyed the pacing and the cast.,2025-06-23 13:27:13,2025-06-23 13:27:13,2025-06-23 13:27:13
1692,185,146,1,A bit slow to start but picked up later.,2025-09-27 15:00:12,2025-09-27 15:00:12,2025-09-27 15:00:12
1693,489,79,4,One of the better titles in this category.,2025-09-24 09:14:04,2025-09-24 09:14:04,2025-09-24 09:14:04
1694,964,330,2,"Not what I expected, but still worth it.",2026-05-07 09:50:02,2026-05-07 09:50:02,2026-05-07 09:50:02
1695,821,519,5,A bit slow to start but picked up later.,2026-03-22 12:58:37,2026-03-22 12:58:37,2026-03-22 12:58:37
1696,626,299,4,Loved the soundtrack and visuals.,2026-02-22 06:01:21,2026-02-22 06:01:21,2026-02-22 06:01:21
1697,162,226,4,Didn't fully connect with the storyline.,2025-12-31 06:21:35,2025-12-31 06:21:35,2025-12-31 06:21:35
1698,105,175,5,Really enjoyed the pacing and the cast.,2025-11-05 05:15:41,2025-11-05 05:15:41,2025-11-05 05:15:41
1699,538,486,1,"Great picture quality, average story.",2026-02-03 05:52:26,2026-02-03 05:52:26,2026-02-03 05:52:26
1700,844,373,5,Really enjoyed the pacing and the cast.,2026-02-22 17:37:33,2026-02-22 17:37:33,2026-02-22 17:37:33
1701,499,264,4,Didn't fully connect with the storyline.,2026-04-25 11:51:53,2026-04-25 11:51:53,2026-04-25 11:51:53
1702,49,553,3,Would recommend to a friend.,2025-08-15 14:19:21,2025-08-15 14:19:21,2025-08-15 14:19:21
1703,767,385,2,Loved the soundtrack and visuals.,2025-11-08 18:17:48,2025-11-08 18:17:48,2025-11-08 18:17:48
1704,908,226,5,"Not what I expected, but still worth it.",2025-12-21 23:39:44,2025-12-21 23:39:44,2025-12-21 23:39:44
1705,365,386,4,"Not what I expected, but still worth it.",2026-03-05 02:19:53,2026-03-05 02:19:53,2026-03-05 02:19:53
1706,473,118,5,"Not what I expected, but still worth it.",2026-04-27 19:49:58,2026-04-27 19:49:58,2026-04-27 19:49:58
1707,869,507,4,Would recommend to a friend.,2025-08-07 06:53:57,2025-08-07 06:53:57,2025-08-07 06:53:57
1708,164,588,5,One of the better titles in this category.,2026-05-08 13:52:10,2026-05-08 13:52:10,2026-05-08 13:52:10
1709,415,440,4,A bit slow to start but picked up later.,2025-09-05 23:38:17,2025-09-05 23:38:17,2025-09-05 23:38:17
1710,65,165,4,Would recommend to a friend.,2025-07-22 21:48:11,2025-07-22 21:48:11,2025-07-22 21:48:11
1711,537,540,5,Loved the soundtrack and visuals.,2026-02-11 16:02:17,2026-02-11 16:02:17,2026-02-11 16:02:17
1712,879,251,4,"Decent, but I have seen better.",2025-08-27 18:05:26,2025-08-27 18:05:26,2025-08-27 18:05:26
1713,541,132,4,Would recommend to a friend.,2025-09-27 22:13:52,2025-09-27 22:13:52,2025-09-27 22:13:52
1714,407,464,4,"Not what I expected, but still worth it.",2025-08-12 05:11:42,2025-08-12 05:11:42,2025-08-12 05:11:42
1715,884,426,3,Loved the soundtrack and visuals.,2025-08-07 01:36:28,2025-08-07 01:36:28,2025-08-07 01:36:28
1716,744,583,4,,2025-09-02 10:30:34,2025-09-02 10:30:34,2025-09-02 10:30:34
1717,89,29,2,"Solid entry, will check out more from this title.",2025-07-09 01:05:45,2025-07-09 01:05:45,2025-07-09 01:05:45
1718,166,406,4,"Not what I expected, but still worth it.",2025-06-09 10:10:01,2025-06-09 10:10:01,2025-06-09 10:10:01
1719,54,212,4,,2025-10-25 09:14:51,2025-10-25 09:14:51,2025-10-25 09:14:51
1720,225,16,5,"Decent, but I have seen better.",2026-03-11 07:56:38,2026-03-11 07:56:38,2026-03-11 07:56:38
1721,407,62,5,Didn't fully connect with the storyline.,2025-11-12 22:08:04,2025-11-12 22:08:04,2025-11-12 22:08:04
1722,372,344,5,A bit slow to start but picked up later.,2025-10-24 22:59:46,2025-10-24 22:59:46,2025-10-24 22:59:46
1723,33,538,3,,2025-11-08 10:23:55,2025-11-08 10:23:55,2025-11-08 10:23:55
1724,110,242,3,"Not what I expected, but still worth it.",2025-07-22 23:54:12,2025-07-22 23:54:12,2025-07-22 23:54:12
1725,931,174,4,Really enjoyed the pacing and the cast.,2025-12-12 08:13:19,2025-12-12 08:13:19,2025-12-12 08:13:19
1726,93,546,1,"Solid entry, will check out more from this title.",2025-08-13 01:01:31,2025-08-13 01:01:31,2025-08-13 01:01:31
1727,274,185,3,"Great picture quality, average story.",2025-08-04 16:14:29,2025-08-04 16:14:29,2025-08-04 16:14:29
1728,899,213,3,"Decent, but I have seen better.",2025-06-30 08:27:12,2025-06-30 08:27:12,2025-06-30 08:27:12
1729,47,172,4,Didn't fully connect with the storyline.,2025-11-28 07:52:41,2025-11-28 07:52:41,2025-11-28 07:52:41
1730,341,110,4,"Solid entry, will check out more from this title.",2026-05-06 04:23:06,2026-05-06 04:23:06,2026-05-06 04:23:06
1731,971,390,5,A bit slow to start but picked up later.,2025-09-08 20:17:16,2025-09-08 20:17:16,2025-09-08 20:17:16
1732,993,184,3,Would recommend to a friend.,2025-07-25 01:47:16,2025-07-25 01:47:16,2025-07-25 01:47:16
1733,184,509,4,"Decent, but I have seen better.",2025-09-27 05:08:13,2025-09-27 05:08:13,2025-09-27 05:08:13
1734,421,507,3,"Great picture quality, average story.",2025-06-09 02:12:40,2025-06-09 02:12:40,2025-06-09 02:12:40
1735,239,292,3,"Decent, but I have seen better.",2026-04-16 19:20:36,2026-04-16 19:20:36,2026-04-16 19:20:36
1736,493,33,3,"Solid entry, will check out more from this title.",2026-05-31 15:29:05,2026-05-31 15:29:05,2026-05-31 15:29:05
1737,276,85,4,Didn't fully connect with the storyline.,2025-06-14 23:31:16,2025-06-14 23:31:16,2025-06-14 23:31:16
1738,754,88,1,Loved the soundtrack and visuals.,2025-06-19 20:25:52,2025-06-19 20:25:52,2025-06-19 20:25:52
1739,800,385,2,A bit slow to start but picked up later.,2025-08-20 21:26:51,2025-08-20 21:26:51,2025-08-20 21:26:51
1740,597,282,1,Loved the soundtrack and visuals.,2026-04-12 02:41:09,2026-04-12 02:41:09,2026-04-12 02:41:09
1741,325,268,5,"Not what I expected, but still worth it.",2025-11-20 03:45:10,2025-11-20 03:45:10,2025-11-20 03:45:10
1742,136,339,5,Would recommend to a friend.,2026-01-06 15:19:25,2026-01-06 15:19:25,2026-01-06 15:19:25
1743,138,141,2,"Not what I expected, but still worth it.",2025-11-23 03:30:30,2025-11-23 03:30:30,2025-11-23 03:30:30
1744,937,189,4,"Solid entry, will check out more from this title.",2026-02-11 09:44:32,2026-02-11 09:44:32,2026-02-11 09:44:32
1745,20,284,3,"Not what I expected, but still worth it.",2026-02-27 19:38:19,2026-02-27 19:38:19,2026-02-27 19:38:19
1746,152,382,5,A bit slow to start but picked up later.,2025-08-25 02:36:35,2025-08-25 02:36:35,2025-08-25 02:36:35
1747,934,593,3,"Great picture quality, average story.",2025-09-25 09:27:16,2025-09-25 09:27:16,2025-09-25 09:27:16
1748,135,157,3,Loved the soundtrack and visuals.,2026-02-13 20:11:46,2026-02-13 20:11:46,2026-02-13 20:11:46
1749,82,22,3,Really enjoyed the pacing and the cast.,2025-10-30 16:36:47,2025-10-30 16:36:47,2025-10-30 16:36:47
1750,862,136,5,"Decent, but I have seen better.",2025-09-10 17:36:12,2025-09-10 17:36:12,2025-09-10 17:36:12
1751,307,303,3,Didn't fully connect with the storyline.,2025-11-29 15:48:47,2025-11-29 15:48:47,2025-11-29 15:48:47
1752,835,324,4,Really enjoyed the pacing and the cast.,2026-02-19 13:11:12,2026-02-19 13:11:12,2026-02-19 13:11:12
1753,580,190,4,,2025-10-09 21:00:54,2025-10-09 21:00:54,2025-10-09 21:00:54
1754,310,75,4,Would recommend to a friend.,2026-01-06 02:47:18,2026-01-06 02:47:18,2026-01-06 02:47:18
1755,645,478,1,A bit slow to start but picked up later.,2025-09-29 15:38:37,2025-09-29 15:38:37,2025-09-29 15:38:37
1756,663,79,3,Didn't fully connect with the storyline.,2026-02-11 18:20:50,2026-02-11 18:20:50,2026-02-11 18:20:50
1757,156,414,1,"Not what I expected, but still worth it.",2025-12-20 23:37:39,2025-12-20 23:37:39,2025-12-20 23:37:39
1758,610,324,4,Didn't fully connect with the storyline.,2025-11-08 17:23:13,2025-11-08 17:23:13,2025-11-08 17:23:13
1759,497,271,2,Didn't fully connect with the storyline.,2025-08-29 06:45:47,2025-08-29 06:45:47,2025-08-29 06:45:47
1760,613,61,5,"Great picture quality, average story.",2026-05-02 00:51:31,2026-05-02 00:51:31,2026-05-02 00:51:31
1761,939,555,4,Would recommend to a friend.,2025-10-10 06:28:22,2025-10-10 06:28:22,2025-10-10 06:28:22
1762,199,259,5,One of the better titles in this category.,2025-09-01 16:05:25,2025-09-01 16:05:25,2025-09-01 16:05:25
1763,121,555,4,Would recommend to a friend.,2026-04-18 05:07:20,2026-04-18 05:07:20,2026-04-18 05:07:20
1764,586,67,5,"Great picture quality, average story.",2025-11-08 13:17:50,2025-11-08 13:17:50,2025-11-08 13:17:50
1765,8,127,4,Didn't fully connect with the storyline.,2025-09-29 10:50:42,2025-09-29 10:50:42,2025-09-29 10:50:42
1766,807,342,2,One of the better titles in this category.,2026-02-28 07:09:08,2026-02-28 07:09:08,2026-02-28 07:09:08
1767,821,148,2,"Decent, but I have seen better.",2026-02-13 09:29:33,2026-02-13 09:29:33,2026-02-13 09:29:33
1768,910,461,4,"Decent, but I have seen better.",2026-05-24 23:46:12,2026-05-24 23:46:12,2026-05-24 23:46:12
1769,223,152,4,Would recommend to a friend.,2025-10-13 18:56:43,2025-10-13 18:56:43,2025-10-13 18:56:43
1770,940,110,4,"Solid entry, will check out more from this title.",2026-05-27 15:04:18,2026-05-27 15:04:18,2026-05-27 15:04:18
1771,480,346,5,One of the better titles in this category.,2025-12-29 02:26:57,2025-12-29 02:26:57,2025-12-29 02:26:57
1772,927,125,4,"Not what I expected, but still worth it.",2025-06-17 09:18:22,2025-06-17 09:18:22,2025-06-17 09:18:22
1773,802,98,5,"Decent, but I have seen better.",2026-03-03 22:24:30,2026-03-03 22:24:30,2026-03-03 22:24:30
1774,495,522,4,"Decent, but I have seen better.",2025-12-23 07:38:01,2025-12-23 07:38:01,2025-12-23 07:38:01
1775,143,128,3,Didn't fully connect with the storyline.,2025-08-18 09:12:20,2025-08-18 09:12:20,2025-08-18 09:12:20
1776,349,99,5,Didn't fully connect with the storyline.,2025-09-07 17:26:33,2025-09-07 17:26:33,2025-09-07 17:26:33
1777,490,559,5,Really enjoyed the pacing and the cast.,2026-02-24 11:46:59,2026-02-24 11:46:59,2026-02-24 11:46:59
1778,550,309,3,Would recommend to a friend.,2026-01-27 07:30:36,2026-01-27 07:30:36,2026-01-27 07:30:36
1779,693,142,4,Loved the soundtrack and visuals.,2025-09-23 17:25:00,2025-09-23 17:25:00,2025-09-23 17:25:00
1780,764,377,2,"Decent, but I have seen better.",2026-05-28 08:04:24,2026-05-28 08:04:24,2026-05-28 08:04:24
1781,979,75,4,"Not what I expected, but still worth it.",2026-01-25 21:16:52,2026-01-25 21:16:52,2026-01-25 21:16:52
1782,3,7,1,"Decent, but I have seen better.",2026-01-28 23:54:08,2026-01-28 23:54:08,2026-01-28 23:54:08
1783,393,429,1,Didn't fully connect with the storyline.,2026-04-29 06:45:27,2026-04-29 06:45:27,2026-04-29 06:45:27
1784,963,542,5,A bit slow to start but picked up later.,2025-09-14 15:20:58,2025-09-14 15:20:58,2025-09-14 15:20:58
1785,924,258,3,Didn't fully connect with the storyline.,2025-08-10 10:40:26,2025-08-10 10:40:26,2025-08-10 10:40:26
1786,570,137,4,Would recommend to a friend.,2026-05-10 20:04:56,2026-05-10 20:04:56,2026-05-10 20:04:56
1787,129,123,3,"Great picture quality, average story.",2025-10-08 18:31:51,2025-10-08 18:31:51,2025-10-08 18:31:51
1788,110,506,3,A bit slow to start but picked up later.,2026-03-01 14:26:37,2026-03-01 14:26:37,2026-03-01 14:26:37
1789,662,599,4,"Great picture quality, average story.",2025-10-05 19:21:57,2025-10-05 19:21:57,2025-10-05 19:21:57
1790,407,66,5,Would recommend to a friend.,2025-11-21 15:15:01,2025-11-21 15:15:01,2025-11-21 15:15:01
1791,496,175,4,Would recommend to a friend.,2026-02-18 20:09:56,2026-02-18 20:09:56,2026-02-18 20:09:56
1792,181,221,4,Didn't fully connect with the storyline.,2025-12-28 23:41:27,2025-12-28 23:41:27,2025-12-28 23:41:27
1793,169,139,3,Really enjoyed the pacing and the cast.,2026-04-11 14:18:31,2026-04-11 14:18:31,2026-04-11 14:18:31
1794,194,251,4,"Decent, but I have seen better.",2025-10-12 05:08:44,2025-10-12 05:08:44,2025-10-12 05:08:44
1795,159,190,4,One of the better titles in this category.,2026-04-14 21:06:30,2026-04-14 21:06:30,2026-04-14 21:06:30
1796,183,404,4,Would recommend to a friend.,2025-12-23 19:55:44,2025-12-23 19:55:44,2025-12-23 19:55:44
1797,849,462,4,"Decent, but I have seen better.",2025-08-31 22:17:42,2025-08-31 22:17:42,2025-08-31 22:17:42
1798,104,53,5,"Solid entry, will check out more from this title.",2025-11-24 18:24:05,2025-11-24 18:24:05,2025-11-24 18:24:05
1799,995,407,4,"Not what I expected, but still worth it.",2025-07-15 00:47:07,2025-07-15 00:47:07,2025-07-15 00:47:07
1800,621,598,4,Loved the soundtrack and visuals.,2025-10-13 14:33:17,2025-10-13 14:33:17,2025-10-13 14:33:17
1801,759,412,3,Really enjoyed the pacing and the cast.,2025-12-03 05:51:26,2025-12-03 05:51:26,2025-12-03 05:51:26
1802,216,457,5,Didn't fully connect with the storyline.,2025-06-08 17:16:15,2025-06-08 17:16:15,2025-06-08 17:16:15
1803,851,217,4,"Decent, but I have seen better.",2025-12-13 09:17:42,2025-12-13 09:17:42,2025-12-13 09:17:42
1804,161,280,3,"Not what I expected, but still worth it.",2026-01-10 05:34:23,2026-01-10 05:34:23,2026-01-10 05:34:23
1805,164,454,4,Didn't fully connect with the storyline.,2025-07-23 12:33:42,2025-07-23 12:33:42,2025-07-23 12:33:42
1806,490,150,0,A bit slow to start but picked up later.,2026-01-27 21:50:01,2026-01-27 21:50:01,2026-01-27 21:50:01
1807,334,108,1,"Not what I expected, but still worth it.",2026-01-27 09:15:33,2026-01-27 09:15:33,2026-01-27 09:15:33
1808,360,292,5,Didn't fully connect with the storyline.,2025-07-06 15:31:10,2025-07-06 15:31:10,2025-07-06 15:31:10
1809,894,195,3,"Great picture quality, average story.",2025-06-06 01:58:04,2025-06-06 01:58:04,2025-06-06 01:58:04
1810,448,420,4,"Not what I expected, but still worth it.",2026-02-06 03:48:38,2026-02-06 03:48:38,2026-02-06 03:48:38
1811,620,54,3,Loved the soundtrack and visuals.,2025-10-22 05:19:04,2025-10-22 05:19:04,2025-10-22 05:19:04
1812,233,272,5,Loved the soundtrack and visuals.,2026-03-21 22:29:44,2026-03-21 22:29:44,2026-03-21 22:29:44
1813,932,437,4,"Decent, but I have seen better.",2025-12-13 13:07:04,2025-12-13 13:07:04,2025-12-13 13:07:04
1814,802,228,5,Would recommend to a friend.,2026-05-09 11:26:11,2026-05-09 11:26:11,2026-05-09 11:26:11
1815,388,171,4,Loved the soundtrack and visuals.,2026-03-07 07:13:19,2026-03-07 07:13:19,2026-03-07 07:13:19
1816,684,232,5,A bit slow to start but picked up later.,2026-02-03 15:32:27,2026-02-03 15:32:27,2026-02-03 15:32:27
1817,389,15,4,Loved the soundtrack and visuals.,2025-08-18 19:31:16,2025-08-18 19:31:16,2025-08-18 19:31:16
1818,153,203,4,One of the better titles in this category.,2025-11-22 07:01:31,2025-11-22 07:01:31,2025-11-22 07:01:31
1819,804,151,5,"Decent, but I have seen better.",2025-10-30 11:38:56,2025-10-30 11:38:56,2025-10-30 11:38:56
1820,777,147,5,A bit slow to start but picked up later.,2025-08-29 16:53:26,2025-08-29 16:53:26,2025-08-29 16:53:26
1821,796,382,1,One of the better titles in this category.,2026-02-12 22:13:09,2026-02-12 22:13:09,2026-02-12 22:13:09
1822,114,224,4,"Great picture quality, average story.",2025-07-13 01:28:27,2025-07-13 01:28:27,2025-07-13 01:28:27
1823,932,108,4,A bit slow to start but picked up later.,2025-11-30 23:14:26,2025-11-30 23:14:26,2025-11-30 23:14:26
1824,692,531,5,Didn't fully connect with the storyline.,2026-03-13 22:39:58,2026-03-13 22:39:58,2026-03-13 22:39:58
1825,899,367,4,One of the better titles in this category.,2026-06-01 04:07:21,2026-06-01 04:07:21,2026-06-01 04:07:21
1826,816,348,3,One of the better titles in this category.,2025-12-05 23:01:51,2025-12-05 23:01:51,2025-12-05 23:01:51
1827,906,5,4,"Great picture quality, average story.",2025-06-11 04:18:00,2025-06-11 04:18:00,2025-06-11 04:18:00
1828,76,581,3,"Not what I expected, but still worth it.",2026-03-16 03:40:44,2026-03-16 03:40:44,2026-03-16 03:40:44
1829,740,572,4,Really enjoyed the pacing and the cast.,2026-03-26 12:07:56,2026-03-26 12:07:56,2026-03-26 12:07:56
1830,27,549,5,Really enjoyed the pacing and the cast.,2025-10-04 00:55:21,2025-10-04 00:55:21,2025-10-04 00:55:21
1831,427,591,4,"Solid entry, will check out more from this title.",2025-11-18 06:13:54,2025-11-18 06:13:54,2025-11-18 06:13:54
1832,239,300,4,"Solid entry, will check out more from this title.",2025-11-07 01:18:11,2025-11-07 01:18:11,2025-11-07 01:18:11
1833,317,580,3,"Solid entry, will check out more from this title.",2025-10-15 17:47:56,2025-10-15 17:47:56,2025-10-15 17:47:56
1834,636,485,1,"Great picture quality, average story.",2025-08-04 22:17:21,2025-08-04 22:17:21,2025-08-04 22:17:21
1835,282,10,3,Loved the soundtrack and visuals.,2026-02-05 03:19:03,2026-02-05 03:19:03,2026-02-05 03:19:03
1836,952,125,5,"Decent, but I have seen better.",2025-09-07 12:49:38,2025-09-07 12:49:38,2025-09-07 12:49:38
1837,87,430,3,Would recommend to a friend.,2025-12-28 06:35:12,2025-12-28 06:35:12,2025-12-28 06:35:12
1838,775,348,1,Loved the soundtrack and visuals.,2026-05-09 01:43:30,2026-05-09 01:43:30,2026-05-09 01:43:30
1839,587,519,3,One of the better titles in this category.,2026-03-11 06:11:05,2026-03-11 06:11:05,2026-03-11 06:11:05
1840,618,214,2,"Solid entry, will check out more from this title.",2025-10-22 13:32:38,2025-10-22 13:32:38,2025-10-22 13:32:38
1841,617,275,5,Loved the soundtrack and visuals.,2025-09-26 19:58:31,2025-09-26 19:58:31,2025-09-26 19:58:31
1842,210,31,4,One of the better titles in this category.,2025-11-02 22:04:43,2025-11-02 22:04:43,2025-11-02 22:04:43
1843,173,173,4,Really enjoyed the pacing and the cast.,2026-01-28 17:25:58,2026-01-28 17:25:58,2026-01-28 17:25:58
1844,975,105,4,Loved the soundtrack and visuals.,2026-04-15 20:54:16,2026-04-15 20:54:16,2026-04-15 20:54:16
1845,162,340,5,One of the better titles in this category.,2025-09-07 19:17:56,2025-09-07 19:17:56,2025-09-07 19:17:56
1846,424,170,4,"Decent, but I have seen better.",2025-12-13 07:05:52,2025-12-13 07:05:52,2025-12-13 07:05:52
1847,394,536,5,"Not what I expected, but still worth it.",2026-05-12 06:04:34,2026-05-12 06:04:34,2026-05-12 06:04:34
1848,207,107,4,"Not what I expected, but still worth it.",2025-10-15 00:06:57,2025-10-15 00:06:57,2025-10-15 00:06:57
1849,457,486,4,"Great picture quality, average story.",2026-01-26 20:41:32,2026-01-26 20:41:32,2026-01-26 20:41:32
1850,757,389,5,Really enjoyed the pacing and the cast.,2026-04-06 23:30:01,2026-04-06 23:30:01,2026-04-06 23:30:01
1851,314,74,4,"Great picture quality, average story.",2026-05-23 08:01:09,2026-05-23 08:01:09,2026-05-23 08:01:09
1852,408,202,4,"Solid entry, will check out more from this title.",2025-08-28 07:49:57,2025-08-28 07:49:57,2025-08-28 07:49:57
1853,411,226,5,"Solid entry, will check out more from this title.",2025-09-11 05:51:29,2025-09-11 05:51:29,2025-09-11 05:51:29
1854,52,431,1,"Decent, but I have seen better.",2026-03-07 02:48:12,2026-03-07 02:48:12,2026-03-07 02:48:12
1855,352,24,4,Didn't fully connect with the storyline.,2025-07-17 13:14:14,2025-07-17 13:14:14,2025-07-17 13:14:14
1856,806,331,5,A bit slow to start but picked up later.,2025-11-26 17:42:43,2025-11-26 17:42:43,2025-11-26 17:42:43
1857,697,15,5,Didn't fully connect with the storyline.,2025-07-17 02:50:45,2025-07-17 02:50:45,2025-07-17 02:50:45
1858,477,64,4,Loved the soundtrack and visuals.,2025-06-09 16:29:11,2025-06-09 16:29:11,2025-06-09 16:29:11
1859,96,272,4,"Decent, but I have seen better.",2025-08-01 04:13:21,2025-08-01 04:13:21,2025-08-01 04:13:21
1860,354,284,5,Would recommend to a friend.,2026-05-20 03:36:32,2026-05-20 03:36:32,2026-05-20 03:36:32
1861,770,140,3,One of the better titles in this category.,2025-11-18 19:35:55,2025-11-18 19:35:55,2025-11-18 19:35:55
1862,872,59,5,"Solid entry, will check out more from this title.",2025-07-23 10:42:16,2025-07-23 10:42:16,2025-07-23 10:42:16
1863,563,539,4,"Solid entry, will check out more from this title.",2025-07-28 13:54:11,2025-07-28 13:54:11,2025-07-28 13:54:11
1864,843,487,2,Really enjoyed the pacing and the cast.,2026-01-28 23:54:45,2026-01-28 23:54:45,2026-01-28 23:54:45
1865,780,426,4,"Great picture quality, average story.",2026-01-23 17:08:42,2026-01-23 17:08:42,2026-01-23 17:08:42
1866,712,35,4,A bit slow to start but picked up later.,2025-12-07 20:34:59,2025-12-07 20:34:59,2025-12-07 20:34:59
1867,300,75,4,Loved the soundtrack and visuals.,2025-12-29 15:16:45,2025-12-29 15:16:45,2025-12-29 15:16:45
1868,531,234,5,Loved the soundtrack and visuals.,2025-11-16 06:13:25,2025-11-16 06:13:25,2025-11-16 06:13:25
1869,557,239,4,Loved the soundtrack and visuals.,2025-06-08 05:27:15,2025-06-08 05:27:15,2025-06-08 05:27:15
1870,567,425,4,Really enjoyed the pacing and the cast.,2025-06-28 23:02:04,2025-06-28 23:02:04,2025-06-28 23:02:04
1871,117,61,5,A bit slow to start but picked up later.,2025-08-05 21:07:02,2025-08-05 21:07:02,2025-08-05 21:07:02
1872,964,552,4,A bit slow to start but picked up later.,2025-08-06 18:14:25,2025-08-06 18:14:25,2025-08-06 18:14:25
1873,63,22,5,"Great picture quality, average story.",2025-09-16 11:03:51,2025-09-16 11:03:51,2025-09-16 11:03:51
1874,236,523,3,"Not what I expected, but still worth it.",2026-04-29 11:25:21,2026-04-29 11:25:21,2026-04-29 11:25:21
1875,690,373,2,"Not what I expected, but still worth it.",2025-10-14 06:38:58,2025-10-14 06:38:58,2025-10-14 06:38:58
1876,251,226,5,A bit slow to start but picked up later.,2025-09-21 01:11:13,2025-09-21 01:11:13,2025-09-21 01:11:13
1877,442,47,4,Would recommend to a friend.,2025-10-18 03:42:12,2025-10-18 03:42:12,2025-10-18 03:42:12
1878,318,102,5,A bit slow to start but picked up later.,2025-06-08 19:29:02,2025-06-08 19:29:02,2025-06-08 19:29:02
1879,935,87,2,Didn't fully connect with the storyline.,2025-06-11 09:47:23,2025-06-11 09:47:23,2025-06-11 09:47:23
1880,832,10,3,Really enjoyed the pacing and the cast.,2026-01-24 14:22:43,2026-01-24 14:22:43,2026-01-24 14:22:43
1881,48,527,4,Loved the soundtrack and visuals.,2025-09-13 09:35:46,2025-09-13 09:35:46,2025-09-13 09:35:46
1882,345,169,4,Loved the soundtrack and visuals.,2025-08-20 20:57:30,2025-08-20 20:57:30,2025-08-20 20:57:30
1883,810,366,4,"Solid entry, will check out more from this title.",2025-07-16 02:19:25,2025-07-16 02:19:25,2025-07-16 02:19:25
1884,393,343,2,Really enjoyed the pacing and the cast.,2025-09-20 12:56:19,2025-09-20 12:56:19,2025-09-20 12:56:19
1885,616,115,4,Would recommend to a friend.,2026-05-14 08:45:56,2026-05-14 08:45:56,2026-05-14 08:45:56
1886,669,474,5,"Great picture quality, average story.",2026-04-21 03:22:56,2026-04-21 03:22:56,2026-04-21 03:22:56
1887,954,531,3,A bit slow to start but picked up later.,2026-05-17 23:35:57,2026-05-17 23:35:57,2026-05-17 23:35:57
1888,361,268,5,"Not what I expected, but still worth it.",2025-10-25 05:28:16,2025-10-25 05:28:16,2025-10-25 05:28:16
1889,397,237,4,"Decent, but I have seen better.",2026-04-03 23:37:24,2026-04-03 23:37:24,2026-04-03 23:37:24
1890,295,112,5,Really enjoyed the pacing and the cast.,2026-01-25 21:13:52,2026-01-25 21:13:52,2026-01-25 21:13:52
1891,249,11,2,"Not what I expected, but still worth it.",2026-05-10 05:58:38,2026-05-10 05:58:38,2026-05-10 05:58:38
1892,490,188,5,A bit slow to start but picked up later.,2025-09-29 01:20:50,2025-09-29 01:20:50,2025-09-29 01:20:50
1893,714,296,5,Would recommend to a friend.,2025-11-25 01:01:35,2025-11-25 01:01:35,2025-11-25 01:01:35
1894,168,300,3,A bit slow to start but picked up later.,2025-09-28 03:32:49,2025-09-28 03:32:49,2025-09-28 03:32:49
1895,429,11,5,A bit slow to start but picked up later.,2025-12-06 22:02:49,2025-12-06 22:02:49,2025-12-06 22:02:49
1896,707,357,5,Really enjoyed the pacing and the cast.,2026-04-05 05:43:28,2026-04-05 05:43:28,2026-04-05 05:43:28
1897,241,97,5,A bit slow to start but picked up later.,2026-01-17 16:31:04,2026-01-17 16:31:04,2026-01-17 16:31:04
1898,792,299,1,"Not what I expected, but still worth it.",2025-07-22 05:44:00,2025-07-22 05:44:00,2025-07-22 05:44:00
1899,904,56,4,Really enjoyed the pacing and the cast.,2026-04-06 05:02:40,2026-04-06 05:02:40,2026-04-06 05:02:40
1900,701,220,5,"Solid entry, will check out more from this title.",2025-06-19 11:48:59,2025-06-19 11:48:59,2025-06-19 11:48:59
1901,886,136,2,A bit slow to start but picked up later.,2025-06-23 08:36:29,2025-06-23 08:36:29,2025-06-23 08:36:29
1902,226,352,5,"Not what I expected, but still worth it.",2026-01-09 12:09:45,2026-01-09 12:09:45,2026-01-09 12:09:45
1903,272,230,5,Loved the soundtrack and visuals.,2025-06-26 20:50:33,2025-06-26 20:50:33,2025-06-26 20:50:33
1904,896,471,4,Loved the soundtrack and visuals.,2026-04-14 02:40:26,2026-04-14 02:40:26,2026-04-14 02:40:26
1905,29,455,5,Really enjoyed the pacing and the cast.,2025-12-12 00:30:42,2025-12-12 00:30:42,2025-12-12 00:30:42
1906,86,7,4,Didn't fully connect with the storyline.,2025-06-28 00:05:52,2025-06-28 00:05:52,2025-06-28 00:05:52
1907,102,548,4,A bit slow to start but picked up later.,2026-04-12 20:25:57,2026-04-12 20:25:57,2026-04-12 20:25:57
1908,731,254,5,"Great picture quality, average story.",2026-05-30 17:58:35,2026-05-30 17:58:35,2026-05-30 17:58:35
1909,273,459,4,Would recommend to a friend.,2025-08-15 09:47:49,2025-08-15 09:47:49,2025-08-15 09:47:49
1910,473,140,2,Would recommend to a friend.,2025-06-25 19:02:34,2025-06-25 19:02:34,2025-06-25 19:02:34
1911,554,425,3,Really enjoyed the pacing and the cast.,2025-10-12 18:21:42,2025-10-12 18:21:42,2025-10-12 18:21:42
1912,516,142,2,Would recommend to a friend.,2026-04-08 15:10:56,2026-04-08 15:10:56,2026-04-08 15:10:56
1913,573,81,5,Loved the soundtrack and visuals.,2026-05-12 05:42:52,2026-05-12 05:42:52,2026-05-12 05:42:52
1914,929,309,2,"Great picture quality, average story.",2025-10-18 17:41:18,2025-10-18 17:41:18,2025-10-18 17:41:18
1915,675,289,1,Would recommend to a friend.,2026-05-27 03:47:34,2026-05-27 03:47:34,2026-05-27 03:47:34
1916,218,429,5,Really enjoyed the pacing and the cast.,2026-02-13 17:01:19,2026-02-13 17:01:19,2026-02-13 17:01:19
1917,585,479,1,Would recommend to a friend.,2025-10-13 05:42:59,2025-10-13 05:42:59,2025-10-13 05:42:59
1918,94,466,1,A bit slow to start but picked up later.,2025-12-12 23:59:56,2025-12-12 23:59:56,2025-12-12 23:59:56
1919,461,327,3,"Solid entry, will check out more from this title.",2026-01-08 00:34:14,2026-01-08 00:34:14,2026-01-08 00:34:14
1920,449,409,4,Would recommend to a friend.,2026-03-28 20:15:32,2026-03-28 20:15:32,2026-03-28 20:15:32
1921,168,149,4,A bit slow to start but picked up later.,2025-12-15 23:04:20,2025-12-15 23:04:20,2025-12-15 23:04:20
1922,716,122,3,Loved the soundtrack and visuals.,2025-08-19 02:50:17,2025-08-19 02:50:17,2025-08-19 02:50:17
1923,365,3,5,"Solid entry, will check out more from this title.",2025-06-07 16:15:11,2025-06-07 16:15:11,2025-06-07 16:15:11
1924,783,33,2,Would recommend to a friend.,2026-01-09 21:49:20,2026-01-09 21:49:20,2026-01-09 21:49:20
1925,302,187,4,"Decent, but I have seen better.",2026-03-03 07:44:11,2026-03-03 07:44:11,2026-03-03 07:44:11
1926,531,514,4,Didn't fully connect with the storyline.,2025-07-27 12:08:46,2025-07-27 12:08:46,2025-07-27 12:08:46
1927,575,262,5,Really enjoyed the pacing and the cast.,2026-02-18 22:42:59,2026-02-18 22:42:59,2026-02-18 22:42:59
1928,52,6,4,,2026-05-19 07:44:48,2026-05-19 07:44:48,2026-05-19 07:44:48
1929,422,206,4,"Solid entry, will check out more from this title.",2026-03-15 11:53:06,2026-03-15 11:53:06,2026-03-15 11:53:06
1930,970,515,4,Would recommend to a friend.,2026-02-23 04:56:13,2026-02-23 04:56:13,2026-02-23 04:56:13
1931,41,37,3,A bit slow to start but picked up later.,2026-01-29 08:39:32,2026-01-29 08:39:32,2026-01-29 08:39:32
1932,277,105,4,Loved the soundtrack and visuals.,2025-10-05 02:40:15,2025-10-05 02:40:15,2025-10-05 02:40:15
1933,732,574,5,,2026-02-01 00:36:28,2026-02-01 00:36:28,2026-02-01 00:36:28
1934,347,536,5,One of the better titles in this category.,2025-10-30 05:29:05,2025-10-30 05:29:05,2025-10-30 05:29:05
1935,344,324,4,A bit slow to start but picked up later.,2025-12-02 00:28:29,2025-12-02 00:28:29,2025-12-02 00:28:29
1936,358,341,4,"Not what I expected, but still worth it.",2025-09-17 06:57:53,2025-09-17 06:57:53,2025-09-17 06:57:53
1937,733,239,4,"Solid entry, will check out more from this title.",2025-12-08 16:53:08,2025-12-08 16:53:08,2025-12-08 16:53:08
1938,683,461,1,One of the better titles in this category.,2026-01-01 21:16:38,2026-01-01 21:16:38,2026-01-01 21:16:38
1939,460,289,4,"Decent, but I have seen better.",2026-03-30 18:32:54,2026-03-30 18:32:54,2026-03-30 18:32:54
1940,134,397,4,"Not what I expected, but still worth it.",2025-10-03 09:28:31,2025-10-03 09:28:31,2025-10-03 09:28:31
1941,898,472,2,A bit slow to start but picked up later.,2025-07-22 03:44:53,2025-07-22 03:44:53,2025-07-22 03:44:53
1942,176,87,5,"Decent, but I have seen better.",2026-04-11 20:49:36,2026-04-11 20:49:36,2026-04-11 20:49:36
1943,783,575,5,Really enjoyed the pacing and the cast.,2026-04-11 21:17:22,2026-04-11 21:17:22,2026-04-11 21:17:22
1944,168,371,5,"Decent, but I have seen better.",2025-12-08 10:01:27,2025-12-08 10:01:27,2025-12-08 10:01:27
1945,220,474,4,"Great picture quality, average story.",2026-01-17 11:51:10,2026-01-17 11:51:10,2026-01-17 11:51:10
1946,670,534,4,Really enjoyed the pacing and the cast.,2025-10-30 10:13:49,2025-10-30 10:13:49,2025-10-30 10:13:49
1947,530,334,4,Really enjoyed the pacing and the cast.,2026-02-13 03:15:37,2026-02-13 03:15:37,2026-02-13 03:15:37
1948,292,374,4,One of the better titles in this category.,2025-11-25 17:33:49,2025-11-25 17:33:49,2025-11-25 17:33:49
1949,246,466,5,"Solid entry, will check out more from this title.",2025-09-06 04:49:34,2025-09-06 04:49:34,2025-09-06 04:49:34
1950,612,414,3,Would recommend to a friend.,2025-10-25 09:36:24,2025-10-25 09:36:24,2025-10-25 09:36:24
1951,514,369,5,Really enjoyed the pacing and the cast.,2026-01-05 02:25:47,2026-01-05 02:25:47,2026-01-05 02:25:47
1952,359,434,4,A bit slow to start but picked up later.,2026-05-09 20:09:07,2026-05-09 20:09:07,2026-05-09 20:09:07
1953,511,537,4,"Solid entry, will check out more from this title.",2025-11-22 10:09:16,2025-11-22 10:09:16,2025-11-22 10:09:16
1954,733,119,3,"Great picture quality, average story.",2026-03-28 08:11:36,2026-03-28 08:11:36,2026-03-28 08:11:36
1955,158,232,3,Would recommend to a friend.,2026-02-10 21:15:41,2026-02-10 21:15:41,2026-02-10 21:15:41
1956,179,323,4,Didn't fully connect with the storyline.,2026-02-26 09:37:29,2026-02-26 09:37:29,2026-02-26 09:37:29
1957,974,458,1,One of the better titles in this category.,2025-08-14 15:39:02,2025-08-14 15:39:02,2025-08-14 15:39:02
1958,215,128,4,Would recommend to a friend.,2026-01-14 12:16:22,2026-01-14 12:16:22,2026-01-14 12:16:22
1959,504,413,4,"Great picture quality, average story.",2025-12-22 12:18:34,2025-12-22 12:18:34,2025-12-22 12:18:34
1960,532,402,2,A bit slow to start but picked up later.,2026-04-02 08:31:39,2026-04-02 08:31:39,2026-04-02 08:31:39
1961,153,206,3,"Not what I expected, but still worth it.",2025-11-13 14:01:02,2025-11-13 14:01:02,2025-11-13 14:01:02
1962,871,211,4,Would recommend to a friend.,2025-06-17 08:29:35,2025-06-17 08:29:35,2025-06-17 08:29:35
1963,727,275,3,Really enjoyed the pacing and the cast.,2026-03-29 14:24:02,2026-03-29 14:24:02,2026-03-29 14:24:02
1964,867,183,3,Would recommend to a friend.,2025-11-18 05:19:04,2025-11-18 05:19:04,2025-11-18 05:19:04
1965,92,69,5,"Not what I expected, but still worth it.",2025-10-14 01:48:59,2025-10-14 01:48:59,2025-10-14 01:48:59
1966,588,93,5,"Decent, but I have seen better.",2025-11-23 13:40:33,2025-11-23 13:40:33,2025-11-23 13:40:33
1967,826,501,5,Loved the soundtrack and visuals.,2025-07-11 08:34:36,2025-07-11 08:34:36,2025-07-11 08:34:36
1968,807,525,4,Loved the soundtrack and visuals.,2025-07-13 23:20:52,2025-07-13 23:20:52,2025-07-13 23:20:52
1969,53,102,4,One of the better titles in this category.,2025-08-28 23:22:46,2025-08-28 23:22:46,2025-08-28 23:22:46
1970,753,359,3,"Not what I expected, but still worth it.",2025-08-06 10:41:00,2025-08-06 10:41:00,2025-08-06 10:41:00
1971,690,304,5,A bit slow to start but picked up later.,2026-01-14 06:02:07,2026-01-14 06:02:07,2026-01-14 06:02:07
1972,262,556,4,One of the better titles in this category.,2026-01-27 16:15:18,2026-01-27 16:15:18,2026-01-27 16:15:18
1973,407,522,4,"Decent, but I have seen better.",2025-09-29 03:05:11,2025-09-29 03:05:11,2025-09-29 03:05:11
1974,571,494,1,"Solid entry, will check out more from this title.",2025-12-07 09:34:37,2025-12-07 09:34:37,2025-12-07 09:34:37
1975,301,305,3,Didn't fully connect with the storyline.,2026-04-13 20:31:24,2026-04-13 20:31:24,2026-04-13 20:31:24
1976,668,561,5,Didn't fully connect with the storyline.,2026-03-31 01:52:57,2026-03-31 01:52:57,2026-03-31 01:52:57
1977,979,346,5,Didn't fully connect with the storyline.,2026-02-09 14:49:38,2026-02-09 14:49:38,2026-02-09 14:49:38
1978,587,384,5,"Decent, but I have seen better.",2026-04-28 03:53:34,2026-04-28 03:53:34,2026-04-28 03:53:34
1979,375,217,4,Would recommend to a friend.,2025-07-29 15:47:45,2025-07-29 15:47:45,2025-07-29 15:47:45
1980,163,66,3,One of the better titles in this category.,2025-10-22 14:53:01,2025-10-22 14:53:01,2025-10-22 14:53:01
1981,553,350,4,Loved the soundtrack and visuals.,2026-04-22 06:27:44,2026-04-22 06:27:44,2026-04-22 06:27:44
1982,810,237,5,"Decent, but I have seen better.",2025-06-30 04:09:02,2025-06-30 04:09:02,2025-06-30 04:09:02
1983,111,468,2,Loved the soundtrack and visuals.,2026-04-14 02:26:19,2026-04-14 02:26:19,2026-04-14 02:26:19
1984,358,386,3,A bit slow to start but picked up later.,2025-07-16 11:51:30,2025-07-16 11:51:30,2025-07-16 11:51:30
1985,596,258,5,One of the better titles in this category.,2026-02-26 03:56:14,2026-02-26 03:56:14,2026-02-26 03:56:14
1986,399,260,2,One of the better titles in this category.,2026-03-05 01:07:57,2026-03-05 01:07:57,2026-03-05 01:07:57
1987,597,434,4,"Not what I expected, but still worth it.",2025-10-03 06:46:32,2025-10-03 06:46:32,2025-10-03 06:46:32
1988,303,166,5,"Great picture quality, average story.",2025-10-23 18:45:11,2025-10-23 18:45:11,2025-10-23 18:45:11
1989,739,405,5,Would recommend to a friend.,2025-12-02 04:54:51,2025-12-02 04:54:51,2025-12-02 04:54:51
1990,414,524,5,Would recommend to a friend.,2025-09-09 17:01:14,2025-09-09 17:01:14,2025-09-09 17:01:14
1991,53,187,5,One of the better titles in this category.,2025-07-27 21:06:41,2025-07-27 21:06:41,2025-07-27 21:06:41
1992,694,548,4,"Decent, but I have seen better.",2026-03-26 20:38:21,2026-03-26 20:38:21,2026-03-26 20:38:21
1993,50,544,4,"Solid entry, will check out more from this title.",2025-11-19 23:32:52,2025-11-19 23:32:52,2025-11-19 23:32:52
1994,743,466,3,Would recommend to a friend.,2025-06-14 22:36:49,2025-06-14 22:36:49,2025-06-14 22:36:49
1995,144,222,2,Loved the soundtrack and visuals.,2026-03-20 17:42:44,2026-03-20 17:42:44,2026-03-20 17:42:44
1996,811,550,2,"Not what I expected, but still worth it.",2025-11-04 19:19:22,2025-11-04 19:19:22,2025-11-04 19:19:22
1997,521,491,3,Really enjoyed the pacing and the cast.,2025-08-30 22:25:07,2025-08-30 22:25:07,2025-08-30 22:25:07
1998,791,375,4,"Not what I expected, but still worth it.",2025-10-02 02:01:57,2025-10-02 02:01:57,2025-10-02 02:01:57
1999,697,267,2,Loved the soundtrack and visuals.,2026-04-22 05:08:31,2026-04-22 05:08:31,2026-04-22 05:08:31
2000,825,76,4,One of the better titles in this category.,2026-04-08 06:19:22,2026-04-08 06:19:22,2026-04-08 06:19:22
2001,45,247,3,Loved the soundtrack and visuals.,2025-12-02 02:46:19,2025-12-02 02:46:19,2025-12-02 02:46:19
2002,915,87,4,"Great picture quality, average story.",2025-07-05 19:24:54,2025-07-05 19:24:54,2025-07-05 19:24:54
2003,919,148,1,A bit slow to start but picked up later.,2026-04-21 21:59:20,2026-04-21 21:59:20,2026-04-21 21:59:20
2004,538,31,4,Didn't fully connect with the storyline.,2025-06-06 09:21:12,2025-06-06 09:21:12,2025-06-06 09:21:12
2005,734,367,1,"Decent, but I have seen better.",2025-10-01 03:45:23,2025-10-01 03:45:23,2025-10-01 03:45:23
2006,101,178,4,"Not what I expected, but still worth it.",2025-12-21 06:00:08,2025-12-21 06:00:08,2025-12-21 06:00:08
2007,127,316,3,Loved the soundtrack and visuals.,2025-12-01 10:31:19,2025-12-01 10:31:19,2025-12-01 10:31:19
2008,587,571,5,One of the better titles in this category.,2026-02-17 20:54:51,2026-02-17 20:54:51,2026-02-17 20:54:51
2009,84,404,4,Really enjoyed the pacing and the cast.,2025-07-10 14:37:37,2025-07-10 14:37:37,2025-07-10 14:37:37
2010,175,504,2,Would recommend to a friend.,2026-05-20 00:51:36,2026-05-20 00:51:36,2026-05-20 00:51:36
2011,80,523,3,"Great picture quality, average story.",2025-12-09 12:09:11,2025-12-09 12:09:11,2025-12-09 12:09:11
2012,216,254,1,"Not what I expected, but still worth it.",2025-06-12 06:22:35,2025-06-12 06:22:35,2025-06-12 06:22:35
2013,231,278,5,"Great picture quality, average story.",2026-01-09 03:46:14,2026-01-09 03:46:14,2026-01-09 03:46:14
2014,859,75,3,A bit slow to start but picked up later.,2025-12-28 02:03:18,2025-12-28 02:03:18,2025-12-28 02:03:18
2015,572,549,4,"Not what I expected, but still worth it.",2026-01-06 19:31:27,2026-01-06 19:31:27,2026-01-06 19:31:27
2016,304,378,5,Loved the soundtrack and visuals.,2025-09-10 19:13:28,2025-09-10 19:13:28,2025-09-10 19:13:28
2017,962,237,3,Really enjoyed the pacing and the cast.,2026-02-27 16:31:52,2026-02-27 16:31:52,2026-02-27 16:31:52
2018,509,63,3,One of the better titles in this category.,2025-12-27 03:12:27,2025-12-27 03:12:27,2025-12-27 03:12:27
2019,297,214,4,Loved the soundtrack and visuals.,2025-07-02 06:13:47,2025-07-02 06:13:47,2025-07-02 06:13:47
2020,96,67,5,Didn't fully connect with the storyline.,2026-05-09 11:26:47,2026-05-09 11:26:47,2026-05-09 11:26:47
2021,360,182,4,"Decent, but I have seen better.",2026-02-06 04:04:17,2026-02-06 04:04:17,2026-02-06 04:04:17
2022,95,123,2,One of the better titles in this category.,2025-07-23 13:19:11,2025-07-23 13:19:11,2025-07-23 13:19:11
2023,883,221,4,Would recommend to a friend.,2026-02-02 23:12:44,2026-02-02 23:12:44,2026-02-02 23:12:44
2024,819,79,5,"Decent, but I have seen better.",2025-12-02 16:11:20,2025-12-02 16:11:20,2025-12-02 16:11:20
2025,632,9,3,"Decent, but I have seen better.",2025-09-01 03:51:46,2025-09-01 03:51:46,2025-09-01 03:51:46
2026,151,520,4,"Solid entry, will check out more from this title.",2025-10-18 23:23:27,2025-10-18 23:23:27,2025-10-18 23:23:27
2027,221,311,4,One of the better titles in this category.,2026-04-08 20:16:50,2026-04-08 20:16:50,2026-04-08 20:16:50
2028,103,67,4,Would recommend to a friend.,2025-09-03 13:40:01,2025-09-03 13:40:01,2025-09-03 13:40:01
2029,918,542,1,"Solid entry, will check out more from this title.",2025-08-14 20:09:58,2025-08-14 20:09:58,2025-08-14 20:09:58
2030,334,258,1,"Solid entry, will check out more from this title.",2025-08-18 23:42:36,2025-08-18 23:42:36,2025-08-18 23:42:36
2031,335,200,5,"Solid entry, will check out more from this title.",2025-09-22 17:57:19,2025-09-22 17:57:19,2025-09-22 17:57:19
2032,436,81,4,One of the better titles in this category.,2025-08-04 13:47:59,2025-08-04 13:47:59,2025-08-04 13:47:59
2033,49,142,4,A bit slow to start but picked up later.,2026-01-19 19:42:59,2026-01-19 19:42:59,2026-01-19 19:42:59
2034,888,505,5,"Great picture quality, average story.",2025-08-19 13:48:35,2025-08-19 13:48:35,2025-08-19 13:48:35
2035,10,457,5,"Great picture quality, average story.",2025-10-07 01:44:53,2025-10-07 01:44:53,2025-10-07 01:44:53
2036,606,275,3,Loved the soundtrack and visuals.,2026-05-15 00:35:07,2026-05-15 00:35:07,2026-05-15 00:35:07
2037,8,300,5,"Solid entry, will check out more from this title.",2026-05-07 23:47:57,2026-05-07 23:47:57,2026-05-07 23:47:57
2038,106,160,5,"Decent, but I have seen better.",2026-05-21 10:16:35,2026-05-21 10:16:35,2026-05-21 10:16:35
2039,836,322,4,Would recommend to a friend.,2025-10-22 15:29:46,2025-10-22 15:29:46,2025-10-22 15:29:46
2040,433,374,1,"Great picture quality, average story.",2025-07-16 06:49:17,2025-07-16 06:49:17,2025-07-16 06:49:17
2041,560,364,4,Loved the soundtrack and visuals.,2025-06-18 20:28:26,2025-06-18 20:28:26,2025-06-18 20:28:26
2042,202,164,5,One of the better titles in this category.,2025-09-20 17:19:34,2025-09-20 17:19:34,2025-09-20 17:19:34
2043,990,133,2,Didn't fully connect with the storyline.,2025-09-03 14:35:28,2025-09-03 14:35:28,2025-09-03 14:35:28
2044,978,263,2,A bit slow to start but picked up later.,2025-06-14 12:03:00,2025-06-14 12:03:00,2025-06-14 12:03:00
2045,422,569,5,"Great picture quality, average story.",2026-05-16 23:54:44,2026-05-16 23:54:44,2026-05-16 23:54:44
2046,395,367,5,Really enjoyed the pacing and the cast.,2025-11-03 18:04:10,2025-11-03 18:04:10,2025-11-03 18:04:10
2047,503,292,5,"Not what I expected, but still worth it.",2026-02-08 22:46:50,2026-02-08 22:46:50,2026-02-08 22:46:50
2048,576,590,5,Loved the soundtrack and visuals.,2026-05-30 19:01:44,2026-05-30 19:01:44,2026-05-30 19:01:44
2049,653,174,4,Really enjoyed the pacing and the cast.,2025-06-11 03:58:14,2025-06-11 03:58:14,2025-06-11 03:58:14
2050,343,408,3,Loved the soundtrack and visuals.,2026-02-26 23:39:43,2026-02-26 23:39:43,2026-02-26 23:39:43
2051,797,4,4,One of the better titles in this category.,2025-10-15 05:02:41,2025-10-15 05:02:41,2025-10-15 05:02:41
2052,696,49,3,"Not what I expected, but still worth it.",2026-03-14 19:08:25,2026-03-14 19:08:25,2026-03-14 19:08:25
2053,817,53,5,"Great picture quality, average story.",2025-10-29 16:03:24,2025-10-29 16:03:24,2025-10-29 16:03:24
2054,948,241,3,Loved the soundtrack and visuals.,2026-02-17 22:53:38,2026-02-17 22:53:38,2026-02-17 22:53:38
2055,369,32,4,"Great picture quality, average story.",2026-04-30 12:39:22,2026-04-30 12:39:22,2026-04-30 12:39:22
2056,288,263,3,Loved the soundtrack and visuals.,2025-10-07 10:56:38,2025-10-07 10:56:38,2025-10-07 10:56:38
2057,554,113,4,Didn't fully connect with the storyline.,2026-05-15 00:10:34,2026-05-15 00:10:34,2026-05-15 00:10:34
2058,621,467,3,Didn't fully connect with the storyline.,2025-08-02 05:59:01,2025-08-02 05:59:01,2025-08-02 05:59:01
2059,34,476,4,"Great picture quality, average story.",2026-04-12 07:02:47,2026-04-12 07:02:47,2026-04-12 07:02:47
2060,426,492,4,Didn't fully connect with the storyline.,2025-07-26 08:41:58,2025-07-26 08:41:58,2025-07-26 08:41:58
2061,925,290,4,"Solid entry, will check out more from this title.",2025-11-16 04:10:06,2025-11-16 04:10:06,2025-11-16 04:10:06
2062,721,227,2,Loved the soundtrack and visuals.,2026-04-15 12:39:44,2026-04-15 12:39:44,2026-04-15 12:39:44
2063,534,94,4,Loved the soundtrack and visuals.,2025-06-27 23:05:04,2025-06-27 23:05:04,2025-06-27 23:05:04
2064,297,504,2,"Great picture quality, average story.",2025-09-24 21:11:10,2025-09-24 21:11:10,2025-09-24 21:11:10
2065,889,380,4,Would recommend to a friend.,2025-09-04 22:00:13,2025-09-04 22:00:13,2025-09-04 22:00:13
2066,996,60,5,"Decent, but I have seen better.",2026-03-25 15:03:42,2026-03-25 15:03:42,2026-03-25 15:03:42
2067,512,413,4,"Decent, but I have seen better.",2025-10-20 17:54:14,2025-10-20 17:54:14,2025-10-20 17:54:14
2068,717,32,4,Loved the soundtrack and visuals.,2025-09-14 21:22:11,2025-09-14 21:22:11,2025-09-14 21:22:11
2069,256,326,4,Didn't fully connect with the storyline.,2026-03-24 17:55:01,2026-03-24 17:55:01,2026-03-24 17:55:01
2070,96,99,3,Loved the soundtrack and visuals.,2026-05-22 08:48:54,2026-05-22 08:48:54,2026-05-22 08:48:54
2071,497,486,4,"Decent, but I have seen better.",2026-04-16 07:57:20,2026-04-16 07:57:20,2026-04-16 07:57:20
2072,143,365,5,Loved the soundtrack and visuals.,2025-10-12 06:57:57,2025-10-12 06:57:57,2025-10-12 06:57:57
2073,870,10,5,"Solid entry, will check out more from this title.",2026-03-18 23:36:41,2026-03-18 23:36:41,2026-03-18 23:36:41
2074,753,223,4,"Decent, but I have seen better.",2025-06-14 21:20:14,2025-06-14 21:20:14,2025-06-14 21:20:14
2075,455,309,2,Would recommend to a friend.,2025-09-10 06:07:39,2025-09-10 06:07:39,2025-09-10 06:07:39
2076,325,509,4,"Solid entry, will check out more from this title.",2025-07-31 03:46:24,2025-07-31 03:46:24,2025-07-31 03:46:24
2077,221,101,5,"Solid entry, will check out more from this title.",2025-10-05 11:08:43,2025-10-05 11:08:43,2025-10-05 11:08:43
2078,668,279,5,"Solid entry, will check out more from this title.",2025-11-16 12:53:42,2025-11-16 12:53:42,2025-11-16 12:53:42
2079,132,161,4,"Not what I expected, but still worth it.",2025-10-04 15:53:09,2025-10-04 15:53:09,2025-10-04 15:53:09
2080,179,440,5,One of the better titles in this category.,2026-01-04 08:16:46,2026-01-04 08:16:46,2026-01-04 08:16:46
2081,63,82,5,A bit slow to start but picked up later.,2025-09-03 18:27:25,2025-09-03 18:27:25,2025-09-03 18:27:25
2082,908,409,4,"Not what I expected, but still worth it.",2026-02-27 02:35:06,2026-02-27 02:35:06,2026-02-27 02:35:06
2083,340,39,5,Would recommend to a friend.,2026-01-03 13:25:37,2026-01-03 13:25:37,2026-01-03 13:25:37
2084,460,214,4,Loved the soundtrack and visuals.,2026-03-25 13:55:07,2026-03-25 13:55:07,2026-03-25 13:55:07
2085,965,547,4,"Solid entry, will check out more from this title.",2025-08-13 07:06:36,2025-08-13 07:06:36,2025-08-13 07:06:36
2086,290,239,4,Would recommend to a friend.,2025-06-17 07:21:37,2025-06-17 07:21:37,2025-06-17 07:21:37
2087,199,71,5,Loved the soundtrack and visuals.,2026-05-31 13:59:07,2026-05-31 13:59:07,2026-05-31 13:59:07
2088,662,395,4,"Solid entry, will check out more from this title.",2025-12-30 06:28:30,2025-12-30 06:28:30,2025-12-30 06:28:30
2089,544,406,4,"Decent, but I have seen better.",2026-04-05 11:42:17,2026-04-05 11:42:17,2026-04-05 11:42:17
2090,979,546,5,"Decent, but I have seen better.",2025-11-27 23:52:48,2025-11-27 23:52:48,2025-11-27 23:52:48
2091,429,240,5,"Solid entry, will check out more from this title.",2025-12-10 22:56:35,2025-12-10 22:56:35,2025-12-10 22:56:35
2092,967,390,2,"Not what I expected, but still worth it.",2025-10-25 19:22:03,2025-10-25 19:22:03,2025-10-25 19:22:03
2093,518,311,4,"Great picture quality, average story.",2026-03-12 17:23:29,2026-03-12 17:23:29,2026-03-12 17:23:29
2094,222,532,4,"Decent, but I have seen better.",2025-07-02 17:14:37,2025-07-02 17:14:37,2025-07-02 17:14:37
2095,685,80,5,,2026-03-08 16:25:27,2026-03-08 16:25:27,2026-03-08 16:25:27
2096,233,67,5,"Great picture quality, average story.",2025-06-26 08:21:55,2025-06-26 08:21:55,2025-06-26 08:21:55
2097,120,189,3,Would recommend to a friend.,2025-06-18 09:25:16,2025-06-18 09:25:16,2025-06-18 09:25:16
2098,398,433,5,Would recommend to a friend.,2025-10-02 21:45:57,2025-10-02 21:45:57,2025-10-02 21:45:57
2099,594,96,4,Loved the soundtrack and visuals.,2025-11-30 11:28:08,2025-11-30 11:28:08,2025-11-30 11:28:08
2100,174,515,5,Loved the soundtrack and visuals.,2026-05-17 03:31:44,2026-05-17 03:31:44,2026-05-17 03:31:44
2101,617,335,3,A bit slow to start but picked up later.,2025-12-29 07:46:34,2025-12-29 07:46:34,2025-12-29 07:46:34
2102,882,321,5,Loved the soundtrack and visuals.,2025-08-19 08:03:15,2025-08-19 08:03:15,2025-08-19 08:03:15
2103,963,100,5,"Solid entry, will check out more from this title.",2025-08-06 13:22:45,2025-08-06 13:22:45,2025-08-06 13:22:45
2104,263,12,4,Really enjoyed the pacing and the cast.,2026-01-05 17:36:02,2026-01-05 17:36:02,2026-01-05 17:36:02
2105,354,364,4,"Decent, but I have seen better.",2026-02-05 23:07:50,2026-02-05 23:07:50,2026-02-05 23:07:50
2106,353,374,4,Really enjoyed the pacing and the cast.,2026-04-07 04:23:47,2026-04-07 04:23:47,2026-04-07 04:23:47
2107,225,324,5,"Decent, but I have seen better.",2025-08-29 04:28:02,2025-08-29 04:28:02,2025-08-29 04:28:02
2108,864,580,4,Didn't fully connect with the storyline.,2026-01-09 11:30:25,2026-01-09 11:30:25,2026-01-09 11:30:25
2109,114,499,4,Really enjoyed the pacing and the cast.,2025-07-23 01:13:19,2025-07-23 01:13:19,2025-07-23 01:13:19
2110,913,103,1,"Solid entry, will check out more from this title.",2026-05-25 13:49:02,2026-05-25 13:49:02,2026-05-25 13:49:02
2111,97,225,4,Would recommend to a friend.,2026-05-12 18:29:18,2026-05-12 18:29:18,2026-05-12 18:29:18
2112,229,530,5,A bit slow to start but picked up later.,2025-06-23 00:18:27,2025-06-23 00:18:27,2025-06-23 00:18:27
2113,564,254,4,One of the better titles in this category.,2025-10-09 04:39:03,2025-10-09 04:39:03,2025-10-09 04:39:03
2114,108,140,4,"Solid entry, will check out more from this title.",2025-12-27 10:53:27,2025-12-27 10:53:27,2025-12-27 10:53:27
2115,850,569,4,Really enjoyed the pacing and the cast.,2026-04-10 15:07:13,2026-04-10 15:07:13,2026-04-10 15:07:13
2116,695,360,4,Didn't fully connect with the storyline.,2025-10-28 02:09:44,2025-10-28 02:09:44,2025-10-28 02:09:44
2117,195,129,2,"Not what I expected, but still worth it.",2026-05-19 04:46:30,2026-05-19 04:46:30,2026-05-19 04:46:30
2118,675,540,1,"Not what I expected, but still worth it.",2026-02-19 08:47:11,2026-02-19 08:47:11,2026-02-19 08:47:11
2119,93,529,5,A bit slow to start but picked up later.,2025-12-29 00:01:54,2025-12-29 00:01:54,2025-12-29 00:01:54
2120,634,500,3,"Not what I expected, but still worth it.",2026-01-27 23:09:37,2026-01-27 23:09:37,2026-01-27 23:09:37
2121,774,46,4,One of the better titles in this category.,2025-07-16 22:15:22,2025-07-16 22:15:22,2025-07-16 22:15:22
2122,263,566,4,Loved the soundtrack and visuals.,2026-01-28 23:59:06,2026-01-28 23:59:06,2026-01-28 23:59:06
2123,823,384,4,"Solid entry, will check out more from this title.",2025-06-26 13:12:55,2025-06-26 13:12:55,2025-06-26 13:12:55
2124,998,126,3,Would recommend to a friend.,2025-09-09 13:35:49,2025-09-09 13:35:49,2025-09-09 13:35:49
2125,222,130,3,Loved the soundtrack and visuals.,2025-08-20 07:48:42,2025-08-20 07:48:42,2025-08-20 07:48:42
2126,720,564,4,Would recommend to a friend.,2026-01-10 19:11:29,2026-01-10 19:11:29,2026-01-10 19:11:29
2127,477,255,4,"Decent, but I have seen better.",2026-04-07 03:14:32,2026-04-07 03:14:32,2026-04-07 03:14:32
2128,493,340,0,Would recommend to a friend.,2025-06-30 14:45:53,2025-06-30 14:45:53,2025-06-30 14:45:53
2129,268,416,3,Didn't fully connect with the storyline.,2026-04-19 06:17:50,2026-04-19 06:17:50,2026-04-19 06:17:50
2130,27,432,5,"Decent, but I have seen better.",2026-02-04 07:36:32,2026-02-04 07:36:32,2026-02-04 07:36:32
2131,754,125,5,Didn't fully connect with the storyline.,2026-02-05 10:59:13,2026-02-05 10:59:13,2026-02-05 10:59:13
2132,300,165,3,Really enjoyed the pacing and the cast.,2026-05-11 19:35:48,2026-05-11 19:35:48,2026-05-11 19:35:48
2133,706,540,3,Really enjoyed the pacing and the cast.,2026-02-01 14:56:34,2026-02-01 14:56:34,2026-02-01 14:56:34
2134,49,514,5,Really enjoyed the pacing and the cast.,2026-02-25 23:28:34,2026-02-25 23:28:34,2026-02-25 23:28:34
2135,221,329,4,A bit slow to start but picked up later.,2025-07-19 20:30:37,2025-07-19 20:30:37,2025-07-19 20:30:37
2136,566,498,5,Really enjoyed the pacing and the cast.,2026-05-19 00:08:26,2026-05-19 00:08:26,2026-05-19 00:08:26
2137,919,420,4,One of the better titles in this category.,2026-03-01 19:09:06,2026-03-01 19:09:06,2026-03-01 19:09:06
2138,658,239,5,"Solid entry, will check out more from this title.",2025-07-24 06:59:35,2025-07-24 06:59:35,2025-07-24 06:59:35
2139,679,434,5,Loved the soundtrack and visuals.,2025-06-19 16:10:52,2025-06-19 16:10:52,2025-06-19 16:10:52
2140,685,17,3,A bit slow to start but picked up later.,2025-11-03 17:21:23,2025-11-03 17:21:23,2025-11-03 17:21:23
2141,726,431,5,"Solid entry, will check out more from this title.",2025-06-22 07:14:45,2025-06-22 07:14:45,2025-06-22 07:14:45
2142,690,431,5,"Great picture quality, average story.",2026-02-19 09:53:17,2026-02-19 09:53:17,2026-02-19 09:53:17
2143,404,268,5,Didn't fully connect with the storyline.,2026-04-24 18:19:17,2026-04-24 18:19:17,2026-04-24 18:19:17
2144,934,448,4,"Solid entry, will check out more from this title.",2025-09-23 07:32:13,2025-09-23 07:32:13,2025-09-23 07:32:13
2145,276,536,4,Loved the soundtrack and visuals.,2026-05-04 13:18:04,2026-05-04 13:18:04,2026-05-04 13:18:04
2146,707,184,3,One of the better titles in this category.,2025-11-20 23:15:20,2025-11-20 23:15:20,2025-11-20 23:15:20
2147,12,484,0,One of the better titles in this category.,2026-03-24 13:43:35,2026-03-24 13:43:35,2026-03-24 13:43:35
2148,682,571,4,Didn't fully connect with the storyline.,2026-02-17 22:56:02,2026-02-17 22:56:02,2026-02-17 22:56:02
2149,291,178,3,"Great picture quality, average story.",2025-12-02 02:53:25,2025-12-02 02:53:25,2025-12-02 02:53:25
2150,355,432,4,Really enjoyed the pacing and the cast.,2025-10-16 06:04:06,2025-10-16 06:04:06,2025-10-16 06:04:06
2151,386,590,4,Didn't fully connect with the storyline.,2026-04-12 06:13:58,2026-04-12 06:13:58,2026-04-12 06:13:58
2152,60,6,5,Didn't fully connect with the storyline.,2025-12-15 20:54:24,2025-12-15 20:54:24,2025-12-15 20:54:24
2153,201,179,4,"Solid entry, will check out more from this title.",2026-02-26 17:17:58,2026-02-26 17:17:58,2026-02-26 17:17:58
2154,559,109,4,"Decent, but I have seen better.",2025-11-27 21:57:16,2025-11-27 21:57:16,2025-11-27 21:57:16
2155,343,19,4,Really enjoyed the pacing and the cast.,2025-07-07 07:04:13,2025-07-07 07:04:13,2025-07-07 07:04:13
2156,71,232,4,"Decent, but I have seen better.",2026-04-19 17:35:21,2026-04-19 17:35:21,2026-04-19 17:35:21
2157,187,333,4,"Not what I expected, but still worth it.",2025-10-30 20:52:26,2025-10-30 20:52:26,2025-10-30 20:52:26
2158,884,305,5,Didn't fully connect with the storyline.,2026-04-13 14:51:16,2026-04-13 14:51:16,2026-04-13 14:51:16
2159,437,239,5,Would recommend to a friend.,2025-08-27 13:44:31,2025-08-27 13:44:31,2025-08-27 13:44:31
2160,962,477,4,"Decent, but I have seen better.",2026-03-10 22:55:03,2026-03-10 22:55:03,2026-03-10 22:55:03
2161,578,292,5,"Decent, but I have seen better.",2026-01-15 08:42:26,2026-01-15 08:42:26,2026-01-15 08:42:26
2162,407,133,4,,2026-04-21 08:13:11,2026-04-21 08:13:11,2026-04-21 08:13:11
2163,601,329,3,"Decent, but I have seen better.",2025-11-01 05:36:10,2025-11-01 05:36:10,2025-11-01 05:36:10
2164,253,576,5,"Not what I expected, but still worth it.",2026-02-05 19:40:47,2026-02-05 19:40:47,2026-02-05 19:40:47
2165,548,126,2,A bit slow to start but picked up later.,2025-07-27 02:59:42,2025-07-27 02:59:42,2025-07-27 02:59:42
2166,14,249,2,Would recommend to a friend.,2025-07-02 04:33:17,2025-07-02 04:33:17,2025-07-02 04:33:17
2167,257,227,4,"Great picture quality, average story.",2025-11-24 05:46:40,2025-11-24 05:46:40,2025-11-24 05:46:40
2168,640,192,4,Loved the soundtrack and visuals.,2025-10-12 09:53:57,2025-10-12 09:53:57,2025-10-12 09:53:57
2169,869,448,1,"Decent, but I have seen better.",2025-09-25 14:02:28,2025-09-25 14:02:28,2025-09-25 14:02:28
2170,735,148,5,"Great picture quality, average story.",2026-01-09 04:33:00,2026-01-09 04:33:00,2026-01-09 04:33:00
2171,534,398,4,A bit slow to start but picked up later.,2025-08-31 03:56:28,2025-08-31 03:56:28,2025-08-31 03:56:28
2172,875,180,5,"Not what I expected, but still worth it.",2025-10-27 04:45:05,2025-10-27 04:45:05,2025-10-27 04:45:05
2173,150,11,3,Loved the soundtrack and visuals.,2025-10-25 17:42:03,2025-10-25 17:42:03,2025-10-25 17:42:03
2174,324,106,3,"Not what I expected, but still worth it.",2026-01-04 16:14:11,2026-01-04 16:14:11,2026-01-04 16:14:11
2175,19,352,4,Really enjoyed the pacing and the cast.,2026-04-15 14:41:23,2026-04-15 14:41:23,2026-04-15 14:41:23
2176,479,286,5,"Not what I expected, but still worth it.",2026-03-07 15:15:35,2026-03-07 15:15:35,2026-03-07 15:15:35
2177,416,309,4,Loved the soundtrack and visuals.,2026-01-18 16:28:35,2026-01-18 16:28:35,2026-01-18 16:28:35
2178,761,133,4,A bit slow to start but picked up later.,2026-04-23 22:57:50,2026-04-23 22:57:50,2026-04-23 22:57:50
2179,794,596,1,"Solid entry, will check out more from this title.",2026-04-06 03:23:09,2026-04-06 03:23:09,2026-04-06 03:23:09
2180,5,190,4,Loved the soundtrack and visuals.,2025-09-18 07:24:10,2025-09-18 07:24:10,2025-09-18 07:24:10
2181,723,100,5,Loved the soundtrack and visuals.,2025-11-02 14:02:29,2025-11-02 14:02:29,2025-11-02 14:02:29
2182,990,206,5,Would recommend to a friend.,2025-11-27 23:59:38,2025-11-27 23:59:38,2025-11-27 23:59:38
2183,554,91,1,Really enjoyed the pacing and the cast.,2026-01-09 21:36:53,2026-01-09 21:36:53,2026-01-09 21:36:53
2184,683,326,3,"Great picture quality, average story.",2025-06-26 18:33:24,2025-06-26 18:33:24,2025-06-26 18:33:24
2185,43,227,5,Didn't fully connect with the storyline.,2025-09-12 09:01:51,2025-09-12 09:01:51,2025-09-12 09:01:51
2186,578,69,5,Would recommend to a friend.,2026-01-31 13:13:29,2026-01-31 13:13:29,2026-01-31 13:13:29
2187,336,46,4,"Decent, but I have seen better.",2025-10-16 10:40:54,2025-10-16 10:40:54,2025-10-16 10:40:54
2188,734,138,2,Loved the soundtrack and visuals.,2026-05-19 23:04:16,2026-05-19 23:04:16,2026-05-19 23:04:16
2189,148,432,3,"Great picture quality, average story.",2026-05-11 17:23:33,2026-05-11 17:23:33,2026-05-11 17:23:33
2190,151,58,5,Didn't fully connect with the storyline.,2025-07-08 06:25:50,2025-07-08 06:25:50,2025-07-08 06:25:50
2191,922,378,5,Loved the soundtrack and visuals.,2026-04-11 01:22:08,2026-04-11 01:22:08,2026-04-11 01:22:08
2192,209,544,5,"Decent, but I have seen better.",2025-06-22 08:19:08,2025-06-22 08:19:08,2025-06-22 08:19:08
2193,436,224,4,Didn't fully connect with the storyline.,2026-03-19 17:38:13,2026-03-19 17:38:13,2026-03-19 17:38:13
2194,342,241,5,"Solid entry, will check out more from this title.",2025-10-14 12:56:06,2025-10-14 12:56:06,2025-10-14 12:56:06
2195,123,594,4,A bit slow to start but picked up later.,2025-11-24 03:22:47,2025-11-24 03:22:47,2025-11-24 03:22:47
2196,125,263,4,"Decent, but I have seen better.",2025-10-15 05:09:58,2025-10-15 05:09:58,2025-10-15 05:09:58
2197,476,42,2,Didn't fully connect with the storyline.,2025-10-13 05:17:32,2025-10-13 05:17:32,2025-10-13 05:17:32
2198,83,316,5,One of the better titles in this category.,2025-09-14 07:29:14,2025-09-14 07:29:14,2025-09-14 07:29:14
2199,130,316,4,Loved the soundtrack and visuals.,2025-09-04 16:48:11,2025-09-04 16:48:11,2025-09-04 16:48:11
2200,938,218,1,"Not what I expected, but still worth it.",2025-09-01 05:58:44,2025-09-01 05:58:44,2025-09-01 05:58:44
2201,660,331,1,Would recommend to a friend.,2026-05-21 22:56:16,2026-05-21 22:56:16,2026-05-21 22:56:16
2202,381,40,5,Would recommend to a friend.,2025-06-22 09:56:25,2025-06-22 09:56:25,2025-06-22 09:56:25
2203,936,572,3,Loved the soundtrack and visuals.,2025-06-20 06:29:38,2025-06-20 06:29:38,2025-06-20 06:29:38
2204,343,337,5,"Not what I expected, but still worth it.",2025-12-11 16:08:35,2025-12-11 16:08:35,2025-12-11 16:08:35
2205,455,460,3,,2026-04-04 05:07:19,2026-04-04 05:07:19,2026-04-04 05:07:19
2206,591,203,4,"Solid entry, will check out more from this title.",2025-06-06 04:00:12,2025-06-06 04:00:12,2025-06-06 04:00:12
2207,509,147,4,A bit slow to start but picked up later.,2025-07-22 22:41:52,2025-07-22 22:41:52,2025-07-22 22:41:52
2208,282,286,4,Would recommend to a friend.,2025-07-07 06:27:32,2025-07-07 06:27:32,2025-07-07 06:27:32
2209,581,178,3,"Not what I expected, but still worth it.",2025-06-28 06:03:49,2025-06-28 06:03:49,2025-06-28 06:03:49
2210,993,448,4,"Great picture quality, average story.",2026-05-04 05:54:47,2026-05-04 05:54:47,2026-05-04 05:54:47
2211,148,6,4,One of the better titles in this category.,2026-04-24 02:42:46,2026-04-24 02:42:46,2026-04-24 02:42:46
2212,723,306,4,"Not what I expected, but still worth it.",2025-11-04 13:03:39,2025-11-04 13:03:39,2025-11-04 13:03:39
2213,872,573,4,Really enjoyed the pacing and the cast.,2025-11-06 04:29:18,2025-11-06 04:29:18,2025-11-06 04:29:18
2214,386,162,4,Loved the soundtrack and visuals.,2026-01-23 04:28:09,2026-01-23 04:28:09,2026-01-23 04:28:09
2215,621,552,5,"Solid entry, will check out more from this title.",2026-03-24 20:16:20,2026-03-24 20:16:20,2026-03-24 20:16:20
2216,861,468,1,"Not what I expected, but still worth it.",2025-07-27 10:26:00,2025-07-27 10:26:00,2025-07-27 10:26:00
2217,132,585,4,"Decent, but I have seen better.",2026-04-28 02:13:40,2026-04-28 02:13:40,2026-04-28 02:13:40
2218,92,232,3,One of the better titles in this category.,2026-04-17 12:08:41,2026-04-17 12:08:41,2026-04-17 12:08:41
2219,923,368,3,Would recommend to a friend.,2026-04-05 02:08:27,2026-04-05 02:08:27,2026-04-05 02:08:27
2220,468,157,3,"Not what I expected, but still worth it.",2025-11-20 00:56:16,2025-11-20 00:56:16,2025-11-20 00:56:16
2221,573,62,2,"Decent, but I have seen better.",2025-12-03 10:42:59,2025-12-03 10:42:59,2025-12-03 10:42:59
2222,886,338,2,Would recommend to a friend.,2025-12-10 12:29:53,2025-12-10 12:29:53,2025-12-10 12:29:53
2223,765,436,5,Didn't fully connect with the storyline.,2026-03-07 19:59:41,2026-03-07 19:59:41,2026-03-07 19:59:41
2224,326,303,4,One of the better titles in this category.,2026-04-19 17:47:36,2026-04-19 17:47:36,2026-04-19 17:47:36
2225,152,295,3,A bit slow to start but picked up later.,2025-10-05 19:04:12,2025-10-05 19:04:12,2025-10-05 19:04:12
2226,959,124,4,One of the better titles in this category.,2025-10-22 02:05:40,2025-10-22 02:05:40,2025-10-22 02:05:40
2227,721,22,4,Didn't fully connect with the storyline.,2025-07-05 05:10:07,2025-07-05 05:10:07,2025-07-05 05:10:07
2228,882,473,4,"Not what I expected, but still worth it.",2026-04-21 08:17:10,2026-04-21 08:17:10,2026-04-21 08:17:10
2229,779,291,5,"Solid entry, will check out more from this title.",2025-12-06 19:17:27,2025-12-06 19:17:27,2025-12-06 19:17:27
2230,893,517,5,One of the better titles in this category.,2025-08-14 01:22:38,2025-08-14 01:22:38,2025-08-14 01:22:38
2231,528,425,5,Didn't fully connect with the storyline.,2026-05-07 17:15:57,2026-05-07 17:15:57,2026-05-07 17:15:57
2232,108,391,4,"Great picture quality, average story.",2025-11-21 15:05:15,2025-11-21 15:05:15,2025-11-21 15:05:15
2233,967,227,4,A bit slow to start but picked up later.,2026-03-10 10:59:33,2026-03-10 10:59:33,2026-03-10 10:59:33
2234,772,450,4,,2025-06-07 23:01:23,2025-06-07 23:01:23,2025-06-07 23:01:23
2235,806,301,5,Would recommend to a friend.,2025-08-18 21:12:06,2025-08-18 21:12:06,2025-08-18 21:12:06
2236,761,46,5,Really enjoyed the pacing and the cast.,2025-06-25 01:16:56,2025-06-25 01:16:56,2025-06-25 01:16:56
2237,802,564,5,A bit slow to start but picked up later.,2026-02-16 14:53:29,2026-02-16 14:53:29,2026-02-16 14:53:29
2238,813,236,5,"Decent, but I have seen better.",2025-12-22 01:27:02,2025-12-22 01:27:02,2025-12-22 01:27:02
2239,95,78,4,A bit slow to start but picked up later.,2026-01-21 22:06:50,2026-01-21 22:06:50,2026-01-21 22:06:50
2240,721,513,5,Would recommend to a friend.,2026-03-19 20:05:42,2026-03-19 20:05:42,2026-03-19 20:05:42
2241,478,321,4,"Great picture quality, average story.",2026-03-12 14:22:18,2026-03-12 14:22:18,2026-03-12 14:22:18
2242,304,349,5,"Decent, but I have seen better.",2025-09-03 18:10:26,2025-09-03 18:10:26,2025-09-03 18:10:26
2243,455,239,4,Really enjoyed the pacing and the cast.,2025-09-24 03:23:39,2025-09-24 03:23:39,2025-09-24 03:23:39
2244,748,530,5,"Not what I expected, but still worth it.",2026-02-13 18:58:31,2026-02-13 18:58:31,2026-02-13 18:58:31
2245,501,128,5,Really enjoyed the pacing and the cast.,2025-12-14 06:47:41,2025-12-14 06:47:41,2025-12-14 06:47:41
2246,255,212,5,"Decent, but I have seen better.",2026-01-28 04:15:48,2026-01-28 04:15:48,2026-01-28 04:15:48
2247,592,526,5,Would recommend to a friend.,2026-05-11 09:59:06,2026-05-11 09:59:06,2026-05-11 09:59:06
2248,962,49,5,Didn't fully connect with the storyline.,2025-10-05 00:08:29,2025-10-05 00:08:29,2025-10-05 00:08:29
2249,492,83,4,Would recommend to a friend.,2026-05-13 01:30:09,2026-05-13 01:30:09,2026-05-13 01:30:09
2250,917,181,5,Really enjoyed the pacing and the cast.,2026-01-08 22:01:11,2026-01-08 22:01:11,2026-01-08 22:01:11
2251,361,418,4,"Not what I expected, but still worth it.",2026-05-05 02:36:03,2026-05-05 02:36:03,2026-05-05 02:36:03
2252,383,362,5,"Great picture quality, average story.",2025-12-03 03:40:56,2025-12-03 03:40:56,2025-12-03 03:40:56
2253,667,384,4,"Solid entry, will check out more from this title.",2025-06-11 14:33:53,2025-06-11 14:33:53,2025-06-11 14:33:53
2254,282,458,5,"Decent, but I have seen better.",2026-01-03 09:46:45,2026-01-03 09:46:45,2026-01-03 09:46:45
2255,808,463,2,A bit slow to start but picked up later.,2025-06-08 14:12:11,2025-06-08 14:12:11,2025-06-08 14:12:11
2256,3,143,3,"Great picture quality, average story.",2025-12-17 09:29:13,2025-12-17 09:29:13,2025-12-17 09:29:13
2257,261,155,5,One of the better titles in this category.,2025-08-12 03:26:33,2025-08-12 03:26:33,2025-08-12 03:26:33
2258,290,18,4,A bit slow to start but picked up later.,2025-07-11 16:29:09,2025-07-11 16:29:09,2025-07-11 16:29:09
2259,894,442,2,Didn't fully connect with the storyline.,2026-03-04 02:16:50,2026-03-04 02:16:50,2026-03-04 02:16:50
2260,345,99,5,Loved the soundtrack and visuals.,2025-06-15 18:00:29,2025-06-15 18:00:29,2025-06-15 18:00:29
2261,194,26,3,Loved the soundtrack and visuals.,2026-01-12 12:16:08,2026-01-12 12:16:08,2026-01-12 12:16:08
2262,930,206,4,One of the better titles in this category.,2026-02-12 18:00:14,2026-02-12 18:00:14,2026-02-12 18:00:14
2263,940,352,3,"Decent, but I have seen better.",2025-12-18 10:41:00,2025-12-18 10:41:00,2025-12-18 10:41:00
2264,175,321,5,One of the better titles in this category.,2026-04-01 06:38:17,2026-04-01 06:38:17,2026-04-01 06:38:17
2265,936,311,3,Didn't fully connect with the storyline.,2026-02-06 06:46:50,2026-02-06 06:46:50,2026-02-06 06:46:50
2266,381,404,4,"Great picture quality, average story.",2025-06-30 23:37:18,2025-06-30 23:37:18,2025-06-30 23:37:18
2267,979,71,5,"Great picture quality, average story.",2025-12-10 00:16:35,2025-12-10 00:16:35,2025-12-10 00:16:35
2268,666,492,3,"Not what I expected, but still worth it.",2026-01-23 13:25:26,2026-01-23 13:25:26,2026-01-23 13:25:26
2269,447,394,4,Loved the soundtrack and visuals.,2025-12-06 19:21:35,2025-12-06 19:21:35,2025-12-06 19:21:35
2270,428,344,5,A bit slow to start but picked up later.,2026-01-09 05:55:18,2026-01-09 05:55:18,2026-01-09 05:55:18
2271,423,426,1,A bit slow to start but picked up later.,2025-09-01 03:02:08,2025-09-01 03:02:08,2025-09-01 03:02:08
2272,930,211,5,"Solid entry, will check out more from this title.",2025-12-21 20:09:05,2025-12-21 20:09:05,2025-12-21 20:09:05
2273,324,446,2,Loved the soundtrack and visuals.,2025-09-03 07:35:16,2025-09-03 07:35:16,2025-09-03 07:35:16
2274,978,463,5,"Solid entry, will check out more from this title.",2026-01-25 01:32:10,2026-01-25 01:32:10,2026-01-25 01:32:10
2275,457,273,4,One of the better titles in this category.,2025-10-31 01:06:49,2025-10-31 01:06:49,2025-10-31 01:06:49
2276,254,443,2,A bit slow to start but picked up later.,2025-12-11 02:34:16,2025-12-11 02:34:16,2025-12-11 02:34:16
2277,998,385,5,Would recommend to a friend.,2025-08-17 20:12:51,2025-08-17 20:12:51,2025-08-17 20:12:51
2278,780,249,4,One of the better titles in this category.,2026-04-03 16:13:49,2026-04-03 16:13:49,2026-04-03 16:13:49
2279,990,18,4,Loved the soundtrack and visuals.,2026-03-21 22:44:57,2026-03-21 22:44:57,2026-03-21 22:44:57
2280,458,15,3,Loved the soundtrack and visuals.,2025-11-06 09:40:17,2025-11-06 09:40:17,2025-11-06 09:40:17
2281,19,88,5,"Not what I expected, but still worth it.",2025-06-29 13:09:12,2025-06-29 13:09:12,2025-06-29 13:09:12
2282,997,241,4,A bit slow to start but picked up later.,2026-02-25 06:12:32,2026-02-25 06:12:32,2026-02-25 06:12:32
2283,305,87,3,"Decent, but I have seen better.",2026-02-27 00:51:29,2026-02-27 00:51:29,2026-02-27 00:51:29
2284,301,506,3,A bit slow to start but picked up later.,2025-06-25 22:33:07,2025-06-25 22:33:07,2025-06-25 22:33:07
2285,231,466,3,A bit slow to start but picked up later.,2025-06-24 16:46:41,2025-06-24 16:46:41,2025-06-24 16:46:41
2286,369,476,5,Really enjoyed the pacing and the cast.,2026-05-09 12:10:44,2026-05-09 12:10:44,2026-05-09 12:10:44
2287,480,13,5,A bit slow to start but picked up later.,2026-03-04 02:58:56,2026-03-04 02:58:56,2026-03-04 02:58:56
2288,274,550,4,"Not what I expected, but still worth it.",2025-09-22 09:52:05,2025-09-22 09:52:05,2025-09-22 09:52:05
2289,689,396,4,Loved the soundtrack and visuals.,2026-05-24 18:08:06,2026-05-24 18:08:06,2026-05-24 18:08:06
2290,610,360,4,Loved the soundtrack and visuals.,2026-01-30 07:40:11,2026-01-30 07:40:11,2026-01-30 07:40:11
2291,999,305,5,One of the better titles in this category.,2025-06-12 16:56:54,2025-06-12 16:56:54,2025-06-12 16:56:54
2292,774,551,2,One of the better titles in this category.,2025-09-17 06:59:42,2025-09-17 06:59:42,2025-09-17 06:59:42
2293,661,363,4,Would recommend to a friend.,2026-01-23 16:16:47,2026-01-23 16:16:47,2026-01-23 16:16:47
2294,63,338,3,A bit slow to start but picked up later.,2026-04-11 19:30:49,2026-04-11 19:30:49,2026-04-11 19:30:49
2295,842,469,3,Didn't fully connect with the storyline.,2026-03-31 18:14:33,2026-03-31 18:14:33,2026-03-31 18:14:33
2296,44,564,5,Would recommend to a friend.,2026-02-08 20:16:21,2026-02-08 20:16:21,2026-02-08 20:16:21
2297,567,224,5,Would recommend to a friend.,2025-11-15 09:17:17,2025-11-15 09:17:17,2025-11-15 09:17:17
2298,88,307,5,One of the better titles in this category.,2025-06-08 06:25:07,2025-06-08 06:25:07,2025-06-08 06:25:07
2299,296,9,4,Really enjoyed the pacing and the cast.,2025-06-22 10:03:02,2025-06-22 10:03:02,2025-06-22 10:03:02
2300,395,96,4,"Solid entry, will check out more from this title.",2025-07-27 05:38:23,2025-07-27 05:38:23,2025-07-27 05:38:23
2301,544,395,3,"Not what I expected, but still worth it.",2025-09-29 00:23:28,2025-09-29 00:23:28,2025-09-29 00:23:28
2302,279,500,4,"Not what I expected, but still worth it.",2026-01-25 19:09:41,2026-01-25 19:09:41,2026-01-25 19:09:41
2303,274,437,5,Loved the soundtrack and visuals.,2025-07-15 21:52:39,2025-07-15 21:52:39,2025-07-15 21:52:39
2304,629,198,4,A bit slow to start but picked up later.,2025-09-11 04:11:02,2025-09-11 04:11:02,2025-09-11 04:11:02
2305,446,185,2,A bit slow to start but picked up later.,2026-03-15 17:36:37,2026-03-15 17:36:37,2026-03-15 17:36:37
2306,532,59,3,"Great picture quality, average story.",2026-04-08 04:29:15,2026-04-08 04:29:15,2026-04-08 04:29:15
2307,491,370,4,Didn't fully connect with the storyline.,2026-02-13 16:49:45,2026-02-13 16:49:45,2026-02-13 16:49:45
2308,777,383,4,Loved the soundtrack and visuals.,2026-03-02 08:44:54,2026-03-02 08:44:54,2026-03-02 08:44:54
2309,404,400,4,Really enjoyed the pacing and the cast.,2025-08-19 05:32:08,2025-08-19 05:32:08,2025-08-19 05:32:08
2310,916,395,5,A bit slow to start but picked up later.,2025-09-05 19:46:15,2025-09-05 19:46:15,2025-09-05 19:46:15
2311,171,523,5,Really enjoyed the pacing and the cast.,2026-03-10 01:44:10,2026-03-10 01:44:10,2026-03-10 01:44:10
2312,674,414,5,Didn't fully connect with the storyline.,2025-08-30 15:13:51,2025-08-30 15:13:51,2025-08-30 15:13:51
2313,496,219,4,Didn't fully connect with the storyline.,2025-09-04 06:05:11,2025-09-04 06:05:11,2025-09-04 06:05:11
2314,504,513,5,One of the better titles in this category.,2026-04-21 11:16:55,2026-04-21 11:16:55,2026-04-21 11:16:55
2315,729,552,4,"Not what I expected, but still worth it.",2025-08-14 23:25:14,2025-08-14 23:25:14,2025-08-14 23:25:14
2316,387,232,5,Loved the soundtrack and visuals.,2025-09-18 18:38:26,2025-09-18 18:38:26,2025-09-18 18:38:26
2317,969,295,5,"Not what I expected, but still worth it.",2026-02-05 14:46:17,2026-02-05 14:46:17,2026-02-05 14:46:17
2318,371,97,4,One of the better titles in this category.,2025-11-13 03:29:55,2025-11-13 03:29:55,2025-11-13 03:29:55
2319,66,573,4,Would recommend to a friend.,2026-04-25 18:02:58,2026-04-25 18:02:58,2026-04-25 18:02:58
2320,681,156,4,One of the better titles in this category.,2026-04-20 16:02:35,2026-04-20 16:02:35,2026-04-20 16:02:35
2321,110,116,5,Would recommend to a friend.,2025-10-02 10:17:32,2025-10-02 10:17:32,2025-10-02 10:17:32
2322,254,290,4,Really enjoyed the pacing and the cast.,2026-04-10 04:18:09,2026-04-10 04:18:09,2026-04-10 04:18:09
2323,776,379,1,"Great picture quality, average story.",2026-05-13 07:32:13,2026-05-13 07:32:13,2026-05-13 07:32:13
2324,59,62,2,"Not what I expected, but still worth it.",2026-01-02 22:59:20,2026-01-02 22:59:20,2026-01-02 22:59:20
2325,959,543,5,One of the better titles in this category.,2025-10-29 04:55:55,2025-10-29 04:55:55,2025-10-29 04:55:55
2326,445,318,4,Would recommend to a friend.,2025-06-25 07:16:01,2025-06-25 07:16:01,2025-06-25 07:16:01
2327,514,455,4,"Decent, but I have seen better.",2025-09-17 02:09:57,2025-09-17 02:09:57,2025-09-17 02:09:57
2328,551,282,3,Loved the soundtrack and visuals.,2025-11-07 03:31:11,2025-11-07 03:31:11,2025-11-07 03:31:11
2329,532,108,4,One of the better titles in this category.,2025-09-19 04:07:47,2025-09-19 04:07:47,2025-09-19 04:07:47
2330,442,328,3,Didn't fully connect with the storyline.,2025-12-30 08:24:49,2025-12-30 08:24:49,2025-12-30 08:24:49
2331,668,462,4,One of the better titles in this category.,2025-12-13 17:28:17,2025-12-13 17:28:17,2025-12-13 17:28:17
2332,127,243,4,Really enjoyed the pacing and the cast.,2025-09-25 15:08:01,2025-09-25 15:08:01,2025-09-25 15:08:01
2333,28,437,5,Really enjoyed the pacing and the cast.,2025-10-13 16:26:59,2025-10-13 16:26:59,2025-10-13 16:26:59
2334,882,244,4,"Decent, but I have seen better.",2026-05-22 13:43:08,2026-05-22 13:43:08,2026-05-22 13:43:08
2335,257,3,5,"Not what I expected, but still worth it.",2025-10-04 02:01:02,2025-10-04 02:01:02,2025-10-04 02:01:02
2336,944,63,5,One of the better titles in this category.,2026-03-15 17:51:46,2026-03-15 17:51:46,2026-03-15 17:51:46
2337,908,531,4,"Great picture quality, average story.",2025-09-12 23:29:43,2025-09-12 23:29:43,2025-09-12 23:29:43
2338,200,396,3,"Great picture quality, average story.",2026-03-23 05:46:06,2026-03-23 05:46:06,2026-03-23 05:46:06
2339,947,115,1,"Decent, but I have seen better.",2026-01-19 14:00:30,2026-01-19 14:00:30,2026-01-19 14:00:30
2340,914,263,4,Would recommend to a friend.,2026-05-19 05:56:12,2026-05-19 05:56:12,2026-05-19 05:56:12
2341,930,540,0,"Decent, but I have seen better.",2025-10-28 17:50:14,2025-10-28 17:50:14,2025-10-28 17:50:14
2342,326,290,4,Loved the soundtrack and visuals.,2026-04-20 00:40:54,2026-04-20 00:40:54,2026-04-20 00:40:54
2343,980,404,4,"Not what I expected, but still worth it.",2026-02-15 07:19:13,2026-02-15 07:19:13,2026-02-15 07:19:13
2344,238,492,5,One of the better titles in this category.,2025-12-24 19:41:19,2025-12-24 19:41:19,2025-12-24 19:41:19
2345,177,21,4,A bit slow to start but picked up later.,2025-08-10 09:24:31,2025-08-10 09:24:31,2025-08-10 09:24:31
2346,636,426,4,Loved the soundtrack and visuals.,2025-07-05 11:58:25,2025-07-05 11:58:25,2025-07-05 11:58:25
2347,578,73,4,"Not what I expected, but still worth it.",2025-07-29 10:41:47,2025-07-29 10:41:47,2025-07-29 10:41:47
2348,406,430,1,Really enjoyed the pacing and the cast.,2025-12-08 15:15:33,2025-12-08 15:15:33,2025-12-08 15:15:33
2349,123,429,4,Loved the soundtrack and visuals.,2026-05-12 21:40:26,2026-05-12 21:40:26,2026-05-12 21:40:26
2350,230,227,4,Didn't fully connect with the storyline.,2025-06-22 21:01:38,2025-06-22 21:01:38,2025-06-22 21:01:38
2351,426,107,1,Loved the soundtrack and visuals.,2026-05-08 23:22:41,2026-05-08 23:22:41,2026-05-08 23:22:41
2352,152,264,5,Really enjoyed the pacing and the cast.,2025-11-30 19:01:39,2025-11-30 19:01:39,2025-11-30 19:01:39
2353,253,334,2,Didn't fully connect with the storyline.,2025-06-14 11:27:32,2025-06-14 11:27:32,2025-06-14 11:27:32
2354,618,142,4,Really enjoyed the pacing and the cast.,2025-07-11 21:15:14,2025-07-11 21:15:14,2025-07-11 21:15:14
2355,503,149,5,"Solid entry, will check out more from this title.",2026-05-15 05:01:45,2026-05-15 05:01:45,2026-05-15 05:01:45
2356,490,575,5,Loved the soundtrack and visuals.,2025-09-01 19:40:50,2025-09-01 19:40:50,2025-09-01 19:40:50
2357,60,569,4,A bit slow to start but picked up later.,2026-05-23 12:34:36,2026-05-23 12:34:36,2026-05-23 12:34:36
2358,21,450,4,One of the better titles in this category.,2026-02-03 09:32:22,2026-02-03 09:32:22,2026-02-03 09:32:22
2359,117,543,4,"Great picture quality, average story.",2025-11-11 10:40:36,2025-11-11 10:40:36,2025-11-11 10:40:36
2360,187,9,3,A bit slow to start but picked up later.,2025-10-24 14:12:06,2025-10-24 14:12:06,2025-10-24 14:12:06
2361,916,302,3,Loved the soundtrack and visuals.,2025-07-27 12:52:41,2025-07-27 12:52:41,2025-07-27 12:52:41
2362,543,566,4,Really enjoyed the pacing and the cast.,2025-07-05 18:37:28,2025-07-05 18:37:28,2025-07-05 18:37:28
2363,66,481,4,"Decent, but I have seen better.",2025-09-08 19:55:06,2025-09-08 19:55:06,2025-09-08 19:55:06
2364,273,31,3,"Great picture quality, average story.",2025-12-05 00:14:09,2025-12-05 00:14:09,2025-12-05 00:14:09
2365,888,185,4,Would recommend to a friend.,2026-05-10 08:33:50,2026-05-10 08:33:50,2026-05-10 08:33:50
2366,413,217,5,Would recommend to a friend.,2026-04-04 19:05:52,2026-04-04 19:05:52,2026-04-04 19:05:52
2367,976,34,5,"Solid entry, will check out more from this title.",2025-06-12 21:03:37,2025-06-12 21:03:37,2025-06-12 21:03:37
2368,601,542,1,"Great picture quality, average story.",2026-03-24 17:40:39,2026-03-24 17:40:39,2026-03-24 17:40:39
2369,502,63,4,Loved the soundtrack and visuals.,2026-02-18 20:19:33,2026-02-18 20:19:33,2026-02-18 20:19:33
2370,274,187,5,A bit slow to start but picked up later.,2025-12-08 15:29:01,2025-12-08 15:29:01,2025-12-08 15:29:01
2371,160,96,3,One of the better titles in this category.,2025-09-17 11:20:10,2025-09-17 11:20:10,2025-09-17 11:20:10
2372,561,59,3,"Not what I expected, but still worth it.",2026-03-28 02:27:25,2026-03-28 02:27:25,2026-03-28 02:27:25
2373,266,420,5,Loved the soundtrack and visuals.,2026-02-13 20:01:59,2026-02-13 20:01:59,2026-02-13 20:01:59
2374,261,36,5,"Decent, but I have seen better.",2025-06-08 03:38:44,2025-06-08 03:38:44,2025-06-08 03:38:44
2375,194,235,3,"Great picture quality, average story.",2026-02-02 11:35:32,2026-02-02 11:35:32,2026-02-02 11:35:32
2376,474,156,3,"Not what I expected, but still worth it.",2025-07-13 17:53:14,2025-07-13 17:53:14,2025-07-13 17:53:14
2377,853,569,5,"Great picture quality, average story.",2026-04-23 20:34:41,2026-04-23 20:34:41,2026-04-23 20:34:41
2378,868,540,1,A bit slow to start but picked up later.,2025-09-01 14:20:43,2025-09-01 14:20:43,2025-09-01 14:20:43
2379,601,439,3,Loved the soundtrack and visuals.,2026-05-09 06:29:26,2026-05-09 06:29:26,2026-05-09 06:29:26
2380,764,401,4,Really enjoyed the pacing and the cast.,2026-05-02 13:25:50,2026-05-02 13:25:50,2026-05-02 13:25:50
2381,734,322,5,"Great picture quality, average story.",2026-03-11 12:36:12,2026-03-11 12:36:12,2026-03-11 12:36:12
2382,42,574,2,"Great picture quality, average story.",2025-08-30 10:10:36,2025-08-30 10:10:36,2025-08-30 10:10:36
2383,131,600,3,"Not what I expected, but still worth it.",2025-08-21 05:37:43,2025-08-21 05:37:43,2025-08-21 05:37:43
2384,668,76,4,One of the better titles in this category.,2025-12-19 06:42:41,2025-12-19 06:42:41,2025-12-19 06:42:41
2385,405,22,5,A bit slow to start but picked up later.,2026-02-06 14:58:49,2026-02-06 14:58:49,2026-02-06 14:58:49
2386,270,51,5,"Solid entry, will check out more from this title.",2026-05-03 23:00:28,2026-05-03 23:00:28,2026-05-03 23:00:28
2387,240,194,5,Would recommend to a friend.,2026-01-29 01:18:19,2026-01-29 01:18:19,2026-01-29 01:18:19
2388,725,60,3,"Decent, but I have seen better.",2025-12-31 22:20:01,2025-12-31 22:20:01,2025-12-31 22:20:01
2389,477,402,4,Loved the soundtrack and visuals.,2025-09-19 09:52:44,2025-09-19 09:52:44,2025-09-19 09:52:44
2390,801,464,1,Loved the soundtrack and visuals.,2026-01-07 23:14:11,2026-01-07 23:14:11,2026-01-07 23:14:11
2391,992,28,3,Really enjoyed the pacing and the cast.,2025-10-27 11:24:57,2025-10-27 11:24:57,2025-10-27 11:24:57
2392,618,568,4,"Solid entry, will check out more from this title.",2025-12-24 01:35:53,2025-12-24 01:35:53,2025-12-24 01:35:53
2393,287,399,2,Would recommend to a friend.,2026-05-19 07:10:36,2026-05-19 07:10:36,2026-05-19 07:10:36
2394,88,288,1,Really enjoyed the pacing and the cast.,2026-05-23 09:05:15,2026-05-23 09:05:15,2026-05-23 09:05:15
2395,184,444,4,"Not what I expected, but still worth it.",2025-12-25 22:23:30,2025-12-25 22:23:30,2025-12-25 22:23:30
2396,470,260,5,A bit slow to start but picked up later.,2025-12-09 19:41:10,2025-12-09 19:41:10,2025-12-09 19:41:10
2397,558,597,5,A bit slow to start but picked up later.,2026-02-08 05:34:48,2026-02-08 05:34:48,2026-02-08 05:34:48
2398,964,190,3,Really enjoyed the pacing and the cast.,2025-08-06 05:02:48,2025-08-06 05:02:48,2025-08-06 05:02:48
2399,309,431,5,"Solid entry, will check out more from this title.",2026-04-23 04:59:37,2026-04-23 04:59:37,2026-04-23 04:59:37
2400,832,198,3,"Solid entry, will check out more from this title.",2026-04-26 07:32:16,2026-04-26 07:32:16,2026-04-26 07:32:16
2401,902,127,1,Really enjoyed the pacing and the cast.,2025-08-02 03:49:46,2025-08-02 03:49:46,2025-08-02 03:49:46
2402,921,320,5,"Solid entry, will check out more from this title.",2025-07-04 00:19:00,2025-07-04 00:19:00,2025-07-04 00:19:00
2403,138,110,4,"Great picture quality, average story.",2026-02-19 05:18:01,2026-02-19 05:18:01,2026-02-19 05:18:01
2404,700,202,5,"Not what I expected, but still worth it.",2025-08-11 23:58:26,2025-08-11 23:58:26,2025-08-11 23:58:26
2405,493,228,3,"Solid entry, will check out more from this title.",2025-06-21 05:17:11,2025-06-21 05:17:11,2025-06-21 05:17:11
2406,615,175,5,Really enjoyed the pacing and the cast.,2025-11-12 10:49:51,2025-11-12 10:49:51,2025-11-12 10:49:51
2407,671,365,4,Loved the soundtrack and visuals.,2026-04-01 21:34:16,2026-04-01 21:34:16,2026-04-01 21:34:16
2408,973,597,1,"Not what I expected, but still worth it.",2025-11-21 12:55:27,2025-11-21 12:55:27,2025-11-21 12:55:27
2409,127,312,5,"Not what I expected, but still worth it.",2025-10-27 16:14:22,2025-10-27 16:14:22,2025-10-27 16:14:22
2410,643,367,3,"Great picture quality, average story.",2025-06-07 13:34:29,2025-06-07 13:34:29,2025-06-07 13:34:29
2411,497,97,3,Loved the soundtrack and visuals.,2026-03-26 09:39:47,2026-03-26 09:39:47,2026-03-26 09:39:47
2412,918,351,4,Didn't fully connect with the storyline.,2026-02-25 10:48:38,2026-02-25 10:48:38,2026-02-25 10:48:38
2413,789,124,4,Didn't fully connect with the storyline.,2025-08-29 05:13:09,2025-08-29 05:13:09,2025-08-29 05:13:09
2414,131,412,4,A bit slow to start but picked up later.,2025-10-01 20:11:44,2025-10-01 20:11:44,2025-10-01 20:11:44
2415,737,140,5,Really enjoyed the pacing and the cast.,2025-12-15 06:10:34,2025-12-15 06:10:34,2025-12-15 06:10:34
2416,73,170,4,Really enjoyed the pacing and the cast.,2025-11-19 02:53:49,2025-11-19 02:53:49,2025-11-19 02:53:49
2417,868,321,5,One of the better titles in this category.,2026-01-31 00:24:00,2026-01-31 00:24:00,2026-01-31 00:24:00
2418,112,67,4,"Not what I expected, but still worth it.",2025-10-01 09:13:45,2025-10-01 09:13:45,2025-10-01 09:13:45
2419,147,250,4,"Great picture quality, average story.",2025-11-13 14:48:07,2025-11-13 14:48:07,2025-11-13 14:48:07
2420,596,498,4,"Decent, but I have seen better.",2025-12-15 10:57:41,2025-12-15 10:57:41,2025-12-15 10:57:41
2421,491,596,3,"Decent, but I have seen better.",2026-05-07 05:39:33,2026-05-07 05:39:33,2026-05-07 05:39:33
2422,707,365,4,Would recommend to a friend.,2025-10-21 09:11:28,2025-10-21 09:11:28,2025-10-21 09:11:28
2423,245,207,3,"Decent, but I have seen better.",2025-12-04 16:46:34,2025-12-04 16:46:34,2025-12-04 16:46:34
2424,534,93,3,A bit slow to start but picked up later.,2025-08-13 23:23:49,2025-08-13 23:23:49,2025-08-13 23:23:49
2425,77,234,5,"Solid entry, will check out more from this title.",2026-05-31 05:52:00,2026-05-31 05:52:00,2026-05-31 05:52:00
2426,465,345,4,"Solid entry, will check out more from this title.",2025-08-08 01:45:54,2025-08-08 01:45:54,2025-08-08 01:45:54
2427,758,28,4,Didn't fully connect with the storyline.,2025-08-10 17:47:14,2025-08-10 17:47:14,2025-08-10 17:47:14
2428,365,518,4,A bit slow to start but picked up later.,2025-09-19 19:02:40,2025-09-19 19:02:40,2025-09-19 19:02:40
2429,588,522,4,"Solid entry, will check out more from this title.",2025-08-27 10:51:26,2025-08-27 10:51:26,2025-08-27 10:51:26
2430,795,521,4,"Solid entry, will check out more from this title.",2025-10-09 13:01:44,2025-10-09 13:01:44,2025-10-09 13:01:44
2431,260,428,4,Didn't fully connect with the storyline.,2025-11-25 14:10:15,2025-11-25 14:10:15,2025-11-25 14:10:15
2432,963,568,4,Loved the soundtrack and visuals.,2026-04-01 06:05:38,2026-04-01 06:05:38,2026-04-01 06:05:38
2433,619,504,4,"Solid entry, will check out more from this title.",2026-05-05 02:50:25,2026-05-05 02:50:25,2026-05-05 02:50:25
2434,690,152,5,Would recommend to a friend.,2025-08-18 07:24:02,2025-08-18 07:24:02,2025-08-18 07:24:02
2435,998,575,4,A bit slow to start but picked up later.,2025-11-01 02:18:37,2025-11-01 02:18:37,2025-11-01 02:18:37
2436,771,548,5,,2026-01-17 04:22:58,2026-01-17 04:22:58,2026-01-17 04:22:58
2437,69,499,3,"Decent, but I have seen better.",2025-12-16 08:45:51,2025-12-16 08:45:51,2025-12-16 08:45:51
2438,983,222,5,"Not what I expected, but still worth it.",2025-11-04 03:40:04,2025-11-04 03:40:04,2025-11-04 03:40:04
2439,300,24,4,Really enjoyed the pacing and the cast.,2026-01-04 01:44:41,2026-01-04 01:44:41,2026-01-04 01:44:41
2440,983,413,5,Really enjoyed the pacing and the cast.,2025-06-07 21:26:17,2025-06-07 21:26:17,2025-06-07 21:26:17
2441,574,139,4,Would recommend to a friend.,2025-07-15 05:03:47,2025-07-15 05:03:47,2025-07-15 05:03:47
2442,401,128,4,Really enjoyed the pacing and the cast.,2025-12-23 17:27:25,2025-12-23 17:27:25,2025-12-23 17:27:25
2443,463,459,5,A bit slow to start but picked up later.,2025-08-16 23:32:21,2025-08-16 23:32:21,2025-08-16 23:32:21
2444,903,10,5,Didn't fully connect with the storyline.,2025-09-15 18:30:30,2025-09-15 18:30:30,2025-09-15 18:30:30
2445,582,592,4,Loved the soundtrack and visuals.,2025-06-23 22:31:20,2025-06-23 22:31:20,2025-06-23 22:31:20
2446,310,521,3,Didn't fully connect with the storyline.,2025-06-12 02:21:09,2025-06-12 02:21:09,2025-06-12 02:21:09
2447,10,15,5,A bit slow to start but picked up later.,2025-09-30 23:18:08,2025-09-30 23:18:08,2025-09-30 23:18:08
2448,883,304,2,"Not what I expected, but still worth it.",2025-12-17 00:45:08,2025-12-17 00:45:08,2025-12-17 00:45:08
2449,336,426,5,Really enjoyed the pacing and the cast.,2025-09-18 20:00:17,2025-09-18 20:00:17,2025-09-18 20:00:17
2450,264,432,2,"Great picture quality, average story.",2026-02-27 12:06:04,2026-02-27 12:06:04,2026-02-27 12:06:04
2451,50,592,2,"Solid entry, will check out more from this title.",2026-03-03 04:01:32,2026-03-03 04:01:32,2026-03-03 04:01:32
2452,677,7,4,Didn't fully connect with the storyline.,2025-12-08 16:31:32,2025-12-08 16:31:32,2025-12-08 16:31:32
2453,574,426,4,Would recommend to a friend.,2025-11-03 02:58:38,2025-11-03 02:58:38,2025-11-03 02:58:38
2454,63,334,5,"Decent, but I have seen better.",2026-03-05 05:06:26,2026-03-05 05:06:26,2026-03-05 05:06:26
2455,243,76,4,Would recommend to a friend.,2026-04-15 01:21:22,2026-04-15 01:21:22,2026-04-15 01:21:22
2456,13,482,4,"Not what I expected, but still worth it.",2025-08-31 20:23:18,2025-08-31 20:23:18,2025-08-31 20:23:18
2457,607,47,3,One of the better titles in this category.,2025-07-28 22:01:34,2025-07-28 22:01:34,2025-07-28 22:01:34
2458,846,175,4,Really enjoyed the pacing and the cast.,2025-11-13 12:41:41,2025-11-13 12:41:41,2025-11-13 12:41:41
2459,702,106,4,One of the better titles in this category.,2026-02-06 18:58:04,2026-02-06 18:58:04,2026-02-06 18:58:04
2460,361,122,5,"Great picture quality, average story.",2026-01-25 21:04:05,2026-01-25 21:04:05,2026-01-25 21:04:05
2461,40,433,5,"Not what I expected, but still worth it.",2026-05-08 20:37:49,2026-05-08 20:37:49,2026-05-08 20:37:49
2462,686,443,4,One of the better titles in this category.,2026-05-05 22:37:56,2026-05-05 22:37:56,2026-05-05 22:37:56
2463,981,37,2,Loved the soundtrack and visuals.,2026-05-17 02:21:11,2026-05-17 02:21:11,2026-05-17 02:21:11
2464,282,277,2,One of the better titles in this category.,2025-06-23 04:25:38,2025-06-23 04:25:38,2025-06-23 04:25:38
2465,281,362,3,"Solid entry, will check out more from this title.",2025-12-23 10:08:59,2025-12-23 10:08:59,2025-12-23 10:08:59
2466,392,182,3,"Not what I expected, but still worth it.",2025-12-06 05:49:22,2025-12-06 05:49:22,2025-12-06 05:49:22
2467,892,581,4,Would recommend to a friend.,2026-05-08 00:59:34,2026-05-08 00:59:34,2026-05-08 00:59:34
2468,978,508,3,Really enjoyed the pacing and the cast.,2025-08-25 07:19:46,2025-08-25 07:19:46,2025-08-25 07:19:46
2469,8,225,3,Would recommend to a friend.,2025-06-30 02:56:27,2025-06-30 02:56:27,2025-06-30 02:56:27
2470,207,19,5,"Great picture quality, average story.",2025-10-13 04:10:48,2025-10-13 04:10:48,2025-10-13 04:10:48
2471,747,102,2,One of the better titles in this category.,2026-05-02 23:53:17,2026-05-02 23:53:17,2026-05-02 23:53:17
2472,500,265,4,"Decent, but I have seen better.",2026-04-18 00:08:01,2026-04-18 00:08:01,2026-04-18 00:08:01
2473,32,285,4,Would recommend to a friend.,2025-08-21 01:49:41,2025-08-21 01:49:41,2025-08-21 01:49:41
2474,259,579,5,One of the better titles in this category.,2026-02-12 06:00:44,2026-02-12 06:00:44,2026-02-12 06:00:44
2475,151,70,5,One of the better titles in this category.,2025-07-01 21:51:42,2025-07-01 21:51:42,2025-07-01 21:51:42
2476,151,99,4,One of the better titles in this category.,2026-03-23 20:47:42,2026-03-23 20:47:42,2026-03-23 20:47:42
2477,839,549,4,,2026-01-07 23:03:12,2026-01-07 23:03:12,2026-01-07 23:03:12
2478,149,311,3,"Not what I expected, but still worth it.",2026-04-09 06:17:28,2026-04-09 06:17:28,2026-04-09 06:17:28
2479,743,344,5,One of the better titles in this category.,2026-05-16 11:14:27,2026-05-16 11:14:27,2026-05-16 11:14:27
2480,326,34,5,Loved the soundtrack and visuals.,2026-05-21 10:12:09,2026-05-21 10:12:09,2026-05-21 10:12:09
2481,700,315,4,"Great picture quality, average story.",2025-11-15 16:13:20,2025-11-15 16:13:20,2025-11-15 16:13:20
2482,860,552,3,A bit slow to start but picked up later.,2026-04-04 05:01:04,2026-04-04 05:01:04,2026-04-04 05:01:04
2483,135,501,5,"Not what I expected, but still worth it.",2025-09-24 02:09:31,2025-09-24 02:09:31,2025-09-24 02:09:31
2484,791,285,5,Would recommend to a friend.,2025-12-12 15:47:28,2025-12-12 15:47:28,2025-12-12 15:47:28
2485,608,270,2,One of the better titles in this category.,2026-01-19 08:07:25,2026-01-19 08:07:25,2026-01-19 08:07:25
2486,953,184,4,"Solid entry, will check out more from this title.",2025-11-04 19:22:33,2025-11-04 19:22:33,2025-11-04 19:22:33
2487,413,49,4,Loved the soundtrack and visuals.,2026-05-10 18:38:20,2026-05-10 18:38:20,2026-05-10 18:38:20
2488,690,599,4,"Not what I expected, but still worth it.",2026-05-01 17:11:15,2026-05-01 17:11:15,2026-05-01 17:11:15
2489,939,597,1,One of the better titles in this category.,2026-04-06 23:23:54,2026-04-06 23:23:54,2026-04-06 23:23:54
2490,291,370,5,"Solid entry, will check out more from this title.",2025-12-16 16:56:41,2025-12-16 16:56:41,2025-12-16 16:56:41
2491,121,565,5,Loved the soundtrack and visuals.,2025-08-12 03:33:01,2025-08-12 03:33:01,2025-08-12 03:33:01
2492,355,406,4,One of the better titles in this category.,2026-01-16 03:37:45,2026-01-16 03:37:45,2026-01-16 03:37:45
2493,14,497,5,Didn't fully connect with the storyline.,2025-11-10 17:00:49,2025-11-10 17:00:49,2025-11-10 17:00:49
2494,582,556,4,"Not what I expected, but still worth it.",2025-08-10 03:28:33,2025-08-10 03:28:33,2025-08-10 03:28:33
2495,913,126,1,"Solid entry, will check out more from this title.",2025-12-07 14:57:45,2025-12-07 14:57:45,2025-12-07 14:57:45
2496,165,386,5,"Great picture quality, average story.",2026-03-31 15:41:19,2026-03-31 15:41:19,2026-03-31 15:41:19
2497,758,343,4,,2025-10-27 04:13:34,2025-10-27 04:13:34,2025-10-27 04:13:34
2498,954,404,4,Didn't fully connect with the storyline.,2025-10-12 10:06:29,2025-10-12 10:06:29,2025-10-12 10:06:29
2499,542,142,3,Loved the soundtrack and visuals.,2026-01-02 07:12:06,2026-01-02 07:12:06,2026-01-02 07:12:06
2500,667,192,5,One of the better titles in this category.,2025-11-04 05:22:15,2025-11-04 05:22:15,2025-11-04 05:22:15
2501,155,167,1,"Decent, but I have seen better.",2025-09-30 06:55:46,2025-09-30 06:55:46,2025-09-30 06:55:46
2502,681,591,5,Loved the soundtrack and visuals.,2026-03-08 01:31:04,2026-03-08 01:31:04,2026-03-08 01:31:04
2503,6,483,5,"Not what I expected, but still worth it.",2026-03-31 05:31:06,2026-03-31 05:31:06,2026-03-31 05:31:06
2504,932,239,5,Would recommend to a friend.,2026-02-11 18:41:37,2026-02-11 18:41:37,2026-02-11 18:41:37
2505,927,94,5,Loved the soundtrack and visuals.,2025-12-24 08:48:18,2025-12-24 08:48:18,2025-12-24 08:48:18
2506,674,217,5,Really enjoyed the pacing and the cast.,2025-07-07 09:46:13,2025-07-07 09:46:13,2025-07-07 09:46:13
2507,887,100,4,"Not what I expected, but still worth it.",2026-02-18 18:37:40,2026-02-18 18:37:40,2026-02-18 18:37:40
2508,534,234,5,"Solid entry, will check out more from this title.",2025-07-21 21:57:45,2025-07-21 21:57:45,2025-07-21 21:57:45
2509,328,67,3,"Decent, but I have seen better.",2025-10-27 11:34:25,2025-10-27 11:34:25,2025-10-27 11:34:25
2510,614,305,4,"Great picture quality, average story.",2025-08-18 10:09:03,2025-08-18 10:09:03,2025-08-18 10:09:03
2511,408,262,5,A bit slow to start but picked up later.,2026-04-11 18:48:00,2026-04-11 18:48:00,2026-04-11 18:48:00
2512,207,513,5,Really enjoyed the pacing and the cast.,2025-07-16 11:07:29,2025-07-16 11:07:29,2025-07-16 11:07:29
2513,753,534,3,"Great picture quality, average story.",2026-01-27 04:05:26,2026-01-27 04:05:26,2026-01-27 04:05:26
2514,170,512,4,"Solid entry, will check out more from this title.",2026-02-21 01:14:11,2026-02-21 01:14:11,2026-02-21 01:14:11
2515,304,88,4,Didn't fully connect with the storyline.,2025-06-09 17:55:25,2025-06-09 17:55:25,2025-06-09 17:55:25
2516,903,79,1,"Not what I expected, but still worth it.",2025-12-06 12:30:01,2025-12-06 12:30:01,2025-12-06 12:30:01
2517,547,238,5,Would recommend to a friend.,2026-05-20 01:22:34,2026-05-20 01:22:34,2026-05-20 01:22:34
2518,845,519,2,"Great picture quality, average story.",2026-01-13 04:13:09,2026-01-13 04:13:09,2026-01-13 04:13:09
2519,381,397,5,A bit slow to start but picked up later.,2025-10-08 21:49:26,2025-10-08 21:49:26,2025-10-08 21:49:26
2520,715,250,3,"Solid entry, will check out more from this title.",2026-06-01 18:44:44,2026-06-01 18:44:44,2026-06-01 18:44:44
2521,187,484,5,Really enjoyed the pacing and the cast.,2026-03-10 22:53:55,2026-03-10 22:53:55,2026-03-10 22:53:55
2522,394,593,5,One of the better titles in this category.,2026-01-15 22:48:54,2026-01-15 22:48:54,2026-01-15 22:48:54
2523,696,600,3,Loved the soundtrack and visuals.,2025-12-09 06:54:28,2025-12-09 06:54:28,2025-12-09 06:54:28
2524,805,483,4,Didn't fully connect with the storyline.,2026-02-02 00:51:09,2026-02-02 00:51:09,2026-02-02 00:51:09
2525,750,222,5,"Solid entry, will check out more from this title.",2025-06-13 11:39:03,2025-06-13 11:39:03,2025-06-13 11:39:03
2526,454,265,3,Would recommend to a friend.,2026-02-21 02:47:38,2026-02-21 02:47:38,2026-02-21 02:47:38
2527,805,540,2,Really enjoyed the pacing and the cast.,2025-10-18 02:05:30,2025-10-18 02:05:30,2025-10-18 02:05:30
2528,473,542,4,"Great picture quality, average story.",2025-08-22 10:42:57,2025-08-22 10:42:57,2025-08-22 10:42:57
2529,963,466,1,"Decent, but I have seen better.",2026-01-20 18:03:15,2026-01-20 18:03:15,2026-01-20 18:03:15
2530,332,550,4,Didn't fully connect with the storyline.,2025-06-30 08:47:32,2025-06-30 08:47:32,2025-06-30 08:47:32
2531,378,122,5,Really enjoyed the pacing and the cast.,2026-02-01 10:33:46,2026-02-01 10:33:46,2026-02-01 10:33:46
2532,179,188,4,One of the better titles in this category.,2026-04-14 06:53:08,2026-04-14 06:53:08,2026-04-14 06:53:08
2533,910,577,4,"Decent, but I have seen better.",2025-10-16 04:06:27,2025-10-16 04:06:27,2025-10-16 04:06:27
2534,398,536,5,Really enjoyed the pacing and the cast.,2025-10-20 03:46:04,2025-10-20 03:46:04,2025-10-20 03:46:04
2535,556,330,5,Didn't fully connect with the storyline.,2026-03-12 16:58:04,2026-03-12 16:58:04,2026-03-12 16:58:04
2536,609,236,5,Didn't fully connect with the storyline.,2025-09-25 04:49:42,2025-09-25 04:49:42,2025-09-25 04:49:42
2537,18,219,5,,2025-08-17 15:58:38,2025-08-17 15:58:38,2025-08-17 15:58:38
2538,703,546,4,"Great picture quality, average story.",2026-04-28 11:48:19,2026-04-28 11:48:19,2026-04-28 11:48:19
2539,902,120,3,Didn't fully connect with the storyline.,2026-04-03 07:10:35,2026-04-03 07:10:35,2026-04-03 07:10:35
2540,21,437,5,Didn't fully connect with the storyline.,2026-05-24 22:33:45,2026-05-24 22:33:45,2026-05-24 22:33:45
2541,17,121,5,"Great picture quality, average story.",2026-05-14 19:55:09,2026-05-14 19:55:09,2026-05-14 19:55:09
2542,419,122,5,"Not what I expected, but still worth it.",2025-07-23 07:33:53,2025-07-23 07:33:53,2025-07-23 07:33:53
2543,401,230,5,Would recommend to a friend.,2026-05-12 02:52:37,2026-05-12 02:52:37,2026-05-12 02:52:37
2544,382,249,4,"Great picture quality, average story.",2026-05-03 09:57:43,2026-05-03 09:57:43,2026-05-03 09:57:43
2545,566,44,4,"Great picture quality, average story.",2026-03-13 13:44:03,2026-03-13 13:44:03,2026-03-13 13:44:03
2546,902,413,1,Loved the soundtrack and visuals.,2025-07-27 14:57:30,2025-07-27 14:57:30,2025-07-27 14:57:30
2547,400,470,5,Would recommend to a friend.,2026-03-06 13:40:26,2026-03-06 13:40:26,2026-03-06 13:40:26
2548,590,323,4,A bit slow to start but picked up later.,2025-08-25 08:40:39,2025-08-25 08:40:39,2025-08-25 08:40:39
2549,733,278,3,One of the better titles in this category.,2025-06-20 06:15:05,2025-06-20 06:15:05,2025-06-20 06:15:05
2550,440,321,2,"Decent, but I have seen better.",2026-05-27 05:19:59,2026-05-27 05:19:59,2026-05-27 05:19:59
2551,775,306,5,"Solid entry, will check out more from this title.",2025-11-08 03:09:29,2025-11-08 03:09:29,2025-11-08 03:09:29
2552,852,331,5,"Great picture quality, average story.",2025-08-03 04:39:37,2025-08-03 04:39:37,2025-08-03 04:39:37
2553,752,187,5,"Decent, but I have seen better.",2026-01-10 14:03:55,2026-01-10 14:03:55,2026-01-10 14:03:55
2554,295,166,5,Didn't fully connect with the storyline.,2025-09-06 11:41:02,2025-09-06 11:41:02,2025-09-06 11:41:02
2555,171,388,4,"Solid entry, will check out more from this title.",2026-01-12 02:19:11,2026-01-12 02:19:11,2026-01-12 02:19:11
2556,834,102,2,A bit slow to start but picked up later.,2026-05-14 16:34:34,2026-05-14 16:34:34,2026-05-14 16:34:34
2557,461,250,2,One of the better titles in this category.,2025-07-04 11:02:36,2025-07-04 11:02:36,2025-07-04 11:02:36
2558,558,166,5,"Solid entry, will check out more from this title.",2025-07-16 04:06:13,2025-07-16 04:06:13,2025-07-16 04:06:13
2559,471,117,4,"Great picture quality, average story.",2026-02-28 00:00:21,2026-02-28 00:00:21,2026-02-28 00:00:21
2560,903,386,5,A bit slow to start but picked up later.,2025-08-08 23:21:26,2025-08-08 23:21:26,2025-08-08 23:21:26
2561,52,232,5,One of the better titles in this category.,2025-08-30 01:36:27,2025-08-30 01:36:27,2025-08-30 01:36:27
2562,311,311,4,"Great picture quality, average story.",2026-01-20 15:55:42,2026-01-20 15:55:42,2026-01-20 15:55:42
2563,609,288,4,Would recommend to a friend.,2026-04-30 04:05:49,2026-04-30 04:05:49,2026-04-30 04:05:49
2564,860,312,5,"Not what I expected, but still worth it.",2025-12-08 22:40:58,2025-12-08 22:40:58,2025-12-08 22:40:58
2565,915,256,4,"Not what I expected, but still worth it.",2026-03-22 17:33:35,2026-03-22 17:33:35,2026-03-22 17:33:35
2566,891,435,5,Loved the soundtrack and visuals.,2025-12-14 12:32:43,2025-12-14 12:32:43,2025-12-14 12:32:43
2567,244,154,5,"Not what I expected, but still worth it.",2025-07-07 00:37:37,2025-07-07 00:37:37,2025-07-07 00:37:37
2568,434,273,4,Loved the soundtrack and visuals.,2025-10-24 23:02:45,2025-10-24 23:02:45,2025-10-24 23:02:45
2569,455,64,4,,2025-07-09 07:17:32,2025-07-09 07:17:32,2025-07-09 07:17:32
2570,188,94,3,A bit slow to start but picked up later.,2025-12-15 15:41:58,2025-12-15 15:41:58,2025-12-15 15:41:58
2571,647,415,5,A bit slow to start but picked up later.,2026-03-05 03:27:17,2026-03-05 03:27:17,2026-03-05 03:27:17
2572,148,3,4,Didn't fully connect with the storyline.,2026-01-29 07:00:19,2026-01-29 07:00:19,2026-01-29 07:00:19
2573,651,461,5,"Great picture quality, average story.",2026-02-15 13:21:46,2026-02-15 13:21:46,2026-02-15 13:21:46
2574,202,591,3,"Great picture quality, average story.",2026-04-05 03:16:19,2026-04-05 03:16:19,2026-04-05 03:16:19
2575,116,41,4,"Solid entry, will check out more from this title.",2025-08-08 08:05:57,2025-08-08 08:05:57,2025-08-08 08:05:57
2576,145,311,4,A bit slow to start but picked up later.,2026-05-05 16:51:07,2026-05-05 16:51:07,2026-05-05 16:51:07
2577,570,389,2,"Not what I expected, but still worth it.",2025-07-29 04:04:56,2025-07-29 04:04:56,2025-07-29 04:04:56
2578,657,345,4,"Decent, but I have seen better.",2025-09-24 12:43:13,2025-09-24 12:43:13,2025-09-24 12:43:13
2579,670,78,5,A bit slow to start but picked up later.,2025-10-24 19:27:51,2025-10-24 19:27:51,2025-10-24 19:27:51
2580,335,37,5,Really enjoyed the pacing and the cast.,2025-12-11 00:53:59,2025-12-11 00:53:59,2025-12-11 00:53:59
2581,868,501,5,"Great picture quality, average story.",2026-02-15 10:24:40,2026-02-15 10:24:40,2026-02-15 10:24:40
2582,188,44,5,Loved the soundtrack and visuals.,2026-05-05 11:18:57,2026-05-05 11:18:57,2026-05-05 11:18:57
2583,893,329,4,A bit slow to start but picked up later.,2026-05-08 08:28:23,2026-05-08 08:28:23,2026-05-08 08:28:23
2584,360,552,5,Loved the soundtrack and visuals.,2026-02-22 19:13:24,2026-02-22 19:13:24,2026-02-22 19:13:24
2585,22,486,4,A bit slow to start but picked up later.,2026-01-09 14:30:04,2026-01-09 14:30:04,2026-01-09 14:30:04
2586,426,129,4,"Solid entry, will check out more from this title.",2026-03-06 04:38:53,2026-03-06 04:38:53,2026-03-06 04:38:53
2587,640,552,5,Would recommend to a friend.,2026-01-15 20:59:20,2026-01-15 20:59:20,2026-01-15 20:59:20
2588,719,177,2,Would recommend to a friend.,2026-04-27 01:25:28,2026-04-27 01:25:28,2026-04-27 01:25:28
2589,136,87,3,"Not what I expected, but still worth it.",2025-10-21 01:47:49,2025-10-21 01:47:49,2025-10-21 01:47:49
2590,72,368,4,"Decent, but I have seen better.",2025-06-11 04:41:10,2025-06-11 04:41:10,2025-06-11 04:41:10
2591,437,266,1,"Solid entry, will check out more from this title.",2025-11-01 04:52:04,2025-11-01 04:52:04,2025-11-01 04:52:04
2592,778,252,4,"Solid entry, will check out more from this title.",2025-12-18 02:39:55,2025-12-18 02:39:55,2025-12-18 02:39:55
2593,437,443,5,"Decent, but I have seen better.",2025-11-24 20:17:05,2025-11-24 20:17:05,2025-11-24 20:17:05
2594,773,261,5,Loved the soundtrack and visuals.,2025-12-07 01:50:50,2025-12-07 01:50:50,2025-12-07 01:50:50
2595,571,128,5,Really enjoyed the pacing and the cast.,2026-03-15 05:25:43,2026-03-15 05:25:43,2026-03-15 05:25:43
2596,444,366,3,A bit slow to start but picked up later.,2026-02-01 19:36:20,2026-02-01 19:36:20,2026-02-01 19:36:20
2597,597,219,5,One of the better titles in this category.,2025-12-31 15:59:40,2025-12-31 15:59:40,2025-12-31 15:59:40
2598,542,406,5,,2026-05-12 16:10:07,2026-05-12 16:10:07,2026-05-12 16:10:07
2599,219,250,4,"Solid entry, will check out more from this title.",2025-08-14 02:22:05,2025-08-14 02:22:05,2025-08-14 02:22:05
2600,130,95,3,"Decent, but I have seen better.",2025-10-11 21:14:05,2025-10-11 21:14:05,2025-10-11 21:14:05
2601,85,229,2,Really enjoyed the pacing and the cast.,2026-04-11 08:28:19,2026-04-11 08:28:19,2026-04-11 08:28:19
2602,131,145,5,Didn't fully connect with the storyline.,2026-03-21 06:56:53,2026-03-21 06:56:53,2026-03-21 06:56:53
2603,140,491,4,"Decent, but I have seen better.",2025-12-04 13:45:00,2025-12-04 13:45:00,2025-12-04 13:45:00
2604,772,126,4,Loved the soundtrack and visuals.,2025-10-23 12:00:52,2025-10-23 12:00:52,2025-10-23 12:00:52
2605,832,136,4,Loved the soundtrack and visuals.,2025-08-04 00:17:52,2025-08-04 00:17:52,2025-08-04 00:17:52
2606,777,197,3,"Decent, but I have seen better.",2025-11-12 09:48:47,2025-11-12 09:48:47,2025-11-12 09:48:47
2607,967,164,4,A bit slow to start but picked up later.,2025-11-03 14:46:11,2025-11-03 14:46:11,2025-11-03 14:46:11
2608,26,227,5,Really enjoyed the pacing and the cast.,2025-09-22 20:01:38,2025-09-22 20:01:38,2025-09-22 20:01:38
2609,960,265,4,A bit slow to start but picked up later.,2025-11-10 17:01:01,2025-11-10 17:01:01,2025-11-10 17:01:01
2610,219,132,5,Would recommend to a friend.,2026-02-09 13:31:51,2026-02-09 13:31:51,2026-02-09 13:31:51
2611,762,111,4,Really enjoyed the pacing and the cast.,2025-09-21 13:06:03,2025-09-21 13:06:03,2025-09-21 13:06:03
2612,578,345,5,Didn't fully connect with the storyline.,2026-04-04 03:05:42,2026-04-04 03:05:42,2026-04-04 03:05:42
2613,991,453,3,A bit slow to start but picked up later.,2025-10-15 11:06:57,2025-10-15 11:06:57,2025-10-15 11:06:57
2614,498,229,4,"Solid entry, will check out more from this title.",2026-02-27 17:52:18,2026-02-27 17:52:18,2026-02-27 17:52:18
2615,762,8,3,"Solid entry, will check out more from this title.",2025-07-03 17:31:54,2025-07-03 17:31:54,2025-07-03 17:31:54
2616,273,338,3,Would recommend to a friend.,2026-01-24 21:07:56,2026-01-24 21:07:56,2026-01-24 21:07:56
2617,26,310,4,One of the better titles in this category.,2025-09-22 22:58:44,2025-09-22 22:58:44,2025-09-22 22:58:44
2618,811,149,4,Really enjoyed the pacing and the cast.,2026-03-04 18:30:24,2026-03-04 18:30:24,2026-03-04 18:30:24
2619,87,288,4,A bit slow to start but picked up later.,2025-09-07 22:17:05,2025-09-07 22:17:05,2025-09-07 22:17:05
2620,929,461,2,Would recommend to a friend.,2025-09-27 05:39:16,2025-09-27 05:39:16,2025-09-27 05:39:16
2621,422,55,5,"Great picture quality, average story.",2025-07-26 10:46:08,2025-07-26 10:46:08,2025-07-26 10:46:08
2622,42,48,5,Didn't fully connect with the storyline.,2026-01-17 06:30:37,2026-01-17 06:30:37,2026-01-17 06:30:37
2623,738,223,5,Loved the soundtrack and visuals.,2026-04-04 02:00:43,2026-04-04 02:00:43,2026-04-04 02:00:43
2624,534,401,3,"Great picture quality, average story.",2025-06-14 16:31:17,2025-06-14 16:31:17,2025-06-14 16:31:17
2625,688,387,5,"Decent, but I have seen better.",2026-05-22 17:20:08,2026-05-22 17:20:08,2026-05-22 17:20:08
2626,313,418,5,"Solid entry, will check out more from this title.",2025-07-23 00:09:48,2025-07-23 00:09:48,2025-07-23 00:09:48
2627,839,466,4,"Not what I expected, but still worth it.",2025-07-21 14:14:03,2025-07-21 14:14:03,2025-07-21 14:14:03
2628,824,574,4,Didn't fully connect with the storyline.,2026-01-22 12:37:52,2026-01-22 12:37:52,2026-01-22 12:37:52
2629,867,529,5,"Solid entry, will check out more from this title.",2026-03-21 01:32:41,2026-03-21 01:32:41,2026-03-21 01:32:41
2630,42,309,5,One of the better titles in this category.,2026-05-08 03:13:33,2026-05-08 03:13:33,2026-05-08 03:13:33
2631,681,504,5,Loved the soundtrack and visuals.,2025-09-02 14:36:58,2025-09-02 14:36:58,2025-09-02 14:36:58
2632,819,183,4,Would recommend to a friend.,2025-11-16 22:47:53,2025-11-16 22:47:53,2025-11-16 22:47:53
2633,634,583,4,Would recommend to a friend.,2025-11-23 16:46:57,2025-11-23 16:46:57,2025-11-23 16:46:57
2634,17,240,3,Would recommend to a friend.,2025-11-29 19:40:38,2025-11-29 19:40:38,2025-11-29 19:40:38
2635,413,539,5,"Great picture quality, average story.",2025-07-28 04:38:59,2025-07-28 04:38:59,2025-07-28 04:38:59
2636,192,404,5,"Solid entry, will check out more from this title.",2026-05-03 20:52:56,2026-05-03 20:52:56,2026-05-03 20:52:56
2637,880,216,3,One of the better titles in this category.,2025-08-29 15:28:04,2025-08-29 15:28:04,2025-08-29 15:28:04
2638,987,128,3,Didn't fully connect with the storyline.,2025-07-02 03:51:45,2025-07-02 03:51:45,2025-07-02 03:51:45
2639,694,476,3,,2025-06-07 00:37:50,2025-06-07 00:37:50,2025-06-07 00:37:50
2640,2,89,3,A bit slow to start but picked up later.,2025-12-22 20:11:43,2025-12-22 20:11:43,2025-12-22 20:11:43
2641,966,435,5,A bit slow to start but picked up later.,2025-11-12 11:42:51,2025-11-12 11:42:51,2025-11-12 11:42:51
2642,947,524,5,Really enjoyed the pacing and the cast.,2026-01-26 04:26:04,2026-01-26 04:26:04,2026-01-26 04:26:04
2643,424,208,4,Would recommend to a friend.,2026-05-10 14:25:20,2026-05-10 14:25:20,2026-05-10 14:25:20
2644,823,59,5,"Solid entry, will check out more from this title.",2025-12-04 09:43:24,2025-12-04 09:43:24,2025-12-04 09:43:24
2645,703,443,3,Didn't fully connect with the storyline.,2026-02-08 03:29:49,2026-02-08 03:29:49,2026-02-08 03:29:49
2646,689,68,3,A bit slow to start but picked up later.,2025-06-21 01:49:19,2025-06-21 01:49:19,2025-06-21 01:49:19
2647,143,562,3,Didn't fully connect with the storyline.,2026-06-01 16:00:47,2026-06-01 16:00:47,2026-06-01 16:00:47
2648,182,61,2,Really enjoyed the pacing and the cast.,2026-05-29 01:51:13,2026-05-29 01:51:13,2026-05-29 01:51:13
2649,446,146,4,"Decent, but I have seen better.",2025-06-15 22:40:56,2025-06-15 22:40:56,2025-06-15 22:40:56
2650,24,406,5,One of the better titles in this category.,2025-06-09 07:37:44,2025-06-09 07:37:44,2025-06-09 07:37:44
2651,521,568,5,Didn't fully connect with the storyline.,2026-05-21 23:09:11,2026-05-21 23:09:11,2026-05-21 23:09:11
2652,651,120,4,One of the better titles in this category.,2026-01-31 03:10:13,2026-01-31 03:10:13,2026-01-31 03:10:13
2653,813,309,3,One of the better titles in this category.,2025-07-06 20:20:30,2025-07-06 20:20:30,2025-07-06 20:20:30
2654,420,49,3,"Decent, but I have seen better.",2025-11-10 00:07:30,2025-11-10 00:07:30,2025-11-10 00:07:30
2655,61,299,3,A bit slow to start but picked up later.,2025-06-13 00:47:03,2025-06-13 00:47:03,2025-06-13 00:47:03
2656,581,337,5,Didn't fully connect with the storyline.,2025-12-19 08:53:07,2025-12-19 08:53:07,2025-12-19 08:53:07
2657,665,536,5,Would recommend to a friend.,2025-10-19 06:12:42,2025-10-19 06:12:42,2025-10-19 06:12:42
2658,992,572,5,One of the better titles in this category.,2025-12-14 00:34:27,2025-12-14 00:34:27,2025-12-14 00:34:27
2659,466,587,4,"Great picture quality, average story.",2025-09-23 03:10:16,2025-09-23 03:10:16,2025-09-23 03:10:16
2660,189,61,5,One of the better titles in this category.,2026-05-25 14:57:37,2026-05-25 14:57:37,2026-05-25 14:57:37
2661,486,165,5,A bit slow to start but picked up later.,2025-12-17 00:42:34,2025-12-17 00:42:34,2025-12-17 00:42:34
2662,711,509,4,"Not what I expected, but still worth it.",2025-06-23 13:49:46,2025-06-23 13:49:46,2025-06-23 13:49:46
2663,82,475,3,One of the better titles in this category.,2025-12-09 21:41:25,2025-12-09 21:41:25,2025-12-09 21:41:25
2664,760,376,4,"Decent, but I have seen better.",2026-01-28 15:43:12,2026-01-28 15:43:12,2026-01-28 15:43:12
2665,657,175,4,A bit slow to start but picked up later.,2025-08-10 15:45:47,2025-08-10 15:45:47,2025-08-10 15:45:47
2666,486,71,5,Didn't fully connect with the storyline.,2025-06-14 20:09:26,2025-06-14 20:09:26,2025-06-14 20:09:26
2667,457,117,5,"Great picture quality, average story.",2025-07-07 10:29:09,2025-07-07 10:29:09,2025-07-07 10:29:09
2668,299,337,4,A bit slow to start but picked up later.,2026-04-13 05:43:47,2026-04-13 05:43:47,2026-04-13 05:43:47
2669,808,93,3,"Decent, but I have seen better.",2025-08-01 15:51:26,2025-08-01 15:51:26,2025-08-01 15:51:26
2670,251,287,5,Didn't fully connect with the storyline.,2025-08-04 16:28:21,2025-08-04 16:28:21,2025-08-04 16:28:21
2671,43,138,4,"Solid entry, will check out more from this title.",2025-11-02 16:53:30,2025-11-02 16:53:30,2025-11-02 16:53:30
2672,707,266,5,"Solid entry, will check out more from this title.",2025-12-04 18:38:13,2025-12-04 18:38:13,2025-12-04 18:38:13
2673,92,20,4,,2025-10-10 16:32:24,2025-10-10 16:32:24,2025-10-10 16:32:24
2674,134,213,4,"Decent, but I have seen better.",2025-07-26 20:57:25,2025-07-26 20:57:25,2025-07-26 20:57:25
2675,961,346,3,One of the better titles in this category.,2026-05-27 18:57:10,2026-05-27 18:57:10,2026-05-27 18:57:10
2676,407,512,4,One of the better titles in this category.,2025-11-11 18:05:42,2025-11-11 18:05:42,2025-11-11 18:05:42
2677,926,99,2,Didn't fully connect with the storyline.,2026-03-20 18:55:33,2026-03-20 18:55:33,2026-03-20 18:55:33
2678,817,424,4,"Decent, but I have seen better.",2025-11-18 21:59:21,2025-11-18 21:59:21,2025-11-18 21:59:21
2679,504,313,5,"Not what I expected, but still worth it.",2026-05-28 16:57:41,2026-05-28 16:57:41,2026-05-28 16:57:41
2680,268,325,4,One of the better titles in this category.,2026-01-30 16:38:14,2026-01-30 16:38:14,2026-01-30 16:38:14
2681,89,53,3,One of the better titles in this category.,2026-03-27 16:22:04,2026-03-27 16:22:04,2026-03-27 16:22:04
2682,260,426,4,,2025-08-13 11:14:35,2025-08-13 11:14:35,2025-08-13 11:14:35
2683,655,141,5,One of the better titles in this category.,2025-09-24 18:03:43,2025-09-24 18:03:43,2025-09-24 18:03:43
2684,681,385,4,"Not what I expected, but still worth it.",2025-08-07 01:25:31,2025-08-07 01:25:31,2025-08-07 01:25:31
2685,963,479,3,,2026-03-23 05:38:02,2026-03-23 05:38:02,2026-03-23 05:38:02
2686,206,407,1,One of the better titles in this category.,2025-08-03 07:43:13,2025-08-03 07:43:13,2025-08-03 07:43:13
2687,691,2,4,A bit slow to start but picked up later.,2025-10-24 09:15:45,2025-10-24 09:15:45,2025-10-24 09:15:45
2688,774,106,4,Really enjoyed the pacing and the cast.,2025-10-09 12:52:45,2025-10-09 12:52:45,2025-10-09 12:52:45
2689,545,126,5,"Not what I expected, but still worth it.",2025-09-08 00:40:57,2025-09-08 00:40:57,2025-09-08 00:40:57
2690,436,342,2,Would recommend to a friend.,2025-07-12 14:12:03,2025-07-12 14:12:03,2025-07-12 14:12:03
2691,1000,101,5,One of the better titles in this category.,2025-10-17 10:34:19,2025-10-17 10:34:19,2025-10-17 10:34:19
2692,940,417,4,A bit slow to start but picked up later.,2026-01-01 12:59:09,2026-01-01 12:59:09,2026-01-01 12:59:09
2693,985,301,1,"Not what I expected, but still worth it.",2025-10-13 19:37:18,2025-10-13 19:37:18,2025-10-13 19:37:18
2694,339,364,5,One of the better titles in this category.,2025-07-24 11:49:23,2025-07-24 11:49:23,2025-07-24 11:49:23
2695,399,209,4,One of the better titles in this category.,2025-08-05 19:04:55,2025-08-05 19:04:55,2025-08-05 19:04:55
2696,674,578,3,"Decent, but I have seen better.",2026-05-10 04:34:07,2026-05-10 04:34:07,2026-05-10 04:34:07
2697,478,378,5,"Decent, but I have seen better.",2026-04-10 11:39:29,2026-04-10 11:39:29,2026-04-10 11:39:29
2698,47,87,4,Would recommend to a friend.,2026-05-21 00:41:14,2026-05-21 00:41:14,2026-05-21 00:41:14
2699,218,227,3,"Decent, but I have seen better.",2025-10-06 08:19:44,2025-10-06 08:19:44,2025-10-06 08:19:44
2700,539,481,5,One of the better titles in this category.,2025-06-16 23:18:43,2025-06-16 23:18:43,2025-06-16 23:18:43
2701,733,590,4,Would recommend to a friend.,2025-12-04 05:35:54,2025-12-04 05:35:54,2025-12-04 05:35:54
2702,948,199,5,Would recommend to a friend.,2026-03-08 11:23:16,2026-03-08 11:23:16,2026-03-08 11:23:16
2703,173,563,5,Didn't fully connect with the storyline.,2025-08-08 04:16:32,2025-08-08 04:16:32,2025-08-08 04:16:32
2704,434,503,4,Would recommend to a friend.,2025-10-31 21:14:10,2025-10-31 21:14:10,2025-10-31 21:14:10
2705,861,574,5,Really enjoyed the pacing and the cast.,2026-05-12 17:58:08,2026-05-12 17:58:08,2026-05-12 17:58:08
2706,705,226,3,"Decent, but I have seen better.",2025-10-30 17:37:21,2025-10-30 17:37:21,2025-10-30 17:37:21
2707,881,186,4,One of the better titles in this category.,2025-12-27 13:26:03,2025-12-27 13:26:03,2025-12-27 13:26:03
2708,580,524,4,"Solid entry, will check out more from this title.",2026-03-12 01:46:52,2026-03-12 01:46:52,2026-03-12 01:46:52
2709,403,26,5,"Great picture quality, average story.",2025-09-27 03:42:34,2025-09-27 03:42:34,2025-09-27 03:42:34
2710,679,467,3,"Not what I expected, but still worth it.",2026-02-07 18:20:14,2026-02-07 18:20:14,2026-02-07 18:20:14
2711,26,323,4,A bit slow to start but picked up later.,2025-06-12 04:05:26,2025-06-12 04:05:26,2025-06-12 04:05:26
2712,808,278,4,"Great picture quality, average story.",2025-07-17 16:59:33,2025-07-17 16:59:33,2025-07-17 16:59:33
2713,856,309,5,A bit slow to start but picked up later.,2025-12-03 04:22:24,2025-12-03 04:22:24,2025-12-03 04:22:24
2714,477,57,3,"Decent, but I have seen better.",2026-01-11 17:58:26,2026-01-11 17:58:26,2026-01-11 17:58:26
2715,586,476,3,"Great picture quality, average story.",2025-08-23 06:56:54,2025-08-23 06:56:54,2025-08-23 06:56:54
2716,901,327,4,"Solid entry, will check out more from this title.",2025-12-01 23:26:57,2025-12-01 23:26:57,2025-12-01 23:26:57
2717,208,435,4,"Not what I expected, but still worth it.",2026-05-07 15:32:52,2026-05-07 15:32:52,2026-05-07 15:32:52
2718,371,77,5,"Solid entry, will check out more from this title.",2025-07-21 02:05:46,2025-07-21 02:05:46,2025-07-21 02:05:46
2719,854,300,5,One of the better titles in this category.,2025-09-22 15:57:18,2025-09-22 15:57:18,2025-09-22 15:57:18
2720,792,275,5,Would recommend to a friend.,2026-02-23 22:28:49,2026-02-23 22:28:49,2026-02-23 22:28:49
2721,387,420,4,Would recommend to a friend.,2026-04-11 15:49:55,2026-04-11 15:49:55,2026-04-11 15:49:55
2722,648,362,5,Really enjoyed the pacing and the cast.,2025-11-23 12:53:57,2025-11-23 12:53:57,2025-11-23 12:53:57
2723,65,465,5,"Decent, but I have seen better.",2025-07-04 08:40:13,2025-07-04 08:40:13,2025-07-04 08:40:13
2724,82,474,2,A bit slow to start but picked up later.,2025-10-12 12:45:09,2025-10-12 12:45:09,2025-10-12 12:45:09
2725,813,169,3,"Not what I expected, but still worth it.",2026-01-17 06:23:27,2026-01-17 06:23:27,2026-01-17 06:23:27
2726,628,294,4,A bit slow to start but picked up later.,2025-11-06 03:45:15,2025-11-06 03:45:15,2025-11-06 03:45:15
2727,390,363,2,Loved the soundtrack and visuals.,2026-02-21 17:14:08,2026-02-21 17:14:08,2026-02-21 17:14:08
2728,344,471,4,"Not what I expected, but still worth it.",2025-07-31 06:06:21,2025-07-31 06:06:21,2025-07-31 06:06:21
2729,200,230,4,One of the better titles in this category.,2025-12-10 18:30:43,2025-12-10 18:30:43,2025-12-10 18:30:43
2730,526,324,5,Would recommend to a friend.,2026-01-30 21:17:53,2026-01-30 21:17:53,2026-01-30 21:17:53
2731,739,75,5,"Not what I expected, but still worth it.",2026-01-21 23:16:48,2026-01-21 23:16:48,2026-01-21 23:16:48
2732,115,333,4,"Great picture quality, average story.",2026-03-25 00:13:32,2026-03-25 00:13:32,2026-03-25 00:13:32
2733,155,468,4,One of the better titles in this category.,2026-04-17 22:05:13,2026-04-17 22:05:13,2026-04-17 22:05:13
2734,906,106,5,Would recommend to a friend.,2025-12-12 03:23:05,2025-12-12 03:23:05,2025-12-12 03:23:05
2735,345,320,1,Really enjoyed the pacing and the cast.,2026-04-03 07:18:36,2026-04-03 07:18:36,2026-04-03 07:18:36
2736,90,181,3,Would recommend to a friend.,2026-03-21 04:40:45,2026-03-21 04:40:45,2026-03-21 04:40:45
2737,481,600,5,"Not what I expected, but still worth it.",2026-01-02 06:02:50,2026-01-02 06:02:50,2026-01-02 06:02:50
2738,872,352,5,"Great picture quality, average story.",2025-12-03 09:22:44,2025-12-03 09:22:44,2025-12-03 09:22:44
2739,524,563,5,Really enjoyed the pacing and the cast.,2025-09-06 01:30:31,2025-09-06 01:30:31,2025-09-06 01:30:31
2740,46,540,4,Loved the soundtrack and visuals.,2026-03-12 03:05:42,2026-03-12 03:05:42,2026-03-12 03:05:42
2741,750,438,3,Didn't fully connect with the storyline.,2026-01-15 16:26:51,2026-01-15 16:26:51,2026-01-15 16:26:51
2742,978,396,4,Really enjoyed the pacing and the cast.,2026-04-10 02:46:00,2026-04-10 02:46:00,2026-04-10 02:46:00
2743,844,323,5,Loved the soundtrack and visuals.,2025-11-28 12:34:29,2025-11-28 12:34:29,2025-11-28 12:34:29
2744,274,380,3,Really enjoyed the pacing and the cast.,2025-06-24 09:53:54,2025-06-24 09:53:54,2025-06-24 09:53:54
2745,74,143,2,"Great picture quality, average story.",2026-04-26 00:09:58,2026-04-26 00:09:58,2026-04-26 00:09:58
2746,371,181,2,"Not what I expected, but still worth it.",2026-02-27 07:50:14,2026-02-27 07:50:14,2026-02-27 07:50:14
2747,527,27,5,Would recommend to a friend.,2025-10-11 07:16:57,2025-10-11 07:16:57,2025-10-11 07:16:57
2748,957,6,3,A bit slow to start but picked up later.,2026-01-12 11:11:01,2026-01-12 11:11:01,2026-01-12 11:11:01
2749,465,449,3,"Decent, but I have seen better.",2025-09-23 09:29:35,2025-09-23 09:29:35,2025-09-23 09:29:35
2750,39,14,2,"Great picture quality, average story.",2025-10-08 21:25:57,2025-10-08 21:25:57,2025-10-08 21:25:57
2751,894,314,3,"Solid entry, will check out more from this title.",2025-08-10 19:47:51,2025-08-10 19:47:51,2025-08-10 19:47:51
2752,256,113,5,"Great picture quality, average story.",2025-08-13 00:47:28,2025-08-13 00:47:28,2025-08-13 00:47:28
2753,429,143,4,A bit slow to start but picked up later.,2026-04-12 14:16:38,2026-04-12 14:16:38,2026-04-12 14:16:38
2754,369,224,3,"Decent, but I have seen better.",2026-01-25 22:36:07,2026-01-25 22:36:07,2026-01-25 22:36:07
2755,256,243,4,"Great picture quality, average story.",2025-12-24 16:10:05,2025-12-24 16:10:05,2025-12-24 16:10:05
2756,224,584,3,Would recommend to a friend.,2026-03-02 04:12:46,2026-03-02 04:12:46,2026-03-02 04:12:46
2757,963,55,4,A bit slow to start but picked up later.,2025-08-07 11:32:32,2025-08-07 11:32:32,2025-08-07 11:32:32
2758,556,44,5,One of the better titles in this category.,2025-07-14 14:34:38,2025-07-14 14:34:38,2025-07-14 14:34:38
2759,927,100,3,"Decent, but I have seen better.",2026-03-01 20:02:02,2026-03-01 20:02:02,2026-03-01 20:02:02
2760,944,70,3,Loved the soundtrack and visuals.,2025-06-29 21:31:53,2025-06-29 21:31:53,2025-06-29 21:31:53
2761,316,574,3,Loved the soundtrack and visuals.,2026-03-19 13:53:54,2026-03-19 13:53:54,2026-03-19 13:53:54
2762,637,471,3,"Solid entry, will check out more from this title.",2025-12-19 20:37:34,2025-12-19 20:37:34,2025-12-19 20:37:34
2763,748,304,4,Would recommend to a friend.,2026-02-12 14:30:47,2026-02-12 14:30:47,2026-02-12 14:30:47
2764,23,581,3,Loved the soundtrack and visuals.,2025-06-28 04:01:56,2025-06-28 04:01:56,2025-06-28 04:01:56
2765,648,326,4,"Great picture quality, average story.",2026-05-27 02:23:50,2026-05-27 02:23:50,2026-05-27 02:23:50
2766,866,529,3,"Solid entry, will check out more from this title.",2026-04-17 09:33:54,2026-04-17 09:33:54,2026-04-17 09:33:54
2767,86,111,4,"Solid entry, will check out more from this title.",2025-08-08 17:57:41,2025-08-08 17:57:41,2025-08-08 17:57:41
2768,496,520,5,Didn't fully connect with the storyline.,2025-08-05 20:21:08,2025-08-05 20:21:08,2025-08-05 20:21:08
2769,730,567,5,Didn't fully connect with the storyline.,2026-04-05 13:23:23,2026-04-05 13:23:23,2026-04-05 13:23:23
2770,850,4,3,A bit slow to start but picked up later.,2025-07-09 19:07:50,2025-07-09 19:07:50,2025-07-09 19:07:50
2771,723,264,4,One of the better titles in this category.,2025-11-09 19:19:08,2025-11-09 19:19:08,2025-11-09 19:19:08
2772,415,338,4,Didn't fully connect with the storyline.,2025-12-14 13:31:11,2025-12-14 13:31:11,2025-12-14 13:31:11
2773,311,362,3,"Decent, but I have seen better.",2025-09-26 22:51:53,2025-09-26 22:51:53,2025-09-26 22:51:53
2774,957,417,3,"Solid entry, will check out more from this title.",2026-03-03 17:09:50,2026-03-03 17:09:50,2026-03-03 17:09:50
2775,744,362,4,One of the better titles in this category.,2026-04-01 15:39:01,2026-04-01 15:39:01,2026-04-01 15:39:01
2776,398,518,4,Really enjoyed the pacing and the cast.,2026-05-31 15:17:59,2026-05-31 15:17:59,2026-05-31 15:17:59
2777,206,95,5,Loved the soundtrack and visuals.,2025-12-02 14:43:43,2025-12-02 14:43:43,2025-12-02 14:43:43
2778,304,116,3,Didn't fully connect with the storyline.,2025-06-12 22:41:10,2025-06-12 22:41:10,2025-06-12 22:41:10
2779,538,36,5,Loved the soundtrack and visuals.,2025-11-24 17:25:57,2025-11-24 17:25:57,2025-11-24 17:25:57
2780,716,429,4,Would recommend to a friend.,2025-06-30 02:14:20,2025-06-30 02:14:20,2025-06-30 02:14:20
2781,456,449,4,Didn't fully connect with the storyline.,2026-02-12 11:13:46,2026-02-12 11:13:46,2026-02-12 11:13:46
2782,634,118,4,Loved the soundtrack and visuals.,2025-06-21 23:44:48,2025-06-21 23:44:48,2025-06-21 23:44:48
2783,650,181,5,Really enjoyed the pacing and the cast.,2026-02-23 12:07:49,2026-02-23 12:07:49,2026-02-23 12:07:49
2784,761,284,5,Would recommend to a friend.,2026-04-03 03:33:59,2026-04-03 03:33:59,2026-04-03 03:33:59
2785,651,519,4,"Solid entry, will check out more from this title.",2026-04-18 13:13:59,2026-04-18 13:13:59,2026-04-18 13:13:59
2786,740,413,5,A bit slow to start but picked up later.,2026-05-26 21:56:04,2026-05-26 21:56:04,2026-05-26 21:56:04
2787,738,4,4,A bit slow to start but picked up later.,2026-03-02 13:02:50,2026-03-02 13:02:50,2026-03-02 13:02:50
2788,261,93,4,Didn't fully connect with the storyline.,2025-12-10 02:30:55,2025-12-10 02:30:55,2025-12-10 02:30:55
2789,854,113,1,Didn't fully connect with the storyline.,2026-04-11 20:38:54,2026-04-11 20:38:54,2026-04-11 20:38:54
2790,587,489,4,Really enjoyed the pacing and the cast.,2026-03-07 05:13:24,2026-03-07 05:13:24,2026-03-07 05:13:24
2791,779,27,1,"Great picture quality, average story.",2025-11-04 11:11:39,2025-11-04 11:11:39,2025-11-04 11:11:39
2792,549,281,5,Loved the soundtrack and visuals.,2026-01-09 10:52:26,2026-01-09 10:52:26,2026-01-09 10:52:26
2793,899,362,3,Didn't fully connect with the storyline.,2026-01-12 14:05:22,2026-01-12 14:05:22,2026-01-12 14:05:22
2794,362,10,4,One of the better titles in this category.,2025-06-08 21:44:38,2025-06-08 21:44:38,2025-06-08 21:44:38
2795,872,327,5,Would recommend to a friend.,2025-06-22 01:33:27,2025-06-22 01:33:27,2025-06-22 01:33:27
2796,390,176,1,Really enjoyed the pacing and the cast.,2025-08-08 13:58:52,2025-08-08 13:58:52,2025-08-08 13:58:52
2797,5,591,3,Loved the soundtrack and visuals.,2026-03-20 00:29:13,2026-03-20 00:29:13,2026-03-20 00:29:13
2798,634,165,5,"Decent, but I have seen better.",2025-12-28 21:19:19,2025-12-28 21:19:19,2025-12-28 21:19:19
2799,604,292,4,"Not what I expected, but still worth it.",2026-02-12 11:02:22,2026-02-12 11:02:22,2026-02-12 11:02:22
2800,454,38,5,"Not what I expected, but still worth it.",2026-05-17 22:30:40,2026-05-17 22:30:40,2026-05-17 22:30:40
2801,231,219,5,One of the better titles in this category.,2026-04-16 16:22:30,2026-04-16 16:22:30,2026-04-16 16:22:30
2802,671,256,4,One of the better titles in this category.,2026-03-07 06:52:19,2026-03-07 06:52:19,2026-03-07 06:52:19
2803,260,420,5,"Great picture quality, average story.",2025-08-03 06:15:01,2025-08-03 06:15:01,2025-08-03 06:15:01
2804,201,21,5,"Not what I expected, but still worth it.",2025-10-10 06:15:40,2025-10-10 06:15:40,2025-10-10 06:15:40
2805,712,565,4,One of the better titles in this category.,2025-08-09 11:11:21,2025-08-09 11:11:21,2025-08-09 11:11:21
2806,154,127,3,"Decent, but I have seen better.",2025-09-03 04:14:12,2025-09-03 04:14:12,2025-09-03 04:14:12
2807,728,211,5,One of the better titles in this category.,2025-11-29 07:41:45,2025-11-29 07:41:45,2025-11-29 07:41:45
2808,17,133,5,Really enjoyed the pacing and the cast.,2025-12-24 06:36:37,2025-12-24 06:36:37,2025-12-24 06:36:37
2809,833,358,4,One of the better titles in this category.,2025-08-26 10:29:58,2025-08-26 10:29:58,2025-08-26 10:29:58
2810,338,100,4,A bit slow to start but picked up later.,2026-05-03 21:16:08,2026-05-03 21:16:08,2026-05-03 21:16:08
2811,982,564,5,Would recommend to a friend.,2025-11-21 00:01:19,2025-11-21 00:01:19,2025-11-21 00:01:19
2812,310,457,5,"Solid entry, will check out more from this title.",2025-06-12 19:13:20,2025-06-12 19:13:20,2025-06-12 19:13:20
2813,797,189,4,Would recommend to a friend.,2025-06-23 11:05:09,2025-06-23 11:05:09,2025-06-23 11:05:09
2814,241,175,4,Loved the soundtrack and visuals.,2026-02-14 08:11:16,2026-02-14 08:11:16,2026-02-14 08:11:16
2815,694,41,4,"Not what I expected, but still worth it.",2025-07-25 14:40:27,2025-07-25 14:40:27,2025-07-25 14:40:27
2816,274,518,5,"Solid entry, will check out more from this title.",2026-01-16 06:50:59,2026-01-16 06:50:59,2026-01-16 06:50:59
2817,768,15,4,,2025-11-25 23:32:04,2025-11-25 23:32:04,2025-11-25 23:32:04
2818,466,22,5,"Solid entry, will check out more from this title.",2025-06-09 15:11:33,2025-06-09 15:11:33,2025-06-09 15:11:33
2819,935,93,3,A bit slow to start but picked up later.,2026-03-13 23:20:53,2026-03-13 23:20:53,2026-03-13 23:20:53
2820,996,159,5,"Not what I expected, but still worth it.",2025-11-17 03:50:19,2025-11-17 03:50:19,2025-11-17 03:50:19
2821,988,590,4,Loved the soundtrack and visuals.,2026-01-16 08:03:22,2026-01-16 08:03:22,2026-01-16 08:03:22
2822,464,323,3,"Decent, but I have seen better.",2025-06-09 03:13:30,2025-06-09 03:13:30,2025-06-09 03:13:30
2823,987,335,4,"Not what I expected, but still worth it.",2025-10-25 10:26:05,2025-10-25 10:26:05,2025-10-25 10:26:05
2824,363,104,4,Loved the soundtrack and visuals.,2026-02-23 08:55:31,2026-02-23 08:55:31,2026-02-23 08:55:31
2825,530,90,4,One of the better titles in this category.,2026-02-04 23:27:05,2026-02-04 23:27:05,2026-02-04 23:27:05
2826,325,98,4,"Solid entry, will check out more from this title.",2025-08-31 18:02:55,2025-08-31 18:02:55,2025-08-31 18:02:55
2827,662,407,4,"Decent, but I have seen better.",2025-07-11 10:25:00,2025-07-11 10:25:00,2025-07-11 10:25:00
2828,944,4,5,A bit slow to start but picked up later.,2025-06-14 04:58:02,2025-06-14 04:58:02,2025-06-14 04:58:02
2829,41,540,4,"Not what I expected, but still worth it.",2025-11-22 01:57:04,2025-11-22 01:57:04,2025-11-22 01:57:04
2830,383,264,5,Didn't fully connect with the storyline.,2026-01-27 09:52:39,2026-01-27 09:52:39,2026-01-27 09:52:39
2831,957,64,3,A bit slow to start but picked up later.,2026-03-17 05:58:49,2026-03-17 05:58:49,2026-03-17 05:58:49
2832,247,22,1,Would recommend to a friend.,2025-09-19 12:53:19,2025-09-19 12:53:19,2025-09-19 12:53:19
2833,75,151,4,"Solid entry, will check out more from this title.",2026-04-03 00:48:00,2026-04-03 00:48:00,2026-04-03 00:48:00
2834,505,541,4,"Great picture quality, average story.",2026-02-05 03:13:17,2026-02-05 03:13:17,2026-02-05 03:13:17
2835,871,8,3,Loved the soundtrack and visuals.,2025-10-20 09:13:42,2025-10-20 09:13:42,2025-10-20 09:13:42
2836,89,318,4,Loved the soundtrack and visuals.,2026-03-30 19:08:06,2026-03-30 19:08:06,2026-03-30 19:08:06
2837,352,322,4,Really enjoyed the pacing and the cast.,2025-10-25 05:17:22,2025-10-25 05:17:22,2025-10-25 05:17:22
2838,602,298,5,A bit slow to start but picked up later.,2026-02-28 04:03:30,2026-02-28 04:03:30,2026-02-28 04:03:30
2839,270,247,3,A bit slow to start but picked up later.,2025-08-07 06:08:47,2025-08-07 06:08:47,2025-08-07 06:08:47
2840,781,172,5,"Great picture quality, average story.",2026-03-16 11:44:35,2026-03-16 11:44:35,2026-03-16 11:44:35
2841,344,493,3,One of the better titles in this category.,2026-02-08 21:47:27,2026-02-08 21:47:27,2026-02-08 21:47:27
2842,107,325,5,A bit slow to start but picked up later.,2026-01-18 07:01:51,2026-01-18 07:01:51,2026-01-18 07:01:51
2843,370,125,4,Would recommend to a friend.,2025-06-10 03:55:44,2025-06-10 03:55:44,2025-06-10 03:55:44
2844,643,383,4,One of the better titles in this category.,2025-09-24 15:54:08,2025-09-24 15:54:08,2025-09-24 15:54:08
2845,590,562,2,A bit slow to start but picked up later.,2026-04-28 15:39:07,2026-04-28 15:39:07,2026-04-28 15:39:07
2846,2,354,5,"Solid entry, will check out more from this title.",2025-10-30 03:22:52,2025-10-30 03:22:52,2025-10-30 03:22:52
2847,211,591,3,Really enjoyed the pacing and the cast.,2025-06-16 15:17:12,2025-06-16 15:17:12,2025-06-16 15:17:12
2848,556,443,5,One of the better titles in this category.,2025-11-20 05:18:36,2025-11-20 05:18:36,2025-11-20 05:18:36
2849,151,260,4,"Solid entry, will check out more from this title.",2026-01-06 05:03:24,2026-01-06 05:03:24,2026-01-06 05:03:24
2850,265,158,3,Would recommend to a friend.,2025-11-21 13:39:16,2025-11-21 13:39:16,2025-11-21 13:39:16
2851,806,359,3,Would recommend to a friend.,2025-08-26 17:35:19,2025-08-26 17:35:19,2025-08-26 17:35:19
2852,619,123,5,"Not what I expected, but still worth it.",2026-04-17 17:57:40,2026-04-17 17:57:40,2026-04-17 17:57:40
2853,482,62,5,"Great picture quality, average story.",2025-09-13 11:12:11,2025-09-13 11:12:11,2025-09-13 11:12:11
2854,743,470,1,Loved the soundtrack and visuals.,2025-07-26 14:18:27,2025-07-26 14:18:27,2025-07-26 14:18:27
2855,314,250,5,Really enjoyed the pacing and the cast.,2025-07-10 13:31:04,2025-07-10 13:31:04,2025-07-10 13:31:04
2856,203,339,5,"Not what I expected, but still worth it.",2026-04-06 02:52:52,2026-04-06 02:52:52,2026-04-06 02:52:52
2857,733,42,5,"Solid entry, will check out more from this title.",2026-04-29 02:36:47,2026-04-29 02:36:47,2026-04-29 02:36:47
2858,569,589,4,A bit slow to start but picked up later.,2026-05-04 04:43:30,2026-05-04 04:43:30,2026-05-04 04:43:30
2859,74,560,1,A bit slow to start but picked up later.,2026-04-13 23:36:38,2026-04-13 23:36:38,2026-04-13 23:36:38
2860,471,543,5,Really enjoyed the pacing and the cast.,2025-06-16 21:32:49,2025-06-16 21:32:49,2025-06-16 21:32:49
2861,364,19,4,"Solid entry, will check out more from this title.",2026-05-31 15:20:05,2026-05-31 15:20:05,2026-05-31 15:20:05
2862,260,388,2,"Not what I expected, but still worth it.",2026-04-06 09:57:20,2026-04-06 09:57:20,2026-04-06 09:57:20
2863,66,408,4,"Solid entry, will check out more from this title.",2025-10-25 19:02:30,2025-10-25 19:02:30,2025-10-25 19:02:30
2864,363,457,2,Would recommend to a friend.,2025-09-06 02:41:13,2025-09-06 02:41:13,2025-09-06 02:41:13
2865,265,371,3,Really enjoyed the pacing and the cast.,2025-11-21 06:56:12,2025-11-21 06:56:12,2025-11-21 06:56:12
2866,7,452,3,"Not what I expected, but still worth it.",2026-03-15 13:34:04,2026-03-15 13:34:04,2026-03-15 13:34:04
2867,387,392,5,,2025-08-10 10:13:32,2025-08-10 10:13:32,2025-08-10 10:13:32
2868,593,347,5,Really enjoyed the pacing and the cast.,2025-12-03 03:40:27,2025-12-03 03:40:27,2025-12-03 03:40:27
2869,157,286,5,"Not what I expected, but still worth it.",2025-06-29 11:09:43,2025-06-29 11:09:43,2025-06-29 11:09:43
2870,974,302,3,"Not what I expected, but still worth it.",2026-02-08 10:26:52,2026-02-08 10:26:52,2026-02-08 10:26:52
2871,498,497,5,Didn't fully connect with the storyline.,2026-03-09 17:33:03,2026-03-09 17:33:03,2026-03-09 17:33:03
2872,681,475,4,"Decent, but I have seen better.",2025-10-19 12:23:45,2025-10-19 12:23:45,2025-10-19 12:23:45
2873,288,466,3,Loved the soundtrack and visuals.,2025-09-26 04:32:25,2025-09-26 04:32:25,2025-09-26 04:32:25
2874,811,200,5,Didn't fully connect with the storyline.,2025-07-05 05:33:10,2025-07-05 05:33:10,2025-07-05 05:33:10
2875,208,204,5,Loved the soundtrack and visuals.,2025-09-10 19:19:37,2025-09-10 19:19:37,2025-09-10 19:19:37
2876,211,510,3,"Not what I expected, but still worth it.",2025-08-02 01:56:06,2025-08-02 01:56:06,2025-08-02 01:56:06
2877,456,513,4,A bit slow to start but picked up later.,2026-05-14 11:57:47,2026-05-14 11:57:47,2026-05-14 11:57:47
2878,837,357,3,Loved the soundtrack and visuals.,2026-04-16 14:29:10,2026-04-16 14:29:10,2026-04-16 14:29:10
2879,14,524,4,Really enjoyed the pacing and the cast.,2026-03-29 13:25:35,2026-03-29 13:25:35,2026-03-29 13:25:35
2880,346,376,4,Would recommend to a friend.,2025-07-08 12:57:49,2025-07-08 12:57:49,2025-07-08 12:57:49
2881,643,147,4,"Solid entry, will check out more from this title.",2025-08-03 05:41:10,2025-08-03 05:41:10,2025-08-03 05:41:10
2882,500,302,4,"Great picture quality, average story.",2026-03-28 20:33:50,2026-03-28 20:33:50,2026-03-28 20:33:50
2883,426,487,4,"Not what I expected, but still worth it.",2025-07-12 07:07:34,2025-07-12 07:07:34,2025-07-12 07:07:34
2884,618,120,4,Loved the soundtrack and visuals.,2025-09-13 16:25:34,2025-09-13 16:25:34,2025-09-13 16:25:34
2885,418,42,3,"Solid entry, will check out more from this title.",2025-12-28 04:10:34,2025-12-28 04:10:34,2025-12-28 04:10:34
2886,557,335,1,Really enjoyed the pacing and the cast.,2026-03-18 18:10:44,2026-03-18 18:10:44,2026-03-18 18:10:44
2887,142,339,5,Didn't fully connect with the storyline.,2025-10-17 11:10:17,2025-10-17 11:10:17,2025-10-17 11:10:17
2888,338,162,5,Really enjoyed the pacing and the cast.,2026-05-20 02:32:47,2026-05-20 02:32:47,2026-05-20 02:32:47
2889,507,184,4,,2026-01-07 21:18:14,2026-01-07 21:18:14,2026-01-07 21:18:14
2890,319,250,0,"Solid entry, will check out more from this title.",2025-08-01 13:37:31,2025-08-01 13:37:31,2025-08-01 13:37:31
2891,20,124,4,Didn't fully connect with the storyline.,2025-10-05 04:57:54,2025-10-05 04:57:54,2025-10-05 04:57:54
2892,514,134,4,"Not what I expected, but still worth it.",2025-09-10 21:17:14,2025-09-10 21:17:14,2025-09-10 21:17:14
2893,182,175,3,"Great picture quality, average story.",2026-02-22 02:44:24,2026-02-22 02:44:24,2026-02-22 02:44:24
2894,428,307,4,"Great picture quality, average story.",2025-09-07 02:15:08,2025-09-07 02:15:08,2025-09-07 02:15:08
2895,788,535,5,"Great picture quality, average story.",2025-09-17 15:44:15,2025-09-17 15:44:15,2025-09-17 15:44:15
2896,903,482,3,Didn't fully connect with the storyline.,2026-03-24 15:05:56,2026-03-24 15:05:56,2026-03-24 15:05:56
2897,250,289,3,"Solid entry, will check out more from this title.",2025-09-23 09:06:55,2025-09-23 09:06:55,2025-09-23 09:06:55
2898,430,386,4,"Solid entry, will check out more from this title.",2025-12-13 10:42:44,2025-12-13 10:42:44,2025-12-13 10:42:44
2899,204,481,5,A bit slow to start but picked up later.,2025-07-31 18:20:55,2025-07-31 18:20:55,2025-07-31 18:20:55
2900,750,517,3,Loved the soundtrack and visuals.,2026-05-06 07:36:54,2026-05-06 07:36:54,2026-05-06 07:36:54
2901,140,460,3,"Decent, but I have seen better.",2025-10-20 12:07:16,2025-10-20 12:07:16,2025-10-20 12:07:16
2902,268,546,5,Really enjoyed the pacing and the cast.,2025-09-08 11:23:10,2025-09-08 11:23:10,2025-09-08 11:23:10
2903,881,134,4,One of the better titles in this category.,2026-04-03 06:03:57,2026-04-03 06:03:57,2026-04-03 06:03:57
2904,358,33,5,"Not what I expected, but still worth it.",2025-09-22 22:59:38,2025-09-22 22:59:38,2025-09-22 22:59:38
2905,414,19,4,Would recommend to a friend.,2026-05-07 01:54:36,2026-05-07 01:54:36,2026-05-07 01:54:36
2906,983,497,4,Didn't fully connect with the storyline.,2026-04-09 08:17:45,2026-04-09 08:17:45,2026-04-09 08:17:45
2907,35,51,5,Really enjoyed the pacing and the cast.,2026-01-12 20:02:38,2026-01-12 20:02:38,2026-01-12 20:02:38
2908,22,390,2,A bit slow to start but picked up later.,2025-12-20 22:03:07,2025-12-20 22:03:07,2025-12-20 22:03:07
2909,898,275,5,Loved the soundtrack and visuals.,2025-11-25 05:36:56,2025-11-25 05:36:56,2025-11-25 05:36:56
2910,509,290,1,A bit slow to start but picked up later.,2025-11-02 20:08:31,2025-11-02 20:08:31,2025-11-02 20:08:31
2911,335,210,5,Loved the soundtrack and visuals.,2025-09-05 03:02:10,2025-09-05 03:02:10,2025-09-05 03:02:10
2912,512,25,5,"Solid entry, will check out more from this title.",2025-06-23 13:40:51,2025-06-23 13:40:51,2025-06-23 13:40:51
2913,430,431,4,"Not what I expected, but still worth it.",2026-01-05 16:52:48,2026-01-05 16:52:48,2026-01-05 16:52:48
2914,555,581,5,"Not what I expected, but still worth it.",2025-11-11 10:37:47,2025-11-11 10:37:47,2025-11-11 10:37:47
2915,727,60,4,A bit slow to start but picked up later.,2026-01-01 01:30:59,2026-01-01 01:30:59,2026-01-01 01:30:59
2916,513,538,3,"Solid entry, will check out more from this title.",2026-01-04 19:44:52,2026-01-04 19:44:52,2026-01-04 19:44:52
2917,968,518,5,One of the better titles in this category.,2025-08-10 01:03:55,2025-08-10 01:03:55,2025-08-10 01:03:55
2918,69,424,3,One of the better titles in this category.,2025-11-07 23:39:06,2025-11-07 23:39:06,2025-11-07 23:39:06
2919,376,18,1,Really enjoyed the pacing and the cast.,2026-02-05 10:47:35,2026-02-05 10:47:35,2026-02-05 10:47:35
2920,589,195,5,"Decent, but I have seen better.",2026-01-07 18:39:29,2026-01-07 18:39:29,2026-01-07 18:39:29
2921,521,276,5,Didn't fully connect with the storyline.,2025-07-04 17:25:56,2025-07-04 17:25:56,2025-07-04 17:25:56
2922,220,127,5,"Great picture quality, average story.",2025-09-29 20:54:12,2025-09-29 20:54:12,2025-09-29 20:54:12
2923,994,119,4,Would recommend to a friend.,2026-05-21 08:07:45,2026-05-21 08:07:45,2026-05-21 08:07:45
2924,888,428,5,"Not what I expected, but still worth it.",2025-06-29 04:18:11,2025-06-29 04:18:11,2025-06-29 04:18:11
2925,14,166,1,"Not what I expected, but still worth it.",2026-03-11 10:50:36,2026-03-11 10:50:36,2026-03-11 10:50:36
2926,584,405,1,"Decent, but I have seen better.",2025-08-31 08:07:05,2025-08-31 08:07:05,2025-08-31 08:07:05
2927,733,438,3,"Solid entry, will check out more from this title.",2026-02-11 15:08:24,2026-02-11 15:08:24,2026-02-11 15:08:24
2928,370,134,4,A bit slow to start but picked up later.,2025-09-26 22:34:27,2025-09-26 22:34:27,2025-09-26 22:34:27
2929,619,239,5,"Not what I expected, but still worth it.",2026-05-10 03:35:53,2026-05-10 03:35:53,2026-05-10 03:35:53
2930,906,469,5,A bit slow to start but picked up later.,2026-01-04 01:21:15,2026-01-04 01:21:15,2026-01-04 01:21:15
2931,545,124,5,Would recommend to a friend.,2026-01-22 10:27:26,2026-01-22 10:27:26,2026-01-22 10:27:26
2932,660,593,4,"Great picture quality, average story.",2026-02-10 05:09:31,2026-02-10 05:09:31,2026-02-10 05:09:31
2933,76,356,4,Would recommend to a friend.,2026-03-10 17:35:18,2026-03-10 17:35:18,2026-03-10 17:35:18
2934,499,111,4,Would recommend to a friend.,2026-04-29 19:49:51,2026-04-29 19:49:51,2026-04-29 19:49:51
2935,821,149,5,One of the better titles in this category.,2025-11-26 00:57:24,2025-11-26 00:57:24,2025-11-26 00:57:24
2936,29,527,3,"Not what I expected, but still worth it.",2025-08-05 17:12:18,2025-08-05 17:12:18,2025-08-05 17:12:18
2937,319,145,4,"Decent, but I have seen better.",2025-12-20 23:46:43,2025-12-20 23:46:43,2025-12-20 23:46:43
2938,881,454,4,"Decent, but I have seen better.",2025-12-30 10:33:10,2025-12-30 10:33:10,2025-12-30 10:33:10
2939,725,93,5,Would recommend to a friend.,2025-08-24 02:30:13,2025-08-24 02:30:13,2025-08-24 02:30:13
2940,952,208,1,Would recommend to a friend.,2025-06-13 02:46:43,2025-06-13 02:46:43,2025-06-13 02:46:43
2941,91,543,4,"Not what I expected, but still worth it.",2026-01-09 03:49:53,2026-01-09 03:49:53,2026-01-09 03:49:53
2942,664,219,4,"Solid entry, will check out more from this title.",2026-03-21 05:17:27,2026-03-21 05:17:27,2026-03-21 05:17:27
2943,532,327,1,Didn't fully connect with the storyline.,2026-04-17 01:49:29,2026-04-17 01:49:29,2026-04-17 01:49:29
2944,481,359,5,"Not what I expected, but still worth it.",2026-01-24 09:27:31,2026-01-24 09:27:31,2026-01-24 09:27:31
2945,248,514,4,Didn't fully connect with the storyline.,2025-12-21 19:57:00,2025-12-21 19:57:00,2025-12-21 19:57:00
2946,605,388,4,Didn't fully connect with the storyline.,2026-05-10 21:12:13,2026-05-10 21:12:13,2026-05-10 21:12:13
2947,550,285,4,"Great picture quality, average story.",2025-07-03 03:47:09,2025-07-03 03:47:09,2025-07-03 03:47:09
2948,490,535,2,Would recommend to a friend.,2026-04-23 04:13:11,2026-04-23 04:13:11,2026-04-23 04:13:11
2949,692,181,3,A bit slow to start but picked up later.,2025-08-18 23:27:01,2025-08-18 23:27:01,2025-08-18 23:27:01
2950,127,590,2,Loved the soundtrack and visuals.,2025-07-31 14:05:41,2025-07-31 14:05:41,2025-07-31 14:05:41
2951,366,99,4,"Decent, but I have seen better.",2025-10-02 08:37:14,2025-10-02 08:37:14,2025-10-02 08:37:14
2952,216,42,5,Would recommend to a friend.,2025-10-03 14:18:49,2025-10-03 14:18:49,2025-10-03 14:18:49
2953,527,526,5,"Great picture quality, average story.",2025-09-27 01:03:53,2025-09-27 01:03:53,2025-09-27 01:03:53
2954,727,542,5,A bit slow to start but picked up later.,2025-10-19 11:11:18,2025-10-19 11:11:18,2025-10-19 11:11:18
2955,522,460,4,One of the better titles in this category.,2026-03-14 15:56:32,2026-03-14 15:56:32,2026-03-14 15:56:32
2956,360,75,0,Would recommend to a friend.,2026-05-23 14:43:20,2026-05-23 14:43:20,2026-05-23 14:43:20
2957,217,65,5,Would recommend to a friend.,2026-01-12 22:47:07,2026-01-12 22:47:07,2026-01-12 22:47:07
2958,247,437,4,"Great picture quality, average story.",2025-11-10 03:34:47,2025-11-10 03:34:47,2025-11-10 03:34:47
2959,315,39,4,"Decent, but I have seen better.",2026-02-13 20:27:28,2026-02-13 20:27:28,2026-02-13 20:27:28
2960,961,61,3,Loved the soundtrack and visuals.,2025-08-04 02:12:30,2025-08-04 02:12:30,2025-08-04 02:12:30
2961,517,94,2,Loved the soundtrack and visuals.,2025-07-20 13:16:54,2025-07-20 13:16:54,2025-07-20 13:16:54
2962,696,182,5,"Decent, but I have seen better.",2025-08-10 20:57:21,2025-08-10 20:57:21,2025-08-10 20:57:21
2963,704,283,5,Loved the soundtrack and visuals.,2026-05-06 05:03:43,2026-05-06 05:03:43,2026-05-06 05:03:43
2964,797,127,4,"Solid entry, will check out more from this title.",2025-07-01 11:23:38,2025-07-01 11:23:38,2025-07-01 11:23:38
2965,194,510,4,Would recommend to a friend.,2025-12-01 13:31:10,2025-12-01 13:31:10,2025-12-01 13:31:10
2966,70,231,5,One of the better titles in this category.,2025-09-23 05:43:44,2025-09-23 05:43:44,2025-09-23 05:43:44
2967,305,158,3,One of the better titles in this category.,2026-03-20 23:03:45,2026-03-20 23:03:45,2026-03-20 23:03:45
2968,634,448,5,A bit slow to start but picked up later.,2026-04-21 05:48:55,2026-04-21 05:48:55,2026-04-21 05:48:55
2969,97,456,4,Loved the soundtrack and visuals.,2026-05-26 00:53:34,2026-05-26 00:53:34,2026-05-26 00:53:34
2970,366,376,5,One of the better titles in this category.,2025-11-10 03:54:45,2025-11-10 03:54:45,2025-11-10 03:54:45
2971,570,476,5,Really enjoyed the pacing and the cast.,2025-07-28 20:33:16,2025-07-28 20:33:16,2025-07-28 20:33:16
2972,750,171,5,"Solid entry, will check out more from this title.",2025-10-29 08:05:01,2025-10-29 08:05:01,2025-10-29 08:05:01
2973,282,443,3,Would recommend to a friend.,2026-03-29 13:13:26,2026-03-29 13:13:26,2026-03-29 13:13:26
2974,547,523,4,Didn't fully connect with the storyline.,2026-04-27 17:17:58,2026-04-27 17:17:58,2026-04-27 17:17:58
2975,585,315,3,Didn't fully connect with the storyline.,2025-10-19 23:27:14,2025-10-19 23:27:14,2025-10-19 23:27:14
2976,572,480,3,Didn't fully connect with the storyline.,2026-04-10 10:43:14,2026-04-10 10:43:14,2026-04-10 10:43:14
2977,422,343,5,Would recommend to a friend.,2025-12-17 22:58:05,2025-12-17 22:58:05,2025-12-17 22:58:05
2978,197,320,4,"Decent, but I have seen better.",2026-01-01 17:27:33,2026-01-01 17:27:33,2026-01-01 17:27:33
2979,853,421,5,"Great picture quality, average story.",2025-07-10 07:25:53,2025-07-10 07:25:53,2025-07-10 07:25:53
2980,116,364,4,Would recommend to a friend.,2026-01-09 12:36:01,2026-01-09 12:36:01,2026-01-09 12:36:01
2981,366,432,5,"Decent, but I have seen better.",2025-11-04 10:51:33,2025-11-04 10:51:33,2025-11-04 10:51:33
2982,648,422,4,Would recommend to a friend.,2026-02-06 03:23:27,2026-02-06 03:23:27,2026-02-06 03:23:27
2983,491,413,4,"Decent, but I have seen better.",2025-07-10 05:56:34,2025-07-10 05:56:34,2025-07-10 05:56:34
2984,91,281,4,A bit slow to start but picked up later.,2025-07-31 08:42:01,2025-07-31 08:42:01,2025-07-31 08:42:01
2985,849,174,3,Didn't fully connect with the storyline.,2025-11-19 06:48:45,2025-11-19 06:48:45,2025-11-19 06:48:45
2986,238,420,5,Would recommend to a friend.,2025-09-15 04:16:46,2025-09-15 04:16:46,2025-09-15 04:16:46
2987,439,43,3,A bit slow to start but picked up later.,2026-01-22 14:06:02,2026-01-22 14:06:02,2026-01-22 14:06:02
2988,14,123,5,One of the better titles in this category.,2025-07-12 11:09:50,2025-07-12 11:09:50,2025-07-12 11:09:50
2989,744,151,4,One of the better titles in this category.,2025-11-19 13:29:40,2025-11-19 13:29:40,2025-11-19 13:29:40
2990,238,490,5,"Solid entry, will check out more from this title.",2025-08-23 03:40:25,2025-08-23 03:40:25,2025-08-23 03:40:25
2991,651,435,5,"Solid entry, will check out more from this title.",2026-01-21 15:35:29,2026-01-21 15:35:29,2026-01-21 15:35:29
2992,395,486,2,"Solid entry, will check out more from this title.",2025-06-23 18:22:35,2025-06-23 18:22:35,2025-06-23 18:22:35
2993,458,174,5,One of the better titles in this category.,2026-03-26 11:05:37,2026-03-26 11:05:37,2026-03-26 11:05:37
2994,647,327,4,A bit slow to start but picked up later.,2025-12-22 13:09:32,2025-12-22 13:09:32,2025-12-22 13:09:32
2995,130,384,1,"Not what I expected, but still worth it.",2026-04-07 13:39:54,2026-04-07 13:39:54,2026-04-07 13:39:54
2996,222,552,4,"Solid entry, will check out more from this title.",2025-12-13 15:20:31,2025-12-13 15:20:31,2025-12-13 15:20:31
2997,21,70,3,"Not what I expected, but still worth it.",2026-03-19 15:00:40,2026-03-19 15:00:40,2026-03-19 15:00:40
2998,147,192,3,"Great picture quality, average story.",2026-03-09 01:24:04,2026-03-09 01:24:04,2026-03-09 01:24:04
2999,836,585,4,"Decent, but I have seen better.",2025-10-20 11:37:37,2025-10-20 11:37:37,2025-10-20 11:37:37
3000,417,416,4,Loved the soundtrack and visuals.,2025-07-30 15:04:48,2025-07-30 15:04:48,2025-07-30 15:04:48
3001,681,470,5,Really enjoyed the pacing and the cast.,2025-08-21 01:57:24,2025-08-21 01:57:24,2025-08-21 01:57:24
3002,589,229,5,"Not what I expected, but still worth it.",2026-02-18 23:46:41,2026-02-18 23:46:41,2026-02-18 23:46:41
3003,253,540,5,"Not what I expected, but still worth it.",2025-12-02 21:14:17,2025-12-02 21:14:17,2025-12-02 21:14:17
3004,621,152,2,Loved the soundtrack and visuals.,2026-01-09 00:44:31,2026-01-09 00:44:31,2026-01-09 00:44:31
3005,212,136,5,Didn't fully connect with the storyline.,2025-07-10 18:56:37,2025-07-10 18:56:37,2025-07-10 18:56:37
3006,69,46,1,Would recommend to a friend.,2025-11-13 07:19:29,2025-11-13 07:19:29,2025-11-13 07:19:29
3007,544,92,5,A bit slow to start but picked up later.,2026-01-06 11:33:27,2026-01-06 11:33:27,2026-01-06 11:33:27
3008,831,305,1,A bit slow to start but picked up later.,2026-04-14 00:43:52,2026-04-14 00:43:52,2026-04-14 00:43:52
3009,985,243,1,"Solid entry, will check out more from this title.",2026-05-23 03:20:23,2026-05-23 03:20:23,2026-05-23 03:20:23
3010,117,492,4,Would recommend to a friend.,2025-08-15 09:43:28,2025-08-15 09:43:28,2025-08-15 09:43:28
3011,961,276,3,Would recommend to a friend.,2026-05-12 02:57:55,2026-05-12 02:57:55,2026-05-12 02:57:55
3012,160,256,5,Would recommend to a friend.,2026-03-30 01:21:32,2026-03-30 01:21:32,2026-03-30 01:21:32
3013,173,274,4,Really enjoyed the pacing and the cast.,2025-06-13 09:50:57,2025-06-13 09:50:57,2025-06-13 09:50:57
3014,624,431,3,"Decent, but I have seen better.",2026-02-25 18:29:51,2026-02-25 18:29:51,2026-02-25 18:29:51
3015,307,563,2,"Great picture quality, average story.",2026-03-28 07:40:50,2026-03-28 07:40:50,2026-03-28 07:40:50
3016,591,92,3,"Not what I expected, but still worth it.",2025-08-24 08:06:14,2025-08-24 08:06:14,2025-08-24 08:06:14
3017,887,80,3,A bit slow to start but picked up later.,2026-02-28 18:54:26,2026-02-28 18:54:26,2026-02-28 18:54:26
3018,943,159,4,Didn't fully connect with the storyline.,2025-08-06 11:30:41,2025-08-06 11:30:41,2025-08-06 11:30:41
3019,756,135,1,"Solid entry, will check out more from this title.",2025-06-27 12:13:17,2025-06-27 12:13:17,2025-06-27 12:13:17
3020,294,281,5,One of the better titles in this category.,2025-10-18 11:03:59,2025-10-18 11:03:59,2025-10-18 11:03:59
3021,105,158,4,"Decent, but I have seen better.",2025-06-30 09:27:02,2025-06-30 09:27:02,2025-06-30 09:27:02
3022,342,337,4,Loved the soundtrack and visuals.,2025-12-22 09:27:27,2025-12-22 09:27:27,2025-12-22 09:27:27
3023,521,107,3,"Decent, but I have seen better.",2026-04-06 04:08:21,2026-04-06 04:08:21,2026-04-06 04:08:21
3024,203,531,4,Would recommend to a friend.,2026-05-17 22:35:26,2026-05-17 22:35:26,2026-05-17 22:35:26
3025,833,439,1,"Solid entry, will check out more from this title.",2026-04-01 07:30:48,2026-04-01 07:30:48,2026-04-01 07:30:48
3026,151,473,5,,2025-12-03 13:48:59,2025-12-03 13:48:59,2025-12-03 13:48:59
3027,293,356,5,Would recommend to a friend.,2025-11-07 13:50:30,2025-11-07 13:50:30,2025-11-07 13:50:30
3028,920,415,2,"Decent, but I have seen better.",2026-01-09 08:07:26,2026-01-09 08:07:26,2026-01-09 08:07:26
3029,148,170,5,"Not what I expected, but still worth it.",2026-01-27 19:15:13,2026-01-27 19:15:13,2026-01-27 19:15:13
3030,402,81,4,One of the better titles in this category.,2025-07-16 04:33:00,2025-07-16 04:33:00,2025-07-16 04:33:00
3031,749,268,1,One of the better titles in this category.,2025-12-15 08:30:46,2025-12-15 08:30:46,2025-12-15 08:30:46
3032,433,509,4,Didn't fully connect with the storyline.,2026-03-31 05:42:03,2026-03-31 05:42:03,2026-03-31 05:42:03
3033,340,1,3,"Decent, but I have seen better.",2026-01-22 11:18:32,2026-01-22 11:18:32,2026-01-22 11:18:32
3034,600,594,5,Loved the soundtrack and visuals.,2026-01-12 18:49:51,2026-01-12 18:49:51,2026-01-12 18:49:51
3035,493,573,4,"Decent, but I have seen better.",2026-01-31 00:42:53,2026-01-31 00:42:53,2026-01-31 00:42:53
3036,55,455,4,Really enjoyed the pacing and the cast.,2025-11-10 03:13:00,2025-11-10 03:13:00,2025-11-10 03:13:00
3037,750,563,5,One of the better titles in this category.,2025-11-10 10:13:11,2025-11-10 10:13:11,2025-11-10 10:13:11
3038,658,261,4,"Decent, but I have seen better.",2026-05-21 02:05:58,2026-05-21 02:05:58,2026-05-21 02:05:58
3039,105,445,5,A bit slow to start but picked up later.,2025-07-31 12:46:11,2025-07-31 12:46:11,2025-07-31 12:46:11
3040,861,109,4,"Solid entry, will check out more from this title.",2026-02-23 23:27:41,2026-02-23 23:27:41,2026-02-23 23:27:41
3041,290,592,4,"Solid entry, will check out more from this title.",2025-12-01 02:43:07,2025-12-01 02:43:07,2025-12-01 02:43:07
3042,710,315,5,Loved the soundtrack and visuals.,2026-01-21 18:35:28,2026-01-21 18:35:28,2026-01-21 18:35:28
3043,493,462,3,"Not what I expected, but still worth it.",2026-05-24 05:19:06,2026-05-24 05:19:06,2026-05-24 05:19:06
3044,285,10,2,A bit slow to start but picked up later.,2026-03-31 03:22:34,2026-03-31 03:22:34,2026-03-31 03:22:34
3045,915,122,5,,2025-07-21 14:27:50,2025-07-21 14:27:50,2025-07-21 14:27:50
3046,61,384,4,"Not what I expected, but still worth it.",2025-11-18 14:28:13,2025-11-18 14:28:13,2025-11-18 14:28:13
3047,864,52,1,Loved the soundtrack and visuals.,2025-06-25 01:37:40,2025-06-25 01:37:40,2025-06-25 01:37:40
3048,414,203,4,Loved the soundtrack and visuals.,2026-05-31 00:56:34,2026-05-31 00:56:34,2026-05-31 00:56:34
3049,547,331,4,Would recommend to a friend.,2026-05-20 02:15:15,2026-05-20 02:15:15,2026-05-20 02:15:15
3050,494,277,5,A bit slow to start but picked up later.,2026-02-28 19:16:33,2026-02-28 19:16:33,2026-02-28 19:16:33
3051,822,104,3,"Great picture quality, average story.",2025-10-31 01:11:30,2025-10-31 01:11:30,2025-10-31 01:11:30
3052,364,41,5,"Not what I expected, but still worth it.",2025-06-08 10:53:22,2025-06-08 10:53:22,2025-06-08 10:53:22
3053,350,236,5,"Not what I expected, but still worth it.",2025-06-12 04:21:27,2025-06-12 04:21:27,2025-06-12 04:21:27
3054,980,446,4,"Decent, but I have seen better.",2025-06-11 00:14:01,2025-06-11 00:14:01,2025-06-11 00:14:01
3055,36,298,3,Loved the soundtrack and visuals.,2025-07-09 23:03:47,2025-07-09 23:03:47,2025-07-09 23:03:47
3056,772,316,4,A bit slow to start but picked up later.,2026-05-17 19:21:23,2026-05-17 19:21:23,2026-05-17 19:21:23
3057,164,225,4,"Decent, but I have seen better.",2026-05-18 03:17:44,2026-05-18 03:17:44,2026-05-18 03:17:44
3058,367,56,4,"Not what I expected, but still worth it.",2026-05-30 10:22:17,2026-05-30 10:22:17,2026-05-30 10:22:17
3059,781,346,5,"Not what I expected, but still worth it.",2025-12-14 09:04:24,2025-12-14 09:04:24,2025-12-14 09:04:24
3060,98,59,4,One of the better titles in this category.,2026-05-31 18:47:21,2026-05-31 18:47:21,2026-05-31 18:47:21
3061,619,344,5,Didn't fully connect with the storyline.,2025-08-05 06:06:33,2025-08-05 06:06:33,2025-08-05 06:06:33
3062,384,552,5,A bit slow to start but picked up later.,2026-04-09 18:02:05,2026-04-09 18:02:05,2026-04-09 18:02:05
3063,925,196,5,,2026-04-23 06:00:35,2026-04-23 06:00:35,2026-04-23 06:00:35
3064,300,220,4,"Solid entry, will check out more from this title.",2025-10-27 16:53:35,2025-10-27 16:53:35,2025-10-27 16:53:35
3065,870,579,5,Loved the soundtrack and visuals.,2025-11-26 01:33:20,2025-11-26 01:33:20,2025-11-26 01:33:20
3066,346,87,4,"Decent, but I have seen better.",2026-04-22 03:24:32,2026-04-22 03:24:32,2026-04-22 03:24:32
3067,362,115,4,Loved the soundtrack and visuals.,2025-08-28 10:29:09,2025-08-28 10:29:09,2025-08-28 10:29:09
3068,377,459,2,Loved the soundtrack and visuals.,2025-08-08 21:21:06,2025-08-08 21:21:06,2025-08-08 21:21:06
3069,731,523,1,"Solid entry, will check out more from this title.",2025-09-19 14:33:08,2025-09-19 14:33:08,2025-09-19 14:33:08
3070,215,554,5,A bit slow to start but picked up later.,2025-11-10 22:23:25,2025-11-10 22:23:25,2025-11-10 22:23:25
3071,557,164,5,Really enjoyed the pacing and the cast.,2026-02-02 21:15:01,2026-02-02 21:15:01,2026-02-02 21:15:01
3072,321,269,4,Really enjoyed the pacing and the cast.,2025-07-14 07:16:03,2025-07-14 07:16:03,2025-07-14 07:16:03
3073,667,487,4,Didn't fully connect with the storyline.,2025-10-16 05:48:56,2025-10-16 05:48:56,2025-10-16 05:48:56
3074,574,506,5,Loved the soundtrack and visuals.,2025-06-24 12:00:35,2025-06-24 12:00:35,2025-06-24 12:00:35
3075,102,322,3,A bit slow to start but picked up later.,2025-11-06 15:18:35,2025-11-06 15:18:35,2025-11-06 15:18:35
3076,577,228,5,"Decent, but I have seen better.",2026-01-19 14:16:21,2026-01-19 14:16:21,2026-01-19 14:16:21
3077,381,74,5,"Great picture quality, average story.",2025-07-25 18:27:27,2025-07-25 18:27:27,2025-07-25 18:27:27
3078,520,359,5,"Solid entry, will check out more from this title.",2026-02-24 11:43:46,2026-02-24 11:43:46,2026-02-24 11:43:46
3079,951,25,5,"Decent, but I have seen better.",2025-06-10 17:04:09,2025-06-10 17:04:09,2025-06-10 17:04:09
3080,269,429,3,"Decent, but I have seen better.",2026-04-01 10:29:40,2026-04-01 10:29:40,2026-04-01 10:29:40
3081,582,157,4,Didn't fully connect with the storyline.,2026-05-16 19:00:37,2026-05-16 19:00:37,2026-05-16 19:00:37
3082,924,60,5,"Solid entry, will check out more from this title.",2025-09-18 23:42:20,2025-09-18 23:42:20,2025-09-18 23:42:20
3083,911,166,3,Loved the soundtrack and visuals.,2025-11-08 04:43:49,2025-11-08 04:43:49,2025-11-08 04:43:49
3084,612,138,1,"Solid entry, will check out more from this title.",2026-02-06 02:24:43,2026-02-06 02:24:43,2026-02-06 02:24:43
3085,277,395,5,"Decent, but I have seen better.",2026-02-27 23:51:24,2026-02-27 23:51:24,2026-02-27 23:51:24
3086,335,507,2,One of the better titles in this category.,2025-06-16 21:22:24,2025-06-16 21:22:24,2025-06-16 21:22:24
3087,666,358,3,One of the better titles in this category.,2025-12-28 08:19:29,2025-12-28 08:19:29,2025-12-28 08:19:29
3088,725,315,4,"Not what I expected, but still worth it.",2025-06-16 03:28:07,2025-06-16 03:28:07,2025-06-16 03:28:07
3089,423,222,4,Would recommend to a friend.,2026-03-22 00:12:39,2026-03-22 00:12:39,2026-03-22 00:12:39
3090,510,183,5,"Great picture quality, average story.",2026-03-11 04:12:05,2026-03-11 04:12:05,2026-03-11 04:12:05
3091,242,525,5,Loved the soundtrack and visuals.,2026-03-18 05:27:11,2026-03-18 05:27:11,2026-03-18 05:27:11
3092,718,229,4,Would recommend to a friend.,2025-11-30 22:17:27,2025-11-30 22:17:27,2025-11-30 22:17:27
3093,331,74,2,"Solid entry, will check out more from this title.",2025-10-29 20:11:38,2025-10-29 20:11:38,2025-10-29 20:11:38
3094,909,210,3,Loved the soundtrack and visuals.,2026-03-28 01:55:34,2026-03-28 01:55:34,2026-03-28 01:55:34
3095,502,412,4,"Solid entry, will check out more from this title.",2025-07-13 12:42:20,2025-07-13 12:42:20,2025-07-13 12:42:20
3096,699,588,3,,2026-01-26 10:03:52,2026-01-26 10:03:52,2026-01-26 10:03:52
3097,445,474,3,"Not what I expected, but still worth it.",2025-10-11 06:17:26,2025-10-11 06:17:26,2025-10-11 06:17:26
3098,679,183,5,Really enjoyed the pacing and the cast.,2025-11-28 08:03:40,2025-11-28 08:03:40,2025-11-28 08:03:40
3099,911,487,4,"Not what I expected, but still worth it.",2026-03-08 23:58:17,2026-03-08 23:58:17,2026-03-08 23:58:17
3100,96,157,1,A bit slow to start but picked up later.,2025-09-17 19:51:33,2025-09-17 19:51:33,2025-09-17 19:51:33
3101,466,377,4,"Great picture quality, average story.",2026-04-05 12:36:40,2026-04-05 12:36:40,2026-04-05 12:36:40
3102,394,338,4,"Decent, but I have seen better.",2026-03-03 20:12:04,2026-03-03 20:12:04,2026-03-03 20:12:04
3103,351,384,5,,2025-06-30 16:01:05,2025-06-30 16:01:05,2025-06-30 16:01:05
3104,764,190,3,Didn't fully connect with the storyline.,2026-02-25 18:23:00,2026-02-25 18:23:00,2026-02-25 18:23:00
3105,857,464,4,Didn't fully connect with the storyline.,2025-06-09 19:41:16,2025-06-09 19:41:16,2025-06-09 19:41:16
3106,855,353,2,Would recommend to a friend.,2026-01-27 15:55:01,2026-01-27 15:55:01,2026-01-27 15:55:01
3107,83,227,4,Didn't fully connect with the storyline.,2026-05-16 10:45:41,2026-05-16 10:45:41,2026-05-16 10:45:41
3108,733,419,3,"Solid entry, will check out more from this title.",2026-04-02 20:56:25,2026-04-02 20:56:25,2026-04-02 20:56:25
3109,564,558,3,Would recommend to a friend.,2025-06-15 14:53:52,2025-06-15 14:53:52,2025-06-15 14:53:52
3110,454,188,5,Would recommend to a friend.,2025-08-13 00:39:23,2025-08-13 00:39:23,2025-08-13 00:39:23
3111,652,489,3,"Great picture quality, average story.",2026-05-15 00:27:35,2026-05-15 00:27:35,2026-05-15 00:27:35
3112,193,357,5,"Not what I expected, but still worth it.",2026-05-31 00:57:39,2026-05-31 00:57:39,2026-05-31 00:57:39
3113,4,520,4,"Decent, but I have seen better.",2026-01-27 04:13:04,2026-01-27 04:13:04,2026-01-27 04:13:04
3114,533,579,5,A bit slow to start but picked up later.,2025-11-20 20:56:50,2025-11-20 20:56:50,2025-11-20 20:56:50
3115,627,397,3,Really enjoyed the pacing and the cast.,2026-04-25 00:04:13,2026-04-25 00:04:13,2026-04-25 00:04:13
3116,265,366,5,A bit slow to start but picked up later.,2025-11-14 06:56:57,2025-11-14 06:56:57,2025-11-14 06:56:57
3117,737,203,5,A bit slow to start but picked up later.,2025-06-11 21:46:04,2025-06-11 21:46:04,2025-06-11 21:46:04
3118,1000,52,3,"Great picture quality, average story.",2025-12-18 01:28:22,2025-12-18 01:28:22,2025-12-18 01:28:22
3119,47,579,5,Didn't fully connect with the storyline.,2026-03-09 11:56:56,2026-03-09 11:56:56,2026-03-09 11:56:56
3120,876,167,4,"Solid entry, will check out more from this title.",2025-08-01 04:41:20,2025-08-01 04:41:20,2025-08-01 04:41:20
3121,599,41,2,Would recommend to a friend.,2026-04-24 04:16:55,2026-04-24 04:16:55,2026-04-24 04:16:55
3122,830,564,3,"Solid entry, will check out more from this title.",2026-04-30 09:04:47,2026-04-30 09:04:47,2026-04-30 09:04:47
3123,170,88,5,Would recommend to a friend.,2025-07-10 12:57:01,2025-07-10 12:57:01,2025-07-10 12:57:01
3124,617,50,5,One of the better titles in this category.,2025-10-23 20:02:52,2025-10-23 20:02:52,2025-10-23 20:02:52
3125,932,367,5,Loved the soundtrack and visuals.,2025-10-31 06:55:47,2025-10-31 06:55:47,2025-10-31 06:55:47
3126,689,464,4,"Decent, but I have seen better.",2026-03-22 00:32:43,2026-03-22 00:32:43,2026-03-22 00:32:43
3127,242,342,5,Would recommend to a friend.,2025-11-11 07:46:37,2025-11-11 07:46:37,2025-11-11 07:46:37
3128,942,341,4,One of the better titles in this category.,2026-03-16 23:19:13,2026-03-16 23:19:13,2026-03-16 23:19:13
3129,480,298,3,"Solid entry, will check out more from this title.",2025-11-15 18:03:53,2025-11-15 18:03:53,2025-11-15 18:03:53
3130,401,365,1,Would recommend to a friend.,2025-07-24 14:43:57,2025-07-24 14:43:57,2025-07-24 14:43:57
3131,221,432,5,Really enjoyed the pacing and the cast.,2025-10-02 09:28:25,2025-10-02 09:28:25,2025-10-02 09:28:25
3132,673,459,4,"Great picture quality, average story.",2025-10-11 20:18:45,2025-10-11 20:18:45,2025-10-11 20:18:45
3133,647,465,3,"Solid entry, will check out more from this title.",2025-12-20 22:06:40,2025-12-20 22:06:40,2025-12-20 22:06:40
3134,118,157,4,Loved the soundtrack and visuals.,2025-11-02 04:10:56,2025-11-02 04:10:56,2025-11-02 04:10:56
3135,616,345,5,"Decent, but I have seen better.",2026-02-02 14:44:52,2026-02-02 14:44:52,2026-02-02 14:44:52
3136,786,507,4,Really enjoyed the pacing and the cast.,2026-02-17 00:08:39,2026-02-17 00:08:39,2026-02-17 00:08:39
3137,647,31,1,Loved the soundtrack and visuals.,2025-08-12 08:26:35,2025-08-12 08:26:35,2025-08-12 08:26:35
3138,929,190,5,"Not what I expected, but still worth it.",2025-06-17 08:08:06,2025-06-17 08:08:06,2025-06-17 08:08:06
3139,309,598,3,Would recommend to a friend.,2025-07-23 21:26:44,2025-07-23 21:26:44,2025-07-23 21:26:44
3140,363,12,5,Loved the soundtrack and visuals.,2025-09-07 16:37:41,2025-09-07 16:37:41,2025-09-07 16:37:41
3141,52,512,4,"Great picture quality, average story.",2026-03-21 23:42:00,2026-03-21 23:42:00,2026-03-21 23:42:00
3142,250,289,2,Loved the soundtrack and visuals.,2025-10-30 16:54:59,2025-10-30 16:54:59,2025-10-30 16:54:59
3143,8,157,5,Would recommend to a friend.,2025-06-13 23:46:50,2025-06-13 23:46:50,2025-06-13 23:46:50
3144,260,513,5,"Not what I expected, but still worth it.",2026-04-10 06:18:53,2026-04-10 06:18:53,2026-04-10 06:18:53
3145,993,267,5,"Great picture quality, average story.",2026-01-09 02:07:48,2026-01-09 02:07:48,2026-01-09 02:07:48
3146,809,329,4,"Great picture quality, average story.",2025-06-10 17:45:04,2025-06-10 17:45:04,2025-06-10 17:45:04
3147,867,402,3,"Solid entry, will check out more from this title.",2025-10-02 08:20:33,2025-10-02 08:20:33,2025-10-02 08:20:33
3148,428,429,5,One of the better titles in this category.,2025-09-29 23:17:29,2025-09-29 23:17:29,2025-09-29 23:17:29
3149,646,574,3,"Great picture quality, average story.",2025-08-16 08:26:04,2025-08-16 08:26:04,2025-08-16 08:26:04
3150,618,497,5,Would recommend to a friend.,2026-01-18 18:45:11,2026-01-18 18:45:11,2026-01-18 18:45:11
3151,471,169,5,A bit slow to start but picked up later.,2025-09-27 11:20:46,2025-09-27 11:20:46,2025-09-27 11:20:46
3152,142,89,5,"Solid entry, will check out more from this title.",2025-07-14 19:29:29,2025-07-14 19:29:29,2025-07-14 19:29:29
3153,551,11,1,Loved the soundtrack and visuals.,2025-10-12 04:56:11,2025-10-12 04:56:11,2025-10-12 04:56:11
3154,180,396,4,"Decent, but I have seen better.",2025-11-21 18:20:17,2025-11-21 18:20:17,2025-11-21 18:20:17
3155,983,204,4,Would recommend to a friend.,2026-02-20 07:24:18,2026-02-20 07:24:18,2026-02-20 07:24:18
3156,254,355,0,Didn't fully connect with the storyline.,2025-10-06 22:27:40,2025-10-06 22:27:40,2025-10-06 22:27:40
3157,378,117,5,"Not what I expected, but still worth it.",2026-04-16 01:39:44,2026-04-16 01:39:44,2026-04-16 01:39:44
3158,711,551,5,"Great picture quality, average story.",2025-09-28 21:25:46,2025-09-28 21:25:46,2025-09-28 21:25:46
3159,333,243,5,"Solid entry, will check out more from this title.",2025-10-13 19:35:57,2025-10-13 19:35:57,2025-10-13 19:35:57
3160,262,21,5,Really enjoyed the pacing and the cast.,2025-11-28 01:10:05,2025-11-28 01:10:05,2025-11-28 01:10:05
3161,19,264,3,Didn't fully connect with the storyline.,2026-03-19 23:04:33,2026-03-19 23:04:33,2026-03-19 23:04:33
3162,757,133,5,"Decent, but I have seen better.",2026-05-12 01:19:15,2026-05-12 01:19:15,2026-05-12 01:19:15
3163,454,258,3,"Solid entry, will check out more from this title.",2026-02-13 10:25:11,2026-02-13 10:25:11,2026-02-13 10:25:11
3164,284,145,5,Really enjoyed the pacing and the cast.,2025-07-07 17:36:55,2025-07-07 17:36:55,2025-07-07 17:36:55
3165,350,406,3,One of the better titles in this category.,2026-03-11 06:42:22,2026-03-11 06:42:22,2026-03-11 06:42:22
3166,447,177,5,,2026-02-04 10:11:32,2026-02-04 10:11:32,2026-02-04 10:11:32
3167,784,507,3,Loved the soundtrack and visuals.,2025-09-17 13:41:31,2025-09-17 13:41:31,2025-09-17 13:41:31
3168,881,433,5,A bit slow to start but picked up later.,2026-04-13 18:25:34,2026-04-13 18:25:34,2026-04-13 18:25:34
3169,509,459,5,"Not what I expected, but still worth it.",2025-08-26 19:35:18,2025-08-26 19:35:18,2025-08-26 19:35:18
3170,572,151,4,"Not what I expected, but still worth it.",2025-10-09 18:54:31,2025-10-09 18:54:31,2025-10-09 18:54:31
3171,245,241,4,A bit slow to start but picked up later.,2026-02-21 00:49:35,2026-02-21 00:49:35,2026-02-21 00:49:35
3172,670,540,2,Really enjoyed the pacing and the cast.,2026-02-26 19:19:15,2026-02-26 19:19:15,2026-02-26 19:19:15
3173,509,335,0,One of the better titles in this category.,2025-11-15 02:15:43,2025-11-15 02:15:43,2025-11-15 02:15:43
3174,602,481,4,"Not what I expected, but still worth it.",2025-09-06 07:02:33,2025-09-06 07:02:33,2025-09-06 07:02:33
3175,342,86,4,One of the better titles in this category.,2025-10-04 18:29:24,2025-10-04 18:29:24,2025-10-04 18:29:24
3176,888,423,4,"Not what I expected, but still worth it.",2025-09-12 07:47:46,2025-09-12 07:47:46,2025-09-12 07:47:46
3177,81,393,5,Loved the soundtrack and visuals.,2025-12-29 07:35:17,2025-12-29 07:35:17,2025-12-29 07:35:17
3178,710,257,1,"Great picture quality, average story.",2026-03-22 02:47:16,2026-03-22 02:47:16,2026-03-22 02:47:16
3179,22,9,3,"Great picture quality, average story.",2025-07-21 13:57:26,2025-07-21 13:57:26,2025-07-21 13:57:26
3180,355,405,2,"Decent, but I have seen better.",2026-03-11 20:13:18,2026-03-11 20:13:18,2026-03-11 20:13:18
3181,453,479,4,Really enjoyed the pacing and the cast.,2026-03-06 14:31:45,2026-03-06 14:31:45,2026-03-06 14:31:45
3182,837,140,4,Really enjoyed the pacing and the cast.,2025-07-28 05:47:34,2025-07-28 05:47:34,2025-07-28 05:47:34
3183,489,59,4,Would recommend to a friend.,2026-03-18 19:02:03,2026-03-18 19:02:03,2026-03-18 19:02:03
3184,75,195,5,Would recommend to a friend.,2025-09-15 09:26:34,2025-09-15 09:26:34,2025-09-15 09:26:34
3185,12,25,5,Really enjoyed the pacing and the cast.,2026-01-08 23:14:44,2026-01-08 23:14:44,2026-01-08 23:14:44
3186,741,259,3,A bit slow to start but picked up later.,2026-05-05 19:15:36,2026-05-05 19:15:36,2026-05-05 19:15:36
3187,121,188,5,One of the better titles in this category.,2025-06-14 17:01:10,2025-06-14 17:01:10,2025-06-14 17:01:10
3188,604,402,4,Loved the soundtrack and visuals.,2025-10-17 02:20:53,2025-10-17 02:20:53,2025-10-17 02:20:53
3189,363,514,2,"Solid entry, will check out more from this title.",2026-04-18 23:32:29,2026-04-18 23:32:29,2026-04-18 23:32:29
3190,83,398,5,Loved the soundtrack and visuals.,2025-06-14 06:48:01,2025-06-14 06:48:01,2025-06-14 06:48:01
3191,409,2,1,"Not what I expected, but still worth it.",2026-01-17 03:59:12,2026-01-17 03:59:12,2026-01-17 03:59:12
3192,345,55,5,Would recommend to a friend.,2026-04-16 12:08:54,2026-04-16 12:08:54,2026-04-16 12:08:54
3193,430,84,2,"Great picture quality, average story.",2026-02-12 06:27:05,2026-02-12 06:27:05,2026-02-12 06:27:05
3194,53,331,5,One of the better titles in this category.,2025-10-16 10:44:44,2025-10-16 10:44:44,2025-10-16 10:44:44
3195,345,549,1,"Not what I expected, but still worth it.",2025-12-20 14:18:41,2025-12-20 14:18:41,2025-12-20 14:18:41
3196,804,43,4,"Decent, but I have seen better.",2026-03-04 17:40:56,2026-03-04 17:40:56,2026-03-04 17:40:56
3197,160,235,3,A bit slow to start but picked up later.,2025-08-05 20:27:47,2025-08-05 20:27:47,2025-08-05 20:27:47
3198,884,426,4,,2025-09-08 04:11:18,2025-09-08 04:11:18,2025-09-08 04:11:18
3199,712,367,2,A bit slow to start but picked up later.,2025-09-19 05:28:06,2025-09-19 05:28:06,2025-09-19 05:28:06
3200,553,244,2,"Great picture quality, average story.",2025-08-25 16:13:36,2025-08-25 16:13:36,2025-08-25 16:13:36
3201,831,600,3,Would recommend to a friend.,2025-08-18 01:37:11,2025-08-18 01:37:11,2025-08-18 01:37:11
3202,989,480,4,"Solid entry, will check out more from this title.",2025-07-28 12:05:38,2025-07-28 12:05:38,2025-07-28 12:05:38
3203,553,587,4,Really enjoyed the pacing and the cast.,2025-09-15 01:05:13,2025-09-15 01:05:13,2025-09-15 01:05:13
3204,954,478,5,"Decent, but I have seen better.",2025-06-21 03:56:39,2025-06-21 03:56:39,2025-06-21 03:56:39
3205,122,11,5,Loved the soundtrack and visuals.,2026-03-24 17:03:12,2026-03-24 17:03:12,2026-03-24 17:03:12
3206,201,407,4,Loved the soundtrack and visuals.,2025-07-24 23:08:51,2025-07-24 23:08:51,2025-07-24 23:08:51
3207,515,401,4,"Solid entry, will check out more from this title.",2026-05-11 06:33:15,2026-05-11 06:33:15,2026-05-11 06:33:15
3208,41,575,5,"Decent, but I have seen better.",2025-06-20 02:46:50,2025-06-20 02:46:50,2025-06-20 02:46:50
3209,147,168,2,"Decent, but I have seen better.",2026-01-26 01:01:44,2026-01-26 01:01:44,2026-01-26 01:01:44
3210,599,365,5,"Decent, but I have seen better.",2025-12-22 22:40:58,2025-12-22 22:40:58,2025-12-22 22:40:58
3211,994,438,4,A bit slow to start but picked up later.,2025-11-20 19:16:41,2025-11-20 19:16:41,2025-11-20 19:16:41
3212,986,373,4,Didn't fully connect with the storyline.,2025-12-03 19:44:44,2025-12-03 19:44:44,2025-12-03 19:44:44
3213,358,450,5,"Great picture quality, average story.",2026-03-01 16:41:57,2026-03-01 16:41:57,2026-03-01 16:41:57
3214,140,499,3,"Not what I expected, but still worth it.",2026-04-10 04:23:06,2026-04-10 04:23:06,2026-04-10 04:23:06
3215,85,109,3,Would recommend to a friend.,2025-08-24 10:47:23,2025-08-24 10:47:23,2025-08-24 10:47:23
3216,121,429,3,Would recommend to a friend.,2025-08-24 01:23:04,2025-08-24 01:23:04,2025-08-24 01:23:04
3217,238,320,5,"Decent, but I have seen better.",2026-03-25 00:21:39,2026-03-25 00:21:39,2026-03-25 00:21:39
3218,919,441,2,"Decent, but I have seen better.",2026-05-30 12:39:53,2026-05-30 12:39:53,2026-05-30 12:39:53
3219,891,161,4,,2025-10-31 19:52:10,2025-10-31 19:52:10,2025-10-31 19:52:10
3220,497,518,3,Really enjoyed the pacing and the cast.,2025-06-14 23:02:36,2025-06-14 23:02:36,2025-06-14 23:02:36
3221,898,557,4,,2025-12-08 11:01:17,2025-12-08 11:01:17,2025-12-08 11:01:17
3222,591,194,5,"Decent, but I have seen better.",2026-01-11 08:38:43,2026-01-11 08:38:43,2026-01-11 08:38:43
3223,151,87,5,"Solid entry, will check out more from this title.",2025-08-03 17:20:49,2025-08-03 17:20:49,2025-08-03 17:20:49
3224,371,557,4,"Great picture quality, average story.",2025-10-31 19:13:21,2025-10-31 19:13:21,2025-10-31 19:13:21
3225,675,100,5,,2026-05-21 00:48:21,2026-05-21 00:48:21,2026-05-21 00:48:21
3226,218,94,2,Loved the soundtrack and visuals.,2025-12-14 19:17:31,2025-12-14 19:17:31,2025-12-14 19:17:31
3227,590,409,4,Didn't fully connect with the storyline.,2025-08-15 23:14:16,2025-08-15 23:14:16,2025-08-15 23:14:16
3228,635,548,4,Would recommend to a friend.,2026-02-12 12:13:44,2026-02-12 12:13:44,2026-02-12 12:13:44
3229,885,361,5,Really enjoyed the pacing and the cast.,2026-03-26 16:13:48,2026-03-26 16:13:48,2026-03-26 16:13:48
3230,593,532,1,"Solid entry, will check out more from this title.",2026-02-07 06:41:14,2026-02-07 06:41:14,2026-02-07 06:41:14
3231,558,195,5,Would recommend to a friend.,2026-05-31 18:00:27,2026-05-31 18:00:27,2026-05-31 18:00:27
3232,919,271,4,Really enjoyed the pacing and the cast.,2026-02-15 21:28:23,2026-02-15 21:28:23,2026-02-15 21:28:23
3233,26,410,3,"Solid entry, will check out more from this title.",2025-12-09 05:41:14,2025-12-09 05:41:14,2025-12-09 05:41:14
3234,424,354,5,"Solid entry, will check out more from this title.",2025-12-24 05:46:23,2025-12-24 05:46:23,2025-12-24 05:46:23
3235,201,264,3,"Great picture quality, average story.",2026-01-17 07:26:09,2026-01-17 07:26:09,2026-01-17 07:26:09
3236,545,313,4,Would recommend to a friend.,2026-05-22 01:10:44,2026-05-22 01:10:44,2026-05-22 01:10:44
3237,107,108,5,Would recommend to a friend.,2026-03-07 03:51:58,2026-03-07 03:51:58,2026-03-07 03:51:58
3238,108,234,5,One of the better titles in this category.,2025-10-03 11:18:41,2025-10-03 11:18:41,2025-10-03 11:18:41
3239,433,571,4,"Solid entry, will check out more from this title.",2025-12-17 03:35:08,2025-12-17 03:35:08,2025-12-17 03:35:08
3240,860,71,4,"Solid entry, will check out more from this title.",2026-02-19 08:29:13,2026-02-19 08:29:13,2026-02-19 08:29:13
3241,590,307,5,Didn't fully connect with the storyline.,2026-04-25 03:16:29,2026-04-25 03:16:29,2026-04-25 03:16:29
3242,893,336,5,Really enjoyed the pacing and the cast.,2025-08-15 20:03:15,2025-08-15 20:03:15,2025-08-15 20:03:15
3243,198,238,4,Would recommend to a friend.,2025-07-26 11:31:09,2025-07-26 11:31:09,2025-07-26 11:31:09
3244,495,22,4,Would recommend to a friend.,2025-06-22 11:24:09,2025-06-22 11:24:09,2025-06-22 11:24:09
3245,885,273,3,Didn't fully connect with the storyline.,2026-01-13 17:43:28,2026-01-13 17:43:28,2026-01-13 17:43:28
3246,499,198,5,"Solid entry, will check out more from this title.",2025-08-19 15:37:28,2025-08-19 15:37:28,2025-08-19 15:37:28
3247,613,257,5,"Decent, but I have seen better.",2026-02-26 06:15:02,2026-02-26 06:15:02,2026-02-26 06:15:02
3248,663,68,3,"Solid entry, will check out more from this title.",2026-01-08 15:38:30,2026-01-08 15:38:30,2026-01-08 15:38:30
3249,529,240,5,Really enjoyed the pacing and the cast.,2025-06-16 15:39:27,2025-06-16 15:39:27,2025-06-16 15:39:27
3250,174,92,4,Loved the soundtrack and visuals.,2026-05-30 09:09:37,2026-05-30 09:09:37,2026-05-30 09:09:37
3251,663,228,4,Really enjoyed the pacing and the cast.,2025-10-18 09:20:43,2025-10-18 09:20:43,2025-10-18 09:20:43
3252,881,68,4,"Decent, but I have seen better.",2025-11-02 21:13:59,2025-11-02 21:13:59,2025-11-02 21:13:59
3253,83,3,3,Would recommend to a friend.,2025-12-19 19:31:32,2025-12-19 19:31:32,2025-12-19 19:31:32
3254,902,137,4,Really enjoyed the pacing and the cast.,2026-04-13 17:14:15,2026-04-13 17:14:15,2026-04-13 17:14:15
3255,993,88,3,Didn't fully connect with the storyline.,2026-03-29 05:40:31,2026-03-29 05:40:31,2026-03-29 05:40:31
3256,434,261,4,"Decent, but I have seen better.",2025-09-14 10:09:46,2025-09-14 10:09:46,2025-09-14 10:09:46
3257,260,239,5,Loved the soundtrack and visuals.,2025-07-12 12:53:56,2025-07-12 12:53:56,2025-07-12 12:53:56
3258,817,255,5,One of the better titles in this category.,2025-06-21 15:07:24,2025-06-21 15:07:24,2025-06-21 15:07:24
3259,807,155,2,Loved the soundtrack and visuals.,2025-07-24 20:01:24,2025-07-24 20:01:24,2025-07-24 20:01:24
3260,913,307,5,"Great picture quality, average story.",2025-07-12 02:04:59,2025-07-12 02:04:59,2025-07-12 02:04:59
3261,328,125,5,"Great picture quality, average story.",2025-07-01 19:36:00,2025-07-01 19:36:00,2025-07-01 19:36:00
3262,134,207,5,"Not what I expected, but still worth it.",2026-04-11 03:38:50,2026-04-11 03:38:50,2026-04-11 03:38:50
3263,204,320,5,One of the better titles in this category.,2026-05-19 04:22:37,2026-05-19 04:22:37,2026-05-19 04:22:37
3264,777,211,4,"Not what I expected, but still worth it.",2025-11-10 14:49:25,2025-11-10 14:49:25,2025-11-10 14:49:25
3265,743,326,3,Loved the soundtrack and visuals.,2026-02-18 20:58:59,2026-02-18 20:58:59,2026-02-18 20:58:59
3266,272,74,2,"Great picture quality, average story.",2026-01-01 21:45:49,2026-01-01 21:45:49,2026-01-01 21:45:49
3267,693,136,1,Really enjoyed the pacing and the cast.,2025-10-29 23:06:07,2025-10-29 23:06:07,2025-10-29 23:06:07
3268,749,276,4,Really enjoyed the pacing and the cast.,2025-11-30 04:37:46,2025-11-30 04:37:46,2025-11-30 04:37:46
3269,648,529,4,One of the better titles in this category.,2025-08-16 01:27:31,2025-08-16 01:27:31,2025-08-16 01:27:31
3270,132,435,4,"Solid entry, will check out more from this title.",2026-04-20 06:59:15,2026-04-20 06:59:15,2026-04-20 06:59:15
3271,553,279,5,"Solid entry, will check out more from this title.",2025-07-19 17:44:23,2025-07-19 17:44:23,2025-07-19 17:44:23
3272,885,545,3,Really enjoyed the pacing and the cast.,2026-03-27 21:32:12,2026-03-27 21:32:12,2026-03-27 21:32:12
3273,489,564,5,Didn't fully connect with the storyline.,2026-05-17 17:31:47,2026-05-17 17:31:47,2026-05-17 17:31:47
3274,105,577,5,"Great picture quality, average story.",2026-03-14 20:27:24,2026-03-14 20:27:24,2026-03-14 20:27:24
3275,145,468,5,A bit slow to start but picked up later.,2026-04-23 21:02:27,2026-04-23 21:02:27,2026-04-23 21:02:27
3276,317,519,4,Really enjoyed the pacing and the cast.,2026-03-04 08:01:53,2026-03-04 08:01:53,2026-03-04 08:01:53
3277,851,212,4,Really enjoyed the pacing and the cast.,2025-11-30 18:41:34,2025-11-30 18:41:34,2025-11-30 18:41:34
3278,562,567,5,,2026-04-12 00:51:43,2026-04-12 00:51:43,2026-04-12 00:51:43
3279,288,419,2,"Solid entry, will check out more from this title.",2025-09-18 03:43:44,2025-09-18 03:43:44,2025-09-18 03:43:44
3280,171,529,5,A bit slow to start but picked up later.,2025-09-30 00:53:35,2025-09-30 00:53:35,2025-09-30 00:53:35
3281,656,279,5,"Decent, but I have seen better.",2025-07-07 19:56:31,2025-07-07 19:56:31,2025-07-07 19:56:31
3282,323,96,4,One of the better titles in this category.,2026-01-31 05:19:32,2026-01-31 05:19:32,2026-01-31 05:19:32
3283,233,517,2,,2026-02-02 03:31:59,2026-02-02 03:31:59,2026-02-02 03:31:59
3284,179,375,5,Would recommend to a friend.,2026-01-12 15:23:16,2026-01-12 15:23:16,2026-01-12 15:23:16
3285,463,383,5,"Not what I expected, but still worth it.",2026-01-25 16:44:05,2026-01-25 16:44:05,2026-01-25 16:44:05
3286,798,152,4,One of the better titles in this category.,2025-09-06 12:09:28,2025-09-06 12:09:28,2025-09-06 12:09:28
3287,114,317,5,A bit slow to start but picked up later.,2025-12-28 01:22:07,2025-12-28 01:22:07,2025-12-28 01:22:07
3288,887,368,5,A bit slow to start but picked up later.,2026-02-23 01:42:18,2026-02-23 01:42:18,2026-02-23 01:42:18
3289,699,109,2,One of the better titles in this category.,2026-03-02 09:44:09,2026-03-02 09:44:09,2026-03-02 09:44:09
3290,335,314,2,Really enjoyed the pacing and the cast.,2026-04-29 09:46:19,2026-04-29 09:46:19,2026-04-29 09:46:19
3291,216,74,2,"Decent, but I have seen better.",2025-06-12 00:36:17,2025-06-12 00:36:17,2025-06-12 00:36:17
3292,990,174,5,Would recommend to a friend.,2026-05-29 06:20:15,2026-05-29 06:20:15,2026-05-29 06:20:15
3293,987,589,5,Really enjoyed the pacing and the cast.,2025-12-03 08:07:47,2025-12-03 08:07:47,2025-12-03 08:07:47
3294,285,84,4,Really enjoyed the pacing and the cast.,2025-07-18 10:54:48,2025-07-18 10:54:48,2025-07-18 10:54:48
3295,653,510,5,"Not what I expected, but still worth it.",2026-05-21 18:24:35,2026-05-21 18:24:35,2026-05-21 18:24:35
3296,682,79,4,Really enjoyed the pacing and the cast.,2025-07-12 19:35:40,2025-07-12 19:35:40,2025-07-12 19:35:40
3297,433,380,4,One of the better titles in this category.,2026-05-25 07:25:42,2026-05-25 07:25:42,2026-05-25 07:25:42
3298,969,417,4,A bit slow to start but picked up later.,2025-12-20 18:53:20,2025-12-20 18:53:20,2025-12-20 18:53:20
3299,674,512,5,Didn't fully connect with the storyline.,2026-01-19 20:43:16,2026-01-19 20:43:16,2026-01-19 20:43:16
3300,201,563,4,Really enjoyed the pacing and the cast.,2025-08-08 05:01:29,2025-08-08 05:01:29,2025-08-08 05:01:29
3301,380,344,3,"Decent, but I have seen better.",2025-07-28 23:09:07,2025-07-28 23:09:07,2025-07-28 23:09:07
3302,215,565,5,Really enjoyed the pacing and the cast.,2025-10-14 02:50:16,2025-10-14 02:50:16,2025-10-14 02:50:16
3303,663,577,3,Really enjoyed the pacing and the cast.,2025-07-19 10:48:56,2025-07-19 10:48:56,2025-07-19 10:48:56
3304,377,217,3,"Decent, but I have seen better.",2026-01-16 17:21:39,2026-01-16 17:21:39,2026-01-16 17:21:39
3305,853,417,3,Really enjoyed the pacing and the cast.,2026-03-17 19:23:24,2026-03-17 19:23:24,2026-03-17 19:23:24
3306,446,388,5,Loved the soundtrack and visuals.,2026-04-01 10:15:59,2026-04-01 10:15:59,2026-04-01 10:15:59
3307,400,346,5,"Great picture quality, average story.",2025-09-28 13:56:06,2025-09-28 13:56:06,2025-09-28 13:56:06
3308,501,283,4,Really enjoyed the pacing and the cast.,2025-06-28 23:32:43,2025-06-28 23:32:43,2025-06-28 23:32:43
3309,372,324,5,Loved the soundtrack and visuals.,2026-03-26 15:59:50,2026-03-26 15:59:50,2026-03-26 15:59:50
3310,977,405,5,,2026-05-26 11:22:25,2026-05-26 11:22:25,2026-05-26 11:22:25
3311,515,574,5,"Not what I expected, but still worth it.",2025-08-18 23:46:05,2025-08-18 23:46:05,2025-08-18 23:46:05
3312,544,292,3,Would recommend to a friend.,2025-07-07 03:47:38,2025-07-07 03:47:38,2025-07-07 03:47:38
3313,885,430,4,"Not what I expected, but still worth it.",2025-10-26 06:30:05,2025-10-26 06:30:05,2025-10-26 06:30:05
3314,138,137,5,"Great picture quality, average story.",2025-08-24 22:57:34,2025-08-24 22:57:34,2025-08-24 22:57:34
3315,667,311,5,Didn't fully connect with the storyline.,2025-08-13 09:10:33,2025-08-13 09:10:33,2025-08-13 09:10:33
3316,256,162,3,"Solid entry, will check out more from this title.",2026-02-18 09:16:16,2026-02-18 09:16:16,2026-02-18 09:16:16
3317,311,514,3,"Solid entry, will check out more from this title.",2025-12-26 07:49:26,2025-12-26 07:49:26,2025-12-26 07:49:26
3318,6,145,3,Didn't fully connect with the storyline.,2025-06-27 14:59:27,2025-06-27 14:59:27,2025-06-27 14:59:27
3319,485,213,3,One of the better titles in this category.,2026-01-21 02:20:01,2026-01-21 02:20:01,2026-01-21 02:20:01
3320,541,322,3,One of the better titles in this category.,2026-03-22 04:30:10,2026-03-22 04:30:10,2026-03-22 04:30:10
3321,196,200,2,Loved the soundtrack and visuals.,2026-03-07 20:09:59,2026-03-07 20:09:59,2026-03-07 20:09:59
3322,505,312,5,"Solid entry, will check out more from this title.",2025-08-22 14:03:13,2025-08-22 14:03:13,2025-08-22 14:03:13
3323,842,367,5,Didn't fully connect with the storyline.,2025-07-16 22:14:40,2025-07-16 22:14:40,2025-07-16 22:14:40
3324,835,557,5,Really enjoyed the pacing and the cast.,2025-10-05 13:41:19,2025-10-05 13:41:19,2025-10-05 13:41:19
3325,569,113,4,"Solid entry, will check out more from this title.",2026-02-17 00:46:14,2026-02-17 00:46:14,2026-02-17 00:46:14
3326,527,596,5,"Not what I expected, but still worth it.",2025-10-13 06:13:42,2025-10-13 06:13:42,2025-10-13 06:13:42
3327,479,440,4,A bit slow to start but picked up later.,2026-05-20 17:07:24,2026-05-20 17:07:24,2026-05-20 17:07:24
3328,587,246,4,"Great picture quality, average story.",2025-08-30 11:27:48,2025-08-30 11:27:48,2025-08-30 11:27:48
3329,379,466,4,"Solid entry, will check out more from this title.",2026-05-13 17:53:15,2026-05-13 17:53:15,2026-05-13 17:53:15
3330,805,436,4,Would recommend to a friend.,2025-07-17 04:54:26,2025-07-17 04:54:26,2025-07-17 04:54:26
3331,562,65,4,Would recommend to a friend.,2025-08-12 20:47:17,2025-08-12 20:47:17,2025-08-12 20:47:17
3332,20,324,4,A bit slow to start but picked up later.,2025-10-30 13:41:00,2025-10-30 13:41:00,2025-10-30 13:41:00
3333,180,49,4,Loved the soundtrack and visuals.,2025-06-13 01:45:49,2025-06-13 01:45:49,2025-06-13 01:45:49
3334,50,113,4,"Not what I expected, but still worth it.",2026-02-28 01:07:08,2026-02-28 01:07:08,2026-02-28 01:07:08
3335,320,218,4,"Great picture quality, average story.",2025-07-04 04:41:24,2025-07-04 04:41:24,2025-07-04 04:41:24
3336,604,175,5,"Decent, but I have seen better.",2025-10-20 07:07:11,2025-10-20 07:07:11,2025-10-20 07:07:11
3337,261,58,5,Loved the soundtrack and visuals.,2026-02-21 08:31:06,2026-02-21 08:31:06,2026-02-21 08:31:06
3338,579,244,4,Didn't fully connect with the storyline.,2025-08-25 18:08:23,2025-08-25 18:08:23,2025-08-25 18:08:23
3339,774,398,4,One of the better titles in this category.,2026-05-14 17:56:03,2026-05-14 17:56:03,2026-05-14 17:56:03
3340,966,472,4,"Decent, but I have seen better.",2026-03-31 06:00:08,2026-03-31 06:00:08,2026-03-31 06:00:08
3341,767,57,4,One of the better titles in this category.,2026-04-04 09:37:52,2026-04-04 09:37:52,2026-04-04 09:37:52
3342,58,508,1,"Great picture quality, average story.",2025-09-20 10:11:28,2025-09-20 10:11:28,2025-09-20 10:11:28
3343,582,378,4,One of the better titles in this category.,2026-04-15 00:26:45,2026-04-15 00:26:45,2026-04-15 00:26:45
3344,913,141,3,A bit slow to start but picked up later.,2026-01-07 02:18:59,2026-01-07 02:18:59,2026-01-07 02:18:59
3345,93,122,5,Really enjoyed the pacing and the cast.,2025-10-25 15:32:38,2025-10-25 15:32:38,2025-10-25 15:32:38
3346,316,291,4,"Solid entry, will check out more from this title.",2026-02-04 12:28:33,2026-02-04 12:28:33,2026-02-04 12:28:33
3347,374,270,5,A bit slow to start but picked up later.,2026-03-21 04:40:12,2026-03-21 04:40:12,2026-03-21 04:40:12
3348,396,72,4,A bit slow to start but picked up later.,2025-08-20 15:50:04,2025-08-20 15:50:04,2025-08-20 15:50:04
3349,446,277,4,"Decent, but I have seen better.",2025-08-29 13:18:28,2025-08-29 13:18:28,2025-08-29 13:18:28
3350,94,489,4,"Decent, but I have seen better.",2026-03-30 23:41:51,2026-03-30 23:41:51,2026-03-30 23:41:51
3351,970,279,4,"Not what I expected, but still worth it.",2026-02-15 02:32:51,2026-02-15 02:32:51,2026-02-15 02:32:51
3352,770,304,3,Really enjoyed the pacing and the cast.,2026-01-17 06:06:18,2026-01-17 06:06:18,2026-01-17 06:06:18
3353,635,409,5,Would recommend to a friend.,2025-10-01 08:45:06,2025-10-01 08:45:06,2025-10-01 08:45:06
3354,926,473,3,"Great picture quality, average story.",2025-11-21 07:09:18,2025-11-21 07:09:18,2025-11-21 07:09:18
3355,151,456,2,A bit slow to start but picked up later.,2025-06-21 15:06:17,2025-06-21 15:06:17,2025-06-21 15:06:17
3356,825,170,5,A bit slow to start but picked up later.,2025-11-28 05:40:26,2025-11-28 05:40:26,2025-11-28 05:40:26
3357,849,426,5,Would recommend to a friend.,2025-06-15 07:53:42,2025-06-15 07:53:42,2025-06-15 07:53:42
3358,787,368,4,Didn't fully connect with the storyline.,2025-12-01 21:02:37,2025-12-01 21:02:37,2025-12-01 21:02:37
3359,963,69,5,"Not what I expected, but still worth it.",2026-02-02 18:00:11,2026-02-02 18:00:11,2026-02-02 18:00:11
3360,812,81,3,Loved the soundtrack and visuals.,2026-03-19 18:29:19,2026-03-19 18:29:19,2026-03-19 18:29:19
3361,314,191,4,Loved the soundtrack and visuals.,2026-01-02 00:46:34,2026-01-02 00:46:34,2026-01-02 00:46:34
3362,578,7,5,Didn't fully connect with the storyline.,2026-01-19 09:31:01,2026-01-19 09:31:01,2026-01-19 09:31:01
3363,41,207,2,One of the better titles in this category.,2026-01-23 01:03:07,2026-01-23 01:03:07,2026-01-23 01:03:07
3364,423,484,5,Would recommend to a friend.,2025-11-11 18:18:41,2025-11-11 18:18:41,2025-11-11 18:18:41
3365,162,232,4,One of the better titles in this category.,2025-06-07 23:23:42,2025-06-07 23:23:42,2025-06-07 23:23:42
3366,609,80,3,Would recommend to a friend.,2025-09-20 02:17:22,2025-09-20 02:17:22,2025-09-20 02:17:22
3367,720,408,5,Loved the soundtrack and visuals.,2026-02-09 08:01:14,2026-02-09 08:01:14,2026-02-09 08:01:14
3368,202,415,3,"Not what I expected, but still worth it.",2026-03-18 00:10:18,2026-03-18 00:10:18,2026-03-18 00:10:18
3369,185,85,4,"Decent, but I have seen better.",2025-07-30 17:16:21,2025-07-30 17:16:21,2025-07-30 17:16:21
3370,558,116,5,"Decent, but I have seen better.",2025-08-09 09:03:35,2025-08-09 09:03:35,2025-08-09 09:03:35
3371,566,21,4,"Not what I expected, but still worth it.",2025-11-29 03:11:35,2025-11-29 03:11:35,2025-11-29 03:11:35
3372,67,238,5,Loved the soundtrack and visuals.,2026-05-02 09:09:06,2026-05-02 09:09:06,2026-05-02 09:09:06
3373,492,596,4,"Not what I expected, but still worth it.",2025-10-20 05:50:59,2025-10-20 05:50:59,2025-10-20 05:50:59
3374,959,473,5,Really enjoyed the pacing and the cast.,2025-11-03 20:08:13,2025-11-03 20:08:13,2025-11-03 20:08:13
3375,322,399,3,"Great picture quality, average story.",2025-09-27 07:21:24,2025-09-27 07:21:24,2025-09-27 07:21:24
3376,239,77,3,"Solid entry, will check out more from this title.",2025-10-25 17:33:44,2025-10-25 17:33:44,2025-10-25 17:33:44
3377,255,348,3,"Decent, but I have seen better.",2025-06-12 14:01:56,2025-06-12 14:01:56,2025-06-12 14:01:56
3378,121,159,4,"Solid entry, will check out more from this title.",2025-09-07 23:27:00,2025-09-07 23:27:00,2025-09-07 23:27:00
3379,410,200,3,"Solid entry, will check out more from this title.",2026-03-09 15:01:15,2026-03-09 15:01:15,2026-03-09 15:01:15
3380,686,492,5,"Not what I expected, but still worth it.",2025-10-26 00:59:14,2025-10-26 00:59:14,2025-10-26 00:59:14
3381,486,255,4,Loved the soundtrack and visuals.,2025-10-13 21:14:42,2025-10-13 21:14:42,2025-10-13 21:14:42
3382,897,379,4,A bit slow to start but picked up later.,2026-04-01 20:56:44,2026-04-01 20:56:44,2026-04-01 20:56:44
3383,396,135,3,One of the better titles in this category.,2026-04-11 10:05:46,2026-04-11 10:05:46,2026-04-11 10:05:46
3384,767,265,5,"Decent, but I have seen better.",2025-12-17 05:12:19,2025-12-17 05:12:19,2025-12-17 05:12:19
3385,369,125,5,Really enjoyed the pacing and the cast.,2025-12-02 19:20:38,2025-12-02 19:20:38,2025-12-02 19:20:38
3386,132,60,3,Loved the soundtrack and visuals.,2026-01-02 17:14:24,2026-01-02 17:14:24,2026-01-02 17:14:24
3387,555,10,2,A bit slow to start but picked up later.,2025-11-23 04:51:14,2025-11-23 04:51:14,2025-11-23 04:51:14
3388,656,367,5,Didn't fully connect with the storyline.,2025-11-28 21:58:23,2025-11-28 21:58:23,2025-11-28 21:58:23
3389,56,371,5,"Not what I expected, but still worth it.",2026-01-30 10:23:18,2026-01-30 10:23:18,2026-01-30 10:23:18
3390,743,316,5,Didn't fully connect with the storyline.,2026-03-04 08:03:30,2026-03-04 08:03:30,2026-03-04 08:03:30
3391,307,45,5,One of the better titles in this category.,2025-11-11 13:57:42,2025-11-11 13:57:42,2025-11-11 13:57:42
3392,730,69,1,"Not what I expected, but still worth it.",2025-09-22 20:54:19,2025-09-22 20:54:19,2025-09-22 20:54:19
3393,855,600,5,Didn't fully connect with the storyline.,2025-09-08 22:55:07,2025-09-08 22:55:07,2025-09-08 22:55:07
3394,852,514,5,"Decent, but I have seen better.",2026-01-27 17:48:38,2026-01-27 17:48:38,2026-01-27 17:48:38
3395,359,434,3,Would recommend to a friend.,2025-08-22 05:59:19,2025-08-22 05:59:19,2025-08-22 05:59:19
3396,250,448,2,One of the better titles in this category.,2025-07-23 20:02:19,2025-07-23 20:02:19,2025-07-23 20:02:19
3397,407,212,3,A bit slow to start but picked up later.,2025-10-30 03:41:12,2025-10-30 03:41:12,2025-10-30 03:41:12
3398,900,78,4,"Solid entry, will check out more from this title.",2025-06-27 13:27:22,2025-06-27 13:27:22,2025-06-27 13:27:22
3399,822,61,3,One of the better titles in this category.,2026-03-24 11:50:51,2026-03-24 11:50:51,2026-03-24 11:50:51
3400,973,257,5,Really enjoyed the pacing and the cast.,2025-09-11 19:52:21,2025-09-11 19:52:21,2025-09-11 19:52:21
3401,696,407,4,Loved the soundtrack and visuals.,2026-05-10 09:14:34,2026-05-10 09:14:34,2026-05-10 09:14:34
3402,663,302,4,A bit slow to start but picked up later.,2026-05-07 08:38:02,2026-05-07 08:38:02,2026-05-07 08:38:02
3403,614,70,5,"Decent, but I have seen better.",2026-05-27 00:22:22,2026-05-27 00:22:22,2026-05-27 00:22:22
3404,984,94,1,"Solid entry, will check out more from this title.",2025-11-15 11:24:53,2025-11-15 11:24:53,2025-11-15 11:24:53
3405,610,491,4,Didn't fully connect with the storyline.,2026-03-04 02:06:15,2026-03-04 02:06:15,2026-03-04 02:06:15
3406,441,189,3,Would recommend to a friend.,2025-09-14 22:12:41,2025-09-14 22:12:41,2025-09-14 22:12:41
3407,664,151,4,"Great picture quality, average story.",2025-11-12 01:01:22,2025-11-12 01:01:22,2025-11-12 01:01:22
3408,193,108,5,"Solid entry, will check out more from this title.",2025-10-11 08:32:42,2025-10-11 08:32:42,2025-10-11 08:32:42
3409,393,574,5,Really enjoyed the pacing and the cast.,2025-10-15 00:44:47,2025-10-15 00:44:47,2025-10-15 00:44:47
3410,160,562,5,"Decent, but I have seen better.",2025-07-21 06:13:12,2025-07-21 06:13:12,2025-07-21 06:13:12
3411,615,260,4,"Decent, but I have seen better.",2025-11-26 21:15:54,2025-11-26 21:15:54,2025-11-26 21:15:54
3412,950,218,2,Didn't fully connect with the storyline.,2026-05-12 16:32:51,2026-05-12 16:32:51,2026-05-12 16:32:51
3413,477,3,5,"Great picture quality, average story.",2025-12-29 06:22:02,2025-12-29 06:22:02,2025-12-29 06:22:02
3414,8,555,4,Really enjoyed the pacing and the cast.,2025-12-16 09:13:58,2025-12-16 09:13:58,2025-12-16 09:13:58
3415,517,537,4,Really enjoyed the pacing and the cast.,2025-12-21 03:20:15,2025-12-21 03:20:15,2025-12-21 03:20:15
3416,963,68,3,Didn't fully connect with the storyline.,2025-11-30 20:19:14,2025-11-30 20:19:14,2025-11-30 20:19:14
3417,68,498,5,"Solid entry, will check out more from this title.",2025-11-22 23:03:20,2025-11-22 23:03:20,2025-11-22 23:03:20
3418,722,570,4,"Solid entry, will check out more from this title.",2025-10-13 21:09:39,2025-10-13 21:09:39,2025-10-13 21:09:39
3419,43,151,1,"Great picture quality, average story.",2025-09-25 08:17:32,2025-09-25 08:17:32,2025-09-25 08:17:32
3420,218,128,5,Really enjoyed the pacing and the cast.,2025-12-15 20:19:04,2025-12-15 20:19:04,2025-12-15 20:19:04
3421,251,330,4,Really enjoyed the pacing and the cast.,2025-09-25 15:25:11,2025-09-25 15:25:11,2025-09-25 15:25:11
3422,425,220,3,"Solid entry, will check out more from this title.",2026-01-11 15:15:15,2026-01-11 15:15:15,2026-01-11 15:15:15
3423,934,422,4,Really enjoyed the pacing and the cast.,2026-03-26 19:33:22,2026-03-26 19:33:22,2026-03-26 19:33:22
3424,981,583,4,"Not what I expected, but still worth it.",2025-10-10 02:49:57,2025-10-10 02:49:57,2025-10-10 02:49:57
3425,87,375,3,Would recommend to a friend.,2025-11-03 04:04:15,2025-11-03 04:04:15,2025-11-03 04:04:15
3426,814,285,4,Loved the soundtrack and visuals.,2026-03-09 13:53:27,2026-03-09 13:53:27,2026-03-09 13:53:27
3427,308,257,4,"Not what I expected, but still worth it.",2026-04-06 07:29:24,2026-04-06 07:29:24,2026-04-06 07:29:24
3428,26,144,3,Really enjoyed the pacing and the cast.,2025-12-21 04:57:37,2025-12-21 04:57:37,2025-12-21 04:57:37
3429,585,157,5,"Decent, but I have seen better.",2026-03-10 09:59:33,2026-03-10 09:59:33,2026-03-10 09:59:33
3430,873,261,4,Would recommend to a friend.,2026-06-01 04:02:52,2026-06-01 04:02:52,2026-06-01 04:02:52
3431,739,115,2,"Decent, but I have seen better.",2025-08-08 22:17:41,2025-08-08 22:17:41,2025-08-08 22:17:41
3432,971,304,5,Really enjoyed the pacing and the cast.,2025-08-03 10:26:58,2025-08-03 10:26:58,2025-08-03 10:26:58
3433,892,13,3,Really enjoyed the pacing and the cast.,2025-06-19 20:49:13,2025-06-19 20:49:13,2025-06-19 20:49:13
3434,903,123,3,Didn't fully connect with the storyline.,2026-02-09 10:37:55,2026-02-09 10:37:55,2026-02-09 10:37:55
3435,901,437,3,"Decent, but I have seen better.",2025-06-11 06:22:52,2025-06-11 06:22:52,2025-06-11 06:22:52
3436,574,488,4,Didn't fully connect with the storyline.,2026-02-02 22:19:15,2026-02-02 22:19:15,2026-02-02 22:19:15
3437,590,222,4,"Solid entry, will check out more from this title.",2025-10-27 20:55:50,2025-10-27 20:55:50,2025-10-27 20:55:50
3438,552,204,3,Loved the soundtrack and visuals.,2025-06-24 19:23:11,2025-06-24 19:23:11,2025-06-24 19:23:11
3439,652,114,4,"Not what I expected, but still worth it.",2025-10-31 06:31:01,2025-10-31 06:31:01,2025-10-31 06:31:01
3440,764,186,4,"Solid entry, will check out more from this title.",2025-06-07 08:29:29,2025-06-07 08:29:29,2025-06-07 08:29:29
3441,913,401,3,"Not what I expected, but still worth it.",2026-04-11 23:40:46,2026-04-11 23:40:46,2026-04-11 23:40:46
3442,302,172,3,"Great picture quality, average story.",2026-01-17 04:24:16,2026-01-17 04:24:16,2026-01-17 04:24:16
3443,439,581,4,Would recommend to a friend.,2025-10-12 19:09:58,2025-10-12 19:09:58,2025-10-12 19:09:58
3444,893,151,4,"Solid entry, will check out more from this title.",2026-01-27 17:55:04,2026-01-27 17:55:04,2026-01-27 17:55:04
3445,837,59,5,Would recommend to a friend.,2026-03-22 21:00:49,2026-03-22 21:00:49,2026-03-22 21:00:49
3446,72,172,5,"Solid entry, will check out more from this title.",2026-01-01 03:12:57,2026-01-01 03:12:57,2026-01-01 03:12:57
3447,444,357,5,Didn't fully connect with the storyline.,2025-11-25 07:35:56,2025-11-25 07:35:56,2025-11-25 07:35:56
3448,874,243,0,"Great picture quality, average story.",2025-06-29 01:46:22,2025-06-29 01:46:22,2025-06-29 01:46:22
3449,507,399,4,Would recommend to a friend.,2026-02-05 07:14:26,2026-02-05 07:14:26,2026-02-05 07:14:26
3450,877,54,0,"Great picture quality, average story.",2025-10-16 13:29:32,2025-10-16 13:29:32,2025-10-16 13:29:32
3451,1,21,3,Would recommend to a friend.,2026-05-18 15:58:41,2026-05-18 15:58:41,2026-05-18 15:58:41
3452,255,558,5,Would recommend to a friend.,2025-06-21 02:54:11,2025-06-21 02:54:11,2025-06-21 02:54:11
3453,343,44,4,Didn't fully connect with the storyline.,2026-03-28 18:15:24,2026-03-28 18:15:24,2026-03-28 18:15:24
3454,173,300,4,A bit slow to start but picked up later.,2025-09-30 23:08:53,2025-09-30 23:08:53,2025-09-30 23:08:53
3455,243,183,5,"Decent, but I have seen better.",2025-12-16 03:50:51,2025-12-16 03:50:51,2025-12-16 03:50:51
3456,830,140,5,One of the better titles in this category.,2025-08-07 18:47:35,2025-08-07 18:47:35,2025-08-07 18:47:35
3457,253,442,4,Really enjoyed the pacing and the cast.,2026-04-21 03:37:35,2026-04-21 03:37:35,2026-04-21 03:37:35
3458,519,249,4,"Not what I expected, but still worth it.",2025-07-11 22:00:36,2025-07-11 22:00:36,2025-07-11 22:00:36
3459,635,468,4,Would recommend to a friend.,2025-12-25 02:52:49,2025-12-25 02:52:49,2025-12-25 02:52:49
3460,309,589,4,A bit slow to start but picked up later.,2026-04-18 19:47:46,2026-04-18 19:47:46,2026-04-18 19:47:46
3461,407,290,4,Loved the soundtrack and visuals.,2025-10-05 19:21:25,2025-10-05 19:21:25,2025-10-05 19:21:25
3462,238,509,4,One of the better titles in this category.,2026-04-04 00:40:31,2026-04-04 00:40:31,2026-04-04 00:40:31
3463,149,94,4,Loved the soundtrack and visuals.,2026-01-09 17:17:50,2026-01-09 17:17:50,2026-01-09 17:17:50
3464,687,195,3,One of the better titles in this category.,2026-01-29 00:14:52,2026-01-29 00:14:52,2026-01-29 00:14:52
3465,328,267,5,Didn't fully connect with the storyline.,2026-05-13 08:03:08,2026-05-13 08:03:08,2026-05-13 08:03:08
3466,367,522,4,Loved the soundtrack and visuals.,2026-03-17 11:11:18,2026-03-17 11:11:18,2026-03-17 11:11:18
3467,667,414,5,"Solid entry, will check out more from this title.",2025-12-04 08:23:42,2025-12-04 08:23:42,2025-12-04 08:23:42
3468,777,225,1,Really enjoyed the pacing and the cast.,2026-04-10 13:46:37,2026-04-10 13:46:37,2026-04-10 13:46:37
3469,743,431,2,Loved the soundtrack and visuals.,2025-12-27 20:54:36,2025-12-27 20:54:36,2025-12-27 20:54:36
3470,675,523,0,Loved the soundtrack and visuals.,2026-01-20 10:00:33,2026-01-20 10:00:33,2026-01-20 10:00:33
3471,117,292,4,"Not what I expected, but still worth it.",2025-09-13 09:00:17,2025-09-13 09:00:17,2025-09-13 09:00:17
3472,947,439,4,A bit slow to start but picked up later.,2025-09-07 15:00:49,2025-09-07 15:00:49,2025-09-07 15:00:49
3473,955,249,4,"Not what I expected, but still worth it.",2026-04-17 05:16:52,2026-04-17 05:16:52,2026-04-17 05:16:52
3474,551,44,4,A bit slow to start but picked up later.,2025-08-24 11:30:34,2025-08-24 11:30:34,2025-08-24 11:30:34
3475,841,313,5,Would recommend to a friend.,2025-07-16 18:58:20,2025-07-16 18:58:20,2025-07-16 18:58:20
3476,633,375,4,Loved the soundtrack and visuals.,2025-12-21 18:23:05,2025-12-21 18:23:05,2025-12-21 18:23:05
3477,563,414,3,A bit slow to start but picked up later.,2025-07-05 04:22:53,2025-07-05 04:22:53,2025-07-05 04:22:53
3478,784,16,4,Didn't fully connect with the storyline.,2026-01-11 13:36:19,2026-01-11 13:36:19,2026-01-11 13:36:19
3479,122,158,2,Didn't fully connect with the storyline.,2025-06-28 10:53:42,2025-06-28 10:53:42,2025-06-28 10:53:42
3480,703,264,5,Loved the soundtrack and visuals.,2025-06-07 17:44:58,2025-06-07 17:44:58,2025-06-07 17:44:58
3481,764,515,0,Would recommend to a friend.,2025-07-11 04:06:12,2025-07-11 04:06:12,2025-07-11 04:06:12
3482,498,211,5,"Not what I expected, but still worth it.",2025-12-16 09:44:42,2025-12-16 09:44:42,2025-12-16 09:44:42
3483,901,532,5,Really enjoyed the pacing and the cast.,2026-01-13 23:56:54,2026-01-13 23:56:54,2026-01-13 23:56:54
3484,576,567,3,"Not what I expected, but still worth it.",2026-02-03 22:48:32,2026-02-03 22:48:32,2026-02-03 22:48:32
3485,401,246,3,One of the better titles in this category.,2025-12-02 11:01:14,2025-12-02 11:01:14,2025-12-02 11:01:14
3486,408,58,4,Loved the soundtrack and visuals.,2025-09-15 07:42:36,2025-09-15 07:42:36,2025-09-15 07:42:36
3487,174,464,4,"Not what I expected, but still worth it.",2026-01-21 23:33:07,2026-01-21 23:33:07,2026-01-21 23:33:07
3488,196,34,1,"Great picture quality, average story.",2025-07-16 06:18:25,2025-07-16 06:18:25,2025-07-16 06:18:25
3489,973,308,5,"Not what I expected, but still worth it.",2026-02-16 16:03:52,2026-02-16 16:03:52,2026-02-16 16:03:52
3490,967,67,5,"Decent, but I have seen better.",2025-07-09 13:56:15,2025-07-09 13:56:15,2025-07-09 13:56:15
3491,510,570,4,"Decent, but I have seen better.",2025-11-03 17:50:35,2025-11-03 17:50:35,2025-11-03 17:50:35
3492,400,494,4,"Not what I expected, but still worth it.",2025-09-26 16:01:52,2025-09-26 16:01:52,2025-09-26 16:01:52
3493,927,378,4,"Decent, but I have seen better.",2026-05-08 09:23:19,2026-05-08 09:23:19,2026-05-08 09:23:19
3494,191,429,4,"Solid entry, will check out more from this title.",2026-05-26 14:42:21,2026-05-26 14:42:21,2026-05-26 14:42:21
3495,309,322,4,Didn't fully connect with the storyline.,2026-05-14 14:32:13,2026-05-14 14:32:13,2026-05-14 14:32:13
3496,549,521,2,Would recommend to a friend.,2025-10-25 18:57:55,2025-10-25 18:57:55,2025-10-25 18:57:55
3497,280,166,5,"Not what I expected, but still worth it.",2026-05-07 06:57:15,2026-05-07 06:57:15,2026-05-07 06:57:15
3498,647,202,3,"Great picture quality, average story.",2026-04-04 23:18:59,2026-04-04 23:18:59,2026-04-04 23:18:59
3499,122,108,4,Didn't fully connect with the storyline.,2025-11-02 17:10:47,2025-11-02 17:10:47,2025-11-02 17:10:47
3500,149,341,2,Loved the soundtrack and visuals.,2026-04-10 20:42:32,2026-04-10 20:42:32,2026-04-10 20:42:32
