ticket_id,customer_id,category_id,opened_date,closed_date,priority,status,created_at,updated_at
1,71,4,2026-05-25 08:34:43,2026-05-26 19:34:43,High,Closed,2026-05-25 08:34:43,2026-05-26 19:34:43
2,503,2,2026-05-27 15:25:02,,High,In Progress,2026-05-27 15:25:02,2026-05-27 15:25:02
3,377,8,2025-11-30 06:56:48,2025-12-03 00:56:48,Low,Closed,2025-11-30 06:56:48,2025-12-03 00:56:48
4,455,5,2026-03-22 11:00:43,2026-03-25 03:00:43,Low,Closed,2026-03-22 11:00:43,2026-03-25 03:00:43
5,411,5,2025-06-20 14:36:40,2025-06-23 10:36:40,Low,Closed,2025-06-20 14:36:40,2025-06-23 10:36:40
6,549,8,2026-01-22 23:21:27,2026-01-26 05:21:27,Low,Closed,2026-01-22 23:21:27,2026-01-26 05:21:27
7,972,5,2026-01-13 02:08:34,2026-01-14 20:08:34,High,Closed,2026-01-13 02:08:34,2026-01-14 20:08:34
8,963,3,2026-01-08 13:06:46,2026-01-09 05:06:46,Medium,Closed,2026-01-08 13:06:46,2026-01-09 05:06:46
9,985,6,2026-05-27 19:02:25,2026-05-28 12:02:25,Medium,Closed,2026-05-27 19:02:25,2026-05-28 12:02:25
10,152,5,2026-05-24 02:55:29,,High,Open,2026-05-24 02:55:29,2026-05-24 02:55:29
11,861,6,2025-08-18 04:20:15,2025-08-19 18:20:15,High,Closed,2025-08-18 04:20:15,2025-08-19 18:20:15
12,18,2,2026-01-04 21:51:07,2026-01-05 06:51:07,Medium,Closed,2026-01-04 21:51:07,2026-01-05 06:51:07
13,127,2,2025-08-05 13:35:38,2025-08-09 05:35:38,Low,Closed,2025-08-05 13:35:38,2025-08-09 05:35:38
14,261,4,2026-03-10 05:33:24,2026-03-12 08:33:24,Low,Closed,2026-03-10 05:33:24,2026-03-12 08:33:24
15,729,5,2026-01-15 18:43:00,2026-01-19 03:43:00,Urgent,Closed,2026-01-15 18:43:00,2026-01-19 03:43:00
16,656,1,2025-09-03 22:51:32,2025-09-04 15:51:32,Medium,Closed,2025-09-03 22:51:32,2025-09-04 15:51:32
17,174,3,2025-08-31 03:42:42,2025-08-31 14:42:42,Medium,Closed,2025-08-31 03:42:42,2025-08-31 14:42:42
18,458,5,2026-03-25 15:30:55,2026-03-27 03:30:55,Medium,Closed,2026-03-25 15:30:55,2026-03-27 03:30:55
19,960,1,2025-08-07 03:04:58,2025-08-08 18:04:58,Medium,Closed,2025-08-07 03:04:58,2025-08-08 18:04:58
20,815,4,2026-05-04 09:48:47,2026-05-07 12:48:47,Medium,Closed,2026-05-04 09:48:47,2026-05-07 12:48:47
21,380,5,2026-01-04 01:13:43,2026-01-06 18:13:43,Medium,Closed,2026-01-04 01:13:43,2026-01-06 18:13:43
22,220,8,2025-06-06 18:09:41,2025-06-10 14:09:41,Low,Closed,2025-06-06 18:09:41,2025-06-10 14:09:41
23,798,5,2025-08-16 23:09:30,,Low,In Progress,2025-08-16 23:09:30,2025-08-16 23:09:30
24,160,3,2025-06-07 22:38:15,2025-06-08 20:38:15,High,Closed,2025-06-07 22:38:15,2025-06-08 20:38:15
25,467,3,2026-03-11 08:35:31,2026-03-10 22:35:31,High,Closed,2026-03-11 08:35:31,2026-03-11 08:35:31
26,419,8,2026-03-18 02:41:58,2026-03-21 15:41:58,Low,Closed,2026-03-18 02:41:58,2026-03-21 15:41:58
27,422,2,2026-04-14 22:04:42,,Low,Open,2026-04-14 22:04:42,2026-04-14 22:04:42
28,930,3,2025-07-16 17:07:58,2025-07-19 19:07:58,Medium,Closed,2025-07-16 17:07:58,2025-07-19 19:07:58
29,766,6,2026-04-12 13:40:33,2026-04-16 12:40:33,Medium,Closed,2026-04-12 13:40:33,2026-04-16 12:40:33
30,577,7,2025-07-03 20:30:09,2025-07-06 01:30:09,High,Closed,2025-07-03 20:30:09,2025-07-06 01:30:09
31,234,8,2025-08-22 13:54:03,2025-08-23 07:54:03,Low,Closed,2025-08-22 13:54:03,2025-08-23 07:54:03
32,92,1,2025-10-06 19:11:54,2025-10-09 08:11:54,Low,Closed,2025-10-06 19:11:54,2025-10-09 08:11:54
33,444,7,2025-06-21 19:04:15,2025-06-22 02:04:15,Low,Closed,2025-06-21 19:04:15,2025-06-22 02:04:15
34,3,1,2025-08-29 23:09:45,2025-08-30 22:09:45,Low,Closed,2025-08-29 23:09:45,2025-08-30 22:09:45
35,190,5,2025-08-03 10:00:13,2025-08-05 15:00:13,Medium,Closed,2025-08-03 10:00:13,2025-08-05 15:00:13
36,351,2,2025-08-15 18:31:32,2025-08-18 01:31:32,Medium,Closed,2025-08-15 18:31:32,2025-08-18 01:31:32
37,935,3,2026-03-14 23:48:18,2026-03-16 13:48:18,Medium,Closed,2026-03-14 23:48:18,2026-03-16 13:48:18
38,479,1,2025-11-04 08:39:06,2025-11-05 16:39:06,Medium,Closed,2025-11-04 08:39:06,2025-11-05 16:39:06
39,438,4,2025-08-15 20:02:24,,High,In Progress,2025-08-15 20:02:24,2025-08-15 20:02:24
40,246,3,2026-03-03 16:14:11,,High,Open,2026-03-03 16:14:11,2026-03-03 16:14:11
41,506,5,2025-09-27 05:00:20,2025-09-27 18:00:20,Low,Closed,2025-09-27 05:00:20,2025-09-27 18:00:20
42,160,8,2025-07-09 05:56:46,2025-07-10 11:56:46,Medium,Closed,2025-07-09 05:56:46,2025-07-10 11:56:46
43,937,5,2025-12-25 08:09:49,2025-12-29 02:09:49,Urgent,Closed,2025-12-25 08:09:49,2025-12-29 02:09:49
44,263,2,2025-11-09 20:56:50,2025-11-10 05:56:50,Low,Closed,2025-11-09 20:56:50,2025-11-10 05:56:50
45,51,5,2026-04-24 23:24:03,2026-04-25 15:24:03,Medium,Closed,2026-04-24 23:24:03,2026-04-25 15:24:03
46,687,3,2025-11-13 16:03:55,2025-11-14 09:03:55,Low,Closed,2025-11-13 16:03:55,2025-11-14 09:03:55
47,328,3,2025-10-09 12:05:22,2025-10-12 03:05:22,High,Closed,2025-10-09 12:05:22,2025-10-12 03:05:22
48,732,1,2026-05-14 01:51:10,2026-05-15 13:51:10,Low,Closed,2026-05-14 01:51:10,2026-05-15 13:51:10
49,27,8,2026-02-18 11:41:34,,Low,In Progress,2026-02-18 11:41:34,2026-02-18 11:41:34
50,148,2,2026-05-24 02:27:53,2026-05-28 00:27:53,Low,Closed,2026-05-24 02:27:53,2026-05-28 00:27:53
51,492,2,2026-04-11 23:34:33,2026-04-13 01:34:33,Low,Closed,2026-04-11 23:34:33,2026-04-13 01:34:33
52,294,7,2025-06-29 23:47:46,2025-07-03 06:47:46,Low,Closed,2025-06-29 23:47:46,2025-07-03 06:47:46
53,131,6,2026-03-08 10:26:47,2026-03-12 00:26:47,Medium,Closed,2026-03-08 10:26:47,2026-03-12 00:26:47
54,355,6,2026-05-18 21:22:52,2026-05-22 02:22:52,Medium,Closed,2026-05-18 21:22:52,2026-05-22 02:22:52
55,699,1,2026-03-30 10:29:05,2026-04-03 09:29:05,High,Closed,2026-03-30 10:29:05,2026-04-03 09:29:05
56,171,4,2025-07-21 06:37:38,2025-07-22 01:37:38,Low,Closed,2025-07-21 06:37:38,2025-07-22 01:37:38
57,370,7,2025-09-06 14:12:24,2025-09-06 17:12:24,Medium,Closed,2025-09-06 14:12:24,2025-09-06 17:12:24
58,20,7,2026-05-15 17:17:08,2026-05-18 20:17:08,High,Closed,2026-05-15 17:17:08,2026-05-18 20:17:08
59,784,5,2026-03-14 23:15:47,2026-03-16 22:15:47,Medium,Closed,2026-03-14 23:15:47,2026-03-16 22:15:47
60,910,8,2025-06-17 22:02:22,2025-06-20 18:02:22,High,Closed,2025-06-17 22:02:22,2025-06-20 18:02:22
61,188,2,2026-01-11 04:06:27,2026-01-11 18:06:27,Medium,Closed,2026-01-11 04:06:27,2026-01-11 18:06:27
62,850,8,2026-01-10 20:35:01,2026-01-12 15:35:01,High,Closed,2026-01-10 20:35:01,2026-01-12 15:35:01
63,146,3,2026-01-18 13:37:17,2026-01-21 16:37:17,High,Closed,2026-01-18 13:37:17,2026-01-21 16:37:17
64,492,6,2026-01-21 10:57:27,2026-01-23 08:57:27,Medium,Closed,2026-01-21 10:57:27,2026-01-23 08:57:27
65,745,2,2025-10-05 15:24:34,2025-10-09 07:24:34,Medium,Closed,2025-10-05 15:24:34,2025-10-09 07:24:34
66,149,6,2025-08-22 13:21:31,2025-08-23 18:21:31,Medium,Closed,2025-08-22 13:21:31,2025-08-23 18:21:31
67,201,8,2026-01-27 19:16:35,2026-01-30 19:16:35,High,Closed,2026-01-27 19:16:35,2026-01-30 19:16:35
68,637,7,2025-09-29 23:49:38,2025-10-02 22:49:38,Low,Closed,2025-09-29 23:49:38,2025-10-02 22:49:38
69,169,4,2025-10-21 06:19:19,2025-10-23 17:19:19,Low,Closed,2025-10-21 06:19:19,2025-10-23 17:19:19
70,874,2,2026-02-15 21:05:58,2026-02-18 08:05:58,High,Closed,2026-02-15 21:05:58,2026-02-18 08:05:58
71,333,2,2026-04-27 17:26:09,2026-04-30 17:26:09,High,Closed,2026-04-27 17:26:09,2026-04-30 17:26:09
72,1000,4,2025-08-01 11:23:20,,Low,Open,2025-08-01 11:23:20,2025-08-01 11:23:20
73,220,4,2026-05-27 09:57:10,2026-05-28 09:57:10,Medium,Closed,2026-05-27 09:57:10,2026-05-28 09:57:10
74,440,2,2026-03-13 11:38:43,2026-03-15 12:38:43,High,Closed,2026-03-13 11:38:43,2026-03-15 12:38:43
75,413,5,2026-05-15 12:42:53,2026-05-16 09:42:53,Medium,Closed,2026-05-15 12:42:53,2026-05-16 09:42:53
76,889,1,2025-09-02 23:20:18,2025-09-04 22:20:18,Medium,Closed,2025-09-02 23:20:18,2025-09-04 22:20:18
77,697,7,2026-03-13 13:35:57,2026-03-16 06:35:57,Medium,Closed,2026-03-13 13:35:57,2026-03-16 06:35:57
78,818,4,2026-02-09 05:52:39,2026-02-09 16:52:39,High,Closed,2026-02-09 05:52:39,2026-02-09 16:52:39
79,279,5,2025-09-26 01:27:09,2025-09-29 02:27:09,Low,Closed,2025-09-26 01:27:09,2025-09-29 02:27:09
80,696,1,2026-03-02 03:50:24,2026-03-05 17:50:24,Low,Closed,2026-03-02 03:50:24,2026-03-05 17:50:24
81,482,7,2025-06-30 10:58:26,,Medium,Open,2025-06-30 10:58:26,2025-06-30 10:58:26
82,563,7,2026-05-26 06:47:28,2026-05-30 02:47:28,Low,Closed,2026-05-26 06:47:28,2026-05-30 02:47:28
83,545,5,2025-10-20 05:15:48,2025-10-22 10:15:48,Medium,Closed,2025-10-20 05:15:48,2025-10-22 10:15:48
84,748,6,2025-12-09 04:01:27,2025-12-10 19:01:27,Medium,Closed,2025-12-09 04:01:27,2025-12-10 19:01:27
85,909,7,2026-05-07 08:26:34,2026-05-07 18:26:34,Medium,Closed,2026-05-07 08:26:34,2026-05-07 18:26:34
86,848,3,2025-07-28 20:33:48,2025-07-30 09:33:48,High,Closed,2025-07-28 20:33:48,2025-07-30 09:33:48
87,103,2,2025-07-21 20:00:27,2025-07-23 03:00:27,High,Closed,2025-07-21 20:00:27,2025-07-23 03:00:27
88,885,7,2025-07-07 01:02:59,,Medium,Open,2025-07-07 01:02:59,2025-07-07 01:02:59
89,860,3,2025-07-05 23:55:22,2025-07-07 14:55:22,Medium,Closed,2025-07-05 23:55:22,2025-07-07 14:55:22
90,869,5,2025-08-03 14:57:16,2025-08-06 05:57:16,Low,Closed,2025-08-03 14:57:16,2025-08-06 05:57:16
91,619,7,2026-05-17 12:41:46,2026-05-20 13:41:46,Medium,Closed,2026-05-17 12:41:46,2026-05-20 13:41:46
92,621,7,2026-01-13 23:19:47,2026-01-14 09:19:47,Medium,Closed,2026-01-13 23:19:47,2026-01-14 09:19:47
93,526,1,2026-02-14 12:18:14,2026-02-16 14:18:14,Medium,Closed,2026-02-14 12:18:14,2026-02-16 14:18:14
94,416,7,2026-01-12 22:06:53,2026-01-14 11:06:53,High,Closed,2026-01-12 22:06:53,2026-01-14 11:06:53
95,986,7,2026-05-15 02:34:25,2026-05-16 14:34:25,Medium,Closed,2026-05-15 02:34:25,2026-05-16 14:34:25
96,913,2,2025-12-12 08:49:20,2025-12-14 14:49:20,Urgent,Closed,2025-12-12 08:49:20,2025-12-14 14:49:20
97,697,5,2026-03-29 22:17:24,2026-03-31 17:17:24,medium,Closed,2026-03-29 22:17:24,2026-03-31 17:17:24
98,49,2,2026-04-03 08:43:19,2026-04-04 01:43:19,High,Closed,2026-04-03 08:43:19,2026-04-04 01:43:19
99,26,8,2025-10-23 01:43:13,2025-10-24 17:43:13,High,Closed,2025-10-23 01:43:13,2025-10-24 17:43:13
100,251,2,2026-02-01 08:04:47,2026-02-01 11:04:47,Medium,Closed,2026-02-01 08:04:47,2026-02-01 11:04:47
101,288,7,2025-09-02 07:46:21,2025-09-05 10:46:21,Low,Closed,2025-09-02 07:46:21,2025-09-05 10:46:21
102,798,3,2025-11-17 10:31:52,2025-11-20 05:31:52,Medium,Closed,2025-11-17 10:31:52,2025-11-20 05:31:52
103,542,8,2026-03-21 20:41:22,2026-03-25 00:41:22,Low,Closed,2026-03-21 20:41:22,2026-03-25 00:41:22
104,688,2,2025-07-14 10:00:05,2025-07-18 04:00:05,Medium,Closed,2025-07-14 10:00:05,2025-07-18 04:00:05
105,845,3,2026-04-20 09:15:22,2026-04-20 17:15:22,Low,Closed,2026-04-20 09:15:22,2026-04-20 17:15:22
106,784,8,2025-11-23 17:33:19,2025-11-25 18:33:19,Low,Closed,2025-11-23 17:33:19,2025-11-25 18:33:19
107,138,5,2026-05-01 14:34:57,2026-05-03 15:34:57,Medium,Closed,2026-05-01 14:34:57,2026-05-03 15:34:57
108,720,3,2025-11-25 20:25:04,2025-11-26 08:25:04,High,Closed,2025-11-25 20:25:04,2025-11-26 08:25:04
109,250,7,2026-05-18 13:23:59,2026-05-20 11:23:59,Low,Closed,2026-05-18 13:23:59,2026-05-20 11:23:59
110,755,1,2026-02-26 06:10:31,2026-03-01 07:10:31,Urgent,Closed,2026-02-26 06:10:31,2026-03-01 07:10:31
111,683,5,2026-05-26 17:26:15,2026-05-27 09:26:15,Low,Closed,2026-05-26 17:26:15,2026-05-27 09:26:15
112,537,8,2025-06-27 04:53:05,2025-06-28 01:53:05,Low,Closed,2025-06-27 04:53:05,2025-06-28 01:53:05
113,198,3,2025-12-17 03:01:06,2025-12-20 13:01:06,High,Closed,2025-12-17 03:01:06,2025-12-20 13:01:06
114,731,1,2025-08-17 01:54:10,,Low,Open,2025-08-17 01:54:10,2025-08-17 01:54:10
115,112,4,2025-10-21 05:08:11,2025-10-22 23:08:11,Medium,Closed,2025-10-21 05:08:11,2025-10-22 23:08:11
116,781,2,2026-02-23 03:01:55,,low,Open,2026-02-23 03:01:55,2026-02-23 03:01:55
117,455,2,2025-07-10 10:25:03,2025-07-12 07:25:03,Low,Closed,2025-07-10 10:25:03,2025-07-12 07:25:03
118,201,2,2026-05-14 22:53:55,2026-05-17 08:53:55,Medium,Closed,2026-05-14 22:53:55,2026-05-17 08:53:55
119,55,2,2026-05-30 08:15:44,,Medium,Open,2026-05-30 08:15:44,2026-05-30 08:15:44
120,789,2,2025-10-18 17:51:46,2025-10-20 16:51:46,Medium,Closed,2025-10-18 17:51:46,2025-10-20 16:51:46
121,138,2,2026-02-25 15:03:47,2026-03-01 06:03:47,High,Closed,2026-02-25 15:03:47,2026-03-01 06:03:47
122,209,2,2026-01-06 10:00:47,2026-01-08 19:00:47,Medium,Closed,2026-01-06 10:00:47,2026-01-08 19:00:47
123,77,3,2025-08-05 12:33:46,2025-08-08 08:33:46,Low,Closed,2025-08-05 12:33:46,2025-08-08 08:33:46
124,385,1,2026-04-14 14:53:13,2026-04-16 08:53:13,Medium,Closed,2026-04-14 14:53:13,2026-04-16 08:53:13
125,706,4,2026-01-11 16:28:19,2026-01-12 21:28:19,Medium,Closed,2026-01-11 16:28:19,2026-01-12 21:28:19
126,873,2,2025-11-23 18:45:06,2025-11-24 12:45:06,Low,Closed,2025-11-23 18:45:06,2025-11-24 12:45:06
127,958,3,2026-01-08 13:14:23,2026-01-08 18:14:23,Medium,Closed,2026-01-08 13:14:23,2026-01-08 18:14:23
128,327,8,2025-12-03 23:43:32,2025-12-07 14:43:32,Low,Closed,2025-12-03 23:43:32,2025-12-07 14:43:32
129,281,2,2025-11-01 11:40:41,,Medium,In Progress,2025-11-01 11:40:41,2025-11-01 11:40:41
130,687,1,2025-10-05 02:40:18,2025-10-06 21:40:18,Low,Closed,2025-10-05 02:40:18,2025-10-06 21:40:18
131,135,2,2025-06-29 04:54:55,2025-07-02 07:54:55,Low,Closed,2025-06-29 04:54:55,2025-07-02 07:54:55
132,206,8,2026-03-12 10:55:46,2026-03-14 21:55:46,Low,Closed,2026-03-12 10:55:46,2026-03-14 21:55:46
133,339,8,2025-07-18 07:59:23,,High,Open,2025-07-18 07:59:23,2025-07-18 07:59:23
134,46,4,2025-06-08 13:09:56,2025-06-11 01:09:56,Medium,Closed,2025-06-08 13:09:56,2025-06-11 01:09:56
135,198,3,2026-02-19 17:44:51,2026-02-22 14:44:51,Low,Closed,2026-02-19 17:44:51,2026-02-22 14:44:51
136,953,4,2026-04-04 22:29:04,2026-04-07 10:29:04,High,Closed,2026-04-04 22:29:04,2026-04-07 10:29:04
137,171,3,2025-12-07 06:28:15,2025-12-08 08:28:15,Urgent,Closed,2025-12-07 06:28:15,2025-12-08 08:28:15
138,416,4,2025-07-12 20:51:31,2025-07-13 02:51:31,Low,Closed,2025-07-12 20:51:31,2025-07-13 02:51:31
139,300,3,2026-05-13 03:01:03,2026-05-13 23:01:03,Low,Closed,2026-05-13 03:01:03,2026-05-13 23:01:03
140,517,1,2025-11-06 00:06:00,2025-11-07 16:06:00,Low,Closed,2025-11-06 00:06:00,2025-11-07 16:06:00
141,507,3,2025-07-02 14:19:25,2025-07-03 04:19:25,Urgent,Closed,2025-07-02 14:19:25,2025-07-03 04:19:25
142,91,4,2025-10-26 01:02:59,2025-10-27 05:02:59,Low,Closed,2025-10-26 01:02:59,2025-10-27 05:02:59
143,447,1,2025-10-16 01:38:30,2025-10-18 06:38:30,Urgent,Closed,2025-10-16 01:38:30,2025-10-18 06:38:30
144,331,4,2026-01-09 21:10:05,2026-01-13 00:10:05,Medium,Closed,2026-01-09 21:10:05,2026-01-13 00:10:05
145,742,3,2025-12-24 23:01:04,2025-12-27 02:01:04,Low,Closed,2025-12-24 23:01:04,2025-12-27 02:01:04
146,604,5,2025-07-27 08:00:27,2025-07-29 02:00:27,Medium,Closed,2025-07-27 08:00:27,2025-07-29 02:00:27
147,766,6,2026-05-10 02:57:52,2026-05-12 23:57:52,Medium,Closed,2026-05-10 02:57:52,2026-05-12 23:57:52
148,403,6,2025-12-21 08:11:10,2025-12-25 05:11:10,Low,Closed,2025-12-21 08:11:10,2025-12-25 05:11:10
149,257,4,2026-05-25 15:20:40,2026-05-27 15:20:40,Low,Closed,2026-05-25 15:20:40,2026-05-27 15:20:40
150,844,3,2025-11-17 14:44:27,2025-11-18 07:44:27,High,Closed,2025-11-17 14:44:27,2025-11-18 07:44:27
151,228,7,2025-09-18 01:04:44,2025-09-19 20:04:44,Medium,Closed,2025-09-18 01:04:44,2025-09-19 20:04:44
152,661,7,2026-01-28 00:46:57,2026-01-30 10:46:57,Medium,Closed,2026-01-28 00:46:57,2026-01-30 10:46:57
153,627,2,2025-08-19 19:35:16,2025-08-22 05:35:16,Medium,Closed,2025-08-19 19:35:16,2025-08-22 05:35:16
154,669,4,2025-08-06 10:10:22,2025-08-07 22:10:22,Medium,Closed,2025-08-06 10:10:22,2025-08-07 22:10:22
155,719,6,2026-03-27 20:54:14,2026-03-28 19:54:14,High,Closed,2026-03-27 20:54:14,2026-03-28 19:54:14
156,37,7,2026-03-06 13:58:36,2026-03-07 09:58:36,Low,Closed,2026-03-06 13:58:36,2026-03-07 09:58:36
157,948,5,2025-10-24 17:45:24,2025-10-24 09:45:24,Low,Closed,2025-10-24 17:45:24,2025-10-24 17:45:24
158,311,7,2026-01-27 13:02:08,2026-01-31 03:02:08,Medium,Closed,2026-01-27 13:02:08,2026-01-31 03:02:08
159,185,5,2026-03-29 15:10:47,2026-03-31 22:10:47,Low,Closed,2026-03-29 15:10:47,2026-03-31 22:10:47
160,744,3,2026-02-09 10:34:45,2026-02-10 06:34:45,Low,Closed,2026-02-09 10:34:45,2026-02-10 06:34:45
161,324,3,2026-01-20 07:24:46,2026-01-22 12:24:46,Medium,Closed,2026-01-20 07:24:46,2026-01-22 12:24:46
162,20,8,2026-04-19 02:37:37,2026-04-21 05:37:37,Medium,Closed,2026-04-19 02:37:37,2026-04-21 05:37:37
163,756,5,2026-04-05 00:44:15,2026-04-07 07:44:15,Low,Closed,2026-04-05 00:44:15,2026-04-07 07:44:15
164,326,4,2025-07-02 02:40:31,2025-07-03 09:40:31,Medium,Closed,2025-07-02 02:40:31,2025-07-03 09:40:31
165,380,5,2025-10-20 00:03:29,2025-10-22 12:03:29,Low,Closed,2025-10-20 00:03:29,2025-10-22 12:03:29
166,300,4,2025-10-08 13:25:05,2025-10-10 21:25:05,Low,Closed,2025-10-08 13:25:05,2025-10-10 21:25:05
167,421,6,2025-06-23 09:12:46,2025-06-24 20:12:46,Low,Closed,2025-06-23 09:12:46,2025-06-24 20:12:46
168,49,8,2026-05-06 16:45:35,2026-05-07 05:45:35,Low,Closed,2026-05-06 16:45:35,2026-05-07 05:45:35
169,474,7,2026-03-17 06:15:44,2026-03-20 00:15:44,Medium,Closed,2026-03-17 06:15:44,2026-03-20 00:15:44
170,802,3,2026-05-30 01:54:46,2026-05-31 11:54:46,High,Closed,2026-05-30 01:54:46,2026-05-31 11:54:46
171,432,2,2025-11-02 10:50:50,2025-11-05 09:50:50,High,Closed,2025-11-02 10:50:50,2025-11-05 09:50:50
172,664,8,2025-07-02 20:12:18,2025-07-05 03:12:18,Medium,Closed,2025-07-02 20:12:18,2025-07-05 03:12:18
173,394,4,2025-11-21 14:06:58,2025-11-21 22:06:58,Low,Closed,2025-11-21 14:06:58,2025-11-21 22:06:58
174,844,2,2025-10-28 00:08:10,2025-10-28 04:08:10,Medium,Closed,2025-10-28 00:08:10,2025-10-28 04:08:10
175,160,7,2026-05-14 02:51:30,2026-05-14 10:51:30,High,Closed,2026-05-14 02:51:30,2026-05-14 10:51:30
176,769,8,2026-04-08 08:59:14,2026-04-09 04:59:14,Medium,Closed,2026-04-08 08:59:14,2026-04-09 04:59:14
177,639,4,2025-06-15 02:26:40,2025-06-15 19:26:40,Low,Closed,2025-06-15 02:26:40,2025-06-15 19:26:40
178,411,3,2026-01-10 06:31:23,,High,In Progress,2026-01-10 06:31:23,2026-01-10 06:31:23
179,822,3,2026-05-06 01:36:39,2026-05-08 09:36:39,Medium,Closed,2026-05-06 01:36:39,2026-05-08 09:36:39
180,16,8,2025-11-10 08:04:15,2025-11-12 02:04:15,High,Closed,2025-11-10 08:04:15,2025-11-12 02:04:15
181,42,4,2025-11-03 17:03:39,2025-11-05 16:03:39,Low,Closed,2025-11-03 17:03:39,2025-11-05 16:03:39
182,631,3,2025-08-21 09:09:11,,Low,Open,2025-08-21 09:09:11,2025-08-21 09:09:11
183,26,7,2025-06-22 19:48:05,2025-06-23 02:48:05,Low,Closed,2025-06-22 19:48:05,2025-06-23 02:48:05
184,190,7,2025-12-29 21:53:18,2026-01-01 19:53:18,Low,Closed,2025-12-29 21:53:18,2026-01-01 19:53:18
185,262,5,2026-02-03 14:49:38,2026-02-04 08:49:38,Low,Closed,2026-02-03 14:49:38,2026-02-04 08:49:38
186,401,2,2026-01-26 11:17:26,2026-01-27 07:17:26,High,Closed,2026-01-26 11:17:26,2026-01-27 07:17:26
187,932,6,2026-04-08 09:11:59,2026-04-08 14:11:59,Low,Closed,2026-04-08 09:11:59,2026-04-08 14:11:59
188,264,5,2026-01-03 08:06:21,,Medium,Open,2026-01-03 08:06:21,2026-01-03 08:06:21
189,131,5,2025-07-15 17:47:30,2025-07-19 11:47:30,Medium,Closed,2025-07-15 17:47:30,2025-07-19 11:47:30
190,712,5,2025-12-26 01:18:16,2025-12-28 13:18:16,Medium,Closed,2025-12-26 01:18:16,2025-12-28 13:18:16
191,7,8,2026-02-07 10:22:20,2026-02-09 12:22:20,Low,Closed,2026-02-07 10:22:20,2026-02-09 12:22:20
192,453,4,2026-04-25 05:52:35,2026-04-29 05:52:35,Medium,Closed,2026-04-25 05:52:35,2026-04-29 05:52:35
193,253,7,2026-03-26 06:24:29,2026-03-27 14:24:29,High,Closed,2026-03-26 06:24:29,2026-03-27 14:24:29
194,383,5,2026-04-15 14:22:46,2026-04-18 08:22:46,Low,Closed,2026-04-15 14:22:46,2026-04-18 08:22:46
195,750,8,2025-07-16 18:12:20,,Low,Open,2025-07-16 18:12:20,2025-07-16 18:12:20
196,326,1,2025-12-16 02:10:56,2025-12-18 12:10:56,Low,Closed,2025-12-16 02:10:56,2025-12-18 12:10:56
197,78,5,2025-11-29 23:41:47,2025-12-01 17:41:47,Low,Closed,2025-11-29 23:41:47,2025-12-01 17:41:47
198,216,3,2026-01-16 16:50:01,2026-01-18 14:50:01,High,Closed,2026-01-16 16:50:01,2026-01-18 14:50:01
199,977,2,2026-01-29 05:03:31,2026-01-31 11:03:31,Low,Closed,2026-01-29 05:03:31,2026-01-31 11:03:31
200,395,5,2025-08-24 09:45:20,2025-08-24 11:45:20,High,Closed,2025-08-24 09:45:20,2025-08-24 11:45:20
201,930,7,2025-12-11 20:59:30,2025-12-12 23:59:30,Low,Closed,2025-12-11 20:59:30,2025-12-12 23:59:30
202,802,5,2026-05-28 01:26:27,,Medium,In Progress,2026-05-28 01:26:27,2026-05-28 01:26:27
203,942,6,2026-04-22 21:30:49,2026-04-26 19:30:49,High,Closed,2026-04-22 21:30:49,2026-04-26 19:30:49
204,754,7,2026-03-21 01:37:34,2026-03-24 08:37:34,Medium,Closed,2026-03-21 01:37:34,2026-03-24 08:37:34
205,722,7,2025-08-07 04:51:56,2025-08-10 20:51:56,Medium,Closed,2025-08-07 04:51:56,2025-08-10 20:51:56
206,668,8,2026-03-12 15:00:13,2026-03-15 11:00:13,High,Closed,2026-03-12 15:00:13,2026-03-15 11:00:13
207,807,4,2025-06-16 14:14:59,,Urgent,In Progress,2025-06-16 14:14:59,2025-06-16 14:14:59
208,761,3,2025-06-09 23:36:33,2025-06-10 23:36:33,Medium,Closed,2025-06-09 23:36:33,2025-06-10 23:36:33
209,869,8,2025-11-06 01:12:23,,Urgent,Open,2025-11-06 01:12:23,2025-11-06 01:12:23
210,519,7,2025-10-01 09:24:37,,High,In Progress,2025-10-01 09:24:37,2025-10-01 09:24:37
211,313,1,2025-09-21 08:44:26,2025-09-22 15:44:26,Low,Closed,2025-09-21 08:44:26,2025-09-22 15:44:26
212,334,1,2026-04-30 20:50:53,2026-05-03 06:50:53,Medium,Closed,2026-04-30 20:50:53,2026-05-03 06:50:53
213,110,3,2026-02-05 00:13:45,2026-02-08 02:13:45,Low,Closed,2026-02-05 00:13:45,2026-02-08 02:13:45
214,7,7,2026-03-08 18:08:58,2026-03-09 12:08:58,High,Closed,2026-03-08 18:08:58,2026-03-09 12:08:58
215,572,7,2026-04-09 09:16:53,2026-04-11 02:16:53,Medium,Closed,2026-04-09 09:16:53,2026-04-11 02:16:53
216,671,4,2026-04-14 22:43:54,2026-04-16 17:43:54,Low,Closed,2026-04-14 22:43:54,2026-04-16 17:43:54
217,429,4,2025-11-05 05:34:10,2025-11-07 15:34:10,Low,Closed,2025-11-05 05:34:10,2025-11-07 15:34:10
218,970,5,2025-08-22 22:51:50,2025-08-24 07:51:50,High,Closed,2025-08-22 22:51:50,2025-08-24 07:51:50
219,666,7,2025-11-20 12:53:42,2025-11-21 13:53:42,Low,Closed,2025-11-20 12:53:42,2025-11-21 13:53:42
220,876,3,2025-06-19 14:25:21,2025-06-20 15:25:21,Medium,Closed,2025-06-19 14:25:21,2025-06-20 15:25:21
221,318,6,2025-09-04 17:55:59,,Medium,Open,2025-09-04 17:55:59,2025-09-04 17:55:59
222,970,6,2025-09-28 02:24:17,2025-09-29 18:24:17,High,Closed,2025-09-28 02:24:17,2025-09-29 18:24:17
223,735,5,2026-01-02 17:02:00,2026-01-06 04:02:00,High,Closed,2026-01-02 17:02:00,2026-01-06 04:02:00
224,825,1,2026-03-04 11:18:07,2026-03-07 20:18:07,Low,Closed,2026-03-04 11:18:07,2026-03-07 20:18:07
225,412,2,2026-02-11 17:22:52,2026-02-15 13:22:52,Medium,Closed,2026-02-11 17:22:52,2026-02-15 13:22:52
226,729,3,2025-07-26 09:54:21,2025-07-27 05:54:21,High,Closed,2025-07-26 09:54:21,2025-07-27 05:54:21
227,292,4,2026-04-09 16:29:40,2026-04-11 01:29:40,High,Closed,2026-04-09 16:29:40,2026-04-11 01:29:40
228,746,8,2025-09-10 08:03:46,2025-09-12 17:03:46,Low,Closed,2025-09-10 08:03:46,2025-09-12 17:03:46
229,279,2,2025-06-27 02:34:18,2025-06-29 12:34:18,Low,Closed,2025-06-27 02:34:18,2025-06-29 12:34:18
230,831,6,2026-02-26 11:09:55,2026-02-28 15:09:55,Low,Closed,2026-02-26 11:09:55,2026-02-28 15:09:55
231,217,7,2025-08-04 17:06:54,2025-08-08 14:06:54,Low,Closed,2025-08-04 17:06:54,2025-08-08 14:06:54
232,407,2,2025-08-17 05:34:23,2025-08-19 03:34:23,High,Closed,2025-08-17 05:34:23,2025-08-19 03:34:23
233,214,5,2025-07-21 02:28:09,2025-07-24 03:28:09,Medium,Closed,2025-07-21 02:28:09,2025-07-24 03:28:09
234,403,3,2025-12-13 15:42:01,2025-12-16 23:42:01,Medium,Closed,2025-12-13 15:42:01,2025-12-16 23:42:01
235,47,6,2025-11-16 14:23:42,2025-11-18 08:23:42,High,Closed,2025-11-16 14:23:42,2025-11-18 08:23:42
236,78,1,2025-09-19 21:08:55,2025-09-23 06:08:55,Low,Closed,2025-09-19 21:08:55,2025-09-23 06:08:55
237,405,6,2026-05-09 06:44:45,2026-05-09 13:44:45,High,Closed,2026-05-09 06:44:45,2026-05-09 13:44:45
238,383,5,2026-02-03 13:30:24,,Low,In Progress,2026-02-03 13:30:24,2026-02-03 13:30:24
239,680,8,2026-05-14 10:33:40,2026-05-16 04:33:40,Low,Closed,2026-05-14 10:33:40,2026-05-16 04:33:40
240,982,8,2025-07-16 03:33:01,2025-07-17 00:33:01,High,Closed,2025-07-16 03:33:01,2025-07-17 00:33:01
241,154,1,2026-02-23 03:50:20,2026-02-24 17:50:20,Low,Closed,2026-02-23 03:50:20,2026-02-24 17:50:20
242,268,3,2026-03-11 09:57:39,2026-03-15 04:57:39,Low,Closed,2026-03-11 09:57:39,2026-03-15 04:57:39
243,133,3,2026-04-24 11:47:35,2026-04-26 14:47:35,Medium,Closed,2026-04-24 11:47:35,2026-04-26 14:47:35
244,428,1,2025-07-17 08:18:37,2025-07-19 04:18:37,Medium,Closed,2025-07-17 08:18:37,2025-07-19 04:18:37
245,319,3,2025-12-20 06:08:50,,Medium,In Progress,2025-12-20 06:08:50,2025-12-20 06:08:50
246,869,4,2026-04-29 11:01:28,2026-04-30 12:01:28,Low,Closed,2026-04-29 11:01:28,2026-04-30 12:01:28
247,547,5,2025-08-03 13:58:36,2025-08-04 07:58:36,Low,Closed,2025-08-03 13:58:36,2025-08-04 07:58:36
248,117,5,2026-01-02 03:41:37,2026-01-02 14:41:37,Urgent,Closed,2026-01-02 03:41:37,2026-01-02 14:41:37
249,864,8,2025-06-06 04:33:58,2025-06-07 03:33:58,Medium,Closed,2025-06-06 04:33:58,2025-06-07 03:33:58
250,661,4,2026-01-26 04:15:17,2026-01-28 10:15:17,Medium,Closed,2026-01-26 04:15:17,2026-01-28 10:15:17
251,992,6,2026-04-06 23:33:20,2026-04-09 22:33:20,High,Closed,2026-04-06 23:33:20,2026-04-09 22:33:20
252,138,4,2025-10-19 21:42:13,2025-10-22 00:42:13,Medium,Closed,2025-10-19 21:42:13,2025-10-22 00:42:13
253,936,3,2026-04-08 11:48:30,2026-04-09 14:48:30,Low,Closed,2026-04-08 11:48:30,2026-04-09 14:48:30
254,183,5,2025-06-11 07:52:10,2025-06-13 20:52:10,Low,Closed,2025-06-11 07:52:10,2025-06-13 20:52:10
255,166,6,2025-11-06 06:03:23,,Medium,In Progress,2025-11-06 06:03:23,2025-11-06 06:03:23
256,464,1,2026-02-23 07:10:00,2026-02-26 12:10:00,Medium,Closed,2026-02-23 07:10:00,2026-02-26 12:10:00
257,550,1,2025-11-04 23:49:57,2025-11-06 10:49:57,Medium,Closed,2025-11-04 23:49:57,2025-11-06 10:49:57
258,808,2,2025-09-08 05:22:10,2025-09-11 21:22:10,high,Closed,2025-09-08 05:22:10,2025-09-11 21:22:10
259,127,1,2026-04-17 21:04:18,2026-04-20 01:04:18,Medium,Closed,2026-04-17 21:04:18,2026-04-20 01:04:18
260,298,3,2025-11-19 22:35:26,2025-11-20 05:35:26,low,Closed,2025-11-19 22:35:26,2025-11-20 05:35:26
261,743,7,2025-07-10 11:52:46,2025-07-12 01:52:46,Medium,Closed,2025-07-10 11:52:46,2025-07-12 01:52:46
262,313,4,2025-11-02 13:50:39,2025-11-05 00:50:39,High,Closed,2025-11-02 13:50:39,2025-11-05 00:50:39
263,937,5,2025-09-12 18:15:31,2025-09-15 18:15:31,Medium,Closed,2025-09-12 18:15:31,2025-09-15 18:15:31
264,970,5,2025-12-01 13:07:40,2025-12-03 15:07:40,High,Closed,2025-12-01 13:07:40,2025-12-03 15:07:40
265,893,3,2025-06-27 11:09:15,2025-06-30 18:09:15,Low,Closed,2025-06-27 11:09:15,2025-06-30 18:09:15
266,671,7,2025-09-15 17:22:54,2025-09-18 03:22:54,Urgent,Closed,2025-09-15 17:22:54,2025-09-18 03:22:54
267,693,7,2025-10-27 06:28:21,2025-10-27 14:28:21,Low,Closed,2025-10-27 06:28:21,2025-10-27 14:28:21
268,451,2,2026-05-25 09:30:41,2026-05-25 18:30:41,Medium,Closed,2026-05-25 09:30:41,2026-05-25 18:30:41
269,979,3,2026-02-23 15:06:18,2026-02-26 18:06:18,Medium,Closed,2026-02-23 15:06:18,2026-02-26 18:06:18
270,548,5,2026-01-23 21:38:50,2026-01-25 17:38:50,Medium,Closed,2026-01-23 21:38:50,2026-01-25 17:38:50
271,778,1,2025-09-05 04:01:32,2025-09-08 01:01:32,Low,Closed,2025-09-05 04:01:32,2025-09-08 01:01:32
272,268,6,2025-12-04 06:11:56,2025-12-04 21:11:56,Medium,Closed,2025-12-04 06:11:56,2025-12-04 21:11:56
273,536,7,2025-11-21 00:31:54,2025-11-22 18:31:54,Medium,Closed,2025-11-21 00:31:54,2025-11-22 18:31:54
274,260,4,2025-11-06 19:15:22,2025-11-10 00:15:22,Low,Closed,2025-11-06 19:15:22,2025-11-10 00:15:22
275,952,7,2025-10-01 07:20:55,2025-10-01 11:20:55,Medium,Closed,2025-10-01 07:20:55,2025-10-01 11:20:55
276,217,5,2026-04-27 13:36:47,2026-04-29 18:36:47,High,Closed,2026-04-27 13:36:47,2026-04-29 18:36:47
277,403,8,2026-02-10 06:26:10,,Medium,In Progress,2026-02-10 06:26:10,2026-02-10 06:26:10
278,9,3,2026-02-04 06:12:34,2026-02-05 20:12:34,Medium,Closed,2026-02-04 06:12:34,2026-02-05 20:12:34
279,922,7,2026-02-05 11:03:37,,Urgent,Open,2026-02-05 11:03:37,2026-02-05 11:03:37
280,256,7,2025-06-11 08:31:13,2025-06-13 13:31:13,Medium,Closed,2025-06-11 08:31:13,2025-06-13 13:31:13
281,254,7,2026-04-22 14:53:37,2026-04-26 05:53:37,Low,Closed,2026-04-22 14:53:37,2026-04-26 05:53:37
282,109,8,2025-12-21 07:20:11,2025-12-23 12:20:11,Low,Closed,2025-12-21 07:20:11,2025-12-23 12:20:11
283,26,5,2025-12-08 13:30:33,2025-12-11 04:30:33,Low,Closed,2025-12-08 13:30:33,2025-12-11 04:30:33
284,878,6,2025-08-29 02:49:58,2025-09-01 17:49:58,High,Closed,2025-08-29 02:49:58,2025-09-01 17:49:58
285,615,7,2025-06-07 09:44:02,,Low,Open,2025-06-07 09:44:02,2025-06-07 09:44:02
286,213,5,2025-08-31 18:11:13,2025-09-01 13:11:13,Low,Closed,2025-08-31 18:11:13,2025-09-01 13:11:13
287,960,8,2026-01-11 21:58:36,2026-01-14 10:58:36,Medium,Closed,2026-01-11 21:58:36,2026-01-14 10:58:36
288,579,5,2026-03-06 05:07:07,2026-03-06 19:07:07,Medium,Closed,2026-03-06 05:07:07,2026-03-06 19:07:07
289,47,7,2026-04-19 06:03:04,2026-04-22 20:03:04,Medium,Closed,2026-04-19 06:03:04,2026-04-22 20:03:04
290,231,8,2025-07-24 00:49:09,,Medium,In Progress,2025-07-24 00:49:09,2025-07-24 00:49:09
291,698,7,2025-12-27 20:52:36,2025-12-30 21:52:36,Medium,Closed,2025-12-27 20:52:36,2025-12-30 21:52:36
292,630,4,2025-08-05 02:06:04,2025-08-05 21:06:04,Low,Closed,2025-08-05 02:06:04,2025-08-05 21:06:04
293,55,8,2025-06-12 03:51:22,2025-06-14 10:51:22,Medium,Closed,2025-06-12 03:51:22,2025-06-14 10:51:22
294,686,5,2025-07-09 06:28:01,2025-07-12 13:28:01,Low,Closed,2025-07-09 06:28:01,2025-07-12 13:28:01
295,20,2,2025-06-20 20:55:34,2025-06-24 20:55:34,Medium,Closed,2025-06-20 20:55:34,2025-06-24 20:55:34
296,286,5,2026-02-17 00:38:38,,Medium,In Progress,2026-02-17 00:38:38,2026-02-17 00:38:38
297,462,7,2025-08-27 10:23:03,2025-08-29 21:23:03,Low,Closed,2025-08-27 10:23:03,2025-08-29 21:23:03
298,662,8,2026-03-24 17:36:33,2026-03-26 12:36:33,Low,Closed,2026-03-24 17:36:33,2026-03-26 12:36:33
299,187,8,2026-05-10 16:43:34,2026-05-13 23:43:34,Medium,Closed,2026-05-10 16:43:34,2026-05-13 23:43:34
300,249,7,2026-02-11 16:02:37,2026-02-13 23:02:37,low,Closed,2026-02-11 16:02:37,2026-02-13 23:02:37
301,61,6,2025-10-05 19:48:04,,Low,In Progress,2025-10-05 19:48:04,2025-10-05 19:48:04
302,202,3,2026-02-24 21:07:58,2026-02-28 16:07:58,Low,Closed,2026-02-24 21:07:58,2026-02-28 16:07:58
303,852,1,2025-09-13 10:08:31,2025-09-15 15:08:31,Medium,Closed,2025-09-13 10:08:31,2025-09-15 15:08:31
304,917,2,2025-06-27 03:07:42,2025-06-29 00:07:42,High,Closed,2025-06-27 03:07:42,2025-06-29 00:07:42
305,605,8,2025-10-26 20:03:42,2025-10-27 16:03:42,Low,Closed,2025-10-26 20:03:42,2025-10-27 16:03:42
306,712,3,2025-09-26 02:42:12,2025-09-29 12:42:12,Medium,Closed,2025-09-26 02:42:12,2025-09-29 12:42:12
307,342,2,2026-02-11 02:14:07,2026-02-14 09:14:07,Low,Closed,2026-02-11 02:14:07,2026-02-14 09:14:07
308,348,1,2025-07-07 16:11:38,2025-07-08 23:11:38,Medium,Closed,2025-07-07 16:11:38,2025-07-08 23:11:38
309,377,1,2026-05-11 07:00:03,2026-05-14 05:00:03,low,Closed,2026-05-11 07:00:03,2026-05-14 05:00:03
310,726,7,2026-06-01 19:44:33,,Low,Open,2026-06-01 19:44:33,2026-06-01 19:44:33
311,824,1,2026-04-21 08:13:47,2026-04-24 01:13:47,Medium,Closed,2026-04-21 08:13:47,2026-04-24 01:13:47
312,43,6,2026-05-12 20:30:33,2026-05-14 04:30:33,Medium,Closed,2026-05-12 20:30:33,2026-05-14 04:30:33
313,662,4,2026-05-03 23:30:15,2026-05-06 23:30:15,Medium,Closed,2026-05-03 23:30:15,2026-05-06 23:30:15
314,947,1,2025-08-02 22:46:19,2025-08-06 00:46:19,Low,Closed,2025-08-02 22:46:19,2025-08-06 00:46:19
315,885,8,2026-04-01 16:31:28,2026-04-04 19:31:28,Low,Closed,2026-04-01 16:31:28,2026-04-04 19:31:28
316,618,2,2025-07-04 07:16:09,2025-07-04 10:16:09,Medium,Closed,2025-07-04 07:16:09,2025-07-04 10:16:09
317,43,6,2026-04-05 20:01:17,2026-04-06 19:01:17,Medium,Closed,2026-04-05 20:01:17,2026-04-06 19:01:17
318,959,6,2026-05-24 09:47:19,2026-05-25 12:47:19,Medium,Closed,2026-05-24 09:47:19,2026-05-25 12:47:19
319,42,4,2025-11-17 19:31:30,2025-11-18 09:31:30,Low,Closed,2025-11-17 19:31:30,2025-11-18 09:31:30
320,983,8,2026-03-21 16:56:30,,Low,Open,2026-03-21 16:56:30,2026-03-21 16:56:30
321,483,3,2026-02-14 13:06:51,2026-02-16 01:06:51,Low,Closed,2026-02-14 13:06:51,2026-02-16 01:06:51
322,598,1,2026-02-19 22:56:42,2026-02-21 13:56:42,Medium,Closed,2026-02-19 22:56:42,2026-02-21 13:56:42
323,812,1,2026-02-18 10:14:33,2026-02-19 17:14:33,Low,Closed,2026-02-18 10:14:33,2026-02-19 17:14:33
324,216,8,2026-02-21 12:23:39,2026-02-23 09:23:39,Low,Closed,2026-02-21 12:23:39,2026-02-23 09:23:39
325,779,6,2026-06-01 20:23:13,,Medium,Open,2026-06-01 20:23:13,2026-06-01 20:23:13
326,625,5,2025-12-19 02:10:21,2025-12-22 08:10:21,High,Closed,2025-12-19 02:10:21,2025-12-22 08:10:21
327,976,3,2026-03-29 19:46:44,2026-04-01 16:46:44,Medium,Closed,2026-03-29 19:46:44,2026-04-01 16:46:44
328,292,6,2025-11-29 00:05:13,2025-12-01 19:05:13,Medium,Closed,2025-11-29 00:05:13,2025-12-01 19:05:13
329,575,6,2026-02-08 11:12:35,2026-02-10 11:12:35,Low,Closed,2026-02-08 11:12:35,2026-02-10 11:12:35
330,995,1,2025-09-22 10:54:37,2025-09-25 06:54:37,High,Closed,2025-09-22 10:54:37,2025-09-25 06:54:37
331,95,8,2025-09-23 08:20:51,,Low,Open,2025-09-23 08:20:51,2025-09-23 08:20:51
332,455,1,2026-02-28 18:27:49,2026-03-02 22:27:49,Low,Closed,2026-02-28 18:27:49,2026-03-02 22:27:49
333,796,6,2025-09-02 03:40:57,2025-09-03 01:40:57,Low,Closed,2025-09-02 03:40:57,2025-09-03 01:40:57
334,859,6,2025-08-14 11:42:30,2025-08-15 06:42:30,Medium,Closed,2025-08-14 11:42:30,2025-08-15 06:42:30
335,336,2,2025-12-22 03:24:55,2025-12-23 18:24:55,Low,Closed,2025-12-22 03:24:55,2025-12-23 18:24:55
336,256,5,2025-11-02 22:00:31,2025-11-03 11:00:31,Medium,Closed,2025-11-02 22:00:31,2025-11-03 11:00:31
337,398,1,2025-08-14 13:22:54,2025-08-15 08:22:54,Low,Closed,2025-08-14 13:22:54,2025-08-15 08:22:54
338,637,4,2025-08-29 19:20:25,2025-09-01 14:20:25,Low,Closed,2025-08-29 19:20:25,2025-09-01 14:20:25
339,60,5,2025-11-22 20:53:44,2025-11-24 21:53:44,Low,Closed,2025-11-22 20:53:44,2025-11-24 21:53:44
340,502,6,2026-03-30 11:06:40,2026-04-01 21:06:40,High,Closed,2026-03-30 11:06:40,2026-04-01 21:06:40
341,696,4,2026-04-11 05:17:01,2026-04-14 23:17:01,High,Closed,2026-04-11 05:17:01,2026-04-14 23:17:01
342,785,4,2026-01-15 08:05:40,2026-01-17 06:05:40,High,Closed,2026-01-15 08:05:40,2026-01-17 06:05:40
343,623,4,2025-08-29 22:31:30,2025-08-31 18:31:30,Urgent,Closed,2025-08-29 22:31:30,2025-08-31 18:31:30
344,459,7,2025-06-24 00:52:16,2025-06-24 23:52:16,Urgent,Closed,2025-06-24 00:52:16,2025-06-24 23:52:16
345,261,5,2026-06-01 21:21:09,,Low,In Progress,2026-06-01 21:21:09,2026-06-01 21:21:09
346,889,1,2025-09-19 14:36:52,2025-09-21 15:36:52,Medium,Closed,2025-09-19 14:36:52,2025-09-21 15:36:52
347,518,2,2025-11-26 08:45:56,2025-11-28 08:45:56,Medium,Closed,2025-11-26 08:45:56,2025-11-28 08:45:56
348,178,6,2025-12-08 07:11:32,2025-12-11 19:11:32,Low,Closed,2025-12-08 07:11:32,2025-12-11 19:11:32
349,885,4,2025-11-20 02:33:28,2025-11-20 13:33:28,Low,Closed,2025-11-20 02:33:28,2025-11-20 13:33:28
350,612,8,2026-04-26 20:31:40,2026-04-29 02:31:40,Low,Closed,2026-04-26 20:31:40,2026-04-29 02:31:40
351,74,8,2025-12-23 22:26:37,2025-12-24 12:26:37,Medium,Closed,2025-12-23 22:26:37,2025-12-24 12:26:37
352,524,2,2025-12-22 17:13:34,2025-12-26 16:13:34,Medium,Closed,2025-12-22 17:13:34,2025-12-26 16:13:34
353,367,2,2025-09-28 03:03:38,,High,In Progress,2025-09-28 03:03:38,2025-09-28 03:03:38
354,619,4,2026-01-01 11:36:08,2026-01-02 02:36:08,Medium,Closed,2026-01-01 11:36:08,2026-01-02 02:36:08
355,428,4,2025-06-20 06:35:59,2025-06-21 06:35:59,Low,Closed,2025-06-20 06:35:59,2025-06-21 06:35:59
356,774,4,2026-01-02 00:02:04,2026-01-02 08:02:04,High,Closed,2026-01-02 00:02:04,2026-01-02 08:02:04
357,980,4,2025-10-18 01:43:10,2025-10-20 04:43:10,Low,Closed,2025-10-18 01:43:10,2025-10-20 04:43:10
358,997,1,2025-10-07 07:35:03,,Medium,In Progress,2025-10-07 07:35:03,2025-10-07 07:35:03
359,171,4,2025-09-11 21:03:19,2025-09-11 23:03:19,High,Closed,2025-09-11 21:03:19,2025-09-11 23:03:19
360,378,4,2025-06-30 17:08:46,2025-07-02 20:08:46,Urgent,Closed,2025-06-30 17:08:46,2025-07-02 20:08:46
361,515,3,2026-04-14 03:07:27,2026-04-17 02:07:27,Medium,Closed,2026-04-14 03:07:27,2026-04-17 02:07:27
362,558,1,2025-09-18 07:09:15,2025-09-19 01:09:15,Low,Closed,2025-09-18 07:09:15,2025-09-19 01:09:15
363,414,8,2025-09-11 07:45:01,2025-09-13 04:45:01,Low,Closed,2025-09-11 07:45:01,2025-09-13 04:45:01
364,188,3,2026-04-18 00:37:50,2026-04-17 15:37:50,Medium,Closed,2026-04-18 00:37:50,2026-04-18 00:37:50
365,250,1,2026-02-28 03:47:01,2026-03-01 18:47:01,Low,Closed,2026-02-28 03:47:01,2026-03-01 18:47:01
366,945,6,2026-03-26 17:15:52,2026-03-28 11:15:52,Medium,Closed,2026-03-26 17:15:52,2026-03-28 11:15:52
367,636,1,2025-10-28 21:43:18,2025-10-29 05:43:18,Medium,Closed,2025-10-28 21:43:18,2025-10-29 05:43:18
368,62,4,2025-10-18 09:54:43,2025-10-19 08:54:43,High,Closed,2025-10-18 09:54:43,2025-10-19 08:54:43
369,776,4,2025-09-29 11:43:03,2025-09-30 11:43:03,Medium,Closed,2025-09-29 11:43:03,2025-09-30 11:43:03
370,941,2,2026-04-26 06:13:17,2026-04-26 08:13:17,High,Closed,2026-04-26 06:13:17,2026-04-26 08:13:17
371,174,4,2025-08-25 00:18:41,,low,Open,2025-08-25 00:18:41,2025-08-25 00:18:41
372,831,5,2026-01-20 01:29:17,2026-01-20 07:29:17,Low,Closed,2026-01-20 01:29:17,2026-01-20 07:29:17
373,289,2,2026-01-13 11:07:24,2026-01-17 03:07:24,Low,Closed,2026-01-13 11:07:24,2026-01-17 03:07:24
374,168,7,2026-05-06 13:25:04,2026-05-08 09:25:04,Medium,Closed,2026-05-06 13:25:04,2026-05-08 09:25:04
375,205,2,2026-01-25 19:29:26,2026-01-27 01:29:26,Urgent,Closed,2026-01-25 19:29:26,2026-01-27 01:29:26
376,379,7,2025-06-21 10:14:52,2025-06-24 03:14:52,Medium,Closed,2025-06-21 10:14:52,2025-06-24 03:14:52
377,252,4,2026-01-09 23:48:12,2026-01-11 11:48:12,Medium,Closed,2026-01-09 23:48:12,2026-01-11 11:48:12
378,554,6,2025-08-29 18:26:42,2025-08-30 07:26:42,Medium,Closed,2025-08-29 18:26:42,2025-08-30 07:26:42
379,108,7,2026-01-14 18:12:15,2026-01-16 01:12:15,Medium,Closed,2026-01-14 18:12:15,2026-01-16 01:12:15
380,751,5,2025-11-01 09:12:02,,High,In Progress,2025-11-01 09:12:02,2025-11-01 09:12:02
381,585,8,2026-04-19 22:15:18,2026-04-20 06:15:18,Low,Closed,2026-04-19 22:15:18,2026-04-20 06:15:18
382,392,5,2026-05-02 16:42:59,2026-05-06 15:42:59,Low,Closed,2026-05-02 16:42:59,2026-05-06 15:42:59
383,531,3,2025-11-20 01:44:54,2025-11-22 12:44:54,Low,Closed,2025-11-20 01:44:54,2025-11-22 12:44:54
384,367,8,2025-11-09 13:17:44,,Medium,Open,2025-11-09 13:17:44,2025-11-09 13:17:44
385,535,7,2026-04-12 10:46:41,2026-04-14 09:46:41,Low,Closed,2026-04-12 10:46:41,2026-04-14 09:46:41
386,358,7,2026-04-02 15:53:29,2026-04-05 14:53:29,High,Closed,2026-04-02 15:53:29,2026-04-05 14:53:29
387,355,7,2025-12-10 09:53:38,2025-12-10 19:53:38,Low,Closed,2025-12-10 09:53:38,2025-12-10 19:53:38
388,249,6,2025-06-06 20:47:48,2025-06-08 01:47:48,low,Closed,2025-06-06 20:47:48,2025-06-08 01:47:48
389,110,2,2026-05-06 07:16:17,2026-05-07 21:16:17,Medium,Closed,2026-05-06 07:16:17,2026-05-07 21:16:17
390,633,2,2026-04-04 16:05:23,2026-04-07 22:05:23,Medium,Closed,2026-04-04 16:05:23,2026-04-07 22:05:23
391,178,6,2025-11-29 00:45:13,2025-11-29 02:45:13,Medium,Closed,2025-11-29 00:45:13,2025-11-29 02:45:13
392,563,2,2026-05-28 18:35:32,2026-05-30 20:35:32,High,Closed,2026-05-28 18:35:32,2026-05-30 20:35:32
393,945,7,2026-03-17 23:04:43,2026-03-21 00:04:43,Low,Closed,2026-03-17 23:04:43,2026-03-21 00:04:43
394,640,2,2026-03-29 07:41:12,2026-03-29 22:41:12,High,Closed,2026-03-29 07:41:12,2026-03-29 22:41:12
395,238,3,2025-11-06 11:21:49,2025-11-09 00:21:49,Low,Closed,2025-11-06 11:21:49,2025-11-09 00:21:49
396,611,6,2026-05-05 14:55:39,2026-05-05 23:55:39,Medium,Closed,2026-05-05 14:55:39,2026-05-05 23:55:39
397,881,3,2026-01-31 09:30:25,2026-02-01 18:30:25,Low,Closed,2026-01-31 09:30:25,2026-02-01 18:30:25
398,991,4,2026-01-28 11:54:41,2026-01-29 16:54:41,High,Closed,2026-01-28 11:54:41,2026-01-29 16:54:41
399,419,8,2026-03-28 23:59:19,2026-03-29 02:59:19,Medium,Closed,2026-03-28 23:59:19,2026-03-29 02:59:19
400,970,6,2025-08-04 13:20:43,2025-08-05 21:20:43,High,Closed,2025-08-04 13:20:43,2025-08-05 21:20:43
401,927,1,2025-06-19 18:46:48,2025-06-21 16:46:48,High,Closed,2025-06-19 18:46:48,2025-06-21 16:46:48
402,93,2,2026-05-29 01:01:05,2026-05-29 05:01:05,Medium,Closed,2026-05-29 01:01:05,2026-05-29 05:01:05
403,949,3,2025-07-04 22:40:07,2025-07-05 11:40:07,Medium,Closed,2025-07-04 22:40:07,2025-07-05 11:40:07
404,594,2,2025-11-10 22:53:26,2025-11-11 13:53:26,High,Closed,2025-11-10 22:53:26,2025-11-11 13:53:26
405,275,3,2026-03-30 03:52:25,2026-04-02 04:52:25,Low,Closed,2026-03-30 03:52:25,2026-04-02 04:52:25
406,321,5,2025-07-18 03:16:03,,High,Open,2025-07-18 03:16:03,2025-07-18 03:16:03
407,172,2,2026-01-28 16:07:31,2026-01-29 06:07:31,Low,Closed,2026-01-28 16:07:31,2026-01-29 06:07:31
408,822,8,2025-10-10 11:27:19,2025-10-11 06:27:19,Medium,Closed,2025-10-10 11:27:19,2025-10-11 06:27:19
409,322,1,2025-10-06 00:31:43,2025-10-07 00:31:43,Medium,Closed,2025-10-06 00:31:43,2025-10-07 00:31:43
410,660,2,2026-03-03 13:21:25,2026-03-06 10:21:25,High,Closed,2026-03-03 13:21:25,2026-03-06 10:21:25
411,17,6,2025-07-03 04:18:28,2025-07-05 16:18:28,Medium,Closed,2025-07-03 04:18:28,2025-07-05 16:18:28
412,256,3,2025-07-01 07:47:23,2025-07-02 09:47:23,Urgent,Closed,2025-07-01 07:47:23,2025-07-02 09:47:23
413,620,6,2026-04-17 21:35:34,2026-04-18 18:35:34,Low,Closed,2026-04-17 21:35:34,2026-04-18 18:35:34
414,959,8,2025-09-19 07:01:23,2025-09-23 05:01:23,Medium,Closed,2025-09-19 07:01:23,2025-09-23 05:01:23
415,841,4,2025-11-03 04:04:29,,High,Open,2025-11-03 04:04:29,2025-11-03 04:04:29
416,970,8,2025-06-21 03:17:06,2025-06-24 20:17:06,Low,Closed,2025-06-21 03:17:06,2025-06-24 20:17:06
417,20,4,2025-11-22 03:03:07,2025-11-24 02:03:07,High,Closed,2025-11-22 03:03:07,2025-11-24 02:03:07
418,852,2,2026-02-16 03:04:57,2026-02-17 18:04:57,Medium,Closed,2026-02-16 03:04:57,2026-02-17 18:04:57
419,354,3,2025-12-15 03:59:05,2025-12-18 03:59:05,Medium,Closed,2025-12-15 03:59:05,2025-12-18 03:59:05
420,241,3,2025-09-16 18:37:15,2025-09-17 20:37:15,Low,Closed,2025-09-16 18:37:15,2025-09-17 20:37:15
421,748,5,2026-05-13 06:16:35,,Medium,Open,2026-05-13 06:16:35,2026-05-13 06:16:35
422,65,8,2025-10-02 15:23:41,2025-10-05 19:23:41,High,Closed,2025-10-02 15:23:41,2025-10-05 19:23:41
423,28,2,2025-10-14 20:58:31,2025-10-18 02:58:31,Medium,Closed,2025-10-14 20:58:31,2025-10-18 02:58:31
424,924,3,2026-06-01 18:32:08,,high,Open,2026-06-01 18:32:08,2026-06-01 18:32:08
425,864,7,2025-08-02 14:31:35,2025-08-06 08:31:35,Medium,Closed,2025-08-02 14:31:35,2025-08-06 08:31:35
426,226,7,2026-05-04 17:04:44,2026-05-06 11:04:44,Low,Closed,2026-05-04 17:04:44,2026-05-06 11:04:44
427,473,3,2026-04-24 16:57:31,2026-04-26 09:57:31,Medium,Closed,2026-04-24 16:57:31,2026-04-26 09:57:31
428,625,3,2025-07-11 09:41:24,2025-07-15 04:41:24,low,Closed,2025-07-11 09:41:24,2025-07-15 04:41:24
429,234,6,2025-09-13 08:40:18,,Medium,In Progress,2025-09-13 08:40:18,2025-09-13 08:40:18
430,346,3,2025-11-02 23:44:48,2025-11-06 02:44:48,Medium,Closed,2025-11-02 23:44:48,2025-11-06 02:44:48
431,853,7,2026-01-30 20:31:18,2026-02-03 10:31:18,Medium,Closed,2026-01-30 20:31:18,2026-02-03 10:31:18
432,440,2,2025-12-27 12:50:40,2025-12-29 17:50:40,Medium,Closed,2025-12-27 12:50:40,2025-12-29 17:50:40
433,238,7,2026-04-03 15:58:21,2026-04-05 02:58:21,Low,Closed,2026-04-03 15:58:21,2026-04-05 02:58:21
434,34,8,2025-06-29 15:31:52,2025-07-01 22:31:52,High,Closed,2025-06-29 15:31:52,2025-07-01 22:31:52
435,599,5,2025-06-21 16:21:18,2025-06-24 05:21:18,High,Closed,2025-06-21 16:21:18,2025-06-24 05:21:18
436,140,4,2025-11-04 15:49:28,2025-11-04 22:49:28,Low,Closed,2025-11-04 15:49:28,2025-11-04 22:49:28
437,380,5,2025-08-24 02:18:48,2025-08-27 12:18:48,Low,Closed,2025-08-24 02:18:48,2025-08-27 12:18:48
438,318,6,2026-02-10 01:40:22,2026-02-11 18:40:22,Medium,Closed,2026-02-10 01:40:22,2026-02-11 18:40:22
439,79,7,2025-08-15 15:57:10,2025-08-16 20:57:10,low,Closed,2025-08-15 15:57:10,2025-08-16 20:57:10
440,820,1,2026-03-14 08:39:04,2026-03-16 23:39:04,High,Closed,2026-03-14 08:39:04,2026-03-16 23:39:04
441,843,1,2026-01-08 12:47:12,2026-01-10 03:47:12,Medium,Closed,2026-01-08 12:47:12,2026-01-10 03:47:12
442,13,5,2025-08-02 22:40:01,2025-08-06 04:40:01,Low,Closed,2025-08-02 22:40:01,2025-08-06 04:40:01
443,187,2,2026-01-08 13:40:00,2026-01-10 01:40:00,Medium,Closed,2026-01-08 13:40:00,2026-01-10 01:40:00
444,647,3,2026-01-04 21:58:01,2026-01-06 01:58:01,Medium,Closed,2026-01-04 21:58:01,2026-01-06 01:58:01
445,287,1,2025-11-04 00:27:03,2025-11-07 22:27:03,Low,Closed,2025-11-04 00:27:03,2025-11-07 22:27:03
446,380,4,2025-09-02 04:57:12,2025-09-04 14:57:12,Low,Closed,2025-09-02 04:57:12,2025-09-04 14:57:12
447,872,8,2025-08-10 17:25:58,2025-08-11 00:25:58,Low,Closed,2025-08-10 17:25:58,2025-08-11 00:25:58
448,578,6,2026-01-30 13:59:10,2026-01-31 17:59:10,Medium,Closed,2026-01-30 13:59:10,2026-01-31 17:59:10
449,633,8,2026-01-26 07:41:23,,Medium,Open,2026-01-26 07:41:23,2026-01-26 07:41:23
450,807,5,2025-12-30 05:03:22,2026-01-02 07:03:22,High,Closed,2025-12-30 05:03:22,2026-01-02 07:03:22
451,45,1,2025-11-10 04:33:20,2025-11-11 07:33:20,Urgent,Closed,2025-11-10 04:33:20,2025-11-11 07:33:20
452,483,6,2026-04-15 14:34:59,2026-04-18 08:34:59,High,Closed,2026-04-15 14:34:59,2026-04-18 08:34:59
453,23,1,2025-06-26 14:55:19,2025-06-27 01:55:19,Low,Closed,2025-06-26 14:55:19,2025-06-27 01:55:19
454,329,1,2026-02-22 23:26:34,2026-02-26 19:26:34,Medium,Closed,2026-02-22 23:26:34,2026-02-26 19:26:34
455,604,4,2025-10-18 11:15:02,2025-10-19 19:15:02,Medium,Closed,2025-10-18 11:15:02,2025-10-19 19:15:02
456,33,8,2025-09-13 20:40:34,2025-09-15 21:40:34,Medium,Closed,2025-09-13 20:40:34,2025-09-15 21:40:34
457,813,5,2026-02-12 16:50:28,2026-02-14 09:50:28,Medium,Closed,2026-02-12 16:50:28,2026-02-14 09:50:28
458,4,3,2025-06-24 02:31:03,2025-06-27 10:31:03,High,Closed,2025-06-24 02:31:03,2025-06-27 10:31:03
459,702,8,2026-03-01 22:29:56,2026-03-04 05:29:56,Medium,Closed,2026-03-01 22:29:56,2026-03-04 05:29:56
460,488,5,2026-03-13 05:11:49,2026-03-13 10:11:49,Medium,Closed,2026-03-13 05:11:49,2026-03-13 10:11:49
461,584,8,2025-06-06 23:44:21,2025-06-09 17:44:21,Medium,Closed,2025-06-06 23:44:21,2025-06-09 17:44:21
462,402,2,2026-03-05 04:26:20,2026-03-05 12:26:20,Urgent,Closed,2026-03-05 04:26:20,2026-03-05 12:26:20
463,661,7,2025-06-08 03:26:17,2025-06-09 00:26:17,Medium,Closed,2025-06-08 03:26:17,2025-06-09 00:26:17
464,27,7,2026-05-18 05:31:45,2026-05-21 05:31:45,Medium,Closed,2026-05-18 05:31:45,2026-05-21 05:31:45
465,112,8,2025-12-17 14:19:08,2025-12-18 03:19:08,Urgent,Closed,2025-12-17 14:19:08,2025-12-18 03:19:08
466,349,4,2026-01-24 02:07:58,,Low,Open,2026-01-24 02:07:58,2026-01-24 02:07:58
467,148,4,2026-05-13 18:05:56,2026-05-15 23:05:56,Low,Closed,2026-05-13 18:05:56,2026-05-15 23:05:56
468,649,6,2025-11-04 08:50:27,2025-11-04 19:50:27,High,Closed,2025-11-04 08:50:27,2025-11-04 19:50:27
469,484,5,2026-02-13 00:25:23,2026-02-14 21:25:23,Medium,Closed,2026-02-13 00:25:23,2026-02-14 21:25:23
470,195,4,2026-04-18 00:30:58,2026-04-21 21:30:58,Low,Closed,2026-04-18 00:30:58,2026-04-21 21:30:58
471,256,8,2025-11-06 03:28:33,2025-11-08 23:28:33,Medium,Closed,2025-11-06 03:28:33,2025-11-08 23:28:33
472,78,8,2025-11-06 18:58:42,2025-11-07 19:58:42,Low,Closed,2025-11-06 18:58:42,2025-11-07 19:58:42
473,840,7,2025-12-24 23:44:19,2025-12-28 01:44:19,Medium,Closed,2025-12-24 23:44:19,2025-12-28 01:44:19
474,793,8,2025-08-02 08:56:16,2025-08-05 01:56:16,Medium,Closed,2025-08-02 08:56:16,2025-08-05 01:56:16
475,855,2,2025-10-02 20:25:08,2025-10-03 01:25:08,High,Closed,2025-10-02 20:25:08,2025-10-03 01:25:08
476,147,6,2025-11-11 04:42:03,2025-11-13 06:42:03,Medium,Closed,2025-11-11 04:42:03,2025-11-13 06:42:03
477,661,4,2025-07-08 21:40:29,2025-07-11 15:40:29,Urgent,Closed,2025-07-08 21:40:29,2025-07-11 15:40:29
478,454,3,2025-10-05 08:36:52,2025-10-09 03:36:52,High,Closed,2025-10-05 08:36:52,2025-10-09 03:36:52
479,636,6,2026-01-28 04:33:33,2026-01-28 20:33:33,Medium,Closed,2026-01-28 04:33:33,2026-01-28 20:33:33
480,940,3,2025-06-24 08:28:33,2025-06-24 11:28:33,Medium,Closed,2025-06-24 08:28:33,2025-06-24 11:28:33
481,668,1,2026-01-15 01:35:43,2026-01-15 19:35:43,Low,Closed,2026-01-15 01:35:43,2026-01-15 19:35:43
482,78,4,2025-07-24 14:16:56,,Low,Open,2025-07-24 14:16:56,2025-07-24 14:16:56
483,378,7,2026-05-06 23:52:49,2026-05-07 11:52:49,Low,Closed,2026-05-06 23:52:49,2026-05-07 11:52:49
484,442,4,2025-10-10 07:37:32,2025-10-14 02:37:32,Low,Closed,2025-10-10 07:37:32,2025-10-14 02:37:32
485,777,8,2026-01-16 19:22:49,2026-01-20 17:22:49,Low,Closed,2026-01-16 19:22:49,2026-01-20 17:22:49
486,65,4,2026-04-18 02:10:31,2026-04-21 01:10:31,Medium,Closed,2026-04-18 02:10:31,2026-04-21 01:10:31
487,457,4,2025-11-22 18:57:41,2025-11-23 21:57:41,Medium,Closed,2025-11-22 18:57:41,2025-11-23 21:57:41
488,757,6,2025-07-04 15:15:10,2025-07-07 13:15:10,Medium,Closed,2025-07-04 15:15:10,2025-07-07 13:15:10
489,170,3,2026-05-03 10:53:41,2026-05-04 11:53:41,High,Closed,2026-05-03 10:53:41,2026-05-04 11:53:41
490,120,2,2025-07-16 04:54:04,2025-07-18 16:54:04,High,Closed,2025-07-16 04:54:04,2025-07-18 16:54:04
491,777,2,2026-01-19 19:29:36,2026-01-21 07:29:36,Low,Closed,2026-01-19 19:29:36,2026-01-21 07:29:36
492,902,8,2025-12-11 03:53:33,2025-12-14 09:53:33,Low,Closed,2025-12-11 03:53:33,2025-12-14 09:53:33
493,957,4,2025-07-04 11:07:20,2025-07-04 23:07:20,Medium,Closed,2025-07-04 11:07:20,2025-07-04 23:07:20
494,884,5,2026-04-21 21:31:37,2026-04-22 01:31:37,Medium,Closed,2026-04-21 21:31:37,2026-04-22 01:31:37
495,984,5,2026-05-14 04:09:15,2026-05-14 15:09:15,low,Closed,2026-05-14 04:09:15,2026-05-14 15:09:15
496,341,5,2026-04-26 20:54:27,2026-04-27 23:54:27,medium,Closed,2026-04-26 20:54:27,2026-04-27 23:54:27
497,356,3,2025-12-11 14:04:33,2025-12-14 21:04:33,Low,Closed,2025-12-11 14:04:33,2025-12-14 21:04:33
498,385,6,2025-06-14 13:35:49,2025-06-15 06:35:49,High,Closed,2025-06-14 13:35:49,2025-06-15 06:35:49
499,705,8,2025-12-06 01:20:40,,Medium,Open,2025-12-06 01:20:40,2025-12-06 01:20:40
500,823,7,2025-07-20 13:07:43,2025-07-20 16:07:43,High,Closed,2025-07-20 13:07:43,2025-07-20 16:07:43
501,43,5,2026-02-19 03:12:39,2026-02-21 14:12:39,Medium,Closed,2026-02-19 03:12:39,2026-02-21 14:12:39
502,864,1,2026-01-03 08:10:49,2026-01-04 15:10:49,Low,Closed,2026-01-03 08:10:49,2026-01-04 15:10:49
503,255,6,2026-01-16 16:29:09,2026-01-19 19:29:09,Medium,Closed,2026-01-16 16:29:09,2026-01-19 19:29:09
504,793,7,2025-09-08 19:10:32,2025-09-10 01:10:32,Medium,Closed,2025-09-08 19:10:32,2025-09-10 01:10:32
505,86,3,2026-04-20 06:52:33,2026-04-21 10:52:33,Low,Closed,2026-04-20 06:52:33,2026-04-21 10:52:33
506,529,1,2026-05-15 16:59:52,2026-05-18 03:59:52,High,Closed,2026-05-15 16:59:52,2026-05-18 03:59:52
507,566,2,2025-06-13 11:07:26,2025-06-15 09:07:26,Low,Closed,2025-06-13 11:07:26,2025-06-15 09:07:26
508,608,3,2026-02-23 22:18:40,2026-02-27 04:18:40,Medium,Closed,2026-02-23 22:18:40,2026-02-27 04:18:40
509,973,6,2026-02-12 18:26:44,2026-02-13 02:26:44,High,Closed,2026-02-12 18:26:44,2026-02-13 02:26:44
510,636,1,2025-11-01 09:16:28,2025-11-03 07:16:28,Medium,Closed,2025-11-01 09:16:28,2025-11-03 07:16:28
511,562,8,2025-06-19 05:31:22,2025-06-22 11:31:22,Low,Closed,2025-06-19 05:31:22,2025-06-22 11:31:22
512,710,6,2025-08-08 10:56:53,2025-08-09 10:56:53,Low,Closed,2025-08-08 10:56:53,2025-08-09 10:56:53
513,311,3,2026-05-28 21:49:08,2026-05-30 23:49:08,Medium,Closed,2026-05-28 21:49:08,2026-05-30 23:49:08
514,533,3,2025-10-14 09:44:27,2025-10-17 10:44:27,High,Closed,2025-10-14 09:44:27,2025-10-17 10:44:27
515,930,2,2026-03-25 19:54:50,2026-03-26 08:54:50,High,Closed,2026-03-25 19:54:50,2026-03-26 08:54:50
516,47,3,2026-04-03 18:06:41,2026-04-07 00:06:41,High,Closed,2026-04-03 18:06:41,2026-04-07 00:06:41
517,719,4,2025-11-26 15:33:52,2025-11-28 23:33:52,Low,Closed,2025-11-26 15:33:52,2025-11-28 23:33:52
518,625,1,2025-06-23 14:26:33,2025-06-27 02:26:33,Urgent,Closed,2025-06-23 14:26:33,2025-06-27 02:26:33
519,174,7,2025-07-23 01:14:41,2025-07-23 08:14:41,Medium,Closed,2025-07-23 01:14:41,2025-07-23 08:14:41
520,831,1,2026-02-22 22:15:57,2026-02-26 22:15:57,Low,Closed,2026-02-22 22:15:57,2026-02-26 22:15:57
521,457,4,2025-10-07 22:06:57,2025-10-08 02:06:57,Medium,Closed,2025-10-07 22:06:57,2025-10-08 02:06:57
522,27,7,2026-04-05 09:49:33,2026-04-07 21:49:33,Medium,Closed,2026-04-05 09:49:33,2026-04-07 21:49:33
523,151,1,2025-07-27 13:02:32,2025-07-30 12:02:32,Medium,Closed,2025-07-27 13:02:32,2025-07-30 12:02:32
524,167,1,2026-03-30 12:49:26,2026-03-30 22:49:26,Medium,Closed,2026-03-30 12:49:26,2026-03-30 22:49:26
525,373,6,2025-12-16 08:22:56,2025-12-20 02:22:56,Medium,Closed,2025-12-16 08:22:56,2025-12-20 02:22:56
526,691,1,2025-12-17 21:59:40,2025-12-21 06:59:40,Low,Closed,2025-12-17 21:59:40,2025-12-21 06:59:40
527,294,5,2025-07-06 13:17:17,2025-07-07 22:17:17,Medium,Closed,2025-07-06 13:17:17,2025-07-07 22:17:17
528,606,1,2025-09-01 21:37:38,2025-09-04 03:37:38,Low,Closed,2025-09-01 21:37:38,2025-09-04 03:37:38
529,790,2,2025-07-26 13:41:57,2025-07-29 23:41:57,Low,Closed,2025-07-26 13:41:57,2025-07-29 23:41:57
530,560,1,2026-05-30 14:26:03,,Low,Open,2026-05-30 14:26:03,2026-05-30 14:26:03
531,958,4,2025-10-18 21:13:20,2025-10-21 16:13:20,High,Closed,2025-10-18 21:13:20,2025-10-21 16:13:20
532,298,2,2025-12-30 06:56:11,2026-01-03 02:56:11,High,Closed,2025-12-30 06:56:11,2026-01-03 02:56:11
533,78,8,2025-06-20 05:22:07,2025-06-21 05:22:07,Medium,Closed,2025-06-20 05:22:07,2025-06-21 05:22:07
534,565,5,2026-03-17 17:11:29,2026-03-18 11:11:29,Low,Closed,2026-03-17 17:11:29,2026-03-18 11:11:29
535,923,2,2025-10-25 18:23:13,2025-10-26 00:23:13,Low,Closed,2025-10-25 18:23:13,2025-10-26 00:23:13
536,143,4,2026-03-13 01:57:15,2026-03-16 16:57:15,Medium,Closed,2026-03-13 01:57:15,2026-03-16 16:57:15
537,506,5,2026-03-12 05:23:18,2026-03-15 16:23:18,Medium,Closed,2026-03-12 05:23:18,2026-03-15 16:23:18
538,456,2,2025-10-27 05:00:47,2025-10-28 07:00:47,High,Closed,2025-10-27 05:00:47,2025-10-28 07:00:47
539,847,6,2026-04-09 00:17:31,,High,In Progress,2026-04-09 00:17:31,2026-04-09 00:17:31
540,300,7,2026-01-07 00:58:42,2026-01-10 03:58:42,High,Closed,2026-01-07 00:58:42,2026-01-10 03:58:42
541,335,8,2026-05-26 02:30:11,2026-05-28 19:30:11,Low,Closed,2026-05-26 02:30:11,2026-05-28 19:30:11
542,89,2,2026-04-26 04:49:35,2026-04-28 16:49:35,Medium,Closed,2026-04-26 04:49:35,2026-04-28 16:49:35
543,827,6,2025-06-27 09:19:55,2025-06-30 10:19:55,Medium,Closed,2025-06-27 09:19:55,2025-06-30 10:19:55
544,731,2,2025-11-20 19:40:22,,Medium,Open,2025-11-20 19:40:22,2025-11-20 19:40:22
545,901,8,2026-03-21 06:32:22,2026-03-23 21:32:22,Low,Closed,2026-03-21 06:32:22,2026-03-23 21:32:22
546,856,7,2025-10-23 12:43:08,2025-10-25 23:43:08,Low,Closed,2025-10-23 12:43:08,2025-10-25 23:43:08
547,176,5,2026-02-17 17:54:52,2026-02-21 04:54:52,Medium,Closed,2026-02-17 17:54:52,2026-02-21 04:54:52
548,398,6,2026-03-06 12:54:46,2026-03-08 03:54:46,Medium,Closed,2026-03-06 12:54:46,2026-03-08 03:54:46
549,491,2,2026-05-19 06:31:42,,Low,Open,2026-05-19 06:31:42,2026-05-19 06:31:42
550,347,8,2025-11-24 02:22:20,2025-11-24 10:22:20,Low,Closed,2025-11-24 02:22:20,2025-11-24 10:22:20
551,434,6,2025-10-22 02:11:04,2025-10-24 07:11:04,low,Closed,2025-10-22 02:11:04,2025-10-24 07:11:04
552,379,7,2025-07-13 20:36:51,2025-07-15 05:36:51,Medium,Closed,2025-07-13 20:36:51,2025-07-15 05:36:51
553,46,8,2025-08-25 23:14:25,2025-08-26 06:14:25,Medium,Closed,2025-08-25 23:14:25,2025-08-26 06:14:25
554,127,8,2026-03-29 13:40:36,2026-03-31 23:40:36,Medium,Closed,2026-03-29 13:40:36,2026-03-31 23:40:36
555,613,7,2026-03-19 10:54:11,2026-03-19 19:54:11,Low,Closed,2026-03-19 10:54:11,2026-03-19 19:54:11
556,874,2,2025-12-17 04:29:40,2025-12-20 06:29:40,Medium,Closed,2025-12-17 04:29:40,2025-12-20 06:29:40
557,445,3,2025-10-05 19:37:43,2025-10-08 04:37:43,medium,Closed,2025-10-05 19:37:43,2025-10-08 04:37:43
558,414,6,2026-02-23 09:31:50,2026-02-26 07:31:50,Medium,Closed,2026-02-23 09:31:50,2026-02-26 07:31:50
559,370,3,2025-11-25 01:44:47,2025-11-28 15:44:47,Medium,Closed,2025-11-25 01:44:47,2025-11-28 15:44:47
560,302,2,2025-10-21 14:01:44,,Low,In Progress,2025-10-21 14:01:44,2025-10-21 14:01:44
561,934,5,2025-09-21 22:34:11,2025-09-25 02:34:11,Low,Closed,2025-09-21 22:34:11,2025-09-25 02:34:11
562,834,7,2025-09-21 22:14:12,2025-09-22 16:14:12,Low,Closed,2025-09-21 22:14:12,2025-09-22 16:14:12
563,564,1,2025-12-15 09:40:26,2025-12-16 18:40:26,High,Closed,2025-12-15 09:40:26,2025-12-16 18:40:26
564,690,4,2026-05-03 23:42:52,2026-05-05 16:42:52,Low,Closed,2026-05-03 23:42:52,2026-05-05 16:42:52
565,286,8,2025-10-10 09:42:28,2025-10-13 14:42:28,Urgent,Closed,2025-10-10 09:42:28,2025-10-13 14:42:28
566,944,7,2025-08-05 12:58:11,2025-08-06 07:58:11,High,Closed,2025-08-05 12:58:11,2025-08-06 07:58:11
567,561,4,2025-12-29 22:27:32,2025-12-31 14:27:32,Low,Closed,2025-12-29 22:27:32,2025-12-31 14:27:32
568,571,5,2026-05-16 13:30:18,,Medium,Open,2026-05-16 13:30:18,2026-05-16 13:30:18
569,151,6,2025-09-08 13:36:19,2025-09-10 05:36:19,Medium,Closed,2025-09-08 13:36:19,2025-09-10 05:36:19
570,150,3,2025-10-09 23:49:54,2025-10-12 11:49:54,Medium,Closed,2025-10-09 23:49:54,2025-10-12 11:49:54
571,969,7,2026-01-03 00:15:07,2026-01-04 19:15:07,High,Closed,2026-01-03 00:15:07,2026-01-04 19:15:07
572,64,8,2025-08-26 17:09:21,2025-08-27 03:09:21,Low,Closed,2025-08-26 17:09:21,2025-08-27 03:09:21
573,959,5,2026-05-04 12:25:54,2026-05-07 01:25:54,Low,Closed,2026-05-04 12:25:54,2026-05-07 01:25:54
574,237,3,2025-10-01 09:06:38,2025-10-04 13:06:38,Medium,Closed,2025-10-01 09:06:38,2025-10-04 13:06:38
575,949,6,2025-07-15 21:06:00,2025-07-19 08:06:00,Medium,Closed,2025-07-15 21:06:00,2025-07-19 08:06:00
576,861,6,2025-11-26 23:52:18,2025-11-29 13:52:18,Medium,Closed,2025-11-26 23:52:18,2025-11-29 13:52:18
577,25,4,2026-01-18 16:32:23,2026-01-21 17:32:23,Low,Closed,2026-01-18 16:32:23,2026-01-21 17:32:23
578,518,1,2026-01-06 19:40:30,2026-01-09 21:40:30,Low,Closed,2026-01-06 19:40:30,2026-01-09 21:40:30
579,167,4,2025-09-27 11:38:20,2025-09-29 12:38:20,Low,Closed,2025-09-27 11:38:20,2025-09-29 12:38:20
580,320,7,2025-12-11 06:09:53,2025-12-12 13:09:53,Medium,Closed,2025-12-11 06:09:53,2025-12-12 13:09:53
581,607,3,2025-11-22 19:53:02,2025-11-26 07:53:02,Medium,Closed,2025-11-22 19:53:02,2025-11-26 07:53:02
582,601,5,2026-03-04 07:53:43,2026-03-07 19:53:43,High,Closed,2026-03-04 07:53:43,2026-03-07 19:53:43
583,90,7,2025-07-09 08:13:05,2025-07-10 19:13:05,Low,Closed,2025-07-09 08:13:05,2025-07-10 19:13:05
584,368,6,2026-03-04 01:29:20,2026-03-05 10:29:20,Medium,Closed,2026-03-04 01:29:20,2026-03-05 10:29:20
585,612,6,2025-08-12 03:09:54,2025-08-16 00:09:54,High,Closed,2025-08-12 03:09:54,2025-08-16 00:09:54
586,937,4,2026-01-22 15:25:24,2026-01-25 00:25:24,Low,Closed,2026-01-22 15:25:24,2026-01-25 00:25:24
587,903,5,2026-01-28 12:06:26,2026-01-30 08:06:26,Medium,Closed,2026-01-28 12:06:26,2026-01-30 08:06:26
588,640,7,2025-08-01 12:26:09,2025-08-04 08:26:09,Medium,Closed,2025-08-01 12:26:09,2025-08-04 08:26:09
589,140,4,2025-06-25 03:33:34,2025-06-27 21:33:34,Medium,Closed,2025-06-25 03:33:34,2025-06-27 21:33:34
590,976,8,2025-09-03 18:08:33,2025-09-05 09:08:33,Medium,Closed,2025-09-03 18:08:33,2025-09-05 09:08:33
591,497,1,2025-12-28 05:43:17,2025-12-29 08:43:17,Medium,Closed,2025-12-28 05:43:17,2025-12-29 08:43:17
592,112,3,2026-01-22 01:11:39,2026-01-24 09:11:39,High,Closed,2026-01-22 01:11:39,2026-01-24 09:11:39
593,470,3,2025-12-08 18:15:00,2025-12-12 15:15:00,Low,Closed,2025-12-08 18:15:00,2025-12-12 15:15:00
594,203,3,2025-10-15 20:55:37,2025-10-16 05:55:37,Medium,Closed,2025-10-15 20:55:37,2025-10-16 05:55:37
595,756,8,2026-04-15 17:51:00,2026-04-19 15:51:00,Low,Closed,2026-04-15 17:51:00,2026-04-19 15:51:00
596,505,1,2025-06-21 17:26:09,2025-06-24 11:26:09,Medium,Closed,2025-06-21 17:26:09,2025-06-24 11:26:09
597,253,7,2025-09-07 17:36:13,2025-09-08 11:36:13,High,Closed,2025-09-07 17:36:13,2025-09-08 11:36:13
598,840,4,2025-11-22 06:16:00,2025-11-22 13:16:00,Medium,Closed,2025-11-22 06:16:00,2025-11-22 13:16:00
599,692,5,2025-10-16 19:23:02,2025-10-17 02:23:02,Medium,Closed,2025-10-16 19:23:02,2025-10-17 02:23:02
600,375,3,2026-01-09 15:02:42,2026-01-12 14:02:42,High,Closed,2026-01-09 15:02:42,2026-01-12 14:02:42
601,326,6,2025-11-04 23:17:15,2025-11-05 22:17:15,low,Closed,2025-11-04 23:17:15,2025-11-05 22:17:15
602,488,6,2025-11-27 03:49:29,2025-11-30 14:49:29,Medium,Closed,2025-11-27 03:49:29,2025-11-30 14:49:29
603,405,1,2026-02-07 20:25:34,,Medium,In Progress,2026-02-07 20:25:34,2026-02-07 20:25:34
604,561,3,2026-05-31 02:20:17,,Medium,Open,2026-05-31 02:20:17,2026-05-31 02:20:17
605,514,8,2025-06-18 15:56:38,2025-06-20 12:56:38,High,Closed,2025-06-18 15:56:38,2025-06-20 12:56:38
606,201,8,2025-09-30 13:52:50,2025-10-03 13:52:50,Low,Closed,2025-09-30 13:52:50,2025-10-03 13:52:50
607,894,5,2026-03-11 22:04:54,2026-03-14 23:04:54,Medium,Closed,2026-03-11 22:04:54,2026-03-14 23:04:54
608,112,6,2026-01-12 04:46:36,,Medium,Open,2026-01-12 04:46:36,2026-01-12 04:46:36
609,70,4,2025-10-30 12:25:08,2025-11-01 04:25:08,High,Closed,2025-10-30 12:25:08,2025-11-01 04:25:08
610,96,7,2025-07-08 21:58:49,2025-07-11 01:58:49,Low,Closed,2025-07-08 21:58:49,2025-07-11 01:58:49
611,121,5,2026-03-23 23:23:51,2026-03-24 13:23:51,Low,Closed,2026-03-23 23:23:51,2026-03-24 13:23:51
612,574,2,2025-07-28 23:48:50,2025-07-29 10:48:50,Low,Closed,2025-07-28 23:48:50,2025-07-29 10:48:50
613,774,8,2025-09-17 18:58:08,,Low,Open,2025-09-17 18:58:08,2025-09-17 18:58:08
614,39,8,2025-10-18 07:53:26,2025-10-20 18:53:26,Medium,Closed,2025-10-18 07:53:26,2025-10-20 18:53:26
615,639,5,2026-05-17 22:41:03,2026-05-18 06:41:03,Urgent,Closed,2026-05-17 22:41:03,2026-05-18 06:41:03
616,33,1,2025-09-13 20:47:33,2025-09-15 08:47:33,Low,Closed,2025-09-13 20:47:33,2025-09-15 08:47:33
617,608,6,2025-06-28 12:39:03,,High,In Progress,2025-06-28 12:39:03,2025-06-28 12:39:03
618,525,5,2026-03-04 17:17:28,2026-03-07 16:17:28,Medium,Closed,2026-03-04 17:17:28,2026-03-07 16:17:28
619,725,8,2025-10-05 14:56:46,,Medium,In Progress,2025-10-05 14:56:46,2025-10-05 14:56:46
620,333,1,2026-04-04 01:34:08,,Medium,In Progress,2026-04-04 01:34:08,2026-04-04 01:34:08
621,81,1,2025-08-31 05:08:47,2025-09-04 05:08:47,Medium,Closed,2025-08-31 05:08:47,2025-09-04 05:08:47
622,708,1,2026-02-19 12:29:40,2026-02-23 08:29:40,Low,Closed,2026-02-19 12:29:40,2026-02-23 08:29:40
623,677,5,2025-07-04 22:03:05,2025-07-06 11:03:05,Low,Closed,2025-07-04 22:03:05,2025-07-06 11:03:05
624,850,6,2026-03-28 03:21:26,2026-03-31 21:21:26,Medium,Closed,2026-03-28 03:21:26,2026-03-31 21:21:26
625,366,3,2025-11-13 08:35:57,2025-11-16 02:35:57,Medium,Closed,2025-11-13 08:35:57,2025-11-16 02:35:57
626,590,7,2026-02-02 21:24:53,2026-02-03 15:24:53,Medium,Closed,2026-02-02 21:24:53,2026-02-03 15:24:53
627,321,1,2025-07-05 02:53:03,2025-07-06 09:53:03,Medium,Closed,2025-07-05 02:53:03,2025-07-06 09:53:03
628,684,2,2025-09-24 04:01:45,2025-09-28 01:01:45,Medium,Closed,2025-09-24 04:01:45,2025-09-28 01:01:45
629,160,2,2026-03-11 11:55:10,2026-03-13 11:55:10,Low,Closed,2026-03-11 11:55:10,2026-03-13 11:55:10
630,63,4,2026-01-19 08:27:26,,Medium,Open,2026-01-19 08:27:26,2026-01-19 08:27:26
631,280,5,2025-09-14 21:53:11,2025-09-15 14:53:11,Low,Closed,2025-09-14 21:53:11,2025-09-15 14:53:11
632,631,1,2025-07-11 03:40:52,2025-07-15 03:40:52,Low,Closed,2025-07-11 03:40:52,2025-07-15 03:40:52
633,431,7,2025-06-17 02:10:50,2025-06-18 07:10:50,Medium,Closed,2025-06-17 02:10:50,2025-06-18 07:10:50
634,738,7,2026-02-23 09:14:00,2026-02-24 04:14:00,Low,Closed,2026-02-23 09:14:00,2026-02-24 04:14:00
635,607,8,2025-09-27 11:49:11,2025-09-28 09:49:11,Medium,Closed,2025-09-27 11:49:11,2025-09-28 09:49:11
636,786,2,2025-08-11 10:21:37,2025-08-14 10:21:37,Medium,Closed,2025-08-11 10:21:37,2025-08-14 10:21:37
637,921,7,2026-03-15 05:04:42,2026-03-17 15:04:42,Low,Closed,2026-03-15 05:04:42,2026-03-17 15:04:42
638,979,1,2025-10-01 12:55:54,2025-10-04 19:55:54,Low,Closed,2025-10-01 12:55:54,2025-10-04 19:55:54
639,351,3,2025-08-14 02:15:47,2025-08-15 02:15:47,Medium,Closed,2025-08-14 02:15:47,2025-08-15 02:15:47
640,236,8,2026-04-27 02:10:37,2026-04-29 12:10:37,Low,Closed,2026-04-27 02:10:37,2026-04-29 12:10:37
641,584,6,2025-11-10 06:49:27,2025-11-13 23:49:27,Medium,Closed,2025-11-10 06:49:27,2025-11-13 23:49:27
642,232,4,2025-11-18 21:02:25,,Low,In Progress,2025-11-18 21:02:25,2025-11-18 21:02:25
643,73,3,2025-12-16 16:48:20,,High,In Progress,2025-12-16 16:48:20,2025-12-16 16:48:20
644,497,3,2026-05-31 15:52:36,,High,In Progress,2026-05-31 15:52:36,2026-05-31 15:52:36
645,561,7,2026-04-02 14:29:20,2026-04-05 13:29:20,Medium,Closed,2026-04-02 14:29:20,2026-04-05 13:29:20
646,966,3,2026-03-24 08:34:25,2026-03-26 13:34:25,High,Closed,2026-03-24 08:34:25,2026-03-26 13:34:25
647,15,7,2025-10-20 22:04:06,2025-10-22 22:04:06,Urgent,Closed,2025-10-20 22:04:06,2025-10-22 22:04:06
648,273,4,2025-11-16 02:27:06,2025-11-19 19:27:06,Medium,Closed,2025-11-16 02:27:06,2025-11-19 19:27:06
649,315,8,2026-05-30 03:00:04,2026-06-01 20:00:04,Medium,Closed,2026-05-30 03:00:04,2026-06-01 20:00:04
650,322,7,2025-06-14 00:22:44,2025-06-17 06:22:44,Urgent,Closed,2025-06-14 00:22:44,2025-06-17 06:22:44
651,697,4,2025-06-08 17:54:08,,low,In Progress,2025-06-08 17:54:08,2025-06-08 17:54:08
652,91,3,2026-03-30 15:00:06,2026-04-02 03:00:06,High,Closed,2026-03-30 15:00:06,2026-04-02 03:00:06
653,174,7,2025-06-16 21:06:57,2025-06-18 07:06:57,Medium,Closed,2025-06-16 21:06:57,2025-06-18 07:06:57
654,247,3,2025-10-28 23:31:39,2025-10-31 21:31:39,Medium,Closed,2025-10-28 23:31:39,2025-10-31 21:31:39
655,616,6,2025-11-09 06:12:27,2025-11-11 07:12:27,High,Closed,2025-11-09 06:12:27,2025-11-11 07:12:27
656,146,7,2025-08-23 11:36:16,2025-08-25 06:36:16,High,Closed,2025-08-23 11:36:16,2025-08-25 06:36:16
657,411,3,2025-11-12 09:24:37,2025-11-12 21:24:37,High,Closed,2025-11-12 09:24:37,2025-11-12 21:24:37
658,380,6,2026-05-13 02:19:53,,Urgent,Open,2026-05-13 02:19:53,2026-05-13 02:19:53
659,603,3,2025-11-21 23:35:36,2025-11-22 14:35:36,Medium,Closed,2025-11-21 23:35:36,2025-11-22 14:35:36
660,884,2,2026-04-23 18:03:29,,Medium,In Progress,2026-04-23 18:03:29,2026-04-23 18:03:29
661,262,1,2025-09-27 03:43:16,2025-09-28 07:43:16,Low,Closed,2025-09-27 03:43:16,2025-09-28 07:43:16
662,162,3,2026-01-06 07:55:20,2026-01-07 14:55:20,Medium,Closed,2026-01-06 07:55:20,2026-01-07 14:55:20
663,861,5,2025-08-31 06:56:47,,Medium,Open,2025-08-31 06:56:47,2025-08-31 06:56:47
664,920,8,2025-10-08 05:07:14,2025-10-10 18:07:14,High,Closed,2025-10-08 05:07:14,2025-10-10 18:07:14
665,699,8,2026-02-18 01:55:50,2026-02-20 10:55:50,Low,Closed,2026-02-18 01:55:50,2026-02-20 10:55:50
666,385,7,2025-08-02 01:55:46,2025-08-03 21:55:46,Low,Closed,2025-08-02 01:55:46,2025-08-03 21:55:46
667,990,6,2026-05-22 19:41:21,2026-05-24 22:41:21,Low,Closed,2026-05-22 19:41:21,2026-05-24 22:41:21
668,636,8,2025-07-07 16:22:52,2025-07-10 07:22:52,Medium,Closed,2025-07-07 16:22:52,2025-07-10 07:22:52
669,300,6,2026-03-05 10:28:57,2026-03-06 09:28:57,Medium,Closed,2026-03-05 10:28:57,2026-03-06 09:28:57
670,125,7,2025-10-28 23:00:20,2025-10-30 04:00:20,Low,Closed,2025-10-28 23:00:20,2025-10-30 04:00:20
671,899,1,2025-10-19 00:58:07,2025-10-22 01:58:07,Medium,Closed,2025-10-19 00:58:07,2025-10-22 01:58:07
672,866,5,2025-07-26 07:36:34,2025-07-29 16:36:34,Low,Closed,2025-07-26 07:36:34,2025-07-29 16:36:34
673,257,5,2026-04-03 10:53:26,2026-04-04 20:53:26,Medium,Closed,2026-04-03 10:53:26,2026-04-04 20:53:26
674,478,1,2026-04-15 04:59:16,2026-04-17 01:59:16,Low,Closed,2026-04-15 04:59:16,2026-04-17 01:59:16
675,705,1,2025-08-08 08:22:55,,Low,In Progress,2025-08-08 08:22:55,2025-08-08 08:22:55
676,860,4,2025-08-04 13:21:48,2025-08-07 10:21:48,High,Closed,2025-08-04 13:21:48,2025-08-07 10:21:48
677,513,7,2025-08-27 08:21:08,2025-08-27 23:21:08,High,Closed,2025-08-27 08:21:08,2025-08-27 23:21:08
678,702,3,2026-03-02 06:29:57,2026-03-03 01:29:57,High,Closed,2026-03-02 06:29:57,2026-03-03 01:29:57
679,889,5,2026-03-08 06:07:05,,Urgent,In Progress,2026-03-08 06:07:05,2026-03-08 06:07:05
680,429,5,2026-01-31 21:35:55,2026-02-02 07:35:55,High,Closed,2026-01-31 21:35:55,2026-02-02 07:35:55
681,479,1,2026-05-04 00:55:13,2026-05-04 15:55:13,Low,Closed,2026-05-04 00:55:13,2026-05-04 15:55:13
682,474,1,2025-08-18 13:25:48,2025-08-21 02:25:48,Low,Closed,2025-08-18 13:25:48,2025-08-21 02:25:48
683,484,8,2025-07-31 02:23:11,2025-07-31 15:23:11,Medium,Closed,2025-07-31 02:23:11,2025-07-31 15:23:11
684,8,3,2025-12-27 06:57:37,2025-12-27 19:57:37,Medium,Closed,2025-12-27 06:57:37,2025-12-27 19:57:37
685,832,8,2025-07-25 09:52:01,2025-07-26 08:52:01,Medium,Closed,2025-07-25 09:52:01,2025-07-26 08:52:01
686,375,1,2026-05-15 09:47:28,2026-05-19 04:47:28,Medium,Closed,2026-05-15 09:47:28,2026-05-19 04:47:28
687,687,4,2025-09-28 14:10:52,,High,Open,2025-09-28 14:10:52,2025-09-28 14:10:52
688,79,7,2025-06-28 16:31:26,2025-07-01 09:31:26,Low,Closed,2025-06-28 16:31:26,2025-07-01 09:31:26
689,830,1,2026-01-17 04:20:38,2026-01-19 06:20:38,Medium,Closed,2026-01-17 04:20:38,2026-01-19 06:20:38
690,600,6,2025-12-09 19:33:32,2025-12-13 18:33:32,High,Closed,2025-12-09 19:33:32,2025-12-13 18:33:32
691,885,3,2025-09-17 03:36:41,2025-09-17 21:36:41,High,Closed,2025-09-17 03:36:41,2025-09-17 21:36:41
692,65,7,2026-05-03 18:07:33,2026-05-04 09:07:33,Medium,Closed,2026-05-03 18:07:33,2026-05-04 09:07:33
693,888,5,2026-02-17 05:45:52,2026-02-19 23:45:52,High,Closed,2026-02-17 05:45:52,2026-02-19 23:45:52
694,936,5,2025-12-30 01:38:34,2026-01-02 05:38:34,Low,Closed,2025-12-30 01:38:34,2026-01-02 05:38:34
695,529,7,2025-12-11 22:48:38,,Low,Open,2025-12-11 22:48:38,2025-12-11 22:48:38
696,36,7,2026-02-18 21:17:35,2026-02-21 03:17:35,Low,Closed,2026-02-18 21:17:35,2026-02-21 03:17:35
697,742,2,2025-12-30 12:25:20,2026-01-02 10:25:20,Low,Closed,2025-12-30 12:25:20,2026-01-02 10:25:20
698,783,1,2025-06-26 04:52:40,2025-06-28 18:52:40,Low,Closed,2025-06-26 04:52:40,2025-06-28 18:52:40
699,565,7,2026-02-26 21:24:57,2026-03-02 10:24:57,Urgent,Closed,2026-02-26 21:24:57,2026-03-02 10:24:57
700,599,7,2026-04-04 04:41:44,,Medium,In Progress,2026-04-04 04:41:44,2026-04-04 04:41:44
701,884,5,2026-03-24 21:54:41,2026-03-28 19:54:41,Low,Closed,2026-03-24 21:54:41,2026-03-28 19:54:41
702,802,1,2025-08-11 06:43:17,,Medium,Open,2025-08-11 06:43:17,2025-08-11 06:43:17
703,152,7,2025-09-13 21:19:17,2025-09-16 04:19:17,Low,Closed,2025-09-13 21:19:17,2025-09-16 04:19:17
704,343,1,2025-08-08 06:15:03,2025-08-10 23:15:03,Low,Closed,2025-08-08 06:15:03,2025-08-10 23:15:03
705,380,3,2025-10-27 03:31:50,2025-10-28 15:31:50,Low,Closed,2025-10-27 03:31:50,2025-10-28 15:31:50
706,359,3,2025-11-14 00:20:10,2025-11-15 05:20:10,Low,Closed,2025-11-14 00:20:10,2025-11-15 05:20:10
707,628,8,2026-05-29 02:58:50,2026-06-01 12:58:50,Low,Closed,2026-05-29 02:58:50,2026-06-01 12:58:50
708,81,8,2025-11-13 06:25:53,2025-11-14 20:25:53,Medium,Closed,2025-11-13 06:25:53,2025-11-14 20:25:53
709,62,7,2025-11-30 13:08:47,2025-12-01 14:08:47,High,Closed,2025-11-30 13:08:47,2025-12-01 14:08:47
710,295,7,2026-03-29 08:51:28,2026-03-31 02:51:28,Medium,Closed,2026-03-29 08:51:28,2026-03-31 02:51:28
711,853,1,2025-07-13 07:24:19,2025-07-16 08:24:19,High,Closed,2025-07-13 07:24:19,2025-07-16 08:24:19
712,301,1,2025-07-30 02:48:34,2025-08-01 03:48:34,Medium,Closed,2025-07-30 02:48:34,2025-08-01 03:48:34
713,735,5,2025-08-01 22:39:31,2025-08-04 11:39:31,Medium,Closed,2025-08-01 22:39:31,2025-08-04 11:39:31
714,115,1,2025-10-05 12:59:52,2025-10-06 05:59:52,Low,Closed,2025-10-05 12:59:52,2025-10-06 05:59:52
715,593,6,2026-03-13 06:48:18,2026-03-14 01:48:18,Medium,Closed,2026-03-13 06:48:18,2026-03-14 01:48:18
716,841,2,2026-05-28 05:44:45,2026-05-29 02:44:45,Low,Closed,2026-05-28 05:44:45,2026-05-29 02:44:45
717,192,1,2026-05-04 12:37:27,2026-05-07 13:37:27,High,Closed,2026-05-04 12:37:27,2026-05-07 13:37:27
718,539,2,2025-09-18 03:15:21,,High,In Progress,2025-09-18 03:15:21,2025-09-18 03:15:21
719,409,2,2025-08-16 16:08:49,2025-08-19 06:08:49,Low,Closed,2025-08-16 16:08:49,2025-08-19 06:08:49
720,624,1,2025-08-10 23:04:14,2025-08-11 21:04:14,Low,Closed,2025-08-10 23:04:14,2025-08-11 21:04:14
721,244,7,2026-01-16 00:43:06,2026-01-19 05:43:06,Low,Closed,2026-01-16 00:43:06,2026-01-19 05:43:06
722,666,6,2026-03-18 09:33:15,2026-03-19 01:33:15,low,Closed,2026-03-18 09:33:15,2026-03-19 01:33:15
723,229,5,2026-03-17 18:46:39,2026-03-17 20:46:39,Medium,Closed,2026-03-17 18:46:39,2026-03-17 20:46:39
724,699,8,2025-09-22 21:27:22,2025-09-25 15:27:22,Low,Closed,2025-09-22 21:27:22,2025-09-25 15:27:22
725,437,1,2025-10-20 02:53:10,2025-10-23 03:53:10,High,Closed,2025-10-20 02:53:10,2025-10-23 03:53:10
726,984,8,2025-06-07 18:24:39,2025-06-10 01:24:39,high,Closed,2025-06-07 18:24:39,2025-06-10 01:24:39
727,65,1,2025-12-31 08:27:18,,Low,In Progress,2025-12-31 08:27:18,2025-12-31 08:27:18
728,476,8,2025-11-13 18:58:48,2025-11-17 04:58:48,Medium,Closed,2025-11-13 18:58:48,2025-11-17 04:58:48
729,284,4,2026-01-02 03:20:02,2026-01-02 02:20:02,Low,Closed,2026-01-02 03:20:02,2026-01-02 03:20:02
730,674,6,2025-07-07 00:13:35,2025-07-10 10:13:35,Medium,Closed,2025-07-07 00:13:35,2025-07-10 10:13:35
731,894,8,2025-07-22 08:40:18,2025-07-24 21:40:18,Medium,Closed,2025-07-22 08:40:18,2025-07-24 21:40:18
732,389,1,2025-11-05 22:29:01,2025-11-08 01:29:01,Medium,Closed,2025-11-05 22:29:01,2025-11-08 01:29:01
733,994,2,2026-05-19 17:59:19,2026-05-21 10:59:19,Medium,Closed,2026-05-19 17:59:19,2026-05-21 10:59:19
734,124,1,2025-10-17 17:13:13,2025-10-21 12:13:13,Low,Closed,2025-10-17 17:13:13,2025-10-21 12:13:13
735,666,4,2025-07-12 21:02:14,2025-07-15 21:02:14,Low,Closed,2025-07-12 21:02:14,2025-07-15 21:02:14
736,754,4,2026-01-07 02:23:28,2026-01-10 19:23:28,Low,Closed,2026-01-07 02:23:28,2026-01-10 19:23:28
737,791,4,2026-03-16 09:57:53,2026-03-19 07:57:53,Medium,Closed,2026-03-16 09:57:53,2026-03-19 07:57:53
738,975,8,2025-08-18 14:31:11,2025-08-20 16:31:11,Low,Closed,2025-08-18 14:31:11,2025-08-20 16:31:11
739,576,1,2026-04-04 19:02:13,2026-04-08 18:02:13,High,Closed,2026-04-04 19:02:13,2026-04-08 18:02:13
740,650,4,2025-07-24 16:50:58,2025-07-28 03:50:58,Medium,Closed,2025-07-24 16:50:58,2025-07-28 03:50:58
741,445,3,2025-08-21 21:40:24,,Medium,In Progress,2025-08-21 21:40:24,2025-08-21 21:40:24
742,533,5,2025-11-14 13:26:24,2025-11-17 02:26:24,Urgent,Closed,2025-11-14 13:26:24,2025-11-17 02:26:24
743,387,8,2025-10-07 23:50:30,2025-10-10 06:50:30,Medium,Closed,2025-10-07 23:50:30,2025-10-10 06:50:30
744,220,3,2025-09-15 17:58:29,,Medium,Open,2025-09-15 17:58:29,2025-09-15 17:58:29
745,678,1,2025-09-01 05:03:44,2025-09-02 18:03:44,High,Closed,2025-09-01 05:03:44,2025-09-02 18:03:44
746,168,8,2026-05-14 13:34:09,2026-05-18 03:34:09,Medium,Closed,2026-05-14 13:34:09,2026-05-18 03:34:09
747,6,6,2025-06-28 18:42:13,2025-07-01 14:42:13,medium,Closed,2025-06-28 18:42:13,2025-07-01 14:42:13
748,198,2,2025-12-11 04:09:27,2025-12-13 14:09:27,Low,Closed,2025-12-11 04:09:27,2025-12-13 14:09:27
749,669,8,2025-12-23 03:16:04,2025-12-23 14:16:04,High,Closed,2025-12-23 03:16:04,2025-12-23 14:16:04
750,619,3,2025-08-10 15:41:03,2025-08-12 18:41:03,Urgent,Closed,2025-08-10 15:41:03,2025-08-12 18:41:03
751,486,6,2025-11-05 05:17:58,2025-11-06 14:17:58,Medium,Closed,2025-11-05 05:17:58,2025-11-06 14:17:58
752,741,1,2026-01-25 19:49:16,2026-01-28 13:49:16,Medium,Closed,2026-01-25 19:49:16,2026-01-28 13:49:16
753,798,4,2026-01-24 10:40:01,,High,Open,2026-01-24 10:40:01,2026-01-24 10:40:01
754,531,1,2026-05-16 20:09:47,2026-05-17 18:09:47,High,Closed,2026-05-16 20:09:47,2026-05-17 18:09:47
755,511,3,2025-11-02 17:06:22,2025-11-04 22:06:22,High,Closed,2025-11-02 17:06:22,2025-11-04 22:06:22
756,959,4,2026-03-13 17:10:05,2026-03-15 11:10:05,Low,Closed,2026-03-13 17:10:05,2026-03-15 11:10:05
757,21,2,2025-10-23 00:50:28,2025-10-25 19:50:28,Medium,Closed,2025-10-23 00:50:28,2025-10-25 19:50:28
758,245,4,2026-05-28 21:12:00,2026-06-01 10:12:00,Medium,Closed,2026-05-28 21:12:00,2026-06-01 10:12:00
759,71,4,2025-12-18 17:54:23,2025-12-21 20:54:23,Medium,Closed,2025-12-18 17:54:23,2025-12-21 20:54:23
760,135,6,2026-03-15 05:39:19,,Low,In Progress,2026-03-15 05:39:19,2026-03-15 05:39:19
761,445,3,2025-09-26 15:36:08,2025-09-29 03:36:08,Low,Closed,2025-09-26 15:36:08,2025-09-29 03:36:08
762,588,8,2026-04-15 00:59:41,2026-04-16 19:59:41,Medium,Closed,2026-04-15 00:59:41,2026-04-16 19:59:41
763,249,8,2025-06-17 06:52:44,2025-06-18 20:52:44,High,Closed,2025-06-17 06:52:44,2025-06-18 20:52:44
764,1,4,2025-10-31 16:44:11,2025-11-01 01:44:11,High,Closed,2025-10-31 16:44:11,2025-11-01 01:44:11
765,457,5,2025-12-15 12:37:15,2025-12-17 13:37:15,Low,Closed,2025-12-15 12:37:15,2025-12-17 13:37:15
766,649,5,2025-06-13 01:08:36,,High,Open,2025-06-13 01:08:36,2025-06-13 01:08:36
767,451,2,2025-12-11 06:02:23,2025-12-12 15:02:23,Low,Closed,2025-12-11 06:02:23,2025-12-12 15:02:23
768,710,3,2025-12-07 22:12:11,,Medium,Open,2025-12-07 22:12:11,2025-12-07 22:12:11
769,556,6,2025-09-05 03:57:15,2025-09-06 05:57:15,Low,Closed,2025-09-05 03:57:15,2025-09-06 05:57:15
770,121,6,2025-12-06 13:36:19,,Medium,Open,2025-12-06 13:36:19,2025-12-06 13:36:19
771,944,2,2026-02-12 12:19:51,,High,In Progress,2026-02-12 12:19:51,2026-02-12 12:19:51
772,904,6,2025-07-28 02:32:45,2025-07-30 03:32:45,medium,Closed,2025-07-28 02:32:45,2025-07-30 03:32:45
773,68,8,2026-05-15 06:59:19,2026-05-15 13:59:19,Medium,Closed,2026-05-15 06:59:19,2026-05-15 13:59:19
774,541,6,2025-06-22 14:33:27,2025-06-25 19:33:27,Medium,Closed,2025-06-22 14:33:27,2025-06-25 19:33:27
775,994,2,2025-10-29 04:21:16,2025-10-31 22:21:16,High,Closed,2025-10-29 04:21:16,2025-10-31 22:21:16
776,739,2,2025-11-28 00:38:39,2025-12-01 14:38:39,medium,Closed,2025-11-28 00:38:39,2025-12-01 14:38:39
777,235,1,2025-11-28 19:34:45,2025-12-02 01:34:45,Medium,Closed,2025-11-28 19:34:45,2025-12-02 01:34:45
778,28,4,2025-09-17 14:37:08,2025-09-18 23:37:08,Medium,Closed,2025-09-17 14:37:08,2025-09-18 23:37:08
779,263,1,2025-09-04 17:13:50,2025-09-07 19:13:50,Medium,Closed,2025-09-04 17:13:50,2025-09-07 19:13:50
780,212,3,2026-05-21 12:44:14,2026-05-22 02:44:14,Medium,Closed,2026-05-21 12:44:14,2026-05-22 02:44:14
781,10,6,2025-11-23 09:50:31,2025-11-23 04:50:31,Low,Closed,2025-11-23 09:50:31,2025-11-23 09:50:31
782,979,8,2026-02-02 21:29:28,2026-02-03 06:29:28,High,Closed,2026-02-02 21:29:28,2026-02-03 06:29:28
783,94,2,2026-03-14 02:25:50,2026-03-15 22:25:50,High,Closed,2026-03-14 02:25:50,2026-03-15 22:25:50
784,654,4,2026-04-22 21:45:37,2026-04-26 07:45:37,Medium,Closed,2026-04-22 21:45:37,2026-04-26 07:45:37
785,296,4,2025-06-20 22:41:13,2025-06-23 18:41:13,Urgent,Closed,2025-06-20 22:41:13,2025-06-23 18:41:13
786,172,1,2026-01-20 15:48:58,2026-01-23 03:48:58,Low,Closed,2026-01-20 15:48:58,2026-01-23 03:48:58
787,472,7,2025-08-11 12:44:41,2025-08-11 19:44:41,Medium,Closed,2025-08-11 12:44:41,2025-08-11 19:44:41
788,475,3,2026-02-05 08:56:25,,Medium,Open,2026-02-05 08:56:25,2026-02-05 08:56:25
789,492,7,2026-03-31 12:33:24,2026-03-31 14:33:24,Medium,Closed,2026-03-31 12:33:24,2026-03-31 14:33:24
790,162,4,2025-06-24 09:59:32,2025-06-25 11:59:32,Medium,Closed,2025-06-24 09:59:32,2025-06-25 11:59:32
791,114,7,2025-07-24 11:49:52,2025-07-26 23:49:52,Urgent,Closed,2025-07-24 11:49:52,2025-07-26 23:49:52
792,703,4,2026-02-24 00:37:23,,Low,Open,2026-02-24 00:37:23,2026-02-24 00:37:23
793,319,2,2025-11-25 09:27:15,2025-11-28 05:27:15,Medium,Closed,2025-11-25 09:27:15,2025-11-28 05:27:15
794,197,3,2025-10-31 04:13:05,2025-11-02 17:13:05,Low,Closed,2025-10-31 04:13:05,2025-11-02 17:13:05
795,522,3,2025-08-30 07:28:37,,Low,Open,2025-08-30 07:28:37,2025-08-30 07:28:37
796,812,8,2026-03-12 14:49:24,2026-03-15 18:49:24,Low,Closed,2026-03-12 14:49:24,2026-03-15 18:49:24
797,491,4,2025-09-26 03:53:10,,Low,Open,2025-09-26 03:53:10,2025-09-26 03:53:10
798,928,3,2026-05-17 21:03:16,2026-05-20 01:03:16,Low,Closed,2026-05-17 21:03:16,2026-05-20 01:03:16
799,82,5,2025-08-28 15:22:19,2025-09-01 07:22:19,Medium,Closed,2025-08-28 15:22:19,2025-09-01 07:22:19
800,795,8,2025-12-09 09:46:47,2025-12-11 19:46:47,Medium,Closed,2025-12-09 09:46:47,2025-12-11 19:46:47
801,64,4,2026-05-16 16:31:58,,Urgent,In Progress,2026-05-16 16:31:58,2026-05-16 16:31:58
802,341,5,2025-07-16 15:09:43,2025-07-16 17:09:43,High,Closed,2025-07-16 15:09:43,2025-07-16 17:09:43
803,355,6,2026-04-24 17:43:11,2026-04-26 07:43:11,High,Closed,2026-04-24 17:43:11,2026-04-26 07:43:11
804,459,4,2025-06-24 00:33:08,2025-06-25 15:33:08,High,Closed,2025-06-24 00:33:08,2025-06-25 15:33:08
805,670,7,2026-05-10 02:32:40,2026-05-13 03:32:40,Low,Closed,2026-05-10 02:32:40,2026-05-13 03:32:40
806,342,2,2026-05-13 03:43:49,2026-05-14 16:43:49,Low,Closed,2026-05-13 03:43:49,2026-05-14 16:43:49
807,948,4,2025-12-18 07:27:21,2025-12-20 11:27:21,Low,Closed,2025-12-18 07:27:21,2025-12-20 11:27:21
808,428,1,2025-08-22 23:52:46,2025-08-25 00:52:46,High,Closed,2025-08-22 23:52:46,2025-08-25 00:52:46
809,231,6,2025-11-12 21:39:20,2025-11-15 04:39:20,Medium,Closed,2025-11-12 21:39:20,2025-11-15 04:39:20
810,932,4,2025-12-06 10:07:19,2025-12-08 07:07:19,Urgent,Closed,2025-12-06 10:07:19,2025-12-08 07:07:19
811,274,2,2026-03-21 05:51:10,2026-03-22 02:51:10,Medium,Closed,2026-03-21 05:51:10,2026-03-22 02:51:10
812,62,1,2026-02-28 12:52:21,2026-03-01 06:52:21,High,Closed,2026-02-28 12:52:21,2026-03-01 06:52:21
813,14,1,2025-10-05 06:46:47,,Low,Open,2025-10-05 06:46:47,2025-10-05 06:46:47
814,408,4,2025-12-31 18:02:59,2026-01-01 23:02:59,Medium,Closed,2025-12-31 18:02:59,2026-01-01 23:02:59
815,556,3,2025-12-14 08:03:37,2025-12-16 10:03:37,Low,Closed,2025-12-14 08:03:37,2025-12-16 10:03:37
816,895,6,2025-12-29 14:06:17,2025-12-30 20:06:17,Medium,Closed,2025-12-29 14:06:17,2025-12-30 20:06:17
817,71,7,2025-09-05 11:23:50,2025-09-06 10:23:50,Low,Closed,2025-09-05 11:23:50,2025-09-06 10:23:50
818,749,3,2025-12-25 11:27:54,,Low,Open,2025-12-25 11:27:54,2025-12-25 11:27:54
819,398,1,2026-05-30 22:10:57,,Low,In Progress,2026-05-30 22:10:57,2026-05-30 22:10:57
820,660,6,2025-10-09 13:50:20,2025-10-11 19:50:20,High,Closed,2025-10-09 13:50:20,2025-10-11 19:50:20
821,681,6,2025-11-24 23:03:58,2025-11-27 07:03:58,Urgent,Closed,2025-11-24 23:03:58,2025-11-27 07:03:58
822,641,6,2026-01-13 22:13:08,2026-01-16 18:13:08,Medium,Closed,2026-01-13 22:13:08,2026-01-16 18:13:08
823,486,8,2026-03-21 15:00:44,2026-03-24 17:00:44,Low,Closed,2026-03-21 15:00:44,2026-03-24 17:00:44
824,613,8,2025-09-10 23:33:36,2025-09-14 04:33:36,Medium,Closed,2025-09-10 23:33:36,2025-09-14 04:33:36
825,615,2,2025-11-16 19:30:06,2025-11-20 07:30:06,Low,Closed,2025-11-16 19:30:06,2025-11-20 07:30:06
826,553,1,2025-07-12 20:07:11,2025-07-12 23:07:11,Medium,Closed,2025-07-12 20:07:11,2025-07-12 23:07:11
827,352,7,2025-10-03 13:38:07,2025-10-05 17:38:07,High,Closed,2025-10-03 13:38:07,2025-10-05 17:38:07
828,679,1,2026-05-12 18:18:42,2026-05-15 02:18:42,Low,Closed,2026-05-12 18:18:42,2026-05-15 02:18:42
829,826,5,2026-04-11 23:33:27,2026-04-12 21:33:27,High,Closed,2026-04-11 23:33:27,2026-04-12 21:33:27
830,661,4,2026-05-07 07:01:08,2026-05-11 07:01:08,Medium,Closed,2026-05-07 07:01:08,2026-05-11 07:01:08
831,937,2,2026-03-09 12:45:02,2026-03-13 02:45:02,High,Closed,2026-03-09 12:45:02,2026-03-13 02:45:02
832,94,2,2026-01-30 17:19:04,2026-02-01 16:19:04,High,Closed,2026-01-30 17:19:04,2026-02-01 16:19:04
833,781,6,2026-02-28 07:54:17,,Medium,Open,2026-02-28 07:54:17,2026-02-28 07:54:17
834,149,6,2025-12-17 16:10:29,2025-12-18 17:10:29,Medium,Closed,2025-12-17 16:10:29,2025-12-18 17:10:29
835,191,2,2026-04-28 13:04:29,2026-05-02 06:04:29,Low,Closed,2026-04-28 13:04:29,2026-05-02 06:04:29
836,738,7,2025-11-21 05:17:16,2025-11-23 20:17:16,High,Closed,2025-11-21 05:17:16,2025-11-23 20:17:16
837,65,8,2026-03-13 05:07:13,2026-03-16 22:07:13,Low,Closed,2026-03-13 05:07:13,2026-03-16 22:07:13
838,300,1,2025-12-13 19:17:41,2025-12-16 16:17:41,Medium,Closed,2025-12-13 19:17:41,2025-12-16 16:17:41
839,577,6,2025-12-13 13:18:16,2025-12-15 06:18:16,Low,Closed,2025-12-13 13:18:16,2025-12-15 06:18:16
840,798,4,2026-04-03 01:23:39,2026-04-04 20:23:39,Medium,Closed,2026-04-03 01:23:39,2026-04-04 20:23:39
841,569,7,2025-08-17 13:54:07,2025-08-19 03:54:07,Low,Closed,2025-08-17 13:54:07,2025-08-19 03:54:07
842,713,1,2026-03-05 04:05:52,2026-03-06 17:05:52,Medium,Closed,2026-03-05 04:05:52,2026-03-06 17:05:52
843,625,3,2026-04-03 14:14:20,2026-04-05 21:14:20,Urgent,Closed,2026-04-03 14:14:20,2026-04-05 21:14:20
844,857,4,2025-12-25 01:06:48,2025-12-27 04:06:48,Medium,Closed,2025-12-25 01:06:48,2025-12-27 04:06:48
845,470,2,2026-01-14 06:29:44,2026-01-16 16:29:44,Medium,Closed,2026-01-14 06:29:44,2026-01-16 16:29:44
846,437,1,2025-07-06 07:42:39,2025-07-07 06:42:39,Low,Closed,2025-07-06 07:42:39,2025-07-07 06:42:39
847,661,4,2026-01-26 10:04:49,2026-01-29 14:04:49,Medium,Closed,2026-01-26 10:04:49,2026-01-29 14:04:49
848,968,6,2025-10-08 21:45:10,,Medium,In Progress,2025-10-08 21:45:10,2025-10-08 21:45:10
849,950,3,2025-11-11 17:20:46,2025-11-13 21:20:46,Low,Closed,2025-11-11 17:20:46,2025-11-13 21:20:46
850,531,4,2025-06-07 23:19:04,2025-06-09 20:19:04,Low,Closed,2025-06-07 23:19:04,2025-06-09 20:19:04
851,179,1,2025-09-03 18:04:05,2025-09-06 11:04:05,Low,Closed,2025-09-03 18:04:05,2025-09-06 11:04:05
852,517,5,2026-05-31 05:57:50,,Medium,Open,2026-05-31 05:57:50,2026-05-31 05:57:50
853,127,3,2025-12-25 07:01:05,2025-12-26 11:01:05,Medium,Closed,2025-12-25 07:01:05,2025-12-26 11:01:05
854,568,6,2026-03-22 22:59:04,2026-03-24 09:59:04,Medium,Closed,2026-03-22 22:59:04,2026-03-24 09:59:04
855,449,6,2025-11-19 02:55:57,2025-11-20 04:55:57,Medium,Closed,2025-11-19 02:55:57,2025-11-20 04:55:57
856,434,7,2025-07-03 12:20:17,2025-07-04 20:20:17,Medium,Closed,2025-07-03 12:20:17,2025-07-04 20:20:17
857,654,3,2026-02-20 13:03:22,2026-02-22 19:03:22,Low,Closed,2026-02-20 13:03:22,2026-02-22 19:03:22
858,887,8,2026-01-12 22:27:54,2026-01-14 04:27:54,Low,Closed,2026-01-12 22:27:54,2026-01-14 04:27:54
859,59,8,2025-12-30 15:29:56,2025-12-31 07:29:56,High,Closed,2025-12-30 15:29:56,2025-12-31 07:29:56
860,106,1,2025-09-29 22:22:35,,Low,In Progress,2025-09-29 22:22:35,2025-09-29 22:22:35
861,602,3,2025-11-08 06:32:48,2025-11-09 00:32:48,Low,Closed,2025-11-08 06:32:48,2025-11-09 00:32:48
862,604,4,2026-03-06 04:23:39,2026-03-06 15:23:39,Low,Closed,2026-03-06 04:23:39,2026-03-06 15:23:39
863,149,3,2026-04-18 10:04:46,2026-04-21 19:04:46,Medium,Closed,2026-04-18 10:04:46,2026-04-21 19:04:46
864,160,8,2026-04-07 12:43:56,2026-04-10 18:43:56,Low,Closed,2026-04-07 12:43:56,2026-04-10 18:43:56
865,28,6,2026-03-30 12:18:49,2026-04-01 16:18:49,medium,Closed,2026-03-30 12:18:49,2026-04-01 16:18:49
866,924,5,2026-05-28 14:44:37,2026-05-31 12:44:37,Medium,Closed,2026-05-28 14:44:37,2026-05-31 12:44:37
867,26,7,2025-08-19 13:34:24,2025-08-20 18:34:24,Medium,Closed,2025-08-19 13:34:24,2025-08-20 18:34:24
868,336,7,2025-08-22 04:57:44,,Low,Open,2025-08-22 04:57:44,2025-08-22 04:57:44
869,740,4,2025-06-16 10:43:05,2025-06-17 05:43:05,High,Closed,2025-06-16 10:43:05,2025-06-17 05:43:05
870,163,4,2025-09-27 23:06:00,2025-09-28 07:06:00,urgent,Closed,2025-09-27 23:06:00,2025-09-28 07:06:00
871,79,8,2025-06-12 06:53:20,2025-06-14 02:53:20,High,Closed,2025-06-12 06:53:20,2025-06-14 02:53:20
872,459,6,2025-10-04 11:03:32,2025-10-06 13:03:32,Low,Closed,2025-10-04 11:03:32,2025-10-06 13:03:32
873,199,6,2025-09-14 06:58:00,2025-09-14 08:58:00,Medium,Closed,2025-09-14 06:58:00,2025-09-14 08:58:00
874,296,2,2026-01-04 21:23:34,,Medium,In Progress,2026-01-04 21:23:34,2026-01-04 21:23:34
875,962,7,2026-03-28 17:47:22,2026-03-29 15:47:22,Medium,Closed,2026-03-28 17:47:22,2026-03-29 15:47:22
876,147,8,2026-03-14 02:21:00,2026-03-14 11:21:00,Medium,Closed,2026-03-14 02:21:00,2026-03-14 11:21:00
877,749,1,2025-09-28 03:50:54,2025-09-30 02:50:54,Low,Closed,2025-09-28 03:50:54,2025-09-30 02:50:54
878,261,2,2025-09-26 22:50:02,2025-09-27 18:50:02,Low,Closed,2025-09-26 22:50:02,2025-09-27 18:50:02
879,262,5,2025-09-13 15:32:30,2025-09-17 14:32:30,Low,Closed,2025-09-13 15:32:30,2025-09-17 14:32:30
880,885,3,2025-07-03 22:35:06,2025-07-04 15:35:06,Low,Closed,2025-07-03 22:35:06,2025-07-04 15:35:06
881,128,6,2026-03-03 13:10:02,2026-03-06 14:10:02,High,Closed,2026-03-03 13:10:02,2026-03-06 14:10:02
882,467,4,2026-05-31 00:01:22,,Low,Open,2026-05-31 00:01:22,2026-05-31 00:01:22
883,971,3,2026-05-27 15:13:58,2026-05-30 11:13:58,Medium,Closed,2026-05-27 15:13:58,2026-05-30 11:13:58
884,560,5,2026-03-07 05:34:38,2026-03-07 16:34:38,Low,Closed,2026-03-07 05:34:38,2026-03-07 16:34:38
885,524,1,2026-04-24 15:54:42,,Urgent,Open,2026-04-24 15:54:42,2026-04-24 15:54:42
886,161,1,2026-05-31 22:55:36,,Low,Open,2026-05-31 22:55:36,2026-05-31 22:55:36
887,253,1,2026-01-18 09:39:10,2026-01-21 11:39:10,High,Closed,2026-01-18 09:39:10,2026-01-21 11:39:10
888,814,3,2026-05-01 06:20:58,,Medium,Open,2026-05-01 06:20:58,2026-05-01 06:20:58
889,205,7,2026-02-15 08:35:57,2026-02-15 15:35:57,Medium,Closed,2026-02-15 08:35:57,2026-02-15 15:35:57
890,949,4,2025-06-16 23:11:08,2025-06-19 00:11:08,Medium,Closed,2025-06-16 23:11:08,2025-06-19 00:11:08
891,412,2,2026-01-10 00:52:06,2026-01-12 13:52:06,Low,Closed,2026-01-10 00:52:06,2026-01-12 13:52:06
892,65,8,2025-06-30 18:49:19,2025-07-01 13:49:19,Low,Closed,2025-06-30 18:49:19,2025-07-01 13:49:19
893,747,6,2025-12-06 21:03:37,2025-12-08 05:03:37,Medium,Closed,2025-12-06 21:03:37,2025-12-08 05:03:37
894,934,2,2025-06-20 23:15:46,2025-06-22 21:15:46,Low,Closed,2025-06-20 23:15:46,2025-06-22 21:15:46
895,665,3,2026-01-05 15:02:03,2026-01-07 15:02:03,Low,Closed,2026-01-05 15:02:03,2026-01-07 15:02:03
896,772,6,2025-07-24 17:15:20,2025-07-28 07:15:20,Low,Closed,2025-07-24 17:15:20,2025-07-28 07:15:20
897,749,5,2025-07-10 06:12:51,,medium,In Progress,2025-07-10 06:12:51,2025-07-10 06:12:51
898,601,8,2026-04-13 13:43:16,,Medium,In Progress,2026-04-13 13:43:16,2026-04-13 13:43:16
899,789,5,2025-12-14 18:49:46,2025-12-18 17:49:46,High,Closed,2025-12-14 18:49:46,2025-12-18 17:49:46
900,154,7,2025-09-26 07:35:21,2025-09-28 01:35:21,Low,Closed,2025-09-26 07:35:21,2025-09-28 01:35:21
901,988,8,2025-11-06 10:54:44,2025-11-09 04:54:44,Medium,Closed,2025-11-06 10:54:44,2025-11-09 04:54:44
902,172,1,2026-01-21 20:11:06,2026-01-24 21:11:06,Low,Closed,2026-01-21 20:11:06,2026-01-24 21:11:06
903,142,7,2025-06-17 19:29:38,,Medium,In Progress,2025-06-17 19:29:38,2025-06-17 19:29:38
904,215,2,2025-07-09 23:54:21,2025-07-11 05:54:21,Medium,Closed,2025-07-09 23:54:21,2025-07-11 05:54:21
905,722,7,2026-01-20 16:38:35,2026-01-23 07:38:35,Low,Closed,2026-01-20 16:38:35,2026-01-23 07:38:35
906,448,3,2025-10-06 01:45:33,2025-10-08 17:45:33,Medium,Closed,2025-10-06 01:45:33,2025-10-08 17:45:33
907,934,2,2026-01-19 04:03:47,2026-01-20 14:03:47,Low,Closed,2026-01-19 04:03:47,2026-01-20 14:03:47
908,105,6,2025-09-09 04:03:41,2025-09-10 18:03:41,High,Closed,2025-09-09 04:03:41,2025-09-10 18:03:41
909,644,5,2026-05-27 06:11:56,2026-05-27 14:11:56,Low,Closed,2026-05-27 06:11:56,2026-05-27 14:11:56
910,671,4,2026-04-17 19:26:28,2026-04-19 15:26:28,Medium,Closed,2026-04-17 19:26:28,2026-04-19 15:26:28
911,895,1,2025-10-27 17:28:03,2025-10-27 20:28:03,High,Closed,2025-10-27 17:28:03,2025-10-27 20:28:03
912,560,5,2026-03-21 12:58:43,2026-03-24 22:58:43,Low,Closed,2026-03-21 12:58:43,2026-03-24 22:58:43
913,302,3,2026-03-03 03:41:06,,Medium,Open,2026-03-03 03:41:06,2026-03-03 03:41:06
914,300,7,2025-11-21 09:45:30,2025-11-23 14:45:30,Low,Closed,2025-11-21 09:45:30,2025-11-23 14:45:30
915,123,8,2025-09-24 15:08:08,,Low,In Progress,2025-09-24 15:08:08,2025-09-24 15:08:08
916,49,7,2025-06-20 14:19:46,,Medium,Open,2025-06-20 14:19:46,2025-06-20 14:19:46
917,446,1,2025-08-22 07:37:06,2025-08-23 00:37:06,Medium,Closed,2025-08-22 07:37:06,2025-08-23 00:37:06
918,334,3,2025-08-18 08:10:41,2025-08-19 06:10:41,High,Closed,2025-08-18 08:10:41,2025-08-19 06:10:41
919,528,1,2025-08-23 20:45:18,2025-08-26 22:45:18,High,Closed,2025-08-23 20:45:18,2025-08-26 22:45:18
920,34,6,2026-04-05 14:48:49,2026-04-08 22:48:49,Low,Closed,2026-04-05 14:48:49,2026-04-08 22:48:49
921,702,3,2025-12-03 18:30:10,2025-12-05 06:30:10,Low,Closed,2025-12-03 18:30:10,2025-12-05 06:30:10
922,235,5,2026-05-19 04:24:50,2026-05-21 08:24:50,Medium,Closed,2026-05-19 04:24:50,2026-05-21 08:24:50
923,244,6,2026-05-20 09:33:44,2026-05-21 13:33:44,Medium,Closed,2026-05-20 09:33:44,2026-05-21 13:33:44
924,468,3,2025-08-27 09:38:09,2025-08-29 03:38:09,Low,Closed,2025-08-27 09:38:09,2025-08-29 03:38:09
925,400,8,2025-09-24 08:38:28,2025-09-25 09:38:28,Medium,Closed,2025-09-24 08:38:28,2025-09-25 09:38:28
926,481,2,2025-07-30 06:55:26,2025-07-30 09:55:26,Medium,Closed,2025-07-30 06:55:26,2025-07-30 09:55:26
927,542,4,2025-06-18 17:06:06,2025-06-20 05:06:06,High,Closed,2025-06-18 17:06:06,2025-06-20 05:06:06
928,606,7,2025-09-02 19:57:27,2025-09-05 00:57:27,Low,Closed,2025-09-02 19:57:27,2025-09-05 00:57:27
929,275,5,2025-12-03 00:36:11,2025-12-06 12:36:11,Low,Closed,2025-12-03 00:36:11,2025-12-06 12:36:11
930,497,1,2025-06-30 02:28:57,,Medium,In Progress,2025-06-30 02:28:57,2025-06-30 02:28:57
931,662,4,2025-10-16 08:40:25,2025-10-17 05:40:25,Medium,Closed,2025-10-16 08:40:25,2025-10-17 05:40:25
932,899,1,2025-09-06 12:18:52,2025-09-08 06:18:52,High,Closed,2025-09-06 12:18:52,2025-09-08 06:18:52
933,446,7,2025-12-21 09:21:00,2025-12-24 04:21:00,High,Closed,2025-12-21 09:21:00,2025-12-24 04:21:00
934,33,8,2025-12-21 19:53:43,2025-12-25 05:53:43,Medium,Closed,2025-12-21 19:53:43,2025-12-25 05:53:43
935,920,2,2026-02-07 04:18:39,2026-02-07 15:18:39,Medium,Closed,2026-02-07 04:18:39,2026-02-07 15:18:39
936,266,8,2026-01-02 19:23:46,2026-01-05 02:23:46,Medium,Closed,2026-01-02 19:23:46,2026-01-05 02:23:46
937,880,3,2025-12-16 19:49:38,2025-12-19 08:49:38,Medium,Closed,2025-12-16 19:49:38,2025-12-19 08:49:38
938,538,3,2026-03-23 11:47:10,2026-03-25 14:47:10,Medium,Closed,2026-03-23 11:47:10,2026-03-25 14:47:10
939,537,7,2025-10-21 00:58:43,,Medium,Open,2025-10-21 00:58:43,2025-10-21 00:58:43
940,54,2,2025-12-22 22:08:52,2025-12-23 14:08:52,High,Closed,2025-12-22 22:08:52,2025-12-23 14:08:52
941,905,8,2025-08-14 04:32:58,2025-08-16 06:32:58,High,Closed,2025-08-14 04:32:58,2025-08-16 06:32:58
942,348,7,2026-03-29 18:22:08,2026-03-30 15:22:08,Medium,Closed,2026-03-29 18:22:08,2026-03-30 15:22:08
943,946,5,2026-02-24 13:09:35,2026-02-28 07:09:35,Medium,Closed,2026-02-24 13:09:35,2026-02-28 07:09:35
944,920,3,2026-03-19 12:54:59,2026-03-22 07:54:59,Medium,Closed,2026-03-19 12:54:59,2026-03-22 07:54:59
945,499,3,2025-11-06 05:00:35,2025-11-08 04:00:35,High,Closed,2025-11-06 05:00:35,2025-11-08 04:00:35
946,138,8,2025-12-28 23:33:37,2025-12-29 04:33:37,High,Closed,2025-12-28 23:33:37,2025-12-29 04:33:37
947,963,1,2025-11-24 04:11:13,2025-11-27 23:11:13,High,Closed,2025-11-24 04:11:13,2025-11-27 23:11:13
948,366,2,2026-02-19 16:02:52,,Urgent,Open,2026-02-19 16:02:52,2026-02-19 16:02:52
949,569,7,2026-05-13 14:23:28,2026-05-16 15:23:28,Medium,Closed,2026-05-13 14:23:28,2026-05-16 15:23:28
950,480,8,2025-09-01 05:26:34,2025-09-05 05:26:34,Low,Closed,2025-09-01 05:26:34,2025-09-05 05:26:34
951,502,7,2025-09-14 16:17:01,2025-09-16 18:17:01,Low,Closed,2025-09-14 16:17:01,2025-09-16 18:17:01
952,836,1,2026-04-16 20:33:39,2026-04-16 23:33:39,High,Closed,2026-04-16 20:33:39,2026-04-16 23:33:39
953,840,1,2025-06-08 02:21:05,2025-06-09 21:21:05,Medium,Closed,2025-06-08 02:21:05,2025-06-09 21:21:05
954,627,7,2026-05-29 09:49:36,2026-05-30 03:49:36,High,Closed,2026-05-29 09:49:36,2026-05-30 03:49:36
955,233,6,2026-02-06 06:04:01,2026-02-09 22:04:01,Medium,Closed,2026-02-06 06:04:01,2026-02-09 22:04:01
956,243,6,2026-03-22 10:34:58,2026-03-24 18:34:58,Urgent,Closed,2026-03-22 10:34:58,2026-03-24 18:34:58
957,431,3,2026-01-07 03:16:01,2026-01-08 22:16:01,Low,Closed,2026-01-07 03:16:01,2026-01-08 22:16:01
958,997,5,2025-11-09 05:26:08,2025-11-12 23:26:08,High,Closed,2025-11-09 05:26:08,2025-11-12 23:26:08
959,357,5,2026-01-27 09:13:01,2026-01-31 07:13:01,Medium,Closed,2026-01-27 09:13:01,2026-01-31 07:13:01
960,30,8,2026-02-03 12:20:43,2026-02-05 14:20:43,High,Closed,2026-02-03 12:20:43,2026-02-05 14:20:43
961,291,2,2026-02-18 22:36:02,2026-02-19 17:36:02,Medium,Closed,2026-02-18 22:36:02,2026-02-19 17:36:02
962,550,2,2025-09-30 06:43:50,,Low,Open,2025-09-30 06:43:50,2025-09-30 06:43:50
963,734,4,2025-12-02 01:23:59,2025-12-04 22:23:59,Low,Closed,2025-12-02 01:23:59,2025-12-04 22:23:59
964,295,6,2025-06-08 10:59:34,2025-06-09 08:59:34,Medium,Closed,2025-06-08 10:59:34,2025-06-09 08:59:34
965,933,1,2025-11-27 19:14:37,2025-11-28 06:14:37,Low,Closed,2025-11-27 19:14:37,2025-11-28 06:14:37
966,775,2,2026-05-13 07:01:41,2026-05-14 05:01:41,High,Closed,2026-05-13 07:01:41,2026-05-14 05:01:41
967,273,7,2026-04-27 01:18:16,,Medium,In Progress,2026-04-27 01:18:16,2026-04-27 01:18:16
968,434,4,2026-01-29 13:03:20,2026-01-30 06:03:20,Medium,Closed,2026-01-29 13:03:20,2026-01-30 06:03:20
969,86,2,2025-12-17 12:48:40,2025-12-18 23:48:40,Medium,Closed,2025-12-17 12:48:40,2025-12-18 23:48:40
970,714,5,2026-03-28 16:50:55,2026-03-29 07:50:55,Medium,Closed,2026-03-28 16:50:55,2026-03-29 07:50:55
971,623,3,2025-09-30 04:56:24,2025-10-04 04:56:24,Low,Closed,2025-09-30 04:56:24,2025-10-04 04:56:24
972,84,2,2026-04-28 20:07:16,2026-04-30 13:07:16,Low,Closed,2026-04-28 20:07:16,2026-04-30 13:07:16
973,970,2,2025-12-27 21:45:37,2025-12-30 11:45:37,Low,Closed,2025-12-27 21:45:37,2025-12-30 11:45:37
974,136,2,2025-11-23 05:44:39,2025-11-26 12:44:39,Medium,Closed,2025-11-23 05:44:39,2025-11-26 12:44:39
975,649,8,2025-11-18 23:48:44,2025-11-19 18:48:44,Low,Closed,2025-11-18 23:48:44,2025-11-19 18:48:44
976,275,5,2025-09-10 17:31:28,2025-09-13 18:31:28,Low,Closed,2025-09-10 17:31:28,2025-09-13 18:31:28
977,29,7,2026-02-03 11:47:35,2026-02-04 00:47:35,Medium,Closed,2026-02-03 11:47:35,2026-02-04 00:47:35
978,698,3,2025-10-22 15:42:43,2025-10-23 12:42:43,Low,Closed,2025-10-22 15:42:43,2025-10-23 12:42:43
979,214,1,2026-04-04 12:39:23,2026-04-05 13:39:23,Medium,Closed,2026-04-04 12:39:23,2026-04-05 13:39:23
980,500,4,2026-03-20 17:06:31,2026-03-22 05:06:31,Medium,Closed,2026-03-20 17:06:31,2026-03-22 05:06:31
981,92,2,2025-08-07 06:14:16,2025-08-10 03:14:16,High,Closed,2025-08-07 06:14:16,2025-08-10 03:14:16
982,796,3,2025-09-30 01:34:03,2025-10-03 16:34:03,Low,Closed,2025-09-30 01:34:03,2025-10-03 16:34:03
983,241,7,2025-07-15 13:05:44,2025-07-16 11:05:44,Low,Closed,2025-07-15 13:05:44,2025-07-16 11:05:44
984,383,8,2025-12-19 06:48:32,2025-12-20 00:48:32,Medium,Closed,2025-12-19 06:48:32,2025-12-20 00:48:32
985,248,8,2026-02-01 09:56:50,2026-02-04 06:56:50,Low,Closed,2026-02-01 09:56:50,2026-02-04 06:56:50
986,130,4,2026-03-30 15:36:21,2026-04-01 12:36:21,Medium,Closed,2026-03-30 15:36:21,2026-04-01 12:36:21
987,712,8,2025-10-15 05:02:45,2025-10-17 04:02:45,Urgent,Closed,2025-10-15 05:02:45,2025-10-17 04:02:45
988,803,7,2025-11-29 17:11:52,2025-11-30 08:11:52,Medium,Closed,2025-11-29 17:11:52,2025-11-30 08:11:52
989,760,6,2025-09-26 18:01:36,2025-09-26 16:01:36,Urgent,Closed,2025-09-26 18:01:36,2025-09-26 18:01:36
990,604,2,2025-07-02 01:17:00,2025-07-05 20:17:00,Medium,Closed,2025-07-02 01:17:00,2025-07-05 20:17:00
991,778,6,2026-03-10 21:37:08,2026-03-13 19:37:08,Medium,Closed,2026-03-10 21:37:08,2026-03-13 19:37:08
992,367,6,2025-10-14 13:05:51,2025-10-17 23:05:51,Low,Closed,2025-10-14 13:05:51,2025-10-17 23:05:51
993,963,5,2026-05-30 12:32:45,2026-05-30 23:32:45,High,Closed,2026-05-30 12:32:45,2026-05-30 23:32:45
994,276,1,2025-09-22 13:46:03,2025-09-25 15:46:03,Medium,Closed,2025-09-22 13:46:03,2025-09-25 15:46:03
995,997,3,2026-02-03 17:38:28,2026-02-07 01:38:28,High,Closed,2026-02-03 17:38:28,2026-02-07 01:38:28
996,973,5,2025-12-07 02:59:22,2025-12-09 05:59:22,High,Closed,2025-12-07 02:59:22,2025-12-09 05:59:22
997,984,7,2026-01-28 00:46:41,,Medium,In Progress,2026-01-28 00:46:41,2026-01-28 00:46:41
998,94,1,2025-10-25 01:41:54,2025-10-25 19:41:54,Low,Closed,2025-10-25 01:41:54,2025-10-25 19:41:54
999,589,8,2025-11-20 11:02:34,2025-11-23 20:02:34,Medium,Closed,2025-11-20 11:02:34,2025-11-23 20:02:34
1000,251,2,2026-04-12 15:19:00,2026-04-15 14:19:00,High,Closed,2026-04-12 15:19:00,2026-04-15 14:19:00
1001,654,1,2025-06-25 16:47:59,2025-06-25 18:47:59,High,Closed,2025-06-25 16:47:59,2025-06-25 18:47:59
1002,707,2,2025-09-15 14:35:55,2025-09-16 15:35:55,Low,Closed,2025-09-15 14:35:55,2025-09-16 15:35:55
1003,900,4,2025-09-19 03:18:06,2025-09-19 10:18:06,Medium,Closed,2025-09-19 03:18:06,2025-09-19 10:18:06
1004,900,2,2026-04-21 13:24:14,2026-04-24 12:24:14,medium,Closed,2026-04-21 13:24:14,2026-04-24 12:24:14
1005,507,2,2025-07-23 11:32:26,2025-07-24 20:32:26,High,Closed,2025-07-23 11:32:26,2025-07-24 20:32:26
1006,316,6,2025-11-27 13:56:07,2025-12-01 02:56:07,Medium,Closed,2025-11-27 13:56:07,2025-12-01 02:56:07
1007,616,5,2025-09-29 10:01:04,2025-10-01 11:01:04,Low,Closed,2025-09-29 10:01:04,2025-10-01 11:01:04
1008,2,1,2025-11-20 16:35:11,2025-11-21 14:35:11,Low,Closed,2025-11-20 16:35:11,2025-11-21 14:35:11
1009,735,6,2026-02-21 20:19:40,,Low,In Progress,2026-02-21 20:19:40,2026-02-21 20:19:40
1010,101,2,2025-07-30 11:23:57,2025-08-01 06:23:57,Medium,Closed,2025-07-30 11:23:57,2025-08-01 06:23:57
1011,604,6,2025-12-27 16:38:32,2025-12-30 14:38:32,Medium,Closed,2025-12-27 16:38:32,2025-12-30 14:38:32
1012,753,4,2026-04-19 05:25:19,2026-04-23 01:25:19,Medium,Closed,2026-04-19 05:25:19,2026-04-23 01:25:19
1013,271,3,2025-08-21 16:27:45,2025-08-23 19:27:45,Medium,Closed,2025-08-21 16:27:45,2025-08-23 19:27:45
1014,357,1,2025-08-08 03:49:13,2025-08-09 21:49:13,Low,Closed,2025-08-08 03:49:13,2025-08-09 21:49:13
1015,551,4,2026-01-13 06:10:15,2026-01-14 17:10:15,Medium,Closed,2026-01-13 06:10:15,2026-01-14 17:10:15
1016,202,5,2025-07-21 14:23:07,2025-07-25 01:23:07,Medium,Closed,2025-07-21 14:23:07,2025-07-25 01:23:07
1017,145,2,2026-01-08 03:53:39,2026-01-09 23:53:39,Medium,Closed,2026-01-08 03:53:39,2026-01-09 23:53:39
1018,992,7,2026-01-10 10:57:50,2026-01-14 03:57:50,Medium,Closed,2026-01-10 10:57:50,2026-01-14 03:57:50
1019,347,6,2025-06-25 23:42:11,2025-06-28 08:42:11,Medium,Closed,2025-06-25 23:42:11,2025-06-28 08:42:11
1020,116,1,2025-11-10 21:36:14,2025-11-14 06:36:14,Low,Closed,2025-11-10 21:36:14,2025-11-14 06:36:14
1021,199,6,2025-10-20 02:53:10,2025-10-20 13:53:10,high,Closed,2025-10-20 02:53:10,2025-10-20 13:53:10
1022,795,3,2025-12-26 04:03:31,,Low,In Progress,2025-12-26 04:03:31,2025-12-26 04:03:31
1023,996,6,2025-08-20 19:57:41,2025-08-21 03:57:41,Medium,Closed,2025-08-20 19:57:41,2025-08-21 03:57:41
1024,595,8,2026-02-16 15:45:06,2026-02-19 19:45:06,Low,Closed,2026-02-16 15:45:06,2026-02-19 19:45:06
1025,687,2,2026-05-06 13:42:49,2026-05-08 13:42:49,High,Closed,2026-05-06 13:42:49,2026-05-08 13:42:49
1026,328,5,2025-11-01 04:05:13,2025-11-03 00:05:13,Low,Closed,2025-11-01 04:05:13,2025-11-03 00:05:13
1027,148,1,2026-03-10 09:27:41,2026-03-10 19:27:41,Low,Closed,2026-03-10 09:27:41,2026-03-10 19:27:41
1028,820,2,2026-01-12 19:10:06,,Low,Open,2026-01-12 19:10:06,2026-01-12 19:10:06
1029,763,7,2025-08-26 09:05:27,2025-08-26 15:05:27,Medium,Closed,2025-08-26 09:05:27,2025-08-26 15:05:27
1030,477,7,2025-07-10 08:20:35,2025-07-14 06:20:35,Medium,Closed,2025-07-10 08:20:35,2025-07-14 06:20:35
1031,834,5,2025-11-28 06:24:38,2025-11-29 06:24:38,Medium,Closed,2025-11-28 06:24:38,2025-11-29 06:24:38
1032,369,1,2026-03-17 06:10:48,2026-03-19 01:10:48,Low,Closed,2026-03-17 06:10:48,2026-03-19 01:10:48
1033,221,7,2026-04-11 01:19:49,2026-04-13 09:19:49,Low,Closed,2026-04-11 01:19:49,2026-04-13 09:19:49
1034,713,1,2026-01-16 21:40:49,2026-01-20 16:40:49,Medium,Closed,2026-01-16 21:40:49,2026-01-20 16:40:49
1035,389,7,2026-02-24 20:04:09,2026-02-25 17:04:09,Medium,Closed,2026-02-24 20:04:09,2026-02-25 17:04:09
1036,241,1,2025-09-02 20:37:08,2025-09-06 10:37:08,Medium,Closed,2025-09-02 20:37:08,2025-09-06 10:37:08
1037,679,5,2026-04-19 10:32:26,2026-04-19 20:32:26,High,Closed,2026-04-19 10:32:26,2026-04-19 20:32:26
1038,261,2,2025-09-24 23:03:00,2025-09-27 18:03:00,Low,Closed,2025-09-24 23:03:00,2025-09-27 18:03:00
1039,384,6,2025-12-21 16:39:59,2025-12-21 19:39:59,Medium,Closed,2025-12-21 16:39:59,2025-12-21 19:39:59
1040,336,2,2025-07-04 01:28:49,2025-07-06 04:28:49,Low,Closed,2025-07-04 01:28:49,2025-07-06 04:28:49
1041,615,7,2025-06-28 10:04:56,2025-06-30 10:04:56,Medium,Closed,2025-06-28 10:04:56,2025-06-30 10:04:56
1042,278,7,2025-08-21 16:06:35,2025-08-25 10:06:35,Low,Closed,2025-08-21 16:06:35,2025-08-25 10:06:35
1043,115,8,2026-04-11 06:16:58,2026-04-11 10:16:58,Low,Closed,2026-04-11 06:16:58,2026-04-11 10:16:58
1044,175,4,2026-03-29 09:42:51,2026-03-30 22:42:51,Medium,Closed,2026-03-29 09:42:51,2026-03-30 22:42:51
1045,561,1,2025-10-04 18:24:07,2025-10-08 05:24:07,Low,Closed,2025-10-04 18:24:07,2025-10-08 05:24:07
1046,115,6,2025-10-30 19:53:44,2025-11-02 08:53:44,Medium,Closed,2025-10-30 19:53:44,2025-11-02 08:53:44
1047,742,2,2026-01-08 03:08:43,2026-01-09 04:08:43,Low,Closed,2026-01-08 03:08:43,2026-01-09 04:08:43
1048,672,3,2026-01-30 14:55:44,,Medium,Open,2026-01-30 14:55:44,2026-01-30 14:55:44
1049,50,5,2025-10-26 04:47:50,2025-10-26 06:47:50,Medium,Closed,2025-10-26 04:47:50,2025-10-26 06:47:50
1050,453,8,2026-05-18 04:58:42,2026-05-19 00:58:42,Medium,Closed,2026-05-18 04:58:42,2026-05-19 00:58:42
1051,706,3,2025-06-19 01:04:54,2025-06-19 19:04:54,Medium,Closed,2025-06-19 01:04:54,2025-06-19 19:04:54
1052,554,4,2026-01-07 09:04:03,2026-01-10 08:04:03,high,Closed,2026-01-07 09:04:03,2026-01-10 08:04:03
1053,752,8,2025-09-04 14:15:34,,High,In Progress,2025-09-04 14:15:34,2025-09-04 14:15:34
1054,416,7,2025-06-27 22:05:21,2025-06-29 14:05:21,Medium,Closed,2025-06-27 22:05:21,2025-06-29 14:05:21
1055,427,3,2026-04-05 02:40:10,,Medium,Open,2026-04-05 02:40:10,2026-04-05 02:40:10
1056,692,8,2025-10-11 21:55:33,2025-10-15 12:55:33,Low,Closed,2025-10-11 21:55:33,2025-10-15 12:55:33
1057,236,6,2025-12-14 06:37:21,2025-12-18 06:37:21,Low,Closed,2025-12-14 06:37:21,2025-12-18 06:37:21
1058,354,7,2025-10-31 14:26:13,2025-11-01 04:26:13,Medium,Closed,2025-10-31 14:26:13,2025-11-01 04:26:13
1059,661,7,2025-07-18 10:25:22,2025-07-22 01:25:22,Low,Closed,2025-07-18 10:25:22,2025-07-22 01:25:22
1060,828,1,2025-10-05 12:06:19,2025-10-07 17:06:19,low,Closed,2025-10-05 12:06:19,2025-10-07 17:06:19
1061,720,3,2026-05-21 21:15:45,2026-05-25 04:15:45,Medium,Closed,2026-05-21 21:15:45,2026-05-25 04:15:45
1062,531,5,2025-12-11 13:19:34,2025-12-12 06:19:34,Medium,Closed,2025-12-11 13:19:34,2025-12-12 06:19:34
1063,212,2,2025-11-11 23:31:31,2025-11-14 07:31:31,Low,Closed,2025-11-11 23:31:31,2025-11-14 07:31:31
1064,59,5,2026-01-25 19:29:37,2026-01-28 06:29:37,High,Closed,2026-01-25 19:29:37,2026-01-28 06:29:37
1065,842,2,2026-01-16 02:19:23,2026-01-16 16:19:23,Low,Closed,2026-01-16 02:19:23,2026-01-16 16:19:23
1066,640,3,2025-10-05 10:10:52,2025-10-09 09:10:52,Medium,Closed,2025-10-05 10:10:52,2025-10-09 09:10:52
1067,947,8,2026-05-14 06:46:56,2026-05-14 21:46:56,medium,Closed,2026-05-14 06:46:56,2026-05-14 21:46:56
1068,487,4,2026-01-20 03:04:27,2026-01-22 16:04:27,High,Closed,2026-01-20 03:04:27,2026-01-22 16:04:27
1069,832,6,2025-08-30 04:03:36,2025-08-31 08:03:36,Low,Closed,2025-08-30 04:03:36,2025-08-31 08:03:36
1070,310,8,2026-04-25 14:18:33,2026-04-28 23:18:33,High,Closed,2026-04-25 14:18:33,2026-04-28 23:18:33
1071,796,7,2026-03-25 11:43:35,2026-03-26 02:43:35,Medium,Closed,2026-03-25 11:43:35,2026-03-26 02:43:35
1072,906,3,2026-04-13 07:06:56,2026-04-14 02:06:56,Medium,Closed,2026-04-13 07:06:56,2026-04-14 02:06:56
1073,139,7,2025-09-28 06:32:56,2025-10-01 14:32:56,High,Closed,2025-09-28 06:32:56,2025-10-01 14:32:56
1074,417,7,2025-12-14 11:13:07,2025-12-16 07:13:07,Low,Closed,2025-12-14 11:13:07,2025-12-16 07:13:07
1075,28,4,2026-03-16 23:37:39,2026-03-18 14:37:39,Medium,Closed,2026-03-16 23:37:39,2026-03-18 14:37:39
1076,400,3,2026-01-27 18:45:06,2026-01-31 04:45:06,Low,Closed,2026-01-27 18:45:06,2026-01-31 04:45:06
1077,21,8,2025-08-19 08:43:31,2025-08-22 13:43:31,High,Closed,2025-08-19 08:43:31,2025-08-22 13:43:31
1078,976,4,2026-02-05 19:44:16,2026-02-07 09:44:16,High,Closed,2026-02-05 19:44:16,2026-02-07 09:44:16
1079,155,2,2025-08-28 08:15:38,2025-08-31 22:15:38,Medium,Closed,2025-08-28 08:15:38,2025-08-31 22:15:38
1080,780,6,2025-09-17 03:31:42,2025-09-20 01:31:42,Low,Closed,2025-09-17 03:31:42,2025-09-20 01:31:42
1081,72,3,2025-06-24 09:22:39,2025-06-24 13:22:39,Medium,Closed,2025-06-24 09:22:39,2025-06-24 13:22:39
1082,183,5,2025-07-07 02:18:19,2025-07-07 07:18:19,High,Closed,2025-07-07 02:18:19,2025-07-07 07:18:19
1083,57,5,2026-03-12 18:44:21,2026-03-15 12:44:21,Medium,Closed,2026-03-12 18:44:21,2026-03-15 12:44:21
1084,893,2,2025-07-31 16:19:09,2025-08-03 22:19:09,High,Closed,2025-07-31 16:19:09,2025-08-03 22:19:09
1085,132,2,2025-11-30 00:38:35,2025-12-03 12:38:35,Low,Closed,2025-11-30 00:38:35,2025-12-03 12:38:35
1086,413,5,2025-12-12 15:34:43,2025-12-13 23:34:43,medium,Closed,2025-12-12 15:34:43,2025-12-13 23:34:43
1087,441,1,2025-11-25 20:22:12,2025-11-28 06:22:12,Low,Closed,2025-11-25 20:22:12,2025-11-28 06:22:12
1088,49,6,2025-07-07 20:28:48,2025-07-08 07:28:48,Low,Closed,2025-07-07 20:28:48,2025-07-08 07:28:48
1089,581,8,2025-10-09 09:19:24,2025-10-11 11:19:24,Medium,Closed,2025-10-09 09:19:24,2025-10-11 11:19:24
1090,15,8,2026-03-30 05:20:31,2026-04-01 11:20:31,Medium,Closed,2026-03-30 05:20:31,2026-04-01 11:20:31
1091,916,8,2026-01-28 18:26:08,2026-01-29 13:26:08,Low,Closed,2026-01-28 18:26:08,2026-01-29 13:26:08
1092,738,2,2026-04-27 03:28:32,2026-04-28 22:28:32,High,Closed,2026-04-27 03:28:32,2026-04-28 22:28:32
1093,948,4,2025-06-16 03:43:17,2025-06-16 23:43:17,Medium,Closed,2025-06-16 03:43:17,2025-06-16 23:43:17
1094,106,8,2025-07-01 21:52:56,2025-07-05 10:52:56,Medium,Closed,2025-07-01 21:52:56,2025-07-05 10:52:56
1095,346,4,2025-07-12 04:24:32,2025-07-14 12:24:32,Medium,Closed,2025-07-12 04:24:32,2025-07-14 12:24:32
1096,375,5,2026-01-03 16:21:55,2026-01-03 22:21:55,Medium,Closed,2026-01-03 16:21:55,2026-01-03 22:21:55
1097,777,7,2026-01-19 16:19:26,2026-01-22 14:19:26,Medium,Closed,2026-01-19 16:19:26,2026-01-22 14:19:26
1098,563,2,2025-07-21 21:49:03,2025-07-25 02:49:03,Medium,Closed,2025-07-21 21:49:03,2025-07-25 02:49:03
1099,350,8,2025-07-16 02:18:25,2025-07-17 21:18:25,High,Closed,2025-07-16 02:18:25,2025-07-17 21:18:25
1100,855,1,2025-06-20 07:58:09,,Low,Open,2025-06-20 07:58:09,2025-06-20 07:58:09
1101,196,5,2025-08-04 14:24:32,2025-08-07 23:24:32,Medium,Closed,2025-08-04 14:24:32,2025-08-07 23:24:32
1102,374,2,2026-02-03 04:17:10,2026-02-06 14:17:10,Low,Closed,2026-02-03 04:17:10,2026-02-06 14:17:10
1103,890,4,2026-05-05 01:14:07,2026-05-05 18:14:07,Medium,Closed,2026-05-05 01:14:07,2026-05-05 18:14:07
1104,193,6,2025-09-21 01:42:54,,Medium,In Progress,2025-09-21 01:42:54,2025-09-21 01:42:54
1105,88,2,2026-01-12 14:23:27,2026-01-13 05:23:27,Medium,Closed,2026-01-12 14:23:27,2026-01-13 05:23:27
1106,840,6,2025-07-07 22:31:39,2025-07-09 10:31:39,High,Closed,2025-07-07 22:31:39,2025-07-09 10:31:39
1107,19,3,2026-04-07 21:42:24,2026-04-09 08:42:24,Medium,Closed,2026-04-07 21:42:24,2026-04-09 08:42:24
1108,930,2,2026-05-16 12:21:53,2026-05-17 03:21:53,Medium,Closed,2026-05-16 12:21:53,2026-05-17 03:21:53
1109,561,7,2026-01-09 10:12:21,2026-01-10 00:12:21,Medium,Closed,2026-01-09 10:12:21,2026-01-10 00:12:21
1110,302,4,2025-07-12 16:13:38,2025-07-15 00:13:38,Low,Closed,2025-07-12 16:13:38,2025-07-15 00:13:38
1111,718,4,2026-03-27 19:42:03,2026-03-27 21:42:03,Low,Closed,2026-03-27 19:42:03,2026-03-27 21:42:03
1112,630,8,2025-07-05 21:16:41,2025-07-08 23:16:41,Medium,Closed,2025-07-05 21:16:41,2025-07-08 23:16:41
1113,904,7,2025-10-31 18:27:02,2025-11-02 12:27:02,Low,Closed,2025-10-31 18:27:02,2025-11-02 12:27:02
1114,108,7,2026-04-20 05:13:56,2026-04-22 19:13:56,Low,Closed,2026-04-20 05:13:56,2026-04-22 19:13:56
1115,728,6,2026-03-30 15:01:22,,high,In Progress,2026-03-30 15:01:22,2026-03-30 15:01:22
1116,724,1,2025-08-14 06:07:41,2025-08-17 03:07:41,Medium,Closed,2025-08-14 06:07:41,2025-08-17 03:07:41
1117,122,6,2026-01-19 14:02:04,2026-01-19 03:02:04,low,Closed,2026-01-19 14:02:04,2026-01-19 14:02:04
1118,403,8,2026-02-12 18:24:23,2026-02-12 20:24:23,Low,Closed,2026-02-12 18:24:23,2026-02-12 20:24:23
1119,62,6,2025-09-01 19:40:45,2025-09-05 18:40:45,Medium,Closed,2025-09-01 19:40:45,2025-09-05 18:40:45
1120,206,2,2026-02-24 19:15:32,2026-02-26 13:15:32,Low,Closed,2026-02-24 19:15:32,2026-02-26 13:15:32
1121,294,1,2026-05-17 06:04:50,2026-05-19 14:04:50,Low,Closed,2026-05-17 06:04:50,2026-05-19 14:04:50
1122,607,4,2025-11-11 23:44:03,2025-11-12 20:44:03,Low,Closed,2025-11-11 23:44:03,2025-11-12 20:44:03
1123,313,6,2026-04-22 09:15:25,2026-04-25 06:15:25,Urgent,Closed,2026-04-22 09:15:25,2026-04-25 06:15:25
1124,99,5,2025-10-08 10:20:17,2025-10-12 08:20:17,Medium,Closed,2025-10-08 10:20:17,2025-10-12 08:20:17
1125,426,7,2026-05-14 02:20:42,2026-05-15 12:20:42,Medium,Closed,2026-05-14 02:20:42,2026-05-15 12:20:42
1126,269,1,2025-10-29 12:08:20,2025-11-01 11:08:20,High,Closed,2025-10-29 12:08:20,2025-11-01 11:08:20
1127,111,7,2026-03-30 01:57:46,,Urgent,Open,2026-03-30 01:57:46,2026-03-30 01:57:46
1128,528,6,2025-12-04 08:09:29,2025-12-07 16:09:29,Medium,Closed,2025-12-04 08:09:29,2025-12-07 16:09:29
1129,161,6,2026-04-07 23:03:23,2026-04-08 13:03:23,Medium,Closed,2026-04-07 23:03:23,2026-04-08 13:03:23
1130,709,7,2025-07-07 13:47:22,2025-07-09 16:47:22,Urgent,Closed,2025-07-07 13:47:22,2025-07-09 16:47:22
1131,795,3,2025-08-14 14:08:22,2025-08-16 23:08:22,Medium,Closed,2025-08-14 14:08:22,2025-08-16 23:08:22
1132,739,8,2025-10-19 23:53:29,2025-10-22 20:53:29,Medium,Closed,2025-10-19 23:53:29,2025-10-22 20:53:29
1133,907,6,2025-08-21 02:20:33,2025-08-21 05:20:33,High,Closed,2025-08-21 02:20:33,2025-08-21 05:20:33
1134,340,7,2026-04-30 15:18:48,2026-05-03 23:18:48,Medium,Closed,2026-04-30 15:18:48,2026-05-03 23:18:48
1135,643,1,2025-10-28 13:07:33,2025-10-30 19:07:33,Low,Closed,2025-10-28 13:07:33,2025-10-30 19:07:33
1136,947,1,2025-08-18 03:43:15,,Low,In Progress,2025-08-18 03:43:15,2025-08-18 03:43:15
1137,488,1,2025-08-27 13:05:24,2025-08-27 20:05:24,High,Closed,2025-08-27 13:05:24,2025-08-27 20:05:24
1138,250,2,2026-02-10 07:48:44,2026-02-11 12:48:44,low,Closed,2026-02-10 07:48:44,2026-02-11 12:48:44
1139,932,8,2025-08-17 01:38:20,,Medium,Open,2025-08-17 01:38:20,2025-08-17 01:38:20
1140,967,6,2026-05-22 18:48:45,,Medium,Open,2026-05-22 18:48:45,2026-05-22 18:48:45
1141,250,3,2026-02-21 18:43:44,,Medium,In Progress,2026-02-21 18:43:44,2026-02-21 18:43:44
1142,343,2,2025-10-22 21:14:39,2025-10-23 01:14:39,Medium,Closed,2025-10-22 21:14:39,2025-10-23 01:14:39
1143,611,1,2026-02-20 13:09:09,2026-02-22 03:09:09,Low,Closed,2026-02-20 13:09:09,2026-02-22 03:09:09
1144,695,4,2025-10-20 15:31:45,2025-10-23 08:31:45,High,Closed,2025-10-20 15:31:45,2025-10-23 08:31:45
1145,627,3,2025-12-16 00:54:12,2025-12-19 17:54:12,Low,Closed,2025-12-16 00:54:12,2025-12-19 17:54:12
1146,412,3,2025-10-22 11:20:19,2025-10-26 11:20:19,High,Closed,2025-10-22 11:20:19,2025-10-26 11:20:19
1147,111,2,2025-10-13 13:50:02,,Medium,Open,2025-10-13 13:50:02,2025-10-13 13:50:02
1148,39,1,2026-02-13 20:59:24,2026-02-15 13:59:24,High,Closed,2026-02-13 20:59:24,2026-02-15 13:59:24
1149,156,3,2026-03-02 04:01:34,2026-03-02 15:01:34,Medium,Closed,2026-03-02 04:01:34,2026-03-02 15:01:34
1150,766,6,2026-01-05 12:01:06,,Low,Open,2026-01-05 12:01:06,2026-01-05 12:01:06
1151,560,8,2025-08-20 07:17:12,2025-08-23 19:17:12,Low,Closed,2025-08-20 07:17:12,2025-08-23 19:17:12
1152,861,8,2025-07-04 11:25:44,2025-07-04 14:25:44,Medium,Closed,2025-07-04 11:25:44,2025-07-04 14:25:44
1153,789,5,2026-02-14 19:24:36,2026-02-18 11:24:36,Urgent,Closed,2026-02-14 19:24:36,2026-02-18 11:24:36
1154,600,5,2025-11-14 23:14:18,2025-11-16 11:14:18,Low,Closed,2025-11-14 23:14:18,2025-11-16 11:14:18
1155,461,1,2025-12-01 15:07:41,2025-12-02 12:07:41,High,Closed,2025-12-01 15:07:41,2025-12-02 12:07:41
1156,570,7,2025-12-19 22:55:30,2025-12-23 14:55:30,medium,Closed,2025-12-19 22:55:30,2025-12-23 14:55:30
1157,56,2,2026-01-09 05:30:14,2026-01-10 05:30:14,Medium,Closed,2026-01-09 05:30:14,2026-01-10 05:30:14
1158,331,6,2025-10-29 12:44:32,2025-10-30 11:44:32,Medium,Closed,2025-10-29 12:44:32,2025-10-30 11:44:32
1159,779,7,2025-08-04 08:35:39,2025-08-04 16:35:39,Urgent,Closed,2025-08-04 08:35:39,2025-08-04 16:35:39
1160,936,6,2026-05-19 04:51:07,2026-05-20 17:51:07,Low,Closed,2026-05-19 04:51:07,2026-05-20 17:51:07
1161,354,1,2025-08-14 19:22:45,2025-08-17 06:22:45,Medium,Closed,2025-08-14 19:22:45,2025-08-17 06:22:45
1162,738,8,2026-05-11 10:45:42,,Low,In Progress,2026-05-11 10:45:42,2026-05-11 10:45:42
1163,623,1,2025-07-17 04:23:55,,High,In Progress,2025-07-17 04:23:55,2025-07-17 04:23:55
1164,52,1,2025-08-28 09:39:03,2025-08-31 10:39:03,Low,Closed,2025-08-28 09:39:03,2025-08-31 10:39:03
1165,969,6,2025-07-05 19:40:09,2025-07-06 21:40:09,High,Closed,2025-07-05 19:40:09,2025-07-06 21:40:09
1166,658,6,2026-01-28 02:39:00,2026-01-30 03:39:00,Medium,Closed,2026-01-28 02:39:00,2026-01-30 03:39:00
1167,90,2,2026-05-24 00:41:26,2026-05-25 03:41:26,Medium,Closed,2026-05-24 00:41:26,2026-05-25 03:41:26
1168,104,6,2025-07-29 19:54:08,2025-08-01 12:54:08,Low,Closed,2025-07-29 19:54:08,2025-08-01 12:54:08
1169,315,3,2025-10-09 16:10:35,2025-10-13 01:10:35,Low,Closed,2025-10-09 16:10:35,2025-10-13 01:10:35
1170,821,3,2026-05-08 03:51:54,2026-05-09 04:51:54,High,Closed,2026-05-08 03:51:54,2026-05-09 04:51:54
1171,861,1,2025-07-24 01:37:30,2025-07-24 04:37:30,Low,Closed,2025-07-24 01:37:30,2025-07-24 04:37:30
1172,495,6,2025-12-09 16:58:19,2025-12-11 17:58:19,Low,Closed,2025-12-09 16:58:19,2025-12-11 17:58:19
1173,732,6,2025-12-23 18:48:02,2025-12-25 12:48:02,High,Closed,2025-12-23 18:48:02,2025-12-25 12:48:02
1174,318,2,2025-06-28 00:59:40,2025-06-30 17:59:40,Medium,Closed,2025-06-28 00:59:40,2025-06-30 17:59:40
1175,260,7,2026-01-22 04:15:27,2026-01-23 05:15:27,Medium,Closed,2026-01-22 04:15:27,2026-01-23 05:15:27
1176,216,2,2025-09-09 01:20:33,2025-09-10 19:20:33,High,Closed,2025-09-09 01:20:33,2025-09-10 19:20:33
1177,297,5,2026-03-18 06:13:00,2026-03-18 20:13:00,High,Closed,2026-03-18 06:13:00,2026-03-18 20:13:00
1178,340,6,2025-07-12 18:35:12,2025-07-16 06:35:12,Low,Closed,2025-07-12 18:35:12,2025-07-16 06:35:12
1179,918,7,2025-11-11 16:59:34,2025-11-12 11:59:34,Medium,Closed,2025-11-11 16:59:34,2025-11-12 11:59:34
1180,613,2,2026-04-21 15:36:21,2026-04-24 11:36:21,High,Closed,2026-04-21 15:36:21,2026-04-24 11:36:21
1181,804,1,2025-11-04 02:19:48,2025-11-05 22:19:48,Low,Closed,2025-11-04 02:19:48,2025-11-05 22:19:48
1182,846,7,2026-05-17 12:32:01,2026-05-20 03:32:01,Medium,Closed,2026-05-17 12:32:01,2026-05-20 03:32:01
1183,121,8,2026-05-01 18:53:05,,Low,Open,2026-05-01 18:53:05,2026-05-01 18:53:05
1184,345,3,2026-05-21 14:48:05,2026-05-23 04:48:05,Low,Closed,2026-05-21 14:48:05,2026-05-23 04:48:05
1185,769,8,2025-09-30 02:11:30,2025-10-02 20:11:30,High,Closed,2025-09-30 02:11:30,2025-10-02 20:11:30
1186,52,1,2025-08-06 18:04:18,2025-08-08 08:04:18,Medium,Closed,2025-08-06 18:04:18,2025-08-08 08:04:18
1187,19,3,2025-11-20 08:02:36,2025-11-23 22:02:36,Low,Closed,2025-11-20 08:02:36,2025-11-23 22:02:36
1188,618,6,2026-05-31 16:51:30,,Low,In Progress,2026-05-31 16:51:30,2026-05-31 16:51:30
1189,190,5,2026-05-23 05:34:33,2026-05-25 14:34:33,Medium,Closed,2026-05-23 05:34:33,2026-05-25 14:34:33
1190,994,1,2025-10-20 10:03:37,2025-10-23 02:03:37,Low,Closed,2025-10-20 10:03:37,2025-10-23 02:03:37
1191,2,1,2025-07-10 21:13:20,2025-07-12 06:13:20,Low,Closed,2025-07-10 21:13:20,2025-07-12 06:13:20
1192,366,8,2026-03-19 04:31:26,2026-03-21 20:31:26,Medium,Closed,2026-03-19 04:31:26,2026-03-21 20:31:26
1193,128,6,2026-01-26 03:11:25,2026-01-26 19:11:25,Low,Closed,2026-01-26 03:11:25,2026-01-26 19:11:25
1194,390,3,2025-08-04 09:56:39,2025-08-04 19:56:39,Medium,Closed,2025-08-04 09:56:39,2025-08-04 19:56:39
1195,537,8,2025-07-25 08:07:02,2025-07-29 05:07:02,Low,Closed,2025-07-25 08:07:02,2025-07-29 05:07:02
1196,311,5,2026-01-19 09:22:28,2026-01-20 23:22:28,Medium,Closed,2026-01-19 09:22:28,2026-01-20 23:22:28
1197,165,2,2025-09-14 04:14:49,2025-09-17 17:14:49,Low,Closed,2025-09-14 04:14:49,2025-09-17 17:14:49
1198,48,5,2026-02-20 19:42:04,2026-02-24 12:42:04,Medium,Closed,2026-02-20 19:42:04,2026-02-24 12:42:04
1199,667,6,2025-07-09 08:48:35,2025-07-09 22:48:35,Medium,Closed,2025-07-09 08:48:35,2025-07-09 22:48:35
1200,319,5,2025-12-04 03:38:01,2025-12-07 01:38:01,Low,Closed,2025-12-04 03:38:01,2025-12-07 01:38:01
1201,14,2,2025-12-28 11:11:47,2025-12-31 01:11:47,Low,Closed,2025-12-28 11:11:47,2025-12-31 01:11:47
1202,401,1,2026-04-28 07:15:33,2026-05-01 14:15:33,High,Closed,2026-04-28 07:15:33,2026-05-01 14:15:33
1203,867,3,2025-09-27 16:18:10,2025-09-29 02:18:10,Medium,Closed,2025-09-27 16:18:10,2025-09-29 02:18:10
1204,230,2,2026-04-30 10:25:49,2026-05-03 05:25:49,High,Closed,2026-04-30 10:25:49,2026-05-03 05:25:49
1205,218,6,2026-02-28 03:06:54,2026-03-01 13:06:54,High,Closed,2026-02-28 03:06:54,2026-03-01 13:06:54
1206,195,3,2026-03-08 13:22:24,2026-03-08 15:22:24,High,Closed,2026-03-08 13:22:24,2026-03-08 15:22:24
1207,226,5,2025-08-17 19:07:46,2025-08-19 11:07:46,High,Closed,2025-08-17 19:07:46,2025-08-19 11:07:46
1208,457,8,2025-09-04 05:02:18,,Medium,In Progress,2025-09-04 05:02:18,2025-09-04 05:02:18
1209,422,4,2025-12-25 09:39:38,2025-12-29 03:39:38,High,Closed,2025-12-25 09:39:38,2025-12-29 03:39:38
1210,915,7,2025-08-13 16:35:44,2025-08-16 10:35:44,High,Closed,2025-08-13 16:35:44,2025-08-16 10:35:44
1211,509,7,2025-07-10 08:00:30,2025-07-12 06:00:30,Medium,Closed,2025-07-10 08:00:30,2025-07-12 06:00:30
1212,317,3,2025-12-01 04:53:17,2025-12-03 16:53:17,Medium,Closed,2025-12-01 04:53:17,2025-12-03 16:53:17
1213,30,7,2026-03-04 05:31:08,2026-03-05 12:31:08,medium,Closed,2026-03-04 05:31:08,2026-03-05 12:31:08
1214,50,4,2026-04-28 10:05:11,2026-04-29 07:05:11,Medium,Closed,2026-04-28 10:05:11,2026-04-29 07:05:11
1215,575,3,2026-03-21 08:28:45,2026-03-22 07:28:45,Medium,Closed,2026-03-21 08:28:45,2026-03-22 07:28:45
1216,729,7,2026-02-15 16:40:33,,Medium,Open,2026-02-15 16:40:33,2026-02-15 16:40:33
1217,162,7,2026-02-10 14:36:27,2026-02-12 20:36:27,Low,Closed,2026-02-10 14:36:27,2026-02-12 20:36:27
1218,462,4,2025-11-06 20:07:37,2025-11-07 03:07:37,Low,Closed,2025-11-06 20:07:37,2025-11-07 03:07:37
1219,31,1,2025-08-18 07:33:18,2025-08-19 12:33:18,Medium,Closed,2025-08-18 07:33:18,2025-08-19 12:33:18
1220,929,6,2026-01-24 16:04:15,2026-01-28 01:04:15,Medium,Closed,2026-01-24 16:04:15,2026-01-28 01:04:15
1221,393,2,2025-10-08 16:38:36,2025-10-11 01:38:36,High,Closed,2025-10-08 16:38:36,2025-10-11 01:38:36
1222,7,7,2026-02-09 11:50:00,2026-02-10 11:50:00,Medium,Closed,2026-02-09 11:50:00,2026-02-10 11:50:00
1223,176,4,2025-12-26 16:56:02,2025-12-27 17:56:02,Low,Closed,2025-12-26 16:56:02,2025-12-27 17:56:02
1224,238,2,2025-12-18 19:32:08,,High,Open,2025-12-18 19:32:08,2025-12-18 19:32:08
1225,399,6,2025-10-21 01:03:25,2025-10-25 00:03:25,Urgent,Closed,2025-10-21 01:03:25,2025-10-25 00:03:25
1226,483,6,2025-09-12 16:51:56,2025-09-14 07:51:56,Medium,Closed,2025-09-12 16:51:56,2025-09-14 07:51:56
1227,895,3,2026-01-20 15:38:06,2026-01-21 21:38:06,Medium,Closed,2026-01-20 15:38:06,2026-01-21 21:38:06
1228,376,8,2025-07-22 09:46:59,,low,In Progress,2025-07-22 09:46:59,2025-07-22 09:46:59
1229,372,8,2026-01-24 19:07:48,2026-01-25 17:07:48,Medium,Closed,2026-01-24 19:07:48,2026-01-25 17:07:48
1230,352,2,2025-11-13 22:56:02,,Low,Open,2025-11-13 22:56:02,2025-11-13 22:56:02
1231,514,2,2025-06-14 10:06:07,2025-06-14 15:06:07,Low,Closed,2025-06-14 10:06:07,2025-06-14 15:06:07
1232,287,3,2025-07-23 10:06:35,2025-07-26 17:06:35,High,Closed,2025-07-23 10:06:35,2025-07-26 17:06:35
1233,156,8,2025-08-29 00:19:23,,Low,In Progress,2025-08-29 00:19:23,2025-08-29 00:19:23
1234,159,1,2025-08-16 03:18:11,2025-08-18 06:18:11,Low,Closed,2025-08-16 03:18:11,2025-08-18 06:18:11
1235,104,8,2026-03-29 23:06:16,2026-04-01 23:06:16,Medium,Closed,2026-03-29 23:06:16,2026-04-01 23:06:16
1236,745,8,2026-01-10 02:33:54,2026-01-11 00:33:54,Urgent,Closed,2026-01-10 02:33:54,2026-01-11 00:33:54
1237,125,1,2026-01-03 19:56:58,2026-01-06 18:56:58,Low,Closed,2026-01-03 19:56:58,2026-01-06 18:56:58
1238,159,4,2025-06-29 15:18:46,2025-07-02 11:18:46,Low,Closed,2025-06-29 15:18:46,2025-07-02 11:18:46
1239,653,3,2025-12-28 01:13:06,2025-12-30 12:13:06,Low,Closed,2025-12-28 01:13:06,2025-12-30 12:13:06
1240,655,4,2026-03-17 18:29:12,,Medium,Open,2026-03-17 18:29:12,2026-03-17 18:29:12
1241,926,6,2026-02-24 17:26:40,2026-02-25 11:26:40,Medium,Closed,2026-02-24 17:26:40,2026-02-25 11:26:40
1242,987,2,2025-07-23 16:06:09,2025-07-24 18:06:09,Low,Closed,2025-07-23 16:06:09,2025-07-24 18:06:09
1243,303,4,2026-03-18 22:56:19,2026-03-22 10:56:19,Low,Closed,2026-03-18 22:56:19,2026-03-22 10:56:19
1244,979,4,2026-05-26 23:12:02,2026-05-29 22:12:02,Low,Closed,2026-05-26 23:12:02,2026-05-29 22:12:02
1245,221,6,2025-07-11 04:27:16,2025-07-11 06:27:16,Low,Closed,2025-07-11 04:27:16,2025-07-11 06:27:16
1246,208,6,2025-11-29 16:29:17,,High,Open,2025-11-29 16:29:17,2025-11-29 16:29:17
1247,317,3,2026-01-01 13:00:14,2026-01-05 06:00:14,High,Closed,2026-01-01 13:00:14,2026-01-05 06:00:14
1248,147,5,2026-05-16 06:38:49,,Medium,Open,2026-05-16 06:38:49,2026-05-16 06:38:49
1249,943,7,2026-04-08 09:50:13,,Medium,Open,2026-04-08 09:50:13,2026-04-08 09:50:13
1250,833,6,2026-01-20 16:30:44,2026-01-22 06:30:44,Medium,Closed,2026-01-20 16:30:44,2026-01-22 06:30:44
1251,802,2,2026-03-29 23:26:05,2026-03-30 21:26:05,Medium,Closed,2026-03-29 23:26:05,2026-03-30 21:26:05
1252,991,3,2025-09-09 05:17:02,2025-09-10 19:17:02,Low,Closed,2025-09-09 05:17:02,2025-09-10 19:17:02
1253,683,4,2026-02-28 13:22:43,2026-03-01 21:22:43,Medium,Closed,2026-02-28 13:22:43,2026-03-01 21:22:43
1254,558,3,2025-09-18 03:12:11,2025-09-21 09:12:11,Medium,Closed,2025-09-18 03:12:11,2025-09-21 09:12:11
1255,544,2,2025-10-11 01:36:15,2025-10-14 05:36:15,Medium,Closed,2025-10-11 01:36:15,2025-10-14 05:36:15
1256,740,8,2025-12-23 22:51:20,2025-12-24 06:51:20,Medium,Closed,2025-12-23 22:51:20,2025-12-24 06:51:20
1257,920,2,2026-01-15 18:49:18,2026-01-16 00:49:18,High,Closed,2026-01-15 18:49:18,2026-01-16 00:49:18
1258,182,5,2025-08-03 11:01:04,2025-08-03 17:01:04,Low,Closed,2025-08-03 11:01:04,2025-08-03 17:01:04
1259,355,3,2025-07-27 18:58:03,,Medium,In Progress,2025-07-27 18:58:03,2025-07-27 18:58:03
1260,847,1,2026-05-19 13:58:14,2026-05-20 13:58:14,High,Closed,2026-05-19 13:58:14,2026-05-20 13:58:14
1261,247,3,2026-04-23 23:16:49,2026-04-24 06:16:49,Medium,Closed,2026-04-23 23:16:49,2026-04-24 06:16:49
1262,141,5,2026-01-12 00:55:52,,Urgent,In Progress,2026-01-12 00:55:52,2026-01-12 00:55:52
1263,584,7,2025-09-25 03:14:07,2025-09-25 16:14:07,Low,Closed,2025-09-25 03:14:07,2025-09-25 16:14:07
1264,144,3,2025-06-24 12:10:52,2025-06-28 08:10:52,Medium,Closed,2025-06-24 12:10:52,2025-06-28 08:10:52
1265,734,5,2026-02-18 23:13:47,2026-02-19 04:13:47,Medium,Closed,2026-02-18 23:13:47,2026-02-19 04:13:47
1266,661,2,2026-03-29 22:58:02,,Medium,In Progress,2026-03-29 22:58:02,2026-03-29 22:58:02
1267,190,7,2026-01-20 16:28:07,2026-01-21 19:28:07,Medium,Closed,2026-01-20 16:28:07,2026-01-21 19:28:07
1268,78,5,2025-07-31 17:28:46,2025-08-01 10:28:46,Medium,Closed,2025-07-31 17:28:46,2025-08-01 10:28:46
1269,979,6,2025-10-17 22:20:29,2025-10-21 13:20:29,Medium,Closed,2025-10-17 22:20:29,2025-10-21 13:20:29
1270,862,7,2025-06-19 15:48:14,2025-06-21 00:48:14,Low,Closed,2025-06-19 15:48:14,2025-06-21 00:48:14
1271,777,8,2026-03-16 15:49:38,2026-03-19 06:49:38,High,Closed,2026-03-16 15:49:38,2026-03-19 06:49:38
1272,334,6,2026-05-09 22:15:10,2026-05-13 08:15:10,Low,Closed,2026-05-09 22:15:10,2026-05-13 08:15:10
1273,948,3,2025-11-27 08:32:06,2025-11-27 04:32:06,Low,Closed,2025-11-27 08:32:06,2025-11-27 08:32:06
1274,945,6,2026-03-20 10:54:44,2026-03-20 23:54:44,medium,Closed,2026-03-20 10:54:44,2026-03-20 23:54:44
1275,712,7,2025-08-02 22:14:32,2025-08-04 16:14:32,Medium,Closed,2025-08-02 22:14:32,2025-08-04 16:14:32
1276,444,1,2025-10-14 05:55:59,2025-10-14 08:55:59,Medium,Closed,2025-10-14 05:55:59,2025-10-14 08:55:59
1277,67,1,2026-05-11 15:43:01,2026-05-15 02:43:01,Medium,Closed,2026-05-11 15:43:01,2026-05-15 02:43:01
1278,437,4,2025-09-09 18:47:16,2025-09-10 09:47:16,high,Closed,2025-09-09 18:47:16,2025-09-10 09:47:16
1279,220,7,2025-12-29 09:31:14,2025-12-30 12:31:14,High,Closed,2025-12-29 09:31:14,2025-12-30 12:31:14
1280,939,7,2026-05-04 00:59:52,2026-05-05 19:59:52,Low,Closed,2026-05-04 00:59:52,2026-05-05 19:59:52
1281,555,4,2026-01-12 22:45:18,2026-01-14 05:45:18,High,Closed,2026-01-12 22:45:18,2026-01-14 05:45:18
1282,677,6,2025-11-14 11:07:44,2025-11-14 22:07:44,Medium,Closed,2025-11-14 11:07:44,2025-11-14 22:07:44
1283,458,7,2025-11-05 20:03:20,,Urgent,In Progress,2025-11-05 20:03:20,2025-11-05 20:03:20
1284,99,3,2026-05-06 19:35:25,2026-05-07 10:35:25,Medium,Closed,2026-05-06 19:35:25,2026-05-07 10:35:25
1285,277,6,2025-12-10 16:13:48,2025-12-12 01:13:48,Medium,Closed,2025-12-10 16:13:48,2025-12-12 01:13:48
1286,240,5,2025-08-14 06:18:00,2025-08-16 15:18:00,Medium,Closed,2025-08-14 06:18:00,2025-08-16 15:18:00
1287,962,5,2025-06-09 22:36:14,2025-06-12 06:36:14,High,Closed,2025-06-09 22:36:14,2025-06-12 06:36:14
1288,787,6,2026-01-25 00:31:52,2026-01-26 02:31:52,Medium,Closed,2026-01-25 00:31:52,2026-01-26 02:31:52
1289,820,1,2025-12-16 11:13:05,2025-12-20 06:13:05,Urgent,Closed,2025-12-16 11:13:05,2025-12-20 06:13:05
1290,1000,8,2026-02-05 00:34:21,2026-02-06 13:34:21,High,Closed,2026-02-05 00:34:21,2026-02-06 13:34:21
1291,910,8,2026-04-14 00:52:34,2026-04-14 10:52:34,Low,Closed,2026-04-14 00:52:34,2026-04-14 10:52:34
1292,610,6,2026-05-25 05:56:59,2026-05-27 14:56:59,Low,Closed,2026-05-25 05:56:59,2026-05-27 14:56:59
1293,231,5,2026-01-05 13:10:44,2026-01-06 10:10:44,Medium,Closed,2026-01-05 13:10:44,2026-01-06 10:10:44
1294,124,2,2025-12-09 21:29:18,2025-12-10 16:29:18,High,Closed,2025-12-09 21:29:18,2025-12-10 16:29:18
1295,340,7,2025-09-21 15:48:58,2025-09-21 04:48:58,Medium,Closed,2025-09-21 15:48:58,2025-09-21 15:48:58
1296,263,1,2026-02-13 20:01:51,2026-02-15 01:01:51,Low,Closed,2026-02-13 20:01:51,2026-02-15 01:01:51
1297,528,2,2026-05-17 09:19:03,,High,In Progress,2026-05-17 09:19:03,2026-05-17 09:19:03
1298,952,6,2025-09-23 00:00:10,2025-09-23 04:00:10,Medium,Closed,2025-09-23 00:00:10,2025-09-23 04:00:10
1299,611,6,2026-03-28 19:14:41,2026-03-31 11:14:41,Medium,Closed,2026-03-28 19:14:41,2026-03-31 11:14:41
1300,566,5,2026-03-16 08:32:52,,Medium,In Progress,2026-03-16 08:32:52,2026-03-16 08:32:52
1301,4,3,2025-09-11 19:38:08,2025-09-12 23:38:08,High,Closed,2025-09-11 19:38:08,2025-09-12 23:38:08
1302,128,7,2025-10-30 00:02:06,2025-10-30 19:02:06,Medium,Closed,2025-10-30 00:02:06,2025-10-30 19:02:06
1303,742,3,2026-04-01 13:01:48,,Medium,Open,2026-04-01 13:01:48,2026-04-01 13:01:48
1304,680,7,2026-03-30 23:03:26,2026-04-03 08:03:26,Medium,Closed,2026-03-30 23:03:26,2026-04-03 08:03:26
1305,179,5,2026-03-09 03:07:37,2026-03-10 04:07:37,High,Closed,2026-03-09 03:07:37,2026-03-10 04:07:37
1306,993,6,2025-10-10 11:35:38,2025-10-12 00:35:38,Medium,Closed,2025-10-10 11:35:38,2025-10-12 00:35:38
1307,570,5,2025-08-11 12:33:55,,High,In Progress,2025-08-11 12:33:55,2025-08-11 12:33:55
1308,387,6,2025-07-21 03:04:33,2025-07-23 10:04:33,High,Closed,2025-07-21 03:04:33,2025-07-23 10:04:33
1309,190,3,2025-08-22 18:54:22,,Urgent,Open,2025-08-22 18:54:22,2025-08-22 18:54:22
1310,297,4,2025-11-12 02:40:47,2025-11-12 12:40:47,Low,Closed,2025-11-12 02:40:47,2025-11-12 12:40:47
1311,475,1,2025-10-28 14:55:15,2025-10-28 20:55:15,Low,Closed,2025-10-28 14:55:15,2025-10-28 20:55:15
1312,472,3,2025-09-15 22:34:00,2025-09-17 00:34:00,Medium,Closed,2025-09-15 22:34:00,2025-09-17 00:34:00
1313,141,1,2025-08-05 16:36:58,2025-08-08 15:36:58,Medium,Closed,2025-08-05 16:36:58,2025-08-08 15:36:58
1314,560,7,2025-06-10 05:14:46,,Medium,In Progress,2025-06-10 05:14:46,2025-06-10 05:14:46
1315,919,4,2026-02-14 10:05:23,2026-02-15 10:05:23,High,Closed,2026-02-14 10:05:23,2026-02-15 10:05:23
1316,838,7,2026-05-18 06:42:35,2026-05-21 00:42:35,Urgent,Closed,2026-05-18 06:42:35,2026-05-21 00:42:35
1317,316,4,2025-07-19 08:30:33,2025-07-21 07:30:33,Low,Closed,2025-07-19 08:30:33,2025-07-21 07:30:33
1318,628,3,2025-09-06 21:02:40,2025-09-09 11:02:40,Medium,Closed,2025-09-06 21:02:40,2025-09-09 11:02:40
1319,526,5,2026-01-22 02:50:05,2026-01-23 05:50:05,High,Closed,2026-01-22 02:50:05,2026-01-23 05:50:05
1320,487,8,2025-06-15 03:46:24,2025-06-16 21:46:24,Low,Closed,2025-06-15 03:46:24,2025-06-16 21:46:24
1321,965,2,2025-12-31 01:09:44,2026-01-01 18:09:44,Medium,Closed,2025-12-31 01:09:44,2026-01-01 18:09:44
1322,266,6,2025-07-09 20:32:02,2025-07-10 01:32:02,Medium,Closed,2025-07-09 20:32:02,2025-07-10 01:32:02
1323,127,3,2026-04-02 09:55:08,2026-04-06 03:55:08,medium,Closed,2026-04-02 09:55:08,2026-04-06 03:55:08
1324,200,8,2026-02-11 02:58:19,2026-02-14 21:58:19,Medium,Closed,2026-02-11 02:58:19,2026-02-14 21:58:19
1325,973,1,2025-09-12 00:02:41,2025-09-12 08:02:41,Low,Closed,2025-09-12 00:02:41,2025-09-12 08:02:41
1326,998,6,2025-06-17 07:41:29,2025-06-19 00:41:29,Medium,Closed,2025-06-17 07:41:29,2025-06-19 00:41:29
1327,560,2,2026-02-21 08:10:42,2026-02-22 06:10:42,Low,Closed,2026-02-21 08:10:42,2026-02-22 06:10:42
1328,789,8,2025-12-29 06:28:05,2025-12-31 05:28:05,Medium,Closed,2025-12-29 06:28:05,2025-12-31 05:28:05
1329,700,2,2026-02-18 04:48:13,2026-02-21 22:48:13,High,Closed,2026-02-18 04:48:13,2026-02-21 22:48:13
1330,946,3,2025-06-26 03:48:29,,Low,Open,2025-06-26 03:48:29,2025-06-26 03:48:29
1331,16,1,2025-09-26 13:55:41,2025-09-28 11:55:41,High,Closed,2025-09-26 13:55:41,2025-09-28 11:55:41
1332,457,8,2025-07-28 12:37:28,2025-07-29 17:37:28,Low,Closed,2025-07-28 12:37:28,2025-07-29 17:37:28
1333,739,2,2025-10-26 19:22:40,,High,Open,2025-10-26 19:22:40,2025-10-26 19:22:40
1334,265,8,2026-03-05 04:35:48,,Low,Open,2026-03-05 04:35:48,2026-03-05 04:35:48
1335,747,7,2026-02-25 20:10:00,2026-02-25 22:10:00,Medium,Closed,2026-02-25 20:10:00,2026-02-25 22:10:00
1336,894,5,2025-09-22 06:14:24,2025-09-22 17:14:24,High,Closed,2025-09-22 06:14:24,2025-09-22 17:14:24
1337,971,5,2026-03-31 17:06:55,2026-04-01 14:06:55,High,Closed,2026-03-31 17:06:55,2026-04-01 14:06:55
1338,924,7,2026-02-04 17:40:00,2026-02-06 00:40:00,Low,Closed,2026-02-04 17:40:00,2026-02-06 00:40:00
1339,512,7,2025-12-23 21:20:46,2025-12-25 23:20:46,Medium,Closed,2025-12-23 21:20:46,2025-12-25 23:20:46
1340,560,2,2026-03-14 10:08:36,2026-03-17 07:08:36,High,Closed,2026-03-14 10:08:36,2026-03-17 07:08:36
1341,376,7,2025-11-23 07:38:58,2025-11-25 13:38:58,High,Closed,2025-11-23 07:38:58,2025-11-25 13:38:58
1342,63,1,2025-06-15 01:28:08,,High,In Progress,2025-06-15 01:28:08,2025-06-15 01:28:08
1343,98,1,2025-11-15 13:09:22,,Medium,In Progress,2025-11-15 13:09:22,2025-11-15 13:09:22
1344,438,1,2026-05-28 15:56:18,2026-05-29 19:56:18,Medium,Closed,2026-05-28 15:56:18,2026-05-29 19:56:18
1345,904,4,2025-09-07 02:28:30,2025-09-07 15:28:30,Low,Closed,2025-09-07 02:28:30,2025-09-07 15:28:30
1346,313,2,2026-02-05 14:29:56,2026-02-05 03:29:56,Low,Closed,2026-02-05 14:29:56,2026-02-05 14:29:56
1347,393,7,2026-04-10 07:00:47,2026-04-12 02:00:47,Low,Closed,2026-04-10 07:00:47,2026-04-12 02:00:47
1348,577,3,2025-06-16 05:08:50,,Low,In Progress,2025-06-16 05:08:50,2025-06-16 05:08:50
1349,293,6,2025-10-02 23:34:41,2025-10-06 12:34:41,Low,Closed,2025-10-02 23:34:41,2025-10-06 12:34:41
1350,688,5,2025-10-20 20:52:38,2025-10-22 20:52:38,Medium,Closed,2025-10-20 20:52:38,2025-10-22 20:52:38
1351,970,7,2026-05-11 10:37:12,2026-05-14 20:37:12,Low,Closed,2026-05-11 10:37:12,2026-05-14 20:37:12
1352,124,1,2025-11-09 01:19:25,2025-11-10 14:19:25,Low,Closed,2025-11-09 01:19:25,2025-11-10 14:19:25
1353,69,3,2025-12-21 12:49:54,2025-12-21 08:49:54,Medium,Closed,2025-12-21 12:49:54,2025-12-21 12:49:54
1354,940,4,2025-08-18 14:11:12,2025-08-20 10:11:12,Low,Closed,2025-08-18 14:11:12,2025-08-20 10:11:12
1355,4,3,2025-06-21 19:46:41,2025-06-23 12:46:41,Low,Closed,2025-06-21 19:46:41,2025-06-23 12:46:41
1356,625,5,2025-06-23 02:06:29,2025-06-23 16:06:29,Medium,Closed,2025-06-23 02:06:29,2025-06-23 16:06:29
1357,105,7,2025-06-17 06:26:34,2025-06-19 13:26:34,High,Closed,2025-06-17 06:26:34,2025-06-19 13:26:34
1358,708,5,2026-03-28 08:47:07,2026-03-29 08:47:07,Low,Closed,2026-03-28 08:47:07,2026-03-29 08:47:07
1359,862,5,2026-02-13 04:43:06,,Medium,In Progress,2026-02-13 04:43:06,2026-02-13 04:43:06
1360,538,6,2025-11-06 04:05:52,2025-11-09 14:05:52,Medium,Closed,2025-11-06 04:05:52,2025-11-09 14:05:52
1361,431,2,2025-08-17 07:07:58,2025-08-20 02:07:58,High,Closed,2025-08-17 07:07:58,2025-08-20 02:07:58
1362,857,2,2025-10-27 22:39:27,2025-10-27 21:39:27,Low,Closed,2025-10-27 22:39:27,2025-10-27 22:39:27
1363,998,7,2025-10-09 15:12:41,2025-10-11 10:12:41,High,Closed,2025-10-09 15:12:41,2025-10-11 10:12:41
1364,758,3,2026-01-13 03:25:11,,Low,In Progress,2026-01-13 03:25:11,2026-01-13 03:25:11
1365,618,7,2025-10-02 14:06:26,,Low,Open,2025-10-02 14:06:26,2025-10-02 14:06:26
1366,162,6,2026-03-07 00:13:53,2026-03-09 07:13:53,Low,Closed,2026-03-07 00:13:53,2026-03-09 07:13:53
1367,100,6,2025-08-31 02:23:49,2025-09-03 00:23:49,Medium,Closed,2025-08-31 02:23:49,2025-09-03 00:23:49
1368,261,6,2026-05-26 19:29:25,2026-05-27 21:29:25,High,Closed,2026-05-26 19:29:25,2026-05-27 21:29:25
1369,377,2,2025-09-30 16:59:03,2025-10-04 04:59:03,Medium,Closed,2025-09-30 16:59:03,2025-10-04 04:59:03
1370,272,3,2025-11-18 12:50:52,2025-11-20 03:50:52,Low,Closed,2025-11-18 12:50:52,2025-11-20 03:50:52
1371,932,2,2025-06-18 01:04:42,2025-06-21 09:04:42,Medium,Closed,2025-06-18 01:04:42,2025-06-21 09:04:42
1372,559,1,2026-05-10 16:58:41,2026-05-11 18:58:41,Urgent,Closed,2026-05-10 16:58:41,2026-05-11 18:58:41
1373,394,7,2025-09-30 13:50:43,2025-10-02 14:50:43,High,Closed,2025-09-30 13:50:43,2025-10-02 14:50:43
1374,601,4,2025-12-11 00:59:12,2025-12-12 13:59:12,Low,Closed,2025-12-11 00:59:12,2025-12-12 13:59:12
1375,43,6,2025-11-23 19:50:10,2025-11-25 05:50:10,High,Closed,2025-11-23 19:50:10,2025-11-25 05:50:10
1376,702,8,2025-10-01 07:35:14,2025-10-03 21:35:14,High,Closed,2025-10-01 07:35:14,2025-10-03 21:35:14
1377,128,2,2025-06-23 18:09:23,2025-06-26 12:09:23,medium,Closed,2025-06-23 18:09:23,2025-06-26 12:09:23
1378,680,8,2026-02-17 13:59:33,2026-02-19 19:59:33,Low,Closed,2026-02-17 13:59:33,2026-02-19 19:59:33
1379,573,4,2025-08-07 12:04:37,2025-08-08 19:04:37,Medium,Closed,2025-08-07 12:04:37,2025-08-08 19:04:37
1380,982,1,2026-02-17 18:28:57,2026-02-19 16:28:57,Medium,Closed,2026-02-17 18:28:57,2026-02-19 16:28:57
1381,777,1,2025-08-09 02:52:56,2025-08-12 07:52:56,Low,Closed,2025-08-09 02:52:56,2025-08-12 07:52:56
1382,185,2,2026-03-30 15:30:48,2026-03-30 20:30:48,Medium,Closed,2026-03-30 15:30:48,2026-03-30 20:30:48
1383,868,6,2025-11-04 06:20:29,,High,Open,2025-11-04 06:20:29,2025-11-04 06:20:29
1384,86,7,2025-09-22 00:13:05,2025-09-25 19:13:05,Low,Closed,2025-09-22 00:13:05,2025-09-25 19:13:05
1385,164,4,2025-08-06 21:47:26,2025-08-09 04:47:26,Low,Closed,2025-08-06 21:47:26,2025-08-09 04:47:26
1386,852,2,2025-11-11 15:59:20,2025-11-11 18:59:20,high,Closed,2025-11-11 15:59:20,2025-11-11 18:59:20
1387,287,3,2026-01-19 14:23:42,2026-01-21 17:23:42,Low,Closed,2026-01-19 14:23:42,2026-01-21 17:23:42
1388,839,2,2026-03-19 09:54:02,2026-03-21 02:54:02,Medium,Closed,2026-03-19 09:54:02,2026-03-21 02:54:02
1389,555,5,2025-09-20 14:38:09,2025-09-20 23:38:09,Medium,Closed,2025-09-20 14:38:09,2025-09-20 23:38:09
1390,241,6,2026-02-12 18:33:43,2026-02-16 14:33:43,Medium,Closed,2026-02-12 18:33:43,2026-02-16 14:33:43
1391,475,6,2025-12-21 08:59:03,2025-12-23 21:59:03,Medium,Closed,2025-12-21 08:59:03,2025-12-23 21:59:03
1392,913,3,2025-09-18 03:10:23,2025-09-19 08:10:23,Medium,Closed,2025-09-18 03:10:23,2025-09-19 08:10:23
1393,233,6,2025-12-29 09:43:53,2025-12-30 13:43:53,Low,Closed,2025-12-29 09:43:53,2025-12-30 13:43:53
1394,921,4,2026-03-04 07:59:24,2026-03-05 17:59:24,Medium,Closed,2026-03-04 07:59:24,2026-03-05 17:59:24
1395,747,7,2026-04-02 07:50:13,2026-04-05 02:50:13,Low,Closed,2026-04-02 07:50:13,2026-04-05 02:50:13
1396,621,2,2025-06-21 07:18:49,2025-06-24 11:18:49,High,Closed,2025-06-21 07:18:49,2025-06-24 11:18:49
1397,590,5,2026-04-07 08:10:50,2026-04-10 07:10:50,High,Closed,2026-04-07 08:10:50,2026-04-10 07:10:50
1398,413,4,2026-01-18 13:57:28,2026-01-21 17:57:28,Low,Closed,2026-01-18 13:57:28,2026-01-21 17:57:28
1399,541,1,2025-11-30 05:19:37,2025-12-03 09:19:37,Low,Closed,2025-11-30 05:19:37,2025-12-03 09:19:37
1400,259,5,2026-01-28 16:42:03,2026-01-30 04:42:03,Medium,Closed,2026-01-28 16:42:03,2026-01-30 04:42:03
