wishlist_id,customer_id,content_id,added_date,created_at,updated_at
1,263,209,2026-01-21 01:07:45,2026-01-21 01:07:45,2026-01-21 01:07:45
2,495,423,2025-10-18 23:13:31,2025-10-18 23:13:31,2025-10-18 23:13:31
3,654,351,2026-05-27 16:05:12,2026-05-27 16:05:12,2026-05-27 16:05:12
4,736,255,2025-12-06 23:20:54,2025-12-06 23:20:54,2025-12-06 23:20:54
5,840,164,2026-02-26 08:31:19,2026-02-26 08:31:19,2026-02-26 08:31:19
6,196,493,2026-01-09 00:32:49,2026-01-09 00:32:49,2026-01-09 00:32:49
7,203,17,2025-11-06 22:22:20,2025-11-06 22:22:20,2025-11-06 22:22:20
8,717,60,2026-03-08 06:55:48,2026-03-08 06:55:48,2026-03-08 06:55:48
9,105,548,2025-06-16 16:44:04,2025-06-16 16:44:04,2025-06-16 16:44:04
10,397,53,2025-11-09 14:12:33,2025-11-09 14:12:33,2025-11-09 14:12:33
11,46,79,2025-08-11 03:43:07,2025-08-11 03:43:07,2025-08-11 03:43:07
12,534,359,2025-07-28 21:48:04,2025-07-28 21:48:04,2025-07-28 21:48:04
13,262,308,2026-05-15 22:36:02,2026-05-15 22:36:02,2026-05-15 22:36:02
14,186,422,2025-08-25 17:12:54,2025-08-25 17:12:54,2025-08-25 17:12:54
15,387,32,2025-12-06 12:19:22,2025-12-06 12:19:22,2025-12-06 12:19:22
16,633,267,2026-01-25 09:16:30,2026-01-25 09:16:30,2026-01-25 09:16:30
17,190,205,2026-05-17 12:36:35,2026-05-17 12:36:35,2026-05-17 12:36:35
18,979,255,2025-08-08 00:17:42,2025-08-08 00:17:42,2025-08-08 00:17:42
19,73,488,2025-09-19 15:34:30,2025-09-19 15:34:30,2025-09-19 15:34:30
20,907,79,2026-04-21 06:36:37,2026-04-21 06:36:37,2026-04-21 06:36:37
21,525,540,2025-10-03 11:42:06,2025-10-03 11:42:06,2025-10-03 11:42:06
22,290,74,2026-05-08 10:01:32,2026-05-08 10:01:32,2026-05-08 10:01:32
23,106,418,2025-10-05 23:38:25,2025-10-05 23:38:25,2025-10-05 23:38:25
24,269,338,2026-01-30 11:48:18,2026-01-30 11:48:18,2026-01-30 11:48:18
25,865,488,2026-01-21 16:45:58,2026-01-21 16:45:58,2026-01-21 16:45:58
26,640,376,2026-04-29 06:36:46,2026-04-29 06:36:46,2026-04-29 06:36:46
27,900,153,2025-08-16 02:13:17,2025-08-16 02:13:17,2025-08-16 02:13:17
28,534,370,2025-10-26 00:17:46,2025-10-26 00:17:46,2025-10-26 00:17:46
29,87,118,2025-09-05 01:25:09,2025-09-05 01:25:09,2025-09-05 01:25:09
30,738,525,2025-11-23 10:59:32,2025-11-23 10:59:32,2025-11-23 10:59:32
31,747,442,2026-02-06 03:35:18,2026-02-06 03:35:18,2026-02-06 03:35:18
32,743,7,2025-12-02 05:53:01,2025-12-02 05:53:01,2025-12-02 05:53:01
33,938,433,2025-07-11 17:03:29,2025-07-11 17:03:29,2025-07-11 17:03:29
34,136,400,2025-11-16 21:38:11,2025-11-16 21:38:11,2025-11-16 21:38:11
35,858,512,2025-11-06 18:26:35,2025-11-06 18:26:35,2025-11-06 18:26:35
36,571,18,2025-09-13 04:16:17,2025-09-13 04:16:17,2025-09-13 04:16:17
37,14,493,2025-09-12 05:23:48,2025-09-12 05:23:48,2025-09-12 05:23:48
38,509,480,2026-02-23 10:38:56,2026-02-23 10:38:56,2026-02-23 10:38:56
39,769,283,2026-01-12 14:19:58,2026-01-12 14:19:58,2026-01-12 14:19:58
40,273,50,2026-03-30 04:37:01,2026-03-30 04:37:01,2026-03-30 04:37:01
41,93,568,2025-09-04 01:22:09,2025-09-04 01:22:09,2025-09-04 01:22:09
42,647,383,2026-03-21 19:12:46,2026-03-21 19:12:46,2026-03-21 19:12:46
43,424,406,2026-03-01 15:31:39,2026-03-01 15:31:39,2026-03-01 15:31:39
44,440,261,2025-12-30 13:25:35,2025-12-30 13:25:35,2025-12-30 13:25:35
45,758,134,2025-12-17 05:50:08,2025-12-17 05:50:08,2025-12-17 05:50:08
46,756,63,2026-04-11 22:17:06,2026-04-11 22:17:06,2026-04-11 22:17:06
47,654,17,2025-10-20 13:11:33,2025-10-20 13:11:33,2025-10-20 13:11:33
48,525,206,2026-04-18 22:46:16,2026-04-18 22:46:16,2026-04-18 22:46:16
49,863,436,2025-09-21 17:40:11,2025-09-21 17:40:11,2025-09-21 17:40:11
50,927,461,2025-10-07 19:02:21,2025-10-07 19:02:21,2025-10-07 19:02:21
51,823,452,2025-11-02 05:06:50,2025-11-02 05:06:50,2025-11-02 05:06:50
52,400,438,2026-04-18 04:49:21,2026-04-18 04:49:21,2026-04-18 04:49:21
53,51,338,2026-02-03 23:27:34,2026-02-03 23:27:34,2026-02-03 23:27:34
54,166,309,2025-11-06 23:14:23,2025-11-06 23:14:23,2025-11-06 23:14:23
55,115,161,2026-04-10 18:23:48,2026-04-10 18:23:48,2026-04-10 18:23:48
56,39,73,2025-11-06 07:18:27,2025-11-06 07:18:27,2025-11-06 07:18:27
57,320,199,2025-11-05 07:15:53,2025-11-05 07:15:53,2025-11-05 07:15:53
58,825,307,2025-10-09 23:54:09,2025-10-09 23:54:09,2025-10-09 23:54:09
59,78,161,2026-01-30 00:46:35,2026-01-30 00:46:35,2026-01-30 00:46:35
60,621,150,2026-01-01 04:41:11,2026-01-01 04:41:11,2026-01-01 04:41:11
61,341,262,2026-01-22 22:50:43,2026-01-22 22:50:43,2026-01-22 22:50:43
62,609,213,2025-12-14 17:35:51,2025-12-14 17:35:51,2025-12-14 17:35:51
63,330,108,2026-06-01 08:14:35,2026-06-01 08:14:35,2026-06-01 08:14:35
64,756,389,2025-09-16 07:06:00,2025-09-16 07:06:00,2025-09-16 07:06:00
65,623,272,2026-05-15 01:51:43,2026-05-15 01:51:43,2026-05-15 01:51:43
66,320,457,2026-04-22 14:46:47,2026-04-22 14:46:47,2026-04-22 14:46:47
67,748,496,2025-06-16 02:41:20,2025-06-16 02:41:20,2025-06-16 02:41:20
68,612,562,2026-01-04 12:02:38,2026-01-04 12:02:38,2026-01-04 12:02:38
69,708,180,2025-09-30 04:33:32,2025-09-30 04:33:32,2025-09-30 04:33:32
70,659,498,2026-02-01 17:24:56,2026-02-01 17:24:56,2026-02-01 17:24:56
71,327,200,2025-09-27 08:15:59,2025-09-27 08:15:59,2025-09-27 08:15:59
72,920,580,2025-09-23 18:04:15,2025-09-23 18:04:15,2025-09-23 18:04:15
73,138,128,2025-06-23 22:44:34,2025-06-23 22:44:34,2025-06-23 22:44:34
74,562,132,2025-08-09 11:51:23,2025-08-09 11:51:23,2025-08-09 11:51:23
75,213,176,2025-06-14 14:26:04,2025-06-14 14:26:04,2025-06-14 14:26:04
76,73,520,2025-09-28 14:34:18,2025-09-28 14:34:18,2025-09-28 14:34:18
77,964,579,2025-11-14 02:15:37,2025-11-14 02:15:37,2025-11-14 02:15:37
78,685,314,2026-04-22 16:29:35,2026-04-22 16:29:35,2026-04-22 16:29:35
79,848,175,2025-09-23 09:01:24,2025-09-23 09:01:24,2025-09-23 09:01:24
80,139,303,2026-01-31 21:14:42,2026-01-31 21:14:42,2026-01-31 21:14:42
81,272,587,2025-06-27 00:42:30,2025-06-27 00:42:30,2025-06-27 00:42:30
82,843,362,2025-06-28 07:32:53,2025-06-28 07:32:53,2025-06-28 07:32:53
83,949,416,2025-10-05 16:17:19,2025-10-05 16:17:19,2025-10-05 16:17:19
84,70,600,2025-09-06 00:16:02,2025-09-06 00:16:02,2025-09-06 00:16:02
85,467,66,2025-09-10 20:00:30,2025-09-10 20:00:30,2025-09-10 20:00:30
86,907,249,2026-04-22 06:10:49,2026-04-22 06:10:49,2026-04-22 06:10:49
87,476,135,2026-01-06 08:40:15,2026-01-06 08:40:15,2026-01-06 08:40:15
88,662,597,2026-01-06 05:27:53,2026-01-06 05:27:53,2026-01-06 05:27:53
89,175,157,2026-04-17 07:28:12,2026-04-17 07:28:12,2026-04-17 07:28:12
90,672,476,2026-04-09 16:59:14,2026-04-09 16:59:14,2026-04-09 16:59:14
91,237,491,2026-02-04 09:40:57,2026-02-04 09:40:57,2026-02-04 09:40:57
92,396,239,2025-07-01 20:30:16,2025-07-01 20:30:16,2025-07-01 20:30:16
93,780,334,2025-07-23 05:51:40,2025-07-23 05:51:40,2025-07-23 05:51:40
94,421,62,2025-12-24 05:37:07,2025-12-24 05:37:07,2025-12-24 05:37:07
95,743,128,2026-01-08 00:37:11,2026-01-08 00:37:11,2026-01-08 00:37:11
96,294,90,2026-02-07 03:26:12,2026-02-07 03:26:12,2026-02-07 03:26:12
97,6,430,2025-10-02 00:39:53,2025-10-02 00:39:53,2025-10-02 00:39:53
98,326,347,2025-11-16 05:07:20,2025-11-16 05:07:20,2025-11-16 05:07:20
99,145,278,2025-08-28 12:38:37,2025-08-28 12:38:37,2025-08-28 12:38:37
100,483,69,2025-07-14 22:16:22,2025-07-14 22:16:22,2025-07-14 22:16:22
101,202,431,2026-02-23 09:24:32,2026-02-23 09:24:32,2026-02-23 09:24:32
102,733,113,2025-08-20 12:55:55,2025-08-20 12:55:55,2025-08-20 12:55:55
103,717,549,2026-01-28 22:23:46,2026-01-28 22:23:46,2026-01-28 22:23:46
104,521,143,2026-03-18 07:27:04,2026-03-18 07:27:04,2026-03-18 07:27:04
105,370,575,2026-02-20 12:45:54,2026-02-20 12:45:54,2026-02-20 12:45:54
106,46,72,2026-05-18 00:20:16,2026-05-18 00:20:16,2026-05-18 00:20:16
107,826,541,2026-05-07 02:33:32,2026-05-07 02:33:32,2026-05-07 02:33:32
108,241,270,2025-06-22 08:07:48,2025-06-22 08:07:48,2025-06-22 08:07:48
109,106,581,2026-01-02 10:49:34,2026-01-02 10:49:34,2026-01-02 10:49:34
110,91,206,2026-01-18 18:16:44,2026-01-18 18:16:44,2026-01-18 18:16:44
111,450,383,2025-10-30 18:47:19,2025-10-30 18:47:19,2025-10-30 18:47:19
112,851,195,2025-11-01 05:06:24,2025-11-01 05:06:24,2025-11-01 05:06:24
113,752,184,2026-04-01 04:16:45,2026-04-01 04:16:45,2026-04-01 04:16:45
114,639,201,2025-12-08 23:42:07,2025-12-08 23:42:07,2025-12-08 23:42:07
115,183,599,2025-08-07 15:28:38,2025-08-07 15:28:38,2025-08-07 15:28:38
116,497,587,2026-03-02 20:14:14,2026-03-02 20:14:14,2026-03-02 20:14:14
117,470,590,2025-06-24 00:06:58,2025-06-24 00:06:58,2025-06-24 00:06:58
118,291,362,2025-12-23 23:50:19,2025-12-23 23:50:19,2025-12-23 23:50:19
119,690,583,2025-11-02 17:13:48,2025-11-02 17:13:48,2025-11-02 17:13:48
120,142,354,2025-11-09 20:04:40,2025-11-09 20:04:40,2025-11-09 20:04:40
121,402,123,2026-02-25 05:07:42,2026-02-25 05:07:42,2026-02-25 05:07:42
122,737,341,2025-07-16 01:48:08,2025-07-16 01:48:08,2025-07-16 01:48:08
123,508,505,2026-02-15 02:52:02,2026-02-15 02:52:02,2026-02-15 02:52:02
124,824,425,2026-05-17 08:34:33,2026-05-17 08:34:33,2026-05-17 08:34:33
125,575,427,2026-04-29 22:58:22,2026-04-29 22:58:22,2026-04-29 22:58:22
126,17,342,2025-10-17 18:14:21,2025-10-17 18:14:21,2025-10-17 18:14:21
127,378,30,2025-06-12 07:20:56,2025-06-12 07:20:56,2025-06-12 07:20:56
128,53,561,2026-02-21 22:07:54,2026-02-21 22:07:54,2026-02-21 22:07:54
129,222,287,2025-10-14 09:12:09,2025-10-14 09:12:09,2025-10-14 09:12:09
130,443,597,2025-07-11 01:14:59,2025-07-11 01:14:59,2025-07-11 01:14:59
131,682,313,2026-04-18 05:38:55,2026-04-18 05:38:55,2026-04-18 05:38:55
132,326,166,2025-08-03 08:16:30,2025-08-03 08:16:30,2025-08-03 08:16:30
133,335,96,2026-04-15 13:51:56,2026-04-15 13:51:56,2026-04-15 13:51:56
134,65,471,2025-08-02 21:05:12,2025-08-02 21:05:12,2025-08-02 21:05:12
135,930,27,2025-08-10 21:22:07,2025-08-10 21:22:07,2025-08-10 21:22:07
136,545,331,2026-05-10 08:28:32,2026-05-10 08:28:32,2026-05-10 08:28:32
137,707,398,2026-01-13 02:26:37,2026-01-13 02:26:37,2026-01-13 02:26:37
138,590,367,2025-07-17 14:56:50,2025-07-17 14:56:50,2025-07-17 14:56:50
139,308,346,2025-10-17 07:00:41,2025-10-17 07:00:41,2025-10-17 07:00:41
140,905,235,2025-08-07 21:50:41,2025-08-07 21:50:41,2025-08-07 21:50:41
141,64,407,2026-05-07 15:45:31,2026-05-07 15:45:31,2026-05-07 15:45:31
142,456,551,2025-10-29 15:54:04,2025-10-29 15:54:04,2025-10-29 15:54:04
143,861,251,2026-01-12 10:35:28,2026-01-12 10:35:28,2026-01-12 10:35:28
144,727,92,2026-04-08 07:42:35,2026-04-08 07:42:35,2026-04-08 07:42:35
145,162,382,2025-08-14 06:35:44,2025-08-14 06:35:44,2025-08-14 06:35:44
146,539,226,2025-11-25 13:49:01,2025-11-25 13:49:01,2025-11-25 13:49:01
147,789,428,2025-12-16 00:44:20,2025-12-16 00:44:20,2025-12-16 00:44:20
148,220,116,2026-05-20 15:22:22,2026-05-20 15:22:22,2026-05-20 15:22:22
149,248,498,2025-12-07 02:00:23,2025-12-07 02:00:23,2025-12-07 02:00:23
150,26,18,2026-03-22 15:39:53,2026-03-22 15:39:53,2026-03-22 15:39:53
151,533,259,2025-09-23 19:53:12,2025-09-23 19:53:12,2025-09-23 19:53:12
152,653,409,2026-01-22 10:42:45,2026-01-22 10:42:45,2026-01-22 10:42:45
153,363,191,2025-06-25 00:16:11,2025-06-25 00:16:11,2025-06-25 00:16:11
154,848,79,2026-03-04 00:20:33,2026-03-04 00:20:33,2026-03-04 00:20:33
155,315,98,2025-09-24 00:12:27,2025-09-24 00:12:27,2025-09-24 00:12:27
156,810,404,2025-06-13 23:20:14,2025-06-13 23:20:14,2025-06-13 23:20:14
157,961,327,2025-10-27 22:58:42,2025-10-27 22:58:42,2025-10-27 22:58:42
158,303,243,2026-04-10 10:57:17,2026-04-10 10:57:17,2026-04-10 10:57:17
159,650,516,2025-08-20 15:12:13,2025-08-20 15:12:13,2025-08-20 15:12:13
160,838,527,2025-12-08 22:22:30,2025-12-08 22:22:30,2025-12-08 22:22:30
161,142,431,2026-05-06 22:18:09,2026-05-06 22:18:09,2026-05-06 22:18:09
162,778,102,2026-05-14 17:15:04,2026-05-14 17:15:04,2026-05-14 17:15:04
163,305,477,2026-01-23 08:05:29,2026-01-23 08:05:29,2026-01-23 08:05:29
164,176,7,2025-07-31 14:56:44,2025-07-31 14:56:44,2025-07-31 14:56:44
165,775,137,2026-04-02 16:43:41,2026-04-02 16:43:41,2026-04-02 16:43:41
166,733,418,2025-08-03 07:32:33,2025-08-03 07:32:33,2025-08-03 07:32:33
167,273,366,2025-11-27 23:46:45,2025-11-27 23:46:45,2025-11-27 23:46:45
168,619,564,2026-05-07 21:56:04,2026-05-07 21:56:04,2026-05-07 21:56:04
169,794,260,2026-05-27 20:02:14,2026-05-27 20:02:14,2026-05-27 20:02:14
170,848,276,2025-06-14 22:35:03,2025-06-14 22:35:03,2025-06-14 22:35:03
171,454,40,2025-11-07 19:00:11,2025-11-07 19:00:11,2025-11-07 19:00:11
172,794,397,2025-10-27 07:05:27,2025-10-27 07:05:27,2025-10-27 07:05:27
173,949,477,2026-02-08 12:27:42,2026-02-08 12:27:42,2026-02-08 12:27:42
174,510,155,2025-11-15 14:45:14,2025-11-15 14:45:14,2025-11-15 14:45:14
175,92,480,2026-05-19 23:48:59,2026-05-19 23:48:59,2026-05-19 23:48:59
176,96,369,2025-11-19 23:18:23,2025-11-19 23:18:23,2025-11-19 23:18:23
177,380,109,2026-03-02 11:38:02,2026-03-02 11:38:02,2026-03-02 11:38:02
178,904,491,2026-02-07 06:36:09,2026-02-07 06:36:09,2026-02-07 06:36:09
179,68,405,2026-03-30 12:35:34,2026-03-30 12:35:34,2026-03-30 12:35:34
180,625,89,2025-12-05 10:21:45,2025-12-05 10:21:45,2025-12-05 10:21:45
181,589,258,2025-11-13 11:19:34,2025-11-13 11:19:34,2025-11-13 11:19:34
182,560,567,2025-12-12 18:52:44,2025-12-12 18:52:44,2025-12-12 18:52:44
183,256,205,2025-08-17 05:00:30,2025-08-17 05:00:30,2025-08-17 05:00:30
184,313,368,2026-03-26 03:25:22,2026-03-26 03:25:22,2026-03-26 03:25:22
185,679,39,2025-11-24 13:55:50,2025-11-24 13:55:50,2025-11-24 13:55:50
186,800,178,2025-12-04 23:27:24,2025-12-04 23:27:24,2025-12-04 23:27:24
187,564,20,2025-11-15 23:05:02,2025-11-15 23:05:02,2025-11-15 23:05:02
188,795,340,2025-11-30 12:15:43,2025-11-30 12:15:43,2025-11-30 12:15:43
189,743,352,2026-03-26 12:24:10,2026-03-26 12:24:10,2026-03-26 12:24:10
190,843,464,2025-10-26 21:48:01,2025-10-26 21:48:01,2025-10-26 21:48:01
191,172,350,2025-08-25 14:51:28,2025-08-25 14:51:28,2025-08-25 14:51:28
192,299,115,2026-05-08 12:07:54,2026-05-08 12:07:54,2026-05-08 12:07:54
193,941,285,2025-12-02 00:45:52,2025-12-02 00:45:52,2025-12-02 00:45:52
194,377,450,2025-07-03 00:22:22,2025-07-03 00:22:22,2025-07-03 00:22:22
195,966,533,2026-01-28 00:16:02,2026-01-28 00:16:02,2026-01-28 00:16:02
196,649,257,2025-07-08 05:11:06,2025-07-08 05:11:06,2025-07-08 05:11:06
197,714,237,2025-08-12 14:56:56,2025-08-12 14:56:56,2025-08-12 14:56:56
198,964,446,2025-08-20 05:18:08,2025-08-20 05:18:08,2025-08-20 05:18:08
199,114,125,2025-11-29 22:25:42,2025-11-29 22:25:42,2025-11-29 22:25:42
200,278,321,2026-04-14 00:29:18,2026-04-14 00:29:18,2026-04-14 00:29:18
201,542,292,2025-11-21 00:30:14,2025-11-21 00:30:14,2025-11-21 00:30:14
202,444,168,2025-07-02 19:26:43,2025-07-02 19:26:43,2025-07-02 19:26:43
203,340,308,2025-10-30 12:45:56,2025-10-30 12:45:56,2025-10-30 12:45:56
204,667,567,2025-08-06 12:46:58,2025-08-06 12:46:58,2025-08-06 12:46:58
205,172,283,2026-01-03 08:07:48,2026-01-03 08:07:48,2026-01-03 08:07:48
206,147,300,2025-07-23 02:59:09,2025-07-23 02:59:09,2025-07-23 02:59:09
207,187,286,2025-07-26 21:14:04,2025-07-26 21:14:04,2025-07-26 21:14:04
208,820,254,2026-01-23 13:00:03,2026-01-23 13:00:03,2026-01-23 13:00:03
209,149,54,2026-01-06 17:02:58,2026-01-06 17:02:58,2026-01-06 17:02:58
210,742,11,2026-04-21 16:50:23,2026-04-21 16:50:23,2026-04-21 16:50:23
211,229,123,2026-01-07 06:47:39,2026-01-07 06:47:39,2026-01-07 06:47:39
212,471,89,2026-03-29 21:40:08,2026-03-29 21:40:08,2026-03-29 21:40:08
213,221,535,2026-05-12 05:21:10,2026-05-12 05:21:10,2026-05-12 05:21:10
214,465,246,2025-10-11 12:45:15,2025-10-11 12:45:15,2025-10-11 12:45:15
215,550,151,2025-10-21 03:40:33,2025-10-21 03:40:33,2025-10-21 03:40:33
216,597,253,2026-01-31 07:13:27,2026-01-31 07:13:27,2026-01-31 07:13:27
217,633,487,2025-09-12 19:41:05,2025-09-12 19:41:05,2025-09-12 19:41:05
218,803,257,2026-05-18 10:19:09,2026-05-18 10:19:09,2026-05-18 10:19:09
219,49,173,2025-10-13 06:49:54,2025-10-13 06:49:54,2025-10-13 06:49:54
220,425,299,2025-08-12 06:09:16,2025-08-12 06:09:16,2025-08-12 06:09:16
221,168,199,2026-03-01 11:06:29,2026-03-01 11:06:29,2026-03-01 11:06:29
222,660,176,2025-08-23 18:04:26,2025-08-23 18:04:26,2025-08-23 18:04:26
223,195,128,2026-02-22 01:43:55,2026-02-22 01:43:55,2026-02-22 01:43:55
224,805,525,2025-07-29 01:02:30,2025-07-29 01:02:30,2025-07-29 01:02:30
225,656,371,2025-09-30 05:23:57,2025-09-30 05:23:57,2025-09-30 05:23:57
226,548,506,2026-02-14 04:35:01,2026-02-14 04:35:01,2026-02-14 04:35:01
227,316,554,2026-01-02 00:33:02,2026-01-02 00:33:02,2026-01-02 00:33:02
228,211,541,2025-11-22 22:42:52,2025-11-22 22:42:52,2025-11-22 22:42:52
229,627,301,2025-09-23 00:09:07,2025-09-23 00:09:07,2025-09-23 00:09:07
230,331,551,2025-11-20 07:31:30,2025-11-20 07:31:30,2025-11-20 07:31:30
231,640,437,2026-03-10 03:10:58,2026-03-10 03:10:58,2026-03-10 03:10:58
232,981,401,2025-10-16 12:17:18,2025-10-16 12:17:18,2025-10-16 12:17:18
233,367,457,2025-10-29 17:31:46,2025-10-29 17:31:46,2025-10-29 17:31:46
234,124,282,2025-08-06 23:12:32,2025-08-06 23:12:32,2025-08-06 23:12:32
235,645,53,2025-06-12 01:34:51,2025-06-12 01:34:51,2025-06-12 01:34:51
236,309,283,2025-11-03 03:02:17,2025-11-03 03:02:17,2025-11-03 03:02:17
237,904,363,2025-12-04 09:27:46,2025-12-04 09:27:46,2025-12-04 09:27:46
238,180,202,2025-07-07 01:42:04,2025-07-07 01:42:04,2025-07-07 01:42:04
239,556,509,2026-04-29 13:25:45,2026-04-29 13:25:45,2026-04-29 13:25:45
240,267,110,2026-03-25 09:17:25,2026-03-25 09:17:25,2026-03-25 09:17:25
241,973,215,2026-05-04 06:08:40,2026-05-04 06:08:40,2026-05-04 06:08:40
242,138,476,2026-01-14 20:54:01,2026-01-14 20:54:01,2026-01-14 20:54:01
243,485,317,2026-01-26 15:42:41,2026-01-26 15:42:41,2026-01-26 15:42:41
244,125,312,2026-02-17 17:23:59,2026-02-17 17:23:59,2026-02-17 17:23:59
245,606,457,2025-11-23 19:36:47,2025-11-23 19:36:47,2025-11-23 19:36:47
246,688,298,2025-08-28 13:45:50,2025-08-28 13:45:50,2025-08-28 13:45:50
247,54,193,2026-02-10 13:27:12,2026-02-10 13:27:12,2026-02-10 13:27:12
248,518,34,2025-11-15 19:05:44,2025-11-15 19:05:44,2025-11-15 19:05:44
249,944,8,2026-03-17 08:30:12,2026-03-17 08:30:12,2026-03-17 08:30:12
250,276,8,2025-12-29 17:19:37,2025-12-29 17:19:37,2025-12-29 17:19:37
251,412,415,2025-08-02 15:15:04,2025-08-02 15:15:04,2025-08-02 15:15:04
252,364,275,2025-09-11 04:50:44,2025-09-11 04:50:44,2025-09-11 04:50:44
253,258,242,2026-03-24 16:48:28,2026-03-24 16:48:28,2026-03-24 16:48:28
254,46,364,2025-12-16 13:29:28,2025-12-16 13:29:28,2025-12-16 13:29:28
255,961,459,2025-07-09 00:27:57,2025-07-09 00:27:57,2025-07-09 00:27:57
256,882,399,2025-06-19 00:07:34,2025-06-19 00:07:34,2025-06-19 00:07:34
257,551,135,2025-09-21 00:11:55,2025-09-21 00:11:55,2025-09-21 00:11:55
258,928,351,2026-02-25 15:13:32,2026-02-25 15:13:32,2026-02-25 15:13:32
259,30,140,2026-04-27 12:17:53,2026-04-27 12:17:53,2026-04-27 12:17:53
260,657,251,2026-03-09 21:52:42,2026-03-09 21:52:42,2026-03-09 21:52:42
261,671,599,2026-02-03 16:01:15,2026-02-03 16:01:15,2026-02-03 16:01:15
262,316,309,2026-02-19 13:14:39,2026-02-19 13:14:39,2026-02-19 13:14:39
263,671,169,2025-10-06 10:27:11,2025-10-06 10:27:11,2025-10-06 10:27:11
264,990,459,2025-09-26 16:59:15,2025-09-26 16:59:15,2025-09-26 16:59:15
265,274,61,2025-08-30 16:44:05,2025-08-30 16:44:05,2025-08-30 16:44:05
266,99,580,2025-08-13 07:56:10,2025-08-13 07:56:10,2025-08-13 07:56:10
267,621,509,2026-02-03 13:17:19,2026-02-03 13:17:19,2026-02-03 13:17:19
268,554,421,2025-12-31 19:26:42,2025-12-31 19:26:42,2025-12-31 19:26:42
269,334,42,2025-11-12 08:45:08,2025-11-12 08:45:08,2025-11-12 08:45:08
270,903,96,2026-05-02 04:16:13,2026-05-02 04:16:13,2026-05-02 04:16:13
271,226,287,2025-08-24 05:25:04,2025-08-24 05:25:04,2025-08-24 05:25:04
272,869,543,2025-06-09 15:21:29,2025-06-09 15:21:29,2025-06-09 15:21:29
273,188,80,2026-01-21 20:00:12,2026-01-21 20:00:12,2026-01-21 20:00:12
274,67,259,2025-09-26 03:51:15,2025-09-26 03:51:15,2025-09-26 03:51:15
275,753,335,2026-04-11 23:21:06,2026-04-11 23:21:06,2026-04-11 23:21:06
276,921,92,2025-09-23 20:37:48,2025-09-23 20:37:48,2025-09-23 20:37:48
277,524,159,2025-08-19 08:49:40,2025-08-19 08:49:40,2025-08-19 08:49:40
278,758,26,2026-02-18 14:28:39,2026-02-18 14:28:39,2026-02-18 14:28:39
279,845,472,2026-02-14 20:51:46,2026-02-14 20:51:46,2026-02-14 20:51:46
280,913,30,2026-05-28 17:51:38,2026-05-28 17:51:38,2026-05-28 17:51:38
281,629,362,2026-03-20 09:43:05,2026-03-20 09:43:05,2026-03-20 09:43:05
282,3,481,2025-06-24 09:39:13,2025-06-24 09:39:13,2025-06-24 09:39:13
283,866,459,2026-01-26 21:45:17,2026-01-26 21:45:17,2026-01-26 21:45:17
284,707,52,2026-02-15 02:42:42,2026-02-15 02:42:42,2026-02-15 02:42:42
285,697,475,2025-09-01 09:18:46,2025-09-01 09:18:46,2025-09-01 09:18:46
286,886,187,2025-06-29 04:07:07,2025-06-29 04:07:07,2025-06-29 04:07:07
287,892,103,2025-11-20 20:36:54,2025-11-20 20:36:54,2025-11-20 20:36:54
288,459,469,2026-03-04 23:04:50,2026-03-04 23:04:50,2026-03-04 23:04:50
289,562,438,2026-04-05 11:30:35,2026-04-05 11:30:35,2026-04-05 11:30:35
290,338,433,2026-01-18 09:12:36,2026-01-18 09:12:36,2026-01-18 09:12:36
291,75,275,2025-12-06 17:07:25,2025-12-06 17:07:25,2025-12-06 17:07:25
292,682,482,2026-01-22 14:18:45,2026-01-22 14:18:45,2026-01-22 14:18:45
293,552,217,2026-01-03 22:24:47,2026-01-03 22:24:47,2026-01-03 22:24:47
294,182,537,2025-09-23 20:40:17,2025-09-23 20:40:17,2025-09-23 20:40:17
295,113,567,2025-10-20 07:24:53,2025-10-20 07:24:53,2025-10-20 07:24:53
296,479,93,2026-05-28 05:25:25,2026-05-28 05:25:25,2026-05-28 05:25:25
297,261,248,2025-12-02 16:04:26,2025-12-02 16:04:26,2025-12-02 16:04:26
298,420,520,2025-12-06 11:58:36,2025-12-06 11:58:36,2025-12-06 11:58:36
299,368,461,2026-01-29 14:25:45,2026-01-29 14:25:45,2026-01-29 14:25:45
300,130,220,2026-05-04 17:40:51,2026-05-04 17:40:51,2026-05-04 17:40:51
301,216,301,2025-09-04 13:52:11,2025-09-04 13:52:11,2025-09-04 13:52:11
302,281,208,2026-02-10 11:30:48,2026-02-10 11:30:48,2026-02-10 11:30:48
303,708,51,2025-10-16 09:22:10,2025-10-16 09:22:10,2025-10-16 09:22:10
304,795,267,2025-07-26 01:11:05,2025-07-26 01:11:05,2025-07-26 01:11:05
305,370,54,2025-11-02 16:44:33,2025-11-02 16:44:33,2025-11-02 16:44:33
306,85,78,2025-10-30 19:30:58,2025-10-30 19:30:58,2025-10-30 19:30:58
307,663,467,2025-09-19 07:41:14,2025-09-19 07:41:14,2025-09-19 07:41:14
308,263,109,2025-10-14 04:26:37,2025-10-14 04:26:37,2025-10-14 04:26:37
309,125,401,2026-02-20 08:37:58,2026-02-20 08:37:58,2026-02-20 08:37:58
310,843,425,2025-12-13 12:50:39,2025-12-13 12:50:39,2025-12-13 12:50:39
311,603,424,2025-08-03 17:26:22,2025-08-03 17:26:22,2025-08-03 17:26:22
312,271,306,2025-09-28 06:55:41,2025-09-28 06:55:41,2025-09-28 06:55:41
313,664,206,2026-04-04 05:53:09,2026-04-04 05:53:09,2026-04-04 05:53:09
314,828,90,2025-09-03 21:07:21,2025-09-03 21:07:21,2025-09-03 21:07:21
315,691,526,2025-11-28 14:45:12,2025-11-28 14:45:12,2025-11-28 14:45:12
316,848,233,2026-04-01 15:32:38,2026-04-01 15:32:38,2026-04-01 15:32:38
317,507,140,2025-08-11 11:53:32,2025-08-11 11:53:32,2025-08-11 11:53:32
318,505,399,2025-07-12 15:05:33,2025-07-12 15:05:33,2025-07-12 15:05:33
319,73,486,2026-01-19 14:45:31,2026-01-19 14:45:31,2026-01-19 14:45:31
320,918,166,2026-02-08 08:18:04,2026-02-08 08:18:04,2026-02-08 08:18:04
321,249,188,2025-09-02 15:28:13,2025-09-02 15:28:13,2025-09-02 15:28:13
322,877,299,2026-01-25 21:40:38,2026-01-25 21:40:38,2026-01-25 21:40:38
323,814,532,2025-06-23 00:00:42,2025-06-23 00:00:42,2025-06-23 00:00:42
324,217,403,2025-07-02 20:09:20,2025-07-02 20:09:20,2025-07-02 20:09:20
325,131,353,2025-12-02 00:24:15,2025-12-02 00:24:15,2025-12-02 00:24:15
326,600,563,2026-04-15 12:37:52,2026-04-15 12:37:52,2026-04-15 12:37:52
327,658,373,2025-08-11 02:13:51,2025-08-11 02:13:51,2025-08-11 02:13:51
328,818,314,2026-01-23 20:18:40,2026-01-23 20:18:40,2026-01-23 20:18:40
329,82,298,2025-08-26 03:02:19,2025-08-26 03:02:19,2025-08-26 03:02:19
330,467,538,2025-09-21 22:57:57,2025-09-21 22:57:57,2025-09-21 22:57:57
331,916,63,2025-11-16 04:36:08,2025-11-16 04:36:08,2025-11-16 04:36:08
332,153,69,2026-01-20 09:40:49,2026-01-20 09:40:49,2026-01-20 09:40:49
333,764,529,2025-07-30 12:43:30,2025-07-30 12:43:30,2025-07-30 12:43:30
334,564,546,2025-11-07 16:54:45,2025-11-07 16:54:45,2025-11-07 16:54:45
335,487,26,2026-04-10 12:49:25,2026-04-10 12:49:25,2026-04-10 12:49:25
336,336,381,2025-11-20 02:20:19,2025-11-20 02:20:19,2025-11-20 02:20:19
337,388,73,2026-03-26 17:40:57,2026-03-26 17:40:57,2026-03-26 17:40:57
338,944,160,2025-09-27 21:13:57,2025-09-27 21:13:57,2025-09-27 21:13:57
339,660,123,2025-11-03 12:14:08,2025-11-03 12:14:08,2025-11-03 12:14:08
340,106,416,2025-06-24 00:09:34,2025-06-24 00:09:34,2025-06-24 00:09:34
341,493,370,2025-06-29 15:40:59,2025-06-29 15:40:59,2025-06-29 15:40:59
342,735,512,2025-11-21 01:48:34,2025-11-21 01:48:34,2025-11-21 01:48:34
343,574,591,2026-02-17 14:00:15,2026-02-17 14:00:15,2026-02-17 14:00:15
344,987,409,2025-06-22 07:02:33,2025-06-22 07:02:33,2025-06-22 07:02:33
345,467,219,2025-08-30 13:06:20,2025-08-30 13:06:20,2025-08-30 13:06:20
346,239,508,2026-03-13 14:20:28,2026-03-13 14:20:28,2026-03-13 14:20:28
347,714,586,2026-03-02 00:23:09,2026-03-02 00:23:09,2026-03-02 00:23:09
348,537,138,2025-06-19 00:45:41,2025-06-19 00:45:41,2025-06-19 00:45:41
349,975,588,2025-09-26 13:06:28,2025-09-26 13:06:28,2025-09-26 13:06:28
350,135,529,2025-06-14 11:01:13,2025-06-14 11:01:13,2025-06-14 11:01:13
351,635,441,2025-12-09 04:27:22,2025-12-09 04:27:22,2025-12-09 04:27:22
352,352,14,2026-02-21 23:59:36,2026-02-21 23:59:36,2026-02-21 23:59:36
353,982,476,2025-11-20 10:27:56,2025-11-20 10:27:56,2025-11-20 10:27:56
354,971,454,2025-08-18 05:44:46,2025-08-18 05:44:46,2025-08-18 05:44:46
355,689,503,2026-05-12 23:49:52,2026-05-12 23:49:52,2026-05-12 23:49:52
356,50,170,2025-11-03 10:46:12,2025-11-03 10:46:12,2025-11-03 10:46:12
357,291,441,2026-05-31 09:47:21,2026-05-31 09:47:21,2026-05-31 09:47:21
358,929,494,2025-10-14 01:10:56,2025-10-14 01:10:56,2025-10-14 01:10:56
359,631,52,2025-10-23 04:46:45,2025-10-23 04:46:45,2025-10-23 04:46:45
360,592,201,2026-01-20 02:50:34,2026-01-20 02:50:34,2026-01-20 02:50:34
361,733,118,2026-01-05 19:48:03,2026-01-05 19:48:03,2026-01-05 19:48:03
362,768,423,2025-07-24 04:04:29,2025-07-24 04:04:29,2025-07-24 04:04:29
363,731,331,2025-10-29 09:51:41,2025-10-29 09:51:41,2025-10-29 09:51:41
364,113,291,2025-11-07 17:40:33,2025-11-07 17:40:33,2025-11-07 17:40:33
365,130,553,2026-05-04 20:13:45,2026-05-04 20:13:45,2026-05-04 20:13:45
366,73,283,2026-02-24 10:03:15,2026-02-24 10:03:15,2026-02-24 10:03:15
367,645,17,2026-04-24 01:01:25,2026-04-24 01:01:25,2026-04-24 01:01:25
368,176,388,2026-03-14 08:43:23,2026-03-14 08:43:23,2026-03-14 08:43:23
369,796,550,2026-03-21 23:40:32,2026-03-21 23:40:32,2026-03-21 23:40:32
370,343,297,2026-03-23 23:05:22,2026-03-23 23:05:22,2026-03-23 23:05:22
371,720,19,2025-08-10 16:34:48,2025-08-10 16:34:48,2025-08-10 16:34:48
372,856,472,2025-09-06 22:50:06,2025-09-06 22:50:06,2025-09-06 22:50:06
373,148,156,2026-02-21 03:50:12,2026-02-21 03:50:12,2026-02-21 03:50:12
374,571,253,2026-03-06 04:04:32,2026-03-06 04:04:32,2026-03-06 04:04:32
375,340,215,2026-04-04 00:05:22,2026-04-04 00:05:22,2026-04-04 00:05:22
376,68,133,2026-04-23 11:26:01,2026-04-23 11:26:01,2026-04-23 11:26:01
377,172,282,2026-03-29 01:53:45,2026-03-29 01:53:45,2026-03-29 01:53:45
378,767,245,2025-10-01 16:19:22,2025-10-01 16:19:22,2025-10-01 16:19:22
379,902,332,2025-08-15 18:53:29,2025-08-15 18:53:29,2025-08-15 18:53:29
380,161,205,2026-03-08 15:33:39,2026-03-08 15:33:39,2026-03-08 15:33:39
381,18,22,2026-03-23 09:11:19,2026-03-23 09:11:19,2026-03-23 09:11:19
382,1000,137,2026-03-21 22:23:49,2026-03-21 22:23:49,2026-03-21 22:23:49
383,47,416,2025-10-01 13:15:33,2025-10-01 13:15:33,2025-10-01 13:15:33
384,854,586,2025-06-20 02:20:30,2025-06-20 02:20:30,2025-06-20 02:20:30
385,20,262,2025-12-27 06:47:20,2025-12-27 06:47:20,2025-12-27 06:47:20
386,271,274,2025-09-05 09:46:26,2025-09-05 09:46:26,2025-09-05 09:46:26
387,232,454,2026-04-01 09:12:22,2026-04-01 09:12:22,2026-04-01 09:12:22
388,357,75,2025-06-28 04:13:32,2025-06-28 04:13:32,2025-06-28 04:13:32
389,545,135,2026-02-16 15:40:48,2026-02-16 15:40:48,2026-02-16 15:40:48
390,995,518,2026-04-13 08:56:25,2026-04-13 08:56:25,2026-04-13 08:56:25
391,987,461,2026-02-11 04:55:39,2026-02-11 04:55:39,2026-02-11 04:55:39
392,444,519,2026-02-27 13:50:44,2026-02-27 13:50:44,2026-02-27 13:50:44
393,922,267,2025-10-29 03:09:10,2025-10-29 03:09:10,2025-10-29 03:09:10
394,304,229,2025-07-09 10:04:31,2025-07-09 10:04:31,2025-07-09 10:04:31
395,159,422,2025-11-07 02:33:37,2025-11-07 02:33:37,2025-11-07 02:33:37
396,669,526,2026-02-28 00:02:53,2026-02-28 00:02:53,2026-02-28 00:02:53
397,15,485,2025-09-25 18:45:41,2025-09-25 18:45:41,2025-09-25 18:45:41
398,952,84,2025-08-23 18:34:48,2025-08-23 18:34:48,2025-08-23 18:34:48
399,780,228,2026-05-08 08:03:11,2026-05-08 08:03:11,2026-05-08 08:03:11
400,554,106,2025-09-23 05:52:18,2025-09-23 05:52:18,2025-09-23 05:52:18
401,726,348,2025-12-03 09:51:26,2025-12-03 09:51:26,2025-12-03 09:51:26
402,843,141,2026-05-24 07:37:16,2026-05-24 07:37:16,2026-05-24 07:37:16
403,887,431,2025-09-01 09:16:47,2025-09-01 09:16:47,2025-09-01 09:16:47
404,797,301,2026-02-24 08:15:39,2026-02-24 08:15:39,2026-02-24 08:15:39
405,523,352,2025-08-07 17:12:51,2025-08-07 17:12:51,2025-08-07 17:12:51
406,702,368,2025-12-07 06:16:58,2025-12-07 06:16:58,2025-12-07 06:16:58
407,579,384,2025-07-06 08:12:15,2025-07-06 08:12:15,2025-07-06 08:12:15
408,486,78,2025-11-17 10:34:15,2025-11-17 10:34:15,2025-11-17 10:34:15
409,816,158,2026-04-02 09:17:50,2026-04-02 09:17:50,2026-04-02 09:17:50
410,686,180,2025-07-03 22:46:37,2025-07-03 22:46:37,2025-07-03 22:46:37
411,265,248,2025-06-07 05:02:28,2025-06-07 05:02:28,2025-06-07 05:02:28
412,866,26,2025-12-09 06:02:30,2025-12-09 06:02:30,2025-12-09 06:02:30
413,171,107,2025-12-27 08:20:34,2025-12-27 08:20:34,2025-12-27 08:20:34
414,724,20,2025-06-25 11:19:02,2025-06-25 11:19:02,2025-06-25 11:19:02
415,33,13,2026-01-26 22:06:54,2026-01-26 22:06:54,2026-01-26 22:06:54
416,628,258,2026-02-20 06:11:40,2026-02-20 06:11:40,2026-02-20 06:11:40
417,68,593,2025-06-22 09:01:49,2025-06-22 09:01:49,2025-06-22 09:01:49
418,770,556,2026-02-26 17:03:39,2026-02-26 17:03:39,2026-02-26 17:03:39
419,443,162,2026-02-04 00:22:14,2026-02-04 00:22:14,2026-02-04 00:22:14
420,292,282,2026-05-22 20:24:12,2026-05-22 20:24:12,2026-05-22 20:24:12
421,966,498,2025-12-07 11:03:04,2025-12-07 11:03:04,2025-12-07 11:03:04
422,372,82,2026-04-16 05:01:35,2026-04-16 05:01:35,2026-04-16 05:01:35
423,479,29,2025-12-24 14:32:37,2025-12-24 14:32:37,2025-12-24 14:32:37
424,902,215,2025-11-05 05:02:21,2025-11-05 05:02:21,2025-11-05 05:02:21
425,154,332,2025-08-13 13:02:37,2025-08-13 13:02:37,2025-08-13 13:02:37
426,430,591,2025-10-09 21:40:02,2025-10-09 21:40:02,2025-10-09 21:40:02
427,419,546,2025-11-14 09:38:06,2025-11-14 09:38:06,2025-11-14 09:38:06
428,206,124,2026-02-13 12:04:21,2026-02-13 12:04:21,2026-02-13 12:04:21
429,990,500,2025-09-08 20:17:52,2025-09-08 20:17:52,2025-09-08 20:17:52
430,257,310,2025-10-16 05:31:21,2025-10-16 05:31:21,2025-10-16 05:31:21
431,698,223,2026-01-23 18:32:52,2026-01-23 18:32:52,2026-01-23 18:32:52
432,604,400,2025-09-11 16:26:23,2025-09-11 16:26:23,2025-09-11 16:26:23
433,586,382,2025-10-03 09:29:28,2025-10-03 09:29:28,2025-10-03 09:29:28
434,240,479,2025-08-06 00:03:33,2025-08-06 00:03:33,2025-08-06 00:03:33
435,311,539,2026-03-27 08:04:40,2026-03-27 08:04:40,2026-03-27 08:04:40
436,944,337,2025-10-12 21:07:59,2025-10-12 21:07:59,2025-10-12 21:07:59
437,523,350,2026-04-13 08:58:08,2026-04-13 08:58:08,2026-04-13 08:58:08
438,491,183,2026-01-13 03:03:33,2026-01-13 03:03:33,2026-01-13 03:03:33
439,906,174,2025-09-15 08:54:43,2025-09-15 08:54:43,2025-09-15 08:54:43
440,933,426,2025-11-17 13:24:39,2025-11-17 13:24:39,2025-11-17 13:24:39
441,362,22,2026-04-20 06:03:26,2026-04-20 06:03:26,2026-04-20 06:03:26
442,594,462,2025-09-24 02:08:27,2025-09-24 02:08:27,2025-09-24 02:08:27
443,309,185,2026-05-28 04:36:49,2026-05-28 04:36:49,2026-05-28 04:36:49
444,879,433,2026-03-07 22:13:30,2026-03-07 22:13:30,2026-03-07 22:13:30
445,343,511,2025-08-12 08:45:57,2025-08-12 08:45:57,2025-08-12 08:45:57
446,888,518,2026-03-02 23:12:36,2026-03-02 23:12:36,2026-03-02 23:12:36
447,653,204,2025-12-06 07:55:47,2025-12-06 07:55:47,2025-12-06 07:55:47
448,32,472,2025-09-19 03:55:06,2025-09-19 03:55:06,2025-09-19 03:55:06
449,606,143,2025-06-07 15:18:11,2025-06-07 15:18:11,2025-06-07 15:18:11
450,979,187,2026-02-18 21:06:13,2026-02-18 21:06:13,2026-02-18 21:06:13
451,917,598,2025-09-13 01:39:01,2025-09-13 01:39:01,2025-09-13 01:39:01
452,313,467,2025-10-17 20:56:42,2025-10-17 20:56:42,2025-10-17 20:56:42
453,288,382,2025-08-11 15:57:19,2025-08-11 15:57:19,2025-08-11 15:57:19
454,961,227,2026-01-24 15:16:12,2026-01-24 15:16:12,2026-01-24 15:16:12
455,749,299,2025-07-10 15:57:05,2025-07-10 15:57:05,2025-07-10 15:57:05
456,829,503,2025-11-04 10:30:30,2025-11-04 10:30:30,2025-11-04 10:30:30
457,279,565,2025-07-21 16:16:17,2025-07-21 16:16:17,2025-07-21 16:16:17
458,218,56,2026-01-20 00:53:51,2026-01-20 00:53:51,2026-01-20 00:53:51
459,73,193,2026-05-08 05:27:26,2026-05-08 05:27:26,2026-05-08 05:27:26
460,220,546,2026-02-22 16:01:28,2026-02-22 16:01:28,2026-02-22 16:01:28
461,874,66,2026-04-27 06:02:25,2026-04-27 06:02:25,2026-04-27 06:02:25
462,608,49,2025-09-04 00:09:31,2025-09-04 00:09:31,2025-09-04 00:09:31
463,637,219,2025-09-04 01:29:09,2025-09-04 01:29:09,2025-09-04 01:29:09
464,314,563,2026-04-03 22:15:26,2026-04-03 22:15:26,2026-04-03 22:15:26
465,128,326,2025-12-12 09:18:21,2025-12-12 09:18:21,2025-12-12 09:18:21
466,265,566,2025-10-14 18:18:56,2025-10-14 18:18:56,2025-10-14 18:18:56
467,79,439,2025-09-28 15:11:26,2025-09-28 15:11:26,2025-09-28 15:11:26
468,418,139,2026-03-13 15:41:23,2026-03-13 15:41:23,2026-03-13 15:41:23
469,550,430,2026-04-23 22:16:43,2026-04-23 22:16:43,2026-04-23 22:16:43
470,991,485,2025-12-19 17:55:01,2025-12-19 17:55:01,2025-12-19 17:55:01
471,825,562,2025-10-11 11:55:41,2025-10-11 11:55:41,2025-10-11 11:55:41
472,414,272,2025-09-25 21:57:09,2025-09-25 21:57:09,2025-09-25 21:57:09
473,981,342,2025-07-23 10:06:07,2025-07-23 10:06:07,2025-07-23 10:06:07
474,712,74,2025-09-11 14:22:04,2025-09-11 14:22:04,2025-09-11 14:22:04
475,892,234,2025-10-22 20:38:32,2025-10-22 20:38:32,2025-10-22 20:38:32
476,611,492,2025-06-23 19:48:50,2025-06-23 19:48:50,2025-06-23 19:48:50
477,863,497,2025-12-17 13:52:40,2025-12-17 13:52:40,2025-12-17 13:52:40
478,232,230,2025-06-30 21:56:21,2025-06-30 21:56:21,2025-06-30 21:56:21
479,40,74,2026-01-14 11:38:20,2026-01-14 11:38:20,2026-01-14 11:38:20
480,377,78,2025-10-12 03:14:57,2025-10-12 03:14:57,2025-10-12 03:14:57
481,823,550,2025-11-20 14:05:49,2025-11-20 14:05:49,2025-11-20 14:05:49
482,510,455,2025-12-02 11:52:43,2025-12-02 11:52:43,2025-12-02 11:52:43
483,933,147,2025-11-02 16:34:32,2025-11-02 16:34:32,2025-11-02 16:34:32
484,805,560,2026-05-03 16:24:19,2026-05-03 16:24:19,2026-05-03 16:24:19
485,37,18,2026-03-05 00:15:52,2026-03-05 00:15:52,2026-03-05 00:15:52
486,218,251,2026-03-18 11:52:30,2026-03-18 11:52:30,2026-03-18 11:52:30
487,452,44,2026-03-17 00:17:59,2026-03-17 00:17:59,2026-03-17 00:17:59
488,177,490,2025-10-19 05:14:56,2025-10-19 05:14:56,2025-10-19 05:14:56
489,381,271,2025-11-21 05:19:07,2025-11-21 05:19:07,2025-11-21 05:19:07
490,396,49,2025-08-04 07:59:23,2025-08-04 07:59:23,2025-08-04 07:59:23
491,638,474,2025-07-29 09:05:14,2025-07-29 09:05:14,2025-07-29 09:05:14
492,793,139,2025-09-30 19:23:55,2025-09-30 19:23:55,2025-09-30 19:23:55
493,768,282,2025-10-03 22:24:19,2025-10-03 22:24:19,2025-10-03 22:24:19
494,478,502,2026-01-08 17:50:47,2026-01-08 17:50:47,2026-01-08 17:50:47
495,607,93,2025-06-13 21:59:26,2025-06-13 21:59:26,2025-06-13 21:59:26
496,456,576,2025-07-22 01:21:32,2025-07-22 01:21:32,2025-07-22 01:21:32
497,653,105,2026-03-06 15:08:06,2026-03-06 15:08:06,2026-03-06 15:08:06
498,327,208,2025-08-03 18:35:42,2025-08-03 18:35:42,2025-08-03 18:35:42
499,319,537,2025-06-24 08:39:17,2025-06-24 08:39:17,2025-06-24 08:39:17
500,188,214,2025-06-07 23:51:15,2025-06-07 23:51:15,2025-06-07 23:51:15
501,260,65,2025-12-30 03:05:08,2025-12-30 03:05:08,2025-12-30 03:05:08
502,428,218,2025-07-27 02:48:53,2025-07-27 02:48:53,2025-07-27 02:48:53
503,548,477,2026-05-08 00:30:36,2026-05-08 00:30:36,2026-05-08 00:30:36
504,847,187,2025-10-15 15:19:20,2025-10-15 15:19:20,2025-10-15 15:19:20
505,129,443,2026-04-14 21:46:58,2026-04-14 21:46:58,2026-04-14 21:46:58
506,786,81,2026-02-08 08:22:39,2026-02-08 08:22:39,2026-02-08 08:22:39
507,126,332,2025-12-09 09:54:03,2025-12-09 09:54:03,2025-12-09 09:54:03
508,508,415,2025-11-06 20:57:43,2025-11-06 20:57:43,2025-11-06 20:57:43
509,436,483,2025-08-16 05:07:27,2025-08-16 05:07:27,2025-08-16 05:07:27
510,725,259,2026-03-14 22:01:39,2026-03-14 22:01:39,2026-03-14 22:01:39
511,62,245,2025-08-03 20:02:53,2025-08-03 20:02:53,2025-08-03 20:02:53
512,4,580,2026-03-29 13:01:10,2026-03-29 13:01:10,2026-03-29 13:01:10
513,825,58,2026-01-03 04:44:23,2026-01-03 04:44:23,2026-01-03 04:44:23
514,271,221,2026-04-03 14:32:10,2026-04-03 14:32:10,2026-04-03 14:32:10
515,440,107,2025-11-09 11:37:35,2025-11-09 11:37:35,2025-11-09 11:37:35
516,187,273,2025-12-10 12:52:24,2025-12-10 12:52:24,2025-12-10 12:52:24
517,443,422,2026-01-12 23:06:46,2026-01-12 23:06:46,2026-01-12 23:06:46
518,793,222,2025-12-28 05:22:27,2025-12-28 05:22:27,2025-12-28 05:22:27
519,419,52,2025-08-23 18:27:18,2025-08-23 18:27:18,2025-08-23 18:27:18
520,436,530,2025-10-04 08:43:07,2025-10-04 08:43:07,2025-10-04 08:43:07
521,550,347,2026-05-25 13:04:24,2026-05-25 13:04:24,2026-05-25 13:04:24
522,826,589,2026-02-03 10:29:31,2026-02-03 10:29:31,2026-02-03 10:29:31
523,293,514,2025-11-30 10:31:31,2025-11-30 10:31:31,2025-11-30 10:31:31
524,404,525,2025-12-31 11:44:28,2025-12-31 11:44:28,2025-12-31 11:44:28
525,194,452,2026-05-04 08:54:01,2026-05-04 08:54:01,2026-05-04 08:54:01
526,611,465,2025-12-11 07:51:16,2025-12-11 07:51:16,2025-12-11 07:51:16
527,559,244,2025-11-03 07:45:52,2025-11-03 07:45:52,2025-11-03 07:45:52
528,211,19,2025-06-18 03:59:51,2025-06-18 03:59:51,2025-06-18 03:59:51
529,221,335,2026-02-19 11:26:37,2026-02-19 11:26:37,2026-02-19 11:26:37
530,335,284,2026-03-21 01:15:26,2026-03-21 01:15:26,2026-03-21 01:15:26
531,917,297,2026-05-30 01:43:15,2026-05-30 01:43:15,2026-05-30 01:43:15
532,603,69,2025-09-21 04:06:20,2025-09-21 04:06:20,2025-09-21 04:06:20
533,682,29,2026-03-06 01:09:54,2026-03-06 01:09:54,2026-03-06 01:09:54
534,248,556,2026-03-18 01:07:20,2026-03-18 01:07:20,2026-03-18 01:07:20
535,953,214,2026-03-08 18:21:27,2026-03-08 18:21:27,2026-03-08 18:21:27
536,271,40,2026-03-30 00:26:30,2026-03-30 00:26:30,2026-03-30 00:26:30
537,388,214,2025-12-26 10:07:29,2025-12-26 10:07:29,2025-12-26 10:07:29
538,881,493,2026-01-27 02:20:23,2026-01-27 02:20:23,2026-01-27 02:20:23
539,392,277,2026-01-22 23:33:47,2026-01-22 23:33:47,2026-01-22 23:33:47
540,372,42,2025-06-16 08:26:24,2025-06-16 08:26:24,2025-06-16 08:26:24
541,739,180,2026-01-17 17:06:13,2026-01-17 17:06:13,2026-01-17 17:06:13
542,39,54,2025-08-16 17:40:48,2025-08-16 17:40:48,2025-08-16 17:40:48
543,177,325,2025-10-28 19:48:01,2025-10-28 19:48:01,2025-10-28 19:48:01
544,356,42,2025-10-24 11:18:47,2025-10-24 11:18:47,2025-10-24 11:18:47
545,79,264,2026-05-29 11:09:45,2026-05-29 11:09:45,2026-05-29 11:09:45
546,852,457,2026-03-13 04:09:16,2026-03-13 04:09:16,2026-03-13 04:09:16
547,793,376,2026-02-23 20:43:43,2026-02-23 20:43:43,2026-02-23 20:43:43
548,826,85,2026-04-16 20:52:06,2026-04-16 20:52:06,2026-04-16 20:52:06
549,14,530,2025-06-14 07:13:47,2025-06-14 07:13:47,2025-06-14 07:13:47
550,740,1,2025-11-19 04:00:38,2025-11-19 04:00:38,2025-11-19 04:00:38
551,427,467,2026-01-28 04:12:20,2026-01-28 04:12:20,2026-01-28 04:12:20
552,897,431,2025-07-01 14:52:34,2025-07-01 14:52:34,2025-07-01 14:52:34
553,700,527,2026-02-24 15:47:53,2026-02-24 15:47:53,2026-02-24 15:47:53
554,711,336,2026-05-15 06:14:53,2026-05-15 06:14:53,2026-05-15 06:14:53
555,761,60,2025-07-31 00:37:54,2025-07-31 00:37:54,2025-07-31 00:37:54
556,543,221,2026-04-28 19:59:35,2026-04-28 19:59:35,2026-04-28 19:59:35
557,571,46,2026-03-19 18:22:33,2026-03-19 18:22:33,2026-03-19 18:22:33
558,909,345,2025-12-06 08:56:06,2025-12-06 08:56:06,2025-12-06 08:56:06
559,376,503,2025-10-04 13:28:10,2025-10-04 13:28:10,2025-10-04 13:28:10
560,882,275,2026-01-06 15:36:11,2026-01-06 15:36:11,2026-01-06 15:36:11
561,134,488,2025-07-16 12:08:31,2025-07-16 12:08:31,2025-07-16 12:08:31
562,843,494,2026-03-15 03:50:34,2026-03-15 03:50:34,2026-03-15 03:50:34
563,712,570,2026-04-11 11:42:15,2026-04-11 11:42:15,2026-04-11 11:42:15
564,575,71,2025-09-06 01:59:45,2025-09-06 01:59:45,2025-09-06 01:59:45
565,828,176,2025-06-16 08:14:02,2025-06-16 08:14:02,2025-06-16 08:14:02
566,700,530,2026-03-04 13:27:12,2026-03-04 13:27:12,2026-03-04 13:27:12
567,735,196,2026-02-16 12:21:11,2026-02-16 12:21:11,2026-02-16 12:21:11
568,728,28,2025-08-30 13:31:35,2025-08-30 13:31:35,2025-08-30 13:31:35
569,224,301,2025-09-25 15:28:30,2025-09-25 15:28:30,2025-09-25 15:28:30
570,134,509,2025-10-06 16:18:57,2025-10-06 16:18:57,2025-10-06 16:18:57
571,279,28,2026-02-28 08:06:12,2026-02-28 08:06:12,2026-02-28 08:06:12
572,273,483,2025-11-08 05:23:54,2025-11-08 05:23:54,2025-11-08 05:23:54
573,630,346,2025-12-02 02:27:29,2025-12-02 02:27:29,2025-12-02 02:27:29
574,451,479,2025-11-23 21:28:23,2025-11-23 21:28:23,2025-11-23 21:28:23
575,492,440,2026-02-26 18:12:10,2026-02-26 18:12:10,2026-02-26 18:12:10
576,317,140,2025-11-28 22:34:42,2025-11-28 22:34:42,2025-11-28 22:34:42
577,851,424,2025-09-01 23:28:22,2025-09-01 23:28:22,2025-09-01 23:28:22
578,773,63,2025-11-04 14:11:26,2025-11-04 14:11:26,2025-11-04 14:11:26
579,961,549,2026-03-07 04:43:15,2026-03-07 04:43:15,2026-03-07 04:43:15
580,909,504,2026-02-05 04:48:20,2026-02-05 04:48:20,2026-02-05 04:48:20
581,569,533,2026-01-23 15:13:44,2026-01-23 15:13:44,2026-01-23 15:13:44
582,110,560,2026-03-24 17:36:32,2026-03-24 17:36:32,2026-03-24 17:36:32
583,243,398,2026-03-14 05:21:00,2026-03-14 05:21:00,2026-03-14 05:21:00
584,433,308,2026-04-12 08:46:47,2026-04-12 08:46:47,2026-04-12 08:46:47
585,446,270,2026-05-03 15:14:26,2026-05-03 15:14:26,2026-05-03 15:14:26
586,381,167,2025-09-09 05:04:18,2025-09-09 05:04:18,2025-09-09 05:04:18
587,22,334,2025-12-04 20:14:34,2025-12-04 20:14:34,2025-12-04 20:14:34
588,364,198,2025-07-04 16:37:26,2025-07-04 16:37:26,2025-07-04 16:37:26
589,3,339,2026-03-30 05:53:37,2026-03-30 05:53:37,2026-03-30 05:53:37
590,212,390,2025-11-17 04:24:34,2025-11-17 04:24:34,2025-11-17 04:24:34
591,805,18,2026-02-03 07:00:59,2026-02-03 07:00:59,2026-02-03 07:00:59
592,679,594,2025-10-12 15:35:19,2025-10-12 15:35:19,2025-10-12 15:35:19
593,277,563,2025-06-17 20:02:38,2025-06-17 20:02:38,2025-06-17 20:02:38
594,88,595,2025-06-13 12:23:11,2025-06-13 12:23:11,2025-06-13 12:23:11
595,236,593,2026-03-13 15:08:03,2026-03-13 15:08:03,2026-03-13 15:08:03
596,1000,257,2026-03-23 17:31:37,2026-03-23 17:31:37,2026-03-23 17:31:37
597,223,315,2025-09-18 17:26:55,2025-09-18 17:26:55,2025-09-18 17:26:55
598,594,98,2025-11-19 18:30:08,2025-11-19 18:30:08,2025-11-19 18:30:08
599,128,404,2025-08-26 20:16:08,2025-08-26 20:16:08,2025-08-26 20:16:08
600,703,289,2025-08-22 13:19:17,2025-08-22 13:19:17,2025-08-22 13:19:17
601,766,136,2025-12-08 14:38:25,2025-12-08 14:38:25,2025-12-08 14:38:25
602,996,537,2025-09-02 11:41:11,2025-09-02 11:41:11,2025-09-02 11:41:11
603,805,550,2025-11-12 07:11:50,2025-11-12 07:11:50,2025-11-12 07:11:50
604,938,134,2026-01-13 22:49:32,2026-01-13 22:49:32,2026-01-13 22:49:32
605,244,565,2025-06-14 01:16:54,2025-06-14 01:16:54,2025-06-14 01:16:54
606,836,175,2025-10-28 12:39:32,2025-10-28 12:39:32,2025-10-28 12:39:32
607,714,386,2025-09-24 01:22:42,2025-09-24 01:22:42,2025-09-24 01:22:42
608,79,131,2025-10-21 16:04:23,2025-10-21 16:04:23,2025-10-21 16:04:23
609,916,322,2025-12-02 22:00:33,2025-12-02 22:00:33,2025-12-02 22:00:33
610,550,425,2025-08-01 09:53:24,2025-08-01 09:53:24,2025-08-01 09:53:24
611,311,557,2026-02-26 06:42:02,2026-02-26 06:42:02,2026-02-26 06:42:02
612,6,12,2025-07-20 22:27:35,2025-07-20 22:27:35,2025-07-20 22:27:35
613,982,565,2025-09-06 23:51:51,2025-09-06 23:51:51,2025-09-06 23:51:51
614,678,513,2025-11-28 02:30:35,2025-11-28 02:30:35,2025-11-28 02:30:35
615,651,581,2025-06-24 12:31:11,2025-06-24 12:31:11,2025-06-24 12:31:11
616,509,330,2025-11-11 20:56:54,2025-11-11 20:56:54,2025-11-11 20:56:54
617,206,355,2026-01-08 05:12:16,2026-01-08 05:12:16,2026-01-08 05:12:16
618,749,236,2025-10-25 01:37:42,2025-10-25 01:37:42,2025-10-25 01:37:42
619,452,74,2025-06-30 18:10:32,2025-06-30 18:10:32,2025-06-30 18:10:32
620,447,210,2025-11-09 17:16:36,2025-11-09 17:16:36,2025-11-09 17:16:36
621,222,206,2025-06-27 19:50:19,2025-06-27 19:50:19,2025-06-27 19:50:19
622,807,431,2025-12-03 02:11:51,2025-12-03 02:11:51,2025-12-03 02:11:51
623,913,530,2025-09-12 20:59:44,2025-09-12 20:59:44,2025-09-12 20:59:44
624,327,471,2025-06-23 10:29:44,2025-06-23 10:29:44,2025-06-23 10:29:44
625,101,234,2026-04-27 16:31:30,2026-04-27 16:31:30,2026-04-27 16:31:30
626,15,569,2025-06-16 00:47:53,2025-06-16 00:47:53,2025-06-16 00:47:53
627,433,321,2025-06-29 04:57:54,2025-06-29 04:57:54,2025-06-29 04:57:54
628,952,395,2025-11-06 18:51:38,2025-11-06 18:51:38,2025-11-06 18:51:38
629,129,391,2025-08-08 05:23:44,2025-08-08 05:23:44,2025-08-08 05:23:44
630,764,595,2025-11-25 01:03:55,2025-11-25 01:03:55,2025-11-25 01:03:55
631,291,241,2025-07-27 19:31:37,2025-07-27 19:31:37,2025-07-27 19:31:37
632,944,269,2026-01-09 19:00:20,2026-01-09 19:00:20,2026-01-09 19:00:20
633,283,152,2026-05-04 19:52:25,2026-05-04 19:52:25,2026-05-04 19:52:25
634,150,509,2026-03-17 21:52:11,2026-03-17 21:52:11,2026-03-17 21:52:11
635,493,283,2026-03-03 03:06:21,2026-03-03 03:06:21,2026-03-03 03:06:21
636,43,148,2026-03-10 11:26:09,2026-03-10 11:26:09,2026-03-10 11:26:09
637,192,415,2025-12-01 08:40:25,2025-12-01 08:40:25,2025-12-01 08:40:25
638,623,258,2026-04-26 17:22:25,2026-04-26 17:22:25,2026-04-26 17:22:25
639,982,382,2025-11-08 03:28:58,2025-11-08 03:28:58,2025-11-08 03:28:58
640,991,190,2025-07-14 19:22:43,2025-07-14 19:22:43,2025-07-14 19:22:43
641,304,178,2025-11-12 11:27:42,2025-11-12 11:27:42,2025-11-12 11:27:42
642,604,510,2025-12-26 13:17:32,2025-12-26 13:17:32,2025-12-26 13:17:32
643,834,430,2026-04-22 11:21:04,2026-04-22 11:21:04,2026-04-22 11:21:04
644,27,316,2026-03-14 07:13:55,2026-03-14 07:13:55,2026-03-14 07:13:55
645,287,107,2025-09-02 13:26:44,2025-09-02 13:26:44,2025-09-02 13:26:44
646,210,256,2025-12-19 00:17:50,2025-12-19 00:17:50,2025-12-19 00:17:50
647,961,350,2025-07-19 15:17:53,2025-07-19 15:17:53,2025-07-19 15:17:53
648,700,481,2025-10-28 06:56:23,2025-10-28 06:56:23,2025-10-28 06:56:23
649,206,600,2025-08-02 14:27:39,2025-08-02 14:27:39,2025-08-02 14:27:39
650,763,258,2025-12-01 11:58:42,2025-12-01 11:58:42,2025-12-01 11:58:42
651,890,94,2025-12-07 04:30:09,2025-12-07 04:30:09,2025-12-07 04:30:09
652,550,412,2026-02-08 11:31:38,2026-02-08 11:31:38,2026-02-08 11:31:38
653,361,99,2025-09-21 12:02:15,2025-09-21 12:02:15,2025-09-21 12:02:15
654,164,248,2025-11-17 11:56:28,2025-11-17 11:56:28,2025-11-17 11:56:28
655,618,241,2026-04-07 07:53:49,2026-04-07 07:53:49,2026-04-07 07:53:49
656,898,577,2025-11-08 22:20:57,2025-11-08 22:20:57,2025-11-08 22:20:57
657,403,216,2025-08-30 20:56:02,2025-08-30 20:56:02,2025-08-30 20:56:02
658,408,240,2026-03-29 01:23:54,2026-03-29 01:23:54,2026-03-29 01:23:54
659,754,472,2025-09-18 05:41:01,2025-09-18 05:41:01,2025-09-18 05:41:01
660,116,55,2026-02-01 02:53:59,2026-02-01 02:53:59,2026-02-01 02:53:59
661,643,161,2026-05-06 14:20:34,2026-05-06 14:20:34,2026-05-06 14:20:34
662,140,71,2025-11-23 21:29:28,2025-11-23 21:29:28,2025-11-23 21:29:28
663,765,554,2025-10-03 01:12:17,2025-10-03 01:12:17,2025-10-03 01:12:17
664,954,184,2026-03-22 04:48:39,2026-03-22 04:48:39,2026-03-22 04:48:39
665,225,99,2026-05-27 08:13:36,2026-05-27 08:13:36,2026-05-27 08:13:36
666,677,495,2026-03-20 16:54:13,2026-03-20 16:54:13,2026-03-20 16:54:13
667,757,184,2025-08-06 07:45:22,2025-08-06 07:45:22,2025-08-06 07:45:22
668,857,511,2025-11-25 05:44:30,2025-11-25 05:44:30,2025-11-25 05:44:30
669,798,271,2026-03-26 16:41:32,2026-03-26 16:41:32,2026-03-26 16:41:32
670,825,409,2025-11-09 00:02:36,2025-11-09 00:02:36,2025-11-09 00:02:36
671,107,532,2025-09-02 17:44:23,2025-09-02 17:44:23,2025-09-02 17:44:23
672,588,554,2025-08-31 20:10:08,2025-08-31 20:10:08,2025-08-31 20:10:08
673,78,222,2026-03-21 00:14:24,2026-03-21 00:14:24,2026-03-21 00:14:24
674,127,325,2026-01-06 00:00:40,2026-01-06 00:00:40,2026-01-06 00:00:40
675,972,129,2026-02-25 11:54:26,2026-02-25 11:54:26,2026-02-25 11:54:26
676,50,123,2026-05-19 06:01:40,2026-05-19 06:01:40,2026-05-19 06:01:40
677,271,57,2025-10-15 09:42:03,2025-10-15 09:42:03,2025-10-15 09:42:03
678,288,49,2026-05-05 19:12:25,2026-05-05 19:12:25,2026-05-05 19:12:25
679,477,220,2025-06-24 14:26:12,2025-06-24 14:26:12,2025-06-24 14:26:12
680,265,474,2025-10-11 07:56:32,2025-10-11 07:56:32,2025-10-11 07:56:32
681,942,335,2025-12-11 20:40:13,2025-12-11 20:40:13,2025-12-11 20:40:13
682,9,63,2025-10-01 21:30:28,2025-10-01 21:30:28,2025-10-01 21:30:28
683,27,565,2025-07-05 06:59:37,2025-07-05 06:59:37,2025-07-05 06:59:37
684,845,63,2025-12-18 13:10:26,2025-12-18 13:10:26,2025-12-18 13:10:26
685,485,290,2026-03-17 00:45:43,2026-03-17 00:45:43,2026-03-17 00:45:43
686,473,165,2026-04-29 08:33:25,2026-04-29 08:33:25,2026-04-29 08:33:25
687,901,132,2026-01-06 18:52:03,2026-01-06 18:52:03,2026-01-06 18:52:03
688,298,545,2026-03-22 22:23:39,2026-03-22 22:23:39,2026-03-22 22:23:39
689,940,176,2025-08-20 15:38:28,2025-08-20 15:38:28,2025-08-20 15:38:28
690,638,212,2026-04-17 12:16:13,2026-04-17 12:16:13,2026-04-17 12:16:13
691,739,286,2026-03-07 14:23:45,2026-03-07 14:23:45,2026-03-07 14:23:45
692,363,542,2025-07-05 23:34:35,2025-07-05 23:34:35,2025-07-05 23:34:35
693,950,202,2025-11-10 22:20:04,2025-11-10 22:20:04,2025-11-10 22:20:04
694,313,162,2025-07-04 02:11:28,2025-07-04 02:11:28,2025-07-04 02:11:28
695,330,396,2025-10-12 18:43:16,2025-10-12 18:43:16,2025-10-12 18:43:16
696,560,569,2026-02-06 19:26:24,2026-02-06 19:26:24,2026-02-06 19:26:24
697,129,56,2025-09-11 11:40:18,2025-09-11 11:40:18,2025-09-11 11:40:18
698,634,425,2025-12-05 16:07:08,2025-12-05 16:07:08,2025-12-05 16:07:08
699,677,248,2025-09-01 22:34:06,2025-09-01 22:34:06,2025-09-01 22:34:06
700,670,61,2025-09-27 20:04:24,2025-09-27 20:04:24,2025-09-27 20:04:24
701,240,466,2026-03-22 02:03:43,2026-03-22 02:03:43,2026-03-22 02:03:43
702,154,239,2026-03-25 18:47:46,2026-03-25 18:47:46,2026-03-25 18:47:46
703,491,277,2026-04-01 12:22:51,2026-04-01 12:22:51,2026-04-01 12:22:51
704,960,30,2026-02-02 00:16:11,2026-02-02 00:16:11,2026-02-02 00:16:11
705,418,431,2025-10-06 00:20:52,2025-10-06 00:20:52,2025-10-06 00:20:52
706,892,13,2025-12-05 23:07:56,2025-12-05 23:07:56,2025-12-05 23:07:56
707,681,274,2026-03-17 12:35:55,2026-03-17 12:35:55,2026-03-17 12:35:55
708,427,329,2025-07-28 06:52:56,2025-07-28 06:52:56,2025-07-28 06:52:56
709,231,185,2025-09-05 05:00:02,2025-09-05 05:00:02,2025-09-05 05:00:02
710,705,333,2025-11-14 06:49:44,2025-11-14 06:49:44,2025-11-14 06:49:44
711,187,154,2026-03-06 13:30:45,2026-03-06 13:30:45,2026-03-06 13:30:45
712,373,420,2026-01-08 22:12:53,2026-01-08 22:12:53,2026-01-08 22:12:53
713,888,258,2026-01-01 09:02:07,2026-01-01 09:02:07,2026-01-01 09:02:07
714,611,458,2025-11-13 18:55:12,2025-11-13 18:55:12,2025-11-13 18:55:12
715,736,597,2025-11-06 19:16:45,2025-11-06 19:16:45,2025-11-06 19:16:45
716,408,222,2025-12-26 18:35:59,2025-12-26 18:35:59,2025-12-26 18:35:59
717,593,434,2025-09-13 22:37:49,2025-09-13 22:37:49,2025-09-13 22:37:49
718,747,359,2025-10-29 11:52:55,2025-10-29 11:52:55,2025-10-29 11:52:55
719,722,42,2025-07-04 12:16:08,2025-07-04 12:16:08,2025-07-04 12:16:08
720,551,131,2025-11-28 17:04:34,2025-11-28 17:04:34,2025-11-28 17:04:34
721,1,592,2026-05-09 06:31:30,2026-05-09 06:31:30,2026-05-09 06:31:30
722,848,187,2025-10-29 02:03:00,2025-10-29 02:03:00,2025-10-29 02:03:00
723,678,321,2025-06-06 10:09:26,2025-06-06 10:09:26,2025-06-06 10:09:26
724,707,417,2025-10-17 12:16:19,2025-10-17 12:16:19,2025-10-17 12:16:19
725,833,562,2025-06-13 22:09:09,2025-06-13 22:09:09,2025-06-13 22:09:09
726,439,220,2025-08-16 04:30:38,2025-08-16 04:30:38,2025-08-16 04:30:38
727,1,140,2025-12-23 17:35:59,2025-12-23 17:35:59,2025-12-23 17:35:59
728,418,365,2025-06-23 22:24:47,2025-06-23 22:24:47,2025-06-23 22:24:47
729,795,199,2025-07-02 23:00:04,2025-07-02 23:00:04,2025-07-02 23:00:04
730,165,103,2026-05-10 03:07:39,2026-05-10 03:07:39,2026-05-10 03:07:39
731,436,201,2025-07-20 09:15:57,2025-07-20 09:15:57,2025-07-20 09:15:57
732,477,184,2025-06-28 01:34:53,2025-06-28 01:34:53,2025-06-28 01:34:53
733,3,19,2026-03-04 00:50:45,2026-03-04 00:50:45,2026-03-04 00:50:45
734,2,469,2025-11-29 20:24:01,2025-11-29 20:24:01,2025-11-29 20:24:01
735,739,362,2026-04-25 16:40:14,2026-04-25 16:40:14,2026-04-25 16:40:14
736,218,551,2025-06-27 20:05:07,2025-06-27 20:05:07,2025-06-27 20:05:07
737,49,22,2026-01-26 22:56:35,2026-01-26 22:56:35,2026-01-26 22:56:35
738,197,381,2025-12-29 17:35:01,2025-12-29 17:35:01,2025-12-29 17:35:01
739,882,458,2026-02-06 13:54:55,2026-02-06 13:54:55,2026-02-06 13:54:55
740,596,221,2026-03-27 16:03:18,2026-03-27 16:03:18,2026-03-27 16:03:18
741,531,442,2025-10-26 10:23:05,2025-10-26 10:23:05,2025-10-26 10:23:05
742,197,510,2025-12-06 07:16:04,2025-12-06 07:16:04,2025-12-06 07:16:04
743,274,129,2025-06-13 11:42:45,2025-06-13 11:42:45,2025-06-13 11:42:45
744,366,190,2026-06-01 20:51:51,2026-06-01 20:51:51,2026-06-01 20:51:51
745,177,197,2025-11-10 09:45:12,2025-11-10 09:45:12,2025-11-10 09:45:12
746,703,50,2025-09-17 17:16:42,2025-09-17 17:16:42,2025-09-17 17:16:42
747,643,302,2025-07-14 03:11:14,2025-07-14 03:11:14,2025-07-14 03:11:14
748,501,37,2026-01-31 14:48:40,2026-01-31 14:48:40,2026-01-31 14:48:40
749,105,471,2026-03-18 12:51:34,2026-03-18 12:51:34,2026-03-18 12:51:34
750,70,587,2025-09-08 12:34:57,2025-09-08 12:34:57,2025-09-08 12:34:57
751,644,420,2026-01-11 01:52:44,2026-01-11 01:52:44,2026-01-11 01:52:44
752,995,276,2026-04-12 10:31:15,2026-04-12 10:31:15,2026-04-12 10:31:15
753,787,41,2025-09-07 18:41:07,2025-09-07 18:41:07,2025-09-07 18:41:07
754,935,388,2025-10-18 09:03:26,2025-10-18 09:03:26,2025-10-18 09:03:26
755,211,360,2026-03-15 02:35:44,2026-03-15 02:35:44,2026-03-15 02:35:44
756,322,309,2025-09-05 21:26:48,2025-09-05 21:26:48,2025-09-05 21:26:48
757,663,345,2025-10-20 21:25:22,2025-10-20 21:25:22,2025-10-20 21:25:22
758,713,250,2026-01-28 05:26:47,2026-01-28 05:26:47,2026-01-28 05:26:47
759,985,210,2025-08-06 17:28:00,2025-08-06 17:28:00,2025-08-06 17:28:00
760,487,85,2025-06-21 04:04:06,2025-06-21 04:04:06,2025-06-21 04:04:06
761,718,461,2026-01-26 19:57:31,2026-01-26 19:57:31,2026-01-26 19:57:31
762,395,49,2026-04-20 05:34:50,2026-04-20 05:34:50,2026-04-20 05:34:50
763,772,10,2026-01-25 13:07:32,2026-01-25 13:07:32,2026-01-25 13:07:32
764,550,62,2025-08-27 01:19:41,2025-08-27 01:19:41,2025-08-27 01:19:41
765,24,437,2026-03-11 17:35:08,2026-03-11 17:35:08,2026-03-11 17:35:08
766,70,10,2025-10-17 19:18:12,2025-10-17 19:18:12,2025-10-17 19:18:12
767,672,103,2026-05-20 08:03:32,2026-05-20 08:03:32,2026-05-20 08:03:32
768,903,215,2026-04-11 17:11:55,2026-04-11 17:11:55,2026-04-11 17:11:55
769,714,476,2025-12-20 20:09:07,2025-12-20 20:09:07,2025-12-20 20:09:07
770,733,19,2026-02-24 14:37:46,2026-02-24 14:37:46,2026-02-24 14:37:46
771,831,283,2026-01-23 08:30:56,2026-01-23 08:30:56,2026-01-23 08:30:56
772,694,213,2025-11-10 15:43:17,2025-11-10 15:43:17,2025-11-10 15:43:17
773,879,533,2025-10-26 01:56:50,2025-10-26 01:56:50,2025-10-26 01:56:50
774,955,327,2025-11-29 17:14:17,2025-11-29 17:14:17,2025-11-29 17:14:17
775,349,475,2025-12-06 00:58:28,2025-12-06 00:58:28,2025-12-06 00:58:28
776,620,155,2026-04-05 00:09:49,2026-04-05 00:09:49,2026-04-05 00:09:49
777,753,226,2025-11-19 23:09:11,2025-11-19 23:09:11,2025-11-19 23:09:11
778,89,259,2026-04-29 18:07:56,2026-04-29 18:07:56,2026-04-29 18:07:56
779,620,338,2026-02-09 06:48:46,2026-02-09 06:48:46,2026-02-09 06:48:46
780,747,594,2026-02-19 11:27:32,2026-02-19 11:27:32,2026-02-19 11:27:32
781,176,355,2025-07-23 23:56:22,2025-07-23 23:56:22,2025-07-23 23:56:22
782,779,431,2026-01-17 22:07:55,2026-01-17 22:07:55,2026-01-17 22:07:55
783,687,394,2025-08-27 00:09:52,2025-08-27 00:09:52,2025-08-27 00:09:52
784,376,27,2025-09-01 22:33:18,2025-09-01 22:33:18,2025-09-01 22:33:18
785,784,21,2025-10-29 21:21:49,2025-10-29 21:21:49,2025-10-29 21:21:49
786,180,275,2025-12-16 01:31:40,2025-12-16 01:31:40,2025-12-16 01:31:40
787,391,279,2026-05-05 09:15:06,2026-05-05 09:15:06,2026-05-05 09:15:06
788,909,304,2025-12-27 15:57:26,2025-12-27 15:57:26,2025-12-27 15:57:26
789,133,580,2025-08-27 16:22:05,2025-08-27 16:22:05,2025-08-27 16:22:05
790,383,386,2025-11-04 02:11:42,2025-11-04 02:11:42,2025-11-04 02:11:42
791,731,284,2026-06-01 08:12:19,2026-06-01 08:12:19,2026-06-01 08:12:19
792,958,529,2025-12-26 00:59:57,2025-12-26 00:59:57,2025-12-26 00:59:57
793,22,204,2025-07-10 06:01:13,2025-07-10 06:01:13,2025-07-10 06:01:13
794,819,107,2026-04-01 00:27:06,2026-04-01 00:27:06,2026-04-01 00:27:06
795,715,345,2025-07-14 21:20:20,2025-07-14 21:20:20,2025-07-14 21:20:20
796,108,515,2025-09-07 16:15:29,2025-09-07 16:15:29,2025-09-07 16:15:29
797,925,451,2026-01-15 15:13:00,2026-01-15 15:13:00,2026-01-15 15:13:00
798,275,291,2025-09-10 09:37:30,2025-09-10 09:37:30,2025-09-10 09:37:30
799,715,419,2026-05-29 17:49:13,2026-05-29 17:49:13,2026-05-29 17:49:13
800,903,198,2026-05-05 11:55:15,2026-05-05 11:55:15,2026-05-05 11:55:15
801,733,142,2026-04-07 04:48:48,2026-04-07 04:48:48,2026-04-07 04:48:48
802,241,585,2026-01-21 09:08:54,2026-01-21 09:08:54,2026-01-21 09:08:54
803,832,117,2025-06-14 07:56:28,2025-06-14 07:56:28,2025-06-14 07:56:28
804,608,523,2025-10-25 03:06:04,2025-10-25 03:06:04,2025-10-25 03:06:04
805,362,417,2025-11-22 12:46:24,2025-11-22 12:46:24,2025-11-22 12:46:24
806,159,505,2025-09-02 04:37:18,2025-09-02 04:37:18,2025-09-02 04:37:18
807,785,399,2026-01-31 14:24:58,2026-01-31 14:24:58,2026-01-31 14:24:58
808,308,402,2025-06-28 03:51:58,2025-06-28 03:51:58,2025-06-28 03:51:58
809,654,466,2025-12-27 17:00:03,2025-12-27 17:00:03,2025-12-27 17:00:03
810,224,347,2026-04-12 10:56:12,2026-04-12 10:56:12,2026-04-12 10:56:12
811,126,283,2026-02-27 09:04:49,2026-02-27 09:04:49,2026-02-27 09:04:49
812,962,404,2025-07-13 11:01:47,2025-07-13 11:01:47,2025-07-13 11:01:47
813,199,279,2026-05-17 18:49:28,2026-05-17 18:49:28,2026-05-17 18:49:28
814,321,305,2026-03-05 05:52:36,2026-03-05 05:52:36,2026-03-05 05:52:36
815,297,48,2025-12-10 00:01:45,2025-12-10 00:01:45,2025-12-10 00:01:45
816,625,324,2025-11-06 15:39:21,2025-11-06 15:39:21,2025-11-06 15:39:21
817,109,229,2025-11-24 14:59:48,2025-11-24 14:59:48,2025-11-24 14:59:48
818,189,188,2026-04-16 04:14:34,2026-04-16 04:14:34,2026-04-16 04:14:34
819,46,564,2025-06-29 20:49:15,2025-06-29 20:49:15,2025-06-29 20:49:15
820,210,433,2025-09-08 10:02:11,2025-09-08 10:02:11,2025-09-08 10:02:11
821,72,121,2026-01-17 12:37:39,2026-01-17 12:37:39,2026-01-17 12:37:39
822,223,56,2025-07-31 14:51:13,2025-07-31 14:51:13,2025-07-31 14:51:13
823,448,504,2026-01-30 17:01:50,2026-01-30 17:01:50,2026-01-30 17:01:50
824,142,189,2025-07-30 01:53:11,2025-07-30 01:53:11,2025-07-30 01:53:11
825,849,484,2025-12-29 10:32:17,2025-12-29 10:32:17,2025-12-29 10:32:17
826,728,59,2026-04-25 20:46:02,2026-04-25 20:46:02,2026-04-25 20:46:02
827,406,358,2025-08-31 10:57:29,2025-08-31 10:57:29,2025-08-31 10:57:29
828,665,396,2025-09-12 10:34:10,2025-09-12 10:34:10,2025-09-12 10:34:10
829,614,146,2025-07-25 15:52:23,2025-07-25 15:52:23,2025-07-25 15:52:23
830,333,514,2026-01-30 19:31:16,2026-01-30 19:31:16,2026-01-30 19:31:16
831,594,213,2025-10-04 09:44:55,2025-10-04 09:44:55,2025-10-04 09:44:55
832,562,540,2025-07-18 01:26:59,2025-07-18 01:26:59,2025-07-18 01:26:59
833,851,228,2026-03-26 19:30:42,2026-03-26 19:30:42,2026-03-26 19:30:42
834,842,556,2025-09-03 21:45:07,2025-09-03 21:45:07,2025-09-03 21:45:07
835,510,94,2025-07-29 17:04:59,2025-07-29 17:04:59,2025-07-29 17:04:59
836,687,363,2026-04-10 01:13:29,2026-04-10 01:13:29,2026-04-10 01:13:29
837,899,163,2025-10-14 06:16:44,2025-10-14 06:16:44,2025-10-14 06:16:44
838,703,304,2026-01-06 16:56:51,2026-01-06 16:56:51,2026-01-06 16:56:51
839,624,377,2025-08-24 19:51:26,2025-08-24 19:51:26,2025-08-24 19:51:26
840,323,553,2026-01-24 23:40:49,2026-01-24 23:40:49,2026-01-24 23:40:49
841,422,135,2025-06-17 23:25:08,2025-06-17 23:25:08,2025-06-17 23:25:08
842,816,88,2025-10-06 13:51:05,2025-10-06 13:51:05,2025-10-06 13:51:05
843,17,216,2025-06-24 06:18:50,2025-06-24 06:18:50,2025-06-24 06:18:50
844,662,353,2026-02-14 01:58:15,2026-02-14 01:58:15,2026-02-14 01:58:15
845,133,470,2025-08-20 18:00:00,2025-08-20 18:00:00,2025-08-20 18:00:00
846,648,53,2025-06-07 04:37:15,2025-06-07 04:37:15,2025-06-07 04:37:15
847,858,211,2025-07-14 15:02:30,2025-07-14 15:02:30,2025-07-14 15:02:30
848,612,72,2026-04-04 13:51:27,2026-04-04 13:51:27,2026-04-04 13:51:27
849,229,8,2025-12-19 05:35:54,2025-12-19 05:35:54,2025-12-19 05:35:54
850,825,565,2026-04-24 13:14:51,2026-04-24 13:14:51,2026-04-24 13:14:51
851,690,482,2025-12-11 00:51:52,2025-12-11 00:51:52,2025-12-11 00:51:52
852,101,154,2026-04-07 13:24:30,2026-04-07 13:24:30,2026-04-07 13:24:30
853,251,555,2025-08-21 23:11:05,2025-08-21 23:11:05,2025-08-21 23:11:05
854,360,190,2025-12-29 14:05:30,2025-12-29 14:05:30,2025-12-29 14:05:30
855,558,386,2026-04-13 14:53:10,2026-04-13 14:53:10,2026-04-13 14:53:10
856,274,566,2025-09-06 00:46:55,2025-09-06 00:46:55,2025-09-06 00:46:55
857,548,308,2026-02-24 03:04:40,2026-02-24 03:04:40,2026-02-24 03:04:40
858,257,20,2025-08-31 19:02:09,2025-08-31 19:02:09,2025-08-31 19:02:09
859,934,134,2025-10-20 13:58:00,2025-10-20 13:58:00,2025-10-20 13:58:00
860,436,485,2026-03-14 01:37:04,2026-03-14 01:37:04,2026-03-14 01:37:04
861,6,564,2025-10-03 16:40:38,2025-10-03 16:40:38,2025-10-03 16:40:38
862,758,525,2026-04-25 23:07:11,2026-04-25 23:07:11,2026-04-25 23:07:11
863,379,394,2025-11-23 18:24:21,2025-11-23 18:24:21,2025-11-23 18:24:21
864,926,36,2025-06-21 03:34:05,2025-06-21 03:34:05,2025-06-21 03:34:05
865,753,588,2025-12-31 15:14:24,2025-12-31 15:14:24,2025-12-31 15:14:24
866,136,273,2025-11-12 06:14:56,2025-11-12 06:14:56,2025-11-12 06:14:56
867,112,37,2026-02-27 12:41:48,2026-02-27 12:41:48,2026-02-27 12:41:48
868,120,580,2026-03-18 17:32:57,2026-03-18 17:32:57,2026-03-18 17:32:57
869,32,419,2026-03-21 00:26:48,2026-03-21 00:26:48,2026-03-21 00:26:48
870,218,169,2025-07-19 12:01:34,2025-07-19 12:01:34,2025-07-19 12:01:34
871,722,30,2026-02-20 07:00:38,2026-02-20 07:00:38,2026-02-20 07:00:38
872,341,513,2026-05-12 03:43:05,2026-05-12 03:43:05,2026-05-12 03:43:05
873,59,110,2025-08-02 08:00:15,2025-08-02 08:00:15,2025-08-02 08:00:15
874,19,518,2026-03-29 04:15:21,2026-03-29 04:15:21,2026-03-29 04:15:21
875,955,93,2025-11-26 11:38:03,2025-11-26 11:38:03,2025-11-26 11:38:03
876,447,157,2025-06-09 00:20:03,2025-06-09 00:20:03,2025-06-09 00:20:03
877,356,253,2026-03-26 00:40:03,2026-03-26 00:40:03,2026-03-26 00:40:03
878,117,495,2025-10-20 08:12:22,2025-10-20 08:12:22,2025-10-20 08:12:22
879,256,307,2025-08-15 10:42:08,2025-08-15 10:42:08,2025-08-15 10:42:08
880,222,348,2025-12-28 11:37:27,2025-12-28 11:37:27,2025-12-28 11:37:27
881,549,195,2025-07-11 02:21:58,2025-07-11 02:21:58,2025-07-11 02:21:58
882,679,488,2026-05-31 12:08:49,2026-05-31 12:08:49,2026-05-31 12:08:49
883,102,279,2026-01-22 15:59:59,2026-01-22 15:59:59,2026-01-22 15:59:59
884,723,18,2025-12-16 11:56:23,2025-12-16 11:56:23,2025-12-16 11:56:23
885,346,143,2025-11-20 12:45:31,2025-11-20 12:45:31,2025-11-20 12:45:31
886,828,275,2025-10-04 03:35:22,2025-10-04 03:35:22,2025-10-04 03:35:22
887,533,112,2025-08-14 04:21:54,2025-08-14 04:21:54,2025-08-14 04:21:54
888,78,546,2025-09-24 11:58:06,2025-09-24 11:58:06,2025-09-24 11:58:06
889,13,340,2025-11-03 15:17:19,2025-11-03 15:17:19,2025-11-03 15:17:19
890,181,62,2025-10-08 19:40:46,2025-10-08 19:40:46,2025-10-08 19:40:46
891,625,302,2026-01-29 23:40:22,2026-01-29 23:40:22,2026-01-29 23:40:22
892,694,281,2026-04-05 15:17:19,2026-04-05 15:17:19,2026-04-05 15:17:19
893,905,431,2026-05-22 05:57:49,2026-05-22 05:57:49,2026-05-22 05:57:49
894,726,456,2026-01-04 11:29:54,2026-01-04 11:29:54,2026-01-04 11:29:54
895,809,291,2025-07-08 05:09:25,2025-07-08 05:09:25,2025-07-08 05:09:25
896,42,542,2026-05-26 04:58:34,2026-05-26 04:58:34,2026-05-26 04:58:34
897,169,483,2026-05-26 09:04:23,2026-05-26 09:04:23,2026-05-26 09:04:23
898,953,458,2026-04-15 14:45:54,2026-04-15 14:45:54,2026-04-15 14:45:54
899,701,337,2026-05-11 23:32:22,2026-05-11 23:32:22,2026-05-11 23:32:22
900,622,503,2025-08-02 15:00:03,2025-08-02 15:00:03,2025-08-02 15:00:03
901,702,208,2025-11-27 08:25:17,2025-11-27 08:25:17,2025-11-27 08:25:17
902,200,550,2025-07-24 20:39:25,2025-07-24 20:39:25,2025-07-24 20:39:25
903,996,85,2026-04-14 12:14:13,2026-04-14 12:14:13,2026-04-14 12:14:13
904,393,579,2025-08-13 14:33:19,2025-08-13 14:33:19,2025-08-13 14:33:19
905,249,405,2026-01-22 14:11:37,2026-01-22 14:11:37,2026-01-22 14:11:37
906,541,405,2025-07-13 12:49:12,2025-07-13 12:49:12,2025-07-13 12:49:12
907,692,71,2025-11-24 17:42:22,2025-11-24 17:42:22,2025-11-24 17:42:22
908,152,279,2025-07-26 17:21:52,2025-07-26 17:21:52,2025-07-26 17:21:52
909,621,70,2025-11-03 10:51:37,2025-11-03 10:51:37,2025-11-03 10:51:37
910,929,77,2025-06-20 00:03:27,2025-06-20 00:03:27,2025-06-20 00:03:27
911,725,22,2025-10-17 00:02:13,2025-10-17 00:02:13,2025-10-17 00:02:13
912,207,90,2025-06-24 15:01:03,2025-06-24 15:01:03,2025-06-24 15:01:03
913,649,248,2026-02-15 23:10:42,2026-02-15 23:10:42,2026-02-15 23:10:42
914,948,467,2025-08-08 21:17:43,2025-08-08 21:17:43,2025-08-08 21:17:43
915,593,574,2025-10-10 07:51:27,2025-10-10 07:51:27,2025-10-10 07:51:27
916,74,414,2026-01-26 02:26:50,2026-01-26 02:26:50,2026-01-26 02:26:50
917,72,264,2025-09-16 16:44:09,2025-09-16 16:44:09,2025-09-16 16:44:09
918,411,13,2026-04-19 05:56:14,2026-04-19 05:56:14,2026-04-19 05:56:14
919,157,527,2025-06-27 05:51:16,2025-06-27 05:51:16,2025-06-27 05:51:16
920,644,112,2025-09-27 03:14:56,2025-09-27 03:14:56,2025-09-27 03:14:56
921,593,377,2025-11-20 15:24:55,2025-11-20 15:24:55,2025-11-20 15:24:55
922,808,90,2025-10-18 08:33:20,2025-10-18 08:33:20,2025-10-18 08:33:20
923,377,593,2025-09-10 23:43:45,2025-09-10 23:43:45,2025-09-10 23:43:45
924,64,19,2026-06-01 00:32:53,2026-06-01 00:32:53,2026-06-01 00:32:53
925,458,1,2025-09-02 20:21:20,2025-09-02 20:21:20,2025-09-02 20:21:20
926,593,179,2025-10-27 05:50:32,2025-10-27 05:50:32,2025-10-27 05:50:32
927,791,108,2026-02-21 07:22:05,2026-02-21 07:22:05,2026-02-21 07:22:05
928,12,104,2025-12-13 15:22:35,2025-12-13 15:22:35,2025-12-13 15:22:35
929,197,499,2026-03-27 07:36:35,2026-03-27 07:36:35,2026-03-27 07:36:35
930,448,271,2026-05-07 11:16:17,2026-05-07 11:16:17,2026-05-07 11:16:17
931,61,268,2025-11-09 17:15:43,2025-11-09 17:15:43,2025-11-09 17:15:43
932,143,365,2026-03-22 00:43:52,2026-03-22 00:43:52,2026-03-22 00:43:52
933,375,378,2025-12-16 10:23:00,2025-12-16 10:23:00,2025-12-16 10:23:00
934,764,222,2025-12-21 22:55:34,2025-12-21 22:55:34,2025-12-21 22:55:34
935,823,141,2026-04-07 07:11:54,2026-04-07 07:11:54,2026-04-07 07:11:54
936,326,433,2026-01-25 08:07:07,2026-01-25 08:07:07,2026-01-25 08:07:07
937,974,300,2025-06-18 18:22:39,2025-06-18 18:22:39,2025-06-18 18:22:39
938,769,559,2025-09-06 02:40:50,2025-09-06 02:40:50,2025-09-06 02:40:50
939,853,372,2025-07-26 07:09:12,2025-07-26 07:09:12,2025-07-26 07:09:12
940,436,428,2025-07-05 02:30:32,2025-07-05 02:30:32,2025-07-05 02:30:32
941,593,364,2025-09-08 18:08:48,2025-09-08 18:08:48,2025-09-08 18:08:48
942,903,385,2026-01-25 23:39:57,2026-01-25 23:39:57,2026-01-25 23:39:57
943,521,146,2026-03-02 05:48:54,2026-03-02 05:48:54,2026-03-02 05:48:54
944,755,387,2026-01-23 03:29:39,2026-01-23 03:29:39,2026-01-23 03:29:39
945,452,148,2025-08-29 04:03:36,2025-08-29 04:03:36,2025-08-29 04:03:36
946,388,330,2026-04-04 02:36:23,2026-04-04 02:36:23,2026-04-04 02:36:23
947,710,379,2025-10-08 20:55:27,2025-10-08 20:55:27,2025-10-08 20:55:27
948,240,211,2025-11-22 14:10:01,2025-11-22 14:10:01,2025-11-22 14:10:01
949,8,99,2025-12-07 13:11:31,2025-12-07 13:11:31,2025-12-07 13:11:31
950,67,136,2026-01-28 16:37:21,2026-01-28 16:37:21,2026-01-28 16:37:21
951,918,231,2025-09-26 11:35:38,2025-09-26 11:35:38,2025-09-26 11:35:38
952,113,68,2026-02-16 19:01:19,2026-02-16 19:01:19,2026-02-16 19:01:19
953,112,413,2026-03-13 22:04:12,2026-03-13 22:04:12,2026-03-13 22:04:12
954,690,433,2025-12-05 11:40:45,2025-12-05 11:40:45,2025-12-05 11:40:45
955,714,405,2026-04-18 15:19:32,2026-04-18 15:19:32,2026-04-18 15:19:32
956,923,216,2026-03-18 18:20:22,2026-03-18 18:20:22,2026-03-18 18:20:22
957,470,273,2025-12-23 10:18:19,2025-12-23 10:18:19,2025-12-23 10:18:19
958,277,170,2025-07-15 08:30:20,2025-07-15 08:30:20,2025-07-15 08:30:20
959,686,391,2026-05-02 13:52:15,2026-05-02 13:52:15,2026-05-02 13:52:15
960,167,265,2026-03-18 11:02:16,2026-03-18 11:02:16,2026-03-18 11:02:16
961,431,330,2025-09-19 23:56:45,2025-09-19 23:56:45,2025-09-19 23:56:45
962,432,396,2025-11-27 20:01:19,2025-11-27 20:01:19,2025-11-27 20:01:19
963,98,421,2025-11-07 05:11:27,2025-11-07 05:11:27,2025-11-07 05:11:27
964,557,551,2026-03-31 23:03:04,2026-03-31 23:03:04,2026-03-31 23:03:04
965,185,443,2025-10-23 07:13:58,2025-10-23 07:13:58,2025-10-23 07:13:58
966,968,119,2026-02-22 22:43:49,2026-02-22 22:43:49,2026-02-22 22:43:49
967,264,243,2026-01-11 14:34:26,2026-01-11 14:34:26,2026-01-11 14:34:26
968,947,339,2026-01-18 04:20:36,2026-01-18 04:20:36,2026-01-18 04:20:36
969,882,40,2025-08-04 09:53:42,2025-08-04 09:53:42,2025-08-04 09:53:42
970,822,458,2025-08-21 04:55:32,2025-08-21 04:55:32,2025-08-21 04:55:32
971,389,549,2025-07-31 03:53:25,2025-07-31 03:53:25,2025-07-31 03:53:25
972,745,398,2025-12-18 05:23:19,2025-12-18 05:23:19,2025-12-18 05:23:19
973,259,89,2025-11-05 09:33:29,2025-11-05 09:33:29,2025-11-05 09:33:29
974,858,311,2025-07-08 08:54:00,2025-07-08 08:54:00,2025-07-08 08:54:00
975,711,543,2025-08-02 17:07:44,2025-08-02 17:07:44,2025-08-02 17:07:44
976,574,516,2025-12-26 03:09:42,2025-12-26 03:09:42,2025-12-26 03:09:42
977,479,416,2026-02-06 23:11:45,2026-02-06 23:11:45,2026-02-06 23:11:45
978,298,406,2025-08-02 02:13:02,2025-08-02 02:13:02,2025-08-02 02:13:02
979,552,99,2026-04-03 01:32:38,2026-04-03 01:32:38,2026-04-03 01:32:38
980,838,34,2025-10-24 01:44:22,2025-10-24 01:44:22,2025-10-24 01:44:22
981,910,369,2026-04-04 22:12:25,2026-04-04 22:12:25,2026-04-04 22:12:25
982,638,486,2025-06-09 03:41:55,2025-06-09 03:41:55,2025-06-09 03:41:55
983,295,512,2025-08-25 05:07:18,2025-08-25 05:07:18,2025-08-25 05:07:18
984,376,262,2025-10-07 11:44:07,2025-10-07 11:44:07,2025-10-07 11:44:07
985,928,509,2025-06-08 06:05:54,2025-06-08 06:05:54,2025-06-08 06:05:54
986,425,569,2025-09-17 06:11:09,2025-09-17 06:11:09,2025-09-17 06:11:09
987,829,405,2025-09-07 02:45:24,2025-09-07 02:45:24,2025-09-07 02:45:24
988,190,386,2026-04-27 20:12:56,2026-04-27 20:12:56,2026-04-27 20:12:56
989,856,137,2026-03-06 09:17:17,2026-03-06 09:17:17,2026-03-06 09:17:17
990,52,348,2025-11-19 06:48:08,2025-11-19 06:48:08,2025-11-19 06:48:08
991,111,214,2026-05-31 00:52:42,2026-05-31 00:52:42,2026-05-31 00:52:42
992,590,116,2025-07-02 07:48:35,2025-07-02 07:48:35,2025-07-02 07:48:35
993,164,133,2026-02-15 17:14:30,2026-02-15 17:14:30,2026-02-15 17:14:30
994,779,233,2025-10-03 16:05:39,2025-10-03 16:05:39,2025-10-03 16:05:39
995,93,530,2025-07-26 03:14:20,2025-07-26 03:14:20,2025-07-26 03:14:20
996,255,542,2026-02-16 08:37:51,2026-02-16 08:37:51,2026-02-16 08:37:51
997,195,41,2026-04-05 13:49:06,2026-04-05 13:49:06,2026-04-05 13:49:06
998,131,328,2026-05-04 03:31:15,2026-05-04 03:31:15,2026-05-04 03:31:15
999,497,564,2026-04-21 19:45:05,2026-04-21 19:45:05,2026-04-21 19:45:05
1000,110,403,2025-10-30 12:07:00,2025-10-30 12:07:00,2025-10-30 12:07:00
1001,804,492,2025-11-13 12:32:57,2025-11-13 12:32:57,2025-11-13 12:32:57
1002,527,54,2026-02-15 12:49:27,2026-02-15 12:49:27,2026-02-15 12:49:27
1003,107,74,2025-08-17 02:36:54,2025-08-17 02:36:54,2025-08-17 02:36:54
1004,605,497,2025-11-05 22:09:54,2025-11-05 22:09:54,2025-11-05 22:09:54
1005,812,587,2026-03-04 03:42:56,2026-03-04 03:42:56,2026-03-04 03:42:56
1006,437,288,2026-03-03 18:20:32,2026-03-03 18:20:32,2026-03-03 18:20:32
1007,172,235,2025-06-16 19:40:15,2025-06-16 19:40:15,2025-06-16 19:40:15
1008,467,251,2025-09-06 16:03:34,2025-09-06 16:03:34,2025-09-06 16:03:34
1009,746,321,2025-06-13 23:43:20,2025-06-13 23:43:20,2025-06-13 23:43:20
1010,691,13,2026-04-21 13:11:51,2026-04-21 13:11:51,2026-04-21 13:11:51
1011,574,153,2026-03-27 23:16:28,2026-03-27 23:16:28,2026-03-27 23:16:28
1012,430,334,2025-11-01 01:16:30,2025-11-01 01:16:30,2025-11-01 01:16:30
1013,31,285,2025-11-11 08:31:30,2025-11-11 08:31:30,2025-11-11 08:31:30
1014,499,75,2026-04-30 05:54:18,2026-04-30 05:54:18,2026-04-30 05:54:18
1015,572,189,2026-05-01 04:48:17,2026-05-01 04:48:17,2026-05-01 04:48:17
1016,414,66,2025-07-21 11:06:10,2025-07-21 11:06:10,2025-07-21 11:06:10
1017,410,414,2026-05-29 02:44:01,2026-05-29 02:44:01,2026-05-29 02:44:01
1018,834,560,2026-03-17 02:08:47,2026-03-17 02:08:47,2026-03-17 02:08:47
1019,256,225,2025-10-13 06:53:15,2025-10-13 06:53:15,2025-10-13 06:53:15
1020,734,229,2025-08-21 22:40:51,2025-08-21 22:40:51,2025-08-21 22:40:51
1021,470,244,2025-08-10 02:03:34,2025-08-10 02:03:34,2025-08-10 02:03:34
1022,139,139,2025-06-19 19:11:31,2025-06-19 19:11:31,2025-06-19 19:11:31
1023,186,360,2025-12-19 14:43:27,2025-12-19 14:43:27,2025-12-19 14:43:27
1024,590,481,2025-12-14 21:31:05,2025-12-14 21:31:05,2025-12-14 21:31:05
1025,341,435,2025-11-12 13:03:48,2025-11-12 13:03:48,2025-11-12 13:03:48
1026,940,487,2026-01-16 23:55:06,2026-01-16 23:55:06,2026-01-16 23:55:06
1027,260,462,2025-07-10 03:22:25,2025-07-10 03:22:25,2025-07-10 03:22:25
1028,334,148,2026-01-08 13:31:30,2026-01-08 13:31:30,2026-01-08 13:31:30
1029,608,546,2026-05-19 17:19:38,2026-05-19 17:19:38,2026-05-19 17:19:38
1030,346,302,2025-12-10 14:13:39,2025-12-10 14:13:39,2025-12-10 14:13:39
1031,255,561,2026-02-11 07:43:37,2026-02-11 07:43:37,2026-02-11 07:43:37
1032,884,540,2025-11-11 12:15:46,2025-11-11 12:15:46,2025-11-11 12:15:46
1033,372,73,2025-07-20 02:34:27,2025-07-20 02:34:27,2025-07-20 02:34:27
1034,642,150,2025-08-18 05:08:39,2025-08-18 05:08:39,2025-08-18 05:08:39
1035,658,475,2025-10-15 20:52:58,2025-10-15 20:52:58,2025-10-15 20:52:58
1036,7,370,2026-04-25 09:09:28,2026-04-25 09:09:28,2026-04-25 09:09:28
1037,394,109,2026-01-05 08:59:28,2026-01-05 08:59:28,2026-01-05 08:59:28
1038,540,595,2026-04-23 22:00:58,2026-04-23 22:00:58,2026-04-23 22:00:58
1039,76,55,2025-09-12 12:50:59,2025-09-12 12:50:59,2025-09-12 12:50:59
1040,230,169,2025-12-26 23:34:04,2025-12-26 23:34:04,2025-12-26 23:34:04
1041,335,208,2026-02-04 01:32:34,2026-02-04 01:32:34,2026-02-04 01:32:34
1042,209,331,2026-02-17 19:36:34,2026-02-17 19:36:34,2026-02-17 19:36:34
1043,750,284,2025-07-03 12:48:43,2025-07-03 12:48:43,2025-07-03 12:48:43
1044,626,540,2025-08-04 15:48:50,2025-08-04 15:48:50,2025-08-04 15:48:50
1045,602,500,2025-11-03 15:08:20,2025-11-03 15:08:20,2025-11-03 15:08:20
1046,500,573,2025-11-24 15:17:15,2025-11-24 15:17:15,2025-11-24 15:17:15
1047,708,41,2025-11-02 15:59:54,2025-11-02 15:59:54,2025-11-02 15:59:54
1048,831,572,2026-01-16 22:46:12,2026-01-16 22:46:12,2026-01-16 22:46:12
1049,263,165,2025-08-29 03:48:48,2025-08-29 03:48:48,2025-08-29 03:48:48
1050,674,192,2025-06-30 02:09:14,2025-06-30 02:09:14,2025-06-30 02:09:14
1051,148,536,2025-07-14 09:19:30,2025-07-14 09:19:30,2025-07-14 09:19:30
1052,262,481,2025-11-22 11:12:03,2025-11-22 11:12:03,2025-11-22 11:12:03
1053,845,188,2025-08-28 15:03:41,2025-08-28 15:03:41,2025-08-28 15:03:41
1054,746,421,2026-02-15 15:04:56,2026-02-15 15:04:56,2026-02-15 15:04:56
1055,468,344,2026-02-27 22:00:26,2026-02-27 22:00:26,2026-02-27 22:00:26
1056,92,354,2026-05-09 10:38:25,2026-05-09 10:38:25,2026-05-09 10:38:25
1057,898,77,2025-07-22 15:16:19,2025-07-22 15:16:19,2025-07-22 15:16:19
1058,83,249,2025-09-06 10:29:42,2025-09-06 10:29:42,2025-09-06 10:29:42
1059,668,184,2025-10-10 14:59:38,2025-10-10 14:59:38,2025-10-10 14:59:38
1060,70,333,2025-11-29 04:26:31,2025-11-29 04:26:31,2025-11-29 04:26:31
1061,667,440,2025-11-11 23:07:37,2025-11-11 23:07:37,2025-11-11 23:07:37
1062,25,474,2026-01-20 17:50:48,2026-01-20 17:50:48,2026-01-20 17:50:48
1063,147,36,2025-10-01 02:14:48,2025-10-01 02:14:48,2025-10-01 02:14:48
1064,113,14,2025-12-27 07:37:25,2025-12-27 07:37:25,2025-12-27 07:37:25
1065,444,145,2026-05-18 05:59:18,2026-05-18 05:59:18,2026-05-18 05:59:18
1066,654,425,2026-01-03 14:54:01,2026-01-03 14:54:01,2026-01-03 14:54:01
1067,338,56,2026-05-10 03:45:28,2026-05-10 03:45:28,2026-05-10 03:45:28
1068,887,31,2025-12-06 09:47:03,2025-12-06 09:47:03,2025-12-06 09:47:03
1069,822,313,2026-02-09 05:03:18,2026-02-09 05:03:18,2026-02-09 05:03:18
1070,131,581,2025-09-24 12:03:07,2025-09-24 12:03:07,2025-09-24 12:03:07
1071,122,501,2025-09-02 02:59:28,2025-09-02 02:59:28,2025-09-02 02:59:28
1072,248,188,2025-07-07 13:54:42,2025-07-07 13:54:42,2025-07-07 13:54:42
1073,954,595,2025-12-11 03:05:54,2025-12-11 03:05:54,2025-12-11 03:05:54
1074,121,530,2026-04-07 14:23:49,2026-04-07 14:23:49,2026-04-07 14:23:49
1075,739,450,2025-09-30 19:14:51,2025-09-30 19:14:51,2025-09-30 19:14:51
1076,162,572,2025-07-08 11:22:23,2025-07-08 11:22:23,2025-07-08 11:22:23
1077,402,385,2026-04-25 10:34:15,2026-04-25 10:34:15,2026-04-25 10:34:15
1078,41,12,2025-12-12 16:23:34,2025-12-12 16:23:34,2025-12-12 16:23:34
1079,381,195,2025-09-24 19:55:39,2025-09-24 19:55:39,2025-09-24 19:55:39
1080,894,491,2026-01-28 18:32:06,2026-01-28 18:32:06,2026-01-28 18:32:06
1081,294,496,2025-11-02 21:15:56,2025-11-02 21:15:56,2025-11-02 21:15:56
1082,65,473,2025-11-20 01:15:01,2025-11-20 01:15:01,2025-11-20 01:15:01
1083,566,52,2025-10-09 02:44:21,2025-10-09 02:44:21,2025-10-09 02:44:21
1084,306,471,2026-01-14 10:07:16,2026-01-14 10:07:16,2026-01-14 10:07:16
1085,218,252,2025-09-22 15:08:01,2025-09-22 15:08:01,2025-09-22 15:08:01
1086,599,225,2025-08-24 17:26:26,2025-08-24 17:26:26,2025-08-24 17:26:26
1087,264,298,2026-04-01 08:55:20,2026-04-01 08:55:20,2026-04-01 08:55:20
1088,557,160,2025-06-12 04:25:11,2025-06-12 04:25:11,2025-06-12 04:25:11
1089,17,385,2026-05-01 00:55:09,2026-05-01 00:55:09,2026-05-01 00:55:09
1090,726,303,2025-10-12 12:50:17,2025-10-12 12:50:17,2025-10-12 12:50:17
1091,89,253,2025-08-29 08:50:32,2025-08-29 08:50:32,2025-08-29 08:50:32
1092,951,246,2026-04-06 03:47:30,2026-04-06 03:47:30,2026-04-06 03:47:30
1093,20,307,2026-03-18 22:29:56,2026-03-18 22:29:56,2026-03-18 22:29:56
1094,759,10,2025-11-03 09:36:36,2025-11-03 09:36:36,2025-11-03 09:36:36
1095,334,421,2025-06-15 12:28:46,2025-06-15 12:28:46,2025-06-15 12:28:46
1096,582,254,2025-07-13 02:53:41,2025-07-13 02:53:41,2025-07-13 02:53:41
1097,193,412,2025-09-12 18:09:11,2025-09-12 18:09:11,2025-09-12 18:09:11
1098,466,442,2025-09-01 13:06:05,2025-09-01 13:06:05,2025-09-01 13:06:05
1099,478,539,2025-12-19 13:37:17,2025-12-19 13:37:17,2025-12-19 13:37:17
1100,941,544,2026-01-25 10:43:17,2026-01-25 10:43:17,2026-01-25 10:43:17
1101,338,500,2025-11-27 11:25:31,2025-11-27 11:25:31,2025-11-27 11:25:31
1102,69,380,2026-02-19 20:47:41,2026-02-19 20:47:41,2026-02-19 20:47:41
1103,609,211,2025-07-15 05:35:00,2025-07-15 05:35:00,2025-07-15 05:35:00
1104,443,460,2026-01-03 13:06:13,2026-01-03 13:06:13,2026-01-03 13:06:13
1105,894,19,2026-05-25 13:02:43,2026-05-25 13:02:43,2026-05-25 13:02:43
1106,896,543,2025-06-06 16:08:43,2025-06-06 16:08:43,2025-06-06 16:08:43
1107,165,26,2026-03-22 04:33:00,2026-03-22 04:33:00,2026-03-22 04:33:00
1108,651,470,2026-01-14 10:37:27,2026-01-14 10:37:27,2026-01-14 10:37:27
1109,975,106,2026-03-14 06:09:07,2026-03-14 06:09:07,2026-03-14 06:09:07
1110,251,250,2025-10-11 16:54:45,2025-10-11 16:54:45,2025-10-11 16:54:45
1111,786,73,2025-06-18 11:35:37,2025-06-18 11:35:37,2025-06-18 11:35:37
1112,827,464,2026-05-06 01:18:03,2026-05-06 01:18:03,2026-05-06 01:18:03
1113,661,33,2026-05-11 10:50:20,2026-05-11 10:50:20,2026-05-11 10:50:20
1114,316,221,2025-07-20 21:40:00,2025-07-20 21:40:00,2025-07-20 21:40:00
1115,21,215,2026-04-17 19:07:56,2026-04-17 19:07:56,2026-04-17 19:07:56
1116,480,204,2025-07-21 17:26:04,2025-07-21 17:26:04,2025-07-21 17:26:04
1117,797,286,2025-11-23 09:51:11,2025-11-23 09:51:11,2025-11-23 09:51:11
1118,697,451,2025-09-18 08:21:34,2025-09-18 08:21:34,2025-09-18 08:21:34
1119,618,318,2026-03-20 22:25:38,2026-03-20 22:25:38,2026-03-20 22:25:38
1120,629,599,2025-09-27 21:02:56,2025-09-27 21:02:56,2025-09-27 21:02:56
1121,414,144,2025-07-27 09:56:29,2025-07-27 09:56:29,2025-07-27 09:56:29
1122,454,599,2025-11-02 16:32:18,2025-11-02 16:32:18,2025-11-02 16:32:18
1123,161,243,2025-08-17 07:46:20,2025-08-17 07:46:20,2025-08-17 07:46:20
1124,18,422,2026-05-06 21:57:24,2026-05-06 21:57:24,2026-05-06 21:57:24
1125,316,597,2026-02-09 08:29:35,2026-02-09 08:29:35,2026-02-09 08:29:35
1126,807,16,2026-02-23 01:28:33,2026-02-23 01:28:33,2026-02-23 01:28:33
1127,752,208,2025-10-01 10:28:43,2025-10-01 10:28:43,2025-10-01 10:28:43
1128,599,2,2025-10-03 13:28:41,2025-10-03 13:28:41,2025-10-03 13:28:41
1129,462,251,2026-02-03 16:47:27,2026-02-03 16:47:27,2026-02-03 16:47:27
1130,586,52,2026-05-27 04:33:25,2026-05-27 04:33:25,2026-05-27 04:33:25
1131,309,72,2025-08-25 19:50:59,2025-08-25 19:50:59,2025-08-25 19:50:59
1132,772,239,2026-05-26 04:03:50,2026-05-26 04:03:50,2026-05-26 04:03:50
1133,587,278,2026-01-03 18:59:31,2026-01-03 18:59:31,2026-01-03 18:59:31
1134,650,524,2026-01-18 20:16:29,2026-01-18 20:16:29,2026-01-18 20:16:29
1135,184,156,2025-06-29 00:33:42,2025-06-29 00:33:42,2025-06-29 00:33:42
1136,1,363,2025-09-24 08:19:11,2025-09-24 08:19:11,2025-09-24 08:19:11
1137,433,529,2026-02-02 16:13:50,2026-02-02 16:13:50,2026-02-02 16:13:50
1138,500,427,2025-06-17 23:37:47,2025-06-17 23:37:47,2025-06-17 23:37:47
1139,334,582,2026-04-15 01:41:18,2026-04-15 01:41:18,2026-04-15 01:41:18
1140,464,585,2025-12-20 09:37:55,2025-12-20 09:37:55,2025-12-20 09:37:55
1141,221,589,2025-10-11 18:00:18,2025-10-11 18:00:18,2025-10-11 18:00:18
1142,244,515,2025-08-11 15:55:19,2025-08-11 15:55:19,2025-08-11 15:55:19
1143,460,271,2025-12-08 20:58:22,2025-12-08 20:58:22,2025-12-08 20:58:22
1144,979,245,2026-02-06 04:02:13,2026-02-06 04:02:13,2026-02-06 04:02:13
1145,778,157,2025-10-03 09:08:57,2025-10-03 09:08:57,2025-10-03 09:08:57
1146,312,531,2026-02-23 12:00:49,2026-02-23 12:00:49,2026-02-23 12:00:49
1147,132,523,2025-11-16 04:46:07,2025-11-16 04:46:07,2025-11-16 04:46:07
1148,987,212,2026-02-18 05:09:31,2026-02-18 05:09:31,2026-02-18 05:09:31
1149,412,587,2026-04-30 23:08:13,2026-04-30 23:08:13,2026-04-30 23:08:13
1150,277,96,2026-01-03 17:51:50,2026-01-03 17:51:50,2026-01-03 17:51:50
1151,228,84,2025-12-19 14:10:35,2025-12-19 14:10:35,2025-12-19 14:10:35
1152,712,527,2026-01-26 00:54:37,2026-01-26 00:54:37,2026-01-26 00:54:37
1153,721,486,2026-02-22 00:57:17,2026-02-22 00:57:17,2026-02-22 00:57:17
1154,675,351,2026-01-01 20:24:16,2026-01-01 20:24:16,2026-01-01 20:24:16
1155,358,583,2025-12-01 16:26:25,2025-12-01 16:26:25,2025-12-01 16:26:25
1156,243,86,2026-03-03 07:14:58,2026-03-03 07:14:58,2026-03-03 07:14:58
1157,301,113,2026-02-27 22:54:16,2026-02-27 22:54:16,2026-02-27 22:54:16
1158,277,311,2025-11-25 08:21:26,2025-11-25 08:21:26,2025-11-25 08:21:26
1159,441,521,2026-02-19 20:58:50,2026-02-19 20:58:50,2026-02-19 20:58:50
1160,371,266,2026-03-05 01:45:12,2026-03-05 01:45:12,2026-03-05 01:45:12
1161,83,224,2025-08-04 02:45:30,2025-08-04 02:45:30,2025-08-04 02:45:30
1162,10,423,2025-09-11 15:49:05,2025-09-11 15:49:05,2025-09-11 15:49:05
1163,923,9,2025-11-16 22:39:33,2025-11-16 22:39:33,2025-11-16 22:39:33
1164,642,221,2026-01-24 15:24:03,2026-01-24 15:24:03,2026-01-24 15:24:03
1165,578,493,2026-01-18 12:15:56,2026-01-18 12:15:56,2026-01-18 12:15:56
1166,588,342,2026-03-15 19:57:44,2026-03-15 19:57:44,2026-03-15 19:57:44
1167,721,423,2025-08-17 03:42:07,2025-08-17 03:42:07,2025-08-17 03:42:07
1168,576,471,2025-11-03 02:39:47,2025-11-03 02:39:47,2025-11-03 02:39:47
1169,663,539,2025-06-13 19:29:23,2025-06-13 19:29:23,2025-06-13 19:29:23
1170,313,232,2025-06-30 11:28:28,2025-06-30 11:28:28,2025-06-30 11:28:28
1171,713,362,2025-12-26 08:16:38,2025-12-26 08:16:38,2025-12-26 08:16:38
1172,822,539,2026-02-08 10:59:02,2026-02-08 10:59:02,2026-02-08 10:59:02
1173,984,236,2026-05-26 15:31:35,2026-05-26 15:31:35,2026-05-26 15:31:35
1174,472,513,2026-04-27 22:45:23,2026-04-27 22:45:23,2026-04-27 22:45:23
1175,692,271,2026-06-01 09:45:09,2026-06-01 09:45:09,2026-06-01 09:45:09
1176,349,527,2025-06-25 04:06:08,2025-06-25 04:06:08,2025-06-25 04:06:08
1177,147,52,2026-03-20 16:14:44,2026-03-20 16:14:44,2026-03-20 16:14:44
1178,343,357,2025-07-05 07:02:24,2025-07-05 07:02:24,2025-07-05 07:02:24
1179,621,578,2025-09-24 13:35:43,2025-09-24 13:35:43,2025-09-24 13:35:43
1180,134,560,2025-12-21 03:19:20,2025-12-21 03:19:20,2025-12-21 03:19:20
1181,136,551,2026-04-26 09:05:35,2026-04-26 09:05:35,2026-04-26 09:05:35
1182,943,460,2026-02-08 17:59:50,2026-02-08 17:59:50,2026-02-08 17:59:50
1183,286,54,2025-08-28 00:41:19,2025-08-28 00:41:19,2025-08-28 00:41:19
1184,82,440,2025-09-08 10:21:59,2025-09-08 10:21:59,2025-09-08 10:21:59
1185,800,286,2026-02-16 11:12:55,2026-02-16 11:12:55,2026-02-16 11:12:55
1186,185,19,2026-05-02 13:48:38,2026-05-02 13:48:38,2026-05-02 13:48:38
1187,241,230,2025-10-20 06:31:14,2025-10-20 06:31:14,2025-10-20 06:31:14
1188,237,556,2026-02-02 12:30:16,2026-02-02 12:30:16,2026-02-02 12:30:16
1189,477,390,2026-03-16 02:53:38,2026-03-16 02:53:38,2026-03-16 02:53:38
1190,269,591,2026-01-12 13:56:16,2026-01-12 13:56:16,2026-01-12 13:56:16
1191,500,125,2026-01-30 00:55:13,2026-01-30 00:55:13,2026-01-30 00:55:13
1192,439,145,2026-02-10 18:25:13,2026-02-10 18:25:13,2026-02-10 18:25:13
1193,366,389,2026-01-27 13:24:22,2026-01-27 13:24:22,2026-01-27 13:24:22
1194,432,167,2025-07-29 21:50:47,2025-07-29 21:50:47,2025-07-29 21:50:47
1195,905,205,2025-09-18 01:06:20,2025-09-18 01:06:20,2025-09-18 01:06:20
1196,883,362,2026-03-11 03:03:48,2026-03-11 03:03:48,2026-03-11 03:03:48
1197,709,122,2025-11-08 13:54:37,2025-11-08 13:54:37,2025-11-08 13:54:37
1198,823,496,2025-06-13 15:42:54,2025-06-13 15:42:54,2025-06-13 15:42:54
1199,203,485,2025-12-15 23:00:57,2025-12-15 23:00:57,2025-12-15 23:00:57
1200,485,139,2026-01-06 02:23:30,2026-01-06 02:23:30,2026-01-06 02:23:30
1201,931,92,2026-03-31 15:06:24,2026-03-31 15:06:24,2026-03-31 15:06:24
1202,766,285,2026-02-18 04:58:19,2026-02-18 04:58:19,2026-02-18 04:58:19
1203,887,118,2026-05-13 20:04:16,2026-05-13 20:04:16,2026-05-13 20:04:16
1204,627,101,2025-10-12 21:50:20,2025-10-12 21:50:20,2025-10-12 21:50:20
1205,62,307,2026-03-29 16:01:39,2026-03-29 16:01:39,2026-03-29 16:01:39
1206,114,326,2025-09-03 11:00:24,2025-09-03 11:00:24,2025-09-03 11:00:24
1207,627,386,2026-03-25 06:38:47,2026-03-25 06:38:47,2026-03-25 06:38:47
1208,821,330,2026-01-17 10:43:29,2026-01-17 10:43:29,2026-01-17 10:43:29
1209,511,9,2026-03-16 04:56:22,2026-03-16 04:56:22,2026-03-16 04:56:22
1210,320,20,2026-03-08 15:09:45,2026-03-08 15:09:45,2026-03-08 15:09:45
1211,82,492,2025-12-31 20:16:21,2025-12-31 20:16:21,2025-12-31 20:16:21
1212,392,438,2026-01-30 13:55:10,2026-01-30 13:55:10,2026-01-30 13:55:10
1213,530,7,2025-08-02 10:08:07,2025-08-02 10:08:07,2025-08-02 10:08:07
1214,521,313,2025-07-11 05:12:45,2025-07-11 05:12:45,2025-07-11 05:12:45
1215,764,434,2025-08-21 06:32:10,2025-08-21 06:32:10,2025-08-21 06:32:10
1216,400,3,2025-07-19 20:57:34,2025-07-19 20:57:34,2025-07-19 20:57:34
1217,667,38,2025-09-27 04:07:24,2025-09-27 04:07:24,2025-09-27 04:07:24
1218,69,142,2025-08-21 07:22:32,2025-08-21 07:22:32,2025-08-21 07:22:32
1219,860,92,2025-08-20 15:28:11,2025-08-20 15:28:11,2025-08-20 15:28:11
1220,785,246,2026-03-31 17:55:17,2026-03-31 17:55:17,2026-03-31 17:55:17
1221,28,26,2025-06-20 02:44:22,2025-06-20 02:44:22,2025-06-20 02:44:22
1222,614,460,2026-03-25 07:38:10,2026-03-25 07:38:10,2026-03-25 07:38:10
1223,471,385,2026-03-03 07:54:50,2026-03-03 07:54:50,2026-03-03 07:54:50
1224,301,448,2026-02-16 15:21:57,2026-02-16 15:21:57,2026-02-16 15:21:57
1225,228,516,2026-02-24 15:20:29,2026-02-24 15:20:29,2026-02-24 15:20:29
1226,152,508,2026-04-01 18:32:43,2026-04-01 18:32:43,2026-04-01 18:32:43
1227,188,128,2026-04-24 03:35:13,2026-04-24 03:35:13,2026-04-24 03:35:13
1228,700,400,2025-10-31 01:38:33,2025-10-31 01:38:33,2025-10-31 01:38:33
1229,931,220,2026-05-01 04:19:32,2026-05-01 04:19:32,2026-05-01 04:19:32
1230,652,181,2026-03-16 04:27:55,2026-03-16 04:27:55,2026-03-16 04:27:55
1231,887,495,2025-11-16 21:53:16,2025-11-16 21:53:16,2025-11-16 21:53:16
1232,765,311,2025-10-10 05:24:44,2025-10-10 05:24:44,2025-10-10 05:24:44
1233,824,296,2025-12-26 13:40:44,2025-12-26 13:40:44,2025-12-26 13:40:44
1234,947,95,2026-05-18 07:26:15,2026-05-18 07:26:15,2026-05-18 07:26:15
1235,703,378,2026-01-01 21:55:50,2026-01-01 21:55:50,2026-01-01 21:55:50
1236,339,313,2026-01-15 07:28:28,2026-01-15 07:28:28,2026-01-15 07:28:28
1237,36,483,2025-11-30 21:24:09,2025-11-30 21:24:09,2025-11-30 21:24:09
1238,813,68,2026-01-21 08:14:17,2026-01-21 08:14:17,2026-01-21 08:14:17
1239,598,309,2026-01-28 14:54:32,2026-01-28 14:54:32,2026-01-28 14:54:32
1240,21,171,2025-08-21 03:34:44,2025-08-21 03:34:44,2025-08-21 03:34:44
1241,966,431,2026-02-26 04:16:47,2026-02-26 04:16:47,2026-02-26 04:16:47
1242,169,566,2026-03-08 12:52:51,2026-03-08 12:52:51,2026-03-08 12:52:51
1243,492,508,2026-01-29 09:16:41,2026-01-29 09:16:41,2026-01-29 09:16:41
1244,937,168,2026-05-19 16:37:45,2026-05-19 16:37:45,2026-05-19 16:37:45
1245,391,514,2026-04-24 01:56:25,2026-04-24 01:56:25,2026-04-24 01:56:25
1246,183,329,2026-04-27 14:44:05,2026-04-27 14:44:05,2026-04-27 14:44:05
1247,678,469,2025-10-03 16:07:36,2025-10-03 16:07:36,2025-10-03 16:07:36
1248,442,81,2025-07-06 08:40:50,2025-07-06 08:40:50,2025-07-06 08:40:50
1249,208,24,2025-10-03 21:54:53,2025-10-03 21:54:53,2025-10-03 21:54:53
1250,270,168,2025-11-13 03:36:41,2025-11-13 03:36:41,2025-11-13 03:36:41
1251,31,344,2026-03-21 18:11:16,2026-03-21 18:11:16,2026-03-21 18:11:16
1252,513,513,2026-04-20 23:25:47,2026-04-20 23:25:47,2026-04-20 23:25:47
1253,949,173,2026-05-07 06:29:59,2026-05-07 06:29:59,2026-05-07 06:29:59
1254,953,563,2025-11-27 16:57:51,2025-11-27 16:57:51,2025-11-27 16:57:51
1255,524,149,2026-01-20 13:14:56,2026-01-20 13:14:56,2026-01-20 13:14:56
1256,561,299,2026-01-27 03:54:05,2026-01-27 03:54:05,2026-01-27 03:54:05
1257,223,567,2026-05-27 01:21:02,2026-05-27 01:21:02,2026-05-27 01:21:02
1258,960,500,2025-06-13 19:41:27,2025-06-13 19:41:27,2025-06-13 19:41:27
1259,616,185,2025-07-10 13:52:54,2025-07-10 13:52:54,2025-07-10 13:52:54
1260,561,433,2025-07-01 22:01:41,2025-07-01 22:01:41,2025-07-01 22:01:41
1261,537,64,2025-11-01 15:44:02,2025-11-01 15:44:02,2025-11-01 15:44:02
1262,572,431,2025-09-24 09:56:45,2025-09-24 09:56:45,2025-09-24 09:56:45
1263,248,116,2025-09-11 19:34:17,2025-09-11 19:34:17,2025-09-11 19:34:17
1264,957,39,2026-05-22 09:39:48,2026-05-22 09:39:48,2026-05-22 09:39:48
1265,130,149,2026-01-04 03:29:52,2026-01-04 03:29:52,2026-01-04 03:29:52
1266,973,9,2026-01-08 05:17:21,2026-01-08 05:17:21,2026-01-08 05:17:21
1267,504,333,2026-03-22 05:07:03,2026-03-22 05:07:03,2026-03-22 05:07:03
1268,555,47,2026-04-08 10:50:26,2026-04-08 10:50:26,2026-04-08 10:50:26
1269,366,342,2026-01-04 09:40:37,2026-01-04 09:40:37,2026-01-04 09:40:37
1270,912,371,2025-12-03 02:13:29,2025-12-03 02:13:29,2025-12-03 02:13:29
1271,849,38,2025-10-23 05:49:43,2025-10-23 05:49:43,2025-10-23 05:49:43
1272,45,126,2025-07-13 02:56:58,2025-07-13 02:56:58,2025-07-13 02:56:58
1273,145,44,2025-07-07 15:22:57,2025-07-07 15:22:57,2025-07-07 15:22:57
1274,441,414,2025-07-05 16:09:50,2025-07-05 16:09:50,2025-07-05 16:09:50
1275,32,438,2026-03-06 12:25:13,2026-03-06 12:25:13,2026-03-06 12:25:13
1276,112,93,2025-07-07 11:21:55,2025-07-07 11:21:55,2025-07-07 11:21:55
1277,960,221,2025-07-07 10:29:49,2025-07-07 10:29:49,2025-07-07 10:29:49
1278,140,338,2025-09-09 16:53:31,2025-09-09 16:53:31,2025-09-09 16:53:31
1279,36,310,2025-10-27 02:10:05,2025-10-27 02:10:05,2025-10-27 02:10:05
1280,620,217,2025-08-25 23:22:45,2025-08-25 23:22:45,2025-08-25 23:22:45
1281,843,349,2025-09-06 20:19:03,2025-09-06 20:19:03,2025-09-06 20:19:03
1282,283,457,2025-10-17 02:14:55,2025-10-17 02:14:55,2025-10-17 02:14:55
1283,16,175,2025-09-01 07:30:05,2025-09-01 07:30:05,2025-09-01 07:30:05
1284,20,535,2025-12-11 03:35:19,2025-12-11 03:35:19,2025-12-11 03:35:19
1285,259,471,2025-07-09 16:49:58,2025-07-09 16:49:58,2025-07-09 16:49:58
1286,144,346,2025-10-08 03:58:22,2025-10-08 03:58:22,2025-10-08 03:58:22
1287,590,554,2026-04-15 19:49:48,2026-04-15 19:49:48,2026-04-15 19:49:48
1288,619,139,2025-11-01 18:30:03,2025-11-01 18:30:03,2025-11-01 18:30:03
1289,763,230,2025-08-31 21:29:25,2025-08-31 21:29:25,2025-08-31 21:29:25
1290,587,428,2026-04-16 16:08:42,2026-04-16 16:08:42,2026-04-16 16:08:42
1291,870,510,2026-04-16 05:36:34,2026-04-16 05:36:34,2026-04-16 05:36:34
1292,801,477,2025-09-17 07:34:14,2025-09-17 07:34:14,2025-09-17 07:34:14
1293,17,541,2026-02-12 20:27:13,2026-02-12 20:27:13,2026-02-12 20:27:13
1294,814,358,2025-08-14 01:01:41,2025-08-14 01:01:41,2025-08-14 01:01:41
1295,737,472,2025-08-11 20:41:41,2025-08-11 20:41:41,2025-08-11 20:41:41
1296,286,471,2025-06-18 10:50:52,2025-06-18 10:50:52,2025-06-18 10:50:52
1297,309,503,2025-08-10 21:10:17,2025-08-10 21:10:17,2025-08-10 21:10:17
1298,479,324,2026-02-03 15:44:43,2026-02-03 15:44:43,2026-02-03 15:44:43
1299,632,416,2025-08-20 02:14:54,2025-08-20 02:14:54,2025-08-20 02:14:54
1300,932,574,2026-01-10 23:06:46,2026-01-10 23:06:46,2026-01-10 23:06:46
1301,446,269,2025-10-15 13:56:58,2025-10-15 13:56:58,2025-10-15 13:56:58
1302,211,45,2026-03-02 20:32:49,2026-03-02 20:32:49,2026-03-02 20:32:49
1303,381,373,2026-02-05 13:53:20,2026-02-05 13:53:20,2026-02-05 13:53:20
1304,338,16,2026-04-09 19:24:54,2026-04-09 19:24:54,2026-04-09 19:24:54
1305,926,513,2025-12-25 17:55:59,2025-12-25 17:55:59,2025-12-25 17:55:59
1306,128,159,2025-07-29 08:42:07,2025-07-29 08:42:07,2025-07-29 08:42:07
1307,136,213,2025-12-04 05:30:44,2025-12-04 05:30:44,2025-12-04 05:30:44
1308,533,475,2026-05-11 07:03:19,2026-05-11 07:03:19,2026-05-11 07:03:19
1309,590,106,2026-01-17 16:31:50,2026-01-17 16:31:50,2026-01-17 16:31:50
1310,138,97,2025-08-22 17:09:47,2025-08-22 17:09:47,2025-08-22 17:09:47
1311,319,472,2025-08-20 02:51:06,2025-08-20 02:51:06,2025-08-20 02:51:06
1312,361,216,2026-03-10 00:16:34,2026-03-10 00:16:34,2026-03-10 00:16:34
1313,707,589,2025-07-23 07:02:10,2025-07-23 07:02:10,2025-07-23 07:02:10
1314,221,73,2025-10-15 18:53:43,2025-10-15 18:53:43,2025-10-15 18:53:43
1315,929,497,2026-04-30 05:56:40,2026-04-30 05:56:40,2026-04-30 05:56:40
1316,361,51,2025-11-11 06:25:17,2025-11-11 06:25:17,2025-11-11 06:25:17
1317,651,201,2026-03-28 03:05:38,2026-03-28 03:05:38,2026-03-28 03:05:38
1318,649,230,2025-08-01 07:00:24,2025-08-01 07:00:24,2025-08-01 07:00:24
1319,880,289,2026-02-19 11:56:11,2026-02-19 11:56:11,2026-02-19 11:56:11
1320,899,563,2025-08-15 03:06:01,2025-08-15 03:06:01,2025-08-15 03:06:01
1321,98,354,2026-05-25 09:12:16,2026-05-25 09:12:16,2026-05-25 09:12:16
1322,506,25,2025-11-26 20:42:52,2025-11-26 20:42:52,2025-11-26 20:42:52
1323,646,400,2025-11-19 05:23:35,2025-11-19 05:23:35,2025-11-19 05:23:35
1324,166,322,2026-05-29 18:22:19,2026-05-29 18:22:19,2026-05-29 18:22:19
1325,652,219,2026-05-12 21:27:50,2026-05-12 21:27:50,2026-05-12 21:27:50
1326,597,446,2025-07-12 14:06:14,2025-07-12 14:06:14,2025-07-12 14:06:14
1327,59,372,2026-04-08 23:54:25,2026-04-08 23:54:25,2026-04-08 23:54:25
1328,527,444,2025-06-10 04:25:53,2025-06-10 04:25:53,2025-06-10 04:25:53
1329,205,273,2025-07-21 08:28:04,2025-07-21 08:28:04,2025-07-21 08:28:04
1330,111,591,2026-02-12 13:23:22,2026-02-12 13:23:22,2026-02-12 13:23:22
1331,360,510,2026-04-10 18:49:58,2026-04-10 18:49:58,2026-04-10 18:49:58
1332,285,23,2025-11-14 18:51:59,2025-11-14 18:51:59,2025-11-14 18:51:59
1333,57,110,2025-11-13 00:49:36,2025-11-13 00:49:36,2025-11-13 00:49:36
1334,523,28,2025-08-12 23:48:16,2025-08-12 23:48:16,2025-08-12 23:48:16
1335,607,351,2026-01-27 01:54:47,2026-01-27 01:54:47,2026-01-27 01:54:47
1336,260,200,2026-01-21 10:11:28,2026-01-21 10:11:28,2026-01-21 10:11:28
1337,347,496,2025-12-13 10:03:05,2025-12-13 10:03:05,2025-12-13 10:03:05
1338,734,549,2026-02-16 15:09:26,2026-02-16 15:09:26,2026-02-16 15:09:26
1339,331,60,2025-08-25 07:43:47,2025-08-25 07:43:47,2025-08-25 07:43:47
1340,608,43,2025-08-29 04:32:10,2025-08-29 04:32:10,2025-08-29 04:32:10
1341,998,145,2026-04-14 17:31:43,2026-04-14 17:31:43,2026-04-14 17:31:43
1342,356,383,2026-03-27 10:03:49,2026-03-27 10:03:49,2026-03-27 10:03:49
1343,629,218,2025-06-19 11:53:36,2025-06-19 11:53:36,2025-06-19 11:53:36
1344,560,207,2025-11-16 12:43:18,2025-11-16 12:43:18,2025-11-16 12:43:18
1345,414,258,2025-06-12 09:57:56,2025-06-12 09:57:56,2025-06-12 09:57:56
1346,779,281,2025-10-20 10:14:50,2025-10-20 10:14:50,2025-10-20 10:14:50
1347,669,563,2025-12-20 18:54:18,2025-12-20 18:54:18,2025-12-20 18:54:18
1348,601,462,2025-09-09 02:28:20,2025-09-09 02:28:20,2025-09-09 02:28:20
1349,302,452,2026-05-19 23:18:00,2026-05-19 23:18:00,2026-05-19 23:18:00
1350,527,62,2025-12-18 07:53:18,2025-12-18 07:53:18,2025-12-18 07:53:18
1351,20,464,2025-10-06 02:04:00,2025-10-06 02:04:00,2025-10-06 02:04:00
1352,454,211,2026-04-11 08:59:31,2026-04-11 08:59:31,2026-04-11 08:59:31
1353,324,237,2026-01-26 16:07:54,2026-01-26 16:07:54,2026-01-26 16:07:54
1354,221,318,2025-07-28 13:26:30,2025-07-28 13:26:30,2025-07-28 13:26:30
1355,519,339,2025-07-11 20:29:56,2025-07-11 20:29:56,2025-07-11 20:29:56
1356,672,214,2025-10-09 14:27:01,2025-10-09 14:27:01,2025-10-09 14:27:01
1357,753,34,2026-05-27 19:17:14,2026-05-27 19:17:14,2026-05-27 19:17:14
1358,729,240,2025-08-29 05:12:37,2025-08-29 05:12:37,2025-08-29 05:12:37
1359,157,121,2025-08-18 08:18:08,2025-08-18 08:18:08,2025-08-18 08:18:08
1360,211,35,2026-06-01 07:23:18,2026-06-01 07:23:18,2026-06-01 07:23:18
1361,830,335,2025-09-03 18:25:30,2025-09-03 18:25:30,2025-09-03 18:25:30
1362,516,126,2026-05-27 08:12:47,2026-05-27 08:12:47,2026-05-27 08:12:47
1363,358,76,2026-04-02 16:49:12,2026-04-02 16:49:12,2026-04-02 16:49:12
1364,36,171,2025-08-08 13:31:21,2025-08-08 13:31:21,2025-08-08 13:31:21
1365,241,35,2026-04-04 09:37:25,2026-04-04 09:37:25,2026-04-04 09:37:25
1366,356,62,2025-06-17 05:21:56,2025-06-17 05:21:56,2025-06-17 05:21:56
1367,836,36,2025-11-05 14:08:55,2025-11-05 14:08:55,2025-11-05 14:08:55
1368,789,92,2025-12-19 02:14:49,2025-12-19 02:14:49,2025-12-19 02:14:49
1369,839,501,2025-08-05 20:18:30,2025-08-05 20:18:30,2025-08-05 20:18:30
1370,95,504,2025-08-17 10:38:44,2025-08-17 10:38:44,2025-08-17 10:38:44
1371,190,436,2025-07-25 06:00:58,2025-07-25 06:00:58,2025-07-25 06:00:58
1372,232,181,2025-12-25 07:21:05,2025-12-25 07:21:05,2025-12-25 07:21:05
1373,810,36,2025-12-03 11:59:05,2025-12-03 11:59:05,2025-12-03 11:59:05
1374,921,338,2025-08-25 20:27:56,2025-08-25 20:27:56,2025-08-25 20:27:56
1375,718,398,2025-07-02 16:50:39,2025-07-02 16:50:39,2025-07-02 16:50:39
1376,446,572,2026-01-06 06:02:33,2026-01-06 06:02:33,2026-01-06 06:02:33
1377,483,18,2025-08-09 02:25:55,2025-08-09 02:25:55,2025-08-09 02:25:55
1378,565,163,2025-07-08 04:07:20,2025-07-08 04:07:20,2025-07-08 04:07:20
1379,620,400,2025-06-17 17:03:12,2025-06-17 17:03:12,2025-06-17 17:03:12
1380,350,88,2025-09-25 06:20:32,2025-09-25 06:20:32,2025-09-25 06:20:32
1381,645,241,2025-07-09 00:55:15,2025-07-09 00:55:15,2025-07-09 00:55:15
1382,841,561,2026-03-13 18:29:48,2026-03-13 18:29:48,2026-03-13 18:29:48
1383,292,89,2026-01-25 20:40:39,2026-01-25 20:40:39,2026-01-25 20:40:39
1384,301,88,2026-01-23 23:56:12,2026-01-23 23:56:12,2026-01-23 23:56:12
1385,192,89,2025-09-11 09:11:19,2025-09-11 09:11:19,2025-09-11 09:11:19
1386,888,404,2025-08-26 23:59:37,2025-08-26 23:59:37,2025-08-26 23:59:37
1387,68,93,2026-01-25 00:03:04,2026-01-25 00:03:04,2026-01-25 00:03:04
1388,44,454,2025-12-13 15:57:43,2025-12-13 15:57:43,2025-12-13 15:57:43
1389,711,68,2026-02-10 20:53:11,2026-02-10 20:53:11,2026-02-10 20:53:11
1390,215,564,2025-06-26 06:42:34,2025-06-26 06:42:34,2025-06-26 06:42:34
1391,621,187,2025-08-22 01:25:23,2025-08-22 01:25:23,2025-08-22 01:25:23
1392,913,411,2025-07-13 20:47:10,2025-07-13 20:47:10,2025-07-13 20:47:10
1393,772,108,2025-11-21 07:39:53,2025-11-21 07:39:53,2025-11-21 07:39:53
1394,705,212,2025-09-09 19:37:07,2025-09-09 19:37:07,2025-09-09 19:37:07
1395,144,117,2025-08-13 19:50:35,2025-08-13 19:50:35,2025-08-13 19:50:35
1396,421,75,2025-10-16 02:58:01,2025-10-16 02:58:01,2025-10-16 02:58:01
1397,392,538,2025-11-19 01:40:00,2025-11-19 01:40:00,2025-11-19 01:40:00
1398,670,86,2026-04-15 07:15:01,2026-04-15 07:15:01,2026-04-15 07:15:01
1399,819,574,2026-01-29 17:57:34,2026-01-29 17:57:34,2026-01-29 17:57:34
1400,185,445,2025-09-11 09:02:02,2025-09-11 09:02:02,2025-09-11 09:02:02
1401,60,260,2025-09-20 20:02:18,2025-09-20 20:02:18,2025-09-20 20:02:18
1402,470,193,2026-05-08 08:01:00,2026-05-08 08:01:00,2026-05-08 08:01:00
1403,494,134,2025-08-08 18:07:13,2025-08-08 18:07:13,2025-08-08 18:07:13
1404,850,445,2026-04-17 05:35:36,2026-04-17 05:35:36,2026-04-17 05:35:36
1405,623,532,2025-12-31 20:54:04,2025-12-31 20:54:04,2025-12-31 20:54:04
1406,230,280,2026-04-13 05:17:35,2026-04-13 05:17:35,2026-04-13 05:17:35
1407,882,458,2026-03-29 11:47:27,2026-03-29 11:47:27,2026-03-29 11:47:27
1408,300,61,2026-05-09 17:58:06,2026-05-09 17:58:06,2026-05-09 17:58:06
1409,146,197,2025-11-18 01:58:01,2025-11-18 01:58:01,2025-11-18 01:58:01
1410,937,459,2025-08-27 20:36:25,2025-08-27 20:36:25,2025-08-27 20:36:25
1411,737,381,2026-05-19 18:42:40,2026-05-19 18:42:40,2026-05-19 18:42:40
1412,628,414,2025-09-18 05:32:36,2025-09-18 05:32:36,2025-09-18 05:32:36
1413,345,159,2025-07-08 15:31:18,2025-07-08 15:31:18,2025-07-08 15:31:18
1414,229,406,2025-07-03 15:46:01,2025-07-03 15:46:01,2025-07-03 15:46:01
1415,412,220,2025-12-31 08:59:41,2025-12-31 08:59:41,2025-12-31 08:59:41
1416,891,537,2026-02-27 14:08:47,2026-02-27 14:08:47,2026-02-27 14:08:47
1417,971,503,2025-11-20 20:48:01,2025-11-20 20:48:01,2025-11-20 20:48:01
1418,824,154,2025-07-21 14:20:37,2025-07-21 14:20:37,2025-07-21 14:20:37
1419,373,138,2026-03-05 11:44:42,2026-03-05 11:44:42,2026-03-05 11:44:42
1420,26,503,2025-10-05 21:31:09,2025-10-05 21:31:09,2025-10-05 21:31:09
1421,554,579,2025-09-11 20:08:58,2025-09-11 20:08:58,2025-09-11 20:08:58
1422,832,382,2026-05-15 14:34:06,2026-05-15 14:34:06,2026-05-15 14:34:06
1423,269,525,2025-10-07 20:33:26,2025-10-07 20:33:26,2025-10-07 20:33:26
1424,4,490,2026-05-05 13:28:36,2026-05-05 13:28:36,2026-05-05 13:28:36
1425,539,377,2026-05-21 00:43:31,2026-05-21 00:43:31,2026-05-21 00:43:31
1426,328,373,2025-09-06 12:26:25,2025-09-06 12:26:25,2025-09-06 12:26:25
1427,939,109,2025-07-13 14:12:26,2025-07-13 14:12:26,2025-07-13 14:12:26
1428,161,150,2026-05-11 00:51:42,2026-05-11 00:51:42,2026-05-11 00:51:42
1429,986,374,2026-01-14 19:26:17,2026-01-14 19:26:17,2026-01-14 19:26:17
1430,742,361,2026-01-03 10:11:55,2026-01-03 10:11:55,2026-01-03 10:11:55
1431,288,545,2025-10-29 15:10:48,2025-10-29 15:10:48,2025-10-29 15:10:48
1432,129,499,2026-03-09 11:06:19,2026-03-09 11:06:19,2026-03-09 11:06:19
1433,694,260,2026-03-20 02:46:07,2026-03-20 02:46:07,2026-03-20 02:46:07
1434,944,478,2026-03-21 03:26:56,2026-03-21 03:26:56,2026-03-21 03:26:56
1435,815,97,2026-04-14 16:24:14,2026-04-14 16:24:14,2026-04-14 16:24:14
1436,42,44,2025-09-25 05:21:31,2025-09-25 05:21:31,2025-09-25 05:21:31
1437,550,102,2026-02-24 02:03:26,2026-02-24 02:03:26,2026-02-24 02:03:26
1438,65,324,2025-07-30 09:42:49,2025-07-30 09:42:49,2025-07-30 09:42:49
1439,706,353,2026-04-09 14:37:20,2026-04-09 14:37:20,2026-04-09 14:37:20
1440,93,263,2025-12-01 14:53:56,2025-12-01 14:53:56,2025-12-01 14:53:56
1441,598,161,2026-04-17 07:44:33,2026-04-17 07:44:33,2026-04-17 07:44:33
1442,70,204,2026-02-20 12:56:02,2026-02-20 12:56:02,2026-02-20 12:56:02
1443,803,285,2026-02-16 22:00:47,2026-02-16 22:00:47,2026-02-16 22:00:47
1444,564,222,2025-06-20 10:54:18,2025-06-20 10:54:18,2025-06-20 10:54:18
1445,32,370,2025-09-17 03:35:51,2025-09-17 03:35:51,2025-09-17 03:35:51
1446,711,114,2026-02-22 09:15:52,2026-02-22 09:15:52,2026-02-22 09:15:52
1447,816,507,2025-11-02 20:57:18,2025-11-02 20:57:18,2025-11-02 20:57:18
1448,720,81,2026-01-15 20:46:51,2026-01-15 20:46:51,2026-01-15 20:46:51
1449,468,77,2025-10-13 07:42:54,2025-10-13 07:42:54,2025-10-13 07:42:54
1450,898,441,2025-12-16 09:12:52,2025-12-16 09:12:52,2025-12-16 09:12:52
1451,279,554,2026-04-26 11:41:19,2026-04-26 11:41:19,2026-04-26 11:41:19
1452,946,339,2025-11-10 16:08:18,2025-11-10 16:08:18,2025-11-10 16:08:18
1453,890,52,2025-08-09 09:44:05,2025-08-09 09:44:05,2025-08-09 09:44:05
1454,372,262,2025-06-13 03:53:27,2025-06-13 03:53:27,2025-06-13 03:53:27
1455,177,94,2025-12-26 09:59:02,2025-12-26 09:59:02,2025-12-26 09:59:02
1456,104,282,2026-05-12 16:50:17,2026-05-12 16:50:17,2026-05-12 16:50:17
1457,716,561,2025-10-21 14:46:50,2025-10-21 14:46:50,2025-10-21 14:46:50
1458,973,514,2026-04-06 08:56:44,2026-04-06 08:56:44,2026-04-06 08:56:44
1459,143,102,2026-01-10 04:20:13,2026-01-10 04:20:13,2026-01-10 04:20:13
1460,722,454,2025-08-03 08:29:45,2025-08-03 08:29:45,2025-08-03 08:29:45
1461,717,352,2025-12-16 21:54:04,2025-12-16 21:54:04,2025-12-16 21:54:04
1462,985,174,2026-04-20 19:59:59,2026-04-20 19:59:59,2026-04-20 19:59:59
1463,298,497,2026-01-06 10:45:47,2026-01-06 10:45:47,2026-01-06 10:45:47
1464,166,81,2025-12-16 12:32:21,2025-12-16 12:32:21,2025-12-16 12:32:21
1465,568,551,2026-01-25 20:07:06,2026-01-25 20:07:06,2026-01-25 20:07:06
1466,194,274,2025-06-18 20:32:04,2025-06-18 20:32:04,2025-06-18 20:32:04
1467,406,394,2026-05-30 22:38:13,2026-05-30 22:38:13,2026-05-30 22:38:13
1468,28,252,2025-12-20 17:16:57,2025-12-20 17:16:57,2025-12-20 17:16:57
1469,973,259,2026-03-23 16:19:28,2026-03-23 16:19:28,2026-03-23 16:19:28
1470,458,329,2026-03-22 11:35:33,2026-03-22 11:35:33,2026-03-22 11:35:33
1471,614,159,2026-05-17 23:26:17,2026-05-17 23:26:17,2026-05-17 23:26:17
1472,410,243,2025-07-02 09:04:14,2025-07-02 09:04:14,2025-07-02 09:04:14
1473,186,544,2025-10-02 17:40:00,2025-10-02 17:40:00,2025-10-02 17:40:00
1474,639,555,2025-11-02 04:05:54,2025-11-02 04:05:54,2025-11-02 04:05:54
1475,122,404,2026-03-27 05:04:28,2026-03-27 05:04:28,2026-03-27 05:04:28
1476,393,381,2025-08-10 22:18:47,2025-08-10 22:18:47,2025-08-10 22:18:47
1477,233,465,2026-02-19 07:38:41,2026-02-19 07:38:41,2026-02-19 07:38:41
1478,764,563,2025-07-14 06:42:11,2025-07-14 06:42:11,2025-07-14 06:42:11
1479,936,523,2025-07-01 02:00:12,2025-07-01 02:00:12,2025-07-01 02:00:12
1480,769,8,2025-07-07 05:52:38,2025-07-07 05:52:38,2025-07-07 05:52:38
1481,323,240,2026-04-28 14:35:13,2026-04-28 14:35:13,2026-04-28 14:35:13
1482,624,161,2025-07-04 23:56:03,2025-07-04 23:56:03,2025-07-04 23:56:03
1483,626,127,2025-11-24 10:45:22,2025-11-24 10:45:22,2025-11-24 10:45:22
1484,658,192,2026-03-08 22:19:28,2026-03-08 22:19:28,2026-03-08 22:19:28
1485,540,195,2026-02-05 22:59:07,2026-02-05 22:59:07,2026-02-05 22:59:07
1486,498,519,2025-08-18 17:51:35,2025-08-18 17:51:35,2025-08-18 17:51:35
1487,567,475,2026-03-08 05:24:46,2026-03-08 05:24:46,2026-03-08 05:24:46
1488,878,513,2025-11-09 03:07:29,2025-11-09 03:07:29,2025-11-09 03:07:29
1489,259,44,2025-06-20 03:04:54,2025-06-20 03:04:54,2025-06-20 03:04:54
1490,870,470,2026-05-02 07:54:40,2026-05-02 07:54:40,2026-05-02 07:54:40
1491,58,583,2026-04-02 14:33:10,2026-04-02 14:33:10,2026-04-02 14:33:10
1492,349,148,2025-08-26 18:11:19,2025-08-26 18:11:19,2025-08-26 18:11:19
1493,446,284,2025-07-18 03:00:19,2025-07-18 03:00:19,2025-07-18 03:00:19
1494,416,200,2026-02-17 20:19:21,2026-02-17 20:19:21,2026-02-17 20:19:21
1495,102,345,2026-03-31 01:06:04,2026-03-31 01:06:04,2026-03-31 01:06:04
1496,764,109,2026-04-23 03:12:58,2026-04-23 03:12:58,2026-04-23 03:12:58
1497,86,260,2026-06-01 13:04:16,2026-06-01 13:04:16,2026-06-01 13:04:16
1498,431,278,2025-10-12 05:14:30,2025-10-12 05:14:30,2025-10-12 05:14:30
1499,289,358,2025-11-11 12:27:50,2025-11-11 12:27:50,2025-11-11 12:27:50
1500,559,374,2025-06-07 20:16:49,2025-06-07 20:16:49,2025-06-07 20:16:49
1501,501,375,2026-01-01 13:29:01,2026-01-01 13:29:01,2026-01-01 13:29:01
1502,233,216,2026-03-30 09:37:26,2026-03-30 09:37:26,2026-03-30 09:37:26
1503,261,220,2026-04-29 20:36:01,2026-04-29 20:36:01,2026-04-29 20:36:01
1504,373,54,2025-07-18 23:55:04,2025-07-18 23:55:04,2025-07-18 23:55:04
1505,425,118,2025-09-06 14:10:34,2025-09-06 14:10:34,2025-09-06 14:10:34
1506,615,457,2025-11-04 12:47:01,2025-11-04 12:47:01,2025-11-04 12:47:01
1507,127,581,2026-05-03 11:54:44,2026-05-03 11:54:44,2026-05-03 11:54:44
1508,14,242,2025-08-01 17:15:25,2025-08-01 17:15:25,2025-08-01 17:15:25
1509,803,23,2026-03-18 20:31:43,2026-03-18 20:31:43,2026-03-18 20:31:43
1510,202,437,2026-03-08 17:21:37,2026-03-08 17:21:37,2026-03-08 17:21:37
1511,570,274,2025-07-03 09:17:43,2025-07-03 09:17:43,2025-07-03 09:17:43
1512,652,179,2025-06-09 02:11:31,2025-06-09 02:11:31,2025-06-09 02:11:31
1513,443,554,2025-06-11 12:16:53,2025-06-11 12:16:53,2025-06-11 12:16:53
1514,651,486,2025-08-27 13:06:07,2025-08-27 13:06:07,2025-08-27 13:06:07
1515,198,221,2025-12-26 06:04:28,2025-12-26 06:04:28,2025-12-26 06:04:28
1516,778,70,2026-02-13 14:44:11,2026-02-13 14:44:11,2026-02-13 14:44:11
1517,710,24,2026-01-05 03:31:08,2026-01-05 03:31:08,2026-01-05 03:31:08
1518,23,595,2025-11-27 06:59:51,2025-11-27 06:59:51,2025-11-27 06:59:51
1519,854,148,2025-07-08 18:59:13,2025-07-08 18:59:13,2025-07-08 18:59:13
1520,129,551,2026-03-29 07:50:26,2026-03-29 07:50:26,2026-03-29 07:50:26
1521,968,521,2026-02-26 11:23:37,2026-02-26 11:23:37,2026-02-26 11:23:37
1522,77,467,2025-08-28 04:11:10,2025-08-28 04:11:10,2025-08-28 04:11:10
1523,396,63,2025-10-25 22:57:14,2025-10-25 22:57:14,2025-10-25 22:57:14
1524,61,122,2026-02-28 04:13:44,2026-02-28 04:13:44,2026-02-28 04:13:44
1525,852,116,2026-01-16 21:29:45,2026-01-16 21:29:45,2026-01-16 21:29:45
1526,346,165,2025-11-30 06:00:07,2025-11-30 06:00:07,2025-11-30 06:00:07
1527,63,324,2025-10-04 08:48:17,2025-10-04 08:48:17,2025-10-04 08:48:17
1528,273,529,2026-01-08 19:04:38,2026-01-08 19:04:38,2026-01-08 19:04:38
1529,690,425,2026-05-30 04:44:13,2026-05-30 04:44:13,2026-05-30 04:44:13
1530,600,162,2026-03-14 19:15:41,2026-03-14 19:15:41,2026-03-14 19:15:41
1531,657,376,2026-03-01 07:48:02,2026-03-01 07:48:02,2026-03-01 07:48:02
1532,625,176,2025-11-21 17:29:08,2025-11-21 17:29:08,2025-11-21 17:29:08
1533,985,393,2025-09-10 07:11:14,2025-09-10 07:11:14,2025-09-10 07:11:14
1534,74,346,2025-12-14 22:08:24,2025-12-14 22:08:24,2025-12-14 22:08:24
1535,209,392,2026-05-31 09:53:06,2026-05-31 09:53:06,2026-05-31 09:53:06
1536,229,594,2025-08-13 04:57:52,2025-08-13 04:57:52,2025-08-13 04:57:52
1537,879,38,2026-04-22 00:12:59,2026-04-22 00:12:59,2026-04-22 00:12:59
1538,497,156,2025-10-31 18:34:14,2025-10-31 18:34:14,2025-10-31 18:34:14
1539,601,350,2025-10-15 03:19:24,2025-10-15 03:19:24,2025-10-15 03:19:24
1540,695,437,2026-04-15 12:40:17,2026-04-15 12:40:17,2026-04-15 12:40:17
1541,989,432,2025-11-23 18:19:51,2025-11-23 18:19:51,2025-11-23 18:19:51
1542,253,75,2025-06-23 03:06:45,2025-06-23 03:06:45,2025-06-23 03:06:45
1543,634,35,2026-04-30 22:02:58,2026-04-30 22:02:58,2026-04-30 22:02:58
1544,912,355,2026-02-21 09:02:33,2026-02-21 09:02:33,2026-02-21 09:02:33
1545,398,197,2026-01-19 08:38:26,2026-01-19 08:38:26,2026-01-19 08:38:26
1546,393,108,2026-04-27 17:52:50,2026-04-27 17:52:50,2026-04-27 17:52:50
1547,6,406,2026-02-15 00:22:15,2026-02-15 00:22:15,2026-02-15 00:22:15
1548,903,275,2026-04-26 18:42:53,2026-04-26 18:42:53,2026-04-26 18:42:53
1549,506,52,2025-09-29 16:01:26,2025-09-29 16:01:26,2025-09-29 16:01:26
1550,871,229,2025-07-31 23:15:36,2025-07-31 23:15:36,2025-07-31 23:15:36
1551,746,436,2025-08-25 13:39:37,2025-08-25 13:39:37,2025-08-25 13:39:37
1552,139,254,2025-12-19 03:31:38,2025-12-19 03:31:38,2025-12-19 03:31:38
1553,381,473,2025-08-06 00:31:37,2025-08-06 00:31:37,2025-08-06 00:31:37
1554,894,373,2025-08-04 21:04:54,2025-08-04 21:04:54,2025-08-04 21:04:54
1555,898,110,2026-01-27 04:29:33,2026-01-27 04:29:33,2026-01-27 04:29:33
1556,553,422,2025-08-09 07:22:39,2025-08-09 07:22:39,2025-08-09 07:22:39
1557,219,134,2025-12-03 06:14:07,2025-12-03 06:14:07,2025-12-03 06:14:07
1558,555,370,2026-05-11 08:37:56,2026-05-11 08:37:56,2026-05-11 08:37:56
1559,132,187,2026-03-04 02:02:01,2026-03-04 02:02:01,2026-03-04 02:02:01
1560,985,279,2025-06-15 13:09:29,2025-06-15 13:09:29,2025-06-15 13:09:29
1561,729,199,2026-04-30 05:04:13,2026-04-30 05:04:13,2026-04-30 05:04:13
1562,844,283,2025-07-15 01:09:05,2025-07-15 01:09:05,2025-07-15 01:09:05
1563,670,352,2026-03-24 23:41:25,2026-03-24 23:41:25,2026-03-24 23:41:25
1564,898,417,2025-11-24 12:43:05,2025-11-24 12:43:05,2025-11-24 12:43:05
1565,965,79,2025-07-22 07:56:29,2025-07-22 07:56:29,2025-07-22 07:56:29
1566,123,201,2025-07-10 00:05:24,2025-07-10 00:05:24,2025-07-10 00:05:24
1567,594,314,2026-02-21 20:27:32,2026-02-21 20:27:32,2026-02-21 20:27:32
1568,774,511,2026-03-11 09:18:02,2026-03-11 09:18:02,2026-03-11 09:18:02
1569,428,363,2025-09-25 23:18:21,2025-09-25 23:18:21,2025-09-25 23:18:21
1570,847,180,2025-07-12 11:17:15,2025-07-12 11:17:15,2025-07-12 11:17:15
1571,762,171,2026-05-27 18:02:36,2026-05-27 18:02:36,2026-05-27 18:02:36
1572,572,475,2026-03-11 10:27:50,2026-03-11 10:27:50,2026-03-11 10:27:50
1573,333,269,2025-10-05 10:51:51,2025-10-05 10:51:51,2025-10-05 10:51:51
1574,150,320,2026-01-13 19:53:54,2026-01-13 19:53:54,2026-01-13 19:53:54
1575,260,464,2025-12-16 10:41:15,2025-12-16 10:41:15,2025-12-16 10:41:15
1576,499,154,2026-01-05 19:36:35,2026-01-05 19:36:35,2026-01-05 19:36:35
1577,639,583,2025-09-24 22:24:48,2025-09-24 22:24:48,2025-09-24 22:24:48
1578,702,48,2025-07-06 11:51:36,2025-07-06 11:51:36,2025-07-06 11:51:36
1579,447,577,2026-04-03 23:19:51,2026-04-03 23:19:51,2026-04-03 23:19:51
1580,516,197,2025-09-14 16:59:20,2025-09-14 16:59:20,2025-09-14 16:59:20
1581,195,598,2025-10-04 06:44:38,2025-10-04 06:44:38,2025-10-04 06:44:38
1582,745,375,2025-09-18 23:16:29,2025-09-18 23:16:29,2025-09-18 23:16:29
1583,834,97,2026-05-30 14:25:38,2026-05-30 14:25:38,2026-05-30 14:25:38
1584,701,126,2026-02-13 15:03:59,2026-02-13 15:03:59,2026-02-13 15:03:59
1585,390,400,2025-12-04 05:18:39,2025-12-04 05:18:39,2025-12-04 05:18:39
1586,527,224,2026-03-07 15:26:57,2026-03-07 15:26:57,2026-03-07 15:26:57
1587,313,190,2026-04-07 21:00:17,2026-04-07 21:00:17,2026-04-07 21:00:17
1588,40,323,2025-09-08 15:11:08,2025-09-08 15:11:08,2025-09-08 15:11:08
1589,61,94,2026-05-31 11:18:28,2026-05-31 11:18:28,2026-05-31 11:18:28
1590,12,118,2025-08-07 11:37:48,2025-08-07 11:37:48,2025-08-07 11:37:48
1591,275,500,2025-12-03 07:12:25,2025-12-03 07:12:25,2025-12-03 07:12:25
1592,850,436,2025-12-27 14:33:32,2025-12-27 14:33:32,2025-12-27 14:33:32
1593,465,577,2025-11-07 23:56:13,2025-11-07 23:56:13,2025-11-07 23:56:13
1594,400,190,2025-08-11 06:15:10,2025-08-11 06:15:10,2025-08-11 06:15:10
1595,538,225,2025-11-21 11:36:44,2025-11-21 11:36:44,2025-11-21 11:36:44
1596,551,503,2025-12-07 06:09:04,2025-12-07 06:09:04,2025-12-07 06:09:04
1597,706,117,2025-11-10 02:09:29,2025-11-10 02:09:29,2025-11-10 02:09:29
1598,395,23,2025-09-26 00:54:09,2025-09-26 00:54:09,2025-09-26 00:54:09
1599,397,335,2026-02-17 03:14:13,2026-02-17 03:14:13,2026-02-17 03:14:13
1600,86,79,2025-12-07 12:48:46,2025-12-07 12:48:46,2025-12-07 12:48:46
1601,818,62,2025-08-08 07:59:37,2025-08-08 07:59:37,2025-08-08 07:59:37
1602,974,55,2025-07-16 03:08:26,2025-07-16 03:08:26,2025-07-16 03:08:26
1603,384,22,2026-02-18 15:43:36,2026-02-18 15:43:36,2026-02-18 15:43:36
1604,894,425,2025-11-18 19:12:06,2025-11-18 19:12:06,2025-11-18 19:12:06
1605,38,463,2025-10-26 00:11:27,2025-10-26 00:11:27,2025-10-26 00:11:27
1606,113,97,2026-03-13 02:02:41,2026-03-13 02:02:41,2026-03-13 02:02:41
1607,778,151,2025-08-02 03:45:32,2025-08-02 03:45:32,2025-08-02 03:45:32
1608,821,370,2026-04-19 02:31:32,2026-04-19 02:31:32,2026-04-19 02:31:32
1609,139,166,2026-01-05 11:22:48,2026-01-05 11:22:48,2026-01-05 11:22:48
1610,640,260,2025-09-21 03:04:26,2025-09-21 03:04:26,2025-09-21 03:04:26
1611,866,365,2026-04-04 00:06:32,2026-04-04 00:06:32,2026-04-04 00:06:32
1612,408,217,2025-08-29 10:28:16,2025-08-29 10:28:16,2025-08-29 10:28:16
1613,372,548,2025-11-22 22:27:18,2025-11-22 22:27:18,2025-11-22 22:27:18
1614,625,256,2025-12-08 18:52:04,2025-12-08 18:52:04,2025-12-08 18:52:04
1615,317,301,2026-05-22 11:00:41,2026-05-22 11:00:41,2026-05-22 11:00:41
1616,617,589,2026-05-28 20:58:47,2026-05-28 20:58:47,2026-05-28 20:58:47
1617,145,62,2026-01-09 03:47:15,2026-01-09 03:47:15,2026-01-09 03:47:15
1618,241,574,2026-03-24 02:22:39,2026-03-24 02:22:39,2026-03-24 02:22:39
1619,569,520,2026-05-02 08:07:41,2026-05-02 08:07:41,2026-05-02 08:07:41
1620,967,266,2026-06-01 22:30:17,2026-06-01 22:30:17,2026-06-01 22:30:17
1621,494,563,2025-11-15 09:59:19,2025-11-15 09:59:19,2025-11-15 09:59:19
1622,182,15,2025-12-29 09:01:20,2025-12-29 09:01:20,2025-12-29 09:01:20
1623,638,449,2026-02-22 02:10:11,2026-02-22 02:10:11,2026-02-22 02:10:11
1624,663,171,2025-08-27 00:17:06,2025-08-27 00:17:06,2025-08-27 00:17:06
1625,677,564,2026-03-10 13:54:29,2026-03-10 13:54:29,2026-03-10 13:54:29
1626,987,415,2026-02-18 02:48:40,2026-02-18 02:48:40,2026-02-18 02:48:40
1627,47,106,2025-09-15 14:43:37,2025-09-15 14:43:37,2025-09-15 14:43:37
1628,765,553,2025-07-28 17:53:17,2025-07-28 17:53:17,2025-07-28 17:53:17
1629,548,209,2025-07-25 13:46:27,2025-07-25 13:46:27,2025-07-25 13:46:27
1630,11,187,2026-01-29 17:48:03,2026-01-29 17:48:03,2026-01-29 17:48:03
1631,527,534,2025-07-25 20:26:06,2025-07-25 20:26:06,2025-07-25 20:26:06
1632,388,591,2025-12-13 02:10:33,2025-12-13 02:10:33,2025-12-13 02:10:33
1633,600,180,2025-06-14 08:07:21,2025-06-14 08:07:21,2025-06-14 08:07:21
1634,935,492,2025-10-03 19:10:19,2025-10-03 19:10:19,2025-10-03 19:10:19
1635,648,286,2026-02-09 20:24:32,2026-02-09 20:24:32,2026-02-09 20:24:32
1636,907,574,2025-10-09 01:13:26,2025-10-09 01:13:26,2025-10-09 01:13:26
1637,627,311,2026-03-29 17:23:45,2026-03-29 17:23:45,2026-03-29 17:23:45
1638,914,338,2026-03-05 19:42:20,2026-03-05 19:42:20,2026-03-05 19:42:20
1639,652,309,2026-02-05 05:06:53,2026-02-05 05:06:53,2026-02-05 05:06:53
1640,459,556,2025-12-13 07:03:46,2025-12-13 07:03:46,2025-12-13 07:03:46
1641,385,568,2026-03-04 15:03:59,2026-03-04 15:03:59,2026-03-04 15:03:59
1642,160,334,2026-03-29 21:38:52,2026-03-29 21:38:52,2026-03-29 21:38:52
1643,95,114,2025-08-31 23:30:26,2025-08-31 23:30:26,2025-08-31 23:30:26
1644,437,527,2025-09-16 06:13:42,2025-09-16 06:13:42,2025-09-16 06:13:42
1645,482,526,2025-07-04 04:18:07,2025-07-04 04:18:07,2025-07-04 04:18:07
1646,830,142,2025-07-26 05:39:31,2025-07-26 05:39:31,2025-07-26 05:39:31
1647,340,38,2025-09-14 04:48:53,2025-09-14 04:48:53,2025-09-14 04:48:53
1648,205,323,2025-12-24 03:22:40,2025-12-24 03:22:40,2025-12-24 03:22:40
1649,672,323,2025-07-07 16:37:45,2025-07-07 16:37:45,2025-07-07 16:37:45
1650,113,527,2025-12-05 00:23:57,2025-12-05 00:23:57,2025-12-05 00:23:57
1651,911,128,2025-12-31 03:20:23,2025-12-31 03:20:23,2025-12-31 03:20:23
1652,907,50,2025-09-14 23:01:11,2025-09-14 23:01:11,2025-09-14 23:01:11
1653,41,20,2025-10-16 00:41:54,2025-10-16 00:41:54,2025-10-16 00:41:54
1654,56,193,2026-04-12 17:36:03,2026-04-12 17:36:03,2026-04-12 17:36:03
1655,180,82,2025-12-21 00:09:13,2025-12-21 00:09:13,2025-12-21 00:09:13
1656,280,582,2026-02-26 07:43:14,2026-02-26 07:43:14,2026-02-26 07:43:14
1657,196,35,2026-04-02 00:05:14,2026-04-02 00:05:14,2026-04-02 00:05:14
1658,678,36,2026-05-30 01:36:52,2026-05-30 01:36:52,2026-05-30 01:36:52
1659,875,534,2025-08-04 20:19:07,2025-08-04 20:19:07,2025-08-04 20:19:07
1660,37,180,2026-04-09 00:53:59,2026-04-09 00:53:59,2026-04-09 00:53:59
1661,342,332,2026-05-06 19:48:27,2026-05-06 19:48:27,2026-05-06 19:48:27
1662,103,388,2026-05-09 16:30:51,2026-05-09 16:30:51,2026-05-09 16:30:51
1663,670,203,2026-01-06 21:32:55,2026-01-06 21:32:55,2026-01-06 21:32:55
1664,19,588,2025-12-12 00:01:28,2025-12-12 00:01:28,2025-12-12 00:01:28
1665,640,178,2025-07-31 22:45:40,2025-07-31 22:45:40,2025-07-31 22:45:40
1666,997,87,2025-08-21 02:31:08,2025-08-21 02:31:08,2025-08-21 02:31:08
1667,133,144,2025-09-10 04:12:58,2025-09-10 04:12:58,2025-09-10 04:12:58
1668,530,96,2025-11-18 01:14:11,2025-11-18 01:14:11,2025-11-18 01:14:11
1669,117,363,2026-01-11 23:49:13,2026-01-11 23:49:13,2026-01-11 23:49:13
1670,236,226,2026-04-17 20:13:48,2026-04-17 20:13:48,2026-04-17 20:13:48
1671,819,248,2025-09-18 02:30:29,2025-09-18 02:30:29,2025-09-18 02:30:29
1672,465,72,2026-02-11 23:22:48,2026-02-11 23:22:48,2026-02-11 23:22:48
1673,725,522,2026-03-07 08:17:13,2026-03-07 08:17:13,2026-03-07 08:17:13
1674,702,496,2025-12-23 14:36:01,2025-12-23 14:36:01,2025-12-23 14:36:01
1675,388,380,2025-06-12 09:14:25,2025-06-12 09:14:25,2025-06-12 09:14:25
1676,96,215,2025-07-04 09:14:02,2025-07-04 09:14:02,2025-07-04 09:14:02
1677,108,322,2025-11-26 12:59:29,2025-11-26 12:59:29,2025-11-26 12:59:29
1678,147,186,2025-11-12 18:09:37,2025-11-12 18:09:37,2025-11-12 18:09:37
1679,237,51,2025-09-14 06:41:24,2025-09-14 06:41:24,2025-09-14 06:41:24
1680,798,34,2026-01-10 04:19:29,2026-01-10 04:19:29,2026-01-10 04:19:29
1681,391,526,2025-07-28 01:26:14,2025-07-28 01:26:14,2025-07-28 01:26:14
1682,14,121,2026-02-01 22:30:05,2026-02-01 22:30:05,2026-02-01 22:30:05
1683,592,43,2025-06-26 00:51:59,2025-06-26 00:51:59,2025-06-26 00:51:59
1684,295,117,2025-11-18 21:40:56,2025-11-18 21:40:56,2025-11-18 21:40:56
1685,392,497,2025-09-20 22:46:13,2025-09-20 22:46:13,2025-09-20 22:46:13
1686,526,340,2025-07-18 04:35:42,2025-07-18 04:35:42,2025-07-18 04:35:42
1687,912,236,2025-12-14 10:50:02,2025-12-14 10:50:02,2025-12-14 10:50:02
1688,133,46,2026-01-13 12:30:57,2026-01-13 12:30:57,2026-01-13 12:30:57
1689,493,530,2025-11-14 04:50:24,2025-11-14 04:50:24,2025-11-14 04:50:24
1690,606,144,2026-05-03 10:11:00,2026-05-03 10:11:00,2026-05-03 10:11:00
1691,959,31,2026-01-07 12:01:53,2026-01-07 12:01:53,2026-01-07 12:01:53
1692,963,321,2025-11-12 11:18:27,2025-11-12 11:18:27,2025-11-12 11:18:27
1693,599,215,2025-08-19 15:10:46,2025-08-19 15:10:46,2025-08-19 15:10:46
1694,79,479,2026-03-18 13:14:03,2026-03-18 13:14:03,2026-03-18 13:14:03
1695,385,491,2025-09-24 04:48:26,2025-09-24 04:48:26,2025-09-24 04:48:26
1696,349,170,2025-08-22 02:30:55,2025-08-22 02:30:55,2025-08-22 02:30:55
1697,690,17,2025-11-06 17:36:16,2025-11-06 17:36:16,2025-11-06 17:36:16
1698,314,110,2026-05-09 13:42:21,2026-05-09 13:42:21,2026-05-09 13:42:21
1699,852,43,2025-08-26 05:22:40,2025-08-26 05:22:40,2025-08-26 05:22:40
1700,529,493,2025-06-14 15:41:16,2025-06-14 15:41:16,2025-06-14 15:41:16
1701,335,521,2025-10-10 03:41:15,2025-10-10 03:41:15,2025-10-10 03:41:15
1702,730,574,2026-04-11 08:29:55,2026-04-11 08:29:55,2026-04-11 08:29:55
1703,941,511,2025-08-23 22:37:02,2025-08-23 22:37:02,2025-08-23 22:37:02
1704,976,111,2026-01-20 16:35:46,2026-01-20 16:35:46,2026-01-20 16:35:46
1705,313,257,2026-03-05 07:28:36,2026-03-05 07:28:36,2026-03-05 07:28:36
1706,823,477,2025-07-09 20:45:52,2025-07-09 20:45:52,2025-07-09 20:45:52
1707,338,197,2026-04-20 07:26:06,2026-04-20 07:26:06,2026-04-20 07:26:06
1708,598,3,2025-09-29 12:45:55,2025-09-29 12:45:55,2025-09-29 12:45:55
1709,463,571,2026-02-24 04:38:31,2026-02-24 04:38:31,2026-02-24 04:38:31
1710,250,247,2025-09-25 10:59:40,2025-09-25 10:59:40,2025-09-25 10:59:40
1711,649,489,2026-03-20 14:52:42,2026-03-20 14:52:42,2026-03-20 14:52:42
1712,913,236,2026-04-06 22:44:23,2026-04-06 22:44:23,2026-04-06 22:44:23
1713,163,410,2025-10-23 22:41:02,2025-10-23 22:41:02,2025-10-23 22:41:02
1714,664,10,2025-09-29 19:11:06,2025-09-29 19:11:06,2025-09-29 19:11:06
1715,186,597,2025-07-19 07:56:52,2025-07-19 07:56:52,2025-07-19 07:56:52
1716,415,403,2025-08-08 18:57:10,2025-08-08 18:57:10,2025-08-08 18:57:10
1717,967,207,2026-01-02 14:32:44,2026-01-02 14:32:44,2026-01-02 14:32:44
1718,694,380,2025-11-14 18:23:53,2025-11-14 18:23:53,2025-11-14 18:23:53
1719,588,140,2025-07-15 23:01:44,2025-07-15 23:01:44,2025-07-15 23:01:44
1720,258,91,2025-11-03 00:16:19,2025-11-03 00:16:19,2025-11-03 00:16:19
1721,397,198,2026-05-22 08:56:32,2026-05-22 08:56:32,2026-05-22 08:56:32
1722,335,263,2026-02-17 21:47:49,2026-02-17 21:47:49,2026-02-17 21:47:49
1723,809,194,2026-01-26 05:56:44,2026-01-26 05:56:44,2026-01-26 05:56:44
1724,139,150,2025-06-07 03:03:22,2025-06-07 03:03:22,2025-06-07 03:03:22
1725,858,535,2025-11-19 06:10:54,2025-11-19 06:10:54,2025-11-19 06:10:54
1726,354,98,2026-03-06 11:14:15,2026-03-06 11:14:15,2026-03-06 11:14:15
1727,838,64,2025-12-05 09:31:33,2025-12-05 09:31:33,2025-12-05 09:31:33
1728,162,197,2025-11-19 04:16:51,2025-11-19 04:16:51,2025-11-19 04:16:51
1729,669,170,2025-11-19 15:59:46,2025-11-19 15:59:46,2025-11-19 15:59:46
1730,426,418,2026-02-23 07:17:21,2026-02-23 07:17:21,2026-02-23 07:17:21
1731,750,424,2026-05-10 11:03:38,2026-05-10 11:03:38,2026-05-10 11:03:38
1732,869,134,2025-10-15 06:16:36,2025-10-15 06:16:36,2025-10-15 06:16:36
1733,865,534,2025-09-27 19:09:33,2025-09-27 19:09:33,2025-09-27 19:09:33
1734,841,357,2025-09-01 21:25:22,2025-09-01 21:25:22,2025-09-01 21:25:22
1735,593,537,2026-01-03 22:07:22,2026-01-03 22:07:22,2026-01-03 22:07:22
1736,365,516,2025-08-27 05:28:15,2025-08-27 05:28:15,2025-08-27 05:28:15
1737,328,222,2026-04-28 10:11:21,2026-04-28 10:11:21,2026-04-28 10:11:21
1738,952,593,2025-08-13 02:25:08,2025-08-13 02:25:08,2025-08-13 02:25:08
1739,653,317,2026-05-18 23:05:18,2026-05-18 23:05:18,2026-05-18 23:05:18
1740,996,22,2026-03-30 21:34:10,2026-03-30 21:34:10,2026-03-30 21:34:10
1741,836,327,2026-04-28 09:35:55,2026-04-28 09:35:55,2026-04-28 09:35:55
1742,153,244,2026-04-22 14:27:02,2026-04-22 14:27:02,2026-04-22 14:27:02
1743,601,95,2025-12-26 08:38:15,2025-12-26 08:38:15,2025-12-26 08:38:15
1744,140,332,2025-12-29 03:58:38,2025-12-29 03:58:38,2025-12-29 03:58:38
1745,348,213,2025-11-08 09:34:38,2025-11-08 09:34:38,2025-11-08 09:34:38
1746,623,483,2025-12-26 06:10:13,2025-12-26 06:10:13,2025-12-26 06:10:13
1747,669,338,2026-03-12 04:54:26,2026-03-12 04:54:26,2026-03-12 04:54:26
1748,108,486,2025-10-06 08:30:11,2025-10-06 08:30:11,2025-10-06 08:30:11
1749,268,276,2026-03-10 20:38:06,2026-03-10 20:38:06,2026-03-10 20:38:06
1750,489,129,2025-12-13 13:05:31,2025-12-13 13:05:31,2025-12-13 13:05:31
1751,7,76,2025-06-26 05:28:58,2025-06-26 05:28:58,2025-06-26 05:28:58
1752,527,301,2025-07-05 09:10:42,2025-07-05 09:10:42,2025-07-05 09:10:42
1753,806,512,2026-04-24 17:34:58,2026-04-24 17:34:58,2026-04-24 17:34:58
1754,771,69,2025-11-09 06:14:17,2025-11-09 06:14:17,2025-11-09 06:14:17
1755,590,449,2025-11-16 23:47:43,2025-11-16 23:47:43,2025-11-16 23:47:43
1756,317,385,2026-05-20 13:26:21,2026-05-20 13:26:21,2026-05-20 13:26:21
1757,622,472,2026-04-23 13:46:54,2026-04-23 13:46:54,2026-04-23 13:46:54
1758,49,451,2026-02-23 09:45:20,2026-02-23 09:45:20,2026-02-23 09:45:20
1759,861,246,2025-07-03 18:35:12,2025-07-03 18:35:12,2025-07-03 18:35:12
1760,311,10,2025-11-25 07:48:58,2025-11-25 07:48:58,2025-11-25 07:48:58
1761,664,414,2026-04-22 12:52:12,2026-04-22 12:52:12,2026-04-22 12:52:12
1762,864,348,2026-02-17 23:02:38,2026-02-17 23:02:38,2026-02-17 23:02:38
1763,934,172,2025-10-13 01:03:57,2025-10-13 01:03:57,2025-10-13 01:03:57
1764,830,281,2025-11-04 05:10:10,2025-11-04 05:10:10,2025-11-04 05:10:10
1765,265,90,2025-12-14 21:15:30,2025-12-14 21:15:30,2025-12-14 21:15:30
1766,473,599,2025-06-22 12:00:44,2025-06-22 12:00:44,2025-06-22 12:00:44
1767,832,282,2025-06-17 11:40:18,2025-06-17 11:40:18,2025-06-17 11:40:18
1768,365,490,2025-06-07 07:56:15,2025-06-07 07:56:15,2025-06-07 07:56:15
1769,869,214,2025-11-10 01:45:58,2025-11-10 01:45:58,2025-11-10 01:45:58
1770,874,206,2026-05-06 18:25:57,2026-05-06 18:25:57,2026-05-06 18:25:57
1771,461,145,2026-01-17 04:30:42,2026-01-17 04:30:42,2026-01-17 04:30:42
1772,816,426,2025-07-27 21:26:57,2025-07-27 21:26:57,2025-07-27 21:26:57
1773,925,251,2025-12-27 08:16:54,2025-12-27 08:16:54,2025-12-27 08:16:54
1774,695,83,2025-10-31 05:08:17,2025-10-31 05:08:17,2025-10-31 05:08:17
1775,651,300,2025-12-22 10:01:09,2025-12-22 10:01:09,2025-12-22 10:01:09
1776,498,56,2026-01-24 08:59:14,2026-01-24 08:59:14,2026-01-24 08:59:14
1777,844,1,2025-09-30 09:27:03,2025-09-30 09:27:03,2025-09-30 09:27:03
1778,514,307,2025-08-10 20:31:08,2025-08-10 20:31:08,2025-08-10 20:31:08
1779,463,189,2026-03-14 04:22:01,2026-03-14 04:22:01,2026-03-14 04:22:01
1780,959,493,2025-08-30 22:20:00,2025-08-30 22:20:00,2025-08-30 22:20:00
1781,189,479,2026-04-23 08:28:24,2026-04-23 08:28:24,2026-04-23 08:28:24
1782,49,284,2025-12-25 12:45:31,2025-12-25 12:45:31,2025-12-25 12:45:31
1783,736,168,2026-01-16 07:01:10,2026-01-16 07:01:10,2026-01-16 07:01:10
1784,598,82,2025-07-01 22:53:23,2025-07-01 22:53:23,2025-07-01 22:53:23
1785,830,80,2026-02-08 18:53:22,2026-02-08 18:53:22,2026-02-08 18:53:22
1786,124,244,2026-03-13 08:19:30,2026-03-13 08:19:30,2026-03-13 08:19:30
1787,563,129,2026-04-14 10:34:56,2026-04-14 10:34:56,2026-04-14 10:34:56
1788,204,522,2025-10-13 20:19:17,2025-10-13 20:19:17,2025-10-13 20:19:17
1789,127,403,2026-05-25 01:48:45,2026-05-25 01:48:45,2026-05-25 01:48:45
1790,505,425,2026-01-02 01:36:14,2026-01-02 01:36:14,2026-01-02 01:36:14
1791,50,63,2025-10-28 10:36:33,2025-10-28 10:36:33,2025-10-28 10:36:33
1792,104,7,2025-07-13 21:55:36,2025-07-13 21:55:36,2025-07-13 21:55:36
1793,317,204,2025-12-05 04:28:00,2025-12-05 04:28:00,2025-12-05 04:28:00
1794,779,84,2025-09-23 02:34:03,2025-09-23 02:34:03,2025-09-23 02:34:03
1795,247,20,2026-02-24 12:44:00,2026-02-24 12:44:00,2026-02-24 12:44:00
1796,465,198,2025-08-01 00:20:32,2025-08-01 00:20:32,2025-08-01 00:20:32
1797,145,346,2025-10-26 18:18:37,2025-10-26 18:18:37,2025-10-26 18:18:37
1798,851,378,2026-02-15 15:21:27,2026-02-15 15:21:27,2026-02-15 15:21:27
1799,539,600,2025-10-17 10:44:58,2025-10-17 10:44:58,2025-10-17 10:44:58
1800,905,140,2025-12-01 12:49:58,2025-12-01 12:49:58,2025-12-01 12:49:58
1801,856,254,2026-05-16 19:57:21,2026-05-16 19:57:21,2026-05-16 19:57:21
1802,687,209,2025-08-08 13:01:37,2025-08-08 13:01:37,2025-08-08 13:01:37
1803,43,325,2025-10-19 19:13:24,2025-10-19 19:13:24,2025-10-19 19:13:24
1804,722,496,2026-04-05 12:03:28,2026-04-05 12:03:28,2026-04-05 12:03:28
1805,972,540,2026-01-01 01:34:50,2026-01-01 01:34:50,2026-01-01 01:34:50
1806,857,537,2025-08-22 10:47:03,2025-08-22 10:47:03,2025-08-22 10:47:03
1807,933,120,2025-08-25 11:00:59,2025-08-25 11:00:59,2025-08-25 11:00:59
1808,272,182,2025-11-29 05:28:25,2025-11-29 05:28:25,2025-11-29 05:28:25
1809,621,463,2025-09-06 01:59:25,2025-09-06 01:59:25,2025-09-06 01:59:25
1810,777,307,2025-12-29 23:50:50,2025-12-29 23:50:50,2025-12-29 23:50:50
1811,574,298,2025-08-09 08:24:51,2025-08-09 08:24:51,2025-08-09 08:24:51
1812,150,366,2025-08-29 16:18:48,2025-08-29 16:18:48,2025-08-29 16:18:48
1813,662,525,2026-01-25 09:56:19,2026-01-25 09:56:19,2026-01-25 09:56:19
1814,424,409,2026-05-23 22:04:57,2026-05-23 22:04:57,2026-05-23 22:04:57
1815,833,211,2025-06-08 19:42:24,2025-06-08 19:42:24,2025-06-08 19:42:24
1816,712,283,2026-05-23 12:47:12,2026-05-23 12:47:12,2026-05-23 12:47:12
1817,668,36,2026-03-06 13:33:20,2026-03-06 13:33:20,2026-03-06 13:33:20
1818,939,354,2025-07-31 23:02:31,2025-07-31 23:02:31,2025-07-31 23:02:31
1819,985,478,2025-06-12 22:33:07,2025-06-12 22:33:07,2025-06-12 22:33:07
1820,987,514,2025-08-03 22:08:52,2025-08-03 22:08:52,2025-08-03 22:08:52
1821,297,266,2026-04-19 10:21:58,2026-04-19 10:21:58,2026-04-19 10:21:58
1822,370,58,2025-09-26 14:54:28,2025-09-26 14:54:28,2025-09-26 14:54:28
1823,510,214,2026-01-19 14:06:20,2026-01-19 14:06:20,2026-01-19 14:06:20
1824,552,90,2025-06-27 13:07:22,2025-06-27 13:07:22,2025-06-27 13:07:22
1825,115,453,2025-08-23 15:14:32,2025-08-23 15:14:32,2025-08-23 15:14:32
1826,492,463,2026-01-28 14:40:04,2026-01-28 14:40:04,2026-01-28 14:40:04
1827,240,202,2026-01-28 16:35:28,2026-01-28 16:35:28,2026-01-28 16:35:28
1828,135,362,2026-01-17 17:14:28,2026-01-17 17:14:28,2026-01-17 17:14:28
1829,868,353,2025-10-18 09:03:05,2025-10-18 09:03:05,2025-10-18 09:03:05
1830,767,265,2025-10-21 20:08:48,2025-10-21 20:08:48,2025-10-21 20:08:48
1831,931,483,2025-06-14 16:46:25,2025-06-14 16:46:25,2025-06-14 16:46:25
1832,589,552,2025-08-24 22:51:27,2025-08-24 22:51:27,2025-08-24 22:51:27
1833,860,77,2025-07-22 01:59:13,2025-07-22 01:59:13,2025-07-22 01:59:13
1834,884,373,2026-03-17 16:41:24,2026-03-17 16:41:24,2026-03-17 16:41:24
1835,290,583,2025-08-09 15:23:21,2025-08-09 15:23:21,2025-08-09 15:23:21
1836,5,575,2025-06-23 13:38:57,2025-06-23 13:38:57,2025-06-23 13:38:57
1837,884,362,2025-09-11 18:36:56,2025-09-11 18:36:56,2025-09-11 18:36:56
1838,669,266,2026-02-28 20:27:32,2026-02-28 20:27:32,2026-02-28 20:27:32
1839,531,144,2026-03-04 05:58:38,2026-03-04 05:58:38,2026-03-04 05:58:38
1840,514,509,2025-06-10 08:50:52,2025-06-10 08:50:52,2025-06-10 08:50:52
1841,650,438,2026-05-17 21:15:29,2026-05-17 21:15:29,2026-05-17 21:15:29
1842,531,183,2025-09-25 01:15:43,2025-09-25 01:15:43,2025-09-25 01:15:43
1843,790,255,2025-07-29 22:58:07,2025-07-29 22:58:07,2025-07-29 22:58:07
1844,892,138,2026-01-04 05:39:38,2026-01-04 05:39:38,2026-01-04 05:39:38
1845,342,286,2025-09-18 13:16:15,2025-09-18 13:16:15,2025-09-18 13:16:15
1846,745,368,2026-05-20 09:34:47,2026-05-20 09:34:47,2026-05-20 09:34:47
1847,755,570,2026-05-06 05:45:34,2026-05-06 05:45:34,2026-05-06 05:45:34
1848,991,130,2026-04-18 04:20:00,2026-04-18 04:20:00,2026-04-18 04:20:00
1849,857,355,2025-08-04 03:46:14,2025-08-04 03:46:14,2025-08-04 03:46:14
1850,365,357,2026-04-28 23:32:03,2026-04-28 23:32:03,2026-04-28 23:32:03
1851,745,137,2026-03-16 10:57:03,2026-03-16 10:57:03,2026-03-16 10:57:03
1852,338,44,2026-02-12 16:25:18,2026-02-12 16:25:18,2026-02-12 16:25:18
1853,446,90,2025-08-10 20:24:07,2025-08-10 20:24:07,2025-08-10 20:24:07
1854,657,20,2026-04-24 22:53:17,2026-04-24 22:53:17,2026-04-24 22:53:17
1855,215,260,2025-08-31 04:19:09,2025-08-31 04:19:09,2025-08-31 04:19:09
1856,36,450,2025-11-19 04:13:56,2025-11-19 04:13:56,2025-11-19 04:13:56
1857,146,342,2025-08-30 00:48:18,2025-08-30 00:48:18,2025-08-30 00:48:18
1858,716,206,2025-07-24 19:39:18,2025-07-24 19:39:18,2025-07-24 19:39:18
1859,279,233,2025-12-04 08:06:36,2025-12-04 08:06:36,2025-12-04 08:06:36
1860,487,384,2026-01-07 18:47:06,2026-01-07 18:47:06,2026-01-07 18:47:06
1861,115,55,2026-04-30 23:07:19,2026-04-30 23:07:19,2026-04-30 23:07:19
1862,786,141,2026-05-05 11:52:29,2026-05-05 11:52:29,2026-05-05 11:52:29
1863,968,597,2025-08-17 13:17:35,2025-08-17 13:17:35,2025-08-17 13:17:35
1864,242,459,2026-01-10 00:11:54,2026-01-10 00:11:54,2026-01-10 00:11:54
1865,510,238,2026-03-21 13:16:11,2026-03-21 13:16:11,2026-03-21 13:16:11
1866,520,174,2026-05-27 03:32:12,2026-05-27 03:32:12,2026-05-27 03:32:12
1867,467,28,2026-04-13 15:06:29,2026-04-13 15:06:29,2026-04-13 15:06:29
1868,768,137,2025-10-10 09:28:17,2025-10-10 09:28:17,2025-10-10 09:28:17
1869,284,212,2025-06-27 16:52:18,2025-06-27 16:52:18,2025-06-27 16:52:18
1870,218,472,2025-12-19 22:42:47,2025-12-19 22:42:47,2025-12-19 22:42:47
1871,185,41,2025-06-07 14:17:44,2025-06-07 14:17:44,2025-06-07 14:17:44
1872,194,67,2026-03-12 08:34:56,2026-03-12 08:34:56,2026-03-12 08:34:56
1873,261,428,2025-09-23 19:32:47,2025-09-23 19:32:47,2025-09-23 19:32:47
1874,102,118,2025-12-18 20:23:45,2025-12-18 20:23:45,2025-12-18 20:23:45
1875,324,596,2025-10-18 22:59:18,2025-10-18 22:59:18,2025-10-18 22:59:18
1876,653,154,2025-11-26 19:12:11,2025-11-26 19:12:11,2025-11-26 19:12:11
1877,623,34,2026-04-24 04:53:27,2026-04-24 04:53:27,2026-04-24 04:53:27
1878,723,195,2025-11-25 15:31:42,2025-11-25 15:31:42,2025-11-25 15:31:42
1879,726,174,2025-07-04 05:20:17,2025-07-04 05:20:17,2025-07-04 05:20:17
1880,271,496,2026-01-24 09:40:42,2026-01-24 09:40:42,2026-01-24 09:40:42
1881,808,470,2026-03-08 23:46:53,2026-03-08 23:46:53,2026-03-08 23:46:53
1882,284,299,2026-03-30 11:25:09,2026-03-30 11:25:09,2026-03-30 11:25:09
1883,301,588,2025-09-07 05:04:31,2025-09-07 05:04:31,2025-09-07 05:04:31
1884,437,485,2025-10-04 06:23:52,2025-10-04 06:23:52,2025-10-04 06:23:52
1885,845,98,2026-03-23 22:08:27,2026-03-23 22:08:27,2026-03-23 22:08:27
1886,768,111,2025-07-02 23:46:20,2025-07-02 23:46:20,2025-07-02 23:46:20
1887,442,445,2025-10-10 07:48:25,2025-10-10 07:48:25,2025-10-10 07:48:25
1888,921,255,2026-04-12 17:21:25,2026-04-12 17:21:25,2026-04-12 17:21:25
1889,249,370,2025-08-09 06:24:31,2025-08-09 06:24:31,2025-08-09 06:24:31
1890,289,153,2025-12-22 15:05:06,2025-12-22 15:05:06,2025-12-22 15:05:06
1891,757,498,2026-04-02 03:37:07,2026-04-02 03:37:07,2026-04-02 03:37:07
1892,214,42,2025-10-07 16:04:14,2025-10-07 16:04:14,2025-10-07 16:04:14
1893,424,140,2026-05-22 18:01:41,2026-05-22 18:01:41,2026-05-22 18:01:41
1894,883,385,2026-01-28 23:23:07,2026-01-28 23:23:07,2026-01-28 23:23:07
1895,767,461,2025-10-16 10:23:47,2025-10-16 10:23:47,2025-10-16 10:23:47
1896,437,592,2026-03-13 01:48:45,2026-03-13 01:48:45,2026-03-13 01:48:45
1897,773,594,2025-09-08 08:55:24,2025-09-08 08:55:24,2025-09-08 08:55:24
1898,776,62,2025-11-04 05:42:42,2025-11-04 05:42:42,2025-11-04 05:42:42
1899,839,51,2026-01-04 02:34:46,2026-01-04 02:34:46,2026-01-04 02:34:46
1900,852,413,2025-10-30 06:02:57,2025-10-30 06:02:57,2025-10-30 06:02:57
1901,608,343,2025-08-01 04:16:20,2025-08-01 04:16:20,2025-08-01 04:16:20
1902,463,220,2025-06-24 09:57:27,2025-06-24 09:57:27,2025-06-24 09:57:27
1903,283,49,2025-08-05 06:58:53,2025-08-05 06:58:53,2025-08-05 06:58:53
1904,293,121,2026-05-23 17:45:39,2026-05-23 17:45:39,2026-05-23 17:45:39
1905,882,359,2026-04-04 08:54:23,2026-04-04 08:54:23,2026-04-04 08:54:23
1906,28,232,2025-07-01 04:59:12,2025-07-01 04:59:12,2025-07-01 04:59:12
1907,603,220,2025-11-22 16:27:14,2025-11-22 16:27:14,2025-11-22 16:27:14
1908,696,182,2025-08-20 21:03:59,2025-08-20 21:03:59,2025-08-20 21:03:59
1909,71,332,2025-06-28 08:45:10,2025-06-28 08:45:10,2025-06-28 08:45:10
1910,604,313,2026-03-20 11:48:51,2026-03-20 11:48:51,2026-03-20 11:48:51
1911,857,490,2025-07-24 15:11:55,2025-07-24 15:11:55,2025-07-24 15:11:55
1912,381,448,2026-01-17 03:56:37,2026-01-17 03:56:37,2026-01-17 03:56:37
1913,227,422,2026-01-27 11:43:45,2026-01-27 11:43:45,2026-01-27 11:43:45
1914,172,187,2025-08-02 01:45:28,2025-08-02 01:45:28,2025-08-02 01:45:28
1915,221,373,2025-09-03 19:47:11,2025-09-03 19:47:11,2025-09-03 19:47:11
1916,1,497,2025-11-27 18:15:32,2025-11-27 18:15:32,2025-11-27 18:15:32
1917,354,154,2025-12-05 19:23:16,2025-12-05 19:23:16,2025-12-05 19:23:16
1918,510,444,2026-05-28 05:25:53,2026-05-28 05:25:53,2026-05-28 05:25:53
1919,21,260,2026-03-03 08:53:55,2026-03-03 08:53:55,2026-03-03 08:53:55
1920,932,562,2025-09-21 17:20:58,2025-09-21 17:20:58,2025-09-21 17:20:58
1921,66,450,2026-04-05 08:22:02,2026-04-05 08:22:02,2026-04-05 08:22:02
1922,656,446,2025-10-24 08:22:53,2025-10-24 08:22:53,2025-10-24 08:22:53
1923,240,366,2025-08-13 17:37:42,2025-08-13 17:37:42,2025-08-13 17:37:42
1924,661,408,2025-12-12 11:35:38,2025-12-12 11:35:38,2025-12-12 11:35:38
1925,758,66,2026-03-16 03:59:00,2026-03-16 03:59:00,2026-03-16 03:59:00
1926,34,514,2025-11-16 21:25:52,2025-11-16 21:25:52,2025-11-16 21:25:52
1927,201,126,2025-11-15 12:11:55,2025-11-15 12:11:55,2025-11-15 12:11:55
1928,811,563,2025-07-16 10:27:08,2025-07-16 10:27:08,2025-07-16 10:27:08
1929,233,62,2025-12-29 20:42:30,2025-12-29 20:42:30,2025-12-29 20:42:30
1930,357,534,2025-08-08 21:21:33,2025-08-08 21:21:33,2025-08-08 21:21:33
1931,407,472,2025-07-03 02:26:42,2025-07-03 02:26:42,2025-07-03 02:26:42
1932,655,126,2025-10-22 20:13:48,2025-10-22 20:13:48,2025-10-22 20:13:48
1933,865,315,2026-04-17 09:09:14,2026-04-17 09:09:14,2026-04-17 09:09:14
1934,291,193,2026-03-24 00:16:26,2026-03-24 00:16:26,2026-03-24 00:16:26
1935,953,564,2026-05-17 06:59:22,2026-05-17 06:59:22,2026-05-17 06:59:22
1936,907,408,2025-08-03 11:19:20,2025-08-03 11:19:20,2025-08-03 11:19:20
1937,502,408,2025-12-28 15:41:47,2025-12-28 15:41:47,2025-12-28 15:41:47
1938,355,227,2025-09-07 11:19:44,2025-09-07 11:19:44,2025-09-07 11:19:44
1939,417,46,2025-11-22 14:57:36,2025-11-22 14:57:36,2025-11-22 14:57:36
1940,771,516,2025-09-06 07:11:18,2025-09-06 07:11:18,2025-09-06 07:11:18
1941,113,159,2025-07-31 13:03:57,2025-07-31 13:03:57,2025-07-31 13:03:57
1942,740,538,2026-05-04 12:32:39,2026-05-04 12:32:39,2026-05-04 12:32:39
1943,484,207,2026-01-25 08:10:58,2026-01-25 08:10:58,2026-01-25 08:10:58
1944,603,162,2025-07-03 04:50:31,2025-07-03 04:50:31,2025-07-03 04:50:31
1945,220,109,2025-12-17 20:53:38,2025-12-17 20:53:38,2025-12-17 20:53:38
1946,130,294,2025-12-04 04:35:58,2025-12-04 04:35:58,2025-12-04 04:35:58
1947,202,186,2026-01-14 12:27:45,2026-01-14 12:27:45,2026-01-14 12:27:45
1948,954,91,2026-01-22 16:53:36,2026-01-22 16:53:36,2026-01-22 16:53:36
1949,876,376,2025-12-15 05:40:35,2025-12-15 05:40:35,2025-12-15 05:40:35
1950,946,100,2026-04-12 11:48:21,2026-04-12 11:48:21,2026-04-12 11:48:21
1951,710,27,2026-01-03 20:21:09,2026-01-03 20:21:09,2026-01-03 20:21:09
1952,132,229,2026-01-09 14:56:10,2026-01-09 14:56:10,2026-01-09 14:56:10
1953,702,268,2025-06-10 14:27:21,2025-06-10 14:27:21,2025-06-10 14:27:21
1954,869,196,2025-11-06 07:08:52,2025-11-06 07:08:52,2025-11-06 07:08:52
1955,989,503,2025-11-11 20:00:57,2025-11-11 20:00:57,2025-11-11 20:00:57
1956,504,1,2025-12-30 02:25:50,2025-12-30 02:25:50,2025-12-30 02:25:50
1957,912,193,2025-10-22 15:44:54,2025-10-22 15:44:54,2025-10-22 15:44:54
1958,409,135,2026-05-15 02:16:27,2026-05-15 02:16:27,2026-05-15 02:16:27
1959,890,441,2026-04-18 10:17:26,2026-04-18 10:17:26,2026-04-18 10:17:26
1960,596,131,2026-04-21 14:40:59,2026-04-21 14:40:59,2026-04-21 14:40:59
1961,858,378,2026-02-26 20:29:18,2026-02-26 20:29:18,2026-02-26 20:29:18
1962,907,292,2025-09-11 00:59:28,2025-09-11 00:59:28,2025-09-11 00:59:28
1963,641,595,2026-03-20 08:12:48,2026-03-20 08:12:48,2026-03-20 08:12:48
1964,52,339,2026-05-02 10:23:47,2026-05-02 10:23:47,2026-05-02 10:23:47
1965,671,99,2025-10-21 21:06:06,2025-10-21 21:06:06,2025-10-21 21:06:06
1966,691,256,2025-07-29 07:12:24,2025-07-29 07:12:24,2025-07-29 07:12:24
1967,488,237,2026-01-22 22:26:27,2026-01-22 22:26:27,2026-01-22 22:26:27
1968,773,464,2026-03-14 07:22:26,2026-03-14 07:22:26,2026-03-14 07:22:26
1969,142,465,2025-08-03 13:29:13,2025-08-03 13:29:13,2025-08-03 13:29:13
1970,246,381,2026-03-19 05:56:05,2026-03-19 05:56:05,2026-03-19 05:56:05
1971,646,468,2026-02-06 03:25:59,2026-02-06 03:25:59,2026-02-06 03:25:59
1972,959,93,2025-06-30 09:24:55,2025-06-30 09:24:55,2025-06-30 09:24:55
1973,546,44,2025-10-15 18:37:25,2025-10-15 18:37:25,2025-10-15 18:37:25
1974,814,277,2025-11-07 18:46:13,2025-11-07 18:46:13,2025-11-07 18:46:13
1975,959,415,2026-04-26 01:10:11,2026-04-26 01:10:11,2026-04-26 01:10:11
1976,274,177,2025-12-09 19:12:24,2025-12-09 19:12:24,2025-12-09 19:12:24
1977,307,17,2026-05-31 21:26:51,2026-05-31 21:26:51,2026-05-31 21:26:51
1978,229,125,2026-03-27 03:33:14,2026-03-27 03:33:14,2026-03-27 03:33:14
1979,566,136,2026-02-02 13:37:56,2026-02-02 13:37:56,2026-02-02 13:37:56
1980,358,311,2025-07-15 09:25:05,2025-07-15 09:25:05,2025-07-15 09:25:05
1981,882,63,2026-03-20 10:28:09,2026-03-20 10:28:09,2026-03-20 10:28:09
1982,946,169,2026-02-05 04:25:25,2026-02-05 04:25:25,2026-02-05 04:25:25
1983,801,81,2025-12-06 03:30:08,2025-12-06 03:30:08,2025-12-06 03:30:08
1984,664,32,2025-10-30 12:42:11,2025-10-30 12:42:11,2025-10-30 12:42:11
1985,703,509,2026-01-23 16:41:36,2026-01-23 16:41:36,2026-01-23 16:41:36
1986,374,499,2026-03-21 19:57:03,2026-03-21 19:57:03,2026-03-21 19:57:03
1987,968,220,2026-05-25 08:13:31,2026-05-25 08:13:31,2026-05-25 08:13:31
1988,402,105,2025-06-16 06:33:51,2025-06-16 06:33:51,2025-06-16 06:33:51
1989,91,85,2026-03-22 22:24:27,2026-03-22 22:24:27,2026-03-22 22:24:27
1990,284,387,2026-03-15 02:11:50,2026-03-15 02:11:50,2026-03-15 02:11:50
1991,271,600,2026-01-08 03:26:19,2026-01-08 03:26:19,2026-01-08 03:26:19
1992,534,506,2026-01-04 17:29:41,2026-01-04 17:29:41,2026-01-04 17:29:41
1993,111,222,2026-05-08 00:40:35,2026-05-08 00:40:35,2026-05-08 00:40:35
1994,243,16,2026-04-04 03:28:00,2026-04-04 03:28:00,2026-04-04 03:28:00
1995,709,501,2026-05-05 09:37:48,2026-05-05 09:37:48,2026-05-05 09:37:48
1996,70,295,2025-10-06 12:29:27,2025-10-06 12:29:27,2025-10-06 12:29:27
1997,585,276,2025-06-29 06:06:33,2025-06-29 06:06:33,2025-06-29 06:06:33
1998,781,392,2026-02-18 19:20:40,2026-02-18 19:20:40,2026-02-18 19:20:40
1999,198,107,2026-04-29 04:56:06,2026-04-29 04:56:06,2026-04-29 04:56:06
2000,994,99,2025-10-11 16:15:05,2025-10-11 16:15:05,2025-10-11 16:15:05
2001,654,125,2026-05-25 22:11:06,2026-05-25 22:11:06,2026-05-25 22:11:06
2002,633,544,2025-11-16 02:24:26,2025-11-16 02:24:26,2025-11-16 02:24:26
2003,103,368,2026-02-05 23:21:44,2026-02-05 23:21:44,2026-02-05 23:21:44
2004,739,373,2025-12-28 13:23:58,2025-12-28 13:23:58,2025-12-28 13:23:58
2005,222,120,2025-11-27 06:49:38,2025-11-27 06:49:38,2025-11-27 06:49:38
2006,722,458,2025-06-08 12:43:56,2025-06-08 12:43:56,2025-06-08 12:43:56
2007,144,297,2026-05-14 18:42:49,2026-05-14 18:42:49,2026-05-14 18:42:49
2008,237,557,2026-05-15 21:05:14,2026-05-15 21:05:14,2026-05-15 21:05:14
2009,92,415,2025-10-12 09:45:43,2025-10-12 09:45:43,2025-10-12 09:45:43
2010,853,79,2025-08-15 18:10:00,2025-08-15 18:10:00,2025-08-15 18:10:00
2011,747,345,2026-04-27 03:50:04,2026-04-27 03:50:04,2026-04-27 03:50:04
2012,217,104,2025-10-23 12:32:41,2025-10-23 12:32:41,2025-10-23 12:32:41
2013,763,177,2026-04-04 17:57:54,2026-04-04 17:57:54,2026-04-04 17:57:54
2014,920,104,2026-03-04 08:26:36,2026-03-04 08:26:36,2026-03-04 08:26:36
2015,251,350,2026-03-04 00:20:09,2026-03-04 00:20:09,2026-03-04 00:20:09
2016,72,424,2025-11-23 06:58:52,2025-11-23 06:58:52,2025-11-23 06:58:52
2017,147,9,2026-01-18 06:59:19,2026-01-18 06:59:19,2026-01-18 06:59:19
2018,709,74,2026-05-03 12:03:37,2026-05-03 12:03:37,2026-05-03 12:03:37
2019,702,241,2026-05-14 17:43:35,2026-05-14 17:43:35,2026-05-14 17:43:35
2020,105,544,2025-08-15 11:02:23,2025-08-15 11:02:23,2025-08-15 11:02:23
2021,78,125,2025-12-02 06:15:59,2025-12-02 06:15:59,2025-12-02 06:15:59
2022,608,472,2025-11-16 05:52:03,2025-11-16 05:52:03,2025-11-16 05:52:03
2023,143,243,2025-08-28 13:03:30,2025-08-28 13:03:30,2025-08-28 13:03:30
2024,799,130,2026-01-24 18:40:03,2026-01-24 18:40:03,2026-01-24 18:40:03
2025,398,350,2026-01-25 08:08:10,2026-01-25 08:08:10,2026-01-25 08:08:10
2026,787,251,2026-05-20 13:40:47,2026-05-20 13:40:47,2026-05-20 13:40:47
2027,399,505,2026-01-17 18:51:20,2026-01-17 18:51:20,2026-01-17 18:51:20
2028,51,80,2026-03-27 12:22:43,2026-03-27 12:22:43,2026-03-27 12:22:43
2029,435,38,2025-12-10 10:27:01,2025-12-10 10:27:01,2025-12-10 10:27:01
2030,984,448,2025-12-15 18:18:35,2025-12-15 18:18:35,2025-12-15 18:18:35
2031,127,270,2025-08-01 07:02:21,2025-08-01 07:02:21,2025-08-01 07:02:21
2032,771,281,2026-04-24 19:05:09,2026-04-24 19:05:09,2026-04-24 19:05:09
2033,909,155,2025-09-30 00:14:37,2025-09-30 00:14:37,2025-09-30 00:14:37
2034,79,189,2026-02-20 03:42:52,2026-02-20 03:42:52,2026-02-20 03:42:52
2035,51,255,2025-10-03 05:17:00,2025-10-03 05:17:00,2025-10-03 05:17:00
2036,905,480,2026-03-30 18:32:46,2026-03-30 18:32:46,2026-03-30 18:32:46
2037,198,396,2025-08-06 13:55:44,2025-08-06 13:55:44,2025-08-06 13:55:44
2038,252,556,2025-11-05 13:13:05,2025-11-05 13:13:05,2025-11-05 13:13:05
2039,652,516,2026-05-07 02:51:44,2026-05-07 02:51:44,2026-05-07 02:51:44
2040,244,189,2025-07-26 17:44:28,2025-07-26 17:44:28,2025-07-26 17:44:28
2041,638,578,2025-10-03 18:34:35,2025-10-03 18:34:35,2025-10-03 18:34:35
2042,347,382,2026-05-11 13:32:00,2026-05-11 13:32:00,2026-05-11 13:32:00
2043,603,86,2026-05-28 07:34:19,2026-05-28 07:34:19,2026-05-28 07:34:19
2044,723,234,2025-12-18 21:20:19,2025-12-18 21:20:19,2025-12-18 21:20:19
2045,315,264,2025-12-02 15:41:08,2025-12-02 15:41:08,2025-12-02 15:41:08
2046,960,19,2025-11-24 04:15:49,2025-11-24 04:15:49,2025-11-24 04:15:49
2047,311,581,2026-01-27 11:06:10,2026-01-27 11:06:10,2026-01-27 11:06:10
2048,439,394,2025-08-22 06:31:24,2025-08-22 06:31:24,2025-08-22 06:31:24
2049,502,543,2025-12-09 04:30:29,2025-12-09 04:30:29,2025-12-09 04:30:29
2050,931,328,2026-01-15 19:57:54,2026-01-15 19:57:54,2026-01-15 19:57:54
2051,634,37,2025-12-27 01:45:58,2025-12-27 01:45:58,2025-12-27 01:45:58
2052,245,563,2026-03-28 08:33:02,2026-03-28 08:33:02,2026-03-28 08:33:02
2053,54,389,2026-02-17 22:34:09,2026-02-17 22:34:09,2026-02-17 22:34:09
2054,37,189,2025-12-26 21:54:22,2025-12-26 21:54:22,2025-12-26 21:54:22
2055,344,139,2025-10-28 00:35:53,2025-10-28 00:35:53,2025-10-28 00:35:53
2056,412,416,2026-03-26 05:54:07,2026-03-26 05:54:07,2026-03-26 05:54:07
2057,474,33,2026-04-15 01:49:05,2026-04-15 01:49:05,2026-04-15 01:49:05
2058,105,317,2025-08-31 06:41:17,2025-08-31 06:41:17,2025-08-31 06:41:17
2059,964,528,2026-05-19 09:37:45,2026-05-19 09:37:45,2026-05-19 09:37:45
2060,833,92,2025-09-06 02:38:01,2025-09-06 02:38:01,2025-09-06 02:38:01
2061,457,222,2025-10-22 03:20:01,2025-10-22 03:20:01,2025-10-22 03:20:01
2062,81,394,2025-07-04 07:15:09,2025-07-04 07:15:09,2025-07-04 07:15:09
2063,768,535,2025-11-01 09:21:50,2025-11-01 09:21:50,2025-11-01 09:21:50
2064,872,22,2026-01-04 17:21:55,2026-01-04 17:21:55,2026-01-04 17:21:55
2065,938,441,2025-11-22 11:37:13,2025-11-22 11:37:13,2025-11-22 11:37:13
2066,287,430,2026-03-01 06:23:28,2026-03-01 06:23:28,2026-03-01 06:23:28
2067,668,391,2025-10-31 05:49:35,2025-10-31 05:49:35,2025-10-31 05:49:35
2068,872,14,2026-02-17 03:49:23,2026-02-17 03:49:23,2026-02-17 03:49:23
2069,173,68,2026-02-22 06:54:01,2026-02-22 06:54:01,2026-02-22 06:54:01
2070,454,111,2025-08-29 03:47:08,2025-08-29 03:47:08,2025-08-29 03:47:08
2071,139,491,2026-01-18 16:19:37,2026-01-18 16:19:37,2026-01-18 16:19:37
2072,150,586,2026-04-09 07:12:18,2026-04-09 07:12:18,2026-04-09 07:12:18
2073,231,405,2026-05-08 23:20:50,2026-05-08 23:20:50,2026-05-08 23:20:50
2074,878,504,2025-07-02 04:53:26,2025-07-02 04:53:26,2025-07-02 04:53:26
2075,966,478,2025-09-02 21:04:40,2025-09-02 21:04:40,2025-09-02 21:04:40
2076,530,134,2025-12-22 19:38:38,2025-12-22 19:38:38,2025-12-22 19:38:38
2077,981,510,2025-10-25 17:41:34,2025-10-25 17:41:34,2025-10-25 17:41:34
2078,268,67,2025-07-06 04:54:02,2025-07-06 04:54:02,2025-07-06 04:54:02
2079,97,523,2026-03-24 06:05:38,2026-03-24 06:05:38,2026-03-24 06:05:38
2080,137,229,2025-08-27 16:00:33,2025-08-27 16:00:33,2025-08-27 16:00:33
2081,309,38,2025-10-01 02:04:59,2025-10-01 02:04:59,2025-10-01 02:04:59
2082,865,398,2025-11-05 21:03:18,2025-11-05 21:03:18,2025-11-05 21:03:18
2083,679,481,2025-12-22 00:41:12,2025-12-22 00:41:12,2025-12-22 00:41:12
2084,358,443,2026-05-21 05:52:14,2026-05-21 05:52:14,2026-05-21 05:52:14
2085,859,360,2025-07-07 23:20:23,2025-07-07 23:20:23,2025-07-07 23:20:23
2086,395,44,2025-08-18 21:06:23,2025-08-18 21:06:23,2025-08-18 21:06:23
2087,896,552,2026-05-15 01:28:45,2026-05-15 01:28:45,2026-05-15 01:28:45
2088,468,169,2025-12-11 11:41:52,2025-12-11 11:41:52,2025-12-11 11:41:52
2089,379,449,2026-03-05 23:05:22,2026-03-05 23:05:22,2026-03-05 23:05:22
2090,207,320,2025-10-16 05:01:24,2025-10-16 05:01:24,2025-10-16 05:01:24
2091,881,345,2026-04-01 15:48:49,2026-04-01 15:48:49,2026-04-01 15:48:49
2092,871,140,2025-06-15 09:19:49,2025-06-15 09:19:49,2025-06-15 09:19:49
2093,711,487,2026-04-07 00:27:13,2026-04-07 00:27:13,2026-04-07 00:27:13
2094,669,7,2025-12-29 13:08:09,2025-12-29 13:08:09,2025-12-29 13:08:09
2095,811,249,2025-12-18 22:42:49,2025-12-18 22:42:49,2025-12-18 22:42:49
2096,627,7,2025-07-23 06:55:34,2025-07-23 06:55:34,2025-07-23 06:55:34
2097,588,386,2025-10-17 06:15:21,2025-10-17 06:15:21,2025-10-17 06:15:21
2098,694,334,2026-04-27 03:26:43,2026-04-27 03:26:43,2026-04-27 03:26:43
2099,861,132,2025-10-17 18:30:42,2025-10-17 18:30:42,2025-10-17 18:30:42
2100,9,480,2026-01-04 13:32:02,2026-01-04 13:32:02,2026-01-04 13:32:02
2101,94,180,2025-06-13 22:16:14,2025-06-13 22:16:14,2025-06-13 22:16:14
2102,364,206,2025-10-14 21:54:30,2025-10-14 21:54:30,2025-10-14 21:54:30
2103,232,499,2026-03-15 12:52:36,2026-03-15 12:52:36,2026-03-15 12:52:36
2104,430,242,2025-10-05 09:16:48,2025-10-05 09:16:48,2025-10-05 09:16:48
2105,144,279,2026-05-12 17:08:36,2026-05-12 17:08:36,2026-05-12 17:08:36
2106,859,303,2025-08-16 08:44:55,2025-08-16 08:44:55,2025-08-16 08:44:55
2107,426,395,2026-01-15 02:18:37,2026-01-15 02:18:37,2026-01-15 02:18:37
2108,359,90,2025-09-01 11:03:29,2025-09-01 11:03:29,2025-09-01 11:03:29
2109,35,587,2025-06-13 23:58:22,2025-06-13 23:58:22,2025-06-13 23:58:22
2110,932,459,2025-08-21 22:13:37,2025-08-21 22:13:37,2025-08-21 22:13:37
2111,848,561,2026-05-21 23:10:51,2026-05-21 23:10:51,2026-05-21 23:10:51
2112,156,157,2025-06-17 21:08:31,2025-06-17 21:08:31,2025-06-17 21:08:31
2113,811,434,2026-03-13 02:09:12,2026-03-13 02:09:12,2026-03-13 02:09:12
2114,186,353,2026-03-05 20:34:43,2026-03-05 20:34:43,2026-03-05 20:34:43
2115,57,303,2025-07-02 17:47:18,2025-07-02 17:47:18,2025-07-02 17:47:18
2116,4,340,2025-10-25 15:29:20,2025-10-25 15:29:20,2025-10-25 15:29:20
2117,331,366,2025-08-04 02:42:03,2025-08-04 02:42:03,2025-08-04 02:42:03
2118,339,131,2025-10-12 12:14:05,2025-10-12 12:14:05,2025-10-12 12:14:05
2119,687,487,2025-06-10 10:24:46,2025-06-10 10:24:46,2025-06-10 10:24:46
2120,819,203,2025-12-22 05:47:54,2025-12-22 05:47:54,2025-12-22 05:47:54
2121,315,348,2025-10-12 06:25:05,2025-10-12 06:25:05,2025-10-12 06:25:05
2122,424,407,2025-10-05 11:42:06,2025-10-05 11:42:06,2025-10-05 11:42:06
2123,730,566,2025-12-06 04:21:44,2025-12-06 04:21:44,2025-12-06 04:21:44
2124,622,76,2025-08-02 16:37:12,2025-08-02 16:37:12,2025-08-02 16:37:12
2125,853,597,2025-10-04 20:04:32,2025-10-04 20:04:32,2025-10-04 20:04:32
2126,608,396,2025-12-21 16:07:20,2025-12-21 16:07:20,2025-12-21 16:07:20
2127,766,500,2025-08-01 23:47:13,2025-08-01 23:47:13,2025-08-01 23:47:13
2128,409,99,2025-10-11 09:18:29,2025-10-11 09:18:29,2025-10-11 09:18:29
2129,740,336,2025-08-18 04:10:23,2025-08-18 04:10:23,2025-08-18 04:10:23
2130,828,144,2025-12-26 23:59:09,2025-12-26 23:59:09,2025-12-26 23:59:09
2131,476,459,2026-05-11 20:13:55,2026-05-11 20:13:55,2026-05-11 20:13:55
2132,442,386,2026-02-21 16:02:58,2026-02-21 16:02:58,2026-02-21 16:02:58
2133,898,438,2026-03-13 17:47:02,2026-03-13 17:47:02,2026-03-13 17:47:02
2134,779,5,2026-01-15 04:16:37,2026-01-15 04:16:37,2026-01-15 04:16:37
2135,628,381,2026-02-26 14:34:05,2026-02-26 14:34:05,2026-02-26 14:34:05
2136,307,432,2025-06-29 19:05:09,2025-06-29 19:05:09,2025-06-29 19:05:09
2137,995,137,2025-06-18 04:16:40,2025-06-18 04:16:40,2025-06-18 04:16:40
2138,168,530,2025-06-20 17:32:44,2025-06-20 17:32:44,2025-06-20 17:32:44
2139,474,107,2026-01-07 20:54:21,2026-01-07 20:54:21,2026-01-07 20:54:21
2140,9,219,2026-04-09 17:59:50,2026-04-09 17:59:50,2026-04-09 17:59:50
2141,122,175,2025-08-17 20:45:47,2025-08-17 20:45:47,2025-08-17 20:45:47
2142,398,374,2026-05-12 10:19:02,2026-05-12 10:19:02,2026-05-12 10:19:02
2143,247,113,2025-11-20 14:26:55,2025-11-20 14:26:55,2025-11-20 14:26:55
2144,80,411,2025-09-14 17:58:17,2025-09-14 17:58:17,2025-09-14 17:58:17
2145,819,27,2025-08-21 17:44:26,2025-08-21 17:44:26,2025-08-21 17:44:26
2146,298,598,2026-03-15 07:03:04,2026-03-15 07:03:04,2026-03-15 07:03:04
2147,953,160,2026-03-01 13:08:55,2026-03-01 13:08:55,2026-03-01 13:08:55
2148,558,146,2026-05-21 04:29:16,2026-05-21 04:29:16,2026-05-21 04:29:16
2149,107,106,2026-01-16 21:40:11,2026-01-16 21:40:11,2026-01-16 21:40:11
2150,696,310,2025-09-02 17:52:57,2025-09-02 17:52:57,2025-09-02 17:52:57
2151,119,489,2026-03-23 15:09:14,2026-03-23 15:09:14,2026-03-23 15:09:14
2152,139,382,2026-02-26 07:23:25,2026-02-26 07:23:25,2026-02-26 07:23:25
2153,25,517,2025-06-21 18:51:32,2025-06-21 18:51:32,2025-06-21 18:51:32
2154,95,570,2026-01-11 03:38:33,2026-01-11 03:38:33,2026-01-11 03:38:33
2155,441,196,2025-06-28 08:26:01,2025-06-28 08:26:01,2025-06-28 08:26:01
2156,493,296,2025-10-10 06:01:59,2025-10-10 06:01:59,2025-10-10 06:01:59
2157,421,206,2026-01-20 17:33:26,2026-01-20 17:33:26,2026-01-20 17:33:26
2158,967,29,2026-04-16 14:41:58,2026-04-16 14:41:58,2026-04-16 14:41:58
2159,639,16,2026-04-05 15:05:55,2026-04-05 15:05:55,2026-04-05 15:05:55
2160,926,223,2026-01-14 15:45:19,2026-01-14 15:45:19,2026-01-14 15:45:19
2161,484,41,2025-09-14 01:23:34,2025-09-14 01:23:34,2025-09-14 01:23:34
2162,887,139,2026-02-06 19:34:53,2026-02-06 19:34:53,2026-02-06 19:34:53
2163,941,31,2025-10-20 23:31:24,2025-10-20 23:31:24,2025-10-20 23:31:24
2164,9,207,2025-11-05 09:28:27,2025-11-05 09:28:27,2025-11-05 09:28:27
2165,566,205,2026-05-23 22:43:17,2026-05-23 22:43:17,2026-05-23 22:43:17
2166,627,16,2025-12-01 23:54:42,2025-12-01 23:54:42,2025-12-01 23:54:42
2167,461,257,2025-06-28 16:45:55,2025-06-28 16:45:55,2025-06-28 16:45:55
2168,135,57,2026-02-14 02:58:07,2026-02-14 02:58:07,2026-02-14 02:58:07
2169,738,211,2026-05-12 07:52:15,2026-05-12 07:52:15,2026-05-12 07:52:15
2170,205,125,2026-01-20 08:04:05,2026-01-20 08:04:05,2026-01-20 08:04:05
2171,154,157,2025-08-21 00:11:31,2025-08-21 00:11:31,2025-08-21 00:11:31
2172,951,233,2025-09-06 14:46:20,2025-09-06 14:46:20,2025-09-06 14:46:20
2173,91,543,2025-09-25 15:56:31,2025-09-25 15:56:31,2025-09-25 15:56:31
2174,663,6,2026-03-08 18:48:56,2026-03-08 18:48:56,2026-03-08 18:48:56
2175,477,195,2025-07-04 01:18:11,2025-07-04 01:18:11,2025-07-04 01:18:11
2176,433,597,2025-12-15 01:07:23,2025-12-15 01:07:23,2025-12-15 01:07:23
2177,384,191,2025-08-07 07:21:41,2025-08-07 07:21:41,2025-08-07 07:21:41
2178,919,279,2026-06-01 08:01:36,2026-06-01 08:01:36,2026-06-01 08:01:36
2179,649,470,2025-07-21 04:49:02,2025-07-21 04:49:02,2025-07-21 04:49:02
2180,46,584,2025-08-30 14:31:53,2025-08-30 14:31:53,2025-08-30 14:31:53
2181,619,586,2026-01-08 13:09:41,2026-01-08 13:09:41,2026-01-08 13:09:41
2182,743,74,2026-05-12 15:44:30,2026-05-12 15:44:30,2026-05-12 15:44:30
2183,706,591,2025-07-08 10:28:38,2025-07-08 10:28:38,2025-07-08 10:28:38
2184,186,408,2026-04-22 20:51:46,2026-04-22 20:51:46,2026-04-22 20:51:46
2185,669,256,2025-07-05 14:11:47,2025-07-05 14:11:47,2025-07-05 14:11:47
2186,680,367,2026-01-17 20:18:19,2026-01-17 20:18:19,2026-01-17 20:18:19
2187,629,521,2026-01-02 06:25:32,2026-01-02 06:25:32,2026-01-02 06:25:32
2188,553,2,2025-09-12 02:50:10,2025-09-12 02:50:10,2025-09-12 02:50:10
2189,237,205,2026-04-26 20:24:59,2026-04-26 20:24:59,2026-04-26 20:24:59
2190,145,293,2025-06-10 16:30:51,2025-06-10 16:30:51,2025-06-10 16:30:51
2191,475,507,2026-05-09 07:10:16,2026-05-09 07:10:16,2026-05-09 07:10:16
2192,588,148,2026-02-28 11:02:40,2026-02-28 11:02:40,2026-02-28 11:02:40
2193,681,582,2026-01-15 05:46:26,2026-01-15 05:46:26,2026-01-15 05:46:26
2194,186,269,2026-01-17 07:15:13,2026-01-17 07:15:13,2026-01-17 07:15:13
2195,199,255,2025-10-06 08:18:08,2025-10-06 08:18:08,2025-10-06 08:18:08
2196,852,365,2026-02-08 06:04:50,2026-02-08 06:04:50,2026-02-08 06:04:50
2197,737,337,2025-11-25 22:52:28,2025-11-25 22:52:28,2025-11-25 22:52:28
2198,191,118,2025-06-13 03:48:49,2025-06-13 03:48:49,2025-06-13 03:48:49
2199,709,222,2026-03-18 01:30:02,2026-03-18 01:30:02,2026-03-18 01:30:02
2200,695,511,2025-07-01 06:35:20,2025-07-01 06:35:20,2025-07-01 06:35:20
2201,714,51,2025-06-17 04:20:15,2025-06-17 04:20:15,2025-06-17 04:20:15
2202,914,555,2025-10-27 02:20:47,2025-10-27 02:20:47,2025-10-27 02:20:47
2203,16,110,2025-12-26 00:59:50,2025-12-26 00:59:50,2025-12-26 00:59:50
2204,224,334,2025-07-03 09:52:22,2025-07-03 09:52:22,2025-07-03 09:52:22
2205,882,444,2026-01-16 02:23:36,2026-01-16 02:23:36,2026-01-16 02:23:36
2206,905,306,2026-04-10 20:06:13,2026-04-10 20:06:13,2026-04-10 20:06:13
2207,337,37,2025-12-27 11:39:35,2025-12-27 11:39:35,2025-12-27 11:39:35
2208,194,457,2026-03-30 21:00:13,2026-03-30 21:00:13,2026-03-30 21:00:13
2209,999,339,2026-05-22 17:05:00,2026-05-22 17:05:00,2026-05-22 17:05:00
2210,2,97,2025-07-24 00:32:35,2025-07-24 00:32:35,2025-07-24 00:32:35
2211,384,67,2026-01-19 12:34:25,2026-01-19 12:34:25,2026-01-19 12:34:25
2212,60,69,2025-10-07 11:45:04,2025-10-07 11:45:04,2025-10-07 11:45:04
2213,733,414,2025-12-27 15:26:26,2025-12-27 15:26:26,2025-12-27 15:26:26
2214,722,275,2026-05-15 02:24:42,2026-05-15 02:24:42,2026-05-15 02:24:42
2215,889,181,2025-07-21 20:24:51,2025-07-21 20:24:51,2025-07-21 20:24:51
2216,451,24,2025-08-05 18:26:04,2025-08-05 18:26:04,2025-08-05 18:26:04
2217,803,468,2025-07-22 13:02:04,2025-07-22 13:02:04,2025-07-22 13:02:04
2218,897,132,2026-05-31 10:23:11,2026-05-31 10:23:11,2026-05-31 10:23:11
2219,168,596,2025-06-23 21:20:57,2025-06-23 21:20:57,2025-06-23 21:20:57
2220,299,28,2025-08-05 20:39:00,2025-08-05 20:39:00,2025-08-05 20:39:00
2221,382,190,2025-12-08 18:58:58,2025-12-08 18:58:58,2025-12-08 18:58:58
2222,136,378,2025-10-19 06:32:09,2025-10-19 06:32:09,2025-10-19 06:32:09
2223,862,17,2025-12-26 10:41:17,2025-12-26 10:41:17,2025-12-26 10:41:17
2224,417,128,2025-09-04 03:44:36,2025-09-04 03:44:36,2025-09-04 03:44:36
2225,547,63,2025-08-12 08:52:59,2025-08-12 08:52:59,2025-08-12 08:52:59
2226,600,16,2025-10-17 11:08:53,2025-10-17 11:08:53,2025-10-17 11:08:53
2227,81,383,2025-09-20 11:00:22,2025-09-20 11:00:22,2025-09-20 11:00:22
2228,738,549,2025-08-28 03:45:53,2025-08-28 03:45:53,2025-08-28 03:45:53
2229,536,182,2025-12-05 10:57:21,2025-12-05 10:57:21,2025-12-05 10:57:21
2230,396,20,2025-08-23 03:10:58,2025-08-23 03:10:58,2025-08-23 03:10:58
2231,358,206,2026-04-13 12:13:46,2026-04-13 12:13:46,2026-04-13 12:13:46
2232,303,543,2025-12-06 05:09:23,2025-12-06 05:09:23,2025-12-06 05:09:23
2233,789,186,2025-09-27 07:58:47,2025-09-27 07:58:47,2025-09-27 07:58:47
2234,580,204,2026-02-15 20:21:55,2026-02-15 20:21:55,2026-02-15 20:21:55
2235,169,159,2025-12-04 14:43:31,2025-12-04 14:43:31,2025-12-04 14:43:31
2236,495,578,2025-11-04 05:29:01,2025-11-04 05:29:01,2025-11-04 05:29:01
2237,486,435,2026-03-13 00:20:54,2026-03-13 00:20:54,2026-03-13 00:20:54
2238,774,482,2026-01-22 11:38:43,2026-01-22 11:38:43,2026-01-22 11:38:43
2239,412,432,2025-07-15 21:08:30,2025-07-15 21:08:30,2025-07-15 21:08:30
2240,207,55,2025-07-29 16:06:59,2025-07-29 16:06:59,2025-07-29 16:06:59
2241,472,306,2026-05-20 04:38:28,2026-05-20 04:38:28,2026-05-20 04:38:28
2242,922,132,2025-06-22 03:13:12,2025-06-22 03:13:12,2025-06-22 03:13:12
2243,230,77,2025-07-19 09:34:36,2025-07-19 09:34:36,2025-07-19 09:34:36
2244,726,141,2025-11-05 01:55:07,2025-11-05 01:55:07,2025-11-05 01:55:07
2245,95,338,2025-12-03 07:14:03,2025-12-03 07:14:03,2025-12-03 07:14:03
2246,571,506,2025-10-05 17:04:47,2025-10-05 17:04:47,2025-10-05 17:04:47
2247,674,166,2025-09-09 09:17:21,2025-09-09 09:17:21,2025-09-09 09:17:21
2248,705,503,2025-07-31 16:58:27,2025-07-31 16:58:27,2025-07-31 16:58:27
2249,562,221,2025-07-24 00:52:20,2025-07-24 00:52:20,2025-07-24 00:52:20
2250,681,128,2025-07-17 09:40:46,2025-07-17 09:40:46,2025-07-17 09:40:46
2251,189,24,2026-04-07 11:16:45,2026-04-07 11:16:45,2026-04-07 11:16:45
2252,302,361,2026-03-15 13:08:43,2026-03-15 13:08:43,2026-03-15 13:08:43
2253,108,360,2025-09-16 06:14:35,2025-09-16 06:14:35,2025-09-16 06:14:35
2254,829,235,2026-01-29 21:06:28,2026-01-29 21:06:28,2026-01-29 21:06:28
2255,720,197,2026-02-12 03:39:20,2026-02-12 03:39:20,2026-02-12 03:39:20
2256,26,231,2026-06-01 23:25:48,2026-06-01 23:25:48,2026-06-01 23:25:48
2257,995,75,2025-10-21 12:39:04,2025-10-21 12:39:04,2025-10-21 12:39:04
2258,354,193,2026-04-17 18:40:09,2026-04-17 18:40:09,2026-04-17 18:40:09
2259,728,99,2025-07-01 02:12:55,2025-07-01 02:12:55,2025-07-01 02:12:55
2260,716,503,2025-09-24 07:39:04,2025-09-24 07:39:04,2025-09-24 07:39:04
2261,635,89,2025-06-11 23:40:13,2025-06-11 23:40:13,2025-06-11 23:40:13
2262,198,572,2025-07-27 05:02:52,2025-07-27 05:02:52,2025-07-27 05:02:52
2263,329,234,2026-03-09 16:49:29,2026-03-09 16:49:29,2026-03-09 16:49:29
2264,960,152,2025-12-06 08:11:14,2025-12-06 08:11:14,2025-12-06 08:11:14
2265,608,505,2026-04-08 23:12:33,2026-04-08 23:12:33,2026-04-08 23:12:33
2266,261,294,2026-01-11 10:19:49,2026-01-11 10:19:49,2026-01-11 10:19:49
2267,52,497,2026-01-27 06:38:51,2026-01-27 06:38:51,2026-01-27 06:38:51
2268,338,470,2026-03-28 14:40:35,2026-03-28 14:40:35,2026-03-28 14:40:35
2269,971,317,2026-05-24 19:26:28,2026-05-24 19:26:28,2026-05-24 19:26:28
2270,84,510,2025-12-27 20:14:03,2025-12-27 20:14:03,2025-12-27 20:14:03
2271,379,342,2025-08-12 12:09:59,2025-08-12 12:09:59,2025-08-12 12:09:59
2272,769,332,2025-09-02 22:28:48,2025-09-02 22:28:48,2025-09-02 22:28:48
2273,871,235,2025-10-24 10:16:03,2025-10-24 10:16:03,2025-10-24 10:16:03
2274,158,280,2025-11-02 11:01:53,2025-11-02 11:01:53,2025-11-02 11:01:53
2275,232,117,2026-01-27 10:03:31,2026-01-27 10:03:31,2026-01-27 10:03:31
2276,371,531,2025-10-24 19:05:06,2025-10-24 19:05:06,2025-10-24 19:05:06
2277,173,188,2025-09-04 16:11:57,2025-09-04 16:11:57,2025-09-04 16:11:57
2278,736,477,2026-02-16 04:12:25,2026-02-16 04:12:25,2026-02-16 04:12:25
2279,413,35,2025-06-22 00:57:14,2025-06-22 00:57:14,2025-06-22 00:57:14
2280,210,559,2025-07-23 07:01:34,2025-07-23 07:01:34,2025-07-23 07:01:34
2281,638,60,2026-05-30 16:07:03,2026-05-30 16:07:03,2026-05-30 16:07:03
2282,280,364,2025-11-25 20:59:25,2025-11-25 20:59:25,2025-11-25 20:59:25
2283,898,277,2025-08-10 10:35:50,2025-08-10 10:35:50,2025-08-10 10:35:50
2284,10,23,2026-03-12 18:59:19,2026-03-12 18:59:19,2026-03-12 18:59:19
2285,762,217,2025-09-13 11:50:42,2025-09-13 11:50:42,2025-09-13 11:50:42
2286,66,351,2026-04-24 12:26:09,2026-04-24 12:26:09,2026-04-24 12:26:09
2287,900,43,2025-12-10 03:29:28,2025-12-10 03:29:28,2025-12-10 03:29:28
2288,152,568,2026-03-06 17:15:21,2026-03-06 17:15:21,2026-03-06 17:15:21
2289,668,342,2025-09-18 17:22:19,2025-09-18 17:22:19,2025-09-18 17:22:19
2290,544,546,2026-05-10 23:36:11,2026-05-10 23:36:11,2026-05-10 23:36:11
2291,849,7,2026-04-24 23:33:18,2026-04-24 23:33:18,2026-04-24 23:33:18
2292,484,344,2025-06-20 13:29:28,2025-06-20 13:29:28,2025-06-20 13:29:28
2293,749,57,2025-09-01 14:02:52,2025-09-01 14:02:52,2025-09-01 14:02:52
2294,398,154,2025-12-21 20:44:35,2025-12-21 20:44:35,2025-12-21 20:44:35
2295,528,299,2026-04-11 14:56:18,2026-04-11 14:56:18,2026-04-11 14:56:18
2296,644,567,2025-07-15 21:59:12,2025-07-15 21:59:12,2025-07-15 21:59:12
2297,124,61,2025-11-28 16:22:25,2025-11-28 16:22:25,2025-11-28 16:22:25
2298,687,569,2025-10-01 06:56:04,2025-10-01 06:56:04,2025-10-01 06:56:04
2299,661,100,2026-03-29 08:24:10,2026-03-29 08:24:10,2026-03-29 08:24:10
2300,94,192,2025-10-17 15:19:40,2025-10-17 15:19:40,2025-10-17 15:19:40
2301,913,474,2026-03-02 03:04:00,2026-03-02 03:04:00,2026-03-02 03:04:00
2302,355,59,2026-03-04 22:27:21,2026-03-04 22:27:21,2026-03-04 22:27:21
2303,264,50,2025-10-20 20:44:22,2025-10-20 20:44:22,2025-10-20 20:44:22
2304,674,128,2025-11-01 01:55:31,2025-11-01 01:55:31,2025-11-01 01:55:31
2305,871,157,2026-01-30 10:02:04,2026-01-30 10:02:04,2026-01-30 10:02:04
2306,756,72,2026-05-19 04:46:33,2026-05-19 04:46:33,2026-05-19 04:46:33
2307,34,358,2026-03-29 11:25:25,2026-03-29 11:25:25,2026-03-29 11:25:25
2308,300,324,2025-09-28 01:17:27,2025-09-28 01:17:27,2025-09-28 01:17:27
2309,46,575,2026-05-13 13:04:36,2026-05-13 13:04:36,2026-05-13 13:04:36
2310,731,29,2025-11-28 20:57:09,2025-11-28 20:57:09,2025-11-28 20:57:09
2311,18,179,2026-03-30 19:11:48,2026-03-30 19:11:48,2026-03-30 19:11:48
2312,637,137,2025-08-12 01:10:33,2025-08-12 01:10:33,2025-08-12 01:10:33
2313,598,190,2025-06-09 03:51:51,2025-06-09 03:51:51,2025-06-09 03:51:51
2314,196,50,2026-02-02 03:49:44,2026-02-02 03:49:44,2026-02-02 03:49:44
2315,743,508,2026-04-03 06:50:47,2026-04-03 06:50:47,2026-04-03 06:50:47
2316,833,453,2026-05-23 12:59:48,2026-05-23 12:59:48,2026-05-23 12:59:48
2317,879,80,2025-10-09 09:33:08,2025-10-09 09:33:08,2025-10-09 09:33:08
2318,324,410,2026-04-15 11:06:03,2026-04-15 11:06:03,2026-04-15 11:06:03
2319,714,520,2025-11-23 06:15:41,2025-11-23 06:15:41,2025-11-23 06:15:41
2320,661,386,2026-05-25 05:48:06,2026-05-25 05:48:06,2026-05-25 05:48:06
2321,531,148,2026-03-05 09:51:59,2026-03-05 09:51:59,2026-03-05 09:51:59
2322,538,469,2025-12-19 14:54:48,2025-12-19 14:54:48,2025-12-19 14:54:48
2323,813,19,2026-02-21 23:51:53,2026-02-21 23:51:53,2026-02-21 23:51:53
2324,231,13,2025-07-19 01:21:18,2025-07-19 01:21:18,2025-07-19 01:21:18
2325,576,550,2025-08-12 01:18:18,2025-08-12 01:18:18,2025-08-12 01:18:18
2326,176,301,2025-06-09 09:03:32,2025-06-09 09:03:32,2025-06-09 09:03:32
2327,958,107,2025-09-02 22:46:13,2025-09-02 22:46:13,2025-09-02 22:46:13
2328,173,41,2025-11-12 21:17:30,2025-11-12 21:17:30,2025-11-12 21:17:30
2329,676,243,2026-03-13 18:25:27,2026-03-13 18:25:27,2026-03-13 18:25:27
2330,33,73,2026-01-11 03:47:34,2026-01-11 03:47:34,2026-01-11 03:47:34
2331,357,515,2025-06-13 14:35:29,2025-06-13 14:35:29,2025-06-13 14:35:29
2332,161,373,2026-05-24 16:08:32,2026-05-24 16:08:32,2026-05-24 16:08:32
2333,499,585,2025-12-03 19:22:15,2025-12-03 19:22:15,2025-12-03 19:22:15
2334,301,342,2026-03-18 02:52:26,2026-03-18 02:52:26,2026-03-18 02:52:26
2335,183,34,2026-04-21 23:39:44,2026-04-21 23:39:44,2026-04-21 23:39:44
2336,39,367,2026-05-03 10:28:14,2026-05-03 10:28:14,2026-05-03 10:28:14
2337,222,200,2025-10-07 18:22:34,2025-10-07 18:22:34,2025-10-07 18:22:34
2338,414,480,2026-01-13 16:40:33,2026-01-13 16:40:33,2026-01-13 16:40:33
2339,773,42,2025-10-17 21:36:54,2025-10-17 21:36:54,2025-10-17 21:36:54
2340,149,203,2026-03-11 05:29:20,2026-03-11 05:29:20,2026-03-11 05:29:20
2341,322,345,2026-05-02 10:57:37,2026-05-02 10:57:37,2026-05-02 10:57:37
2342,170,469,2025-08-13 20:50:35,2025-08-13 20:50:35,2025-08-13 20:50:35
2343,745,550,2025-06-23 23:31:35,2025-06-23 23:31:35,2025-06-23 23:31:35
2344,826,12,2026-05-31 23:35:47,2026-05-31 23:35:47,2026-05-31 23:35:47
2345,999,459,2026-04-08 00:23:46,2026-04-08 00:23:46,2026-04-08 00:23:46
2346,3,325,2025-09-04 21:22:24,2025-09-04 21:22:24,2025-09-04 21:22:24
2347,416,7,2025-07-07 00:54:00,2025-07-07 00:54:00,2025-07-07 00:54:00
2348,669,8,2025-12-08 07:18:00,2025-12-08 07:18:00,2025-12-08 07:18:00
2349,749,372,2026-02-28 02:50:08,2026-02-28 02:50:08,2026-02-28 02:50:08
2350,514,211,2025-06-07 02:52:53,2025-06-07 02:52:53,2025-06-07 02:52:53
2351,656,566,2025-06-20 16:45:35,2025-06-20 16:45:35,2025-06-20 16:45:35
2352,415,577,2026-04-25 11:01:47,2026-04-25 11:01:47,2026-04-25 11:01:47
2353,548,280,2025-06-09 03:12:10,2025-06-09 03:12:10,2025-06-09 03:12:10
2354,750,369,2026-05-05 08:57:25,2026-05-05 08:57:25,2026-05-05 08:57:25
2355,905,57,2026-04-09 14:37:39,2026-04-09 14:37:39,2026-04-09 14:37:39
2356,159,327,2026-03-06 10:08:38,2026-03-06 10:08:38,2026-03-06 10:08:38
2357,241,546,2026-04-10 12:05:14,2026-04-10 12:05:14,2026-04-10 12:05:14
2358,53,20,2026-01-09 10:19:31,2026-01-09 10:19:31,2026-01-09 10:19:31
2359,644,310,2025-08-11 22:50:44,2025-08-11 22:50:44,2025-08-11 22:50:44
2360,622,173,2026-05-15 12:16:58,2026-05-15 12:16:58,2026-05-15 12:16:58
2361,94,416,2025-08-03 03:19:15,2025-08-03 03:19:15,2025-08-03 03:19:15
2362,596,11,2026-01-11 01:36:20,2026-01-11 01:36:20,2026-01-11 01:36:20
2363,265,148,2025-06-19 04:04:57,2025-06-19 04:04:57,2025-06-19 04:04:57
2364,719,417,2025-07-30 15:40:26,2025-07-30 15:40:26,2025-07-30 15:40:26
2365,186,253,2025-08-09 06:26:51,2025-08-09 06:26:51,2025-08-09 06:26:51
2366,312,204,2026-03-04 06:14:25,2026-03-04 06:14:25,2026-03-04 06:14:25
2367,148,384,2026-01-05 03:11:04,2026-01-05 03:11:04,2026-01-05 03:11:04
2368,480,7,2026-05-04 13:10:52,2026-05-04 13:10:52,2026-05-04 13:10:52
2369,488,341,2025-11-03 22:41:23,2025-11-03 22:41:23,2025-11-03 22:41:23
2370,873,46,2026-03-15 17:14:09,2026-03-15 17:14:09,2026-03-15 17:14:09
2371,739,12,2025-11-15 06:37:08,2025-11-15 06:37:08,2025-11-15 06:37:08
2372,921,135,2025-09-19 10:44:41,2025-09-19 10:44:41,2025-09-19 10:44:41
2373,458,542,2026-01-07 17:21:18,2026-01-07 17:21:18,2026-01-07 17:21:18
2374,699,263,2025-09-08 02:40:05,2025-09-08 02:40:05,2025-09-08 02:40:05
2375,458,90,2026-05-06 22:21:59,2026-05-06 22:21:59,2026-05-06 22:21:59
2376,325,303,2025-06-23 15:17:13,2025-06-23 15:17:13,2025-06-23 15:17:13
2377,498,314,2026-01-12 21:35:40,2026-01-12 21:35:40,2026-01-12 21:35:40
2378,247,95,2026-01-15 23:38:53,2026-01-15 23:38:53,2026-01-15 23:38:53
2379,700,55,2026-03-15 20:34:04,2026-03-15 20:34:04,2026-03-15 20:34:04
2380,78,116,2025-07-23 22:54:32,2025-07-23 22:54:32,2025-07-23 22:54:32
2381,366,195,2026-05-29 16:59:40,2026-05-29 16:59:40,2026-05-29 16:59:40
2382,886,215,2026-04-06 17:31:31,2026-04-06 17:31:31,2026-04-06 17:31:31
2383,455,509,2026-01-13 16:51:30,2026-01-13 16:51:30,2026-01-13 16:51:30
2384,335,351,2025-09-23 06:17:54,2025-09-23 06:17:54,2025-09-23 06:17:54
2385,234,456,2026-02-12 03:45:19,2026-02-12 03:45:19,2026-02-12 03:45:19
2386,561,562,2026-02-13 22:03:15,2026-02-13 22:03:15,2026-02-13 22:03:15
2387,354,435,2025-11-27 04:52:16,2025-11-27 04:52:16,2025-11-27 04:52:16
2388,65,418,2025-10-17 10:23:41,2025-10-17 10:23:41,2025-10-17 10:23:41
2389,224,22,2026-03-12 09:42:57,2026-03-12 09:42:57,2026-03-12 09:42:57
2390,71,293,2026-04-25 05:29:42,2026-04-25 05:29:42,2026-04-25 05:29:42
2391,456,134,2025-12-04 08:11:06,2025-12-04 08:11:06,2025-12-04 08:11:06
2392,527,367,2026-03-23 20:27:11,2026-03-23 20:27:11,2026-03-23 20:27:11
2393,358,462,2026-02-11 07:00:44,2026-02-11 07:00:44,2026-02-11 07:00:44
2394,914,36,2025-11-24 04:45:22,2025-11-24 04:45:22,2025-11-24 04:45:22
2395,843,205,2025-12-09 05:22:13,2025-12-09 05:22:13,2025-12-09 05:22:13
2396,167,355,2026-01-10 00:29:58,2026-01-10 00:29:58,2026-01-10 00:29:58
2397,961,244,2025-06-08 14:51:34,2025-06-08 14:51:34,2025-06-08 14:51:34
2398,639,232,2026-04-15 13:50:55,2026-04-15 13:50:55,2026-04-15 13:50:55
2399,897,447,2025-11-10 10:17:47,2025-11-10 10:17:47,2025-11-10 10:17:47
2400,255,35,2025-11-19 19:24:02,2025-11-19 19:24:02,2025-11-19 19:24:02
2401,40,105,2025-06-06 14:15:46,2025-06-06 14:15:46,2025-06-06 14:15:46
2402,793,358,2025-11-14 14:02:03,2025-11-14 14:02:03,2025-11-14 14:02:03
2403,639,468,2026-01-24 15:21:15,2026-01-24 15:21:15,2026-01-24 15:21:15
2404,734,263,2026-03-02 16:09:08,2026-03-02 16:09:08,2026-03-02 16:09:08
2405,742,519,2026-01-23 14:47:11,2026-01-23 14:47:11,2026-01-23 14:47:11
2406,613,413,2026-04-23 16:15:45,2026-04-23 16:15:45,2026-04-23 16:15:45
2407,850,19,2026-03-20 03:22:50,2026-03-20 03:22:50,2026-03-20 03:22:50
2408,553,179,2026-01-25 00:35:02,2026-01-25 00:35:02,2026-01-25 00:35:02
2409,429,99,2025-11-01 07:42:47,2025-11-01 07:42:47,2025-11-01 07:42:47
2410,514,469,2025-08-18 20:11:36,2025-08-18 20:11:36,2025-08-18 20:11:36
2411,330,45,2025-10-13 10:45:12,2025-10-13 10:45:12,2025-10-13 10:45:12
2412,261,593,2026-01-10 05:22:07,2026-01-10 05:22:07,2026-01-10 05:22:07
2413,259,154,2025-10-05 12:38:12,2025-10-05 12:38:12,2025-10-05 12:38:12
2414,803,84,2025-09-11 12:21:19,2025-09-11 12:21:19,2025-09-11 12:21:19
2415,502,235,2026-04-14 07:31:51,2026-04-14 07:31:51,2026-04-14 07:31:51
2416,6,24,2026-03-27 12:25:48,2026-03-27 12:25:48,2026-03-27 12:25:48
2417,182,116,2025-07-02 01:21:13,2025-07-02 01:21:13,2025-07-02 01:21:13
2418,209,455,2025-09-15 14:52:58,2025-09-15 14:52:58,2025-09-15 14:52:58
2419,684,353,2025-09-20 08:06:11,2025-09-20 08:06:11,2025-09-20 08:06:11
2420,145,278,2025-12-11 19:24:55,2025-12-11 19:24:55,2025-12-11 19:24:55
2421,490,111,2025-12-01 22:30:02,2025-12-01 22:30:02,2025-12-01 22:30:02
2422,144,179,2025-10-11 13:18:12,2025-10-11 13:18:12,2025-10-11 13:18:12
2423,955,207,2025-06-16 13:41:17,2025-06-16 13:41:17,2025-06-16 13:41:17
2424,183,138,2026-01-28 14:17:50,2026-01-28 14:17:50,2026-01-28 14:17:50
2425,164,498,2026-04-09 00:44:35,2026-04-09 00:44:35,2026-04-09 00:44:35
2426,443,548,2025-08-08 18:41:53,2025-08-08 18:41:53,2025-08-08 18:41:53
2427,109,557,2025-12-29 04:58:55,2025-12-29 04:58:55,2025-12-29 04:58:55
2428,946,402,2025-09-01 08:10:23,2025-09-01 08:10:23,2025-09-01 08:10:23
2429,656,593,2025-06-12 20:27:34,2025-06-12 20:27:34,2025-06-12 20:27:34
2430,534,563,2026-01-29 19:44:00,2026-01-29 19:44:00,2026-01-29 19:44:00
2431,945,137,2026-02-19 01:05:21,2026-02-19 01:05:21,2026-02-19 01:05:21
2432,66,107,2026-03-26 12:02:20,2026-03-26 12:02:20,2026-03-26 12:02:20
2433,315,581,2026-03-21 20:07:21,2026-03-21 20:07:21,2026-03-21 20:07:21
2434,37,372,2026-05-13 08:09:24,2026-05-13 08:09:24,2026-05-13 08:09:24
2435,705,48,2025-09-20 20:38:49,2025-09-20 20:38:49,2025-09-20 20:38:49
2436,426,446,2026-03-05 21:15:22,2026-03-05 21:15:22,2026-03-05 21:15:22
2437,30,221,2025-07-28 01:13:19,2025-07-28 01:13:19,2025-07-28 01:13:19
2438,621,340,2026-05-30 04:21:47,2026-05-30 04:21:47,2026-05-30 04:21:47
2439,851,491,2025-08-05 17:26:30,2025-08-05 17:26:30,2025-08-05 17:26:30
2440,341,567,2025-10-23 04:06:30,2025-10-23 04:06:30,2025-10-23 04:06:30
2441,477,464,2026-01-26 01:38:36,2026-01-26 01:38:36,2026-01-26 01:38:36
2442,266,1,2025-07-30 05:43:20,2025-07-30 05:43:20,2025-07-30 05:43:20
2443,500,441,2025-10-10 22:01:35,2025-10-10 22:01:35,2025-10-10 22:01:35
2444,481,251,2026-02-13 06:19:10,2026-02-13 06:19:10,2026-02-13 06:19:10
2445,311,389,2025-07-27 11:37:15,2025-07-27 11:37:15,2025-07-27 11:37:15
2446,649,301,2026-05-08 11:24:38,2026-05-08 11:24:38,2026-05-08 11:24:38
2447,99,209,2025-12-31 23:15:32,2025-12-31 23:15:32,2025-12-31 23:15:32
2448,878,407,2025-12-24 20:57:35,2025-12-24 20:57:35,2025-12-24 20:57:35
2449,469,174,2026-04-09 09:52:33,2026-04-09 09:52:33,2026-04-09 09:52:33
2450,265,445,2026-01-01 17:17:05,2026-01-01 17:17:05,2026-01-01 17:17:05
2451,922,515,2025-08-21 15:15:55,2025-08-21 15:15:55,2025-08-21 15:15:55
2452,176,462,2026-02-24 06:03:57,2026-02-24 06:03:57,2026-02-24 06:03:57
2453,853,303,2026-01-15 12:01:10,2026-01-15 12:01:10,2026-01-15 12:01:10
2454,617,196,2025-09-26 10:11:46,2025-09-26 10:11:46,2025-09-26 10:11:46
2455,290,545,2025-07-19 04:43:20,2025-07-19 04:43:20,2025-07-19 04:43:20
2456,689,535,2025-08-09 04:02:33,2025-08-09 04:02:33,2025-08-09 04:02:33
2457,358,472,2026-05-15 01:18:29,2026-05-15 01:18:29,2026-05-15 01:18:29
2458,940,274,2026-02-11 16:51:02,2026-02-11 16:51:02,2026-02-11 16:51:02
2459,317,501,2025-09-21 09:05:47,2025-09-21 09:05:47,2025-09-21 09:05:47
2460,479,302,2025-09-24 06:38:23,2025-09-24 06:38:23,2025-09-24 06:38:23
2461,622,356,2025-07-09 16:16:26,2025-07-09 16:16:26,2025-07-09 16:16:26
2462,940,266,2025-07-01 05:42:09,2025-07-01 05:42:09,2025-07-01 05:42:09
2463,785,350,2025-06-25 22:48:55,2025-06-25 22:48:55,2025-06-25 22:48:55
2464,320,17,2026-03-09 03:04:04,2026-03-09 03:04:04,2026-03-09 03:04:04
2465,490,91,2026-06-01 04:31:20,2026-06-01 04:31:20,2026-06-01 04:31:20
2466,267,468,2026-01-29 09:34:46,2026-01-29 09:34:46,2026-01-29 09:34:46
2467,859,553,2025-09-23 13:47:36,2025-09-23 13:47:36,2025-09-23 13:47:36
2468,801,151,2026-05-18 18:59:30,2026-05-18 18:59:30,2026-05-18 18:59:30
2469,851,74,2026-01-24 13:56:39,2026-01-24 13:56:39,2026-01-24 13:56:39
2470,950,224,2026-05-14 00:02:35,2026-05-14 00:02:35,2026-05-14 00:02:35
2471,663,128,2025-11-21 03:09:14,2025-11-21 03:09:14,2025-11-21 03:09:14
2472,862,556,2026-04-26 18:14:26,2026-04-26 18:14:26,2026-04-26 18:14:26
2473,915,235,2025-12-09 08:09:11,2025-12-09 08:09:11,2025-12-09 08:09:11
2474,560,139,2026-05-11 09:51:10,2026-05-11 09:51:10,2026-05-11 09:51:10
2475,568,384,2026-01-12 02:44:33,2026-01-12 02:44:33,2026-01-12 02:44:33
2476,640,337,2025-09-26 14:16:22,2025-09-26 14:16:22,2025-09-26 14:16:22
2477,641,482,2025-07-14 14:04:29,2025-07-14 14:04:29,2025-07-14 14:04:29
2478,192,45,2026-04-27 12:12:57,2026-04-27 12:12:57,2026-04-27 12:12:57
2479,706,194,2026-04-23 07:53:12,2026-04-23 07:53:12,2026-04-23 07:53:12
2480,236,205,2025-09-18 03:55:30,2025-09-18 03:55:30,2025-09-18 03:55:30
2481,684,25,2026-03-16 13:06:24,2026-03-16 13:06:24,2026-03-16 13:06:24
2482,707,359,2026-04-09 07:54:59,2026-04-09 07:54:59,2026-04-09 07:54:59
2483,457,140,2025-10-07 05:15:09,2025-10-07 05:15:09,2025-10-07 05:15:09
2484,275,213,2026-05-02 21:17:58,2026-05-02 21:17:58,2026-05-02 21:17:58
2485,452,348,2025-10-25 15:00:57,2025-10-25 15:00:57,2025-10-25 15:00:57
2486,997,595,2026-02-22 04:42:14,2026-02-22 04:42:14,2026-02-22 04:42:14
2487,494,401,2025-07-02 18:06:41,2025-07-02 18:06:41,2025-07-02 18:06:41
2488,324,565,2026-01-25 17:12:21,2026-01-25 17:12:21,2026-01-25 17:12:21
2489,23,145,2026-02-12 22:54:48,2026-02-12 22:54:48,2026-02-12 22:54:48
2490,326,171,2026-02-10 05:13:23,2026-02-10 05:13:23,2026-02-10 05:13:23
2491,822,215,2025-06-13 14:11:12,2025-06-13 14:11:12,2025-06-13 14:11:12
2492,117,92,2025-10-08 12:34:59,2025-10-08 12:34:59,2025-10-08 12:34:59
2493,135,482,2025-07-17 08:21:26,2025-07-17 08:21:26,2025-07-17 08:21:26
2494,783,100,2026-03-03 02:01:17,2026-03-03 02:01:17,2026-03-03 02:01:17
2495,116,423,2025-12-05 00:26:14,2025-12-05 00:26:14,2025-12-05 00:26:14
2496,883,538,2025-12-27 15:06:43,2025-12-27 15:06:43,2025-12-27 15:06:43
2497,709,325,2025-07-23 15:49:47,2025-07-23 15:49:47,2025-07-23 15:49:47
2498,249,14,2025-10-04 11:58:56,2025-10-04 11:58:56,2025-10-04 11:58:56
2499,180,388,2025-11-12 16:40:55,2025-11-12 16:40:55,2025-11-12 16:40:55
2500,206,292,2025-10-22 01:22:12,2025-10-22 01:22:12,2025-10-22 01:22:12
2501,249,522,2025-06-19 10:00:49,2025-06-19 10:00:49,2025-06-19 10:00:49
2502,791,375,2026-03-29 10:55:21,2026-03-29 10:55:21,2026-03-29 10:55:21
2503,366,177,2025-12-01 06:27:01,2025-12-01 06:27:01,2025-12-01 06:27:01
2504,504,145,2026-02-26 08:28:52,2026-02-26 08:28:52,2026-02-26 08:28:52
2505,619,598,2025-11-18 10:18:16,2025-11-18 10:18:16,2025-11-18 10:18:16
2506,832,335,2025-08-25 21:15:51,2025-08-25 21:15:51,2025-08-25 21:15:51
2507,882,599,2025-08-17 02:30:18,2025-08-17 02:30:18,2025-08-17 02:30:18
2508,273,287,2025-10-19 12:23:13,2025-10-19 12:23:13,2025-10-19 12:23:13
2509,399,262,2025-07-26 15:28:03,2025-07-26 15:28:03,2025-07-26 15:28:03
2510,231,355,2026-02-14 00:00:40,2026-02-14 00:00:40,2026-02-14 00:00:40
2511,281,183,2025-06-22 01:54:08,2025-06-22 01:54:08,2025-06-22 01:54:08
2512,606,411,2026-04-30 16:43:07,2026-04-30 16:43:07,2026-04-30 16:43:07
2513,439,465,2026-05-08 17:43:02,2026-05-08 17:43:02,2026-05-08 17:43:02
2514,857,119,2025-07-24 03:52:08,2025-07-24 03:52:08,2025-07-24 03:52:08
2515,258,164,2025-08-06 15:57:05,2025-08-06 15:57:05,2025-08-06 15:57:05
2516,939,169,2025-07-07 12:11:14,2025-07-07 12:11:14,2025-07-07 12:11:14
2517,62,81,2026-03-05 11:46:26,2026-03-05 11:46:26,2026-03-05 11:46:26
2518,438,131,2025-12-01 18:25:14,2025-12-01 18:25:14,2025-12-01 18:25:14
2519,145,221,2026-05-27 14:04:58,2026-05-27 14:04:58,2026-05-27 14:04:58
2520,547,309,2025-10-29 08:52:34,2025-10-29 08:52:34,2025-10-29 08:52:34
2521,66,312,2025-09-11 19:26:02,2025-09-11 19:26:02,2025-09-11 19:26:02
2522,780,300,2025-07-07 08:36:37,2025-07-07 08:36:37,2025-07-07 08:36:37
2523,686,327,2026-01-07 06:03:43,2026-01-07 06:03:43,2026-01-07 06:03:43
2524,535,237,2025-12-21 01:31:06,2025-12-21 01:31:06,2025-12-21 01:31:06
2525,526,137,2025-11-28 21:03:41,2025-11-28 21:03:41,2025-11-28 21:03:41
2526,916,402,2025-09-18 05:32:26,2025-09-18 05:32:26,2025-09-18 05:32:26
2527,402,200,2025-08-07 00:55:32,2025-08-07 00:55:32,2025-08-07 00:55:32
2528,878,511,2025-07-10 20:49:23,2025-07-10 20:49:23,2025-07-10 20:49:23
2529,427,466,2025-09-02 01:03:22,2025-09-02 01:03:22,2025-09-02 01:03:22
2530,48,547,2025-11-02 07:26:38,2025-11-02 07:26:38,2025-11-02 07:26:38
2531,45,61,2025-08-09 04:02:12,2025-08-09 04:02:12,2025-08-09 04:02:12
2532,308,344,2025-11-04 02:19:12,2025-11-04 02:19:12,2025-11-04 02:19:12
2533,982,248,2026-04-18 15:06:21,2026-04-18 15:06:21,2026-04-18 15:06:21
2534,574,166,2025-12-03 08:18:08,2025-12-03 08:18:08,2025-12-03 08:18:08
2535,111,122,2025-10-18 23:51:05,2025-10-18 23:51:05,2025-10-18 23:51:05
2536,806,18,2025-06-28 17:23:21,2025-06-28 17:23:21,2025-06-28 17:23:21
2537,950,381,2026-02-18 16:00:52,2026-02-18 16:00:52,2026-02-18 16:00:52
2538,402,78,2025-10-30 20:07:00,2025-10-30 20:07:00,2025-10-30 20:07:00
2539,177,187,2026-04-20 15:16:51,2026-04-20 15:16:51,2026-04-20 15:16:51
2540,471,93,2025-12-18 00:18:02,2025-12-18 00:18:02,2025-12-18 00:18:02
2541,501,510,2026-05-01 21:27:14,2026-05-01 21:27:14,2026-05-01 21:27:14
2542,14,598,2026-05-04 16:11:07,2026-05-04 16:11:07,2026-05-04 16:11:07
2543,123,244,2025-08-30 05:27:47,2025-08-30 05:27:47,2025-08-30 05:27:47
2544,517,292,2025-09-08 05:07:06,2025-09-08 05:07:06,2025-09-08 05:07:06
2545,348,416,2025-09-22 06:20:36,2025-09-22 06:20:36,2025-09-22 06:20:36
2546,884,530,2026-03-24 13:56:55,2026-03-24 13:56:55,2026-03-24 13:56:55
2547,74,347,2026-02-10 13:00:35,2026-02-10 13:00:35,2026-02-10 13:00:35
2548,668,362,2026-04-30 17:35:32,2026-04-30 17:35:32,2026-04-30 17:35:32
2549,166,593,2025-07-28 17:45:07,2025-07-28 17:45:07,2025-07-28 17:45:07
2550,245,561,2026-03-03 07:34:23,2026-03-03 07:34:23,2026-03-03 07:34:23
2551,325,512,2025-12-07 00:05:32,2025-12-07 00:05:32,2025-12-07 00:05:32
2552,978,275,2026-05-13 18:32:48,2026-05-13 18:32:48,2026-05-13 18:32:48
2553,475,127,2025-07-24 19:54:23,2025-07-24 19:54:23,2025-07-24 19:54:23
2554,330,583,2026-04-10 21:06:28,2026-04-10 21:06:28,2026-04-10 21:06:28
2555,759,580,2026-03-01 06:18:44,2026-03-01 06:18:44,2026-03-01 06:18:44
2556,985,362,2026-01-01 04:35:18,2026-01-01 04:35:18,2026-01-01 04:35:18
2557,133,141,2026-05-23 11:42:51,2026-05-23 11:42:51,2026-05-23 11:42:51
2558,260,33,2025-10-02 18:01:59,2025-10-02 18:01:59,2025-10-02 18:01:59
2559,587,379,2025-09-17 04:18:39,2025-09-17 04:18:39,2025-09-17 04:18:39
2560,477,203,2026-04-02 07:14:39,2026-04-02 07:14:39,2026-04-02 07:14:39
2561,103,397,2026-03-17 00:55:12,2026-03-17 00:55:12,2026-03-17 00:55:12
2562,907,14,2025-06-12 03:52:42,2025-06-12 03:52:42,2025-06-12 03:52:42
2563,909,5,2025-07-11 06:03:13,2025-07-11 06:03:13,2025-07-11 06:03:13
2564,906,377,2025-08-06 00:09:06,2025-08-06 00:09:06,2025-08-06 00:09:06
2565,221,15,2026-01-13 06:43:17,2026-01-13 06:43:17,2026-01-13 06:43:17
2566,653,189,2025-07-28 01:27:31,2025-07-28 01:27:31,2025-07-28 01:27:31
2567,364,229,2026-02-04 21:45:08,2026-02-04 21:45:08,2026-02-04 21:45:08
2568,338,361,2025-07-19 04:26:25,2025-07-19 04:26:25,2025-07-19 04:26:25
2569,72,546,2025-09-18 01:28:48,2025-09-18 01:28:48,2025-09-18 01:28:48
2570,157,31,2025-07-22 20:29:07,2025-07-22 20:29:07,2025-07-22 20:29:07
2571,885,199,2025-07-24 11:05:32,2025-07-24 11:05:32,2025-07-24 11:05:32
2572,106,495,2025-09-17 11:58:46,2025-09-17 11:58:46,2025-09-17 11:58:46
2573,157,514,2026-05-28 21:11:42,2026-05-28 21:11:42,2026-05-28 21:11:42
2574,299,26,2026-05-15 14:28:29,2026-05-15 14:28:29,2026-05-15 14:28:29
2575,692,532,2026-03-21 17:44:52,2026-03-21 17:44:52,2026-03-21 17:44:52
2576,879,295,2025-08-13 10:53:57,2025-08-13 10:53:57,2025-08-13 10:53:57
2577,297,385,2025-11-08 00:58:47,2025-11-08 00:58:47,2025-11-08 00:58:47
2578,345,124,2026-05-25 23:53:43,2026-05-25 23:53:43,2026-05-25 23:53:43
2579,578,411,2025-09-01 21:18:21,2025-09-01 21:18:21,2025-09-01 21:18:21
2580,899,214,2026-04-04 21:07:04,2026-04-04 21:07:04,2026-04-04 21:07:04
2581,659,142,2025-10-12 15:45:50,2025-10-12 15:45:50,2025-10-12 15:45:50
2582,451,339,2026-01-29 05:43:18,2026-01-29 05:43:18,2026-01-29 05:43:18
2583,72,193,2026-03-14 21:23:30,2026-03-14 21:23:30,2026-03-14 21:23:30
2584,840,232,2025-09-28 06:41:48,2025-09-28 06:41:48,2025-09-28 06:41:48
2585,973,241,2026-05-22 15:53:33,2026-05-22 15:53:33,2026-05-22 15:53:33
2586,87,592,2026-02-28 08:00:03,2026-02-28 08:00:03,2026-02-28 08:00:03
2587,508,398,2026-01-20 09:13:48,2026-01-20 09:13:48,2026-01-20 09:13:48
2588,126,562,2026-03-06 11:51:37,2026-03-06 11:51:37,2026-03-06 11:51:37
2589,761,420,2026-03-03 10:51:54,2026-03-03 10:51:54,2026-03-03 10:51:54
2590,869,328,2025-11-01 07:17:44,2025-11-01 07:17:44,2025-11-01 07:17:44
2591,25,517,2025-06-20 22:35:30,2025-06-20 22:35:30,2025-06-20 22:35:30
2592,169,357,2026-01-14 17:23:30,2026-01-14 17:23:30,2026-01-14 17:23:30
2593,440,562,2025-09-11 11:05:28,2025-09-11 11:05:28,2025-09-11 11:05:28
2594,880,30,2025-09-11 20:14:37,2025-09-11 20:14:37,2025-09-11 20:14:37
2595,57,292,2025-08-08 01:32:29,2025-08-08 01:32:29,2025-08-08 01:32:29
2596,311,153,2026-01-05 06:01:24,2026-01-05 06:01:24,2026-01-05 06:01:24
2597,146,9,2025-08-31 00:17:52,2025-08-31 00:17:52,2025-08-31 00:17:52
2598,266,103,2026-01-02 15:36:24,2026-01-02 15:36:24,2026-01-02 15:36:24
2599,229,500,2025-07-07 10:55:51,2025-07-07 10:55:51,2025-07-07 10:55:51
2600,633,199,2026-05-11 22:34:40,2026-05-11 22:34:40,2026-05-11 22:34:40
2601,269,16,2025-12-22 22:42:10,2025-12-22 22:42:10,2025-12-22 22:42:10
2602,693,414,2026-05-15 15:28:29,2026-05-15 15:28:29,2026-05-15 15:28:29
2603,637,71,2025-06-08 06:40:52,2025-06-08 06:40:52,2025-06-08 06:40:52
2604,708,333,2025-07-19 05:48:03,2025-07-19 05:48:03,2025-07-19 05:48:03
2605,816,186,2025-10-06 19:34:30,2025-10-06 19:34:30,2025-10-06 19:34:30
2606,909,121,2025-11-22 02:29:41,2025-11-22 02:29:41,2025-11-22 02:29:41
2607,38,249,2025-10-10 04:54:59,2025-10-10 04:54:59,2025-10-10 04:54:59
2608,399,300,2026-03-05 07:09:18,2026-03-05 07:09:18,2026-03-05 07:09:18
2609,732,276,2025-11-12 11:30:43,2025-11-12 11:30:43,2025-11-12 11:30:43
2610,735,278,2026-05-02 21:26:04,2026-05-02 21:26:04,2026-05-02 21:26:04
2611,31,54,2025-07-22 13:54:03,2025-07-22 13:54:03,2025-07-22 13:54:03
2612,684,434,2025-06-29 00:41:25,2025-06-29 00:41:25,2025-06-29 00:41:25
2613,187,326,2026-05-25 08:24:57,2026-05-25 08:24:57,2026-05-25 08:24:57
2614,68,366,2026-02-19 07:52:47,2026-02-19 07:52:47,2026-02-19 07:52:47
2615,980,545,2026-02-20 13:44:35,2026-02-20 13:44:35,2026-02-20 13:44:35
2616,155,183,2026-03-28 18:07:05,2026-03-28 18:07:05,2026-03-28 18:07:05
2617,46,99,2025-07-21 05:12:10,2025-07-21 05:12:10,2025-07-21 05:12:10
2618,606,198,2026-05-27 22:14:07,2026-05-27 22:14:07,2026-05-27 22:14:07
2619,747,334,2025-09-01 04:05:00,2025-09-01 04:05:00,2025-09-01 04:05:00
2620,617,170,2025-10-20 22:46:03,2025-10-20 22:46:03,2025-10-20 22:46:03
2621,279,546,2026-02-13 11:18:31,2026-02-13 11:18:31,2026-02-13 11:18:31
2622,28,481,2025-07-25 13:26:47,2025-07-25 13:26:47,2025-07-25 13:26:47
2623,194,373,2026-02-10 02:13:05,2026-02-10 02:13:05,2026-02-10 02:13:05
2624,897,206,2025-10-31 20:26:38,2025-10-31 20:26:38,2025-10-31 20:26:38
2625,497,524,2026-04-19 11:53:16,2026-04-19 11:53:16,2026-04-19 11:53:16
2626,572,433,2026-05-21 16:28:36,2026-05-21 16:28:36,2026-05-21 16:28:36
2627,300,551,2025-07-23 11:48:22,2025-07-23 11:48:22,2025-07-23 11:48:22
2628,602,149,2025-09-23 13:18:35,2025-09-23 13:18:35,2025-09-23 13:18:35
2629,810,418,2025-07-11 14:31:17,2025-07-11 14:31:17,2025-07-11 14:31:17
2630,687,314,2025-06-29 19:09:41,2025-06-29 19:09:41,2025-06-29 19:09:41
2631,496,599,2025-12-26 06:12:57,2025-12-26 06:12:57,2025-12-26 06:12:57
2632,13,544,2026-02-02 00:37:25,2026-02-02 00:37:25,2026-02-02 00:37:25
2633,804,152,2025-08-18 08:42:15,2025-08-18 08:42:15,2025-08-18 08:42:15
2634,372,252,2026-02-14 22:55:28,2026-02-14 22:55:28,2026-02-14 22:55:28
2635,49,218,2025-06-08 18:24:21,2025-06-08 18:24:21,2025-06-08 18:24:21
2636,699,442,2025-12-06 06:34:03,2025-12-06 06:34:03,2025-12-06 06:34:03
2637,768,133,2026-04-02 20:19:27,2026-04-02 20:19:27,2026-04-02 20:19:27
2638,884,343,2025-11-02 11:56:08,2025-11-02 11:56:08,2025-11-02 11:56:08
2639,322,371,2025-09-27 10:55:16,2025-09-27 10:55:16,2025-09-27 10:55:16
2640,56,341,2025-10-11 22:47:40,2025-10-11 22:47:40,2025-10-11 22:47:40
2641,671,482,2026-02-12 00:13:53,2026-02-12 00:13:53,2026-02-12 00:13:53
2642,808,195,2025-12-14 19:22:38,2025-12-14 19:22:38,2025-12-14 19:22:38
2643,955,143,2025-10-02 02:44:38,2025-10-02 02:44:38,2025-10-02 02:44:38
2644,52,308,2026-03-15 18:48:13,2026-03-15 18:48:13,2026-03-15 18:48:13
2645,114,285,2026-02-10 03:50:17,2026-02-10 03:50:17,2026-02-10 03:50:17
2646,976,367,2026-04-10 05:02:10,2026-04-10 05:02:10,2026-04-10 05:02:10
2647,386,342,2026-03-03 22:35:31,2026-03-03 22:35:31,2026-03-03 22:35:31
2648,259,215,2025-11-22 02:16:51,2025-11-22 02:16:51,2025-11-22 02:16:51
2649,818,61,2025-10-02 07:17:57,2025-10-02 07:17:57,2025-10-02 07:17:57
2650,337,393,2026-02-16 02:10:35,2026-02-16 02:10:35,2026-02-16 02:10:35
2651,349,202,2026-04-07 12:46:13,2026-04-07 12:46:13,2026-04-07 12:46:13
2652,748,561,2025-12-24 01:12:43,2025-12-24 01:12:43,2025-12-24 01:12:43
2653,714,495,2025-07-01 15:31:48,2025-07-01 15:31:48,2025-07-01 15:31:48
2654,119,88,2025-11-17 15:56:47,2025-11-17 15:56:47,2025-11-17 15:56:47
2655,724,378,2026-04-02 23:55:46,2026-04-02 23:55:46,2026-04-02 23:55:46
2656,364,284,2026-04-05 02:19:07,2026-04-05 02:19:07,2026-04-05 02:19:07
2657,923,283,2026-05-17 10:33:30,2026-05-17 10:33:30,2026-05-17 10:33:30
2658,29,420,2025-06-28 10:15:44,2025-06-28 10:15:44,2025-06-28 10:15:44
2659,910,62,2026-04-01 16:49:45,2026-04-01 16:49:45,2026-04-01 16:49:45
2660,857,151,2025-11-11 04:06:17,2025-11-11 04:06:17,2025-11-11 04:06:17
2661,139,435,2026-05-05 00:01:08,2026-05-05 00:01:08,2026-05-05 00:01:08
2662,651,157,2026-01-21 23:44:06,2026-01-21 23:44:06,2026-01-21 23:44:06
2663,975,322,2025-08-25 14:06:12,2025-08-25 14:06:12,2025-08-25 14:06:12
2664,827,552,2026-04-21 04:06:55,2026-04-21 04:06:55,2026-04-21 04:06:55
2665,341,413,2025-12-21 14:17:31,2025-12-21 14:17:31,2025-12-21 14:17:31
2666,270,57,2025-12-13 03:55:09,2025-12-13 03:55:09,2025-12-13 03:55:09
2667,981,275,2025-06-08 17:26:22,2025-06-08 17:26:22,2025-06-08 17:26:22
2668,640,502,2025-10-02 16:57:55,2025-10-02 16:57:55,2025-10-02 16:57:55
2669,432,286,2026-03-30 16:04:44,2026-03-30 16:04:44,2026-03-30 16:04:44
2670,204,431,2026-03-21 05:52:56,2026-03-21 05:52:56,2026-03-21 05:52:56
2671,733,157,2025-11-03 06:19:46,2025-11-03 06:19:46,2025-11-03 06:19:46
2672,499,189,2025-08-15 10:48:30,2025-08-15 10:48:30,2025-08-15 10:48:30
2673,440,570,2025-12-20 21:00:53,2025-12-20 21:00:53,2025-12-20 21:00:53
2674,870,455,2025-11-03 23:05:31,2025-11-03 23:05:31,2025-11-03 23:05:31
2675,44,278,2025-08-14 14:04:31,2025-08-14 14:04:31,2025-08-14 14:04:31
2676,603,387,2025-07-09 04:54:47,2025-07-09 04:54:47,2025-07-09 04:54:47
2677,41,166,2025-10-29 11:18:10,2025-10-29 11:18:10,2025-10-29 11:18:10
2678,440,216,2025-11-01 02:45:00,2025-11-01 02:45:00,2025-11-01 02:45:00
2679,325,350,2025-12-21 20:27:04,2025-12-21 20:27:04,2025-12-21 20:27:04
2680,321,505,2026-02-21 20:42:24,2026-02-21 20:42:24,2026-02-21 20:42:24
2681,556,109,2025-10-07 02:59:05,2025-10-07 02:59:05,2025-10-07 02:59:05
2682,451,254,2026-03-14 10:04:33,2026-03-14 10:04:33,2026-03-14 10:04:33
2683,401,538,2026-01-07 13:40:54,2026-01-07 13:40:54,2026-01-07 13:40:54
2684,817,87,2026-03-01 17:49:37,2026-03-01 17:49:37,2026-03-01 17:49:37
2685,927,426,2025-08-04 21:09:53,2025-08-04 21:09:53,2025-08-04 21:09:53
2686,189,560,2026-04-12 13:11:09,2026-04-12 13:11:09,2026-04-12 13:11:09
2687,272,265,2026-01-10 09:45:11,2026-01-10 09:45:11,2026-01-10 09:45:11
2688,48,578,2026-03-14 05:18:12,2026-03-14 05:18:12,2026-03-14 05:18:12
2689,226,267,2025-11-28 07:49:10,2025-11-28 07:49:10,2025-11-28 07:49:10
2690,186,421,2025-08-05 19:48:47,2025-08-05 19:48:47,2025-08-05 19:48:47
2691,475,506,2025-10-01 13:54:58,2025-10-01 13:54:58,2025-10-01 13:54:58
2692,266,128,2025-06-21 01:25:14,2025-06-21 01:25:14,2025-06-21 01:25:14
2693,39,68,2025-09-07 15:28:10,2025-09-07 15:28:10,2025-09-07 15:28:10
2694,901,294,2025-08-16 18:35:46,2025-08-16 18:35:46,2025-08-16 18:35:46
2695,323,597,2026-04-25 06:02:25,2026-04-25 06:02:25,2026-04-25 06:02:25
2696,155,45,2026-05-03 23:59:02,2026-05-03 23:59:02,2026-05-03 23:59:02
2697,25,466,2026-04-12 13:21:52,2026-04-12 13:21:52,2026-04-12 13:21:52
2698,225,37,2026-02-20 16:32:10,2026-02-20 16:32:10,2026-02-20 16:32:10
2699,659,280,2025-08-25 23:16:53,2025-08-25 23:16:53,2025-08-25 23:16:53
2700,686,85,2025-11-19 09:37:02,2025-11-19 09:37:02,2025-11-19 09:37:02
2701,647,72,2025-07-30 04:47:11,2025-07-30 04:47:11,2025-07-30 04:47:11
2702,106,208,2026-02-20 07:38:12,2026-02-20 07:38:12,2026-02-20 07:38:12
2703,817,444,2025-12-11 03:58:20,2025-12-11 03:58:20,2025-12-11 03:58:20
2704,115,54,2025-06-21 08:32:28,2025-06-21 08:32:28,2025-06-21 08:32:28
2705,892,49,2025-07-25 17:38:02,2025-07-25 17:38:02,2025-07-25 17:38:02
2706,778,449,2025-12-23 21:20:33,2025-12-23 21:20:33,2025-12-23 21:20:33
2707,294,151,2026-05-04 10:49:40,2026-05-04 10:49:40,2026-05-04 10:49:40
2708,325,454,2025-08-01 00:20:44,2025-08-01 00:20:44,2025-08-01 00:20:44
2709,263,348,2026-02-14 22:56:57,2026-02-14 22:56:57,2026-02-14 22:56:57
2710,734,171,2025-12-12 23:31:25,2025-12-12 23:31:25,2025-12-12 23:31:25
2711,587,352,2025-10-08 15:00:03,2025-10-08 15:00:03,2025-10-08 15:00:03
2712,689,394,2025-11-09 00:48:33,2025-11-09 00:48:33,2025-11-09 00:48:33
2713,962,199,2026-05-13 07:42:06,2026-05-13 07:42:06,2026-05-13 07:42:06
2714,537,184,2026-05-09 19:32:04,2026-05-09 19:32:04,2026-05-09 19:32:04
2715,859,263,2025-12-19 21:15:14,2025-12-19 21:15:14,2025-12-19 21:15:14
2716,603,197,2025-08-09 18:24:55,2025-08-09 18:24:55,2025-08-09 18:24:55
2717,985,426,2025-09-19 07:51:01,2025-09-19 07:51:01,2025-09-19 07:51:01
2718,502,260,2025-07-17 23:45:09,2025-07-17 23:45:09,2025-07-17 23:45:09
2719,16,388,2026-05-08 19:29:53,2026-05-08 19:29:53,2026-05-08 19:29:53
2720,806,91,2026-01-15 22:20:50,2026-01-15 22:20:50,2026-01-15 22:20:50
2721,632,160,2025-07-15 21:50:53,2025-07-15 21:50:53,2025-07-15 21:50:53
2722,993,248,2026-03-31 01:35:47,2026-03-31 01:35:47,2026-03-31 01:35:47
2723,93,136,2025-06-06 18:00:32,2025-06-06 18:00:32,2025-06-06 18:00:32
2724,785,35,2025-07-04 04:31:53,2025-07-04 04:31:53,2025-07-04 04:31:53
2725,77,53,2025-12-18 23:14:25,2025-12-18 23:14:25,2025-12-18 23:14:25
2726,588,274,2025-10-10 01:37:08,2025-10-10 01:37:08,2025-10-10 01:37:08
2727,488,191,2025-12-19 11:07:25,2025-12-19 11:07:25,2025-12-19 11:07:25
2728,86,537,2025-08-06 15:58:08,2025-08-06 15:58:08,2025-08-06 15:58:08
2729,897,97,2025-09-24 06:34:41,2025-09-24 06:34:41,2025-09-24 06:34:41
2730,455,482,2025-10-07 15:47:37,2025-10-07 15:47:37,2025-10-07 15:47:37
2731,404,502,2025-06-10 10:28:58,2025-06-10 10:28:58,2025-06-10 10:28:58
2732,768,507,2026-05-16 18:20:39,2026-05-16 18:20:39,2026-05-16 18:20:39
2733,801,347,2025-09-02 15:00:41,2025-09-02 15:00:41,2025-09-02 15:00:41
2734,929,55,2025-08-10 14:06:01,2025-08-10 14:06:01,2025-08-10 14:06:01
2735,623,520,2025-07-07 15:26:34,2025-07-07 15:26:34,2025-07-07 15:26:34
2736,902,38,2025-10-31 17:58:06,2025-10-31 17:58:06,2025-10-31 17:58:06
2737,365,351,2025-08-21 05:14:24,2025-08-21 05:14:24,2025-08-21 05:14:24
2738,803,72,2025-06-18 18:21:05,2025-06-18 18:21:05,2025-06-18 18:21:05
2739,142,430,2026-03-20 21:42:28,2026-03-20 21:42:28,2026-03-20 21:42:28
2740,249,154,2026-05-24 08:42:45,2026-05-24 08:42:45,2026-05-24 08:42:45
2741,820,27,2025-07-31 08:15:49,2025-07-31 08:15:49,2025-07-31 08:15:49
2742,138,503,2026-01-08 12:15:22,2026-01-08 12:15:22,2026-01-08 12:15:22
2743,133,453,2025-06-28 21:17:56,2025-06-28 21:17:56,2025-06-28 21:17:56
2744,487,495,2026-01-09 02:12:39,2026-01-09 02:12:39,2026-01-09 02:12:39
2745,506,430,2025-10-31 08:16:50,2025-10-31 08:16:50,2025-10-31 08:16:50
2746,974,99,2026-04-01 09:01:10,2026-04-01 09:01:10,2026-04-01 09:01:10
2747,873,535,2025-06-26 18:32:27,2025-06-26 18:32:27,2025-06-26 18:32:27
2748,722,172,2025-08-28 18:35:57,2025-08-28 18:35:57,2025-08-28 18:35:57
2749,30,507,2025-07-25 03:27:54,2025-07-25 03:27:54,2025-07-25 03:27:54
2750,649,211,2025-10-04 11:56:10,2025-10-04 11:56:10,2025-10-04 11:56:10
2751,411,568,2025-08-20 07:37:36,2025-08-20 07:37:36,2025-08-20 07:37:36
2752,505,478,2026-03-08 13:20:00,2026-03-08 13:20:00,2026-03-08 13:20:00
2753,556,534,2025-07-07 01:07:18,2025-07-07 01:07:18,2025-07-07 01:07:18
2754,561,85,2026-05-24 01:18:25,2026-05-24 01:18:25,2026-05-24 01:18:25
2755,291,423,2026-05-09 03:53:47,2026-05-09 03:53:47,2026-05-09 03:53:47
2756,672,251,2025-10-31 03:31:39,2025-10-31 03:31:39,2025-10-31 03:31:39
2757,267,48,2025-07-28 09:13:37,2025-07-28 09:13:37,2025-07-28 09:13:37
2758,540,596,2025-10-05 01:01:43,2025-10-05 01:01:43,2025-10-05 01:01:43
2759,303,279,2026-05-30 15:13:33,2026-05-30 15:13:33,2026-05-30 15:13:33
2760,749,495,2025-09-02 04:04:49,2025-09-02 04:04:49,2025-09-02 04:04:49
2761,279,553,2025-09-15 16:14:20,2025-09-15 16:14:20,2025-09-15 16:14:20
2762,274,278,2025-10-02 11:36:43,2025-10-02 11:36:43,2025-10-02 11:36:43
2763,963,32,2025-12-28 23:40:57,2025-12-28 23:40:57,2025-12-28 23:40:57
2764,950,579,2025-11-15 10:09:43,2025-11-15 10:09:43,2025-11-15 10:09:43
2765,364,445,2025-07-09 20:40:45,2025-07-09 20:40:45,2025-07-09 20:40:45
2766,71,200,2026-02-01 02:20:16,2026-02-01 02:20:16,2026-02-01 02:20:16
2767,955,539,2026-01-16 10:44:03,2026-01-16 10:44:03,2026-01-16 10:44:03
2768,504,39,2025-06-19 21:10:22,2025-06-19 21:10:22,2025-06-19 21:10:22
2769,828,354,2025-07-13 16:08:32,2025-07-13 16:08:32,2025-07-13 16:08:32
2770,535,81,2025-07-30 05:35:02,2025-07-30 05:35:02,2025-07-30 05:35:02
2771,444,507,2026-02-05 19:10:54,2026-02-05 19:10:54,2026-02-05 19:10:54
2772,55,366,2025-06-12 14:57:15,2025-06-12 14:57:15,2025-06-12 14:57:15
2773,73,65,2025-08-17 21:53:21,2025-08-17 21:53:21,2025-08-17 21:53:21
2774,501,371,2026-05-31 23:25:27,2026-05-31 23:25:27,2026-05-31 23:25:27
2775,361,418,2025-11-28 21:15:31,2025-11-28 21:15:31,2025-11-28 21:15:31
2776,155,272,2025-09-01 12:37:46,2025-09-01 12:37:46,2025-09-01 12:37:46
2777,812,283,2025-12-08 09:49:14,2025-12-08 09:49:14,2025-12-08 09:49:14
2778,815,381,2026-01-24 16:22:17,2026-01-24 16:22:17,2026-01-24 16:22:17
2779,826,276,2025-12-22 22:14:20,2025-12-22 22:14:20,2025-12-22 22:14:20
2780,841,434,2026-03-30 20:32:28,2026-03-30 20:32:28,2026-03-30 20:32:28
2781,658,45,2026-05-09 20:35:30,2026-05-09 20:35:30,2026-05-09 20:35:30
2782,981,48,2025-08-25 12:38:02,2025-08-25 12:38:02,2025-08-25 12:38:02
2783,225,38,2025-07-24 03:51:37,2025-07-24 03:51:37,2025-07-24 03:51:37
2784,259,375,2026-04-16 12:19:54,2026-04-16 12:19:54,2026-04-16 12:19:54
2785,255,415,2025-10-17 23:49:07,2025-10-17 23:49:07,2025-10-17 23:49:07
2786,192,545,2025-07-04 15:52:18,2025-07-04 15:52:18,2025-07-04 15:52:18
2787,472,192,2025-10-14 03:33:48,2025-10-14 03:33:48,2025-10-14 03:33:48
2788,543,350,2025-10-17 08:31:31,2025-10-17 08:31:31,2025-10-17 08:31:31
2789,411,173,2025-11-22 22:39:03,2025-11-22 22:39:03,2025-11-22 22:39:03
2790,790,289,2026-05-07 08:24:43,2026-05-07 08:24:43,2026-05-07 08:24:43
2791,408,43,2026-05-27 15:56:20,2026-05-27 15:56:20,2026-05-27 15:56:20
2792,417,259,2025-07-17 17:15:39,2025-07-17 17:15:39,2025-07-17 17:15:39
2793,24,188,2026-01-20 00:36:29,2026-01-20 00:36:29,2026-01-20 00:36:29
2794,930,324,2026-01-14 03:55:18,2026-01-14 03:55:18,2026-01-14 03:55:18
2795,309,333,2026-03-02 17:19:09,2026-03-02 17:19:09,2026-03-02 17:19:09
2796,611,519,2026-03-29 21:00:25,2026-03-29 21:00:25,2026-03-29 21:00:25
2797,942,287,2026-05-25 14:43:04,2026-05-25 14:43:04,2026-05-25 14:43:04
2798,868,247,2026-03-22 18:58:35,2026-03-22 18:58:35,2026-03-22 18:58:35
2799,5,23,2025-10-26 19:17:54,2025-10-26 19:17:54,2025-10-26 19:17:54
2800,192,126,2026-02-10 20:26:50,2026-02-10 20:26:50,2026-02-10 20:26:50
